{"type": "FeatureCollection", "features": [{"type": "Feature", "geometry": {"type": "LineString", "coordinates": [[-9.063156635172305, 62.16643300349607], [-9.044346664555718, 62.17535742099142]]}, "properties": {"source": "2780082", "target": "2811318"}}, {"type": "Feature", "geometry": {"type": "LineString", "coordinates": [[-9.024512837431615, 62.17724285912645], [-9.066808980795457, 62.163235085327]]}, "properties": {"source": "16065328", "target": "21426545"}}, {"type": "Feature", "geometry": {"type": "LineString", "coordinates": [[-9.024512837431615, 62.17724285912645], [-9.066647213069757, 62.16059709336146]]}, "properties": {"source": "16065328", "target": "16093014"}}, {"type": "Feature", "geometry": {"type": "LineString", "coordinates": [[-9.02157288119733, 62.18242345469157], [-9.022426969279138, 62.18094483409132]]}, "properties": {"source": "252290", "target": "7686741"}}, {"type": "Feature", "geometry": {"type": "LineString", "coordinates": [[-9.02157288119733, 62.18242345469157], [-9.032091455068922, 62.161402283144994]]}, "properties": {"source": "252290", "target": "8315757"}}, {"type": "Feature", "geometry": {"type": "LineString", "coordinates": [[-9.02157288119733, 62.18242345469157], [-9.048567840123269, 62.180199227546694]]}, "properties": {"source": "252290", "target": "2754195"}}, {"type": "Feature", "geometry": {"type": "LineString", "coordinates": [[-9.02157288119733, 62.18242345469157], [-9.027085561681986, 62.1806410280461]]}, "properties": {"source": "252290", "target": "2798746"}}, {"type": "Feature", "geometry": {"type": "LineString", "coordinates": [[-9.02157288119733, 62.18242345469157], [-9.083434643837109, 62.180950215942474]]}, "properties": {"source": "252290", "target": "8088961"}}, {"type": "Feature", "geometry": {"type": "LineString", "coordinates": [[-9.02157288119733, 62.18242345469157], [-9.065876372682766, 62.163748113992995]]}, "properties": {"source": "252290", "target": "46378"}}, {"type": "Feature", "geometry": {"type": "LineString", "coordinates": [[-9.02258584070131, 62.180105768051945], [-9.02376911942531, 62.17082769567375]]}, "properties": {"source": "3140189", "target": "106791"}}, {"type": "Feature", "geometry": {"type": "LineString", "coordinates": [[-9.02258584070131, 62.180105768051945], [-9.070057444047677, 62.16684240304329]]}, "properties": {"source": "3140189", "target": "31822209"}}, {"type": "Feature", "geometry": {"type": "LineString", "coordinates": [[-9.02258584070131, 62.180105768051945], [-9.032211227080325, 62.1695952770926]]}, "properties": {"source": "3140189", "target": "4614621"}}, {"type": "Feature", "geometry": {"type": "LineString", "coordinates": [[-9.02258584070131, 62.180105768051945], [-9.028748656081461, 62.177764523825104]]}, "properties": {"source": "3140189", "target": "4329568"}}, {"type": "Feature", "geometry": {"type": "LineString", "coordinates": [[-9.02258584070131, 62.180105768051945], [-9.034724032369269, 62.1753085186175]]}, "properties": {"source": "3140189", "target": "2957384"}}, {"type": "Feature", "geometry": {"type": "LineString", "coordinates": [[-9.02258584070131, 62.180105768051945], [-9.063156635172305, 62.16643300349607]]}, "properties": {"source": "3140189", "target": "2780082"}}, {"type": "Feature", "geometry": {"type": "LineString", "coordinates": [[-9.078051170232271, 62.16307183206558], [-9.030342754443296, 62.16111036722694]]}, "properties": {"source": "2168023", "target": "23595474"}}, {"type": "Feature", "geometry": {"type": "LineString", "coordinates": [[-9.026974254320947, 62.1651161957856], [-9.02713070080793, 62.16073308635718]]}, "properties": {"source": "18517433", "target": "1841278"}}, {"type": "Feature", "geometry": {"type": "LineString", "coordinates": [[-9.02527852167421, 62.17672011964271], [-9.023205004332567, 62.174561038311]]}, "properties": {"source": "6715843", "target": "7114105"}}, {"type": "Feature", "geometry": {"type": "LineString", "coordinates": [[-9.02527852167421, 62.17672011964271], [-9.04379668607578, 62.180801349837964]]}, "properties": {"source": "6715843", "target": "4937599"}}, {"type": "Feature", "geometry": {"type": "LineString", "coordinates": [[-9.02527852167421, 62.17672011964271], [-9.033615898567689, 62.17322393136233]]}, "properties": {"source": "6715843", "target": "4937603"}}, {"type": "Feature", "geometry": {"type": "LineString", "coordinates": [[-9.02527852167421, 62.17672011964271], [-9.067297136340898, 62.17646399647114]]}, "properties": {"source": "6715843", "target": "6680719"}}, {"type": "Feature", "geometry": {"type": "LineString", "coordinates": [[-9.02527852167421, 62.17672011964271], [-9.060656186933414, 62.1617695108512]]}, "properties": {"source": "6715843", "target": "7645593"}}, {"type": "Feature", "geometry": {"type": "LineString", "coordinates": [[-9.02527852167421, 62.17672011964271], [-9.073683794163742, 62.16914501682223]]}, "properties": {"source": "6715843", "target": "71383"}}, {"type": "Feature", "geometry": {"type": "LineString", "coordinates": [[-9.02527852167421, 62.17672011964271], [-9.073980112166879, 62.167997501951916]]}, "properties": {"source": "6715843", "target": "7810827"}}, {"type": "Feature", "geometry": {"type": "LineString", "coordinates": [[-9.02527852167421, 62.17672011964271], [-9.04546025219068, 62.182174549491094]]}, "properties": {"source": "6715843", "target": "5989470"}}, {"type": "Feature", "geometry": {"type": "LineString", "coordinates": [[-9.054104519030801, 62.16460915479584], [-9.047649024255293, 62.171985183507246]]}, "properties": {"source": "2518452", "target": "1414865"}}, {"type": "Feature", "geometry": {"type": "LineString", "coordinates": [[-9.054104519030801, 62.16460915479584], [-9.081707061043318, 62.168016071488935]]}, "properties": {"source": "2518452", "target": "22732258"}}, {"type": "Feature", "geometry": {"type": "LineString", "coordinates": [[-9.083434643837109, 62.180950215942474], [-9.032091455068922, 62.161402283144994]]}, "properties": {"source": "8088961", "target": "8315757"}}, {"type": "Feature", "geometry": {"type": "LineString", "coordinates": [[-9.083434643837109, 62.180950215942474], [-9.065876372682766, 62.163748113992995]]}, "properties": {"source": "8088961", "target": "46378"}}, {"type": "Feature", "geometry": {"type": "LineString", "coordinates": [[-9.083434643837109, 62.180950215942474], [-9.070903997170007, 62.16257456207529]]}, "properties": {"source": "8088961", "target": "1546627"}}, {"type": "Feature", "geometry": {"type": "LineString", "coordinates": [[-9.083434643837109, 62.180950215942474], [-9.066553993236312, 62.17435596932741]]}, "properties": {"source": "8088961", "target": "1762154"}}, {"type": "Feature", "geometry": {"type": "LineString", "coordinates": [[-9.083434643837109, 62.180950215942474], [-9.0852112599228, 62.16298351332904]]}, "properties": {"source": "8088961", "target": "91703"}}, {"type": "Feature", "geometry": {"type": "LineString", "coordinates": [[-9.074638749361043, 62.16922229279196], [-9.070057444047677, 62.16684240304329]]}, "properties": {"source": "1134819", "target": "31822209"}}, {"type": "Feature", "geometry": {"type": "LineString", "coordinates": [[-9.074638749361043, 62.16922229279196], [-9.074144308705229, 62.174098183460856]]}, "properties": {"source": "1134819", "target": "1134818"}}, {"type": "Feature", "geometry": {"type": "LineString", "coordinates": [[-9.07161539775359, 62.160461438516094], [-9.054906687780061, 62.17389234337672]]}, "properties": {"source": "1666147", "target": "8167523"}}, {"type": "Feature", "geometry": {"type": "LineString", "coordinates": [[-9.07161539775359, 62.160461438516094], [-9.055613590394842, 62.17853849946475]]}, "properties": {"source": "1666147", "target": "219261"}}, {"type": "Feature", "geometry": {"type": "LineString", "coordinates": [[-9.07161539775359, 62.160461438516094], [-9.052104378165978, 62.172842761439384]]}, "properties": {"source": "1666147", "target": "1712673"}}, {"type": "Feature", "geometry": {"type": "LineString", "coordinates": [[-9.07161539775359, 62.160461438516094], [-9.042455892256726, 62.17180928503383]]}, "properties": {"source": "1666147", "target": "19504922"}}, {"type": "Feature", "geometry": {"type": "LineString", "coordinates": [[-9.032102311093439, 62.175127320389834], [-9.076958425305236, 62.16556687411213]]}, "properties": {"source": "2554040", "target": "21462992"}}, {"type": "Feature", "geometry": {"type": "LineString", "coordinates": [[-9.032102311093439, 62.175127320389834], [-9.034968801275994, 62.180499363697635]]}, "properties": {"source": "2554040", "target": "257073"}}, {"type": "Feature", "geometry": {"type": "LineString", "coordinates": [[-9.032102311093439, 62.175127320389834], [-9.044346664555718, 62.17535742099142]]}, "properties": {"source": "2554040", "target": "2811318"}}, {"type": "Feature", "geometry": {"type": "LineString", "coordinates": [[-9.076807947330423, 62.169931998998976], [-9.05836167293225, 62.180667440467786]]}, "properties": {"source": "3969", "target": "35122986"}}, {"type": "Feature", "geometry": {"type": "LineString", "coordinates": [[-9.076807947330423, 62.169931998998976], [-9.02921732537601, 62.16807965799849]]}, "properties": {"source": "3969", "target": "10957912"}}, {"type": "Feature", "geometry": {"type": "LineString", "coordinates": [[-9.076807947330423, 62.169931998998976], [-9.026450958629965, 62.182195818646406]]}, "properties": {"source": "3969", "target": "33184737"}}, {"type": "Feature", "geometry": {"type": "LineString", "coordinates": [[-9.04525762612704, 62.17709525151601], [-9.06118410107905, 62.18100805349947]]}, "properties": {"source": "7450959", "target": "3362627"}}, {"type": "Feature", "geometry": {"type": "LineString", "coordinates": [[-9.04525762612704, 62.17709525151601], [-9.054104519030801, 62.16460915479584]]}, "properties": {"source": "7450959", "target": "2518452"}}, {"type": "Feature", "geometry": {"type": "LineString", "coordinates": [[-9.04525762612704, 62.17709525151601], [-9.06162571430005, 62.17631565840273]]}, "properties": {"source": "7450959", "target": "68491"}}, {"type": "Feature", "geometry": {"type": "LineString", "coordinates": [[-9.04525762612704, 62.17709525151601], [-9.070010355200935, 62.16105960473152]]}, "properties": {"source": "7450959", "target": "5623572"}}, {"type": "Feature", "geometry": {"type": "LineString", "coordinates": [[-9.044527074950707, 62.17832108163485], [-9.048729181233966, 62.160966061842984]]}, "properties": {"source": "892326", "target": "3039856"}}, {"type": "Feature", "geometry": {"type": "LineString", "coordinates": [[-9.044527074950707, 62.17832108163485], [-9.050489036896494, 62.182045773100626]]}, "properties": {"source": "892326", "target": "6745082"}}, {"type": "Feature", "geometry": {"type": "LineString", "coordinates": [[-9.044527074950707, 62.17832108163485], [-9.026541353081285, 62.181977921967984]]}, "properties": {"source": "892326", "target": "892327"}}, {"type": "Feature", "geometry": {"type": "LineString", "coordinates": [[-9.044527074950707, 62.17832108163485], [-9.08044175429771, 62.17812779159132]]}, "properties": {"source": "892326", "target": "515800"}}, {"type": "Feature", "geometry": {"type": "LineString", "coordinates": [[-9.044527074950707, 62.17832108163485], [-9.054906687780061, 62.17389234337672]]}, "properties": {"source": "892326", "target": "8167523"}}, {"type": "Feature", "geometry": {"type": "LineString", "coordinates": [[-9.044527074950707, 62.17832108163485], [-9.04525762612704, 62.17709525151601]]}, "properties": {"source": "892326", "target": "7450959"}}, {"type": "Feature", "geometry": {"type": "LineString", "coordinates": [[-9.044527074950707, 62.17832108163485], [-9.06162571430005, 62.17631565840273]]}, "properties": {"source": "892326", "target": "68491"}}, {"type": "Feature", "geometry": {"type": "LineString", "coordinates": [[-9.044527074950707, 62.17832108163485], [-9.074638749361043, 62.16922229279196]]}, "properties": {"source": "892326", "target": "1134819"}}, {"type": "Feature", "geometry": {"type": "LineString", "coordinates": [[-9.044527074950707, 62.17832108163485], [-9.074144308705229, 62.174098183460856]]}, "properties": {"source": "892326", "target": "1134818"}}, {"type": "Feature", "geometry": {"type": "LineString", "coordinates": [[-9.05099885550203, 62.17284652645182], [-9.034968801275994, 62.180499363697635]]}, "properties": {"source": "2777614", "target": "257073"}}, {"type": "Feature", "geometry": {"type": "LineString", "coordinates": [[-9.05099885550203, 62.17284652645182], [-9.059250830610836, 62.16851018594757]]}, "properties": {"source": "2777614", "target": "28639282"}}, {"type": "Feature", "geometry": {"type": "LineString", "coordinates": [[-9.05099885550203, 62.17284652645182], [-9.02376911942531, 62.17082769567375]]}, "properties": {"source": "2777614", "target": "106791"}}, {"type": "Feature", "geometry": {"type": "LineString", "coordinates": [[-9.05099885550203, 62.17284652645182], [-9.070057444047677, 62.16684240304329]]}, "properties": {"source": "2777614", "target": "31822209"}}, {"type": "Feature", "geometry": {"type": "LineString", "coordinates": [[-9.05099885550203, 62.17284652645182], [-9.08299230767355, 62.16315027762178]]}, "properties": {"source": "2777614", "target": "1214414"}}, {"type": "Feature", "geometry": {"type": "LineString", "coordinates": [[-9.05480638709966, 62.16768816188241], [-9.071793141758377, 62.16273567715916]]}, "properties": {"source": "27073296", "target": "2777913"}}, {"type": "Feature", "geometry": {"type": "LineString", "coordinates": [[-9.05480638709966, 62.16768816188241], [-9.029604346290881, 62.16075249002863]]}, "properties": {"source": "27073296", "target": "3140185"}}, {"type": "Feature", "geometry": {"type": "LineString", "coordinates": [[-9.022426969279138, 62.18094483409132], [-9.066553993236312, 62.17435596932741]]}, "properties": {"source": "7686741", "target": "1762154"}}, {"type": "Feature", "geometry": {"type": "LineString", "coordinates": [[-9.022426969279138, 62.18094483409132], [-9.03188870455591, 62.16956512842995]]}, "properties": {"source": "7686741", "target": "1572057"}}, {"type": "Feature", "geometry": {"type": "LineString", "coordinates": [[-9.022426969279138, 62.18094483409132], [-9.0852112599228, 62.16298351332904]]}, "properties": {"source": "7686741", "target": "91703"}}, {"type": "Feature", "geometry": {"type": "LineString", "coordinates": [[-9.022426969279138, 62.18094483409132], [-9.079180794504623, 62.17690633759234]]}, "properties": {"source": "7686741", "target": "232388"}}, {"type": "Feature", "geometry": {"type": "LineString", "coordinates": [[-9.044978048421115, 62.1622743230275], [-9.05711588108261, 62.16192257276043]]}, "properties": {"source": "2778011", "target": "3126153"}}, {"type": "Feature", "geometry": {"type": "LineString", "coordinates": [[-9.044978048421115, 62.1622743230275], [-9.03188870455591, 62.16956512842995]]}, "properties": {"source": "2778011", "target": "1572057"}}, {"type": "Feature", "geometry": {"type": "LineString", "coordinates": [[-9.044978048421115, 62.1622743230275], [-9.028458184675003, 62.16190430697816]]}, "properties": {"source": "2778011", "target": "24875293"}}, {"type": "Feature", "geometry": {"type": "LineString", "coordinates": [[-9.044978048421115, 62.1622743230275], [-9.079180794504623, 62.17690633759234]]}, "properties": {"source": "2778011", "target": "232388"}}, {"type": "Feature", "geometry": {"type": "LineString", "coordinates": [[-9.044978048421115, 62.1622743230275], [-9.067118091937175, 62.168682115768135]]}, "properties": {"source": "2778011", "target": "16150935"}}, {"type": "Feature", "geometry": {"type": "LineString", "coordinates": [[-9.067453404667134, 62.16449052931789], [-9.086074733507132, 62.16404713824187]]}, "properties": {"source": "106789", "target": "106776"}}, {"type": "Feature", "geometry": {"type": "LineString", "coordinates": [[-9.067453404667134, 62.16449052931789], [-9.08299230767355, 62.16315027762178]]}, "properties": {"source": "106789", "target": "1214414"}}, {"type": "Feature", "geometry": {"type": "LineString", "coordinates": [[-9.026598074603243, 62.172881627587714], [-9.059250830610836, 62.16851018594757]]}, "properties": {"source": "2271134", "target": "28639282"}}, {"type": "Feature", "geometry": {"type": "LineString", "coordinates": [[-9.026598074603243, 62.172881627587714], [-9.050954218003199, 62.166507688815514]]}, "properties": {"source": "2271134", "target": "2271128"}}, {"type": "Feature", "geometry": {"type": "LineString", "coordinates": [[-9.063156635172305, 62.16643300349607], [-9.056097313023173, 62.16396383779136]]}, "properties": {"source": "2780082", "target": "33187497"}}, {"type": "Feature", "geometry": {"type": "LineString", "coordinates": [[-9.063156635172305, 62.16643300349607], [-9.05467528141719, 62.17715149498275]]}, "properties": {"source": "2780082", "target": "3140171"}}, {"type": "Feature", "geometry": {"type": "LineString", "coordinates": [[-9.063156635172305, 62.16643300349607], [-9.021690700773036, 62.17697749493685]]}, "properties": {"source": "2780082", "target": "30056942"}}, {"type": "Feature", "geometry": {"type": "LineString", "coordinates": [[-9.071793141758377, 62.16273567715916], [-9.079180794504623, 62.17690633759234]]}, "properties": {"source": "2777913", "target": "232388"}}, {"type": "Feature", "geometry": {"type": "LineString", "coordinates": [[-9.083054445843288, 62.16962201569588], [-9.026541353081285, 62.181977921967984]]}, "properties": {"source": "6623221", "target": "892327"}}, {"type": "Feature", "geometry": {"type": "LineString", "coordinates": [[-9.083054445843288, 62.16962201569588], [-9.06118410107905, 62.18100805349947]]}, "properties": {"source": "6623221", "target": "3362627"}}, {"type": "Feature", "geometry": {"type": "LineString", "coordinates": [[-9.083054445843288, 62.16962201569588], [-9.054104519030801, 62.16460915479584]]}, "properties": {"source": "6623221", "target": "2518452"}}, {"type": "Feature", "geometry": {"type": "LineString", "coordinates": [[-9.083054445843288, 62.16962201569588], [-9.04525762612704, 62.17709525151601]]}, "properties": {"source": "6623221", "target": "7450959"}}, {"type": "Feature", "geometry": {"type": "LineString", "coordinates": [[-9.083054445843288, 62.16962201569588], [-9.070010355200935, 62.16105960473152]]}, "properties": {"source": "6623221", "target": "5623572"}}, {"type": "Feature", "geometry": {"type": "LineString", "coordinates": [[-9.083054445843288, 62.16962201569588], [-9.044527074950707, 62.17832108163485]]}, "properties": {"source": "6623221", "target": "892326"}}, {"type": "Feature", "geometry": {"type": "LineString", "coordinates": [[-9.083054445843288, 62.16962201569588], [-9.060084199402638, 62.16069906212566]]}, "properties": {"source": "6623221", "target": "1414871"}}, {"type": "Feature", "geometry": {"type": "LineString", "coordinates": [[-9.083054445843288, 62.16962201569588], [-9.078548975290346, 62.172113091155]]}, "properties": {"source": "6623221", "target": "1414870"}}, {"type": "Feature", "geometry": {"type": "LineString", "coordinates": [[-9.07376931829208, 62.17797592059564], [-9.059250830610836, 62.16851018594757]]}, "properties": {"source": "2271131", "target": "28639282"}}, {"type": "Feature", "geometry": {"type": "LineString", "coordinates": [[-9.07376931829208, 62.17797592059564], [-9.081391163350787, 62.17600339524522]]}, "properties": {"source": "2271131", "target": "2811093"}}, {"type": "Feature", "geometry": {"type": "LineString", "coordinates": [[-9.07376931829208, 62.17797592059564], [-9.026598074603243, 62.172881627587714]]}, "properties": {"source": "2271131", "target": "2271134"}}, {"type": "Feature", "geometry": {"type": "LineString", "coordinates": [[-9.07376931829208, 62.17797592059564], [-9.038794753479351, 62.160741096916794]]}, "properties": {"source": "2271131", "target": "2271130"}}, {"type": "Feature", "geometry": {"type": "LineString", "coordinates": [[-9.07376931829208, 62.17797592059564], [-9.050954218003199, 62.166507688815514]]}, "properties": {"source": "2271131", "target": "2271128"}}, {"type": "Feature", "geometry": {"type": "LineString", "coordinates": [[-9.080428182765075, 62.17224052938968], [-9.035244602089847, 62.1619640481113]]}, "properties": {"source": "568124", "target": "732432"}}, {"type": "Feature", "geometry": {"type": "LineString", "coordinates": [[-9.080428182765075, 62.17224052938968], [-9.067679815596023, 62.17862919059394]]}, "properties": {"source": "568124", "target": "1353"}}, {"type": "Feature", "geometry": {"type": "LineString", "coordinates": [[-9.020935084703694, 62.16402208618831], [-9.08044175429771, 62.17812779159132]]}, "properties": {"source": "68492", "target": "515800"}}, {"type": "Feature", "geometry": {"type": "LineString", "coordinates": [[-9.020935084703694, 62.16402208618831], [-9.054906687780061, 62.17389234337672]]}, "properties": {"source": "68492", "target": "8167523"}}, {"type": "Feature", "geometry": {"type": "LineString", "coordinates": [[-9.020935084703694, 62.16402208618831], [-9.035244602089847, 62.1619640481113]]}, "properties": {"source": "68492", "target": "732432"}}, {"type": "Feature", "geometry": {"type": "LineString", "coordinates": [[-9.020935084703694, 62.16402208618831], [-9.04525762612704, 62.17709525151601]]}, "properties": {"source": "68492", "target": "7450959"}}, {"type": "Feature", "geometry": {"type": "LineString", "coordinates": [[-9.020935084703694, 62.16402208618831], [-9.06162571430005, 62.17631565840273]]}, "properties": {"source": "68492", "target": "68491"}}, {"type": "Feature", "geometry": {"type": "LineString", "coordinates": [[-9.020935084703694, 62.16402208618831], [-9.070010355200935, 62.16105960473152]]}, "properties": {"source": "68492", "target": "5623572"}}, {"type": "Feature", "geometry": {"type": "LineString", "coordinates": [[-9.020935084703694, 62.16402208618831], [-9.044527074950707, 62.17832108163485]]}, "properties": {"source": "68492", "target": "892326"}}, {"type": "Feature", "geometry": {"type": "LineString", "coordinates": [[-9.020935084703694, 62.16402208618831], [-9.055613590394842, 62.17853849946475]]}, "properties": {"source": "68492", "target": "219261"}}, {"type": "Feature", "geometry": {"type": "LineString", "coordinates": [[-9.020935084703694, 62.16402208618831], [-9.055178178291868, 62.177965844416605]]}, "properties": {"source": "68492", "target": "7733431"}}, {"type": "Feature", "geometry": {"type": "LineString", "coordinates": [[-9.020935084703694, 62.16402208618831], [-9.032211227080325, 62.1695952770926]]}, "properties": {"source": "68492", "target": "4614621"}}, {"type": "Feature", "geometry": {"type": "LineString", "coordinates": [[-9.020935084703694, 62.16402208618831], [-9.043244558205572, 62.17453918342201]]}, "properties": {"source": "68492", "target": "7103428"}}, {"type": "Feature", "geometry": {"type": "LineString", "coordinates": [[-9.020935084703694, 62.16402208618831], [-9.028748656081461, 62.177764523825104]]}, "properties": {"source": "68492", "target": "4329568"}}, {"type": "Feature", "geometry": {"type": "LineString", "coordinates": [[-9.020935084703694, 62.16402208618831], [-9.074638749361043, 62.16922229279196]]}, "properties": {"source": "68492", "target": "1134819"}}, {"type": "Feature", "geometry": {"type": "LineString", "coordinates": [[-9.020935084703694, 62.16402208618831], [-9.081781452616667, 62.177260659507155]]}, "properties": {"source": "68492", "target": "26499602"}}, {"type": "Feature", "geometry": {"type": "LineString", "coordinates": [[-9.020935084703694, 62.16402208618831], [-9.074144308705229, 62.174098183460856]]}, "properties": {"source": "68492", "target": "1134818"}}, {"type": "Feature", "geometry": {"type": "LineString", "coordinates": [[-9.020935084703694, 62.16402208618831], [-9.063117667386138, 62.1674895079332]]}, "properties": {"source": "68492", "target": "702075"}}, {"type": "Feature", "geometry": {"type": "LineString", "coordinates": [[-9.056196844729925, 62.16375947894544], [-9.033621908443394, 62.17693679470294]]}, "properties": {"source": "15983341", "target": "1642461"}}, {"type": "Feature", "geometry": {"type": "LineString", "coordinates": [[-9.056196844729925, 62.16375947894544], [-9.022354272750476, 62.17744023709436]]}, "properties": {"source": "15983341", "target": "14905951"}}, {"type": "Feature", "geometry": {"type": "LineString", "coordinates": [[-9.031057122356799, 62.17049666846377], [-9.026255526290953, 62.18171420288644]]}, "properties": {"source": "1495649", "target": "1633425"}}, {"type": "Feature", "geometry": {"type": "LineString", "coordinates": [[-9.037499593678717, 62.17789358241073], [-9.044346664555718, 62.17535742099142]]}, "properties": {"source": "2203056", "target": "2811318"}}, {"type": "Feature", "geometry": {"type": "LineString", "coordinates": [[-9.037499593678717, 62.17789358241073], [-9.021888518625843, 62.17775488353088]]}, "properties": {"source": "2203056", "target": "3356259"}}, {"type": "Feature", "geometry": {"type": "LineString", "coordinates": [[-9.021888518625843, 62.17775488353088], [-9.044346664555718, 62.17535742099142]]}, "properties": {"source": "3356259", "target": "2811318"}}, {"type": "Feature", "geometry": {"type": "LineString", "coordinates": [[-9.052792814043329, 62.17949967345514], [-9.050682711761425, 62.16969314117891]]}, "properties": {"source": "20706908", "target": "17118815"}}, {"type": "Feature", "geometry": {"type": "LineString", "coordinates": [[-9.052792814043329, 62.17949967345514], [-9.04954751625948, 62.17906942343146]]}, "properties": {"source": "20706908", "target": "16219638"}}, {"type": "Feature", "geometry": {"type": "LineString", "coordinates": [[-9.079530726907052, 62.16561212835103], [-9.050682711761425, 62.16969314117891]]}, "properties": {"source": "8698244", "target": "17118815"}}, {"type": "Feature", "geometry": {"type": "LineString", "coordinates": [[-9.084395401159043, 62.169446081479336], [-9.079024793512502, 62.16472812319735]]}, "properties": {"source": "1940367", "target": "18599739"}}, {"type": "Feature", "geometry": {"type": "LineString", "coordinates": [[-9.081391163350787, 62.17600339524522], [-9.071793141758377, 62.16273567715916]]}, "properties": {"source": "2811093", "target": "2777913"}}, {"type": "Feature", "geometry": {"type": "LineString", "coordinates": [[-9.081391163350787, 62.17600339524522], [-9.029604346290881, 62.16075249002863]]}, "properties": {"source": "2811093", "target": "3140185"}}, {"type": "Feature", "geometry": {"type": "LineString", "coordinates": [[-9.081391163350787, 62.17600339524522], [-9.059250830610836, 62.16851018594757]]}, "properties": {"source": "2811093", "target": "28639282"}}, {"type": "Feature", "geometry": {"type": "LineString", "coordinates": [[-9.081391163350787, 62.17600339524522], [-9.026598074603243, 62.172881627587714]]}, "properties": {"source": "2811093", "target": "2271134"}}, {"type": "Feature", "geometry": {"type": "LineString", "coordinates": [[-9.081391163350787, 62.17600339524522], [-9.047335974448856, 62.17748034106505]]}, "properties": {"source": "2811093", "target": "530961"}}, {"type": "Feature", "geometry": {"type": "LineString", "coordinates": [[-9.073772293326613, 62.16122324894383], [-9.056097313023173, 62.16396383779136]]}, "properties": {"source": "43809", "target": "33187497"}}, {"type": "Feature", "geometry": {"type": "LineString", "coordinates": [[-9.078051170232271, 62.16307183206558], [-9.066808980795457, 62.163235085327]]}, "properties": {"source": "2168023", "target": "21426545"}}, {"type": "Feature", "geometry": {"type": "LineString", "coordinates": [[-9.078051170232271, 62.16307183206558], [-9.033666872110786, 62.182045423021634]]}, "properties": {"source": "2168023", "target": "25342343"}}, {"type": "Feature", "geometry": {"type": "LineString", "coordinates": [[-9.078051170232271, 62.16307183206558], [-9.076958425305236, 62.16556687411213]]}, "properties": {"source": "2168023", "target": "21462992"}}, {"type": "Feature", "geometry": {"type": "LineString", "coordinates": [[-9.078051170232271, 62.16307183206558], [-9.05099885550203, 62.17284652645182]]}, "properties": {"source": "2168023", "target": "2777614"}}, {"type": "Feature", "geometry": {"type": "LineString", "coordinates": [[-9.078051170232271, 62.16307183206558], [-9.033390743400759, 62.17171211886223]]}, "properties": {"source": "2168023", "target": "21462950"}}, {"type": "Feature", "geometry": {"type": "LineString", "coordinates": [[-9.078051170232271, 62.16307183206558], [-9.036241626904854, 62.165151592448936]]}, "properties": {"source": "2168023", "target": "2243660"}}, {"type": "Feature", "geometry": {"type": "LineString", "coordinates": [[-9.078051170232271, 62.16307183206558], [-9.057160320574127, 62.18052822837416]]}, "properties": {"source": "2168023", "target": "21462903"}}, {"type": "Feature", "geometry": {"type": "LineString", "coordinates": [[-9.078051170232271, 62.16307183206558], [-9.031757812041093, 62.175598579646234]]}, "properties": {"source": "2168023", "target": "23443412"}}, {"type": "Feature", "geometry": {"type": "LineString", "coordinates": [[-9.078051170232271, 62.16307183206558], [-9.034968801275994, 62.180499363697635]]}, "properties": {"source": "2168023", "target": "257073"}}, {"type": "Feature", "geometry": {"type": "LineString", "coordinates": [[-9.071146318342329, 62.18023617834665], [-9.078790771320143, 62.16627167076739]]}, "properties": {"source": "35898176", "target": "35017852"}}, {"type": "Feature", "geometry": {"type": "LineString", "coordinates": [[-9.071146318342329, 62.18023617834665], [-9.048729181233966, 62.160966061842984]]}, "properties": {"source": "35898176", "target": "3039856"}}, {"type": "Feature", "geometry": {"type": "LineString", "coordinates": [[-9.071146318342329, 62.18023617834665], [-9.050489036896494, 62.182045773100626]]}, "properties": {"source": "35898176", "target": "6745082"}}, {"type": "Feature", "geometry": {"type": "LineString", "coordinates": [[-9.071146318342329, 62.18023617834665], [-9.026541353081285, 62.181977921967984]]}, "properties": {"source": "35898176", "target": "892327"}}, {"type": "Feature", "geometry": {"type": "LineString", "coordinates": [[-9.071146318342329, 62.18023617834665], [-9.08044175429771, 62.17812779159132]]}, "properties": {"source": "35898176", "target": "515800"}}, {"type": "Feature", "geometry": {"type": "LineString", "coordinates": [[-9.071146318342329, 62.18023617834665], [-9.054906687780061, 62.17389234337672]]}, "properties": {"source": "35898176", "target": "8167523"}}, {"type": "Feature", "geometry": {"type": "LineString", "coordinates": [[-9.071146318342329, 62.18023617834665], [-9.06162571430005, 62.17631565840273]]}, "properties": {"source": "35898176", "target": "68491"}}, {"type": "Feature", "geometry": {"type": "LineString", "coordinates": [[-9.060706339454754, 62.17588041039967], [-9.048841807679167, 62.18123963601862]]}, "properties": {"source": "30056940", "target": "2777414"}}, {"type": "Feature", "geometry": {"type": "LineString", "coordinates": [[-9.060706339454754, 62.17588041039967], [-9.063156635172305, 62.16643300349607]]}, "properties": {"source": "30056940", "target": "2780082"}}, {"type": "Feature", "geometry": {"type": "LineString", "coordinates": [[-9.060706339454754, 62.17588041039967], [-9.036972979988889, 62.16539406956716]]}, "properties": {"source": "30056940", "target": "2777384"}}, {"type": "Feature", "geometry": {"type": "LineString", "coordinates": [[-9.076649336970917, 62.1751669512597], [-9.071793141758377, 62.16273567715916]]}, "properties": {"source": "23803502", "target": "2777913"}}, {"type": "Feature", "geometry": {"type": "LineString", "coordinates": [[-9.076649336970917, 62.1751669512597], [-9.029604346290881, 62.16075249002863]]}, "properties": {"source": "23803502", "target": "3140185"}}, {"type": "Feature", "geometry": {"type": "LineString", "coordinates": [[-9.076649336970917, 62.1751669512597], [-9.066808980795457, 62.163235085327]]}, "properties": {"source": "23803502", "target": "21426545"}}, {"type": "Feature", "geometry": {"type": "LineString", "coordinates": [[-9.076649336970917, 62.1751669512597], [-9.05099885550203, 62.17284652645182]]}, "properties": {"source": "23803502", "target": "2777614"}}, {"type": "Feature", "geometry": {"type": "LineString", "coordinates": [[-9.076649336970917, 62.1751669512597], [-9.030619017717214, 62.17918134320426]]}, "properties": {"source": "23803502", "target": "2777746"}}, {"type": "Feature", "geometry": {"type": "LineString", "coordinates": [[-9.076649336970917, 62.1751669512597], [-9.059250830610836, 62.16851018594757]]}, "properties": {"source": "23803502", "target": "28639282"}}, {"type": "Feature", "geometry": {"type": "LineString", "coordinates": [[-9.067297136340898, 62.17646399647114], [-9.073980112166879, 62.167997501951916]]}, "properties": {"source": "6680719", "target": "7810827"}}, {"type": "Feature", "geometry": {"type": "LineString", "coordinates": [[-9.067297136340898, 62.17646399647114], [-9.04546025219068, 62.182174549491094]]}, "properties": {"source": "6680719", "target": "5989470"}}, {"type": "Feature", "geometry": {"type": "LineString", "coordinates": [[-9.067297136340898, 62.17646399647114], [-9.045602149428987, 62.16827668240349]]}, "properties": {"source": "6680719", "target": "7965082"}}, {"type": "Feature", "geometry": {"type": "LineString", "coordinates": [[-9.067297136340898, 62.17646399647114], [-9.056943894916884, 62.17979861304032]]}, "properties": {"source": "6680719", "target": "6720157"}}, {"type": "Feature", "geometry": {"type": "LineString", "coordinates": [[-9.067297136340898, 62.17646399647114], [-9.04485301955981, 62.16306812528819]]}, "properties": {"source": "6680719", "target": "6878886"}}, {"type": "Feature", "geometry": {"type": "LineString", "coordinates": [[-9.044527074950707, 62.17832108163485], [-9.078790771320143, 62.16627167076739]]}, "properties": {"source": "892326", "target": "35017852"}}, {"type": "Feature", "geometry": {"type": "LineString", "coordinates": [[-9.067297136340898, 62.17646399647114], [-9.038344320751747, 62.17730238874525]]}, "properties": {"source": "6680719", "target": "10213276"}}, {"type": "Feature", "geometry": {"type": "LineString", "coordinates": [[-9.035893363676252, 62.16538255086404], [-9.076649336970917, 62.1751669512597]]}, "properties": {"source": "10229414", "target": "23803502"}}, {"type": "Feature", "geometry": {"type": "LineString", "coordinates": [[-9.035893363676252, 62.16538255086404], [-9.054035689313338, 62.16765705575595]]}, "properties": {"source": "10229414", "target": "4724285"}}, {"type": "Feature", "geometry": {"type": "LineString", "coordinates": [[-9.053189396526363, 62.17439608640207], [-9.066808980795457, 62.163235085327]]}, "properties": {"source": "2001424", "target": "21426545"}}, {"type": "Feature", "geometry": {"type": "LineString", "coordinates": [[-9.053189396526363, 62.17439608640207], [-9.066789012276331, 62.16692154879752]]}, "properties": {"source": "2001424", "target": "16090691"}}, {"type": "Feature", "geometry": {"type": "LineString", "coordinates": [[-9.053189396526363, 62.17439608640207], [-9.024512837431615, 62.17724285912645]]}, "properties": {"source": "2001424", "target": "16065328"}}, {"type": "Feature", "geometry": {"type": "LineString", "coordinates": [[-9.053189396526363, 62.17439608640207], [-9.036919210599109, 62.17687074595078]]}, "properties": {"source": "2001424", "target": "16039948"}}, {"type": "Feature", "geometry": {"type": "LineString", "coordinates": [[-9.053189396526363, 62.17439608640207], [-9.068824898767474, 62.16748365404017]]}, "properties": {"source": "2001424", "target": "16028332"}}, {"type": "Feature", "geometry": {"type": "LineString", "coordinates": [[-9.068778708560046, 62.179223771051255], [-9.020935084703694, 62.16402208618831]]}, "properties": {"source": "6422073", "target": "68492"}}, {"type": "Feature", "geometry": {"type": "LineString", "coordinates": [[-9.068778708560046, 62.179223771051255], [-9.055178178291868, 62.177965844416605]]}, "properties": {"source": "6422073", "target": "7733431"}}, {"type": "Feature", "geometry": {"type": "LineString", "coordinates": [[-9.021726763203077, 62.16651679489752], [-9.063501474558336, 62.161229165391674]]}, "properties": {"source": "29979972", "target": "1421116"}}, {"type": "Feature", "geometry": {"type": "LineString", "coordinates": [[-9.021726763203077, 62.16651679489752], [-9.062444877243308, 62.17017744733734]]}, "properties": {"source": "29979972", "target": "1241937"}}, {"type": "Feature", "geometry": {"type": "LineString", "coordinates": [[-9.021726763203077, 62.16651679489752], [-9.047335974448856, 62.17748034106505]]}, "properties": {"source": "29979972", "target": "530961"}}, {"type": "Feature", "geometry": {"type": "LineString", "coordinates": [[-9.021726763203077, 62.16651679489752], [-9.025911128355602, 62.173890436082075]]}, "properties": {"source": "29979972", "target": "6184072"}}, {"type": "Feature", "geometry": {"type": "LineString", "coordinates": [[-9.076342107191891, 62.17884699946491], [-9.071793141758377, 62.16273567715916]]}, "properties": {"source": "30008298", "target": "2777913"}}, {"type": "Feature", "geometry": {"type": "LineString", "coordinates": [[-9.076342107191891, 62.17884699946491], [-9.029604346290881, 62.16075249002863]]}, "properties": {"source": "30008298", "target": "3140185"}}, {"type": "Feature", "geometry": {"type": "LineString", "coordinates": [[-9.076342107191891, 62.17884699946491], [-9.05099885550203, 62.17284652645182]]}, "properties": {"source": "30008298", "target": "2777614"}}, {"type": "Feature", "geometry": {"type": "LineString", "coordinates": [[-9.048841807679167, 62.18123963601862], [-9.050682711761425, 62.16969314117891]]}, "properties": {"source": "2777414", "target": "17118815"}}, {"type": "Feature", "geometry": {"type": "LineString", "coordinates": [[-9.048841807679167, 62.18123963601862], [-9.036972979988889, 62.16539406956716]]}, "properties": {"source": "2777414", "target": "2777384"}}, {"type": "Feature", "geometry": {"type": "LineString", "coordinates": [[-9.048841807679167, 62.18123963601862], [-9.069347580135798, 62.17190274506524]]}, "properties": {"source": "2777414", "target": "1604332"}}, {"type": "Feature", "geometry": {"type": "LineString", "coordinates": [[-9.067453404667134, 62.16449052931789], [-9.02376911942531, 62.17082769567375]]}, "properties": {"source": "106789", "target": "106791"}}, {"type": "Feature", "geometry": {"type": "LineString", "coordinates": [[-9.067453404667134, 62.16449052931789], [-9.054137473393922, 62.164108247096806]]}, "properties": {"source": "106789", "target": "106786"}}, {"type": "Feature", "geometry": {"type": "LineString", "coordinates": [[-9.067453404667134, 62.16449052931789], [-9.053794424198799, 62.17472309274915]]}, "properties": {"source": "106789", "target": "106756"}}, {"type": "Feature", "geometry": {"type": "LineString", "coordinates": [[-9.067453404667134, 62.16449052931789], [-9.023000374984463, 62.163489086239764]]}, "properties": {"source": "106789", "target": "106778"}}, {"type": "Feature", "geometry": {"type": "LineString", "coordinates": [[-9.067453404667134, 62.16449052931789], [-9.032990258352982, 62.177000848700956]]}, "properties": {"source": "106789", "target": "106769"}}, {"type": "Feature", "geometry": {"type": "LineString", "coordinates": [[-9.067453404667134, 62.16449052931789], [-9.04218462581025, 62.179774542117016]]}, "properties": {"source": "106789", "target": "106751"}}, {"type": "Feature", "geometry": {"type": "LineString", "coordinates": [[-9.0250943767264, 62.18244878903158], [-9.055613590394842, 62.17853849946475]]}, "properties": {"source": "219259", "target": "219261"}}, {"type": "Feature", "geometry": {"type": "LineString", "coordinates": [[-9.0250943767264, 62.18244878903158], [-9.074638749361043, 62.16922229279196]]}, "properties": {"source": "219259", "target": "1134819"}}, {"type": "Feature", "geometry": {"type": "LineString", "coordinates": [[-9.0250943767264, 62.18244878903158], [-9.074144308705229, 62.174098183460856]]}, "properties": {"source": "219259", "target": "1134818"}}, {"type": "Feature", "geometry": {"type": "LineString", "coordinates": [[-9.051054031209333, 62.18098686717899], [-9.070532503194784, 62.179769384090065]]}, "properties": {"source": "29243", "target": "9872110"}}, {"type": "Feature", "geometry": {"type": "LineString", "coordinates": [[-9.051054031209333, 62.18098686717899], [-9.07113321526461, 62.176846479282474]]}, "properties": {"source": "29243", "target": "1264414"}}, {"type": "Feature", "geometry": {"type": "LineString", "coordinates": [[-9.051054031209333, 62.18098686717899], [-9.021456599873716, 62.17585768380883]]}, "properties": {"source": "29243", "target": "1917360"}}, {"type": "Feature", "geometry": {"type": "LineString", "coordinates": [[-9.051054031209333, 62.18098686717899], [-9.040200624364047, 62.162890603421545]]}, "properties": {"source": "29243", "target": "9931530"}}, {"type": "Feature", "geometry": {"type": "LineString", "coordinates": [[-9.033621908443394, 62.17693679470294], [-9.048729181233966, 62.160966061842984]]}, "properties": {"source": "1642461", "target": "3039856"}}, {"type": "Feature", "geometry": {"type": "LineString", "coordinates": [[-9.033621908443394, 62.17693679470294], [-9.050489036896494, 62.182045773100626]]}, "properties": {"source": "1642461", "target": "6745082"}}, {"type": "Feature", "geometry": {"type": "LineString", "coordinates": [[-9.033621908443394, 62.17693679470294], [-9.08044175429771, 62.17812779159132]]}, "properties": {"source": "1642461", "target": "515800"}}, {"type": "Feature", "geometry": {"type": "LineString", "coordinates": [[-9.033621908443394, 62.17693679470294], [-9.054906687780061, 62.17389234337672]]}, "properties": {"source": "1642461", "target": "8167523"}}, {"type": "Feature", "geometry": {"type": "LineString", "coordinates": [[-9.033621908443394, 62.17693679470294], [-9.052104378165978, 62.172842761439384]]}, "properties": {"source": "1642461", "target": "1712673"}}, {"type": "Feature", "geometry": {"type": "LineString", "coordinates": [[-9.033621908443394, 62.17693679470294], [-9.042455892256726, 62.17180928503383]]}, "properties": {"source": "1642461", "target": "19504922"}}, {"type": "Feature", "geometry": {"type": "LineString", "coordinates": [[-9.033621908443394, 62.17693679470294], [-9.022354272750476, 62.17744023709436]]}, "properties": {"source": "1642461", "target": "14905951"}}, {"type": "Feature", "geometry": {"type": "LineString", "coordinates": [[-9.084395401159043, 62.169446081479336], [-9.066808980795457, 62.163235085327]]}, "properties": {"source": "1940367", "target": "21426545"}}, {"type": "Feature", "geometry": {"type": "LineString", "coordinates": [[-9.084395401159043, 62.169446081479336], [-9.076958425305236, 62.16556687411213]]}, "properties": {"source": "1940367", "target": "21462992"}}, {"type": "Feature", "geometry": {"type": "LineString", "coordinates": [[-9.084395401159043, 62.169446081479336], [-9.033390743400759, 62.17171211886223]]}, "properties": {"source": "1940367", "target": "21462950"}}, {"type": "Feature", "geometry": {"type": "LineString", "coordinates": [[-9.084395401159043, 62.169446081479336], [-9.057160320574127, 62.18052822837416]]}, "properties": {"source": "1940367", "target": "21462903"}}, {"type": "Feature", "geometry": {"type": "LineString", "coordinates": [[-9.084395401159043, 62.169446081479336], [-9.078051170232271, 62.16307183206558]]}, "properties": {"source": "1940367", "target": "2168023"}}, {"type": "Feature", "geometry": {"type": "LineString", "coordinates": [[-9.084395401159043, 62.169446081479336], [-9.02376911942531, 62.17082769567375]]}, "properties": {"source": "1940367", "target": "106791"}}, {"type": "Feature", "geometry": {"type": "LineString", "coordinates": [[-9.084395401159043, 62.169446081479336], [-9.055613590394842, 62.17853849946475]]}, "properties": {"source": "1940367", "target": "219261"}}, {"type": "Feature", "geometry": {"type": "LineString", "coordinates": [[-9.084395401159043, 62.169446081479336], [-9.0250943767264, 62.18244878903158]]}, "properties": {"source": "1940367", "target": "219259"}}, {"type": "Feature", "geometry": {"type": "LineString", "coordinates": [[-9.084395401159043, 62.169446081479336], [-9.08299230767355, 62.16315027762178]]}, "properties": {"source": "1940367", "target": "1214414"}}, {"type": "Feature", "geometry": {"type": "LineString", "coordinates": [[-9.036241626904854, 62.165151592448936], [-9.026371276990545, 62.17039257809127]]}, "properties": {"source": "2243660", "target": "12690148"}}, {"type": "Feature", "geometry": {"type": "LineString", "coordinates": [[-9.021690700773036, 62.17697749493685], [-9.033666872110786, 62.182045423021634]]}, "properties": {"source": "30056942", "target": "25342343"}}, {"type": "Feature", "geometry": {"type": "LineString", "coordinates": [[-9.021690700773036, 62.17697749493685], [-9.05467528141719, 62.17715149498275]]}, "properties": {"source": "30056942", "target": "3140171"}}, {"type": "Feature", "geometry": {"type": "LineString", "coordinates": [[-9.021690700773036, 62.17697749493685], [-9.034968801275994, 62.180499363697635]]}, "properties": {"source": "30056942", "target": "257073"}}, {"type": "Feature", "geometry": {"type": "LineString", "coordinates": [[-9.021690700773036, 62.17697749493685], [-9.044346664555718, 62.17535742099142]]}, "properties": {"source": "30056942", "target": "2811318"}}, {"type": "Feature", "geometry": {"type": "LineString", "coordinates": [[-9.021690700773036, 62.17697749493685], [-9.026641724327419, 62.16167275609459]]}, "properties": {"source": "30056942", "target": "4913862"}}, {"type": "Feature", "geometry": {"type": "LineString", "coordinates": [[-9.021690700773036, 62.17697749493685], [-9.060675572800108, 62.167372058822835]]}, "properties": {"source": "30056942", "target": "2777788"}}, {"type": "Feature", "geometry": {"type": "LineString", "coordinates": [[-9.021690700773036, 62.17697749493685], [-9.031884345132141, 62.173620001817056]]}, "properties": {"source": "30056942", "target": "4351858"}}, {"type": "Feature", "geometry": {"type": "LineString", "coordinates": [[-9.021690700773036, 62.17697749493685], [-9.036972979988889, 62.16539406956716]]}, "properties": {"source": "30056942", "target": "2777384"}}, {"type": "Feature", "geometry": {"type": "LineString", "coordinates": [[-9.083054445843288, 62.16962201569588], [-9.070057444047677, 62.16684240304329]]}, "properties": {"source": "6623221", "target": "31822209"}}, {"type": "Feature", "geometry": {"type": "LineString", "coordinates": [[-9.083054445843288, 62.16962201569588], [-9.032211227080325, 62.1695952770926]]}, "properties": {"source": "6623221", "target": "4614621"}}, {"type": "Feature", "geometry": {"type": "LineString", "coordinates": [[-9.083054445843288, 62.16962201569588], [-9.028748656081461, 62.177764523825104]]}, "properties": {"source": "6623221", "target": "4329568"}}, {"type": "Feature", "geometry": {"type": "LineString", "coordinates": [[-9.083054445843288, 62.16962201569588], [-9.059239215462497, 62.18201405185721]]}, "properties": {"source": "6623221", "target": "1414864"}}, {"type": "Feature", "geometry": {"type": "LineString", "coordinates": [[-9.083054445843288, 62.16962201569588], [-9.047649024255293, 62.171985183507246]]}, "properties": {"source": "6623221", "target": "1414865"}}, {"type": "Feature", "geometry": {"type": "LineString", "coordinates": [[-9.083054445843288, 62.16962201569588], [-9.081707061043318, 62.168016071488935]]}, "properties": {"source": "6623221", "target": "22732258"}}, {"type": "Feature", "geometry": {"type": "LineString", "coordinates": [[-9.083054445843288, 62.16962201569588], [-9.081206016362785, 62.170588434121356]]}, "properties": {"source": "6623221", "target": "8608358"}}, {"type": "Feature", "geometry": {"type": "LineString", "coordinates": [[-9.062060503813399, 62.16909714359345], [-9.085119130223632, 62.17692470979067]]}, "properties": {"source": "28500606", "target": "28246792"}}, {"type": "Feature", "geometry": {"type": "LineString", "coordinates": [[-9.062060503813399, 62.16909714359345], [-9.039072339736038, 62.172705663362365]]}, "properties": {"source": "28500606", "target": "13630053"}}, {"type": "Feature", "geometry": {"type": "LineString", "coordinates": [[-9.085119130223632, 62.17692470979067], [-9.056356872008621, 62.175382428552666]]}, "properties": {"source": "28246792", "target": "11291815"}}, {"type": "Feature", "geometry": {"type": "LineString", "coordinates": [[-9.085119130223632, 62.17692470979067], [-9.081206016362785, 62.170588434121356]]}, "properties": {"source": "28246792", "target": "8608358"}}, {"type": "Feature", "geometry": {"type": "LineString", "coordinates": [[-9.085119130223632, 62.17692470979067], [-9.071695782221838, 62.172572237477794]]}, "properties": {"source": "28246792", "target": "8031629"}}, {"type": "Feature", "geometry": {"type": "LineString", "coordinates": [[-9.085119130223632, 62.17692470979067], [-9.039072339736038, 62.172705663362365]]}, "properties": {"source": "28246792", "target": "13630053"}}, {"type": "Feature", "geometry": {"type": "LineString", "coordinates": [[-9.049527690383854, 62.16528540698526], [-9.049026976958316, 62.175836214428216]]}, "properties": {"source": "430335", "target": "39103"}}, {"type": "Feature", "geometry": {"type": "LineString", "coordinates": [[-9.039916579273807, 62.17082860118548], [-9.078790771320143, 62.16627167076739]]}, "properties": {"source": "32499926", "target": "35017852"}}, {"type": "Feature", "geometry": {"type": "LineString", "coordinates": [[-9.045956053174223, 62.16115200479341], [-9.03368562489598, 62.17573565010716]]}, "properties": {"source": "10377136", "target": "10435848"}}, {"type": "Feature", "geometry": {"type": "LineString", "coordinates": [[-9.068778708560046, 62.179223771051255], [-9.043244558205572, 62.17453918342201]]}, "properties": {"source": "6422073", "target": "7103428"}}, {"type": "Feature", "geometry": {"type": "LineString", "coordinates": [[-9.068778708560046, 62.179223771051255], [-9.063117667386138, 62.1674895079332]]}, "properties": {"source": "6422073", "target": "702075"}}, {"type": "Feature", "geometry": {"type": "LineString", "coordinates": [[-9.051590537851325, 62.18193135508844], [-9.067453404667134, 62.16449052931789]]}, "properties": {"source": "466405", "target": "106789"}}, {"type": "Feature", "geometry": {"type": "LineString", "coordinates": [[-9.051590537851325, 62.18193135508844], [-9.054137473393922, 62.164108247096806]]}, "properties": {"source": "466405", "target": "106786"}}, {"type": "Feature", "geometry": {"type": "LineString", "coordinates": [[-9.051590537851325, 62.18193135508844], [-9.053794424198799, 62.17472309274915]]}, "properties": {"source": "466405", "target": "106756"}}, {"type": "Feature", "geometry": {"type": "LineString", "coordinates": [[-9.051590537851325, 62.18193135508844], [-9.023000374984463, 62.163489086239764]]}, "properties": {"source": "466405", "target": "106778"}}, {"type": "Feature", "geometry": {"type": "LineString", "coordinates": [[-9.051590537851325, 62.18193135508844], [-9.04218462581025, 62.179774542117016]]}, "properties": {"source": "466405", "target": "106751"}}, {"type": "Feature", "geometry": {"type": "LineString", "coordinates": [[-9.071146318342329, 62.18023617834665], [-9.044527074950707, 62.17832108163485]]}, "properties": {"source": "35898176", "target": "892326"}}, {"type": "Feature", "geometry": {"type": "LineString", "coordinates": [[-9.071146318342329, 62.18023617834665], [-9.055613590394842, 62.17853849946475]]}, "properties": {"source": "35898176", "target": "219261"}}, {"type": "Feature", "geometry": {"type": "LineString", "coordinates": [[-9.071146318342329, 62.18023617834665], [-9.0250943767264, 62.18244878903158]]}, "properties": {"source": "35898176", "target": "219259"}}, {"type": "Feature", "geometry": {"type": "LineString", "coordinates": [[-9.071146318342329, 62.18023617834665], [-9.052104378165978, 62.172842761439384]]}, "properties": {"source": "35898176", "target": "1712673"}}, {"type": "Feature", "geometry": {"type": "LineString", "coordinates": [[-9.071146318342329, 62.18023617834665], [-9.074638749361043, 62.16922229279196]]}, "properties": {"source": "35898176", "target": "1134819"}}, {"type": "Feature", "geometry": {"type": "LineString", "coordinates": [[-9.071146318342329, 62.18023617834665], [-9.07161539775359, 62.160461438516094]]}, "properties": {"source": "35898176", "target": "1666147"}}, {"type": "Feature", "geometry": {"type": "LineString", "coordinates": [[-9.071146318342329, 62.18023617834665], [-9.042455892256726, 62.17180928503383]]}, "properties": {"source": "35898176", "target": "19504922"}}, {"type": "Feature", "geometry": {"type": "LineString", "coordinates": [[-9.071146318342329, 62.18023617834665], [-9.081781452616667, 62.177260659507155]]}, "properties": {"source": "35898176", "target": "26499602"}}, {"type": "Feature", "geometry": {"type": "LineString", "coordinates": [[-9.071146318342329, 62.18023617834665], [-9.0353537603159, 62.163292855214294]]}, "properties": {"source": "35898176", "target": "20578311"}}, {"type": "Feature", "geometry": {"type": "LineString", "coordinates": [[-9.03361000233258, 62.17938775932005], [-9.034968801275994, 62.180499363697635]]}, "properties": {"source": "2084404", "target": "257073"}}, {"type": "Feature", "geometry": {"type": "LineString", "coordinates": [[-9.03361000233258, 62.17938775932005], [-9.021158489016784, 62.171256391876724]]}, "properties": {"source": "2084404", "target": "17936128"}}, {"type": "Feature", "geometry": {"type": "LineString", "coordinates": [[-9.03361000233258, 62.17938775932005], [-9.062570019913267, 62.16893156672664]]}, "properties": {"source": "2084404", "target": "17410227"}}, {"type": "Feature", "geometry": {"type": "LineString", "coordinates": [[-9.032065771051265, 62.17160002420056], [-9.033666872110786, 62.182045423021634]]}, "properties": {"source": "11391595", "target": "25342343"}}, {"type": "Feature", "geometry": {"type": "LineString", "coordinates": [[-9.032065771051265, 62.17160002420056], [-9.057816867285283, 62.1670787608703]]}, "properties": {"source": "11391595", "target": "11391602"}}, {"type": "Feature", "geometry": {"type": "LineString", "coordinates": [[-9.083041079272135, 62.16630341993692], [-9.0407591140754, 62.17347144864674]]}, "properties": {"source": "1834962", "target": "19188921"}}, {"type": "Feature", "geometry": {"type": "LineString", "coordinates": [[-9.083041079272135, 62.16630341993692], [-9.03971113164505, 62.16237727940124]]}, "properties": {"source": "1834962", "target": "29240"}}, {"type": "Feature", "geometry": {"type": "LineString", "coordinates": [[-9.039248836302136, 62.16899101813641], [-9.052152219476653, 62.16431419109422]]}, "properties": {"source": "7267881", "target": "867159"}}, {"type": "Feature", "geometry": {"type": "LineString", "coordinates": [[-9.039248836302136, 62.16899101813641], [-9.077802913099333, 62.16502571478979]]}, "properties": {"source": "7267881", "target": "8296211"}}, {"type": "Feature", "geometry": {"type": "LineString", "coordinates": [[-9.039248836302136, 62.16899101813641], [-9.063117667386138, 62.1674895079332]]}, "properties": {"source": "7267881", "target": "702075"}}, {"type": "Feature", "geometry": {"type": "LineString", "coordinates": [[-9.039248836302136, 62.16899101813641], [-9.060807502245325, 62.170725188647154]]}, "properties": {"source": "7267881", "target": "8580950"}}, {"type": "Feature", "geometry": {"type": "LineString", "coordinates": [[-9.039248836302136, 62.16899101813641], [-9.024366881169243, 62.16084513039887]]}, "properties": {"source": "7267881", "target": "8197174"}}, {"type": "Feature", "geometry": {"type": "LineString", "coordinates": [[-9.039248836302136, 62.16899101813641], [-9.068778708560046, 62.179223771051255]]}, "properties": {"source": "7267881", "target": "6422073"}}, {"type": "Feature", "geometry": {"type": "LineString", "coordinates": [[-9.039248836302136, 62.16899101813641], [-9.082607682496018, 62.167804941023704]]}, "properties": {"source": "7267881", "target": "71418"}}, {"type": "Feature", "geometry": {"type": "LineString", "coordinates": [[-9.049913346029996, 62.17884667166037], [-9.074243445542095, 62.16501384153722]]}, "properties": {"source": "9682445", "target": "7269142"}}, {"type": "Feature", "geometry": {"type": "LineString", "coordinates": [[-9.049913346029996, 62.17884667166037], [-9.060656186933414, 62.1617695108512]]}, "properties": {"source": "9682445", "target": "7645593"}}, {"type": "Feature", "geometry": {"type": "LineString", "coordinates": [[-9.032514602572434, 62.162729818820495], [-9.040200624364047, 62.162890603421545]]}, "properties": {"source": "360744", "target": "9931530"}}, {"type": "Feature", "geometry": {"type": "LineString", "coordinates": [[-9.032514602572434, 62.162729818820495], [-9.055659843840886, 62.16748194492115]]}, "properties": {"source": "360744", "target": "1841791"}}, {"type": "Feature", "geometry": {"type": "LineString", "coordinates": [[-9.048841807679167, 62.18123963601862], [-9.056097313023173, 62.16396383779136]]}, "properties": {"source": "2777414", "target": "33187497"}}, {"type": "Feature", "geometry": {"type": "LineString", "coordinates": [[-9.048841807679167, 62.18123963601862], [-9.05467528141719, 62.17715149498275]]}, "properties": {"source": "2777414", "target": "3140171"}}, {"type": "Feature", "geometry": {"type": "LineString", "coordinates": [[-9.048841807679167, 62.18123963601862], [-9.021690700773036, 62.17697749493685]]}, "properties": {"source": "2777414", "target": "30056942"}}, {"type": "Feature", "geometry": {"type": "LineString", "coordinates": [[-9.048841807679167, 62.18123963601862], [-9.044346664555718, 62.17535742099142]]}, "properties": {"source": "2777414", "target": "2811318"}}, {"type": "Feature", "geometry": {"type": "LineString", "coordinates": [[-9.048841807679167, 62.18123963601862], [-9.060675572800108, 62.167372058822835]]}, "properties": {"source": "2777414", "target": "2777788"}}, {"type": "Feature", "geometry": {"type": "LineString", "coordinates": [[-9.029604346290881, 62.16075249002863], [-9.070057444047677, 62.16684240304329]]}, "properties": {"source": "3140185", "target": "31822209"}}, {"type": "Feature", "geometry": {"type": "LineString", "coordinates": [[-9.029604346290881, 62.16075249002863], [-9.032211227080325, 62.1695952770926]]}, "properties": {"source": "3140185", "target": "4614621"}}, {"type": "Feature", "geometry": {"type": "LineString", "coordinates": [[-9.029604346290881, 62.16075249002863], [-9.028748656081461, 62.177764523825104]]}, "properties": {"source": "3140185", "target": "4329568"}}, {"type": "Feature", "geometry": {"type": "LineString", "coordinates": [[-9.029604346290881, 62.16075249002863], [-9.034724032369269, 62.1753085186175]]}, "properties": {"source": "3140185", "target": "2957384"}}, {"type": "Feature", "geometry": {"type": "LineString", "coordinates": [[-9.029604346290881, 62.16075249002863], [-9.08299230767355, 62.16315027762178]]}, "properties": {"source": "3140185", "target": "1214414"}}, {"type": "Feature", "geometry": {"type": "LineString", "coordinates": [[-9.048729181233966, 62.160966061842984], [-9.078790771320143, 62.16627167076739]]}, "properties": {"source": "3039856", "target": "35017852"}}, {"type": "Feature", "geometry": {"type": "LineString", "coordinates": [[-9.048729181233966, 62.160966061842984], [-9.050489036896494, 62.182045773100626]]}, "properties": {"source": "3039856", "target": "6745082"}}, {"type": "Feature", "geometry": {"type": "LineString", "coordinates": [[-9.048729181233966, 62.160966061842984], [-9.026541353081285, 62.181977921967984]]}, "properties": {"source": "3039856", "target": "892327"}}, {"type": "Feature", "geometry": {"type": "LineString", "coordinates": [[-9.048729181233966, 62.160966061842984], [-9.08044175429771, 62.17812779159132]]}, "properties": {"source": "3039856", "target": "515800"}}, {"type": "Feature", "geometry": {"type": "LineString", "coordinates": [[-9.048729181233966, 62.160966061842984], [-9.054906687780061, 62.17389234337672]]}, "properties": {"source": "3039856", "target": "8167523"}}, {"type": "Feature", "geometry": {"type": "LineString", "coordinates": [[-9.048729181233966, 62.160966061842984], [-9.055613590394842, 62.17853849946475]]}, "properties": {"source": "3039856", "target": "219261"}}, {"type": "Feature", "geometry": {"type": "LineString", "coordinates": [[-9.048729181233966, 62.160966061842984], [-9.0250943767264, 62.18244878903158]]}, "properties": {"source": "3039856", "target": "219259"}}, {"type": "Feature", "geometry": {"type": "LineString", "coordinates": [[-9.048729181233966, 62.160966061842984], [-9.052104378165978, 62.172842761439384]]}, "properties": {"source": "3039856", "target": "1712673"}}, {"type": "Feature", "geometry": {"type": "LineString", "coordinates": [[-9.048729181233966, 62.160966061842984], [-9.074638749361043, 62.16922229279196]]}, "properties": {"source": "3039856", "target": "1134819"}}, {"type": "Feature", "geometry": {"type": "LineString", "coordinates": [[-9.048729181233966, 62.160966061842984], [-9.07161539775359, 62.160461438516094]]}, "properties": {"source": "3039856", "target": "1666147"}}, {"type": "Feature", "geometry": {"type": "LineString", "coordinates": [[-9.048729181233966, 62.160966061842984], [-9.042455892256726, 62.17180928503383]]}, "properties": {"source": "3039856", "target": "19504922"}}, {"type": "Feature", "geometry": {"type": "LineString", "coordinates": [[-9.04461636154889, 62.17860062723679], [-9.05711588108261, 62.16192257276043]]}, "properties": {"source": "33816669", "target": "3126153"}}, {"type": "Feature", "geometry": {"type": "LineString", "coordinates": [[-9.04461636154889, 62.17860062723679], [-9.028458184675003, 62.16190430697816]]}, "properties": {"source": "33816669", "target": "24875293"}}, {"type": "Feature", "geometry": {"type": "LineString", "coordinates": [[-9.04461636154889, 62.17860062723679], [-9.030642668586182, 62.16183786399152]]}, "properties": {"source": "33816669", "target": "35594760"}}, {"type": "Feature", "geometry": {"type": "LineString", "coordinates": [[-9.074144308705229, 62.174098183460856], [-9.078790771320143, 62.16627167076739]]}, "properties": {"source": "1134818", "target": "35017852"}}, {"type": "Feature", "geometry": {"type": "LineString", "coordinates": [[-9.074144308705229, 62.174098183460856], [-9.055613590394842, 62.17853849946475]]}, "properties": {"source": "1134818", "target": "219261"}}, {"type": "Feature", "geometry": {"type": "LineString", "coordinates": [[-9.074144308705229, 62.174098183460856], [-9.07161539775359, 62.160461438516094]]}, "properties": {"source": "1134818", "target": "1666147"}}, {"type": "Feature", "geometry": {"type": "LineString", "coordinates": [[-9.040931425767383, 62.1756367752422], [-9.026641724327419, 62.16167275609459]]}, "properties": {"source": "315167", "target": "4913862"}}, {"type": "Feature", "geometry": {"type": "LineString", "coordinates": [[-9.040931425767383, 62.1756367752422], [-9.033615898567689, 62.17322393136233]]}, "properties": {"source": "315167", "target": "4937603"}}, {"type": "Feature", "geometry": {"type": "LineString", "coordinates": [[-9.040931425767383, 62.1756367752422], [-9.031884345132141, 62.173620001817056]]}, "properties": {"source": "315167", "target": "4351858"}}, {"type": "Feature", "geometry": {"type": "LineString", "coordinates": [[-9.05711588108261, 62.16192257276043], [-9.028458184675003, 62.16190430697816]]}, "properties": {"source": "3126153", "target": "24875293"}}, {"type": "Feature", "geometry": {"type": "LineString", "coordinates": [[-9.05711588108261, 62.16192257276043], [-9.030642668586182, 62.16183786399152]]}, "properties": {"source": "3126153", "target": "35594760"}}, {"type": "Feature", "geometry": {"type": "LineString", "coordinates": [[-9.03188870455591, 62.16956512842995], [-9.032091455068922, 62.161402283144994]]}, "properties": {"source": "1572057", "target": "8315757"}}, {"type": "Feature", "geometry": {"type": "LineString", "coordinates": [[-9.03188870455591, 62.16956512842995], [-9.083434643837109, 62.180950215942474]]}, "properties": {"source": "1572057", "target": "8088961"}}, {"type": "Feature", "geometry": {"type": "LineString", "coordinates": [[-9.03188870455591, 62.16956512842995], [-9.065876372682766, 62.163748113992995]]}, "properties": {"source": "1572057", "target": "46378"}}, {"type": "Feature", "geometry": {"type": "LineString", "coordinates": [[-9.028458184675003, 62.16190430697816], [-9.030642668586182, 62.16183786399152]]}, "properties": {"source": "24875293", "target": "35594760"}}, {"type": "Feature", "geometry": {"type": "LineString", "coordinates": [[-9.05647878717491, 62.17139508541028], [-9.06118410107905, 62.18100805349947]]}, "properties": {"source": "3484406", "target": "3362627"}}, {"type": "Feature", "geometry": {"type": "LineString", "coordinates": [[-9.078392169970954, 62.17363615797218], [-9.067679815596023, 62.17862919059394]]}, "properties": {"source": "1252392", "target": "1353"}}, {"type": "Feature", "geometry": {"type": "LineString", "coordinates": [[-9.078392169970954, 62.17363615797218], [-9.080428182765075, 62.17224052938968]]}, "properties": {"source": "1252392", "target": "568124"}}, {"type": "Feature", "geometry": {"type": "LineString", "coordinates": [[-9.078392169970954, 62.17363615797218], [-9.04836636683936, 62.17647924869132]]}, "properties": {"source": "1252392", "target": "1245364"}}, {"type": "Feature", "geometry": {"type": "LineString", "coordinates": [[-9.078392169970954, 62.17363615797218], [-9.031197703722256, 62.172521121867916]]}, "properties": {"source": "1252392", "target": "554327"}}, {"type": "Feature", "geometry": {"type": "LineString", "coordinates": [[-9.078392169970954, 62.17363615797218], [-9.049527690383854, 62.16528540698526]]}, "properties": {"source": "1252392", "target": "430335"}}, {"type": "Feature", "geometry": {"type": "LineString", "coordinates": [[-9.078392169970954, 62.17363615797218], [-9.049026976958316, 62.175836214428216]]}, "properties": {"source": "1252392", "target": "39103"}}, {"type": "Feature", "geometry": {"type": "LineString", "coordinates": [[-9.078392169970954, 62.17363615797218], [-9.068408292260187, 62.17680269797124]]}, "properties": {"source": "1252392", "target": "1264282"}}, {"type": "Feature", "geometry": {"type": "LineString", "coordinates": [[-9.04836636683936, 62.17647924869132], [-9.035244602089847, 62.1619640481113]]}, "properties": {"source": "1245364", "target": "732432"}}, {"type": "Feature", "geometry": {"type": "LineString", "coordinates": [[-9.04836636683936, 62.17647924869132], [-9.067679815596023, 62.17862919059394]]}, "properties": {"source": "1245364", "target": "1353"}}, {"type": "Feature", "geometry": {"type": "LineString", "coordinates": [[-9.04836636683936, 62.17647924869132], [-9.031197703722256, 62.172521121867916]]}, "properties": {"source": "1245364", "target": "554327"}}, {"type": "Feature", "geometry": {"type": "LineString", "coordinates": [[-9.04836636683936, 62.17647924869132], [-9.049527690383854, 62.16528540698526]]}, "properties": {"source": "1245364", "target": "430335"}}, {"type": "Feature", "geometry": {"type": "LineString", "coordinates": [[-9.04836636683936, 62.17647924869132], [-9.049026976958316, 62.175836214428216]]}, "properties": {"source": "1245364", "target": "39103"}}, {"type": "Feature", "geometry": {"type": "LineString", "coordinates": [[-9.04836636683936, 62.17647924869132], [-9.068408292260187, 62.17680269797124]]}, "properties": {"source": "1245364", "target": "1264282"}}, {"type": "Feature", "geometry": {"type": "LineString", "coordinates": [[-9.038794753479351, 62.160741096916794], [-9.076649336970917, 62.1751669512597]]}, "properties": {"source": "2271130", "target": "23803502"}}, {"type": "Feature", "geometry": {"type": "LineString", "coordinates": [[-9.038794753479351, 62.160741096916794], [-9.059250830610836, 62.16851018594757]]}, "properties": {"source": "2271130", "target": "28639282"}}, {"type": "Feature", "geometry": {"type": "LineString", "coordinates": [[-9.038794753479351, 62.160741096916794], [-9.026598074603243, 62.172881627587714]]}, "properties": {"source": "2271130", "target": "2271134"}}, {"type": "Feature", "geometry": {"type": "LineString", "coordinates": [[-9.056097313023173, 62.16396383779136], [-9.060675572800108, 62.167372058822835]]}, "properties": {"source": "33187497", "target": "2777788"}}, {"type": "Feature", "geometry": {"type": "LineString", "coordinates": [[-9.056097313023173, 62.16396383779136], [-9.033615898567689, 62.17322393136233]]}, "properties": {"source": "33187497", "target": "4937603"}}, {"type": "Feature", "geometry": {"type": "LineString", "coordinates": [[-9.056097313023173, 62.16396383779136], [-9.031884345132141, 62.173620001817056]]}, "properties": {"source": "33187497", "target": "4351858"}}, {"type": "Feature", "geometry": {"type": "LineString", "coordinates": [[-9.056097313023173, 62.16396383779136], [-9.057816867285283, 62.1670787608703]]}, "properties": {"source": "33187497", "target": "11391602"}}, {"type": "Feature", "geometry": {"type": "LineString", "coordinates": [[-9.056097313023173, 62.16396383779136], [-9.040931425767383, 62.1756367752422]]}, "properties": {"source": "33187497", "target": "315167"}}, {"type": "Feature", "geometry": {"type": "LineString", "coordinates": [[-9.056097313023173, 62.16396383779136], [-9.036972979988889, 62.16539406956716]]}, "properties": {"source": "33187497", "target": "2777384"}}, {"type": "Feature", "geometry": {"type": "LineString", "coordinates": [[-9.032091455068922, 62.161402283144994], [-9.070903997170007, 62.16257456207529]]}, "properties": {"source": "8315757", "target": "1546627"}}, {"type": "Feature", "geometry": {"type": "LineString", "coordinates": [[-9.032091455068922, 62.161402283144994], [-9.038188905496327, 62.16638561600574]]}, "properties": {"source": "8315757", "target": "10669676"}}, {"type": "Feature", "geometry": {"type": "LineString", "coordinates": [[-9.032091455068922, 62.161402283144994], [-9.0852112599228, 62.16298351332904]]}, "properties": {"source": "8315757", "target": "91703"}}, {"type": "Feature", "geometry": {"type": "LineString", "coordinates": [[-9.032990258352982, 62.177000848700956], [-9.053794424198799, 62.17472309274915]]}, "properties": {"source": "106769", "target": "106756"}}, {"type": "Feature", "geometry": {"type": "LineString", "coordinates": [[-9.032990258352982, 62.177000848700956], [-9.023000374984463, 62.163489086239764]]}, "properties": {"source": "106769", "target": "106778"}}, {"type": "Feature", "geometry": {"type": "LineString", "coordinates": [[-9.032990258352982, 62.177000848700956], [-9.04218462581025, 62.179774542117016]]}, "properties": {"source": "106769", "target": "106751"}}, {"type": "Feature", "geometry": {"type": "LineString", "coordinates": [[-9.026371276990545, 62.17039257809127], [-9.042337220649443, 62.173902829270745]]}, "properties": {"source": "12690148", "target": "20415701"}}, {"type": "Feature", "geometry": {"type": "LineString", "coordinates": [[-9.042895254254148, 62.163455934895964], [-9.080944879059217, 62.17515050156594]]}, "properties": {"source": "8180639", "target": "855963"}}, {"type": "Feature", "geometry": {"type": "LineString", "coordinates": [[-9.042895254254148, 62.163455934895964], [-9.083249376617175, 62.166688289375855]]}, "properties": {"source": "8180639", "target": "874111"}}, {"type": "Feature", "geometry": {"type": "LineString", "coordinates": [[-9.040431165092485, 62.165299768384614], [-9.03133450918611, 62.18011677972376]]}, "properties": {"source": "10227519", "target": "12390698"}}, {"type": "Feature", "geometry": {"type": "LineString", "coordinates": [[-9.048567840123269, 62.180199227546694], [-9.032091455068922, 62.161402283144994]]}, "properties": {"source": "2754195", "target": "8315757"}}, {"type": "Feature", "geometry": {"type": "LineString", "coordinates": [[-9.048567840123269, 62.180199227546694], [-9.027085561681986, 62.1806410280461]]}, "properties": {"source": "2754195", "target": "2798746"}}, {"type": "Feature", "geometry": {"type": "LineString", "coordinates": [[-9.048567840123269, 62.180199227546694], [-9.083434643837109, 62.180950215942474]]}, "properties": {"source": "2754195", "target": "8088961"}}, {"type": "Feature", "geometry": {"type": "LineString", "coordinates": [[-9.048567840123269, 62.180199227546694], [-9.065876372682766, 62.163748113992995]]}, "properties": {"source": "2754195", "target": "46378"}}, {"type": "Feature", "geometry": {"type": "LineString", "coordinates": [[-9.048567840123269, 62.180199227546694], [-9.057021003480855, 62.16888146037982]]}, "properties": {"source": "2754195", "target": "10863949"}}, {"type": "Feature", "geometry": {"type": "LineString", "coordinates": [[-9.048567840123269, 62.180199227546694], [-9.070903997170007, 62.16257456207529]]}, "properties": {"source": "2754195", "target": "1546627"}}, {"type": "Feature", "geometry": {"type": "LineString", "coordinates": [[-9.048567840123269, 62.180199227546694], [-9.038188905496327, 62.16638561600574]]}, "properties": {"source": "2754195", "target": "10669676"}}, {"type": "Feature", "geometry": {"type": "LineString", "coordinates": [[-9.048567840123269, 62.180199227546694], [-9.03368562489598, 62.17573565010716]]}, "properties": {"source": "2754195", "target": "10435848"}}, {"type": "Feature", "geometry": {"type": "LineString", "coordinates": [[-9.048567840123269, 62.180199227546694], [-9.07357684322264, 62.1626277009357]]}, "properties": {"source": "2754195", "target": "1890687"}}, {"type": "Feature", "geometry": {"type": "LineString", "coordinates": [[-9.078548975290346, 62.172113091155], [-9.06118410107905, 62.18100805349947]]}, "properties": {"source": "1414870", "target": "3362627"}}, {"type": "Feature", "geometry": {"type": "LineString", "coordinates": [[-9.078548975290346, 62.172113091155], [-9.054104519030801, 62.16460915479584]]}, "properties": {"source": "1414870", "target": "2518452"}}, {"type": "Feature", "geometry": {"type": "LineString", "coordinates": [[-9.078548975290346, 62.172113091155], [-9.04525762612704, 62.17709525151601]]}, "properties": {"source": "1414870", "target": "7450959"}}, {"type": "Feature", "geometry": {"type": "LineString", "coordinates": [[-9.078548975290346, 62.172113091155], [-9.070010355200935, 62.16105960473152]]}, "properties": {"source": "1414870", "target": "5623572"}}, {"type": "Feature", "geometry": {"type": "LineString", "coordinates": [[-9.078548975290346, 62.172113091155], [-9.060084199402638, 62.16069906212566]]}, "properties": {"source": "1414870", "target": "1414871"}}, {"type": "Feature", "geometry": {"type": "LineString", "coordinates": [[-9.078548975290346, 62.172113091155], [-9.059239215462497, 62.18201405185721]]}, "properties": {"source": "1414870", "target": "1414864"}}, {"type": "Feature", "geometry": {"type": "LineString", "coordinates": [[-9.078548975290346, 62.172113091155], [-9.047649024255293, 62.171985183507246]]}, "properties": {"source": "1414870", "target": "1414865"}}, {"type": "Feature", "geometry": {"type": "LineString", "coordinates": [[-9.054035689313338, 62.16765705575595], [-9.059250830610836, 62.16851018594757]]}, "properties": {"source": "4724285", "target": "28639282"}}, {"type": "Feature", "geometry": {"type": "LineString", "coordinates": [[-9.054035689313338, 62.16765705575595], [-9.081391163350787, 62.17600339524522]]}, "properties": {"source": "4724285", "target": "2811093"}}, {"type": "Feature", "geometry": {"type": "LineString", "coordinates": [[-9.054035689313338, 62.16765705575595], [-9.040431165092485, 62.165299768384614]]}, "properties": {"source": "4724285", "target": "10227519"}}, {"type": "Feature", "geometry": {"type": "LineString", "coordinates": [[-9.054035689313338, 62.16765705575595], [-9.057981926955705, 62.182295107369114]]}, "properties": {"source": "4724285", "target": "1078323"}}, {"type": "Feature", "geometry": {"type": "LineString", "coordinates": [[-9.054035689313338, 62.16765705575595], [-9.03133450918611, 62.18011677972376]]}, "properties": {"source": "4724285", "target": "12390698"}}, {"type": "Feature", "geometry": {"type": "LineString", "coordinates": [[-9.054035689313338, 62.16765705575595], [-9.047564186816999, 62.17133916514554]]}, "properties": {"source": "4724285", "target": "1289814"}}, {"type": "Feature", "geometry": {"type": "LineString", "coordinates": [[-9.054035689313338, 62.16765705575595], [-9.063501474558336, 62.161229165391674]]}, "properties": {"source": "4724285", "target": "1421116"}}, {"type": "Feature", "geometry": {"type": "LineString", "coordinates": [[-9.054035689313338, 62.16765705575595], [-9.062444877243308, 62.17017744733734]]}, "properties": {"source": "4724285", "target": "1241937"}}, {"type": "Feature", "geometry": {"type": "LineString", "coordinates": [[-9.054035689313338, 62.16765705575595], [-9.047335974448856, 62.17748034106505]]}, "properties": {"source": "4724285", "target": "530961"}}, {"type": "Feature", "geometry": {"type": "LineString", "coordinates": [[-9.07357684322264, 62.1626277009357], [-9.066553993236312, 62.17435596932741]]}, "properties": {"source": "1890687", "target": "1762154"}}, {"type": "Feature", "geometry": {"type": "LineString", "coordinates": [[-9.056943894916884, 62.17979861304032], [-9.033615898567689, 62.17322393136233]]}, "properties": {"source": "6720157", "target": "4937603"}}, {"type": "Feature", "geometry": {"type": "LineString", "coordinates": [[-9.056943894916884, 62.17979861304032], [-9.060656186933414, 62.1617695108512]]}, "properties": {"source": "6720157", "target": "7645593"}}, {"type": "Feature", "geometry": {"type": "LineString", "coordinates": [[-9.056943894916884, 62.17979861304032], [-9.073980112166879, 62.167997501951916]]}, "properties": {"source": "6720157", "target": "7810827"}}, {"type": "Feature", "geometry": {"type": "LineString", "coordinates": [[-9.056943894916884, 62.17979861304032], [-9.04546025219068, 62.182174549491094]]}, "properties": {"source": "6720157", "target": "5989470"}}, {"type": "Feature", "geometry": {"type": "LineString", "coordinates": [[-9.074638749361043, 62.16922229279196], [-9.078790771320143, 62.16627167076739]]}, "properties": {"source": "1134819", "target": "35017852"}}, {"type": "Feature", "geometry": {"type": "LineString", "coordinates": [[-9.074638749361043, 62.16922229279196], [-9.050489036896494, 62.182045773100626]]}, "properties": {"source": "1134819", "target": "6745082"}}, {"type": "Feature", "geometry": {"type": "LineString", "coordinates": [[-9.060807502245325, 62.170725188647154], [-9.055178178291868, 62.177965844416605]]}, "properties": {"source": "8580950", "target": "7733431"}}, {"type": "Feature", "geometry": {"type": "LineString", "coordinates": [[-9.060807502245325, 62.170725188647154], [-9.043244558205572, 62.17453918342201]]}, "properties": {"source": "8580950", "target": "7103428"}}, {"type": "Feature", "geometry": {"type": "LineString", "coordinates": [[-9.060807502245325, 62.170725188647154], [-9.052152219476653, 62.16431419109422]]}, "properties": {"source": "8580950", "target": "867159"}}, {"type": "Feature", "geometry": {"type": "LineString", "coordinates": [[-9.060807502245325, 62.170725188647154], [-9.077802913099333, 62.16502571478979]]}, "properties": {"source": "8580950", "target": "8296211"}}, {"type": "Feature", "geometry": {"type": "LineString", "coordinates": [[-9.060807502245325, 62.170725188647154], [-9.024366881169243, 62.16084513039887]]}, "properties": {"source": "8580950", "target": "8197174"}}, {"type": "Feature", "geometry": {"type": "LineString", "coordinates": [[-9.05245868068667, 62.160768823978344], [-9.054104519030801, 62.16460915479584]]}, "properties": {"source": "1771967", "target": "2518452"}}, {"type": "Feature", "geometry": {"type": "LineString", "coordinates": [[-9.05245868068667, 62.160768823978344], [-9.060084199402638, 62.16069906212566]]}, "properties": {"source": "1771967", "target": "1414871"}}, {"type": "Feature", "geometry": {"type": "LineString", "coordinates": [[-9.05245868068667, 62.160768823978344], [-9.081707061043318, 62.168016071488935]]}, "properties": {"source": "1771967", "target": "22732258"}}, {"type": "Feature", "geometry": {"type": "LineString", "coordinates": [[-9.05245868068667, 62.160768823978344], [-9.056356872008621, 62.175382428552666]]}, "properties": {"source": "1771967", "target": "11291815"}}, {"type": "Feature", "geometry": {"type": "LineString", "coordinates": [[-9.024366881169243, 62.16084513039887], [-9.026541353081285, 62.181977921967984]]}, "properties": {"source": "8197174", "target": "892327"}}, {"type": "Feature", "geometry": {"type": "LineString", "coordinates": [[-9.024366881169243, 62.16084513039887], [-9.055178178291868, 62.177965844416605]]}, "properties": {"source": "8197174", "target": "7733431"}}, {"type": "Feature", "geometry": {"type": "LineString", "coordinates": [[-9.024366881169243, 62.16084513039887], [-9.043244558205572, 62.17453918342201]]}, "properties": {"source": "8197174", "target": "7103428"}}, {"type": "Feature", "geometry": {"type": "LineString", "coordinates": [[-9.024366881169243, 62.16084513039887], [-9.077802913099333, 62.16502571478979]]}, "properties": {"source": "8197174", "target": "8296211"}}, {"type": "Feature", "geometry": {"type": "LineString", "coordinates": [[-9.04485301955981, 62.16306812528819], [-9.074243445542095, 62.16501384153722]]}, "properties": {"source": "6878886", "target": "7269142"}}, {"type": "Feature", "geometry": {"type": "LineString", "coordinates": [[-9.04485301955981, 62.16306812528819], [-9.060656186933414, 62.1617695108512]]}, "properties": {"source": "6878886", "target": "7645593"}}, {"type": "Feature", "geometry": {"type": "LineString", "coordinates": [[-9.04485301955981, 62.16306812528819], [-9.073980112166879, 62.167997501951916]]}, "properties": {"source": "6878886", "target": "7810827"}}, {"type": "Feature", "geometry": {"type": "LineString", "coordinates": [[-9.080428182765075, 62.17224052938968], [-9.04836636683936, 62.17647924869132]]}, "properties": {"source": "568124", "target": "1245364"}}, {"type": "Feature", "geometry": {"type": "LineString", "coordinates": [[-9.080428182765075, 62.17224052938968], [-9.031197703722256, 62.172521121867916]]}, "properties": {"source": "568124", "target": "554327"}}, {"type": "Feature", "geometry": {"type": "LineString", "coordinates": [[-9.080428182765075, 62.17224052938968], [-9.049527690383854, 62.16528540698526]]}, "properties": {"source": "568124", "target": "430335"}}, {"type": "Feature", "geometry": {"type": "LineString", "coordinates": [[-9.080428182765075, 62.17224052938968], [-9.049026976958316, 62.175836214428216]]}, "properties": {"source": "568124", "target": "39103"}}, {"type": "Feature", "geometry": {"type": "LineString", "coordinates": [[-9.080428182765075, 62.17224052938968], [-9.068408292260187, 62.17680269797124]]}, "properties": {"source": "568124", "target": "1264282"}}, {"type": "Feature", "geometry": {"type": "LineString", "coordinates": [[-9.080428182765075, 62.17224052938968], [-9.05131685580119, 62.1645325136044]]}, "properties": {"source": "568124", "target": "61504"}}, {"type": "Feature", "geometry": {"type": "LineString", "coordinates": [[-9.05053854129622, 62.170074225852915], [-9.051054031209333, 62.18098686717899]]}, "properties": {"source": "91315", "target": "29243"}}, {"type": "Feature", "geometry": {"type": "LineString", "coordinates": [[-9.05053854129622, 62.170074225852915], [-9.070532503194784, 62.179769384090065]]}, "properties": {"source": "91315", "target": "9872110"}}, {"type": "Feature", "geometry": {"type": "LineString", "coordinates": [[-9.05053854129622, 62.170074225852915], [-9.05589683781983, 62.170406447114686]]}, "properties": {"source": "91315", "target": "13622780"}}, {"type": "Feature", "geometry": {"type": "LineString", "coordinates": [[-9.061665935678946, 62.16736895091012], [-9.077802913099333, 62.16502571478979]]}, "properties": {"source": "865067", "target": "8296211"}}, {"type": "Feature", "geometry": {"type": "LineString", "coordinates": [[-9.061665935678946, 62.16736895091012], [-9.032572484304865, 62.17263521712201]]}, "properties": {"source": "865067", "target": "7171908"}}, {"type": "Feature", "geometry": {"type": "LineString", "coordinates": [[-9.061665935678946, 62.16736895091012], [-9.063117667386138, 62.1674895079332]]}, "properties": {"source": "865067", "target": "702075"}}, {"type": "Feature", "geometry": {"type": "LineString", "coordinates": [[-9.061665935678946, 62.16736895091012], [-9.060807502245325, 62.170725188647154]]}, "properties": {"source": "865067", "target": "8580950"}}, {"type": "Feature", "geometry": {"type": "LineString", "coordinates": [[-9.061665935678946, 62.16736895091012], [-9.024366881169243, 62.16084513039887]]}, "properties": {"source": "865067", "target": "8197174"}}, {"type": "Feature", "geometry": {"type": "LineString", "coordinates": [[-9.061665935678946, 62.16736895091012], [-9.042895254254148, 62.163455934895964]]}, "properties": {"source": "865067", "target": "8180639"}}, {"type": "Feature", "geometry": {"type": "LineString", "coordinates": [[-9.061665935678946, 62.16736895091012], [-9.045786212654178, 62.16085911589694]]}, "properties": {"source": "865067", "target": "7903841"}}, {"type": "Feature", "geometry": {"type": "LineString", "coordinates": [[-9.04525762612704, 62.17709525151601], [-9.060084199402638, 62.16069906212566]]}, "properties": {"source": "7450959", "target": "1414871"}}, {"type": "Feature", "geometry": {"type": "LineString", "coordinates": [[-9.04525762612704, 62.17709525151601], [-9.028748656081461, 62.177764523825104]]}, "properties": {"source": "7450959", "target": "4329568"}}, {"type": "Feature", "geometry": {"type": "LineString", "coordinates": [[-9.04525762612704, 62.17709525151601], [-9.066320704324937, 62.17524863655939]]}, "properties": {"source": "7450959", "target": "6117068"}}, {"type": "Feature", "geometry": {"type": "LineString", "coordinates": [[-9.074243445542095, 62.16501384153722], [-9.060656186933414, 62.1617695108512]]}, "properties": {"source": "7269142", "target": "7645593"}}, {"type": "Feature", "geometry": {"type": "LineString", "coordinates": [[-9.074243445542095, 62.16501384153722], [-9.073980112166879, 62.167997501951916]]}, "properties": {"source": "7269142", "target": "7810827"}}, {"type": "Feature", "geometry": {"type": "LineString", "coordinates": [[-9.074243445542095, 62.16501384153722], [-9.057816867285283, 62.1670787608703]]}, "properties": {"source": "7269142", "target": "11391602"}}, {"type": "Feature", "geometry": {"type": "LineString", "coordinates": [[-9.074243445542095, 62.16501384153722], [-9.04546025219068, 62.182174549491094]]}, "properties": {"source": "7269142", "target": "5989470"}}, {"type": "Feature", "geometry": {"type": "LineString", "coordinates": [[-9.074243445542095, 62.16501384153722], [-9.032065771051265, 62.17160002420056]]}, "properties": {"source": "7269142", "target": "11391595"}}, {"type": "Feature", "geometry": {"type": "LineString", "coordinates": [[-9.074243445542095, 62.16501384153722], [-9.056943894916884, 62.17979861304032]]}, "properties": {"source": "7269142", "target": "6720157"}}, {"type": "Feature", "geometry": {"type": "LineString", "coordinates": [[-9.048567840123269, 62.180199227546694], [-9.066553993236312, 62.17435596932741]]}, "properties": {"source": "2754195", "target": "1762154"}}, {"type": "Feature", "geometry": {"type": "LineString", "coordinates": [[-9.048567840123269, 62.180199227546694], [-9.03188870455591, 62.16956512842995]]}, "properties": {"source": "2754195", "target": "1572057"}}, {"type": "Feature", "geometry": {"type": "LineString", "coordinates": [[-9.048567840123269, 62.180199227546694], [-9.0852112599228, 62.16298351332904]]}, "properties": {"source": "2754195", "target": "91703"}}, {"type": "Feature", "geometry": {"type": "LineString", "coordinates": [[-9.048567840123269, 62.180199227546694], [-9.079180794504623, 62.17690633759234]]}, "properties": {"source": "2754195", "target": "232388"}}, {"type": "Feature", "geometry": {"type": "LineString", "coordinates": [[-9.026541353081285, 62.181977921967984], [-9.078790771320143, 62.16627167076739]]}, "properties": {"source": "892327", "target": "35017852"}}, {"type": "Feature", "geometry": {"type": "LineString", "coordinates": [[-9.026541353081285, 62.181977921967984], [-9.050489036896494, 62.182045773100626]]}, "properties": {"source": "892327", "target": "6745082"}}, {"type": "Feature", "geometry": {"type": "LineString", "coordinates": [[-9.026541353081285, 62.181977921967984], [-9.054906687780061, 62.17389234337672]]}, "properties": {"source": "892327", "target": "8167523"}}, {"type": "Feature", "geometry": {"type": "LineString", "coordinates": [[-9.086074733507132, 62.16404713824187], [-9.02376911942531, 62.17082769567375]]}, "properties": {"source": "106776", "target": "106791"}}, {"type": "Feature", "geometry": {"type": "LineString", "coordinates": [[-9.086074733507132, 62.16404713824187], [-9.054137473393922, 62.164108247096806]]}, "properties": {"source": "106776", "target": "106786"}}, {"type": "Feature", "geometry": {"type": "LineString", "coordinates": [[-9.086074733507132, 62.16404713824187], [-9.053794424198799, 62.17472309274915]]}, "properties": {"source": "106776", "target": "106756"}}, {"type": "Feature", "geometry": {"type": "LineString", "coordinates": [[-9.086074733507132, 62.16404713824187], [-9.023000374984463, 62.163489086239764]]}, "properties": {"source": "106776", "target": "106778"}}, {"type": "Feature", "geometry": {"type": "LineString", "coordinates": [[-9.086074733507132, 62.16404713824187], [-9.032990258352982, 62.177000848700956]]}, "properties": {"source": "106776", "target": "106769"}}, {"type": "Feature", "geometry": {"type": "LineString", "coordinates": [[-9.045956053174223, 62.16115200479341], [-9.022426969279138, 62.18094483409132]]}, "properties": {"source": "10377136", "target": "7686741"}}, {"type": "Feature", "geometry": {"type": "LineString", "coordinates": [[-9.045956053174223, 62.16115200479341], [-9.048567840123269, 62.180199227546694]]}, "properties": {"source": "10377136", "target": "2754195"}}, {"type": "Feature", "geometry": {"type": "LineString", "coordinates": [[-9.045956053174223, 62.16115200479341], [-9.057021003480855, 62.16888146037982]]}, "properties": {"source": "10377136", "target": "10863949"}}, {"type": "Feature", "geometry": {"type": "LineString", "coordinates": [[-9.045956053174223, 62.16115200479341], [-9.038188905496327, 62.16638561600574]]}, "properties": {"source": "10377136", "target": "10669676"}}, {"type": "Feature", "geometry": {"type": "LineString", "coordinates": [[-9.075779860068991, 62.16255833855493], [-9.024979494038433, 62.16251361956722]]}, "properties": {"source": "35270333", "target": "35664641"}}, {"type": "Feature", "geometry": {"type": "LineString", "coordinates": [[-9.075779860068991, 62.16255833855493], [-9.080673415662517, 62.17685980610291]]}, "properties": {"source": "35270333", "target": "13722506"}}, {"type": "Feature", "geometry": {"type": "LineString", "coordinates": [[-9.075779860068991, 62.16255833855493], [-9.052436530442748, 62.16839353766758]]}, "properties": {"source": "35270333", "target": "580581"}}, {"type": "Feature", "geometry": {"type": "LineString", "coordinates": [[-9.021610066023356, 62.17982457889053], [-9.056097313023173, 62.16396383779136]]}, "properties": {"source": "43837", "target": "33187497"}}, {"type": "Feature", "geometry": {"type": "LineString", "coordinates": [[-9.021610066023356, 62.17982457889053], [-9.070000094863161, 62.16076016387514]]}, "properties": {"source": "43837", "target": "4937583"}}, {"type": "Feature", "geometry": {"type": "LineString", "coordinates": [[-9.021610066023356, 62.17982457889053], [-9.084930536982313, 62.17114396756723]]}, "properties": {"source": "43837", "target": "4937558"}}, {"type": "Feature", "geometry": {"type": "LineString", "coordinates": [[-9.021610066023356, 62.17982457889053], [-9.04379668607578, 62.180801349837964]]}, "properties": {"source": "43837", "target": "4937599"}}, {"type": "Feature", "geometry": {"type": "LineString", "coordinates": [[-9.06118410107905, 62.18100805349947], [-9.070010355200935, 62.16105960473152]]}, "properties": {"source": "3362627", "target": "5623572"}}, {"type": "Feature", "geometry": {"type": "LineString", "coordinates": [[-9.06118410107905, 62.18100805349947], [-9.028748656081461, 62.177764523825104]]}, "properties": {"source": "3362627", "target": "4329568"}}, {"type": "Feature", "geometry": {"type": "LineString", "coordinates": [[-9.06118410107905, 62.18100805349947], [-9.047649024255293, 62.171985183507246]]}, "properties": {"source": "3362627", "target": "1414865"}}, {"type": "Feature", "geometry": {"type": "LineString", "coordinates": [[-9.04072516461585, 62.16147277008211], [-9.030342754443296, 62.16111036722694]]}, "properties": {"source": "2777407", "target": "23595474"}}, {"type": "Feature", "geometry": {"type": "LineString", "coordinates": [[-9.04072516461585, 62.16147277008211], [-9.029604346290881, 62.16075249002863]]}, "properties": {"source": "2777407", "target": "3140185"}}, {"type": "Feature", "geometry": {"type": "LineString", "coordinates": [[-9.04072516461585, 62.16147277008211], [-9.066808980795457, 62.163235085327]]}, "properties": {"source": "2777407", "target": "21426545"}}, {"type": "Feature", "geometry": {"type": "LineString", "coordinates": [[-9.04072516461585, 62.16147277008211], [-9.021726763203077, 62.16651679489752]]}, "properties": {"source": "2777407", "target": "29979972"}}, {"type": "Feature", "geometry": {"type": "LineString", "coordinates": [[-9.04072516461585, 62.16147277008211], [-9.076342107191891, 62.17884699946491]]}, "properties": {"source": "2777407", "target": "30008298"}}, {"type": "Feature", "geometry": {"type": "LineString", "coordinates": [[-9.04072516461585, 62.16147277008211], [-9.05467528141719, 62.17715149498275]]}, "properties": {"source": "2777407", "target": "3140171"}}, {"type": "Feature", "geometry": {"type": "LineString", "coordinates": [[-9.04072516461585, 62.16147277008211], [-9.076958425305236, 62.16556687411213]]}, "properties": {"source": "2777407", "target": "21462992"}}, {"type": "Feature", "geometry": {"type": "LineString", "coordinates": [[-9.04072516461585, 62.16147277008211], [-9.05099885550203, 62.17284652645182]]}, "properties": {"source": "2777407", "target": "2777614"}}, {"type": "Feature", "geometry": {"type": "LineString", "coordinates": [[-9.04072516461585, 62.16147277008211], [-9.05480638709966, 62.16768816188241]]}, "properties": {"source": "2777407", "target": "27073296"}}, {"type": "Feature", "geometry": {"type": "LineString", "coordinates": [[-9.04072516461585, 62.16147277008211], [-9.06713964230778, 62.16634207735467]]}, "properties": {"source": "2777407", "target": "3140173"}}, {"type": "Feature", "geometry": {"type": "LineString", "coordinates": [[-9.04072516461585, 62.16147277008211], [-9.033390743400759, 62.17171211886223]]}, "properties": {"source": "2777407", "target": "21462950"}}, {"type": "Feature", "geometry": {"type": "LineString", "coordinates": [[-9.04072516461585, 62.16147277008211], [-9.036241626904854, 62.165151592448936]]}, "properties": {"source": "2777407", "target": "2243660"}}, {"type": "Feature", "geometry": {"type": "LineString", "coordinates": [[-9.04072516461585, 62.16147277008211], [-9.057160320574127, 62.18052822837416]]}, "properties": {"source": "2777407", "target": "21462903"}}, {"type": "Feature", "geometry": {"type": "LineString", "coordinates": [[-9.034724032369269, 62.1753085186175], [-9.05467528141719, 62.17715149498275]]}, "properties": {"source": "2957384", "target": "3140171"}}, {"type": "Feature", "geometry": {"type": "LineString", "coordinates": [[-9.034724032369269, 62.1753085186175], [-9.021690700773036, 62.17697749493685]]}, "properties": {"source": "2957384", "target": "30056942"}}, {"type": "Feature", "geometry": {"type": "LineString", "coordinates": [[-9.034724032369269, 62.1753085186175], [-9.031884345132141, 62.173620001817056]]}, "properties": {"source": "2957384", "target": "4351858"}}, {"type": "Feature", "geometry": {"type": "LineString", "coordinates": [[-9.052152219476653, 62.16431419109422], [-9.026541353081285, 62.181977921967984]]}, "properties": {"source": "867159", "target": "892327"}}, {"type": "Feature", "geometry": {"type": "LineString", "coordinates": [[-9.052152219476653, 62.16431419109422], [-9.055178178291868, 62.177965844416605]]}, "properties": {"source": "867159", "target": "7733431"}}, {"type": "Feature", "geometry": {"type": "LineString", "coordinates": [[-9.052152219476653, 62.16431419109422], [-9.043244558205572, 62.17453918342201]]}, "properties": {"source": "867159", "target": "7103428"}}, {"type": "Feature", "geometry": {"type": "LineString", "coordinates": [[-9.052152219476653, 62.16431419109422], [-9.077802913099333, 62.16502571478979]]}, "properties": {"source": "867159", "target": "8296211"}}, {"type": "Feature", "geometry": {"type": "LineString", "coordinates": [[-9.052152219476653, 62.16431419109422], [-9.024366881169243, 62.16084513039887]]}, "properties": {"source": "867159", "target": "8197174"}}, {"type": "Feature", "geometry": {"type": "LineString", "coordinates": [[-9.057713276053278, 62.17097463138872], [-9.066789012276331, 62.16692154879752]]}, "properties": {"source": "17455920", "target": "16090691"}}, {"type": "Feature", "geometry": {"type": "LineString", "coordinates": [[-9.057713276053278, 62.17097463138872], [-9.082073370023977, 62.17075188150301]]}, "properties": {"source": "17455920", "target": "1881735"}}, {"type": "Feature", "geometry": {"type": "LineString", "coordinates": [[-9.057713276053278, 62.17097463138872], [-9.024512837431615, 62.17724285912645]]}, "properties": {"source": "17455920", "target": "16065328"}}, {"type": "Feature", "geometry": {"type": "LineString", "coordinates": [[-9.057713276053278, 62.17097463138872], [-9.068824898767474, 62.16748365404017]]}, "properties": {"source": "17455920", "target": "16028332"}}, {"type": "Feature", "geometry": {"type": "LineString", "coordinates": [[-9.057713276053278, 62.17097463138872], [-9.066647213069757, 62.16059709336146]]}, "properties": {"source": "17455920", "target": "16093014"}}, {"type": "Feature", "geometry": {"type": "LineString", "coordinates": [[-9.057713276053278, 62.17097463138872], [-9.026255526290953, 62.18171420288644]]}, "properties": {"source": "17455920", "target": "1633425"}}, {"type": "Feature", "geometry": {"type": "LineString", "coordinates": [[-9.066789012276331, 62.16692154879752], [-9.066808980795457, 62.163235085327]]}, "properties": {"source": "16090691", "target": "21426545"}}, {"type": "Feature", "geometry": {"type": "LineString", "coordinates": [[-9.066789012276331, 62.16692154879752], [-9.024512837431615, 62.17724285912645]]}, "properties": {"source": "16090691", "target": "16065328"}}, {"type": "Feature", "geometry": {"type": "LineString", "coordinates": [[-9.046504887692578, 62.17276859514715], [-9.070010355200935, 62.16105960473152]]}, "properties": {"source": "2518451", "target": "5623572"}}, {"type": "Feature", "geometry": {"type": "LineString", "coordinates": [[-9.046504887692578, 62.17276859514715], [-9.060084199402638, 62.16069906212566]]}, "properties": {"source": "2518451", "target": "1414871"}}, {"type": "Feature", "geometry": {"type": "LineString", "coordinates": [[-9.046504887692578, 62.17276859514715], [-9.060805383644777, 62.16882762922627]]}, "properties": {"source": "2518451", "target": "2380483"}}, {"type": "Feature", "geometry": {"type": "LineString", "coordinates": [[-9.046504887692578, 62.17276859514715], [-9.078548975290346, 62.172113091155]]}, "properties": {"source": "2518451", "target": "1414870"}}, {"type": "Feature", "geometry": {"type": "LineString", "coordinates": [[-9.046504887692578, 62.17276859514715], [-9.07482115561433, 62.16418492748066]]}, "properties": {"source": "2518451", "target": "1414867"}}, {"type": "Feature", "geometry": {"type": "LineString", "coordinates": [[-9.046504887692578, 62.17276859514715], [-9.040592612486336, 62.18113040494008]]}, "properties": {"source": "2518451", "target": "1414866"}}, {"type": "Feature", "geometry": {"type": "LineString", "coordinates": [[-9.046504887692578, 62.17276859514715], [-9.077386353139786, 62.16130280099895]]}, "properties": {"source": "2518451", "target": "18906890"}}, {"type": "Feature", "geometry": {"type": "LineString", "coordinates": [[-9.046504887692578, 62.17276859514715], [-9.059239215462497, 62.18201405185721]]}, "properties": {"source": "2518451", "target": "1414864"}}, {"type": "Feature", "geometry": {"type": "LineString", "coordinates": [[-9.046504887692578, 62.17276859514715], [-9.047649024255293, 62.171985183507246]]}, "properties": {"source": "2518451", "target": "1414865"}}, {"type": "Feature", "geometry": {"type": "LineString", "coordinates": [[-9.02527852167421, 62.17672011964271], [-9.056943894916884, 62.17979861304032]]}, "properties": {"source": "6715843", "target": "6720157"}}, {"type": "Feature", "geometry": {"type": "LineString", "coordinates": [[-9.02527852167421, 62.17672011964271], [-9.085055429521617, 62.16310387184855]]}, "properties": {"source": "6715843", "target": "6513968"}}, {"type": "Feature", "geometry": {"type": "LineString", "coordinates": [[-9.02045558863884, 62.18216586815346], [-9.078790771320143, 62.16627167076739]]}, "properties": {"source": "1134817", "target": "35017852"}}, {"type": "Feature", "geometry": {"type": "LineString", "coordinates": [[-9.02045558863884, 62.18216586815346], [-9.020935084703694, 62.16402208618831]]}, "properties": {"source": "1134817", "target": "68492"}}, {"type": "Feature", "geometry": {"type": "LineString", "coordinates": [[-9.02045558863884, 62.18216586815346], [-9.071146318342329, 62.18023617834665]]}, "properties": {"source": "1134817", "target": "35898176"}}, {"type": "Feature", "geometry": {"type": "LineString", "coordinates": [[-9.02045558863884, 62.18216586815346], [-9.048729181233966, 62.160966061842984]]}, "properties": {"source": "1134817", "target": "3039856"}}, {"type": "Feature", "geometry": {"type": "LineString", "coordinates": [[-9.02045558863884, 62.18216586815346], [-9.026541353081285, 62.181977921967984]]}, "properties": {"source": "1134817", "target": "892327"}}, {"type": "Feature", "geometry": {"type": "LineString", "coordinates": [[-9.055486109873328, 62.16783769442772], [-9.026541353081285, 62.181977921967984]]}, "properties": {"source": "29476071", "target": "892327"}}, {"type": "Feature", "geometry": {"type": "LineString", "coordinates": [[-9.055486109873328, 62.16783769442772], [-9.08044175429771, 62.17812779159132]]}, "properties": {"source": "29476071", "target": "515800"}}, {"type": "Feature", "geometry": {"type": "LineString", "coordinates": [[-9.055486109873328, 62.16783769442772], [-9.054906687780061, 62.17389234337672]]}, "properties": {"source": "29476071", "target": "8167523"}}, {"type": "Feature", "geometry": {"type": "LineString", "coordinates": [[-9.055486109873328, 62.16783769442772], [-9.035244602089847, 62.1619640481113]]}, "properties": {"source": "29476071", "target": "732432"}}, {"type": "Feature", "geometry": {"type": "LineString", "coordinates": [[-9.055486109873328, 62.16783769442772], [-9.044527074950707, 62.17832108163485]]}, "properties": {"source": "29476071", "target": "892326"}}, {"type": "Feature", "geometry": {"type": "LineString", "coordinates": [[-9.055486109873328, 62.16783769442772], [-9.055613590394842, 62.17853849946475]]}, "properties": {"source": "29476071", "target": "219261"}}, {"type": "Feature", "geometry": {"type": "LineString", "coordinates": [[-9.055486109873328, 62.16783769442772], [-9.0250943767264, 62.18244878903158]]}, "properties": {"source": "29476071", "target": "219259"}}, {"type": "Feature", "geometry": {"type": "LineString", "coordinates": [[-9.055486109873328, 62.16783769442772], [-9.052104378165978, 62.172842761439384]]}, "properties": {"source": "29476071", "target": "1712673"}}, {"type": "Feature", "geometry": {"type": "LineString", "coordinates": [[-9.055486109873328, 62.16783769442772], [-9.033621908443394, 62.17693679470294]]}, "properties": {"source": "29476071", "target": "1642461"}}, {"type": "Feature", "geometry": {"type": "LineString", "coordinates": [[-9.055486109873328, 62.16783769442772], [-9.074638749361043, 62.16922229279196]]}, "properties": {"source": "29476071", "target": "1134819"}}, {"type": "Feature", "geometry": {"type": "LineString", "coordinates": [[-9.055486109873328, 62.16783769442772], [-9.07161539775359, 62.160461438516094]]}, "properties": {"source": "29476071", "target": "1666147"}}, {"type": "Feature", "geometry": {"type": "LineString", "coordinates": [[-9.055486109873328, 62.16783769442772], [-9.042455892256726, 62.17180928503383]]}, "properties": {"source": "29476071", "target": "19504922"}}, {"type": "Feature", "geometry": {"type": "LineString", "coordinates": [[-9.055486109873328, 62.16783769442772], [-9.02045558863884, 62.18216586815346]]}, "properties": {"source": "29476071", "target": "1134817"}}, {"type": "Feature", "geometry": {"type": "LineString", "coordinates": [[-9.055486109873328, 62.16783769442772], [-9.081781452616667, 62.177260659507155]]}, "properties": {"source": "29476071", "target": "26499602"}}, {"type": "Feature", "geometry": {"type": "LineString", "coordinates": [[-9.055486109873328, 62.16783769442772], [-9.043263174263615, 62.16165038775438]]}, "properties": {"source": "29476071", "target": "1453714"}}, {"type": "Feature", "geometry": {"type": "LineString", "coordinates": [[-9.055486109873328, 62.16783769442772], [-9.0353537603159, 62.163292855214294]]}, "properties": {"source": "29476071", "target": "20578311"}}, {"type": "Feature", "geometry": {"type": "LineString", "coordinates": [[-9.079530726907052, 62.16561212835103], [-9.04954751625948, 62.17906942343146]]}, "properties": {"source": "8698244", "target": "16219638"}}, {"type": "Feature", "geometry": {"type": "LineString", "coordinates": [[-9.050393171824311, 62.176876776430916], [-9.075110535001784, 62.164669493697275]]}, "properties": {"source": "7047879", "target": "1137059"}}, {"type": "Feature", "geometry": {"type": "LineString", "coordinates": [[-9.06706061762722, 62.176882158585684], [-9.0823978280838, 62.165809511443996]]}, "properties": {"source": "16504362", "target": "15844675"}}, {"type": "Feature", "geometry": {"type": "LineString", "coordinates": [[-9.078188962994687, 62.16306617021786], [-9.076116203980689, 62.16826611595731]]}, "properties": {"source": "927105", "target": "783520"}}, {"type": "Feature", "geometry": {"type": "LineString", "coordinates": [[-9.032037895461343, 62.178480871222874], [-9.066320704324937, 62.17524863655939]]}, "properties": {"source": "17620858", "target": "6117068"}}, {"type": "Feature", "geometry": {"type": "LineString", "coordinates": [[-9.026186577735814, 62.17279348985082], [-9.027449268757493, 62.172498666005936]]}, "properties": {"source": "11311078", "target": "18265938"}}, {"type": "Feature", "geometry": {"type": "LineString", "coordinates": [[-9.075939439808394, 62.169814742449276], [-9.050682711761425, 62.16969314117891]]}, "properties": {"source": "17262322", "target": "17118815"}}, {"type": "Feature", "geometry": {"type": "LineString", "coordinates": [[-9.069258051915625, 62.17695221165954], [-9.031757812041093, 62.175598579646234]]}, "properties": {"source": "13279864", "target": "23443412"}}, {"type": "Feature", "geometry": {"type": "LineString", "coordinates": [[-9.039737345390591, 62.17153062440171], [-9.057981926955705, 62.182295107369114]]}, "properties": {"source": "28108788", "target": "1078323"}}, {"type": "Feature", "geometry": {"type": "LineString", "coordinates": [[-9.038794753479351, 62.160741096916794], [-9.050954218003199, 62.166507688815514]]}, "properties": {"source": "2271130", "target": "2271128"}}, {"type": "Feature", "geometry": {"type": "LineString", "coordinates": [[-9.036919210599109, 62.17687074595078], [-9.066808980795457, 62.163235085327]]}, "properties": {"source": "16039948", "target": "21426545"}}, {"type": "Feature", "geometry": {"type": "LineString", "coordinates": [[-9.036919210599109, 62.17687074595078], [-9.057713276053278, 62.17097463138872]]}, "properties": {"source": "16039948", "target": "17455920"}}, {"type": "Feature", "geometry": {"type": "LineString", "coordinates": [[-9.036919210599109, 62.17687074595078], [-9.066789012276331, 62.16692154879752]]}, "properties": {"source": "16039948", "target": "16090691"}}, {"type": "Feature", "geometry": {"type": "LineString", "coordinates": [[-9.036919210599109, 62.17687074595078], [-9.024512837431615, 62.17724285912645]]}, "properties": {"source": "16039948", "target": "16065328"}}, {"type": "Feature", "geometry": {"type": "LineString", "coordinates": [[-9.036919210599109, 62.17687074595078], [-9.068824898767474, 62.16748365404017]]}, "properties": {"source": "16039948", "target": "16028332"}}, {"type": "Feature", "geometry": {"type": "LineString", "coordinates": [[-9.036919210599109, 62.17687074595078], [-9.066647213069757, 62.16059709336146]]}, "properties": {"source": "16039948", "target": "16093014"}}, {"type": "Feature", "geometry": {"type": "LineString", "coordinates": [[-9.02045558863884, 62.18216586815346], [-9.044527074950707, 62.17832108163485]]}, "properties": {"source": "1134817", "target": "892326"}}, {"type": "Feature", "geometry": {"type": "LineString", "coordinates": [[-9.02045558863884, 62.18216586815346], [-9.070057444047677, 62.16684240304329]]}, "properties": {"source": "1134817", "target": "31822209"}}, {"type": "Feature", "geometry": {"type": "LineString", "coordinates": [[-9.02045558863884, 62.18216586815346], [-9.0250943767264, 62.18244878903158]]}, "properties": {"source": "1134817", "target": "219259"}}, {"type": "Feature", "geometry": {"type": "LineString", "coordinates": [[-9.02045558863884, 62.18216586815346], [-9.074144308705229, 62.174098183460856]]}, "properties": {"source": "1134817", "target": "1134818"}}, {"type": "Feature", "geometry": {"type": "LineString", "coordinates": [[-9.038344320751747, 62.17730238874525], [-9.056097313023173, 62.16396383779136]]}, "properties": {"source": "10213276", "target": "33187497"}}, {"type": "Feature", "geometry": {"type": "LineString", "coordinates": [[-9.038344320751747, 62.17730238874525], [-9.030342754443296, 62.16111036722694]]}, "properties": {"source": "10213276", "target": "23595474"}}, {"type": "Feature", "geometry": {"type": "LineString", "coordinates": [[-9.038344320751747, 62.17730238874525], [-9.033666872110786, 62.182045423021634]]}, "properties": {"source": "10213276", "target": "25342343"}}, {"type": "Feature", "geometry": {"type": "LineString", "coordinates": [[-9.038344320751747, 62.17730238874525], [-9.076958425305236, 62.16556687411213]]}, "properties": {"source": "10213276", "target": "21462992"}}, {"type": "Feature", "geometry": {"type": "LineString", "coordinates": [[-9.038344320751747, 62.17730238874525], [-9.021690700773036, 62.17697749493685]]}, "properties": {"source": "10213276", "target": "30056942"}}, {"type": "Feature", "geometry": {"type": "LineString", "coordinates": [[-9.060805383644777, 62.16882762922627], [-9.047649024255293, 62.171985183507246]]}, "properties": {"source": "2380483", "target": "1414865"}}, {"type": "Feature", "geometry": {"type": "LineString", "coordinates": [[-9.060805383644777, 62.16882762922627], [-9.05245868068667, 62.160768823978344]]}, "properties": {"source": "2380483", "target": "1771967"}}, {"type": "Feature", "geometry": {"type": "LineString", "coordinates": [[-9.073683794163742, 62.16914501682223], [-9.023205004332567, 62.174561038311]]}, "properties": {"source": "71383", "target": "7114105"}}, {"type": "Feature", "geometry": {"type": "LineString", "coordinates": [[-9.073683794163742, 62.16914501682223], [-9.074243445542095, 62.16501384153722]]}, "properties": {"source": "71383", "target": "7269142"}}, {"type": "Feature", "geometry": {"type": "LineString", "coordinates": [[-9.073683794163742, 62.16914501682223], [-9.060656186933414, 62.1617695108512]]}, "properties": {"source": "71383", "target": "7645593"}}, {"type": "Feature", "geometry": {"type": "LineString", "coordinates": [[-9.073683794163742, 62.16914501682223], [-9.073980112166879, 62.167997501951916]]}, "properties": {"source": "71383", "target": "7810827"}}, {"type": "Feature", "geometry": {"type": "LineString", "coordinates": [[-9.073683794163742, 62.16914501682223], [-9.04546025219068, 62.182174549491094]]}, "properties": {"source": "71383", "target": "5989470"}}, {"type": "Feature", "geometry": {"type": "LineString", "coordinates": [[-9.026541353081285, 62.181977921967984], [-9.04525762612704, 62.17709525151601]]}, "properties": {"source": "892327", "target": "7450959"}}, {"type": "Feature", "geometry": {"type": "LineString", "coordinates": [[-9.026541353081285, 62.181977921967984], [-9.06162571430005, 62.17631565840273]]}, "properties": {"source": "892327", "target": "68491"}}, {"type": "Feature", "geometry": {"type": "LineString", "coordinates": [[-9.026541353081285, 62.181977921967984], [-9.055178178291868, 62.177965844416605]]}, "properties": {"source": "892327", "target": "7733431"}}, {"type": "Feature", "geometry": {"type": "LineString", "coordinates": [[-9.026541353081285, 62.181977921967984], [-9.074638749361043, 62.16922229279196]]}, "properties": {"source": "892327", "target": "1134819"}}, {"type": "Feature", "geometry": {"type": "LineString", "coordinates": [[-9.026541353081285, 62.181977921967984], [-9.074144308705229, 62.174098183460856]]}, "properties": {"source": "892327", "target": "1134818"}}, {"type": "Feature", "geometry": {"type": "LineString", "coordinates": [[-9.033666872110786, 62.182045423021634], [-9.05467528141719, 62.17715149498275]]}, "properties": {"source": "25342343", "target": "3140171"}}, {"type": "Feature", "geometry": {"type": "LineString", "coordinates": [[-9.033666872110786, 62.182045423021634], [-9.076958425305236, 62.16556687411213]]}, "properties": {"source": "25342343", "target": "21462992"}}, {"type": "Feature", "geometry": {"type": "LineString", "coordinates": [[-9.033666872110786, 62.182045423021634], [-9.031757812041093, 62.175598579646234]]}, "properties": {"source": "25342343", "target": "23443412"}}, {"type": "Feature", "geometry": {"type": "LineString", "coordinates": [[-9.033666872110786, 62.182045423021634], [-9.034968801275994, 62.180499363697635]]}, "properties": {"source": "25342343", "target": "257073"}}, {"type": "Feature", "geometry": {"type": "LineString", "coordinates": [[-9.05589683781983, 62.170406447114686], [-9.051054031209333, 62.18098686717899]]}, "properties": {"source": "13622780", "target": "29243"}}, {"type": "Feature", "geometry": {"type": "LineString", "coordinates": [[-9.05589683781983, 62.170406447114686], [-9.070532503194784, 62.179769384090065]]}, "properties": {"source": "13622780", "target": "9872110"}}, {"type": "Feature", "geometry": {"type": "LineString", "coordinates": [[-9.05589683781983, 62.170406447114686], [-9.07113321526461, 62.176846479282474]]}, "properties": {"source": "13622780", "target": "1264414"}}, {"type": "Feature", "geometry": {"type": "LineString", "coordinates": [[-9.05589683781983, 62.170406447114686], [-9.021456599873716, 62.17585768380883]]}, "properties": {"source": "13622780", "target": "1917360"}}, {"type": "Feature", "geometry": {"type": "LineString", "coordinates": [[-9.05589683781983, 62.170406447114686], [-9.040200624364047, 62.162890603421545]]}, "properties": {"source": "13622780", "target": "9931530"}}, {"type": "Feature", "geometry": {"type": "LineString", "coordinates": [[-9.038344320751747, 62.17730238874525], [-9.060656186933414, 62.1617695108512]]}, "properties": {"source": "10213276", "target": "7645593"}}, {"type": "Feature", "geometry": {"type": "LineString", "coordinates": [[-9.038344320751747, 62.17730238874525], [-9.073980112166879, 62.167997501951916]]}, "properties": {"source": "10213276", "target": "7810827"}}, {"type": "Feature", "geometry": {"type": "LineString", "coordinates": [[-9.061665935678946, 62.16736895091012], [-9.071197363426023, 62.17432225898777]]}, "properties": {"source": "865067", "target": "7986058"}}, {"type": "Feature", "geometry": {"type": "LineString", "coordinates": [[-9.08044175429771, 62.17812779159132], [-9.078790771320143, 62.16627167076739]]}, "properties": {"source": "515800", "target": "35017852"}}, {"type": "Feature", "geometry": {"type": "LineString", "coordinates": [[-9.08044175429771, 62.17812779159132], [-9.050489036896494, 62.182045773100626]]}, "properties": {"source": "515800", "target": "6745082"}}, {"type": "Feature", "geometry": {"type": "LineString", "coordinates": [[-9.08044175429771, 62.17812779159132], [-9.026541353081285, 62.181977921967984]]}, "properties": {"source": "515800", "target": "892327"}}, {"type": "Feature", "geometry": {"type": "LineString", "coordinates": [[-9.08044175429771, 62.17812779159132], [-9.054906687780061, 62.17389234337672]]}, "properties": {"source": "515800", "target": "8167523"}}, {"type": "Feature", "geometry": {"type": "LineString", "coordinates": [[-9.08044175429771, 62.17812779159132], [-9.06162571430005, 62.17631565840273]]}, "properties": {"source": "515800", "target": "68491"}}, {"type": "Feature", "geometry": {"type": "LineString", "coordinates": [[-9.08044175429771, 62.17812779159132], [-9.055613590394842, 62.17853849946475]]}, "properties": {"source": "515800", "target": "219261"}}, {"type": "Feature", "geometry": {"type": "LineString", "coordinates": [[-9.08044175429771, 62.17812779159132], [-9.0250943767264, 62.18244878903158]]}, "properties": {"source": "515800", "target": "219259"}}, {"type": "Feature", "geometry": {"type": "LineString", "coordinates": [[-9.08044175429771, 62.17812779159132], [-9.052104378165978, 62.172842761439384]]}, "properties": {"source": "515800", "target": "1712673"}}, {"type": "Feature", "geometry": {"type": "LineString", "coordinates": [[-9.084930536982313, 62.17114396756723], [-9.04546025219068, 62.182174549491094]]}, "properties": {"source": "4937558", "target": "5989470"}}, {"type": "Feature", "geometry": {"type": "LineString", "coordinates": [[-9.084930536982313, 62.17114396756723], [-9.040931425767383, 62.1756367752422]]}, "properties": {"source": "4937558", "target": "315167"}}, {"type": "Feature", "geometry": {"type": "LineString", "coordinates": [[-9.084930536982313, 62.17114396756723], [-9.063397061646839, 62.180775907196704]]}, "properties": {"source": "4937558", "target": "33253014"}}, {"type": "Feature", "geometry": {"type": "LineString", "coordinates": [[-9.04379668607578, 62.180801349837964], [-9.056097313023173, 62.16396383779136]]}, "properties": {"source": "4937599", "target": "33187497"}}, {"type": "Feature", "geometry": {"type": "LineString", "coordinates": [[-9.04379668607578, 62.180801349837964], [-9.05467528141719, 62.17715149498275]]}, "properties": {"source": "4937599", "target": "3140171"}}, {"type": "Feature", "geometry": {"type": "LineString", "coordinates": [[-9.04379668607578, 62.180801349837964], [-9.026641724327419, 62.16167275609459]]}, "properties": {"source": "4937599", "target": "4913862"}}, {"type": "Feature", "geometry": {"type": "LineString", "coordinates": [[-9.04379668607578, 62.180801349837964], [-9.033615898567689, 62.17322393136233]]}, "properties": {"source": "4937599", "target": "4937603"}}, {"type": "Feature", "geometry": {"type": "LineString", "coordinates": [[-9.073772293326613, 62.16122324894383], [-9.070000094863161, 62.16076016387514]]}, "properties": {"source": "43809", "target": "4937583"}}, {"type": "Feature", "geometry": {"type": "LineString", "coordinates": [[-9.073772293326613, 62.16122324894383], [-9.084930536982313, 62.17114396756723]]}, "properties": {"source": "43809", "target": "4937558"}}, {"type": "Feature", "geometry": {"type": "LineString", "coordinates": [[-9.073772293326613, 62.16122324894383], [-9.04379668607578, 62.180801349837964]]}, "properties": {"source": "43809", "target": "4937599"}}, {"type": "Feature", "geometry": {"type": "LineString", "coordinates": [[-9.073772293326613, 62.16122324894383], [-9.026641724327419, 62.16167275609459]]}, "properties": {"source": "43809", "target": "4913862"}}, {"type": "Feature", "geometry": {"type": "LineString", "coordinates": [[-9.073772293326613, 62.16122324894383], [-9.033615898567689, 62.17322393136233]]}, "properties": {"source": "43809", "target": "4937603"}}, {"type": "Feature", "geometry": {"type": "LineString", "coordinates": [[-9.073772293326613, 62.16122324894383], [-9.034724032369269, 62.1753085186175]]}, "properties": {"source": "43809", "target": "2957384"}}, {"type": "Feature", "geometry": {"type": "LineString", "coordinates": [[-9.073772293326613, 62.16122324894383], [-9.040931425767383, 62.1756367752422]]}, "properties": {"source": "43809", "target": "315167"}}, {"type": "Feature", "geometry": {"type": "LineString", "coordinates": [[-9.073772293326613, 62.16122324894383], [-9.063397061646839, 62.180775907196704]]}, "properties": {"source": "43809", "target": "33253014"}}, {"type": "Feature", "geometry": {"type": "LineString", "coordinates": [[-9.023639099906404, 62.171101159146005], [-9.062328128412503, 62.16487252050349]]}, "properties": {"source": "9610766", "target": "7626013"}}, {"type": "Feature", "geometry": {"type": "LineString", "coordinates": [[-9.079586028887803, 62.17178227101866], [-9.066808980795457, 62.163235085327]]}, "properties": {"source": "18669611", "target": "21426545"}}, {"type": "Feature", "geometry": {"type": "LineString", "coordinates": [[-9.079586028887803, 62.17178227101866], [-9.076958425305236, 62.16556687411213]]}, "properties": {"source": "18669611", "target": "21462992"}}, {"type": "Feature", "geometry": {"type": "LineString", "coordinates": [[-9.079586028887803, 62.17178227101866], [-9.057160320574127, 62.18052822837416]]}, "properties": {"source": "18669611", "target": "21462903"}}, {"type": "Feature", "geometry": {"type": "LineString", "coordinates": [[-9.079586028887803, 62.17178227101866], [-9.0407591140754, 62.17347144864674]]}, "properties": {"source": "18669611", "target": "19188921"}}, {"type": "Feature", "geometry": {"type": "LineString", "coordinates": [[-9.062060503813399, 62.16909714359345], [-9.056356872008621, 62.175382428552666]]}, "properties": {"source": "28500606", "target": "11291815"}}, {"type": "Feature", "geometry": {"type": "LineString", "coordinates": [[-9.062060503813399, 62.16909714359345], [-9.081206016362785, 62.170588434121356]]}, "properties": {"source": "28500606", "target": "8608358"}}, {"type": "Feature", "geometry": {"type": "LineString", "coordinates": [[-9.062060503813399, 62.16909714359345], [-9.071695782221838, 62.172572237477794]]}, "properties": {"source": "28500606", "target": "8031629"}}, {"type": "Feature", "geometry": {"type": "LineString", "coordinates": [[-9.045602149428987, 62.16827668240349], [-9.028162905673469, 62.18180331091544]]}, "properties": {"source": "7965082", "target": "928209"}}, {"type": "Feature", "geometry": {"type": "LineString", "coordinates": [[-9.049913346029996, 62.17884667166037], [-9.073683794163742, 62.16914501682223]]}, "properties": {"source": "9682445", "target": "71383"}}, {"type": "Feature", "geometry": {"type": "LineString", "coordinates": [[-9.049913346029996, 62.17884667166037], [-9.073980112166879, 62.167997501951916]]}, "properties": {"source": "9682445", "target": "7810827"}}, {"type": "Feature", "geometry": {"type": "LineString", "coordinates": [[-9.049913346029996, 62.17884667166037], [-9.057816867285283, 62.1670787608703]]}, "properties": {"source": "9682445", "target": "11391602"}}, {"type": "Feature", "geometry": {"type": "LineString", "coordinates": [[-9.049913346029996, 62.17884667166037], [-9.045602149428987, 62.16827668240349]]}, "properties": {"source": "9682445", "target": "7965082"}}, {"type": "Feature", "geometry": {"type": "LineString", "coordinates": [[-9.049913346029996, 62.17884667166037], [-9.032065771051265, 62.17160002420056]]}, "properties": {"source": "9682445", "target": "11391595"}}, {"type": "Feature", "geometry": {"type": "LineString", "coordinates": [[-9.049913346029996, 62.17884667166037], [-9.028162905673469, 62.18180331091544]]}, "properties": {"source": "9682445", "target": "928209"}}, {"type": "Feature", "geometry": {"type": "LineString", "coordinates": [[-9.049913346029996, 62.17884667166037], [-9.026371276990545, 62.17039257809127]]}, "properties": {"source": "9682445", "target": "12690148"}}, {"type": "Feature", "geometry": {"type": "LineString", "coordinates": [[-9.049913346029996, 62.17884667166037], [-9.029040255771775, 62.16243446659591]]}, "properties": {"source": "9682445", "target": "7406246"}}, {"type": "Feature", "geometry": {"type": "LineString", "coordinates": [[-9.05589683781983, 62.170406447114686], [-9.055659843840886, 62.16748194492115]]}, "properties": {"source": "13622780", "target": "1841791"}}, {"type": "Feature", "geometry": {"type": "LineString", "coordinates": [[-9.042889870377252, 62.16375309517743], [-9.022426969279138, 62.18094483409132]]}, "properties": {"source": "1127491", "target": "7686741"}}, {"type": "Feature", "geometry": {"type": "LineString", "coordinates": [[-9.042889870377252, 62.16375309517743], [-9.032091455068922, 62.161402283144994]]}, "properties": {"source": "1127491", "target": "8315757"}}, {"type": "Feature", "geometry": {"type": "LineString", "coordinates": [[-9.042889870377252, 62.16375309517743], [-9.048567840123269, 62.180199227546694]]}, "properties": {"source": "1127491", "target": "2754195"}}, {"type": "Feature", "geometry": {"type": "LineString", "coordinates": [[-9.042889870377252, 62.16375309517743], [-9.027085561681986, 62.1806410280461]]}, "properties": {"source": "1127491", "target": "2798746"}}, {"type": "Feature", "geometry": {"type": "LineString", "coordinates": [[-9.042889870377252, 62.16375309517743], [-9.083434643837109, 62.180950215942474]]}, "properties": {"source": "1127491", "target": "8088961"}}, {"type": "Feature", "geometry": {"type": "LineString", "coordinates": [[-9.042889870377252, 62.16375309517743], [-9.065876372682766, 62.163748113992995]]}, "properties": {"source": "1127491", "target": "46378"}}, {"type": "Feature", "geometry": {"type": "LineString", "coordinates": [[-9.030619017717214, 62.17918134320426], [-9.076958425305236, 62.16556687411213]]}, "properties": {"source": "2777746", "target": "21462992"}}, {"type": "Feature", "geometry": {"type": "LineString", "coordinates": [[-9.030619017717214, 62.17918134320426], [-9.031757812041093, 62.175598579646234]]}, "properties": {"source": "2777746", "target": "23443412"}}, {"type": "Feature", "geometry": {"type": "LineString", "coordinates": [[-9.030619017717214, 62.17918134320426], [-9.059250830610836, 62.16851018594757]]}, "properties": {"source": "2777746", "target": "28639282"}}, {"type": "Feature", "geometry": {"type": "LineString", "coordinates": [[-9.030619017717214, 62.17918134320426], [-9.070057444047677, 62.16684240304329]]}, "properties": {"source": "2777746", "target": "31822209"}}, {"type": "Feature", "geometry": {"type": "LineString", "coordinates": [[-9.030619017717214, 62.17918134320426], [-9.08299230767355, 62.16315027762178]]}, "properties": {"source": "2777746", "target": "1214414"}}, {"type": "Feature", "geometry": {"type": "LineString", "coordinates": [[-9.031757812041093, 62.175598579646234], [-9.076958425305236, 62.16556687411213]]}, "properties": {"source": "23443412", "target": "21462992"}}, {"type": "Feature", "geometry": {"type": "LineString", "coordinates": [[-9.031757812041093, 62.175598579646234], [-9.034968801275994, 62.180499363697635]]}, "properties": {"source": "23443412", "target": "257073"}}, {"type": "Feature", "geometry": {"type": "LineString", "coordinates": [[-9.031757812041093, 62.175598579646234], [-9.044346664555718, 62.17535742099142]]}, "properties": {"source": "23443412", "target": "2811318"}}, {"type": "Feature", "geometry": {"type": "LineString", "coordinates": [[-9.031757812041093, 62.175598579646234], [-9.060675572800108, 62.167372058822835]]}, "properties": {"source": "23443412", "target": "2777788"}}, {"type": "Feature", "geometry": {"type": "LineString", "coordinates": [[-9.026974254320947, 62.1651161957856], [-9.032675684328467, 62.16492114885759]]}, "properties": {"source": "18517433", "target": "1795388"}}, {"type": "Feature", "geometry": {"type": "LineString", "coordinates": [[-9.026974254320947, 62.1651161957856], [-9.084395401159043, 62.169446081479336]]}, "properties": {"source": "18517433", "target": "1940367"}}, {"type": "Feature", "geometry": {"type": "LineString", "coordinates": [[-9.026974254320947, 62.1651161957856], [-9.057713276053278, 62.17097463138872]]}, "properties": {"source": "18517433", "target": "17455920"}}, {"type": "Feature", "geometry": {"type": "LineString", "coordinates": [[-9.026974254320947, 62.1651161957856], [-9.066789012276331, 62.16692154879752]]}, "properties": {"source": "18517433", "target": "16090691"}}, {"type": "Feature", "geometry": {"type": "LineString", "coordinates": [[-9.026974254320947, 62.1651161957856], [-9.082073370023977, 62.17075188150301]]}, "properties": {"source": "18517433", "target": "1881735"}}, {"type": "Feature", "geometry": {"type": "LineString", "coordinates": [[-9.026974254320947, 62.1651161957856], [-9.037863790467583, 62.17112237732236]]}, "properties": {"source": "18517433", "target": "1881953"}}, {"type": "Feature", "geometry": {"type": "LineString", "coordinates": [[-9.026974254320947, 62.1651161957856], [-9.038344320751747, 62.17730238874525]]}, "properties": {"source": "18517433", "target": "10213276"}}, {"type": "Feature", "geometry": {"type": "LineString", "coordinates": [[-9.033390743400759, 62.17171211886223], [-9.036241626904854, 62.165151592448936]]}, "properties": {"source": "21462950", "target": "2243660"}}, {"type": "Feature", "geometry": {"type": "LineString", "coordinates": [[-9.033390743400759, 62.17171211886223], [-9.057160320574127, 62.18052822837416]]}, "properties": {"source": "21462950", "target": "21462903"}}, {"type": "Feature", "geometry": {"type": "LineString", "coordinates": [[-9.033390743400759, 62.17171211886223], [-9.031757812041093, 62.175598579646234]]}, "properties": {"source": "21462950", "target": "23443412"}}, {"type": "Feature", "geometry": {"type": "LineString", "coordinates": [[-9.033390743400759, 62.17171211886223], [-9.034968801275994, 62.180499363697635]]}, "properties": {"source": "21462950", "target": "257073"}}, {"type": "Feature", "geometry": {"type": "LineString", "coordinates": [[-9.033390743400759, 62.17171211886223], [-9.042337220649443, 62.173902829270745]]}, "properties": {"source": "21462950", "target": "20415701"}}, {"type": "Feature", "geometry": {"type": "LineString", "coordinates": [[-9.033390743400759, 62.17171211886223], [-9.0407591140754, 62.17347144864674]]}, "properties": {"source": "21462950", "target": "19188921"}}, {"type": "Feature", "geometry": {"type": "LineString", "coordinates": [[-9.033390743400759, 62.17171211886223], [-9.03361000233258, 62.17938775932005]]}, "properties": {"source": "21462950", "target": "2084404"}}, {"type": "Feature", "geometry": {"type": "LineString", "coordinates": [[-9.033390743400759, 62.17171211886223], [-9.032102311093439, 62.175127320389834]]}, "properties": {"source": "21462950", "target": "2554040"}}, {"type": "Feature", "geometry": {"type": "LineString", "coordinates": [[-9.033390743400759, 62.17171211886223], [-9.082073370023977, 62.17075188150301]]}, "properties": {"source": "21462950", "target": "1881735"}}, {"type": "Feature", "geometry": {"type": "LineString", "coordinates": [[-9.033390743400759, 62.17171211886223], [-9.037863790467583, 62.17112237732236]]}, "properties": {"source": "21462950", "target": "1881953"}}, {"type": "Feature", "geometry": {"type": "LineString", "coordinates": [[-9.033390743400759, 62.17171211886223], [-9.079586028887803, 62.17178227101866]]}, "properties": {"source": "21462950", "target": "18669611"}}, {"type": "Feature", "geometry": {"type": "LineString", "coordinates": [[-9.036241626904854, 62.165151592448936], [-9.033666872110786, 62.182045423021634]]}, "properties": {"source": "2243660", "target": "25342343"}}, {"type": "Feature", "geometry": {"type": "LineString", "coordinates": [[-9.036241626904854, 62.165151592448936], [-9.076958425305236, 62.16556687411213]]}, "properties": {"source": "2243660", "target": "21462992"}}, {"type": "Feature", "geometry": {"type": "LineString", "coordinates": [[-9.036241626904854, 62.165151592448936], [-9.057160320574127, 62.18052822837416]]}, "properties": {"source": "2243660", "target": "21462903"}}, {"type": "Feature", "geometry": {"type": "LineString", "coordinates": [[-9.036241626904854, 62.165151592448936], [-9.030619017717214, 62.17918134320426]]}, "properties": {"source": "2243660", "target": "2777746"}}, {"type": "Feature", "geometry": {"type": "LineString", "coordinates": [[-9.036241626904854, 62.165151592448936], [-9.031757812041093, 62.175598579646234]]}, "properties": {"source": "2243660", "target": "23443412"}}, {"type": "Feature", "geometry": {"type": "LineString", "coordinates": [[-9.06162571430005, 62.17631565840273], [-9.028748656081461, 62.177764523825104]]}, "properties": {"source": "68491", "target": "4329568"}}, {"type": "Feature", "geometry": {"type": "LineString", "coordinates": [[-9.070010355200935, 62.16105960473152], [-9.028748656081461, 62.177764523825104]]}, "properties": {"source": "5623572", "target": "4329568"}}, {"type": "Feature", "geometry": {"type": "LineString", "coordinates": [[-9.067297136340898, 62.17646399647114], [-9.023205004332567, 62.174561038311]]}, "properties": {"source": "6680719", "target": "7114105"}}, {"type": "Feature", "geometry": {"type": "LineString", "coordinates": [[-9.067297136340898, 62.17646399647114], [-9.070000094863161, 62.16076016387514]]}, "properties": {"source": "6680719", "target": "4937583"}}, {"type": "Feature", "geometry": {"type": "LineString", "coordinates": [[-9.067297136340898, 62.17646399647114], [-9.04379668607578, 62.180801349837964]]}, "properties": {"source": "6680719", "target": "4937599"}}, {"type": "Feature", "geometry": {"type": "LineString", "coordinates": [[-9.067297136340898, 62.17646399647114], [-9.033615898567689, 62.17322393136233]]}, "properties": {"source": "6680719", "target": "4937603"}}, {"type": "Feature", "geometry": {"type": "LineString", "coordinates": [[-9.067297136340898, 62.17646399647114], [-9.074243445542095, 62.16501384153722]]}, "properties": {"source": "6680719", "target": "7269142"}}, {"type": "Feature", "geometry": {"type": "LineString", "coordinates": [[-9.067297136340898, 62.17646399647114], [-9.060656186933414, 62.1617695108512]]}, "properties": {"source": "6680719", "target": "7645593"}}, {"type": "Feature", "geometry": {"type": "LineString", "coordinates": [[-9.067297136340898, 62.17646399647114], [-9.073683794163742, 62.16914501682223]]}, "properties": {"source": "6680719", "target": "71383"}}, {"type": "Feature", "geometry": {"type": "LineString", "coordinates": [[-9.076649336970917, 62.1751669512597], [-9.081391163350787, 62.17600339524522]]}, "properties": {"source": "23803502", "target": "2811093"}}, {"type": "Feature", "geometry": {"type": "LineString", "coordinates": [[-9.076649336970917, 62.1751669512597], [-9.026598074603243, 62.172881627587714]]}, "properties": {"source": "23803502", "target": "2271134"}}, {"type": "Feature", "geometry": {"type": "LineString", "coordinates": [[-9.076649336970917, 62.1751669512597], [-9.040431165092485, 62.165299768384614]]}, "properties": {"source": "23803502", "target": "10227519"}}, {"type": "Feature", "geometry": {"type": "LineString", "coordinates": [[-9.076649336970917, 62.1751669512597], [-9.057981926955705, 62.182295107369114]]}, "properties": {"source": "23803502", "target": "1078323"}}, {"type": "Feature", "geometry": {"type": "LineString", "coordinates": [[-9.076649336970917, 62.1751669512597], [-9.03133450918611, 62.18011677972376]]}, "properties": {"source": "23803502", "target": "12390698"}}, {"type": "Feature", "geometry": {"type": "LineString", "coordinates": [[-9.076649336970917, 62.1751669512597], [-9.047564186816999, 62.17133916514554]]}, "properties": {"source": "23803502", "target": "1289814"}}, {"type": "Feature", "geometry": {"type": "LineString", "coordinates": [[-9.076649336970917, 62.1751669512597], [-9.063501474558336, 62.161229165391674]]}, "properties": {"source": "23803502", "target": "1421116"}}, {"type": "Feature", "geometry": {"type": "LineString", "coordinates": [[-9.04379668607578, 62.180801349837964], [-9.031884345132141, 62.173620001817056]]}, "properties": {"source": "4937599", "target": "4351858"}}, {"type": "Feature", "geometry": {"type": "LineString", "coordinates": [[-9.04379668607578, 62.180801349837964], [-9.04546025219068, 62.182174549491094]]}, "properties": {"source": "4937599", "target": "5989470"}}, {"type": "Feature", "geometry": {"type": "LineString", "coordinates": [[-9.04379668607578, 62.180801349837964], [-9.040931425767383, 62.1756367752422]]}, "properties": {"source": "4937599", "target": "315167"}}, {"type": "Feature", "geometry": {"type": "LineString", "coordinates": [[-9.04379668607578, 62.180801349837964], [-9.063397061646839, 62.180775907196704]]}, "properties": {"source": "4937599", "target": "33253014"}}, {"type": "Feature", "geometry": {"type": "LineString", "coordinates": [[-9.027085561681986, 62.1806410280461], [-9.032091455068922, 62.161402283144994]]}, "properties": {"source": "2798746", "target": "8315757"}}, {"type": "Feature", "geometry": {"type": "LineString", "coordinates": [[-9.027085561681986, 62.1806410280461], [-9.083434643837109, 62.180950215942474]]}, "properties": {"source": "2798746", "target": "8088961"}}, {"type": "Feature", "geometry": {"type": "LineString", "coordinates": [[-9.027085561681986, 62.1806410280461], [-9.065876372682766, 62.163748113992995]]}, "properties": {"source": "2798746", "target": "46378"}}, {"type": "Feature", "geometry": {"type": "LineString", "coordinates": [[-9.027085561681986, 62.1806410280461], [-9.070903997170007, 62.16257456207529]]}, "properties": {"source": "2798746", "target": "1546627"}}, {"type": "Feature", "geometry": {"type": "LineString", "coordinates": [[-9.027085561681986, 62.1806410280461], [-9.038188905496327, 62.16638561600574]]}, "properties": {"source": "2798746", "target": "10669676"}}, {"type": "Feature", "geometry": {"type": "LineString", "coordinates": [[-9.063117667386138, 62.1674895079332], [-9.052152219476653, 62.16431419109422]]}, "properties": {"source": "702075", "target": "867159"}}, {"type": "Feature", "geometry": {"type": "LineString", "coordinates": [[-9.063117667386138, 62.1674895079332], [-9.077802913099333, 62.16502571478979]]}, "properties": {"source": "702075", "target": "8296211"}}, {"type": "Feature", "geometry": {"type": "LineString", "coordinates": [[-9.028162905673469, 62.18180331091544], [-9.023205004332567, 62.174561038311]]}, "properties": {"source": "928209", "target": "7114105"}}, {"type": "Feature", "geometry": {"type": "LineString", "coordinates": [[-9.028162905673469, 62.18180331091544], [-9.074243445542095, 62.16501384153722]]}, "properties": {"source": "928209", "target": "7269142"}}, {"type": "Feature", "geometry": {"type": "LineString", "coordinates": [[-9.028162905673469, 62.18180331091544], [-9.060656186933414, 62.1617695108512]]}, "properties": {"source": "928209", "target": "7645593"}}, {"type": "Feature", "geometry": {"type": "LineString", "coordinates": [[-9.028162905673469, 62.18180331091544], [-9.073980112166879, 62.167997501951916]]}, "properties": {"source": "928209", "target": "7810827"}}, {"type": "Feature", "geometry": {"type": "LineString", "coordinates": [[-9.060807502245325, 62.170725188647154], [-9.026541353081285, 62.181977921967984]]}, "properties": {"source": "8580950", "target": "892327"}}, {"type": "Feature", "geometry": {"type": "LineString", "coordinates": [[-9.083054445843288, 62.16962201569588], [-9.05647878717491, 62.17139508541028]]}, "properties": {"source": "6623221", "target": "3484406"}}, {"type": "Feature", "geometry": {"type": "LineString", "coordinates": [[-9.083054445843288, 62.16962201569588], [-9.081723567075699, 62.17268530411178]]}, "properties": {"source": "6623221", "target": "7698004"}}, {"type": "Feature", "geometry": {"type": "LineString", "coordinates": [[-9.083054445843288, 62.16962201569588], [-9.059417827679283, 62.181574790536004]]}, "properties": {"source": "6623221", "target": "26239941"}}, {"type": "Feature", "geometry": {"type": "LineString", "coordinates": [[-9.083054445843288, 62.16962201569588], [-9.066320704324937, 62.17524863655939]]}, "properties": {"source": "6623221", "target": "6117068"}}, {"type": "Feature", "geometry": {"type": "LineString", "coordinates": [[-9.055486109873328, 62.16783769442772], [-9.078790771320143, 62.16627167076739]]}, "properties": {"source": "29476071", "target": "35017852"}}, {"type": "Feature", "geometry": {"type": "LineString", "coordinates": [[-9.055486109873328, 62.16783769442772], [-9.020935084703694, 62.16402208618831]]}, "properties": {"source": "29476071", "target": "68492"}}, {"type": "Feature", "geometry": {"type": "LineString", "coordinates": [[-9.055486109873328, 62.16783769442772], [-9.071146318342329, 62.18023617834665]]}, "properties": {"source": "29476071", "target": "35898176"}}, {"type": "Feature", "geometry": {"type": "LineString", "coordinates": [[-9.055486109873328, 62.16783769442772], [-9.048729181233966, 62.160966061842984]]}, "properties": {"source": "29476071", "target": "3039856"}}, {"type": "Feature", "geometry": {"type": "LineString", "coordinates": [[-9.055486109873328, 62.16783769442772], [-9.050489036896494, 62.182045773100626]]}, "properties": {"source": "29476071", "target": "6745082"}}, {"type": "Feature", "geometry": {"type": "LineString", "coordinates": [[-9.033666872110786, 62.182045423021634], [-9.044346664555718, 62.17535742099142]]}, "properties": {"source": "25342343", "target": "2811318"}}, {"type": "Feature", "geometry": {"type": "LineString", "coordinates": [[-9.033666872110786, 62.182045423021634], [-9.060675572800108, 62.167372058822835]]}, "properties": {"source": "25342343", "target": "2777788"}}, {"type": "Feature", "geometry": {"type": "LineString", "coordinates": [[-9.033666872110786, 62.182045423021634], [-9.057816867285283, 62.1670787608703]]}, "properties": {"source": "25342343", "target": "11391602"}}, {"type": "Feature", "geometry": {"type": "LineString", "coordinates": [[-9.033666872110786, 62.182045423021634], [-9.032102311093439, 62.175127320389834]]}, "properties": {"source": "25342343", "target": "2554040"}}, {"type": "Feature", "geometry": {"type": "LineString", "coordinates": [[-9.05467528141719, 62.17715149498275], [-9.034968801275994, 62.180499363697635]]}, "properties": {"source": "3140171", "target": "257073"}}, {"type": "Feature", "geometry": {"type": "LineString", "coordinates": [[-9.05467528141719, 62.17715149498275], [-9.044346664555718, 62.17535742099142]]}, "properties": {"source": "3140171", "target": "2811318"}}, {"type": "Feature", "geometry": {"type": "LineString", "coordinates": [[-9.05467528141719, 62.17715149498275], [-9.026641724327419, 62.16167275609459]]}, "properties": {"source": "3140171", "target": "4913862"}}, {"type": "Feature", "geometry": {"type": "LineString", "coordinates": [[-9.076649336970917, 62.1751669512597], [-9.062444877243308, 62.17017744733734]]}, "properties": {"source": "23803502", "target": "1241937"}}, {"type": "Feature", "geometry": {"type": "LineString", "coordinates": [[-9.061665935678946, 62.16736895091012], [-9.026541353081285, 62.181977921967984]]}, "properties": {"source": "865067", "target": "892327"}}, {"type": "Feature", "geometry": {"type": "LineString", "coordinates": [[-9.061665935678946, 62.16736895091012], [-9.062328128412503, 62.16487252050349]]}, "properties": {"source": "865067", "target": "7626013"}}, {"type": "Feature", "geometry": {"type": "LineString", "coordinates": [[-9.061665935678946, 62.16736895091012], [-9.080944879059217, 62.17515050156594]]}, "properties": {"source": "865067", "target": "855963"}}, {"type": "Feature", "geometry": {"type": "LineString", "coordinates": [[-9.061665935678946, 62.16736895091012], [-9.055178178291868, 62.177965844416605]]}, "properties": {"source": "865067", "target": "7733431"}}, {"type": "Feature", "geometry": {"type": "LineString", "coordinates": [[-9.061665935678946, 62.16736895091012], [-9.083249376617175, 62.166688289375855]]}, "properties": {"source": "865067", "target": "874111"}}, {"type": "Feature", "geometry": {"type": "LineString", "coordinates": [[-9.061665935678946, 62.16736895091012], [-9.043244558205572, 62.17453918342201]]}, "properties": {"source": "865067", "target": "7103428"}}, {"type": "Feature", "geometry": {"type": "LineString", "coordinates": [[-9.061665935678946, 62.16736895091012], [-9.052152219476653, 62.16431419109422]]}, "properties": {"source": "865067", "target": "867159"}}, {"type": "Feature", "geometry": {"type": "LineString", "coordinates": [[-9.083249376617175, 62.166688289375855], [-9.032572484304865, 62.17263521712201]]}, "properties": {"source": "874111", "target": "7171908"}}, {"type": "Feature", "geometry": {"type": "LineString", "coordinates": [[-9.038188905496327, 62.16638561600574], [-9.070903997170007, 62.16257456207529]]}, "properties": {"source": "10669676", "target": "1546627"}}, {"type": "Feature", "geometry": {"type": "LineString", "coordinates": [[-9.039248836302136, 62.16899101813641], [-9.020935084703694, 62.16402208618831]]}, "properties": {"source": "7267881", "target": "68492"}}, {"type": "Feature", "geometry": {"type": "LineString", "coordinates": [[-9.039248836302136, 62.16899101813641], [-9.061665935678946, 62.16736895091012]]}, "properties": {"source": "7267881", "target": "865067"}}, {"type": "Feature", "geometry": {"type": "LineString", "coordinates": [[-9.039248836302136, 62.16899101813641], [-9.06162571430005, 62.17631565840273]]}, "properties": {"source": "7267881", "target": "68491"}}, {"type": "Feature", "geometry": {"type": "LineString", "coordinates": [[-9.039248836302136, 62.16899101813641], [-9.055178178291868, 62.177965844416605]]}, "properties": {"source": "7267881", "target": "7733431"}}, {"type": "Feature", "geometry": {"type": "LineString", "coordinates": [[-9.039248836302136, 62.16899101813641], [-9.043244558205572, 62.17453918342201]]}, "properties": {"source": "7267881", "target": "7103428"}}, {"type": "Feature", "geometry": {"type": "LineString", "coordinates": [[-9.061665935678946, 62.16736895091012], [-9.064536913726926, 62.18189753324391]]}, "properties": {"source": "865067", "target": "874105"}}, {"type": "Feature", "geometry": {"type": "LineString", "coordinates": [[-9.042889870377252, 62.16375309517743], [-9.070903997170007, 62.16257456207529]]}, "properties": {"source": "1127491", "target": "1546627"}}, {"type": "Feature", "geometry": {"type": "LineString", "coordinates": [[-9.081781452616667, 62.177260659507155], [-9.078790771320143, 62.16627167076739]]}, "properties": {"source": "26499602", "target": "35017852"}}, {"type": "Feature", "geometry": {"type": "LineString", "coordinates": [[-9.081781452616667, 62.177260659507155], [-9.048729181233966, 62.160966061842984]]}, "properties": {"source": "26499602", "target": "3039856"}}, {"type": "Feature", "geometry": {"type": "LineString", "coordinates": [[-9.081781452616667, 62.177260659507155], [-9.050489036896494, 62.182045773100626]]}, "properties": {"source": "26499602", "target": "6745082"}}, {"type": "Feature", "geometry": {"type": "LineString", "coordinates": [[-9.081781452616667, 62.177260659507155], [-9.08044175429771, 62.17812779159132]]}, "properties": {"source": "26499602", "target": "515800"}}, {"type": "Feature", "geometry": {"type": "LineString", "coordinates": [[-9.081781452616667, 62.177260659507155], [-9.054906687780061, 62.17389234337672]]}, "properties": {"source": "26499602", "target": "8167523"}}, {"type": "Feature", "geometry": {"type": "LineString", "coordinates": [[-9.081781452616667, 62.177260659507155], [-9.055613590394842, 62.17853849946475]]}, "properties": {"source": "26499602", "target": "219261"}}, {"type": "Feature", "geometry": {"type": "LineString", "coordinates": [[-9.081781452616667, 62.177260659507155], [-9.052104378165978, 62.172842761439384]]}, "properties": {"source": "26499602", "target": "1712673"}}, {"type": "Feature", "geometry": {"type": "LineString", "coordinates": [[-9.034724032369269, 62.1753085186175], [-9.056097313023173, 62.16396383779136]]}, "properties": {"source": "2957384", "target": "33187497"}}, {"type": "Feature", "geometry": {"type": "LineString", "coordinates": [[-9.057160320574127, 62.18052822837416], [-9.034968801275994, 62.180499363697635]]}, "properties": {"source": "21462903", "target": "257073"}}, {"type": "Feature", "geometry": {"type": "LineString", "coordinates": [[-9.057160320574127, 62.18052822837416], [-9.042337220649443, 62.173902829270745]]}, "properties": {"source": "21462903", "target": "20415701"}}, {"type": "Feature", "geometry": {"type": "LineString", "coordinates": [[-9.057160320574127, 62.18052822837416], [-9.0407591140754, 62.17347144864674]]}, "properties": {"source": "21462903", "target": "19188921"}}, {"type": "Feature", "geometry": {"type": "LineString", "coordinates": [[-9.057160320574127, 62.18052822837416], [-9.03361000233258, 62.17938775932005]]}, "properties": {"source": "21462903", "target": "2084404"}}, {"type": "Feature", "geometry": {"type": "LineString", "coordinates": [[-9.057160320574127, 62.18052822837416], [-9.032102311093439, 62.175127320389834]]}, "properties": {"source": "21462903", "target": "2554040"}}, {"type": "Feature", "geometry": {"type": "LineString", "coordinates": [[-9.057160320574127, 62.18052822837416], [-9.082073370023977, 62.17075188150301]]}, "properties": {"source": "21462903", "target": "1881735"}}, {"type": "Feature", "geometry": {"type": "LineString", "coordinates": [[-9.030619017717214, 62.17918134320426], [-9.05467528141719, 62.17715149498275]]}, "properties": {"source": "2777746", "target": "3140171"}}, {"type": "Feature", "geometry": {"type": "LineString", "coordinates": [[-9.02376911942531, 62.17082769567375], [-9.05467528141719, 62.17715149498275]]}, "properties": {"source": "106791", "target": "3140171"}}, {"type": "Feature", "geometry": {"type": "LineString", "coordinates": [[-9.02376911942531, 62.17082769567375], [-9.030619017717214, 62.17918134320426]]}, "properties": {"source": "106791", "target": "2777746"}}, {"type": "Feature", "geometry": {"type": "LineString", "coordinates": [[-9.02376911942531, 62.17082769567375], [-9.06162571430005, 62.17631565840273]]}, "properties": {"source": "106791", "target": "68491"}}, {"type": "Feature", "geometry": {"type": "LineString", "coordinates": [[-9.02376911942531, 62.17082769567375], [-9.054137473393922, 62.164108247096806]]}, "properties": {"source": "106791", "target": "106786"}}, {"type": "Feature", "geometry": {"type": "LineString", "coordinates": [[-9.02376911942531, 62.17082769567375], [-9.053794424198799, 62.17472309274915]]}, "properties": {"source": "106791", "target": "106756"}}, {"type": "Feature", "geometry": {"type": "LineString", "coordinates": [[-9.02376911942531, 62.17082769567375], [-9.023000374984463, 62.163489086239764]]}, "properties": {"source": "106791", "target": "106778"}}, {"type": "Feature", "geometry": {"type": "LineString", "coordinates": [[-9.02376911942531, 62.17082769567375], [-9.032990258352982, 62.177000848700956]]}, "properties": {"source": "106791", "target": "106769"}}, {"type": "Feature", "geometry": {"type": "LineString", "coordinates": [[-9.02376911942531, 62.17082769567375], [-9.04218462581025, 62.179774542117016]]}, "properties": {"source": "106791", "target": "106751"}}, {"type": "Feature", "geometry": {"type": "LineString", "coordinates": [[-9.060084199402638, 62.16069906212566], [-9.06118410107905, 62.18100805349947]]}, "properties": {"source": "1414871", "target": "3362627"}}, {"type": "Feature", "geometry": {"type": "LineString", "coordinates": [[-9.060084199402638, 62.16069906212566], [-9.054104519030801, 62.16460915479584]]}, "properties": {"source": "1414871", "target": "2518452"}}, {"type": "Feature", "geometry": {"type": "LineString", "coordinates": [[-9.060084199402638, 62.16069906212566], [-9.070010355200935, 62.16105960473152]]}, "properties": {"source": "1414871", "target": "5623572"}}, {"type": "Feature", "geometry": {"type": "LineString", "coordinates": [[-9.060084199402638, 62.16069906212566], [-9.047649024255293, 62.171985183507246]]}, "properties": {"source": "1414871", "target": "1414865"}}, {"type": "Feature", "geometry": {"type": "LineString", "coordinates": [[-9.060084199402638, 62.16069906212566], [-9.022794966102254, 62.17240010842029]]}, "properties": {"source": "1414871", "target": "13611615"}}, {"type": "Feature", "geometry": {"type": "LineString", "coordinates": [[-9.042337220649443, 62.173902829270745], [-9.033666872110786, 62.182045423021634]]}, "properties": {"source": "20415701", "target": "25342343"}}, {"type": "Feature", "geometry": {"type": "LineString", "coordinates": [[-9.042337220649443, 62.173902829270745], [-9.076958425305236, 62.16556687411213]]}, "properties": {"source": "20415701", "target": "21462992"}}, {"type": "Feature", "geometry": {"type": "LineString", "coordinates": [[-9.042337220649443, 62.173902829270745], [-9.031757812041093, 62.175598579646234]]}, "properties": {"source": "20415701", "target": "23443412"}}, {"type": "Feature", "geometry": {"type": "LineString", "coordinates": [[-9.057833177485634, 62.16744007060855], [-9.057816867285283, 62.1670787608703]]}, "properties": {"source": "10167551", "target": "11391602"}}, {"type": "Feature", "geometry": {"type": "LineString", "coordinates": [[-9.057833177485634, 62.16744007060855], [-9.032065771051265, 62.17160002420056]]}, "properties": {"source": "10167551", "target": "11391595"}}, {"type": "Feature", "geometry": {"type": "LineString", "coordinates": [[-9.057833177485634, 62.16744007060855], [-9.026371276990545, 62.17039257809127]]}, "properties": {"source": "10167551", "target": "12690148"}}, {"type": "Feature", "geometry": {"type": "LineString", "coordinates": [[-9.05836167293225, 62.180667440467786], [-9.070000094863161, 62.16076016387514]]}, "properties": {"source": "35122986", "target": "4937583"}}, {"type": "Feature", "geometry": {"type": "LineString", "coordinates": [[-9.05836167293225, 62.180667440467786], [-9.084930536982313, 62.17114396756723]]}, "properties": {"source": "35122986", "target": "4937558"}}, {"type": "Feature", "geometry": {"type": "LineString", "coordinates": [[-9.05836167293225, 62.180667440467786], [-9.026641724327419, 62.16167275609459]]}, "properties": {"source": "35122986", "target": "4913862"}}, {"type": "Feature", "geometry": {"type": "LineString", "coordinates": [[-9.05836167293225, 62.180667440467786], [-9.031884345132141, 62.173620001817056]]}, "properties": {"source": "35122986", "target": "4351858"}}, {"type": "Feature", "geometry": {"type": "LineString", "coordinates": [[-9.05836167293225, 62.180667440467786], [-9.073772293326613, 62.16122324894383]]}, "properties": {"source": "35122986", "target": "43809"}}, {"type": "Feature", "geometry": {"type": "LineString", "coordinates": [[-9.063535415408552, 62.16334323634908], [-9.024979494038433, 62.16251361956722]]}, "properties": {"source": "36211554", "target": "35664641"}}, {"type": "Feature", "geometry": {"type": "LineString", "coordinates": [[-9.063535415408552, 62.16334323634908], [-9.080673415662517, 62.17685980610291]]}, "properties": {"source": "36211554", "target": "13722506"}}, {"type": "Feature", "geometry": {"type": "LineString", "coordinates": [[-9.063535415408552, 62.16334323634908], [-9.052436530442748, 62.16839353766758]]}, "properties": {"source": "36211554", "target": "580581"}}, {"type": "Feature", "geometry": {"type": "LineString", "coordinates": [[-9.037863790467583, 62.17112237732236], [-9.066808980795457, 62.163235085327]]}, "properties": {"source": "1881953", "target": "21426545"}}, {"type": "Feature", "geometry": {"type": "LineString", "coordinates": [[-9.037863790467583, 62.17112237732236], [-9.076958425305236, 62.16556687411213]]}, "properties": {"source": "1881953", "target": "21462992"}}, {"type": "Feature", "geometry": {"type": "LineString", "coordinates": [[-9.037863790467583, 62.17112237732236], [-9.057160320574127, 62.18052822837416]]}, "properties": {"source": "1881953", "target": "21462903"}}, {"type": "Feature", "geometry": {"type": "LineString", "coordinates": [[-9.037863790467583, 62.17112237732236], [-9.0407591140754, 62.17347144864674]]}, "properties": {"source": "1881953", "target": "19188921"}}, {"type": "Feature", "geometry": {"type": "LineString", "coordinates": [[-9.032990258352982, 62.177000848700956], [-9.054137473393922, 62.164108247096806]]}, "properties": {"source": "106769", "target": "106786"}}, {"type": "Feature", "geometry": {"type": "LineString", "coordinates": [[-9.06713964230778, 62.16634207735467], [-9.044346664555718, 62.17535742099142]]}, "properties": {"source": "3140173", "target": "2811318"}}, {"type": "Feature", "geometry": {"type": "LineString", "coordinates": [[-9.06713964230778, 62.16634207735467], [-9.084930536982313, 62.17114396756723]]}, "properties": {"source": "3140173", "target": "4937558"}}, {"type": "Feature", "geometry": {"type": "LineString", "coordinates": [[-9.06713964230778, 62.16634207735467], [-9.04379668607578, 62.180801349837964]]}, "properties": {"source": "3140173", "target": "4937599"}}, {"type": "Feature", "geometry": {"type": "LineString", "coordinates": [[-9.06713964230778, 62.16634207735467], [-9.026641724327419, 62.16167275609459]]}, "properties": {"source": "3140173", "target": "4913862"}}, {"type": "Feature", "geometry": {"type": "LineString", "coordinates": [[-9.06713964230778, 62.16634207735467], [-9.060675572800108, 62.167372058822835]]}, "properties": {"source": "3140173", "target": "2777788"}}, {"type": "Feature", "geometry": {"type": "LineString", "coordinates": [[-9.06713964230778, 62.16634207735467], [-9.033615898567689, 62.17322393136233]]}, "properties": {"source": "3140173", "target": "4937603"}}, {"type": "Feature", "geometry": {"type": "LineString", "coordinates": [[-9.06713964230778, 62.16634207735467], [-9.02376911942531, 62.17082769567375]]}, "properties": {"source": "3140173", "target": "106791"}}, {"type": "Feature", "geometry": {"type": "LineString", "coordinates": [[-9.06713964230778, 62.16634207735467], [-9.070057444047677, 62.16684240304329]]}, "properties": {"source": "3140173", "target": "31822209"}}, {"type": "Feature", "geometry": {"type": "LineString", "coordinates": [[-9.06713964230778, 62.16634207735467], [-9.032211227080325, 62.1695952770926]]}, "properties": {"source": "3140173", "target": "4614621"}}, {"type": "Feature", "geometry": {"type": "LineString", "coordinates": [[-9.06713964230778, 62.16634207735467], [-9.028748656081461, 62.177764523825104]]}, "properties": {"source": "3140173", "target": "4329568"}}, {"type": "Feature", "geometry": {"type": "LineString", "coordinates": [[-9.06713964230778, 62.16634207735467], [-9.034724032369269, 62.1753085186175]]}, "properties": {"source": "3140173", "target": "2957384"}}, {"type": "Feature", "geometry": {"type": "LineString", "coordinates": [[-9.06713964230778, 62.16634207735467], [-9.063156635172305, 62.16643300349607]]}, "properties": {"source": "3140173", "target": "2780082"}}, {"type": "Feature", "geometry": {"type": "LineString", "coordinates": [[-9.033390743400759, 62.17171211886223], [-9.066808980795457, 62.163235085327]]}, "properties": {"source": "21462950", "target": "21426545"}}, {"type": "Feature", "geometry": {"type": "LineString", "coordinates": [[-9.033390743400759, 62.17171211886223], [-9.033666872110786, 62.182045423021634]]}, "properties": {"source": "21462950", "target": "25342343"}}, {"type": "Feature", "geometry": {"type": "LineString", "coordinates": [[-9.033390743400759, 62.17171211886223], [-9.076958425305236, 62.16556687411213]]}, "properties": {"source": "21462950", "target": "21462992"}}, {"type": "Feature", "geometry": {"type": "LineString", "coordinates": [[-9.033390743400759, 62.17171211886223], [-9.05099885550203, 62.17284652645182]]}, "properties": {"source": "21462950", "target": "2777614"}}, {"type": "Feature", "geometry": {"type": "LineString", "coordinates": [[-9.023205004332567, 62.174561038311], [-9.079672856559313, 62.16304145181246]]}, "properties": {"source": "7114105", "target": "6791067"}}, {"type": "Feature", "geometry": {"type": "LineString", "coordinates": [[-9.023205004332567, 62.174561038311], [-9.029225369536107, 62.168134233048434]]}, "properties": {"source": "7114105", "target": "699510"}}, {"type": "Feature", "geometry": {"type": "LineString", "coordinates": [[-9.05099885550203, 62.17284652645182], [-9.056097313023173, 62.16396383779136]]}, "properties": {"source": "2777614", "target": "33187497"}}, {"type": "Feature", "geometry": {"type": "LineString", "coordinates": [[-9.05099885550203, 62.17284652645182], [-9.033666872110786, 62.182045423021634]]}, "properties": {"source": "2777614", "target": "25342343"}}, {"type": "Feature", "geometry": {"type": "LineString", "coordinates": [[-9.05099885550203, 62.17284652645182], [-9.076958425305236, 62.16556687411213]]}, "properties": {"source": "2777614", "target": "21462992"}}, {"type": "Feature", "geometry": {"type": "LineString", "coordinates": [[-9.05099885550203, 62.17284652645182], [-9.036241626904854, 62.165151592448936]]}, "properties": {"source": "2777614", "target": "2243660"}}, {"type": "Feature", "geometry": {"type": "LineString", "coordinates": [[-9.05099885550203, 62.17284652645182], [-9.021690700773036, 62.17697749493685]]}, "properties": {"source": "2777614", "target": "30056942"}}, {"type": "Feature", "geometry": {"type": "LineString", "coordinates": [[-9.05099885550203, 62.17284652645182], [-9.030619017717214, 62.17918134320426]]}, "properties": {"source": "2777614", "target": "2777746"}}, {"type": "Feature", "geometry": {"type": "LineString", "coordinates": [[-9.05099885550203, 62.17284652645182], [-9.031757812041093, 62.175598579646234]]}, "properties": {"source": "2777614", "target": "23443412"}}, {"type": "Feature", "geometry": {"type": "LineString", "coordinates": [[-9.045602149428987, 62.16827668240349], [-9.023205004332567, 62.174561038311]]}, "properties": {"source": "7965082", "target": "7114105"}}, {"type": "Feature", "geometry": {"type": "LineString", "coordinates": [[-9.045602149428987, 62.16827668240349], [-9.074243445542095, 62.16501384153722]]}, "properties": {"source": "7965082", "target": "7269142"}}, {"type": "Feature", "geometry": {"type": "LineString", "coordinates": [[-9.045602149428987, 62.16827668240349], [-9.060656186933414, 62.1617695108512]]}, "properties": {"source": "7965082", "target": "7645593"}}, {"type": "Feature", "geometry": {"type": "LineString", "coordinates": [[-9.045602149428987, 62.16827668240349], [-9.073683794163742, 62.16914501682223]]}, "properties": {"source": "7965082", "target": "71383"}}, {"type": "Feature", "geometry": {"type": "LineString", "coordinates": [[-9.045602149428987, 62.16827668240349], [-9.073980112166879, 62.167997501951916]]}, "properties": {"source": "7965082", "target": "7810827"}}, {"type": "Feature", "geometry": {"type": "LineString", "coordinates": [[-9.045602149428987, 62.16827668240349], [-9.04546025219068, 62.182174549491094]]}, "properties": {"source": "7965082", "target": "5989470"}}, {"type": "Feature", "geometry": {"type": "LineString", "coordinates": [[-9.045602149428987, 62.16827668240349], [-9.056943894916884, 62.17979861304032]]}, "properties": {"source": "7965082", "target": "6720157"}}, {"type": "Feature", "geometry": {"type": "LineString", "coordinates": [[-9.045602149428987, 62.16827668240349], [-9.04485301955981, 62.16306812528819]]}, "properties": {"source": "7965082", "target": "6878886"}}, {"type": "Feature", "geometry": {"type": "LineString", "coordinates": [[-9.032211227080325, 62.1695952770926], [-9.05467528141719, 62.17715149498275]]}, "properties": {"source": "4614621", "target": "3140171"}}, {"type": "Feature", "geometry": {"type": "LineString", "coordinates": [[-9.032211227080325, 62.1695952770926], [-9.06118410107905, 62.18100805349947]]}, "properties": {"source": "4614621", "target": "3362627"}}, {"type": "Feature", "geometry": {"type": "LineString", "coordinates": [[-9.032211227080325, 62.1695952770926], [-9.04525762612704, 62.17709525151601]]}, "properties": {"source": "4614621", "target": "7450959"}}, {"type": "Feature", "geometry": {"type": "LineString", "coordinates": [[-9.032211227080325, 62.1695952770926], [-9.06162571430005, 62.17631565840273]]}, "properties": {"source": "4614621", "target": "68491"}}, {"type": "Feature", "geometry": {"type": "LineString", "coordinates": [[-9.032211227080325, 62.1695952770926], [-9.070010355200935, 62.16105960473152]]}, "properties": {"source": "4614621", "target": "5623572"}}, {"type": "Feature", "geometry": {"type": "LineString", "coordinates": [[-9.032211227080325, 62.1695952770926], [-9.070057444047677, 62.16684240304329]]}, "properties": {"source": "4614621", "target": "31822209"}}, {"type": "Feature", "geometry": {"type": "LineString", "coordinates": [[-9.032211227080325, 62.1695952770926], [-9.028748656081461, 62.177764523825104]]}, "properties": {"source": "4614621", "target": "4329568"}}, {"type": "Feature", "geometry": {"type": "LineString", "coordinates": [[-9.03368562489598, 62.17573565010716], [-9.022426969279138, 62.18094483409132]]}, "properties": {"source": "10435848", "target": "7686741"}}, {"type": "Feature", "geometry": {"type": "LineString", "coordinates": [[-9.03368562489598, 62.17573565010716], [-9.032091455068922, 62.161402283144994]]}, "properties": {"source": "10435848", "target": "8315757"}}, {"type": "Feature", "geometry": {"type": "LineString", "coordinates": [[-9.03368562489598, 62.17573565010716], [-9.057021003480855, 62.16888146037982]]}, "properties": {"source": "10435848", "target": "10863949"}}, {"type": "Feature", "geometry": {"type": "LineString", "coordinates": [[-9.03368562489598, 62.17573565010716], [-9.070903997170007, 62.16257456207529]]}, "properties": {"source": "10435848", "target": "1546627"}}, {"type": "Feature", "geometry": {"type": "LineString", "coordinates": [[-9.03368562489598, 62.17573565010716], [-9.038188905496327, 62.16638561600574]]}, "properties": {"source": "10435848", "target": "10669676"}}, {"type": "Feature", "geometry": {"type": "LineString", "coordinates": [[-9.03361000233258, 62.17938775932005], [-9.033666872110786, 62.182045423021634]]}, "properties": {"source": "2084404", "target": "25342343"}}, {"type": "Feature", "geometry": {"type": "LineString", "coordinates": [[-9.03361000233258, 62.17938775932005], [-9.076958425305236, 62.16556687411213]]}, "properties": {"source": "2084404", "target": "21462992"}}, {"type": "Feature", "geometry": {"type": "LineString", "coordinates": [[-9.03361000233258, 62.17938775932005], [-9.031757812041093, 62.175598579646234]]}, "properties": {"source": "2084404", "target": "23443412"}}, {"type": "Feature", "geometry": {"type": "LineString", "coordinates": [[-9.021610066023356, 62.17982457889053], [-9.026641724327419, 62.16167275609459]]}, "properties": {"source": "43837", "target": "4913862"}}, {"type": "Feature", "geometry": {"type": "LineString", "coordinates": [[-9.021610066023356, 62.17982457889053], [-9.033615898567689, 62.17322393136233]]}, "properties": {"source": "43837", "target": "4937603"}}, {"type": "Feature", "geometry": {"type": "LineString", "coordinates": [[-9.021610066023356, 62.17982457889053], [-9.05836167293225, 62.180667440467786]]}, "properties": {"source": "43837", "target": "35122986"}}, {"type": "Feature", "geometry": {"type": "LineString", "coordinates": [[-9.033363989711575, 62.16082891332711], [-9.078790771320143, 62.16627167076739]]}, "properties": {"source": "219260", "target": "35017852"}}, {"type": "Feature", "geometry": {"type": "LineString", "coordinates": [[-9.033363989711575, 62.16082891332711], [-9.071146318342329, 62.18023617834665]]}, "properties": {"source": "219260", "target": "35898176"}}, {"type": "Feature", "geometry": {"type": "LineString", "coordinates": [[-9.033363989711575, 62.16082891332711], [-9.055486109873328, 62.16783769442772]]}, "properties": {"source": "219260", "target": "29476071"}}, {"type": "Feature", "geometry": {"type": "LineString", "coordinates": [[-9.033363989711575, 62.16082891332711], [-9.048729181233966, 62.160966061842984]]}, "properties": {"source": "219260", "target": "3039856"}}, {"type": "Feature", "geometry": {"type": "LineString", "coordinates": [[-9.033363989711575, 62.16082891332711], [-9.050489036896494, 62.182045773100626]]}, "properties": {"source": "219260", "target": "6745082"}}, {"type": "Feature", "geometry": {"type": "LineString", "coordinates": [[-9.033363989711575, 62.16082891332711], [-9.08044175429771, 62.17812779159132]]}, "properties": {"source": "219260", "target": "515800"}}, {"type": "Feature", "geometry": {"type": "LineString", "coordinates": [[-9.082607682496018, 62.167804941023704], [-9.077802913099333, 62.16502571478979]]}, "properties": {"source": "71418", "target": "8296211"}}, {"type": "Feature", "geometry": {"type": "LineString", "coordinates": [[-9.046330055859926, 62.1622935180759], [-9.067679815596023, 62.17862919059394]]}, "properties": {"source": "16062206", "target": "1353"}}, {"type": "Feature", "geometry": {"type": "LineString", "coordinates": [[-9.046330055859926, 62.1622935180759], [-9.033870405985965, 62.17808304053827]]}, "properties": {"source": "16062206", "target": "14584722"}}, {"type": "Feature", "geometry": {"type": "LineString", "coordinates": [[-9.032801397487646, 62.17530578746951], [-9.078790771320143, 62.16627167076739]]}, "properties": {"source": "26722087", "target": "35017852"}}, {"type": "Feature", "geometry": {"type": "LineString", "coordinates": [[-9.032801397487646, 62.17530578746951], [-9.048729181233966, 62.160966061842984]]}, "properties": {"source": "26722087", "target": "3039856"}}, {"type": "Feature", "geometry": {"type": "LineString", "coordinates": [[-9.033870405985965, 62.17808304053827], [-9.067679815596023, 62.17862919059394]]}, "properties": {"source": "14584722", "target": "1353"}}, {"type": "Feature", "geometry": {"type": "LineString", "coordinates": [[-9.059417827679283, 62.181574790536004], [-9.06118410107905, 62.18100805349947]]}, "properties": {"source": "26239941", "target": "3362627"}}, {"type": "Feature", "geometry": {"type": "LineString", "coordinates": [[-9.054035689313338, 62.16765705575595], [-9.025911128355602, 62.173890436082075]]}, "properties": {"source": "4724285", "target": "6184072"}}, {"type": "Feature", "geometry": {"type": "LineString", "coordinates": [[-9.035244602089847, 62.1619640481113], [-9.078790771320143, 62.16627167076739]]}, "properties": {"source": "732432", "target": "35017852"}}, {"type": "Feature", "geometry": {"type": "LineString", "coordinates": [[-9.035244602089847, 62.1619640481113], [-9.071146318342329, 62.18023617834665]]}, "properties": {"source": "732432", "target": "35898176"}}, {"type": "Feature", "geometry": {"type": "LineString", "coordinates": [[-9.035244602089847, 62.1619640481113], [-9.048729181233966, 62.160966061842984]]}, "properties": {"source": "732432", "target": "3039856"}}, {"type": "Feature", "geometry": {"type": "LineString", "coordinates": [[-9.035244602089847, 62.1619640481113], [-9.050489036896494, 62.182045773100626]]}, "properties": {"source": "732432", "target": "6745082"}}, {"type": "Feature", "geometry": {"type": "LineString", "coordinates": [[-9.035244602089847, 62.1619640481113], [-9.026541353081285, 62.181977921967984]]}, "properties": {"source": "732432", "target": "892327"}}, {"type": "Feature", "geometry": {"type": "LineString", "coordinates": [[-9.035244602089847, 62.1619640481113], [-9.08044175429771, 62.17812779159132]]}, "properties": {"source": "732432", "target": "515800"}}, {"type": "Feature", "geometry": {"type": "LineString", "coordinates": [[-9.035244602089847, 62.1619640481113], [-9.054906687780061, 62.17389234337672]]}, "properties": {"source": "732432", "target": "8167523"}}, {"type": "Feature", "geometry": {"type": "LineString", "coordinates": [[-9.035244602089847, 62.1619640481113], [-9.06162571430005, 62.17631565840273]]}, "properties": {"source": "732432", "target": "68491"}}, {"type": "Feature", "geometry": {"type": "LineString", "coordinates": [[-9.035244602089847, 62.1619640481113], [-9.044527074950707, 62.17832108163485]]}, "properties": {"source": "732432", "target": "892326"}}, {"type": "Feature", "geometry": {"type": "LineString", "coordinates": [[-9.035244602089847, 62.1619640481113], [-9.067679815596023, 62.17862919059394]]}, "properties": {"source": "732432", "target": "1353"}}, {"type": "Feature", "geometry": {"type": "LineString", "coordinates": [[-9.035244602089847, 62.1619640481113], [-9.031197703722256, 62.172521121867916]]}, "properties": {"source": "732432", "target": "554327"}}, {"type": "Feature", "geometry": {"type": "LineString", "coordinates": [[-9.035244602089847, 62.1619640481113], [-9.049527690383854, 62.16528540698526]]}, "properties": {"source": "732432", "target": "430335"}}, {"type": "Feature", "geometry": {"type": "LineString", "coordinates": [[-9.035244602089847, 62.1619640481113], [-9.068408292260187, 62.17680269797124]]}, "properties": {"source": "732432", "target": "1264282"}}, {"type": "Feature", "geometry": {"type": "LineString", "coordinates": [[-9.032015405201435, 62.1688764737269], [-9.030342754443296, 62.16111036722694]]}, "properties": {"source": "20418037", "target": "23595474"}}, {"type": "Feature", "geometry": {"type": "LineString", "coordinates": [[-9.032015405201435, 62.1688764737269], [-9.066808980795457, 62.163235085327]]}, "properties": {"source": "20418037", "target": "21426545"}}, {"type": "Feature", "geometry": {"type": "LineString", "coordinates": [[-9.02258584070131, 62.180105768051945], [-9.070000094863161, 62.16076016387514]]}, "properties": {"source": "3140189", "target": "4937583"}}, {"type": "Feature", "geometry": {"type": "LineString", "coordinates": [[-9.02258584070131, 62.180105768051945], [-9.030619017717214, 62.17918134320426]]}, "properties": {"source": "3140189", "target": "2777746"}}, {"type": "Feature", "geometry": {"type": "LineString", "coordinates": [[-9.02258584070131, 62.180105768051945], [-9.034968801275994, 62.180499363697635]]}, "properties": {"source": "3140189", "target": "257073"}}, {"type": "Feature", "geometry": {"type": "LineString", "coordinates": [[-9.02258584070131, 62.180105768051945], [-9.044346664555718, 62.17535742099142]]}, "properties": {"source": "3140189", "target": "2811318"}}, {"type": "Feature", "geometry": {"type": "LineString", "coordinates": [[-9.02258584070131, 62.180105768051945], [-9.084930536982313, 62.17114396756723]]}, "properties": {"source": "3140189", "target": "4937558"}}, {"type": "Feature", "geometry": {"type": "LineString", "coordinates": [[-9.02258584070131, 62.180105768051945], [-9.04379668607578, 62.180801349837964]]}, "properties": {"source": "3140189", "target": "4937599"}}, {"type": "Feature", "geometry": {"type": "LineString", "coordinates": [[-9.02258584070131, 62.180105768051945], [-9.026641724327419, 62.16167275609459]]}, "properties": {"source": "3140189", "target": "4913862"}}, {"type": "Feature", "geometry": {"type": "LineString", "coordinates": [[-9.02258584070131, 62.180105768051945], [-9.060675572800108, 62.167372058822835]]}, "properties": {"source": "3140189", "target": "2777788"}}, {"type": "Feature", "geometry": {"type": "LineString", "coordinates": [[-9.02258584070131, 62.180105768051945], [-9.033615898567689, 62.17322393136233]]}, "properties": {"source": "3140189", "target": "4937603"}}, {"type": "Feature", "geometry": {"type": "LineString", "coordinates": [[-9.044978048421115, 62.1622743230275], [-9.022426969279138, 62.18094483409132]]}, "properties": {"source": "2778011", "target": "7686741"}}, {"type": "Feature", "geometry": {"type": "LineString", "coordinates": [[-9.044978048421115, 62.1622743230275], [-9.032091455068922, 62.161402283144994]]}, "properties": {"source": "2778011", "target": "8315757"}}, {"type": "Feature", "geometry": {"type": "LineString", "coordinates": [[-9.044978048421115, 62.1622743230275], [-9.048567840123269, 62.180199227546694]]}, "properties": {"source": "2778011", "target": "2754195"}}, {"type": "Feature", "geometry": {"type": "LineString", "coordinates": [[-9.044978048421115, 62.1622743230275], [-9.027085561681986, 62.1806410280461]]}, "properties": {"source": "2778011", "target": "2798746"}}, {"type": "Feature", "geometry": {"type": "LineString", "coordinates": [[-9.044978048421115, 62.1622743230275], [-9.083434643837109, 62.180950215942474]]}, "properties": {"source": "2778011", "target": "8088961"}}, {"type": "Feature", "geometry": {"type": "LineString", "coordinates": [[-9.044978048421115, 62.1622743230275], [-9.065876372682766, 62.163748113992995]]}, "properties": {"source": "2778011", "target": "46378"}}, {"type": "Feature", "geometry": {"type": "LineString", "coordinates": [[-9.044978048421115, 62.1622743230275], [-9.057021003480855, 62.16888146037982]]}, "properties": {"source": "2778011", "target": "10863949"}}, {"type": "Feature", "geometry": {"type": "LineString", "coordinates": [[-9.034803662922315, 62.1764673018649], [-9.052152219476653, 62.16431419109422]]}, "properties": {"source": "9590423", "target": "867159"}}, {"type": "Feature", "geometry": {"type": "LineString", "coordinates": [[-9.034803662922315, 62.1764673018649], [-9.052323332895384, 62.16124097969292]]}, "properties": {"source": "9590423", "target": "7493776"}}, {"type": "Feature", "geometry": {"type": "LineString", "coordinates": [[-9.035196845125228, 62.174686881086785], [-9.023205004332567, 62.174561038311]]}, "properties": {"source": "3198689", "target": "7114105"}}, {"type": "Feature", "geometry": {"type": "LineString", "coordinates": [[-9.035196845125228, 62.174686881086785], [-9.079672856559313, 62.16304145181246]]}, "properties": {"source": "3198689", "target": "6791067"}}, {"type": "Feature", "geometry": {"type": "LineString", "coordinates": [[-9.035196845125228, 62.174686881086785], [-9.080696546436172, 62.16818859526698]]}, "properties": {"source": "3198689", "target": "29932184"}}, {"type": "Feature", "geometry": {"type": "LineString", "coordinates": [[-9.02656191158502, 62.179058502987246], [-9.051054031209333, 62.18098686717899]]}, "properties": {"source": "13631983", "target": "29243"}}, {"type": "Feature", "geometry": {"type": "LineString", "coordinates": [[-9.02656191158502, 62.179058502987246], [-9.070532503194784, 62.179769384090065]]}, "properties": {"source": "13631983", "target": "9872110"}}, {"type": "Feature", "geometry": {"type": "LineString", "coordinates": [[-9.053128296171906, 62.17923744789067], [-9.072943596406219, 62.16618396912261]]}, "properties": {"source": "11165731", "target": "21847405"}}, {"type": "Feature", "geometry": {"type": "LineString", "coordinates": [[-9.040762643652243, 62.16755676556143], [-9.063535415408552, 62.16334323634908]]}, "properties": {"source": "13793507", "target": "36211554"}}, {"type": "Feature", "geometry": {"type": "LineString", "coordinates": [[-9.059239215462497, 62.18201405185721], [-9.06118410107905, 62.18100805349947]]}, "properties": {"source": "1414864", "target": "3362627"}}, {"type": "Feature", "geometry": {"type": "LineString", "coordinates": [[-9.059239215462497, 62.18201405185721], [-9.054104519030801, 62.16460915479584]]}, "properties": {"source": "1414864", "target": "2518452"}}, {"type": "Feature", "geometry": {"type": "LineString", "coordinates": [[-9.059239215462497, 62.18201405185721], [-9.060084199402638, 62.16069906212566]]}, "properties": {"source": "1414864", "target": "1414871"}}, {"type": "Feature", "geometry": {"type": "LineString", "coordinates": [[-9.059239215462497, 62.18201405185721], [-9.047649024255293, 62.171985183507246]]}, "properties": {"source": "1414864", "target": "1414865"}}, {"type": "Feature", "geometry": {"type": "LineString", "coordinates": [[-9.059239215462497, 62.18201405185721], [-9.022794966102254, 62.17240010842029]]}, "properties": {"source": "1414864", "target": "13611615"}}, {"type": "Feature", "geometry": {"type": "LineString", "coordinates": [[-9.07357684322264, 62.1626277009357], [-9.022426969279138, 62.18094483409132]]}, "properties": {"source": "1890687", "target": "7686741"}}, {"type": "Feature", "geometry": {"type": "LineString", "coordinates": [[-9.07357684322264, 62.1626277009357], [-9.032091455068922, 62.161402283144994]]}, "properties": {"source": "1890687", "target": "8315757"}}, {"type": "Feature", "geometry": {"type": "LineString", "coordinates": [[-9.05467528141719, 62.17715149498275], [-9.060675572800108, 62.167372058822835]]}, "properties": {"source": "3140171", "target": "2777788"}}, {"type": "Feature", "geometry": {"type": "LineString", "coordinates": [[-9.05467528141719, 62.17715149498275], [-9.028748656081461, 62.177764523825104]]}, "properties": {"source": "3140171", "target": "4329568"}}, {"type": "Feature", "geometry": {"type": "LineString", "coordinates": [[-9.05467528141719, 62.17715149498275], [-9.036972979988889, 62.16539406956716]]}, "properties": {"source": "3140171", "target": "2777384"}}, {"type": "Feature", "geometry": {"type": "LineString", "coordinates": [[-9.076958425305236, 62.16556687411213], [-9.034968801275994, 62.180499363697635]]}, "properties": {"source": "21462992", "target": "257073"}}, {"type": "Feature", "geometry": {"type": "LineString", "coordinates": [[-9.076958425305236, 62.16556687411213], [-9.0407591140754, 62.17347144864674]]}, "properties": {"source": "21462992", "target": "19188921"}}, {"type": "Feature", "geometry": {"type": "LineString", "coordinates": [[-9.023205004332567, 62.174561038311], [-9.074243445542095, 62.16501384153722]]}, "properties": {"source": "7114105", "target": "7269142"}}, {"type": "Feature", "geometry": {"type": "LineString", "coordinates": [[-9.023205004332567, 62.174561038311], [-9.060656186933414, 62.1617695108512]]}, "properties": {"source": "7114105", "target": "7645593"}}, {"type": "Feature", "geometry": {"type": "LineString", "coordinates": [[-9.023205004332567, 62.174561038311], [-9.073980112166879, 62.167997501951916]]}, "properties": {"source": "7114105", "target": "7810827"}}, {"type": "Feature", "geometry": {"type": "LineString", "coordinates": [[-9.023205004332567, 62.174561038311], [-9.057816867285283, 62.1670787608703]]}, "properties": {"source": "7114105", "target": "11391602"}}, {"type": "Feature", "geometry": {"type": "LineString", "coordinates": [[-9.079024793512502, 62.16472812319735], [-9.042337220649443, 62.173902829270745]]}, "properties": {"source": "18599739", "target": "20415701"}}, {"type": "Feature", "geometry": {"type": "LineString", "coordinates": [[-9.079024793512502, 62.16472812319735], [-9.0407591140754, 62.17347144864674]]}, "properties": {"source": "18599739", "target": "19188921"}}, {"type": "Feature", "geometry": {"type": "LineString", "coordinates": [[-9.0823978280838, 62.165809511443996], [-9.081206016362785, 62.170588434121356]]}, "properties": {"source": "15844675", "target": "8608358"}}, {"type": "Feature", "geometry": {"type": "LineString", "coordinates": [[-9.0823978280838, 62.165809511443996], [-9.062060503813399, 62.16909714359345]]}, "properties": {"source": "15844675", "target": "28500606"}}, {"type": "Feature", "geometry": {"type": "LineString", "coordinates": [[-9.0823978280838, 62.165809511443996], [-9.085119130223632, 62.17692470979067]]}, "properties": {"source": "15844675", "target": "28246792"}}, {"type": "Feature", "geometry": {"type": "LineString", "coordinates": [[-9.051578261270947, 62.17144527058085], [-9.067679815596023, 62.17862919059394]]}, "properties": {"source": "15820058", "target": "1353"}}, {"type": "Feature", "geometry": {"type": "LineString", "coordinates": [[-9.051578261270947, 62.17144527058085], [-9.046330055859926, 62.1622935180759]]}, "properties": {"source": "15820058", "target": "16062206"}}, {"type": "Feature", "geometry": {"type": "LineString", "coordinates": [[-9.03971113164505, 62.16237727940124], [-9.05053854129622, 62.170074225852915]]}, "properties": {"source": "29240", "target": "91315"}}, {"type": "Feature", "geometry": {"type": "LineString", "coordinates": [[-9.03971113164505, 62.16237727940124], [-9.032514602572434, 62.162729818820495]]}, "properties": {"source": "29240", "target": "360744"}}, {"type": "Feature", "geometry": {"type": "LineString", "coordinates": [[-9.03971113164505, 62.16237727940124], [-9.021456599873716, 62.17585768380883]]}, "properties": {"source": "29240", "target": "1917360"}}, {"type": "Feature", "geometry": {"type": "LineString", "coordinates": [[-9.03971113164505, 62.16237727940124], [-9.040200624364047, 62.162890603421545]]}, "properties": {"source": "29240", "target": "9931530"}}, {"type": "Feature", "geometry": {"type": "LineString", "coordinates": [[-9.03971113164505, 62.16237727940124], [-9.055659843840886, 62.16748194492115]]}, "properties": {"source": "29240", "target": "1841791"}}, {"type": "Feature", "geometry": {"type": "LineString", "coordinates": [[-9.03971113164505, 62.16237727940124], [-9.02656191158502, 62.179058502987246]]}, "properties": {"source": "29240", "target": "13631983"}}, {"type": "Feature", "geometry": {"type": "LineString", "coordinates": [[-9.07482115561433, 62.16418492748066], [-9.06118410107905, 62.18100805349947]]}, "properties": {"source": "1414867", "target": "3362627"}}, {"type": "Feature", "geometry": {"type": "LineString", "coordinates": [[-9.07482115561433, 62.16418492748066], [-9.054104519030801, 62.16460915479584]]}, "properties": {"source": "1414867", "target": "2518452"}}, {"type": "Feature", "geometry": {"type": "LineString", "coordinates": [[-9.07482115561433, 62.16418492748066], [-9.04525762612704, 62.17709525151601]]}, "properties": {"source": "1414867", "target": "7450959"}}, {"type": "Feature", "geometry": {"type": "LineString", "coordinates": [[-9.07482115561433, 62.16418492748066], [-9.070010355200935, 62.16105960473152]]}, "properties": {"source": "1414867", "target": "5623572"}}, {"type": "Feature", "geometry": {"type": "LineString", "coordinates": [[-9.07482115561433, 62.16418492748066], [-9.060084199402638, 62.16069906212566]]}, "properties": {"source": "1414867", "target": "1414871"}}, {"type": "Feature", "geometry": {"type": "LineString", "coordinates": [[-9.07482115561433, 62.16418492748066], [-9.060805383644777, 62.16882762922627]]}, "properties": {"source": "1414867", "target": "2380483"}}, {"type": "Feature", "geometry": {"type": "LineString", "coordinates": [[-9.07482115561433, 62.16418492748066], [-9.078548975290346, 62.172113091155]]}, "properties": {"source": "1414867", "target": "1414870"}}, {"type": "Feature", "geometry": {"type": "LineString", "coordinates": [[-9.07482115561433, 62.16418492748066], [-9.040592612486336, 62.18113040494008]]}, "properties": {"source": "1414867", "target": "1414866"}}, {"type": "Feature", "geometry": {"type": "LineString", "coordinates": [[-9.07482115561433, 62.16418492748066], [-9.059239215462497, 62.18201405185721]]}, "properties": {"source": "1414867", "target": "1414864"}}, {"type": "Feature", "geometry": {"type": "LineString", "coordinates": [[-9.07482115561433, 62.16418492748066], [-9.083054445843288, 62.16962201569588]]}, "properties": {"source": "1414867", "target": "6623221"}}, {"type": "Feature", "geometry": {"type": "LineString", "coordinates": [[-9.041457270424644, 62.1816911974542], [-9.078051282196157, 62.17389542894752]]}, "properties": {"source": "10435438", "target": "9655235"}}, {"type": "Feature", "geometry": {"type": "LineString", "coordinates": [[-9.041457270424644, 62.1816911974542], [-9.071793141758377, 62.16273567715916]]}, "properties": {"source": "10435438", "target": "2777913"}}, {"type": "Feature", "geometry": {"type": "LineString", "coordinates": [[-9.041457270424644, 62.1816911974542], [-9.048567840123269, 62.180199227546694]]}, "properties": {"source": "10435438", "target": "2754195"}}, {"type": "Feature", "geometry": {"type": "LineString", "coordinates": [[-9.041457270424644, 62.1816911974542], [-9.057021003480855, 62.16888146037982]]}, "properties": {"source": "10435438", "target": "10863949"}}, {"type": "Feature", "geometry": {"type": "LineString", "coordinates": [[-9.041457270424644, 62.1816911974542], [-9.070903997170007, 62.16257456207529]]}, "properties": {"source": "10435438", "target": "1546627"}}, {"type": "Feature", "geometry": {"type": "LineString", "coordinates": [[-9.041457270424644, 62.1816911974542], [-9.052691110744945, 62.16942538013268]]}, "properties": {"source": "10435438", "target": "10863349"}}, {"type": "Feature", "geometry": {"type": "LineString", "coordinates": [[-9.041457270424644, 62.1816911974542], [-9.038188905496327, 62.16638561600574]]}, "properties": {"source": "10435438", "target": "10669676"}}, {"type": "Feature", "geometry": {"type": "LineString", "coordinates": [[-9.041457270424644, 62.1816911974542], [-9.03368562489598, 62.17573565010716]]}, "properties": {"source": "10435438", "target": "10435848"}}, {"type": "Feature", "geometry": {"type": "LineString", "coordinates": [[-9.026974254320947, 62.1651161957856], [-9.0407591140754, 62.17347144864674]]}, "properties": {"source": "18517433", "target": "19188921"}}, {"type": "Feature", "geometry": {"type": "LineString", "coordinates": [[-9.059250830610836, 62.16851018594757], [-9.040431165092485, 62.165299768384614]]}, "properties": {"source": "28639282", "target": "10227519"}}, {"type": "Feature", "geometry": {"type": "LineString", "coordinates": [[-9.059250830610836, 62.16851018594757], [-9.057981926955705, 62.182295107369114]]}, "properties": {"source": "28639282", "target": "1078323"}}, {"type": "Feature", "geometry": {"type": "LineString", "coordinates": [[-9.059250830610836, 62.16851018594757], [-9.047335974448856, 62.17748034106505]]}, "properties": {"source": "28639282", "target": "530961"}}, {"type": "Feature", "geometry": {"type": "LineString", "coordinates": [[-9.06162571430005, 62.17631565840273], [-9.050489036896494, 62.182045773100626]]}, "properties": {"source": "68491", "target": "6745082"}}, {"type": "Feature", "geometry": {"type": "LineString", "coordinates": [[-9.06162571430005, 62.17631565840273], [-9.054906687780061, 62.17389234337672]]}, "properties": {"source": "68491", "target": "8167523"}}, {"type": "Feature", "geometry": {"type": "LineString", "coordinates": [[-9.06162571430005, 62.17631565840273], [-9.055178178291868, 62.177965844416605]]}, "properties": {"source": "68491", "target": "7733431"}}, {"type": "Feature", "geometry": {"type": "LineString", "coordinates": [[-9.06162571430005, 62.17631565840273], [-9.043244558205572, 62.17453918342201]]}, "properties": {"source": "68491", "target": "7103428"}}, {"type": "Feature", "geometry": {"type": "LineString", "coordinates": [[-9.032015405201435, 62.1688764737269], [-9.033666872110786, 62.182045423021634]]}, "properties": {"source": "20418037", "target": "25342343"}}, {"type": "Feature", "geometry": {"type": "LineString", "coordinates": [[-9.032015405201435, 62.1688764737269], [-9.076958425305236, 62.16556687411213]]}, "properties": {"source": "20418037", "target": "21462992"}}, {"type": "Feature", "geometry": {"type": "LineString", "coordinates": [[-9.032015405201435, 62.1688764737269], [-9.033390743400759, 62.17171211886223]]}, "properties": {"source": "20418037", "target": "21462950"}}, {"type": "Feature", "geometry": {"type": "LineString", "coordinates": [[-9.032015405201435, 62.1688764737269], [-9.036241626904854, 62.165151592448936]]}, "properties": {"source": "20418037", "target": "2243660"}}, {"type": "Feature", "geometry": {"type": "LineString", "coordinates": [[-9.032015405201435, 62.1688764737269], [-9.057160320574127, 62.18052822837416]]}, "properties": {"source": "20418037", "target": "21462903"}}, {"type": "Feature", "geometry": {"type": "LineString", "coordinates": [[-9.032015405201435, 62.1688764737269], [-9.031757812041093, 62.175598579646234]]}, "properties": {"source": "20418037", "target": "23443412"}}, {"type": "Feature", "geometry": {"type": "LineString", "coordinates": [[-9.032015405201435, 62.1688764737269], [-9.034968801275994, 62.180499363697635]]}, "properties": {"source": "20418037", "target": "257073"}}, {"type": "Feature", "geometry": {"type": "LineString", "coordinates": [[-9.032015405201435, 62.1688764737269], [-9.042337220649443, 62.173902829270745]]}, "properties": {"source": "20418037", "target": "20415701"}}, {"type": "Feature", "geometry": {"type": "LineString", "coordinates": [[-9.032015405201435, 62.1688764737269], [-9.0407591140754, 62.17347144864674]]}, "properties": {"source": "20418037", "target": "19188921"}}, {"type": "Feature", "geometry": {"type": "LineString", "coordinates": [[-9.032015405201435, 62.1688764737269], [-9.057816867285283, 62.1670787608703]]}, "properties": {"source": "20418037", "target": "11391602"}}, {"type": "Feature", "geometry": {"type": "LineString", "coordinates": [[-9.032015405201435, 62.1688764737269], [-9.032065771051265, 62.17160002420056]]}, "properties": {"source": "20418037", "target": "11391595"}}, {"type": "Feature", "geometry": {"type": "LineString", "coordinates": [[-9.032015405201435, 62.1688764737269], [-9.026371276990545, 62.17039257809127]]}, "properties": {"source": "20418037", "target": "12690148"}}, {"type": "Feature", "geometry": {"type": "LineString", "coordinates": [[-9.054104519030801, 62.16460915479584], [-9.05467528141719, 62.17715149498275]]}, "properties": {"source": "2518452", "target": "3140171"}}, {"type": "Feature", "geometry": {"type": "LineString", "coordinates": [[-9.054104519030801, 62.16460915479584], [-9.06118410107905, 62.18100805349947]]}, "properties": {"source": "2518452", "target": "3362627"}}, {"type": "Feature", "geometry": {"type": "LineString", "coordinates": [[-9.054104519030801, 62.16460915479584], [-9.070010355200935, 62.16105960473152]]}, "properties": {"source": "2518452", "target": "5623572"}}, {"type": "Feature", "geometry": {"type": "LineString", "coordinates": [[-9.054104519030801, 62.16460915479584], [-9.070057444047677, 62.16684240304329]]}, "properties": {"source": "2518452", "target": "31822209"}}, {"type": "Feature", "geometry": {"type": "LineString", "coordinates": [[-9.083041079272135, 62.16630341993692], [-9.051054031209333, 62.18098686717899]]}, "properties": {"source": "1834962", "target": "29243"}}, {"type": "Feature", "geometry": {"type": "LineString", "coordinates": [[-9.083041079272135, 62.16630341993692], [-9.070532503194784, 62.179769384090065]]}, "properties": {"source": "1834962", "target": "9872110"}}, {"type": "Feature", "geometry": {"type": "LineString", "coordinates": [[-9.083041079272135, 62.16630341993692], [-9.026974254320947, 62.1651161957856]]}, "properties": {"source": "1834962", "target": "18517433"}}, {"type": "Feature", "geometry": {"type": "LineString", "coordinates": [[-9.083041079272135, 62.16630341993692], [-9.05589683781983, 62.170406447114686]]}, "properties": {"source": "1834962", "target": "13622780"}}, {"type": "Feature", "geometry": {"type": "LineString", "coordinates": [[-9.083041079272135, 62.16630341993692], [-9.057713276053278, 62.17097463138872]]}, "properties": {"source": "1834962", "target": "17455920"}}, {"type": "Feature", "geometry": {"type": "LineString", "coordinates": [[-9.083041079272135, 62.16630341993692], [-9.066789012276331, 62.16692154879752]]}, "properties": {"source": "1834962", "target": "16090691"}}, {"type": "Feature", "geometry": {"type": "LineString", "coordinates": [[-9.083041079272135, 62.16630341993692], [-9.07113321526461, 62.176846479282474]]}, "properties": {"source": "1834962", "target": "1264414"}}, {"type": "Feature", "geometry": {"type": "LineString", "coordinates": [[-9.083041079272135, 62.16630341993692], [-9.024512837431615, 62.17724285912645]]}, "properties": {"source": "1834962", "target": "16065328"}}, {"type": "Feature", "geometry": {"type": "LineString", "coordinates": [[-9.083041079272135, 62.16630341993692], [-9.078410650567491, 62.16266135271867]]}, "properties": {"source": "1834962", "target": "1728013"}}, {"type": "Feature", "geometry": {"type": "LineString", "coordinates": [[-9.067118091937175, 62.168682115768135], [-9.028458184675003, 62.16190430697816]]}, "properties": {"source": "16150935", "target": "24875293"}}, {"type": "Feature", "geometry": {"type": "LineString", "coordinates": [[-9.071197363426023, 62.17432225898777], [-9.080944879059217, 62.17515050156594]]}, "properties": {"source": "7986058", "target": "855963"}}, {"type": "Feature", "geometry": {"type": "LineString", "coordinates": [[-9.071197363426023, 62.17432225898777], [-9.083249376617175, 62.166688289375855]]}, "properties": {"source": "7986058", "target": "874111"}}, {"type": "Feature", "geometry": {"type": "LineString", "coordinates": [[-9.068408292260187, 62.17680269797124], [-9.067679815596023, 62.17862919059394]]}, "properties": {"source": "1264282", "target": "1353"}}, {"type": "Feature", "geometry": {"type": "LineString", "coordinates": [[-9.058726301133788, 62.169133350177006], [-9.080944879059217, 62.17515050156594]]}, "properties": {"source": "912984", "target": "855963"}}, {"type": "Feature", "geometry": {"type": "LineString", "coordinates": [[-9.058726301133788, 62.169133350177006], [-9.083249376617175, 62.166688289375855]]}, "properties": {"source": "912984", "target": "874111"}}, {"type": "Feature", "geometry": {"type": "LineString", "coordinates": [[-9.058726301133788, 62.169133350177006], [-9.06156067429663, 62.181166823327274]]}, "properties": {"source": "912984", "target": "9702810"}}, {"type": "Feature", "geometry": {"type": "LineString", "coordinates": [[-9.082073370023977, 62.17075188150301], [-9.076958425305236, 62.16556687411213]]}, "properties": {"source": "1881735", "target": "21462992"}}, {"type": "Feature", "geometry": {"type": "LineString", "coordinates": [[-9.082073370023977, 62.17075188150301], [-9.0407591140754, 62.17347144864674]]}, "properties": {"source": "1881735", "target": "19188921"}}, {"type": "Feature", "geometry": {"type": "LineString", "coordinates": [[-9.066553993236312, 62.17435596932741], [-9.032091455068922, 62.161402283144994]]}, "properties": {"source": "1762154", "target": "8315757"}}, {"type": "Feature", "geometry": {"type": "LineString", "coordinates": [[-9.066553993236312, 62.17435596932741], [-9.065876372682766, 62.163748113992995]]}, "properties": {"source": "1762154", "target": "46378"}}, {"type": "Feature", "geometry": {"type": "LineString", "coordinates": [[-9.081206016362785, 62.170588434121356], [-9.071695782221838, 62.172572237477794]]}, "properties": {"source": "8608358", "target": "8031629"}}, {"type": "Feature", "geometry": {"type": "LineString", "coordinates": [[-9.049085004070264, 62.16360457741551], [-9.070000094863161, 62.16076016387514]]}, "properties": {"source": "6104552", "target": "4937583"}}, {"type": "Feature", "geometry": {"type": "LineString", "coordinates": [[-9.049085004070264, 62.16360457741551], [-9.084930536982313, 62.17114396756723]]}, "properties": {"source": "6104552", "target": "4937558"}}, {"type": "Feature", "geometry": {"type": "LineString", "coordinates": [[-9.049085004070264, 62.16360457741551], [-9.04379668607578, 62.180801349837964]]}, "properties": {"source": "6104552", "target": "4937599"}}, {"type": "Feature", "geometry": {"type": "LineString", "coordinates": [[-9.049085004070264, 62.16360457741551], [-9.033615898567689, 62.17322393136233]]}, "properties": {"source": "6104552", "target": "4937603"}}, {"type": "Feature", "geometry": {"type": "LineString", "coordinates": [[-9.049085004070264, 62.16360457741551], [-9.067297136340898, 62.17646399647114]]}, "properties": {"source": "6104552", "target": "6680719"}}, {"type": "Feature", "geometry": {"type": "LineString", "coordinates": [[-9.049085004070264, 62.16360457741551], [-9.060656186933414, 62.1617695108512]]}, "properties": {"source": "6104552", "target": "7645593"}}, {"type": "Feature", "geometry": {"type": "LineString", "coordinates": [[-9.049085004070264, 62.16360457741551], [-9.031884345132141, 62.173620001817056]]}, "properties": {"source": "6104552", "target": "4351858"}}, {"type": "Feature", "geometry": {"type": "LineString", "coordinates": [[-9.049085004070264, 62.16360457741551], [-9.04546025219068, 62.182174549491094]]}, "properties": {"source": "6104552", "target": "5989470"}}, {"type": "Feature", "geometry": {"type": "LineString", "coordinates": [[-9.049085004070264, 62.16360457741551], [-9.073772293326613, 62.16122324894383]]}, "properties": {"source": "6104552", "target": "43809"}}, {"type": "Feature", "geometry": {"type": "LineString", "coordinates": [[-9.07376931829208, 62.17797592059564], [-9.076342107191891, 62.17884699946491]]}, "properties": {"source": "2271131", "target": "30008298"}}, {"type": "Feature", "geometry": {"type": "LineString", "coordinates": [[-9.07376931829208, 62.17797592059564], [-9.076649336970917, 62.1751669512597]]}, "properties": {"source": "2271131", "target": "23803502"}}, {"type": "Feature", "geometry": {"type": "LineString", "coordinates": [[-9.059417827679283, 62.181574790536004], [-9.070010355200935, 62.16105960473152]]}, "properties": {"source": "26239941", "target": "5623572"}}, {"type": "Feature", "geometry": {"type": "LineString", "coordinates": [[-9.059417827679283, 62.181574790536004], [-9.032092796679223, 62.176495334536725]]}, "properties": {"source": "26239941", "target": "13622668"}}, {"type": "Feature", "geometry": {"type": "LineString", "coordinates": [[-9.039072339736038, 62.172705663362365], [-9.081206016362785, 62.170588434121356]]}, "properties": {"source": "13630053", "target": "8608358"}}, {"type": "Feature", "geometry": {"type": "LineString", "coordinates": [[-9.039072339736038, 62.172705663362365], [-9.071695782221838, 62.172572237477794]]}, "properties": {"source": "13630053", "target": "8031629"}}, {"type": "Feature", "geometry": {"type": "LineString", "coordinates": [[-9.079672856559313, 62.16304145181246], [-9.050682711761425, 62.16969314117891]]}, "properties": {"source": "6791067", "target": "17118815"}}, {"type": "Feature", "geometry": {"type": "LineString", "coordinates": [[-9.079672856559313, 62.16304145181246], [-9.069347580135798, 62.17190274506524]]}, "properties": {"source": "6791067", "target": "1604332"}}, {"type": "Feature", "geometry": {"type": "LineString", "coordinates": [[-9.085055429521617, 62.16310387184855], [-9.067297136340898, 62.17646399647114]]}, "properties": {"source": "6513968", "target": "6680719"}}, {"type": "Feature", "geometry": {"type": "LineString", "coordinates": [[-9.066656216296536, 62.17068674579218], [-9.062328128412503, 62.16487252050349]]}, "properties": {"source": "6315916", "target": "7626013"}}, {"type": "Feature", "geometry": {"type": "LineString", "coordinates": [[-9.066656216296536, 62.17068674579218], [-9.032572484304865, 62.17263521712201]]}, "properties": {"source": "6315916", "target": "7171908"}}, {"type": "Feature", "geometry": {"type": "LineString", "coordinates": [[-9.053128296171906, 62.17923744789067], [-9.021158489016784, 62.171256391876724]]}, "properties": {"source": "11165731", "target": "17936128"}}, {"type": "Feature", "geometry": {"type": "LineString", "coordinates": [[-9.053128296171906, 62.17923744789067], [-9.084322978932846, 62.17414387095084]]}, "properties": {"source": "11165731", "target": "15044586"}}, {"type": "Feature", "geometry": {"type": "LineString", "coordinates": [[-9.058727659115846, 62.17281439438982], [-9.062328128412503, 62.16487252050349]]}, "properties": {"source": "6716592", "target": "7626013"}}, {"type": "Feature", "geometry": {"type": "LineString", "coordinates": [[-9.072943596406219, 62.16618396912261], [-9.03361000233258, 62.17938775932005]]}, "properties": {"source": "21847405", "target": "2084404"}}, {"type": "Feature", "geometry": {"type": "LineString", "coordinates": [[-9.072943596406219, 62.16618396912261], [-9.021158489016784, 62.171256391876724]]}, "properties": {"source": "21847405", "target": "17936128"}}, {"type": "Feature", "geometry": {"type": "LineString", "coordinates": [[-9.029225369536107, 62.168134233048434], [-9.074243445542095, 62.16501384153722]]}, "properties": {"source": "699510", "target": "7269142"}}, {"type": "Feature", "geometry": {"type": "LineString", "coordinates": [[-9.024979494038433, 62.16251361956722], [-9.052436530442748, 62.16839353766758]]}, "properties": {"source": "35664641", "target": "580581"}}, {"type": "Feature", "geometry": {"type": "LineString", "coordinates": [[-9.078051170232271, 62.16307183206558], [-9.032015405201435, 62.1688764737269]]}, "properties": {"source": "2168023", "target": "20418037"}}, {"type": "Feature", "geometry": {"type": "LineString", "coordinates": [[-9.078051170232271, 62.16307183206558], [-9.060675572800108, 62.167372058822835]]}, "properties": {"source": "2168023", "target": "2777788"}}, {"type": "Feature", "geometry": {"type": "LineString", "coordinates": [[-9.078051170232271, 62.16307183206558], [-9.0407591140754, 62.17347144864674]]}, "properties": {"source": "2168023", "target": "19188921"}}, {"type": "Feature", "geometry": {"type": "LineString", "coordinates": [[-9.078051170232271, 62.16307183206558], [-9.03361000233258, 62.17938775932005]]}, "properties": {"source": "2168023", "target": "2084404"}}, {"type": "Feature", "geometry": {"type": "LineString", "coordinates": [[-9.078051170232271, 62.16307183206558], [-9.032102311093439, 62.175127320389834]]}, "properties": {"source": "2168023", "target": "2554040"}}, {"type": "Feature", "geometry": {"type": "LineString", "coordinates": [[-9.078051170232271, 62.16307183206558], [-9.082073370023977, 62.17075188150301]]}, "properties": {"source": "2168023", "target": "1881735"}}, {"type": "Feature", "geometry": {"type": "LineString", "coordinates": [[-9.078051170232271, 62.16307183206558], [-9.037863790467583, 62.17112237732236]]}, "properties": {"source": "2168023", "target": "1881953"}}, {"type": "Feature", "geometry": {"type": "LineString", "coordinates": [[-9.078051170232271, 62.16307183206558], [-9.079586028887803, 62.17178227101866]]}, "properties": {"source": "2168023", "target": "18669611"}}, {"type": "Feature", "geometry": {"type": "LineString", "coordinates": [[-9.084930536982313, 62.17114396756723], [-9.056097313023173, 62.16396383779136]]}, "properties": {"source": "4937558", "target": "33187497"}}, {"type": "Feature", "geometry": {"type": "LineString", "coordinates": [[-9.084930536982313, 62.17114396756723], [-9.05467528141719, 62.17715149498275]]}, "properties": {"source": "4937558", "target": "3140171"}}, {"type": "Feature", "geometry": {"type": "LineString", "coordinates": [[-9.084930536982313, 62.17114396756723], [-9.021690700773036, 62.17697749493685]]}, "properties": {"source": "4937558", "target": "30056942"}}, {"type": "Feature", "geometry": {"type": "LineString", "coordinates": [[-9.084930536982313, 62.17114396756723], [-9.070000094863161, 62.16076016387514]]}, "properties": {"source": "4937558", "target": "4937583"}}, {"type": "Feature", "geometry": {"type": "LineString", "coordinates": [[-9.084930536982313, 62.17114396756723], [-9.04379668607578, 62.180801349837964]]}, "properties": {"source": "4937558", "target": "4937599"}}, {"type": "Feature", "geometry": {"type": "LineString", "coordinates": [[-9.084930536982313, 62.17114396756723], [-9.026641724327419, 62.16167275609459]]}, "properties": {"source": "4937558", "target": "4913862"}}, {"type": "Feature", "geometry": {"type": "LineString", "coordinates": [[-9.084930536982313, 62.17114396756723], [-9.033615898567689, 62.17322393136233]]}, "properties": {"source": "4937558", "target": "4937603"}}, {"type": "Feature", "geometry": {"type": "LineString", "coordinates": [[-9.084930536982313, 62.17114396756723], [-9.031884345132141, 62.173620001817056]]}, "properties": {"source": "4937558", "target": "4351858"}}, {"type": "Feature", "geometry": {"type": "LineString", "coordinates": [[-9.05480638709966, 62.16768816188241], [-9.026598074603243, 62.172881627587714]]}, "properties": {"source": "27073296", "target": "2271134"}}, {"type": "Feature", "geometry": {"type": "LineString", "coordinates": [[-9.05480638709966, 62.16768816188241], [-9.038794753479351, 62.160741096916794]]}, "properties": {"source": "27073296", "target": "2271130"}}, {"type": "Feature", "geometry": {"type": "LineString", "coordinates": [[-9.05480638709966, 62.16768816188241], [-9.040431165092485, 62.165299768384614]]}, "properties": {"source": "27073296", "target": "10227519"}}, {"type": "Feature", "geometry": {"type": "LineString", "coordinates": [[-9.05480638709966, 62.16768816188241], [-9.057981926955705, 62.182295107369114]]}, "properties": {"source": "27073296", "target": "1078323"}}, {"type": "Feature", "geometry": {"type": "LineString", "coordinates": [[-9.05480638709966, 62.16768816188241], [-9.03133450918611, 62.18011677972376]]}, "properties": {"source": "27073296", "target": "12390698"}}, {"type": "Feature", "geometry": {"type": "LineString", "coordinates": [[-9.05480638709966, 62.16768816188241], [-9.047564186816999, 62.17133916514554]]}, "properties": {"source": "27073296", "target": "1289814"}}, {"type": "Feature", "geometry": {"type": "LineString", "coordinates": [[-9.05480638709966, 62.16768816188241], [-9.063501474558336, 62.161229165391674]]}, "properties": {"source": "27073296", "target": "1421116"}}, {"type": "Feature", "geometry": {"type": "LineString", "coordinates": [[-9.05480638709966, 62.16768816188241], [-9.062444877243308, 62.17017744733734]]}, "properties": {"source": "27073296", "target": "1241937"}}, {"type": "Feature", "geometry": {"type": "LineString", "coordinates": [[-9.06713964230778, 62.16634207735467], [-9.056097313023173, 62.16396383779136]]}, "properties": {"source": "3140173", "target": "33187497"}}, {"type": "Feature", "geometry": {"type": "LineString", "coordinates": [[-9.06713964230778, 62.16634207735467], [-9.033666872110786, 62.182045423021634]]}, "properties": {"source": "3140173", "target": "25342343"}}, {"type": "Feature", "geometry": {"type": "LineString", "coordinates": [[-9.06713964230778, 62.16634207735467], [-9.05467528141719, 62.17715149498275]]}, "properties": {"source": "3140173", "target": "3140171"}}, {"type": "Feature", "geometry": {"type": "LineString", "coordinates": [[-9.06713964230778, 62.16634207735467], [-9.021690700773036, 62.17697749493685]]}, "properties": {"source": "3140173", "target": "30056942"}}, {"type": "Feature", "geometry": {"type": "LineString", "coordinates": [[-9.06713964230778, 62.16634207735467], [-9.060706339454754, 62.17588041039967]]}, "properties": {"source": "3140173", "target": "30056940"}}, {"type": "Feature", "geometry": {"type": "LineString", "coordinates": [[-9.06713964230778, 62.16634207735467], [-9.070000094863161, 62.16076016387514]]}, "properties": {"source": "3140173", "target": "4937583"}}, {"type": "Feature", "geometry": {"type": "LineString", "coordinates": [[-9.06713964230778, 62.16634207735467], [-9.030619017717214, 62.17918134320426]]}, "properties": {"source": "3140173", "target": "2777746"}}, {"type": "Feature", "geometry": {"type": "LineString", "coordinates": [[-9.06713964230778, 62.16634207735467], [-9.034968801275994, 62.180499363697635]]}, "properties": {"source": "3140173", "target": "257073"}}, {"type": "Feature", "geometry": {"type": "LineString", "coordinates": [[-9.066789012276331, 62.16692154879752], [-9.068824898767474, 62.16748365404017]]}, "properties": {"source": "16090691", "target": "16028332"}}, {"type": "Feature", "geometry": {"type": "LineString", "coordinates": [[-9.066789012276331, 62.16692154879752], [-9.066647213069757, 62.16059709336146]]}, "properties": {"source": "16090691", "target": "16093014"}}, {"type": "Feature", "geometry": {"type": "LineString", "coordinates": [[-9.077802913099333, 62.16502571478979], [-9.026541353081285, 62.181977921967984]]}, "properties": {"source": "8296211", "target": "892327"}}, {"type": "Feature", "geometry": {"type": "LineString", "coordinates": [[-9.077802913099333, 62.16502571478979], [-9.055178178291868, 62.177965844416605]]}, "properties": {"source": "8296211", "target": "7733431"}}, {"type": "Feature", "geometry": {"type": "LineString", "coordinates": [[-9.077802913099333, 62.16502571478979], [-9.043244558205572, 62.17453918342201]]}, "properties": {"source": "8296211", "target": "7103428"}}, {"type": "Feature", "geometry": {"type": "LineString", "coordinates": [[-9.07113321526461, 62.176846479282474], [-9.070532503194784, 62.179769384090065]]}, "properties": {"source": "1264414", "target": "9872110"}}, {"type": "Feature", "geometry": {"type": "LineString", "coordinates": [[-9.07113321526461, 62.176846479282474], [-9.021456599873716, 62.17585768380883]]}, "properties": {"source": "1264414", "target": "1917360"}}, {"type": "Feature", "geometry": {"type": "LineString", "coordinates": [[-9.07113321526461, 62.176846479282474], [-9.040200624364047, 62.162890603421545]]}, "properties": {"source": "1264414", "target": "9931530"}}, {"type": "Feature", "geometry": {"type": "LineString", "coordinates": [[-9.07113321526461, 62.176846479282474], [-9.055659843840886, 62.16748194492115]]}, "properties": {"source": "1264414", "target": "1841791"}}, {"type": "Feature", "geometry": {"type": "LineString", "coordinates": [[-9.081707061043318, 62.168016071488935], [-9.06118410107905, 62.18100805349947]]}, "properties": {"source": "22732258", "target": "3362627"}}, {"type": "Feature", "geometry": {"type": "LineString", "coordinates": [[-9.081707061043318, 62.168016071488935], [-9.056356872008621, 62.175382428552666]]}, "properties": {"source": "22732258", "target": "11291815"}}, {"type": "Feature", "geometry": {"type": "LineString", "coordinates": [[-9.081707061043318, 62.168016071488935], [-9.05647878717491, 62.17139508541028]]}, "properties": {"source": "22732258", "target": "3484406"}}, {"type": "Feature", "geometry": {"type": "LineString", "coordinates": [[-9.081707061043318, 62.168016071488935], [-9.081723567075699, 62.17268530411178]]}, "properties": {"source": "22732258", "target": "7698004"}}, {"type": "Feature", "geometry": {"type": "LineString", "coordinates": [[-9.067679815596023, 62.17862919059394], [-9.049026976958316, 62.175836214428216]]}, "properties": {"source": "1353", "target": "39103"}}, {"type": "Feature", "geometry": {"type": "LineString", "coordinates": [[-9.056356872008621, 62.175382428552666], [-9.081206016362785, 62.170588434121356]]}, "properties": {"source": "11291815", "target": "8608358"}}, {"type": "Feature", "geometry": {"type": "LineString", "coordinates": [[-9.056356872008621, 62.175382428552666], [-9.071695782221838, 62.172572237477794]]}, "properties": {"source": "11291815", "target": "8031629"}}, {"type": "Feature", "geometry": {"type": "LineString", "coordinates": [[-9.051578261270947, 62.17144527058085], [-9.033870405985965, 62.17808304053827]]}, "properties": {"source": "15820058", "target": "14584722"}}, {"type": "Feature", "geometry": {"type": "LineString", "coordinates": [[-9.02921732537601, 62.16807965799849], [-9.082073370023977, 62.17075188150301]]}, "properties": {"source": "10957912", "target": "1881735"}}, {"type": "Feature", "geometry": {"type": "LineString", "coordinates": [[-9.02921732537601, 62.16807965799849], [-9.026450958629965, 62.182195818646406]]}, "properties": {"source": "10957912", "target": "33184737"}}, {"type": "Feature", "geometry": {"type": "LineString", "coordinates": [[-9.03490427391003, 62.175183176029435], [-9.06118410107905, 62.18100805349947]]}, "properties": {"source": "22246036", "target": "3362627"}}, {"type": "Feature", "geometry": {"type": "LineString", "coordinates": [[-9.03490427391003, 62.175183176029435], [-9.054104519030801, 62.16460915479584]]}, "properties": {"source": "22246036", "target": "2518452"}}, {"type": "Feature", "geometry": {"type": "LineString", "coordinates": [[-9.03490427391003, 62.175183176029435], [-9.070010355200935, 62.16105960473152]]}, "properties": {"source": "22246036", "target": "5623572"}}, {"type": "Feature", "geometry": {"type": "LineString", "coordinates": [[-9.082607682496018, 62.167804941023704], [-9.055178178291868, 62.177965844416605]]}, "properties": {"source": "71418", "target": "7733431"}}, {"type": "Feature", "geometry": {"type": "LineString", "coordinates": [[-9.082607682496018, 62.167804941023704], [-9.043244558205572, 62.17453918342201]]}, "properties": {"source": "71418", "target": "7103428"}}, {"type": "Feature", "geometry": {"type": "LineString", "coordinates": [[-9.039916579273807, 62.17082860118548], [-9.071146318342329, 62.18023617834665]]}, "properties": {"source": "32499926", "target": "35898176"}}, {"type": "Feature", "geometry": {"type": "LineString", "coordinates": [[-9.039916579273807, 62.17082860118548], [-9.050489036896494, 62.182045773100626]]}, "properties": {"source": "32499926", "target": "6745082"}}, {"type": "Feature", "geometry": {"type": "LineString", "coordinates": [[-9.039916579273807, 62.17082860118548], [-9.08044175429771, 62.17812779159132]]}, "properties": {"source": "32499926", "target": "515800"}}, {"type": "Feature", "geometry": {"type": "LineString", "coordinates": [[-9.039916579273807, 62.17082860118548], [-9.054906687780061, 62.17389234337672]]}, "properties": {"source": "32499926", "target": "8167523"}}, {"type": "Feature", "geometry": {"type": "LineString", "coordinates": [[-9.035893363676252, 62.16538255086404], [-9.021726763203077, 62.16651679489752]]}, "properties": {"source": "10229414", "target": "29979972"}}, {"type": "Feature", "geometry": {"type": "LineString", "coordinates": [[-9.035893363676252, 62.16538255086404], [-9.076342107191891, 62.17884699946491]]}, "properties": {"source": "10229414", "target": "30008298"}}, {"type": "Feature", "geometry": {"type": "LineString", "coordinates": [[-9.035893363676252, 62.16538255086404], [-9.05480638709966, 62.16768816188241]]}, "properties": {"source": "10229414", "target": "27073296"}}, {"type": "Feature", "geometry": {"type": "LineString", "coordinates": [[-9.03490427391003, 62.175183176029435], [-9.083054445843288, 62.16962201569588]]}, "properties": {"source": "22246036", "target": "6623221"}}, {"type": "Feature", "geometry": {"type": "LineString", "coordinates": [[-9.043263174263615, 62.16165038775438], [-9.078790771320143, 62.16627167076739]]}, "properties": {"source": "1453714", "target": "35017852"}}, {"type": "Feature", "geometry": {"type": "LineString", "coordinates": [[-9.043263174263615, 62.16165038775438], [-9.071146318342329, 62.18023617834665]]}, "properties": {"source": "1453714", "target": "35898176"}}, {"type": "Feature", "geometry": {"type": "LineString", "coordinates": [[-9.043263174263615, 62.16165038775438], [-9.048729181233966, 62.160966061842984]]}, "properties": {"source": "1453714", "target": "3039856"}}, {"type": "Feature", "geometry": {"type": "LineString", "coordinates": [[-9.043263174263615, 62.16165038775438], [-9.050489036896494, 62.182045773100626]]}, "properties": {"source": "1453714", "target": "6745082"}}, {"type": "Feature", "geometry": {"type": "LineString", "coordinates": [[-9.029040255771775, 62.16243446659591], [-9.023205004332567, 62.174561038311]]}, "properties": {"source": "7406246", "target": "7114105"}}, {"type": "Feature", "geometry": {"type": "LineString", "coordinates": [[-9.029040255771775, 62.16243446659591], [-9.074243445542095, 62.16501384153722]]}, "properties": {"source": "7406246", "target": "7269142"}}, {"type": "Feature", "geometry": {"type": "LineString", "coordinates": [[-9.029040255771775, 62.16243446659591], [-9.029225369536107, 62.168134233048434]]}, "properties": {"source": "7406246", "target": "699510"}}, {"type": "Feature", "geometry": {"type": "LineString", "coordinates": [[-9.067118091937175, 62.168682115768135], [-9.04461636154889, 62.17860062723679]]}, "properties": {"source": "16150935", "target": "33816669"}}, {"type": "Feature", "geometry": {"type": "LineString", "coordinates": [[-9.067118091937175, 62.168682115768135], [-9.05711588108261, 62.16192257276043]]}, "properties": {"source": "16150935", "target": "3126153"}}, {"type": "Feature", "geometry": {"type": "LineString", "coordinates": [[-9.080690211075222, 62.168362820104306], [-9.028458184675003, 62.16190430697816]]}, "properties": {"source": "18591607", "target": "24875293"}}, {"type": "Feature", "geometry": {"type": "LineString", "coordinates": [[-9.080690211075222, 62.168362820104306], [-9.063832326468088, 62.17379643354582]]}, "properties": {"source": "18591607", "target": "21544013"}}, {"type": "Feature", "geometry": {"type": "LineString", "coordinates": [[-9.02713070080793, 62.16073308635718], [-9.066808980795457, 62.163235085327]]}, "properties": {"source": "1841278", "target": "21426545"}}, {"type": "Feature", "geometry": {"type": "LineString", "coordinates": [[-9.02713070080793, 62.16073308635718], [-9.076958425305236, 62.16556687411213]]}, "properties": {"source": "1841278", "target": "21462992"}}, {"type": "Feature", "geometry": {"type": "LineString", "coordinates": [[-9.02713070080793, 62.16073308635718], [-9.033390743400759, 62.17171211886223]]}, "properties": {"source": "1841278", "target": "21462950"}}, {"type": "Feature", "geometry": {"type": "LineString", "coordinates": [[-9.02713070080793, 62.16073308635718], [-9.057160320574127, 62.18052822837416]]}, "properties": {"source": "1841278", "target": "21462903"}}, {"type": "Feature", "geometry": {"type": "LineString", "coordinates": [[-9.02713070080793, 62.16073308635718], [-9.0407591140754, 62.17347144864674]]}, "properties": {"source": "1841278", "target": "19188921"}}, {"type": "Feature", "geometry": {"type": "LineString", "coordinates": [[-9.069347580135798, 62.17190274506524], [-9.036972979988889, 62.16539406956716]]}, "properties": {"source": "1604332", "target": "2777384"}}, {"type": "Feature", "geometry": {"type": "LineString", "coordinates": [[-9.078410650567491, 62.16266135271867], [-9.03971113164505, 62.16237727940124]]}, "properties": {"source": "1728013", "target": "29240"}}, {"type": "Feature", "geometry": {"type": "LineString", "coordinates": [[-9.078410650567491, 62.16266135271867], [-9.051054031209333, 62.18098686717899]]}, "properties": {"source": "1728013", "target": "29243"}}, {"type": "Feature", "geometry": {"type": "LineString", "coordinates": [[-9.078410650567491, 62.16266135271867], [-9.070532503194784, 62.179769384090065]]}, "properties": {"source": "1728013", "target": "9872110"}}, {"type": "Feature", "geometry": {"type": "LineString", "coordinates": [[-9.059909943641514, 62.16242582345647], [-9.051578261270947, 62.17144527058085]]}, "properties": {"source": "18090097", "target": "15820058"}}, {"type": "Feature", "geometry": {"type": "LineString", "coordinates": [[-9.059909943641514, 62.16242582345647], [-9.046330055859926, 62.1622935180759]]}, "properties": {"source": "18090097", "target": "16062206"}}, {"type": "Feature", "geometry": {"type": "LineString", "coordinates": [[-9.059909943641514, 62.16242582345647], [-9.033870405985965, 62.17808304053827]]}, "properties": {"source": "18090097", "target": "14584722"}}, {"type": "Feature", "geometry": {"type": "LineString", "coordinates": [[-9.059909943641514, 62.16242582345647], [-9.055441676906554, 62.16254552623711]]}, "properties": {"source": "18090097", "target": "13623911"}}, {"type": "Feature", "geometry": {"type": "LineString", "coordinates": [[-9.079024793512502, 62.16472812319735], [-9.032015405201435, 62.1688764737269]]}, "properties": {"source": "18599739", "target": "20418037"}}, {"type": "Feature", "geometry": {"type": "LineString", "coordinates": [[-9.085055429521617, 62.16310387184855], [-9.073683794163742, 62.16914501682223]]}, "properties": {"source": "6513968", "target": "71383"}}, {"type": "Feature", "geometry": {"type": "LineString", "coordinates": [[-9.02842311135882, 62.17604528181437], [-9.03971113164505, 62.16237727940124]]}, "properties": {"source": "242017", "target": "29240"}}, {"type": "Feature", "geometry": {"type": "LineString", "coordinates": [[-9.02842311135882, 62.17604528181437], [-9.051054031209333, 62.18098686717899]]}, "properties": {"source": "242017", "target": "29243"}}, {"type": "Feature", "geometry": {"type": "LineString", "coordinates": [[-9.02842311135882, 62.17604528181437], [-9.070532503194784, 62.179769384090065]]}, "properties": {"source": "242017", "target": "9872110"}}, {"type": "Feature", "geometry": {"type": "LineString", "coordinates": [[-9.039711017308576, 62.16147509340982], [-9.026255526290953, 62.18171420288644]]}, "properties": {"source": "1489110", "target": "1633425"}}, {"type": "Feature", "geometry": {"type": "LineString", "coordinates": [[-9.039711017308576, 62.16147509340982], [-9.031057122356799, 62.17049666846377]]}, "properties": {"source": "1489110", "target": "1495649"}}, {"type": "Feature", "geometry": {"type": "LineString", "coordinates": [[-9.034803662922315, 62.1764673018649], [-9.026541353081285, 62.181977921967984]]}, "properties": {"source": "9590423", "target": "892327"}}, {"type": "Feature", "geometry": {"type": "LineString", "coordinates": [[-9.083308159958563, 62.16326524789457], [-9.060084199402638, 62.16069906212566]]}, "properties": {"source": "1364528", "target": "1414871"}}, {"type": "Feature", "geometry": {"type": "LineString", "coordinates": [[-9.083308159958563, 62.16326524789457], [-9.081707061043318, 62.168016071488935]]}, "properties": {"source": "1364528", "target": "22732258"}}, {"type": "Feature", "geometry": {"type": "LineString", "coordinates": [[-9.083308159958563, 62.16326524789457], [-9.056356872008621, 62.175382428552666]]}, "properties": {"source": "1364528", "target": "11291815"}}, {"type": "Feature", "geometry": {"type": "LineString", "coordinates": [[-9.083308159958563, 62.16326524789457], [-9.081206016362785, 62.170588434121356]]}, "properties": {"source": "1364528", "target": "8608358"}}, {"type": "Feature", "geometry": {"type": "LineString", "coordinates": [[-9.083308159958563, 62.16326524789457], [-9.05647878717491, 62.17139508541028]]}, "properties": {"source": "1364528", "target": "3484406"}}, {"type": "Feature", "geometry": {"type": "LineString", "coordinates": [[-9.083308159958563, 62.16326524789457], [-9.05245868068667, 62.160768823978344]]}, "properties": {"source": "1364528", "target": "1771967"}}, {"type": "Feature", "geometry": {"type": "LineString", "coordinates": [[-9.083308159958563, 62.16326524789457], [-9.081723567075699, 62.17268530411178]]}, "properties": {"source": "1364528", "target": "7698004"}}, {"type": "Feature", "geometry": {"type": "LineString", "coordinates": [[-9.063117667386138, 62.1674895079332], [-9.055178178291868, 62.177965844416605]]}, "properties": {"source": "702075", "target": "7733431"}}, {"type": "Feature", "geometry": {"type": "LineString", "coordinates": [[-9.063117667386138, 62.1674895079332], [-9.043244558205572, 62.17453918342201]]}, "properties": {"source": "702075", "target": "7103428"}}, {"type": "Feature", "geometry": {"type": "LineString", "coordinates": [[-9.060706339454754, 62.17588041039967], [-9.084930536982313, 62.17114396756723]]}, "properties": {"source": "30056940", "target": "4937558"}}, {"type": "Feature", "geometry": {"type": "LineString", "coordinates": [[-9.060706339454754, 62.17588041039967], [-9.026641724327419, 62.16167275609459]]}, "properties": {"source": "30056940", "target": "4913862"}}, {"type": "Feature", "geometry": {"type": "LineString", "coordinates": [[-9.060706339454754, 62.17588041039967], [-9.060675572800108, 62.167372058822835]]}, "properties": {"source": "30056940", "target": "2777788"}}, {"type": "Feature", "geometry": {"type": "LineString", "coordinates": [[-9.060706339454754, 62.17588041039967], [-9.076807947330423, 62.169931998998976]]}, "properties": {"source": "30056940", "target": "3969"}}, {"type": "Feature", "geometry": {"type": "LineString", "coordinates": [[-9.060706339454754, 62.17588041039967], [-9.031884345132141, 62.173620001817056]]}, "properties": {"source": "30056940", "target": "4351858"}}, {"type": "Feature", "geometry": {"type": "LineString", "coordinates": [[-9.060706339454754, 62.17588041039967], [-9.034724032369269, 62.1753085186175]]}, "properties": {"source": "30056940", "target": "2957384"}}, {"type": "Feature", "geometry": {"type": "LineString", "coordinates": [[-9.060706339454754, 62.17588041039967], [-9.038344320751747, 62.17730238874525]]}, "properties": {"source": "30056940", "target": "10213276"}}, {"type": "Feature", "geometry": {"type": "LineString", "coordinates": [[-9.066808980795457, 62.163235085327], [-9.03361000233258, 62.17938775932005]]}, "properties": {"source": "21426545", "target": "2084404"}}, {"type": "Feature", "geometry": {"type": "LineString", "coordinates": [[-9.066808980795457, 62.163235085327], [-9.082073370023977, 62.17075188150301]]}, "properties": {"source": "21426545", "target": "1881735"}}, {"type": "Feature", "geometry": {"type": "LineString", "coordinates": [[-9.050489036896494, 62.182045773100626], [-9.054906687780061, 62.17389234337672]]}, "properties": {"source": "6745082", "target": "8167523"}}, {"type": "Feature", "geometry": {"type": "LineString", "coordinates": [[-9.050489036896494, 62.182045773100626], [-9.055613590394842, 62.17853849946475]]}, "properties": {"source": "6745082", "target": "219261"}}, {"type": "Feature", "geometry": {"type": "LineString", "coordinates": [[-9.050489036896494, 62.182045773100626], [-9.052104378165978, 62.172842761439384]]}, "properties": {"source": "6745082", "target": "1712673"}}, {"type": "Feature", "geometry": {"type": "LineString", "coordinates": [[-9.050489036896494, 62.182045773100626], [-9.07161539775359, 62.160461438516094]]}, "properties": {"source": "6745082", "target": "1666147"}}, {"type": "Feature", "geometry": {"type": "LineString", "coordinates": [[-9.050489036896494, 62.182045773100626], [-9.042455892256726, 62.17180928503383]]}, "properties": {"source": "6745082", "target": "19504922"}}, {"type": "Feature", "geometry": {"type": "LineString", "coordinates": [[-9.050489036896494, 62.182045773100626], [-9.0353537603159, 62.163292855214294]]}, "properties": {"source": "6745082", "target": "20578311"}}, {"type": "Feature", "geometry": {"type": "LineString", "coordinates": [[-9.050489036896494, 62.182045773100626], [-9.046607668769127, 62.175155950174826]]}, "properties": {"source": "6745082", "target": "25438402"}}, {"type": "Feature", "geometry": {"type": "LineString", "coordinates": [[-9.036241626904854, 62.165151592448936], [-9.034968801275994, 62.180499363697635]]}, "properties": {"source": "2243660", "target": "257073"}}, {"type": "Feature", "geometry": {"type": "LineString", "coordinates": [[-9.036241626904854, 62.165151592448936], [-9.044346664555718, 62.17535742099142]]}, "properties": {"source": "2243660", "target": "2811318"}}, {"type": "Feature", "geometry": {"type": "LineString", "coordinates": [[-9.036241626904854, 62.165151592448936], [-9.060675572800108, 62.167372058822835]]}, "properties": {"source": "2243660", "target": "2777788"}}, {"type": "Feature", "geometry": {"type": "LineString", "coordinates": [[-9.036241626904854, 62.165151592448936], [-9.042337220649443, 62.173902829270745]]}, "properties": {"source": "2243660", "target": "20415701"}}, {"type": "Feature", "geometry": {"type": "LineString", "coordinates": [[-9.036241626904854, 62.165151592448936], [-9.057816867285283, 62.1670787608703]]}, "properties": {"source": "2243660", "target": "11391602"}}, {"type": "Feature", "geometry": {"type": "LineString", "coordinates": [[-9.036241626904854, 62.165151592448936], [-9.032065771051265, 62.17160002420056]]}, "properties": {"source": "2243660", "target": "11391595"}}, {"type": "Feature", "geometry": {"type": "LineString", "coordinates": [[-9.036241626904854, 62.165151592448936], [-9.032102311093439, 62.175127320389834]]}, "properties": {"source": "2243660", "target": "2554040"}}, {"type": "Feature", "geometry": {"type": "LineString", "coordinates": [[-9.044978048421115, 62.1622743230275], [-9.070903997170007, 62.16257456207529]]}, "properties": {"source": "2778011", "target": "1546627"}}, {"type": "Feature", "geometry": {"type": "LineString", "coordinates": [[-9.044978048421115, 62.1622743230275], [-9.052691110744945, 62.16942538013268]]}, "properties": {"source": "2778011", "target": "10863349"}}, {"type": "Feature", "geometry": {"type": "LineString", "coordinates": [[-9.044978048421115, 62.1622743230275], [-9.038188905496327, 62.16638561600574]]}, "properties": {"source": "2778011", "target": "10669676"}}, {"type": "Feature", "geometry": {"type": "LineString", "coordinates": [[-9.044978048421115, 62.1622743230275], [-9.03368562489598, 62.17573565010716]]}, "properties": {"source": "2778011", "target": "10435848"}}, {"type": "Feature", "geometry": {"type": "LineString", "coordinates": [[-9.044978048421115, 62.1622743230275], [-9.07357684322264, 62.1626277009357]]}, "properties": {"source": "2778011", "target": "1890687"}}, {"type": "Feature", "geometry": {"type": "LineString", "coordinates": [[-9.044978048421115, 62.1622743230275], [-9.042889870377252, 62.16375309517743]]}, "properties": {"source": "2778011", "target": "1127491"}}, {"type": "Feature", "geometry": {"type": "LineString", "coordinates": [[-9.044978048421115, 62.1622743230275], [-9.066553993236312, 62.17435596932741]]}, "properties": {"source": "2778011", "target": "1762154"}}, {"type": "Feature", "geometry": {"type": "LineString", "coordinates": [[-9.044978048421115, 62.1622743230275], [-9.04461636154889, 62.17860062723679]]}, "properties": {"source": "2778011", "target": "33816669"}}, {"type": "Feature", "geometry": {"type": "LineString", "coordinates": [[-9.044978048421115, 62.1622743230275], [-9.02157288119733, 62.18242345469157]]}, "properties": {"source": "2778011", "target": "252290"}}, {"type": "Feature", "geometry": {"type": "LineString", "coordinates": [[-9.08044175429771, 62.17812779159132], [-9.07161539775359, 62.160461438516094]]}, "properties": {"source": "515800", "target": "1666147"}}, {"type": "Feature", "geometry": {"type": "LineString", "coordinates": [[-9.08044175429771, 62.17812779159132], [-9.042455892256726, 62.17180928503383]]}, "properties": {"source": "515800", "target": "19504922"}}, {"type": "Feature", "geometry": {"type": "LineString", "coordinates": [[-9.070000094863161, 62.16076016387514], [-9.056097313023173, 62.16396383779136]]}, "properties": {"source": "4937583", "target": "33187497"}}, {"type": "Feature", "geometry": {"type": "LineString", "coordinates": [[-9.070000094863161, 62.16076016387514], [-9.05467528141719, 62.17715149498275]]}, "properties": {"source": "4937583", "target": "3140171"}}, {"type": "Feature", "geometry": {"type": "LineString", "coordinates": [[-9.070000094863161, 62.16076016387514], [-9.021690700773036, 62.17697749493685]]}, "properties": {"source": "4937583", "target": "30056942"}}, {"type": "Feature", "geometry": {"type": "LineString", "coordinates": [[-9.070000094863161, 62.16076016387514], [-9.04379668607578, 62.180801349837964]]}, "properties": {"source": "4937583", "target": "4937599"}}, {"type": "Feature", "geometry": {"type": "LineString", "coordinates": [[-9.070000094863161, 62.16076016387514], [-9.026641724327419, 62.16167275609459]]}, "properties": {"source": "4937583", "target": "4913862"}}, {"type": "Feature", "geometry": {"type": "LineString", "coordinates": [[-9.070000094863161, 62.16076016387514], [-9.033615898567689, 62.17322393136233]]}, "properties": {"source": "4937583", "target": "4937603"}}, {"type": "Feature", "geometry": {"type": "LineString", "coordinates": [[-9.070000094863161, 62.16076016387514], [-9.031884345132141, 62.173620001817056]]}, "properties": {"source": "4937583", "target": "4351858"}}, {"type": "Feature", "geometry": {"type": "LineString", "coordinates": [[-9.070000094863161, 62.16076016387514], [-9.04546025219068, 62.182174549491094]]}, "properties": {"source": "4937583", "target": "5989470"}}, {"type": "Feature", "geometry": {"type": "LineString", "coordinates": [[-9.070000094863161, 62.16076016387514], [-9.040931425767383, 62.1756367752422]]}, "properties": {"source": "4937583", "target": "315167"}}, {"type": "Feature", "geometry": {"type": "LineString", "coordinates": [[-9.070000094863161, 62.16076016387514], [-9.063397061646839, 62.180775907196704]]}, "properties": {"source": "4937583", "target": "33253014"}}, {"type": "Feature", "geometry": {"type": "LineString", "coordinates": [[-9.057160320574127, 62.18052822837416], [-9.066808980795457, 62.163235085327]]}, "properties": {"source": "21462903", "target": "21426545"}}, {"type": "Feature", "geometry": {"type": "LineString", "coordinates": [[-9.057160320574127, 62.18052822837416], [-9.033666872110786, 62.182045423021634]]}, "properties": {"source": "21462903", "target": "25342343"}}, {"type": "Feature", "geometry": {"type": "LineString", "coordinates": [[-9.057160320574127, 62.18052822837416], [-9.076958425305236, 62.16556687411213]]}, "properties": {"source": "21462903", "target": "21462992"}}, {"type": "Feature", "geometry": {"type": "LineString", "coordinates": [[-9.057160320574127, 62.18052822837416], [-9.031757812041093, 62.175598579646234]]}, "properties": {"source": "21462903", "target": "23443412"}}, {"type": "Feature", "geometry": {"type": "LineString", "coordinates": [[-9.030342754443296, 62.16111036722694], [-9.057816867285283, 62.1670787608703]]}, "properties": {"source": "23595474", "target": "11391602"}}, {"type": "Feature", "geometry": {"type": "LineString", "coordinates": [[-9.030342754443296, 62.16111036722694], [-9.03361000233258, 62.17938775932005]]}, "properties": {"source": "23595474", "target": "2084404"}}, {"type": "Feature", "geometry": {"type": "LineString", "coordinates": [[-9.030342754443296, 62.16111036722694], [-9.032065771051265, 62.17160002420056]]}, "properties": {"source": "23595474", "target": "11391595"}}, {"type": "Feature", "geometry": {"type": "LineString", "coordinates": [[-9.030342754443296, 62.16111036722694], [-9.032102311093439, 62.175127320389834]]}, "properties": {"source": "23595474", "target": "2554040"}}, {"type": "Feature", "geometry": {"type": "LineString", "coordinates": [[-9.030342754443296, 62.16111036722694], [-9.063156635172305, 62.16643300349607]]}, "properties": {"source": "23595474", "target": "2780082"}}, {"type": "Feature", "geometry": {"type": "LineString", "coordinates": [[-9.029604346290881, 62.16075249002863], [-9.056097313023173, 62.16396383779136]]}, "properties": {"source": "3140185", "target": "33187497"}}, {"type": "Feature", "geometry": {"type": "LineString", "coordinates": [[-9.029604346290881, 62.16075249002863], [-9.021690700773036, 62.17697749493685]]}, "properties": {"source": "3140185", "target": "30056942"}}, {"type": "Feature", "geometry": {"type": "LineString", "coordinates": [[-9.029604346290881, 62.16075249002863], [-9.070000094863161, 62.16076016387514]]}, "properties": {"source": "3140185", "target": "4937583"}}, {"type": "Feature", "geometry": {"type": "LineString", "coordinates": [[-9.029604346290881, 62.16075249002863], [-9.030619017717214, 62.17918134320426]]}, "properties": {"source": "3140185", "target": "2777746"}}, {"type": "Feature", "geometry": {"type": "LineString", "coordinates": [[-9.029604346290881, 62.16075249002863], [-9.034968801275994, 62.180499363697635]]}, "properties": {"source": "3140185", "target": "257073"}}, {"type": "Feature", "geometry": {"type": "LineString", "coordinates": [[-9.029604346290881, 62.16075249002863], [-9.044346664555718, 62.17535742099142]]}, "properties": {"source": "3140185", "target": "2811318"}}, {"type": "Feature", "geometry": {"type": "LineString", "coordinates": [[-9.029604346290881, 62.16075249002863], [-9.04379668607578, 62.180801349837964]]}, "properties": {"source": "3140185", "target": "4937599"}}, {"type": "Feature", "geometry": {"type": "LineString", "coordinates": [[-9.029604346290881, 62.16075249002863], [-9.026641724327419, 62.16167275609459]]}, "properties": {"source": "3140185", "target": "4913862"}}, {"type": "Feature", "geometry": {"type": "LineString", "coordinates": [[-9.029604346290881, 62.16075249002863], [-9.060675572800108, 62.167372058822835]]}, "properties": {"source": "3140185", "target": "2777788"}}, {"type": "Feature", "geometry": {"type": "LineString", "coordinates": [[-9.029604346290881, 62.16075249002863], [-9.059250830610836, 62.16851018594757]]}, "properties": {"source": "3140185", "target": "28639282"}}, {"type": "Feature", "geometry": {"type": "LineString", "coordinates": [[-9.029604346290881, 62.16075249002863], [-9.02376911942531, 62.17082769567375]]}, "properties": {"source": "3140185", "target": "106791"}}, {"type": "Feature", "geometry": {"type": "LineString", "coordinates": [[-9.065876372682766, 62.163748113992995], [-9.044456399911326, 62.167545026966366]]}, "properties": {"source": "46378", "target": "448287"}}, {"type": "Feature", "geometry": {"type": "LineString", "coordinates": [[-9.033615898567689, 62.17322393136233], [-9.04546025219068, 62.182174549491094]]}, "properties": {"source": "4937603", "target": "5989470"}}, {"type": "Feature", "geometry": {"type": "LineString", "coordinates": [[-9.033615898567689, 62.17322393136233], [-9.063397061646839, 62.180775907196704]]}, "properties": {"source": "4937603", "target": "33253014"}}, {"type": "Feature", "geometry": {"type": "LineString", "coordinates": [[-9.076807947330423, 62.169931998998976], [-9.056097313023173, 62.16396383779136]]}, "properties": {"source": "3969", "target": "33187497"}}, {"type": "Feature", "geometry": {"type": "LineString", "coordinates": [[-9.076807947330423, 62.169931998998976], [-9.021690700773036, 62.17697749493685]]}, "properties": {"source": "3969", "target": "30056942"}}, {"type": "Feature", "geometry": {"type": "LineString", "coordinates": [[-9.076807947330423, 62.169931998998976], [-9.070000094863161, 62.16076016387514]]}, "properties": {"source": "3969", "target": "4937583"}}, {"type": "Feature", "geometry": {"type": "LineString", "coordinates": [[-9.076807947330423, 62.169931998998976], [-9.044346664555718, 62.17535742099142]]}, "properties": {"source": "3969", "target": "2811318"}}, {"type": "Feature", "geometry": {"type": "LineString", "coordinates": [[-9.076807947330423, 62.169931998998976], [-9.084930536982313, 62.17114396756723]]}, "properties": {"source": "3969", "target": "4937558"}}, {"type": "Feature", "geometry": {"type": "LineString", "coordinates": [[-9.076807947330423, 62.169931998998976], [-9.04379668607578, 62.180801349837964]]}, "properties": {"source": "3969", "target": "4937599"}}, {"type": "Feature", "geometry": {"type": "LineString", "coordinates": [[-9.076807947330423, 62.169931998998976], [-9.026641724327419, 62.16167275609459]]}, "properties": {"source": "3969", "target": "4913862"}}, {"type": "Feature", "geometry": {"type": "LineString", "coordinates": [[-9.076807947330423, 62.169931998998976], [-9.060675572800108, 62.167372058822835]]}, "properties": {"source": "3969", "target": "2777788"}}, {"type": "Feature", "geometry": {"type": "LineString", "coordinates": [[-9.076807947330423, 62.169931998998976], [-9.033615898567689, 62.17322393136233]]}, "properties": {"source": "3969", "target": "4937603"}}, {"type": "Feature", "geometry": {"type": "LineString", "coordinates": [[-9.076807947330423, 62.169931998998976], [-9.034724032369269, 62.1753085186175]]}, "properties": {"source": "3969", "target": "2957384"}}, {"type": "Feature", "geometry": {"type": "LineString", "coordinates": [[-9.076807947330423, 62.169931998998976], [-9.063156635172305, 62.16643300349607]]}, "properties": {"source": "3969", "target": "2780082"}}, {"type": "Feature", "geometry": {"type": "LineString", "coordinates": [[-9.076807947330423, 62.169931998998976], [-9.040931425767383, 62.1756367752422]]}, "properties": {"source": "3969", "target": "315167"}}, {"type": "Feature", "geometry": {"type": "LineString", "coordinates": [[-9.076807947330423, 62.169931998998976], [-9.063397061646839, 62.180775907196704]]}, "properties": {"source": "3969", "target": "33253014"}}, {"type": "Feature", "geometry": {"type": "LineString", "coordinates": [[-9.060805383644777, 62.16882762922627], [-9.06118410107905, 62.18100805349947]]}, "properties": {"source": "2380483", "target": "3362627"}}, {"type": "Feature", "geometry": {"type": "LineString", "coordinates": [[-9.060805383644777, 62.16882762922627], [-9.054104519030801, 62.16460915479584]]}, "properties": {"source": "2380483", "target": "2518452"}}, {"type": "Feature", "geometry": {"type": "LineString", "coordinates": [[-9.060805383644777, 62.16882762922627], [-9.04525762612704, 62.17709525151601]]}, "properties": {"source": "2380483", "target": "7450959"}}, {"type": "Feature", "geometry": {"type": "LineString", "coordinates": [[-9.060805383644777, 62.16882762922627], [-9.070010355200935, 62.16105960473152]]}, "properties": {"source": "2380483", "target": "5623572"}}, {"type": "Feature", "geometry": {"type": "LineString", "coordinates": [[-9.060805383644777, 62.16882762922627], [-9.060084199402638, 62.16069906212566]]}, "properties": {"source": "2380483", "target": "1414871"}}, {"type": "Feature", "geometry": {"type": "LineString", "coordinates": [[-9.060805383644777, 62.16882762922627], [-9.078548975290346, 62.172113091155]]}, "properties": {"source": "2380483", "target": "1414870"}}, {"type": "Feature", "geometry": {"type": "LineString", "coordinates": [[-9.060805383644777, 62.16882762922627], [-9.040592612486336, 62.18113040494008]]}, "properties": {"source": "2380483", "target": "1414866"}}, {"type": "Feature", "geometry": {"type": "LineString", "coordinates": [[-9.060805383644777, 62.16882762922627], [-9.059239215462497, 62.18201405185721]]}, "properties": {"source": "2380483", "target": "1414864"}}, {"type": "Feature", "geometry": {"type": "LineString", "coordinates": [[-9.023205004332567, 62.174561038311], [-9.04546025219068, 62.182174549491094]]}, "properties": {"source": "7114105", "target": "5989470"}}, {"type": "Feature", "geometry": {"type": "LineString", "coordinates": [[-9.023205004332567, 62.174561038311], [-9.032065771051265, 62.17160002420056]]}, "properties": {"source": "7114105", "target": "11391595"}}, {"type": "Feature", "geometry": {"type": "LineString", "coordinates": [[-9.023205004332567, 62.174561038311], [-9.056943894916884, 62.17979861304032]]}, "properties": {"source": "7114105", "target": "6720157"}}, {"type": "Feature", "geometry": {"type": "LineString", "coordinates": [[-9.023205004332567, 62.174561038311], [-9.050682711761425, 62.16969314117891]]}, "properties": {"source": "7114105", "target": "17118815"}}, {"type": "Feature", "geometry": {"type": "LineString", "coordinates": [[-9.023205004332567, 62.174561038311], [-9.04485301955981, 62.16306812528819]]}, "properties": {"source": "7114105", "target": "6878886"}}, {"type": "Feature", "geometry": {"type": "LineString", "coordinates": [[-9.023205004332567, 62.174561038311], [-9.026371276990545, 62.17039257809127]]}, "properties": {"source": "7114105", "target": "12690148"}}, {"type": "Feature", "geometry": {"type": "LineString", "coordinates": [[-9.023205004332567, 62.174561038311], [-9.069347580135798, 62.17190274506524]]}, "properties": {"source": "7114105", "target": "1604332"}}, {"type": "Feature", "geometry": {"type": "LineString", "coordinates": [[-9.060805383644777, 62.16882762922627], [-9.083054445843288, 62.16962201569588]]}, "properties": {"source": "2380483", "target": "6623221"}}, {"type": "Feature", "geometry": {"type": "LineString", "coordinates": [[-9.073683794163742, 62.16914501682223], [-9.056943894916884, 62.17979861304032]]}, "properties": {"source": "71383", "target": "6720157"}}, {"type": "Feature", "geometry": {"type": "LineString", "coordinates": [[-9.073683794163742, 62.16914501682223], [-9.028162905673469, 62.18180331091544]]}, "properties": {"source": "71383", "target": "928209"}}, {"type": "Feature", "geometry": {"type": "LineString", "coordinates": [[-9.073683794163742, 62.16914501682223], [-9.04485301955981, 62.16306812528819]]}, "properties": {"source": "71383", "target": "6878886"}}, {"type": "Feature", "geometry": {"type": "LineString", "coordinates": [[-9.064536913726926, 62.18189753324391], [-9.062328128412503, 62.16487252050349]]}, "properties": {"source": "874105", "target": "7626013"}}, {"type": "Feature", "geometry": {"type": "LineString", "coordinates": [[-9.064536913726926, 62.18189753324391], [-9.080944879059217, 62.17515050156594]]}, "properties": {"source": "874105", "target": "855963"}}, {"type": "Feature", "geometry": {"type": "LineString", "coordinates": [[-9.064536913726926, 62.18189753324391], [-9.083249376617175, 62.166688289375855]]}, "properties": {"source": "874105", "target": "874111"}}, {"type": "Feature", "geometry": {"type": "LineString", "coordinates": [[-9.064536913726926, 62.18189753324391], [-9.032572484304865, 62.17263521712201]]}, "properties": {"source": "874105", "target": "7171908"}}, {"type": "Feature", "geometry": {"type": "LineString", "coordinates": [[-9.064536913726926, 62.18189753324391], [-9.06156067429663, 62.181166823327274]]}, "properties": {"source": "874105", "target": "9702810"}}, {"type": "Feature", "geometry": {"type": "LineString", "coordinates": [[-9.032102311093439, 62.175127320389834], [-9.060675572800108, 62.167372058822835]]}, "properties": {"source": "2554040", "target": "2777788"}}, {"type": "Feature", "geometry": {"type": "LineString", "coordinates": [[-9.042455892256726, 62.17180928503383], [-9.054906687780061, 62.17389234337672]]}, "properties": {"source": "19504922", "target": "8167523"}}, {"type": "Feature", "geometry": {"type": "LineString", "coordinates": [[-9.042455892256726, 62.17180928503383], [-9.055613590394842, 62.17853849946475]]}, "properties": {"source": "19504922", "target": "219261"}}, {"type": "Feature", "geometry": {"type": "LineString", "coordinates": [[-9.042455892256726, 62.17180928503383], [-9.052104378165978, 62.172842761439384]]}, "properties": {"source": "19504922", "target": "1712673"}}, {"type": "Feature", "geometry": {"type": "LineString", "coordinates": [[-9.047649024255293, 62.171985183507246], [-9.070010355200935, 62.16105960473152]]}, "properties": {"source": "1414865", "target": "5623572"}}, {"type": "Feature", "geometry": {"type": "LineString", "coordinates": [[-9.041457270424644, 62.1816911974542], [-9.022426969279138, 62.18094483409132]]}, "properties": {"source": "10435438", "target": "7686741"}}, {"type": "Feature", "geometry": {"type": "LineString", "coordinates": [[-9.041457270424644, 62.1816911974542], [-9.032091455068922, 62.161402283144994]]}, "properties": {"source": "10435438", "target": "8315757"}}, {"type": "Feature", "geometry": {"type": "LineString", "coordinates": [[-9.064536913726926, 62.18189753324391], [-9.023639099906404, 62.171101159146005]]}, "properties": {"source": "874105", "target": "9610766"}}, {"type": "Feature", "geometry": {"type": "LineString", "coordinates": [[-9.051054031209333, 62.18098686717899], [-9.055659843840886, 62.16748194492115]]}, "properties": {"source": "29243", "target": "1841791"}}, {"type": "Feature", "geometry": {"type": "LineString", "coordinates": [[-9.073980112166879, 62.167997501951916], [-9.060656186933414, 62.1617695108512]]}, "properties": {"source": "7810827", "target": "7645593"}}, {"type": "Feature", "geometry": {"type": "LineString", "coordinates": [[-9.031884345132141, 62.173620001817056], [-9.026641724327419, 62.16167275609459]]}, "properties": {"source": "4351858", "target": "4913862"}}, {"type": "Feature", "geometry": {"type": "LineString", "coordinates": [[-9.031884345132141, 62.173620001817056], [-9.033615898567689, 62.17322393136233]]}, "properties": {"source": "4351858", "target": "4937603"}}, {"type": "Feature", "geometry": {"type": "LineString", "coordinates": [[-9.031884345132141, 62.173620001817056], [-9.063397061646839, 62.180775907196704]]}, "properties": {"source": "4351858", "target": "33253014"}}, {"type": "Feature", "geometry": {"type": "LineString", "coordinates": [[-9.070532503194784, 62.179769384090065], [-9.040200624364047, 62.162890603421545]]}, "properties": {"source": "9872110", "target": "9931530"}}, {"type": "Feature", "geometry": {"type": "LineString", "coordinates": [[-9.070532503194784, 62.179769384090065], [-9.055659843840886, 62.16748194492115]]}, "properties": {"source": "9872110", "target": "1841791"}}, {"type": "Feature", "geometry": {"type": "LineString", "coordinates": [[-9.055178178291868, 62.177965844416605], [-9.043244558205572, 62.17453918342201]]}, "properties": {"source": "7733431", "target": "7103428"}}, {"type": "Feature", "geometry": {"type": "LineString", "coordinates": [[-9.083249376617175, 62.166688289375855], [-9.080944879059217, 62.17515050156594]]}, "properties": {"source": "874111", "target": "855963"}}, {"type": "Feature", "geometry": {"type": "LineString", "coordinates": [[-9.071146318342329, 62.18023617834665], [-9.046607668769127, 62.175155950174826]]}, "properties": {"source": "35898176", "target": "25438402"}}, {"type": "Feature", "geometry": {"type": "LineString", "coordinates": [[-9.071146318342329, 62.18023617834665], [-9.032801397487646, 62.17530578746951]]}, "properties": {"source": "35898176", "target": "26722087"}}, {"type": "Feature", "geometry": {"type": "LineString", "coordinates": [[-9.056097313023173, 62.16396383779136], [-9.05467528141719, 62.17715149498275]]}, "properties": {"source": "33187497", "target": "3140171"}}, {"type": "Feature", "geometry": {"type": "LineString", "coordinates": [[-9.056097313023173, 62.16396383779136], [-9.021690700773036, 62.17697749493685]]}, "properties": {"source": "33187497", "target": "30056942"}}, {"type": "Feature", "geometry": {"type": "LineString", "coordinates": [[-9.056097313023173, 62.16396383779136], [-9.030619017717214, 62.17918134320426]]}, "properties": {"source": "33187497", "target": "2777746"}}, {"type": "Feature", "geometry": {"type": "LineString", "coordinates": [[-9.056097313023173, 62.16396383779136], [-9.044346664555718, 62.17535742099142]]}, "properties": {"source": "33187497", "target": "2811318"}}, {"type": "Feature", "geometry": {"type": "LineString", "coordinates": [[-9.056097313023173, 62.16396383779136], [-9.026641724327419, 62.16167275609459]]}, "properties": {"source": "33187497", "target": "4913862"}}, {"type": "Feature", "geometry": {"type": "LineString", "coordinates": [[-9.055486109873328, 62.16783769442772], [-9.046607668769127, 62.175155950174826]]}, "properties": {"source": "29476071", "target": "25438402"}}, {"type": "Feature", "geometry": {"type": "LineString", "coordinates": [[-9.055486109873328, 62.16783769442772], [-9.032801397487646, 62.17530578746951]]}, "properties": {"source": "29476071", "target": "26722087"}}, {"type": "Feature", "geometry": {"type": "LineString", "coordinates": [[-9.030342754443296, 62.16111036722694], [-9.066808980795457, 62.163235085327]]}, "properties": {"source": "23595474", "target": "21426545"}}, {"type": "Feature", "geometry": {"type": "LineString", "coordinates": [[-9.030342754443296, 62.16111036722694], [-9.033666872110786, 62.182045423021634]]}, "properties": {"source": "23595474", "target": "25342343"}}, {"type": "Feature", "geometry": {"type": "LineString", "coordinates": [[-9.030342754443296, 62.16111036722694], [-9.076958425305236, 62.16556687411213]]}, "properties": {"source": "23595474", "target": "21462992"}}, {"type": "Feature", "geometry": {"type": "LineString", "coordinates": [[-9.030342754443296, 62.16111036722694], [-9.05099885550203, 62.17284652645182]]}, "properties": {"source": "23595474", "target": "2777614"}}, {"type": "Feature", "geometry": {"type": "LineString", "coordinates": [[-9.030342754443296, 62.16111036722694], [-9.033390743400759, 62.17171211886223]]}, "properties": {"source": "23595474", "target": "21462950"}}, {"type": "Feature", "geometry": {"type": "LineString", "coordinates": [[-9.030342754443296, 62.16111036722694], [-9.036241626904854, 62.165151592448936]]}, "properties": {"source": "23595474", "target": "2243660"}}, {"type": "Feature", "geometry": {"type": "LineString", "coordinates": [[-9.030342754443296, 62.16111036722694], [-9.057160320574127, 62.18052822837416]]}, "properties": {"source": "23595474", "target": "21462903"}}, {"type": "Feature", "geometry": {"type": "LineString", "coordinates": [[-9.030342754443296, 62.16111036722694], [-9.030619017717214, 62.17918134320426]]}, "properties": {"source": "23595474", "target": "2777746"}}, {"type": "Feature", "geometry": {"type": "LineString", "coordinates": [[-9.030342754443296, 62.16111036722694], [-9.031757812041093, 62.175598579646234]]}, "properties": {"source": "23595474", "target": "23443412"}}, {"type": "Feature", "geometry": {"type": "LineString", "coordinates": [[-9.030342754443296, 62.16111036722694], [-9.034968801275994, 62.180499363697635]]}, "properties": {"source": "23595474", "target": "257073"}}, {"type": "Feature", "geometry": {"type": "LineString", "coordinates": [[-9.030342754443296, 62.16111036722694], [-9.044346664555718, 62.17535742099142]]}, "properties": {"source": "23595474", "target": "2811318"}}, {"type": "Feature", "geometry": {"type": "LineString", "coordinates": [[-9.030342754443296, 62.16111036722694], [-9.060675572800108, 62.167372058822835]]}, "properties": {"source": "23595474", "target": "2777788"}}, {"type": "Feature", "geometry": {"type": "LineString", "coordinates": [[-9.030342754443296, 62.16111036722694], [-9.042337220649443, 62.173902829270745]]}, "properties": {"source": "23595474", "target": "20415701"}}, {"type": "Feature", "geometry": {"type": "LineString", "coordinates": [[-9.030342754443296, 62.16111036722694], [-9.0407591140754, 62.17347144864674]]}, "properties": {"source": "23595474", "target": "19188921"}}, {"type": "Feature", "geometry": {"type": "LineString", "coordinates": [[-9.06156067429663, 62.181166823327274], [-9.042895254254148, 62.163455934895964]]}, "properties": {"source": "9702810", "target": "8180639"}}, {"type": "Feature", "geometry": {"type": "LineString", "coordinates": [[-9.053794424198799, 62.17472309274915], [-9.023000374984463, 62.163489086239764]]}, "properties": {"source": "106756", "target": "106778"}}, {"type": "Feature", "geometry": {"type": "LineString", "coordinates": [[-9.053794424198799, 62.17472309274915], [-9.04218462581025, 62.179774542117016]]}, "properties": {"source": "106756", "target": "106751"}}, {"type": "Feature", "geometry": {"type": "LineString", "coordinates": [[-9.031197703722256, 62.172521121867916], [-9.067679815596023, 62.17862919059394]]}, "properties": {"source": "554327", "target": "1353"}}, {"type": "Feature", "geometry": {"type": "LineString", "coordinates": [[-9.031197703722256, 62.172521121867916], [-9.049527690383854, 62.16528540698526]]}, "properties": {"source": "554327", "target": "430335"}}, {"type": "Feature", "geometry": {"type": "LineString", "coordinates": [[-9.031197703722256, 62.172521121867916], [-9.049026976958316, 62.175836214428216]]}, "properties": {"source": "554327", "target": "39103"}}, {"type": "Feature", "geometry": {"type": "LineString", "coordinates": [[-9.031197703722256, 62.172521121867916], [-9.05131685580119, 62.1645325136044]]}, "properties": {"source": "554327", "target": "61504"}}, {"type": "Feature", "geometry": {"type": "LineString", "coordinates": [[-9.081723567075699, 62.17268530411178], [-9.06118410107905, 62.18100805349947]]}, "properties": {"source": "7698004", "target": "3362627"}}, {"type": "Feature", "geometry": {"type": "LineString", "coordinates": [[-9.081723567075699, 62.17268530411178], [-9.056356872008621, 62.175382428552666]]}, "properties": {"source": "7698004", "target": "11291815"}}, {"type": "Feature", "geometry": {"type": "LineString", "coordinates": [[-9.081723567075699, 62.17268530411178], [-9.081206016362785, 62.170588434121356]]}, "properties": {"source": "7698004", "target": "8608358"}}, {"type": "Feature", "geometry": {"type": "LineString", "coordinates": [[-9.081723567075699, 62.17268530411178], [-9.05647878717491, 62.17139508541028]]}, "properties": {"source": "7698004", "target": "3484406"}}, {"type": "Feature", "geometry": {"type": "LineString", "coordinates": [[-9.081723567075699, 62.17268530411178], [-9.071695782221838, 62.172572237477794]]}, "properties": {"source": "7698004", "target": "8031629"}}, {"type": "Feature", "geometry": {"type": "LineString", "coordinates": [[-9.075779860068991, 62.16255833855493], [-9.074265831372315, 62.176894100025066]]}, "properties": {"source": "35270333", "target": "697211"}}, {"type": "Feature", "geometry": {"type": "LineString", "coordinates": [[-9.075779860068991, 62.16255833855493], [-9.063535415408552, 62.16334323634908]]}, "properties": {"source": "35270333", "target": "36211554"}}, {"type": "Feature", "geometry": {"type": "LineString", "coordinates": [[-9.075779860068991, 62.16255833855493], [-9.061881765531552, 62.16373900915278]]}, "properties": {"source": "35270333", "target": "34878439"}}, {"type": "Feature", "geometry": {"type": "LineString", "coordinates": [[-9.075779860068991, 62.16255833855493], [-9.040762643652243, 62.16755676556143]]}, "properties": {"source": "35270333", "target": "13793507"}}, {"type": "Feature", "geometry": {"type": "LineString", "coordinates": [[-9.021726763203077, 62.16651679489752], [-9.071793141758377, 62.16273567715916]]}, "properties": {"source": "29979972", "target": "2777913"}}, {"type": "Feature", "geometry": {"type": "LineString", "coordinates": [[-9.021726763203077, 62.16651679489752], [-9.029604346290881, 62.16075249002863]]}, "properties": {"source": "29979972", "target": "3140185"}}, {"type": "Feature", "geometry": {"type": "LineString", "coordinates": [[-9.021726763203077, 62.16651679489752], [-9.076342107191891, 62.17884699946491]]}, "properties": {"source": "29979972", "target": "30008298"}}, {"type": "Feature", "geometry": {"type": "LineString", "coordinates": [[-9.021726763203077, 62.16651679489752], [-9.05099885550203, 62.17284652645182]]}, "properties": {"source": "29979972", "target": "2777614"}}, {"type": "Feature", "geometry": {"type": "LineString", "coordinates": [[-9.021726763203077, 62.16651679489752], [-9.076649336970917, 62.1751669512597]]}, "properties": {"source": "29979972", "target": "23803502"}}, {"type": "Feature", "geometry": {"type": "LineString", "coordinates": [[-9.021726763203077, 62.16651679489752], [-9.030619017717214, 62.17918134320426]]}, "properties": {"source": "29979972", "target": "2777746"}}, {"type": "Feature", "geometry": {"type": "LineString", "coordinates": [[-9.021726763203077, 62.16651679489752], [-9.054035689313338, 62.16765705575595]]}, "properties": {"source": "29979972", "target": "4724285"}}, {"type": "Feature", "geometry": {"type": "LineString", "coordinates": [[-9.021726763203077, 62.16651679489752], [-9.059250830610836, 62.16851018594757]]}, "properties": {"source": "29979972", "target": "28639282"}}, {"type": "Feature", "geometry": {"type": "LineString", "coordinates": [[-9.021726763203077, 62.16651679489752], [-9.081391163350787, 62.17600339524522]]}, "properties": {"source": "29979972", "target": "2811093"}}, {"type": "Feature", "geometry": {"type": "LineString", "coordinates": [[-9.021726763203077, 62.16651679489752], [-9.07376931829208, 62.17797592059564]]}, "properties": {"source": "29979972", "target": "2271131"}}, {"type": "Feature", "geometry": {"type": "LineString", "coordinates": [[-9.021726763203077, 62.16651679489752], [-9.026598074603243, 62.172881627587714]]}, "properties": {"source": "29979972", "target": "2271134"}}, {"type": "Feature", "geometry": {"type": "LineString", "coordinates": [[-9.021726763203077, 62.16651679489752], [-9.038794753479351, 62.160741096916794]]}, "properties": {"source": "29979972", "target": "2271130"}}, {"type": "Feature", "geometry": {"type": "LineString", "coordinates": [[-9.021726763203077, 62.16651679489752], [-9.040431165092485, 62.165299768384614]]}, "properties": {"source": "29979972", "target": "10227519"}}, {"type": "Feature", "geometry": {"type": "LineString", "coordinates": [[-9.021726763203077, 62.16651679489752], [-9.057981926955705, 62.182295107369114]]}, "properties": {"source": "29979972", "target": "1078323"}}, {"type": "Feature", "geometry": {"type": "LineString", "coordinates": [[-9.021726763203077, 62.16651679489752], [-9.03133450918611, 62.18011677972376]]}, "properties": {"source": "29979972", "target": "12390698"}}, {"type": "Feature", "geometry": {"type": "LineString", "coordinates": [[-9.021726763203077, 62.16651679489752], [-9.047564186816999, 62.17133916514554]]}, "properties": {"source": "29979972", "target": "1289814"}}, {"type": "Feature", "geometry": {"type": "LineString", "coordinates": [[-9.038193458921256, 62.17437830845738], [-9.022426969279138, 62.18094483409132]]}, "properties": {"source": "6040125", "target": "7686741"}}, {"type": "Feature", "geometry": {"type": "LineString", "coordinates": [[-9.038193458921256, 62.17437830845738], [-9.032091455068922, 62.161402283144994]]}, "properties": {"source": "6040125", "target": "8315757"}}, {"type": "Feature", "geometry": {"type": "LineString", "coordinates": [[-9.038193458921256, 62.17437830845738], [-9.083434643837109, 62.180950215942474]]}, "properties": {"source": "6040125", "target": "8088961"}}, {"type": "Feature", "geometry": {"type": "LineString", "coordinates": [[-9.038193458921256, 62.17437830845738], [-9.0852112599228, 62.16298351332904]]}, "properties": {"source": "6040125", "target": "91703"}}, {"type": "Feature", "geometry": {"type": "LineString", "coordinates": [[-9.038193458921256, 62.17437830845738], [-9.044456399911326, 62.167545026966366]]}, "properties": {"source": "6040125", "target": "448287"}}, {"type": "Feature", "geometry": {"type": "LineString", "coordinates": [[-9.038193458921256, 62.17437830845738], [-9.075418091569333, 62.17507531414675]]}, "properties": {"source": "6040125", "target": "6601854"}}, {"type": "Feature", "geometry": {"type": "LineString", "coordinates": [[-9.057833177485634, 62.16744007060855], [-9.036241626904854, 62.165151592448936]]}, "properties": {"source": "10167551", "target": "2243660"}}, {"type": "Feature", "geometry": {"type": "LineString", "coordinates": [[-9.057833177485634, 62.16744007060855], [-9.032015405201435, 62.1688764737269]]}, "properties": {"source": "10167551", "target": "20418037"}}, {"type": "Feature", "geometry": {"type": "LineString", "coordinates": [[-9.057833177485634, 62.16744007060855], [-9.042337220649443, 62.173902829270745]]}, "properties": {"source": "10167551", "target": "20415701"}}, {"type": "Feature", "geometry": {"type": "LineString", "coordinates": [[-9.046504887692578, 62.17276859514715], [-9.081707061043318, 62.168016071488935]]}, "properties": {"source": "2518451", "target": "22732258"}}, {"type": "Feature", "geometry": {"type": "LineString", "coordinates": [[-9.046504887692578, 62.17276859514715], [-9.05245868068667, 62.160768823978344]]}, "properties": {"source": "2518451", "target": "1771967"}}, {"type": "Feature", "geometry": {"type": "LineString", "coordinates": [[-9.057021003480855, 62.16888146037982], [-9.032091455068922, 62.161402283144994]]}, "properties": {"source": "10863949", "target": "8315757"}}, {"type": "Feature", "geometry": {"type": "LineString", "coordinates": [[-9.057021003480855, 62.16888146037982], [-9.027085561681986, 62.1806410280461]]}, "properties": {"source": "10863949", "target": "2798746"}}, {"type": "Feature", "geometry": {"type": "LineString", "coordinates": [[-9.057021003480855, 62.16888146037982], [-9.083434643837109, 62.180950215942474]]}, "properties": {"source": "10863949", "target": "8088961"}}, {"type": "Feature", "geometry": {"type": "LineString", "coordinates": [[-9.057021003480855, 62.16888146037982], [-9.065876372682766, 62.163748113992995]]}, "properties": {"source": "10863949", "target": "46378"}}, {"type": "Feature", "geometry": {"type": "LineString", "coordinates": [[-9.057021003480855, 62.16888146037982], [-9.070903997170007, 62.16257456207529]]}, "properties": {"source": "10863949", "target": "1546627"}}, {"type": "Feature", "geometry": {"type": "LineString", "coordinates": [[-9.032675684328467, 62.16492114885759], [-9.057713276053278, 62.17097463138872]]}, "properties": {"source": "1795388", "target": "17455920"}}, {"type": "Feature", "geometry": {"type": "LineString", "coordinates": [[-9.032675684328467, 62.16492114885759], [-9.066789012276331, 62.16692154879752]]}, "properties": {"source": "1795388", "target": "16090691"}}, {"type": "Feature", "geometry": {"type": "LineString", "coordinates": [[-9.032675684328467, 62.16492114885759], [-9.082073370023977, 62.17075188150301]]}, "properties": {"source": "1795388", "target": "1881735"}}, {"type": "Feature", "geometry": {"type": "LineString", "coordinates": [[-9.032675684328467, 62.16492114885759], [-9.024512837431615, 62.17724285912645]]}, "properties": {"source": "1795388", "target": "16065328"}}, {"type": "Feature", "geometry": {"type": "LineString", "coordinates": [[-9.032675684328467, 62.16492114885759], [-9.036919210599109, 62.17687074595078]]}, "properties": {"source": "1795388", "target": "16039948"}}, {"type": "Feature", "geometry": {"type": "LineString", "coordinates": [[-9.032675684328467, 62.16492114885759], [-9.068824898767474, 62.16748365404017]]}, "properties": {"source": "1795388", "target": "16028332"}}, {"type": "Feature", "geometry": {"type": "LineString", "coordinates": [[-9.032675684328467, 62.16492114885759], [-9.066647213069757, 62.16059709336146]]}, "properties": {"source": "1795388", "target": "16093014"}}, {"type": "Feature", "geometry": {"type": "LineString", "coordinates": [[-9.032675684328467, 62.16492114885759], [-9.026255526290953, 62.18171420288644]]}, "properties": {"source": "1795388", "target": "1633425"}}, {"type": "Feature", "geometry": {"type": "LineString", "coordinates": [[-9.032675684328467, 62.16492114885759], [-9.02921732537601, 62.16807965799849]]}, "properties": {"source": "1795388", "target": "10957912"}}, {"type": "Feature", "geometry": {"type": "LineString", "coordinates": [[-9.032675684328467, 62.16492114885759], [-9.039711017308576, 62.16147509340982]]}, "properties": {"source": "1795388", "target": "1489110"}}, {"type": "Feature", "geometry": {"type": "LineString", "coordinates": [[-9.068085873299708, 62.17018862973211], [-9.030342754443296, 62.16111036722694]]}, "properties": {"source": "11391592", "target": "23595474"}}, {"type": "Feature", "geometry": {"type": "LineString", "coordinates": [[-9.068085873299708, 62.17018862973211], [-9.023205004332567, 62.174561038311]]}, "properties": {"source": "11391592", "target": "7114105"}}, {"type": "Feature", "geometry": {"type": "LineString", "coordinates": [[-9.068085873299708, 62.17018862973211], [-9.036241626904854, 62.165151592448936]]}, "properties": {"source": "11391592", "target": "2243660"}}, {"type": "Feature", "geometry": {"type": "LineString", "coordinates": [[-9.068085873299708, 62.17018862973211], [-9.032015405201435, 62.1688764737269]]}, "properties": {"source": "11391592", "target": "20418037"}}, {"type": "Feature", "geometry": {"type": "LineString", "coordinates": [[-9.068085873299708, 62.17018862973211], [-9.074243445542095, 62.16501384153722]]}, "properties": {"source": "11391592", "target": "7269142"}}, {"type": "Feature", "geometry": {"type": "LineString", "coordinates": [[-9.068085873299708, 62.17018862973211], [-9.042337220649443, 62.173902829270745]]}, "properties": {"source": "11391592", "target": "20415701"}}, {"type": "Feature", "geometry": {"type": "LineString", "coordinates": [[-9.080944879059217, 62.17515050156594], [-9.032572484304865, 62.17263521712201]]}, "properties": {"source": "855963", "target": "7171908"}}, {"type": "Feature", "geometry": {"type": "LineString", "coordinates": [[-9.080944879059217, 62.17515050156594], [-9.045786212654178, 62.16085911589694]]}, "properties": {"source": "855963", "target": "7903841"}}, {"type": "Feature", "geometry": {"type": "LineString", "coordinates": [[-9.02765690367022, 62.16363758658889], [-9.023205004332567, 62.174561038311]]}, "properties": {"source": "9682444", "target": "7114105"}}, {"type": "Feature", "geometry": {"type": "LineString", "coordinates": [[-9.02765690367022, 62.16363758658889], [-9.074243445542095, 62.16501384153722]]}, "properties": {"source": "9682444", "target": "7269142"}}, {"type": "Feature", "geometry": {"type": "LineString", "coordinates": [[-9.02765690367022, 62.16363758658889], [-9.060656186933414, 62.1617695108512]]}, "properties": {"source": "9682444", "target": "7645593"}}, {"type": "Feature", "geometry": {"type": "LineString", "coordinates": [[-9.02765690367022, 62.16363758658889], [-9.073683794163742, 62.16914501682223]]}, "properties": {"source": "9682444", "target": "71383"}}, {"type": "Feature", "geometry": {"type": "LineString", "coordinates": [[-9.02765690367022, 62.16363758658889], [-9.073980112166879, 62.167997501951916]]}, "properties": {"source": "9682444", "target": "7810827"}}, {"type": "Feature", "geometry": {"type": "LineString", "coordinates": [[-9.02765690367022, 62.16363758658889], [-9.057816867285283, 62.1670787608703]]}, "properties": {"source": "9682444", "target": "11391602"}}, {"type": "Feature", "geometry": {"type": "LineString", "coordinates": [[-9.02765690367022, 62.16363758658889], [-9.045602149428987, 62.16827668240349]]}, "properties": {"source": "9682444", "target": "7965082"}}, {"type": "Feature", "geometry": {"type": "LineString", "coordinates": [[-9.02765690367022, 62.16363758658889], [-9.032065771051265, 62.17160002420056]]}, "properties": {"source": "9682444", "target": "11391595"}}, {"type": "Feature", "geometry": {"type": "LineString", "coordinates": [[-9.02765690367022, 62.16363758658889], [-9.068085873299708, 62.17018862973211]]}, "properties": {"source": "9682444", "target": "11391592"}}, {"type": "Feature", "geometry": {"type": "LineString", "coordinates": [[-9.02765690367022, 62.16363758658889], [-9.028162905673469, 62.18180331091544]]}, "properties": {"source": "9682444", "target": "928209"}}, {"type": "Feature", "geometry": {"type": "LineString", "coordinates": [[-9.02765690367022, 62.16363758658889], [-9.026371276990545, 62.17039257809127]]}, "properties": {"source": "9682444", "target": "12690148"}}, {"type": "Feature", "geometry": {"type": "LineString", "coordinates": [[-9.02765690367022, 62.16363758658889], [-9.029040255771775, 62.16243446659591]]}, "properties": {"source": "9682444", "target": "7406246"}}, {"type": "Feature", "geometry": {"type": "LineString", "coordinates": [[-9.077683791225155, 62.172948307590815], [-9.061665935678946, 62.16736895091012]]}, "properties": {"source": "7374342", "target": "865067"}}, {"type": "Feature", "geometry": {"type": "LineString", "coordinates": [[-9.02765690367022, 62.16363758658889], [-9.049913346029996, 62.17884667166037]]}, "properties": {"source": "9682444", "target": "9682445"}}, {"type": "Feature", "geometry": {"type": "LineString", "coordinates": [[-9.068085873299708, 62.17018862973211], [-9.057816867285283, 62.1670787608703]]}, "properties": {"source": "11391592", "target": "11391602"}}, {"type": "Feature", "geometry": {"type": "LineString", "coordinates": [[-9.068085873299708, 62.17018862973211], [-9.032065771051265, 62.17160002420056]]}, "properties": {"source": "11391592", "target": "11391595"}}, {"type": "Feature", "geometry": {"type": "LineString", "coordinates": [[-9.068085873299708, 62.17018862973211], [-9.057833177485634, 62.16744007060855]]}, "properties": {"source": "11391592", "target": "10167551"}}, {"type": "Feature", "geometry": {"type": "LineString", "coordinates": [[-9.077386353139786, 62.16130280099895], [-9.06118410107905, 62.18100805349947]]}, "properties": {"source": "18906890", "target": "3362627"}}, {"type": "Feature", "geometry": {"type": "LineString", "coordinates": [[-9.077386353139786, 62.16130280099895], [-9.054104519030801, 62.16460915479584]]}, "properties": {"source": "18906890", "target": "2518452"}}, {"type": "Feature", "geometry": {"type": "LineString", "coordinates": [[-9.077386353139786, 62.16130280099895], [-9.060084199402638, 62.16069906212566]]}, "properties": {"source": "18906890", "target": "1414871"}}, {"type": "Feature", "geometry": {"type": "LineString", "coordinates": [[-9.077386353139786, 62.16130280099895], [-9.060805383644777, 62.16882762922627]]}, "properties": {"source": "18906890", "target": "2380483"}}, {"type": "Feature", "geometry": {"type": "LineString", "coordinates": [[-9.077386353139786, 62.16130280099895], [-9.078548975290346, 62.172113091155]]}, "properties": {"source": "18906890", "target": "1414870"}}, {"type": "Feature", "geometry": {"type": "LineString", "coordinates": [[-9.077386353139786, 62.16130280099895], [-9.081707061043318, 62.168016071488935]]}, "properties": {"source": "18906890", "target": "22732258"}}, {"type": "Feature", "geometry": {"type": "LineString", "coordinates": [[-9.077386353139786, 62.16130280099895], [-9.056356872008621, 62.175382428552666]]}, "properties": {"source": "18906890", "target": "11291815"}}, {"type": "Feature", "geometry": {"type": "LineString", "coordinates": [[-9.077386353139786, 62.16130280099895], [-9.05647878717491, 62.17139508541028]]}, "properties": {"source": "18906890", "target": "3484406"}}, {"type": "Feature", "geometry": {"type": "LineString", "coordinates": [[-9.077386353139786, 62.16130280099895], [-9.083308159958563, 62.16326524789457]]}, "properties": {"source": "18906890", "target": "1364528"}}, {"type": "Feature", "geometry": {"type": "LineString", "coordinates": [[-9.077386353139786, 62.16130280099895], [-9.05245868068667, 62.160768823978344]]}, "properties": {"source": "18906890", "target": "1771967"}}, {"type": "Feature", "geometry": {"type": "LineString", "coordinates": [[-9.033621908443394, 62.17693679470294], [-9.078790771320143, 62.16627167076739]]}, "properties": {"source": "1642461", "target": "35017852"}}, {"type": "Feature", "geometry": {"type": "LineString", "coordinates": [[-9.033621908443394, 62.17693679470294], [-9.071146318342329, 62.18023617834665]]}, "properties": {"source": "1642461", "target": "35898176"}}, {"type": "Feature", "geometry": {"type": "LineString", "coordinates": [[-9.068085873299708, 62.17018862973211], [-9.049913346029996, 62.17884667166037]]}, "properties": {"source": "11391592", "target": "9682445"}}, {"type": "Feature", "geometry": {"type": "LineString", "coordinates": [[-9.07357684322264, 62.1626277009357], [-9.027085561681986, 62.1806410280461]]}, "properties": {"source": "1890687", "target": "2798746"}}, {"type": "Feature", "geometry": {"type": "LineString", "coordinates": [[-9.07357684322264, 62.1626277009357], [-9.083434643837109, 62.180950215942474]]}, "properties": {"source": "1890687", "target": "8088961"}}, {"type": "Feature", "geometry": {"type": "LineString", "coordinates": [[-9.07357684322264, 62.1626277009357], [-9.065876372682766, 62.163748113992995]]}, "properties": {"source": "1890687", "target": "46378"}}, {"type": "Feature", "geometry": {"type": "LineString", "coordinates": [[-9.023639099906404, 62.171101159146005], [-9.080944879059217, 62.17515050156594]]}, "properties": {"source": "9610766", "target": "855963"}}, {"type": "Feature", "geometry": {"type": "LineString", "coordinates": [[-9.023639099906404, 62.171101159146005], [-9.083249376617175, 62.166688289375855]]}, "properties": {"source": "9610766", "target": "874111"}}, {"type": "Feature", "geometry": {"type": "LineString", "coordinates": [[-9.023639099906404, 62.171101159146005], [-9.032572484304865, 62.17263521712201]]}, "properties": {"source": "9610766", "target": "7171908"}}, {"type": "Feature", "geometry": {"type": "LineString", "coordinates": [[-9.023639099906404, 62.171101159146005], [-9.06156067429663, 62.181166823327274]]}, "properties": {"source": "9610766", "target": "9702810"}}, {"type": "Feature", "geometry": {"type": "LineString", "coordinates": [[-9.023639099906404, 62.171101159146005], [-9.042895254254148, 62.163455934895964]]}, "properties": {"source": "9610766", "target": "8180639"}}, {"type": "Feature", "geometry": {"type": "LineString", "coordinates": [[-9.023639099906404, 62.171101159146005], [-9.058726301133788, 62.169133350177006]]}, "properties": {"source": "9610766", "target": "912984"}}, {"type": "Feature", "geometry": {"type": "LineString", "coordinates": [[-9.031757812041093, 62.175598579646234], [-9.0407591140754, 62.17347144864674]]}, "properties": {"source": "23443412", "target": "19188921"}}, {"type": "Feature", "geometry": {"type": "LineString", "coordinates": [[-9.031757812041093, 62.175598579646234], [-9.032102311093439, 62.175127320389834]]}, "properties": {"source": "23443412", "target": "2554040"}}, {"type": "Feature", "geometry": {"type": "LineString", "coordinates": [[-9.054906687780061, 62.17389234337672], [-9.052104378165978, 62.172842761439384]]}, "properties": {"source": "8167523", "target": "1712673"}}, {"type": "Feature", "geometry": {"type": "LineString", "coordinates": [[-9.034968801275994, 62.180499363697635], [-9.044346664555718, 62.17535742099142]]}, "properties": {"source": "257073", "target": "2811318"}}, {"type": "Feature", "geometry": {"type": "LineString", "coordinates": [[-9.044346664555718, 62.17535742099142], [-9.036972979988889, 62.16539406956716]]}, "properties": {"source": "2811318", "target": "2777384"}}, {"type": "Feature", "geometry": {"type": "LineString", "coordinates": [[-9.02258584070131, 62.180105768051945], [-9.056097313023173, 62.16396383779136]]}, "properties": {"source": "3140189", "target": "33187497"}}, {"type": "Feature", "geometry": {"type": "LineString", "coordinates": [[-9.02258584070131, 62.180105768051945], [-9.021690700773036, 62.17697749493685]]}, "properties": {"source": "3140189", "target": "30056942"}}, {"type": "Feature", "geometry": {"type": "LineString", "coordinates": [[-9.076342107191891, 62.17884699946491], [-9.076649336970917, 62.1751669512597]]}, "properties": {"source": "30008298", "target": "23803502"}}, {"type": "Feature", "geometry": {"type": "LineString", "coordinates": [[-9.076342107191891, 62.17884699946491], [-9.030619017717214, 62.17918134320426]]}, "properties": {"source": "30008298", "target": "2777746"}}, {"type": "Feature", "geometry": {"type": "LineString", "coordinates": [[-9.076342107191891, 62.17884699946491], [-9.054035689313338, 62.16765705575595]]}, "properties": {"source": "30008298", "target": "4724285"}}, {"type": "Feature", "geometry": {"type": "LineString", "coordinates": [[-9.076342107191891, 62.17884699946491], [-9.059250830610836, 62.16851018594757]]}, "properties": {"source": "30008298", "target": "28639282"}}, {"type": "Feature", "geometry": {"type": "LineString", "coordinates": [[-9.076342107191891, 62.17884699946491], [-9.081391163350787, 62.17600339524522]]}, "properties": {"source": "30008298", "target": "2811093"}}, {"type": "Feature", "geometry": {"type": "LineString", "coordinates": [[-9.076342107191891, 62.17884699946491], [-9.026598074603243, 62.172881627587714]]}, "properties": {"source": "30008298", "target": "2271134"}}, {"type": "Feature", "geometry": {"type": "LineString", "coordinates": [[-9.076342107191891, 62.17884699946491], [-9.038794753479351, 62.160741096916794]]}, "properties": {"source": "30008298", "target": "2271130"}}, {"type": "Feature", "geometry": {"type": "LineString", "coordinates": [[-9.076342107191891, 62.17884699946491], [-9.040431165092485, 62.165299768384614]]}, "properties": {"source": "30008298", "target": "10227519"}}, {"type": "Feature", "geometry": {"type": "LineString", "coordinates": [[-9.076342107191891, 62.17884699946491], [-9.057981926955705, 62.182295107369114]]}, "properties": {"source": "30008298", "target": "1078323"}}, {"type": "Feature", "geometry": {"type": "LineString", "coordinates": [[-9.042337220649443, 62.173902829270745], [-9.0407591140754, 62.17347144864674]]}, "properties": {"source": "20415701", "target": "19188921"}}, {"type": "Feature", "geometry": {"type": "LineString", "coordinates": [[-9.042337220649443, 62.173902829270745], [-9.057816867285283, 62.1670787608703]]}, "properties": {"source": "20415701", "target": "11391602"}}, {"type": "Feature", "geometry": {"type": "LineString", "coordinates": [[-9.042337220649443, 62.173902829270745], [-9.032065771051265, 62.17160002420056]]}, "properties": {"source": "20415701", "target": "11391595"}}, {"type": "Feature", "geometry": {"type": "LineString", "coordinates": [[-9.046504887692578, 62.17276859514715], [-9.06118410107905, 62.18100805349947]]}, "properties": {"source": "2518451", "target": "3362627"}}, {"type": "Feature", "geometry": {"type": "LineString", "coordinates": [[-9.046504887692578, 62.17276859514715], [-9.054104519030801, 62.16460915479584]]}, "properties": {"source": "2518451", "target": "2518452"}}, {"type": "Feature", "geometry": {"type": "LineString", "coordinates": [[-9.046504887692578, 62.17276859514715], [-9.04525762612704, 62.17709525151601]]}, "properties": {"source": "2518451", "target": "7450959"}}, {"type": "Feature", "geometry": {"type": "LineString", "coordinates": [[-9.046504887692578, 62.17276859514715], [-9.083054445843288, 62.16962201569588]]}, "properties": {"source": "2518451", "target": "6623221"}}, {"type": "Feature", "geometry": {"type": "LineString", "coordinates": [[-9.083434643837109, 62.180950215942474], [-9.044456399911326, 62.167545026966366]]}, "properties": {"source": "8088961", "target": "448287"}}, {"type": "Feature", "geometry": {"type": "LineString", "coordinates": [[-9.026641724327419, 62.16167275609459], [-9.033615898567689, 62.17322393136233]]}, "properties": {"source": "4913862", "target": "4937603"}}, {"type": "Feature", "geometry": {"type": "LineString", "coordinates": [[-9.026641724327419, 62.16167275609459], [-9.063397061646839, 62.180775907196704]]}, "properties": {"source": "4913862", "target": "33253014"}}, {"type": "Feature", "geometry": {"type": "LineString", "coordinates": [[-9.060675572800108, 62.167372058822835], [-9.034968801275994, 62.180499363697635]]}, "properties": {"source": "2777788", "target": "257073"}}, {"type": "Feature", "geometry": {"type": "LineString", "coordinates": [[-9.060675572800108, 62.167372058822835], [-9.044346664555718, 62.17535742099142]]}, "properties": {"source": "2777788", "target": "2811318"}}, {"type": "Feature", "geometry": {"type": "LineString", "coordinates": [[-9.060675572800108, 62.167372058822835], [-9.036972979988889, 62.16539406956716]]}, "properties": {"source": "2777788", "target": "2777384"}}, {"type": "Feature", "geometry": {"type": "LineString", "coordinates": [[-9.065876372682766, 62.163748113992995], [-9.032091455068922, 62.161402283144994]]}, "properties": {"source": "46378", "target": "8315757"}}, {"type": "Feature", "geometry": {"type": "LineString", "coordinates": [[-9.065876372682766, 62.163748113992995], [-9.070903997170007, 62.16257456207529]]}, "properties": {"source": "46378", "target": "1546627"}}, {"type": "Feature", "geometry": {"type": "LineString", "coordinates": [[-9.065876372682766, 62.163748113992995], [-9.0852112599228, 62.16298351332904]]}, "properties": {"source": "46378", "target": "91703"}}, {"type": "Feature", "geometry": {"type": "LineString", "coordinates": [[-9.048729181233966, 62.160966061842984], [-9.0353537603159, 62.163292855214294]]}, "properties": {"source": "3039856", "target": "20578311"}}, {"type": "Feature", "geometry": {"type": "LineString", "coordinates": [[-9.048729181233966, 62.160966061842984], [-9.046607668769127, 62.175155950174826]]}, "properties": {"source": "3039856", "target": "25438402"}}, {"type": "Feature", "geometry": {"type": "LineString", "coordinates": [[-9.066808980795457, 62.163235085327], [-9.033666872110786, 62.182045423021634]]}, "properties": {"source": "21426545", "target": "25342343"}}, {"type": "Feature", "geometry": {"type": "LineString", "coordinates": [[-9.066808980795457, 62.163235085327], [-9.076958425305236, 62.16556687411213]]}, "properties": {"source": "21426545", "target": "21462992"}}, {"type": "Feature", "geometry": {"type": "LineString", "coordinates": [[-9.066808980795457, 62.163235085327], [-9.031757812041093, 62.175598579646234]]}, "properties": {"source": "21426545", "target": "23443412"}}, {"type": "Feature", "geometry": {"type": "LineString", "coordinates": [[-9.066808980795457, 62.163235085327], [-9.042337220649443, 62.173902829270745]]}, "properties": {"source": "21426545", "target": "20415701"}}, {"type": "Feature", "geometry": {"type": "LineString", "coordinates": [[-9.066808980795457, 62.163235085327], [-9.0407591140754, 62.17347144864674]]}, "properties": {"source": "21426545", "target": "19188921"}}, {"type": "Feature", "geometry": {"type": "LineString", "coordinates": [[-9.05053854129622, 62.170074225852915], [-9.07113321526461, 62.176846479282474]]}, "properties": {"source": "91315", "target": "1264414"}}, {"type": "Feature", "geometry": {"type": "LineString", "coordinates": [[-9.05053854129622, 62.170074225852915], [-9.032514602572434, 62.162729818820495]]}, "properties": {"source": "91315", "target": "360744"}}, {"type": "Feature", "geometry": {"type": "LineString", "coordinates": [[-9.05053854129622, 62.170074225852915], [-9.021456599873716, 62.17585768380883]]}, "properties": {"source": "91315", "target": "1917360"}}, {"type": "Feature", "geometry": {"type": "LineString", "coordinates": [[-9.05053854129622, 62.170074225852915], [-9.040200624364047, 62.162890603421545]]}, "properties": {"source": "91315", "target": "9931530"}}, {"type": "Feature", "geometry": {"type": "LineString", "coordinates": [[-9.05053854129622, 62.170074225852915], [-9.055659843840886, 62.16748194492115]]}, "properties": {"source": "91315", "target": "1841791"}}, {"type": "Feature", "geometry": {"type": "LineString", "coordinates": [[-9.027449268757493, 62.172498666005936], [-9.04461636154889, 62.17860062723679]]}, "properties": {"source": "18265938", "target": "33816669"}}, {"type": "Feature", "geometry": {"type": "LineString", "coordinates": [[-9.027449268757493, 62.172498666005936], [-9.05711588108261, 62.16192257276043]]}, "properties": {"source": "18265938", "target": "3126153"}}, {"type": "Feature", "geometry": {"type": "LineString", "coordinates": [[-9.027449268757493, 62.172498666005936], [-9.028458184675003, 62.16190430697816]]}, "properties": {"source": "18265938", "target": "24875293"}}, {"type": "Feature", "geometry": {"type": "LineString", "coordinates": [[-9.027449268757493, 62.172498666005936], [-9.067118091937175, 62.168682115768135]]}, "properties": {"source": "18265938", "target": "16150935"}}, {"type": "Feature", "geometry": {"type": "LineString", "coordinates": [[-9.027449268757493, 62.172498666005936], [-9.04238552126219, 62.16915809010486]]}, "properties": {"source": "18265938", "target": "22312055"}}, {"type": "Feature", "geometry": {"type": "LineString", "coordinates": [[-9.032514602572434, 62.162729818820495], [-9.051054031209333, 62.18098686717899]]}, "properties": {"source": "360744", "target": "29243"}}, {"type": "Feature", "geometry": {"type": "LineString", "coordinates": [[-9.032514602572434, 62.162729818820495], [-9.070532503194784, 62.179769384090065]]}, "properties": {"source": "360744", "target": "9872110"}}, {"type": "Feature", "geometry": {"type": "LineString", "coordinates": [[-9.032514602572434, 62.162729818820495], [-9.05589683781983, 62.170406447114686]]}, "properties": {"source": "360744", "target": "13622780"}}, {"type": "Feature", "geometry": {"type": "LineString", "coordinates": [[-9.032514602572434, 62.162729818820495], [-9.07113321526461, 62.176846479282474]]}, "properties": {"source": "360744", "target": "1264414"}}, {"type": "Feature", "geometry": {"type": "LineString", "coordinates": [[-9.032514602572434, 62.162729818820495], [-9.021456599873716, 62.17585768380883]]}, "properties": {"source": "360744", "target": "1917360"}}, {"type": "Feature", "geometry": {"type": "LineString", "coordinates": [[-9.027449268757493, 62.172498666005936], [-9.044978048421115, 62.1622743230275]]}, "properties": {"source": "18265938", "target": "2778011"}}, {"type": "Feature", "geometry": {"type": "LineString", "coordinates": [[-9.05480638709966, 62.16768816188241], [-9.066808980795457, 62.163235085327]]}, "properties": {"source": "27073296", "target": "21426545"}}, {"type": "Feature", "geometry": {"type": "LineString", "coordinates": [[-9.05480638709966, 62.16768816188241], [-9.021726763203077, 62.16651679489752]]}, "properties": {"source": "27073296", "target": "29979972"}}, {"type": "Feature", "geometry": {"type": "LineString", "coordinates": [[-9.05480638709966, 62.16768816188241], [-9.076342107191891, 62.17884699946491]]}, "properties": {"source": "27073296", "target": "30008298"}}, {"type": "Feature", "geometry": {"type": "LineString", "coordinates": [[-9.05480638709966, 62.16768816188241], [-9.05099885550203, 62.17284652645182]]}, "properties": {"source": "27073296", "target": "2777614"}}, {"type": "Feature", "geometry": {"type": "LineString", "coordinates": [[-9.05480638709966, 62.16768816188241], [-9.076649336970917, 62.1751669512597]]}, "properties": {"source": "27073296", "target": "23803502"}}, {"type": "Feature", "geometry": {"type": "LineString", "coordinates": [[-9.05480638709966, 62.16768816188241], [-9.030619017717214, 62.17918134320426]]}, "properties": {"source": "27073296", "target": "2777746"}}, {"type": "Feature", "geometry": {"type": "LineString", "coordinates": [[-9.05480638709966, 62.16768816188241], [-9.059250830610836, 62.16851018594757]]}, "properties": {"source": "27073296", "target": "28639282"}}, {"type": "Feature", "geometry": {"type": "LineString", "coordinates": [[-9.05480638709966, 62.16768816188241], [-9.081391163350787, 62.17600339524522]]}, "properties": {"source": "27073296", "target": "2811093"}}, {"type": "Feature", "geometry": {"type": "LineString", "coordinates": [[-9.05480638709966, 62.16768816188241], [-9.07376931829208, 62.17797592059564]]}, "properties": {"source": "27073296", "target": "2271131"}}, {"type": "Feature", "geometry": {"type": "LineString", "coordinates": [[-9.071793141758377, 62.16273567715916], [-9.038188905496327, 62.16638561600574]]}, "properties": {"source": "2777913", "target": "10669676"}}, {"type": "Feature", "geometry": {"type": "LineString", "coordinates": [[-9.071793141758377, 62.16273567715916], [-9.03368562489598, 62.17573565010716]]}, "properties": {"source": "2777913", "target": "10435848"}}, {"type": "Feature", "geometry": {"type": "LineString", "coordinates": [[-9.071793141758377, 62.16273567715916], [-9.07357684322264, 62.1626277009357]]}, "properties": {"source": "2777913", "target": "1890687"}}, {"type": "Feature", "geometry": {"type": "LineString", "coordinates": [[-9.071793141758377, 62.16273567715916], [-9.042889870377252, 62.16375309517743]]}, "properties": {"source": "2777913", "target": "1127491"}}, {"type": "Feature", "geometry": {"type": "LineString", "coordinates": [[-9.071793141758377, 62.16273567715916], [-9.066553993236312, 62.17435596932741]]}, "properties": {"source": "2777913", "target": "1762154"}}, {"type": "Feature", "geometry": {"type": "LineString", "coordinates": [[-9.071793141758377, 62.16273567715916], [-9.03188870455591, 62.16956512842995]]}, "properties": {"source": "2777913", "target": "1572057"}}, {"type": "Feature", "geometry": {"type": "LineString", "coordinates": [[-9.071793141758377, 62.16273567715916], [-9.02157288119733, 62.18242345469157]]}, "properties": {"source": "2777913", "target": "252290"}}, {"type": "Feature", "geometry": {"type": "LineString", "coordinates": [[-9.078548975290346, 62.172113091155], [-9.022794966102254, 62.17240010842029]]}, "properties": {"source": "1414870", "target": "13611615"}}, {"type": "Feature", "geometry": {"type": "LineString", "coordinates": [[-9.052691110744945, 62.16942538013268], [-9.022426969279138, 62.18094483409132]]}, "properties": {"source": "10863349", "target": "7686741"}}, {"type": "Feature", "geometry": {"type": "LineString", "coordinates": [[-9.052691110744945, 62.16942538013268], [-9.032091455068922, 62.161402283144994]]}, "properties": {"source": "10863349", "target": "8315757"}}, {"type": "Feature", "geometry": {"type": "LineString", "coordinates": [[-9.052691110744945, 62.16942538013268], [-9.048567840123269, 62.180199227546694]]}, "properties": {"source": "10863349", "target": "2754195"}}, {"type": "Feature", "geometry": {"type": "LineString", "coordinates": [[-9.052691110744945, 62.16942538013268], [-9.027085561681986, 62.1806410280461]]}, "properties": {"source": "10863349", "target": "2798746"}}, {"type": "Feature", "geometry": {"type": "LineString", "coordinates": [[-9.064536913726926, 62.18189753324391], [-9.042895254254148, 62.163455934895964]]}, "properties": {"source": "874105", "target": "8180639"}}, {"type": "Feature", "geometry": {"type": "LineString", "coordinates": [[-9.064536913726926, 62.18189753324391], [-9.045786212654178, 62.16085911589694]]}, "properties": {"source": "874105", "target": "7903841"}}, {"type": "Feature", "geometry": {"type": "LineString", "coordinates": [[-9.064536913726926, 62.18189753324391], [-9.071197363426023, 62.17432225898777]]}, "properties": {"source": "874105", "target": "7986058"}}, {"type": "Feature", "geometry": {"type": "LineString", "coordinates": [[-9.064536913726926, 62.18189753324391], [-9.058726301133788, 62.169133350177006]]}, "properties": {"source": "874105", "target": "912984"}}, {"type": "Feature", "geometry": {"type": "LineString", "coordinates": [[-9.027085561681986, 62.1806410280461], [-9.066553993236312, 62.17435596932741]]}, "properties": {"source": "2798746", "target": "1762154"}}, {"type": "Feature", "geometry": {"type": "LineString", "coordinates": [[-9.027085561681986, 62.1806410280461], [-9.03188870455591, 62.16956512842995]]}, "properties": {"source": "2798746", "target": "1572057"}}, {"type": "Feature", "geometry": {"type": "LineString", "coordinates": [[-9.027085561681986, 62.1806410280461], [-9.079180794504623, 62.17690633759234]]}, "properties": {"source": "2798746", "target": "232388"}}, {"type": "Feature", "geometry": {"type": "LineString", "coordinates": [[-9.054035689313338, 62.16765705575595], [-9.071793141758377, 62.16273567715916]]}, "properties": {"source": "4724285", "target": "2777913"}}, {"type": "Feature", "geometry": {"type": "LineString", "coordinates": [[-9.054035689313338, 62.16765705575595], [-9.029604346290881, 62.16075249002863]]}, "properties": {"source": "4724285", "target": "3140185"}}, {"type": "Feature", "geometry": {"type": "LineString", "coordinates": [[-9.054035689313338, 62.16765705575595], [-9.05099885550203, 62.17284652645182]]}, "properties": {"source": "4724285", "target": "2777614"}}, {"type": "Feature", "geometry": {"type": "LineString", "coordinates": [[-9.054035689313338, 62.16765705575595], [-9.030619017717214, 62.17918134320426]]}, "properties": {"source": "4724285", "target": "2777746"}}, {"type": "Feature", "geometry": {"type": "LineString", "coordinates": [[-9.07482115561433, 62.16418492748066], [-9.047649024255293, 62.171985183507246]]}, "properties": {"source": "1414867", "target": "1414865"}}, {"type": "Feature", "geometry": {"type": "LineString", "coordinates": [[-9.07482115561433, 62.16418492748066], [-9.022794966102254, 62.17240010842029]]}, "properties": {"source": "1414867", "target": "13611615"}}, {"type": "Feature", "geometry": {"type": "LineString", "coordinates": [[-9.040592612486336, 62.18113040494008], [-9.06118410107905, 62.18100805349947]]}, "properties": {"source": "1414866", "target": "3362627"}}, {"type": "Feature", "geometry": {"type": "LineString", "coordinates": [[-9.040592612486336, 62.18113040494008], [-9.054104519030801, 62.16460915479584]]}, "properties": {"source": "1414866", "target": "2518452"}}, {"type": "Feature", "geometry": {"type": "LineString", "coordinates": [[-9.040592612486336, 62.18113040494008], [-9.04525762612704, 62.17709525151601]]}, "properties": {"source": "1414866", "target": "7450959"}}, {"type": "Feature", "geometry": {"type": "LineString", "coordinates": [[-9.040592612486336, 62.18113040494008], [-9.070010355200935, 62.16105960473152]]}, "properties": {"source": "1414866", "target": "5623572"}}, {"type": "Feature", "geometry": {"type": "LineString", "coordinates": [[-9.040592612486336, 62.18113040494008], [-9.060084199402638, 62.16069906212566]]}, "properties": {"source": "1414866", "target": "1414871"}}, {"type": "Feature", "geometry": {"type": "LineString", "coordinates": [[-9.040592612486336, 62.18113040494008], [-9.078548975290346, 62.172113091155]]}, "properties": {"source": "1414866", "target": "1414870"}}, {"type": "Feature", "geometry": {"type": "LineString", "coordinates": [[-9.040592612486336, 62.18113040494008], [-9.059239215462497, 62.18201405185721]]}, "properties": {"source": "1414866", "target": "1414864"}}, {"type": "Feature", "geometry": {"type": "LineString", "coordinates": [[-9.040592612486336, 62.18113040494008], [-9.047649024255293, 62.171985183507246]]}, "properties": {"source": "1414866", "target": "1414865"}}, {"type": "Feature", "geometry": {"type": "LineString", "coordinates": [[-9.040592612486336, 62.18113040494008], [-9.022794966102254, 62.17240010842029]]}, "properties": {"source": "1414866", "target": "13611615"}}, {"type": "Feature", "geometry": {"type": "LineString", "coordinates": [[-9.0250943767264, 62.18244878903158], [-9.078790771320143, 62.16627167076739]]}, "properties": {"source": "219259", "target": "35017852"}}, {"type": "Feature", "geometry": {"type": "LineString", "coordinates": [[-9.0250943767264, 62.18244878903158], [-9.050489036896494, 62.182045773100626]]}, "properties": {"source": "219259", "target": "6745082"}}, {"type": "Feature", "geometry": {"type": "LineString", "coordinates": [[-9.0250943767264, 62.18244878903158], [-9.054906687780061, 62.17389234337672]]}, "properties": {"source": "219259", "target": "8167523"}}, {"type": "Feature", "geometry": {"type": "LineString", "coordinates": [[-9.0250943767264, 62.18244878903158], [-9.06162571430005, 62.17631565840273]]}, "properties": {"source": "219259", "target": "68491"}}, {"type": "Feature", "geometry": {"type": "LineString", "coordinates": [[-9.040592612486336, 62.18113040494008], [-9.083054445843288, 62.16962201569588]]}, "properties": {"source": "1414866", "target": "6623221"}}, {"type": "Feature", "geometry": {"type": "LineString", "coordinates": [[-9.04485301955981, 62.16306812528819], [-9.056943894916884, 62.17979861304032]]}, "properties": {"source": "6878886", "target": "6720157"}}, {"type": "Feature", "geometry": {"type": "LineString", "coordinates": [[-9.068824898767474, 62.16748365404017], [-9.066808980795457, 62.163235085327]]}, "properties": {"source": "16028332", "target": "21426545"}}, {"type": "Feature", "geometry": {"type": "LineString", "coordinates": [[-9.068824898767474, 62.16748365404017], [-9.024512837431615, 62.17724285912645]]}, "properties": {"source": "16028332", "target": "16065328"}}, {"type": "Feature", "geometry": {"type": "LineString", "coordinates": [[-9.068824898767474, 62.16748365404017], [-9.066647213069757, 62.16059709336146]]}, "properties": {"source": "16028332", "target": "16093014"}}, {"type": "Feature", "geometry": {"type": "LineString", "coordinates": [[-9.054137473393922, 62.164108247096806], [-9.053794424198799, 62.17472309274915]]}, "properties": {"source": "106786", "target": "106756"}}, {"type": "Feature", "geometry": {"type": "LineString", "coordinates": [[-9.054137473393922, 62.164108247096806], [-9.023000374984463, 62.163489086239764]]}, "properties": {"source": "106786", "target": "106778"}}, {"type": "Feature", "geometry": {"type": "LineString", "coordinates": [[-9.054137473393922, 62.164108247096806], [-9.04218462581025, 62.179774542117016]]}, "properties": {"source": "106786", "target": "106751"}}, {"type": "Feature", "geometry": {"type": "LineString", "coordinates": [[-9.06156067429663, 62.181166823327274], [-9.080944879059217, 62.17515050156594]]}, "properties": {"source": "9702810", "target": "855963"}}, {"type": "Feature", "geometry": {"type": "LineString", "coordinates": [[-9.06156067429663, 62.181166823327274], [-9.083249376617175, 62.166688289375855]]}, "properties": {"source": "9702810", "target": "874111"}}, {"type": "Feature", "geometry": {"type": "LineString", "coordinates": [[-9.033363989711575, 62.16082891332711], [-9.054906687780061, 62.17389234337672]]}, "properties": {"source": "219260", "target": "8167523"}}, {"type": "Feature", "geometry": {"type": "LineString", "coordinates": [[-9.060959035315477, 62.17090373744557], [-9.022426969279138, 62.18094483409132]]}, "properties": {"source": "2779600", "target": "7686741"}}, {"type": "Feature", "geometry": {"type": "LineString", "coordinates": [[-9.060959035315477, 62.17090373744557], [-9.032091455068922, 62.161402283144994]]}, "properties": {"source": "2779600", "target": "8315757"}}, {"type": "Feature", "geometry": {"type": "LineString", "coordinates": [[-9.060959035315477, 62.17090373744557], [-9.048567840123269, 62.180199227546694]]}, "properties": {"source": "2779600", "target": "2754195"}}, {"type": "Feature", "geometry": {"type": "LineString", "coordinates": [[-9.060959035315477, 62.17090373744557], [-9.027085561681986, 62.1806410280461]]}, "properties": {"source": "2779600", "target": "2798746"}}, {"type": "Feature", "geometry": {"type": "LineString", "coordinates": [[-9.060959035315477, 62.17090373744557], [-9.07357684322264, 62.1626277009357]]}, "properties": {"source": "2779600", "target": "1890687"}}, {"type": "Feature", "geometry": {"type": "LineString", "coordinates": [[-9.060959035315477, 62.17090373744557], [-9.044978048421115, 62.1622743230275]]}, "properties": {"source": "2779600", "target": "2778011"}}, {"type": "Feature", "geometry": {"type": "LineString", "coordinates": [[-9.078801826287588, 62.16244818554405], [-9.027449268757493, 62.172498666005936]]}, "properties": {"source": "17393367", "target": "18265938"}}, {"type": "Feature", "geometry": {"type": "LineString", "coordinates": [[-9.078801826287588, 62.16244818554405], [-9.04461636154889, 62.17860062723679]]}, "properties": {"source": "17393367", "target": "33816669"}}, {"type": "Feature", "geometry": {"type": "LineString", "coordinates": [[-9.078801826287588, 62.16244818554405], [-9.05711588108261, 62.16192257276043]]}, "properties": {"source": "17393367", "target": "3126153"}}, {"type": "Feature", "geometry": {"type": "LineString", "coordinates": [[-9.078801826287588, 62.16244818554405], [-9.028458184675003, 62.16190430697816]]}, "properties": {"source": "17393367", "target": "24875293"}}, {"type": "Feature", "geometry": {"type": "LineString", "coordinates": [[-9.063452288924452, 62.17633204487106], [-9.022426969279138, 62.18094483409132]]}, "properties": {"source": "85685", "target": "7686741"}}, {"type": "Feature", "geometry": {"type": "LineString", "coordinates": [[-9.063452288924452, 62.17633204487106], [-9.032091455068922, 62.161402283144994]]}, "properties": {"source": "85685", "target": "8315757"}}, {"type": "Feature", "geometry": {"type": "LineString", "coordinates": [[-9.063452288924452, 62.17633204487106], [-9.083434643837109, 62.180950215942474]]}, "properties": {"source": "85685", "target": "8088961"}}, {"type": "Feature", "geometry": {"type": "LineString", "coordinates": [[-9.063452288924452, 62.17633204487106], [-9.0852112599228, 62.16298351332904]]}, "properties": {"source": "85685", "target": "91703"}}, {"type": "Feature", "geometry": {"type": "LineString", "coordinates": [[-9.022426969279138, 62.18094483409132], [-9.032091455068922, 62.161402283144994]]}, "properties": {"source": "7686741", "target": "8315757"}}, {"type": "Feature", "geometry": {"type": "LineString", "coordinates": [[-9.022426969279138, 62.18094483409132], [-9.027085561681986, 62.1806410280461]]}, "properties": {"source": "7686741", "target": "2798746"}}, {"type": "Feature", "geometry": {"type": "LineString", "coordinates": [[-9.022426969279138, 62.18094483409132], [-9.083434643837109, 62.180950215942474]]}, "properties": {"source": "7686741", "target": "8088961"}}, {"type": "Feature", "geometry": {"type": "LineString", "coordinates": [[-9.022426969279138, 62.18094483409132], [-9.065876372682766, 62.163748113992995]]}, "properties": {"source": "7686741", "target": "46378"}}, {"type": "Feature", "geometry": {"type": "LineString", "coordinates": [[-9.022426969279138, 62.18094483409132], [-9.057021003480855, 62.16888146037982]]}, "properties": {"source": "7686741", "target": "10863949"}}, {"type": "Feature", "geometry": {"type": "LineString", "coordinates": [[-9.022426969279138, 62.18094483409132], [-9.070903997170007, 62.16257456207529]]}, "properties": {"source": "7686741", "target": "1546627"}}, {"type": "Feature", "geometry": {"type": "LineString", "coordinates": [[-9.022426969279138, 62.18094483409132], [-9.038188905496327, 62.16638561600574]]}, "properties": {"source": "7686741", "target": "10669676"}}, {"type": "Feature", "geometry": {"type": "LineString", "coordinates": [[-9.078801826287588, 62.16244818554405], [-9.044978048421115, 62.1622743230275]]}, "properties": {"source": "17393367", "target": "2778011"}}, {"type": "Feature", "geometry": {"type": "LineString", "coordinates": [[-9.05647878717491, 62.17139508541028], [-9.056356872008621, 62.175382428552666]]}, "properties": {"source": "3484406", "target": "11291815"}}, {"type": "Feature", "geometry": {"type": "LineString", "coordinates": [[-9.05647878717491, 62.17139508541028], [-9.081206016362785, 62.170588434121356]]}, "properties": {"source": "3484406", "target": "8608358"}}, {"type": "Feature", "geometry": {"type": "LineString", "coordinates": [[-9.05647878717491, 62.17139508541028], [-9.071695782221838, 62.172572237477794]]}, "properties": {"source": "3484406", "target": "8031629"}}, {"type": "Feature", "geometry": {"type": "LineString", "coordinates": [[-9.050682711761425, 62.16969314117891], [-9.036972979988889, 62.16539406956716]]}, "properties": {"source": "17118815", "target": "2777384"}}, {"type": "Feature", "geometry": {"type": "LineString", "coordinates": [[-9.050682711761425, 62.16969314117891], [-9.069347580135798, 62.17190274506524]]}, "properties": {"source": "17118815", "target": "1604332"}}, {"type": "Feature", "geometry": {"type": "LineString", "coordinates": [[-9.050682711761425, 62.16969314117891], [-9.04954751625948, 62.17906942343146]]}, "properties": {"source": "17118815", "target": "16219638"}}, {"type": "Feature", "geometry": {"type": "LineString", "coordinates": [[-9.032572484304865, 62.17263521712201], [-9.045786212654178, 62.16085911589694]]}, "properties": {"source": "7171908", "target": "7903841"}}, {"type": "Feature", "geometry": {"type": "LineString", "coordinates": [[-9.027425482974024, 62.175260746588236], [-9.022426969279138, 62.18094483409132]]}, "properties": {"source": "205866", "target": "7686741"}}, {"type": "Feature", "geometry": {"type": "LineString", "coordinates": [[-9.027425482974024, 62.175260746588236], [-9.032091455068922, 62.161402283144994]]}, "properties": {"source": "205866", "target": "8315757"}}, {"type": "Feature", "geometry": {"type": "LineString", "coordinates": [[-9.027425482974024, 62.175260746588236], [-9.078051282196157, 62.17389542894752]]}, "properties": {"source": "205866", "target": "9655235"}}, {"type": "Feature", "geometry": {"type": "LineString", "coordinates": [[-9.027425482974024, 62.175260746588236], [-9.071793141758377, 62.16273567715916]]}, "properties": {"source": "205866", "target": "2777913"}}, {"type": "Feature", "geometry": {"type": "LineString", "coordinates": [[-9.027425482974024, 62.175260746588236], [-9.048567840123269, 62.180199227546694]]}, "properties": {"source": "205866", "target": "2754195"}}, {"type": "Feature", "geometry": {"type": "LineString", "coordinates": [[-9.027425482974024, 62.175260746588236], [-9.027085561681986, 62.1806410280461]]}, "properties": {"source": "205866", "target": "2798746"}}, {"type": "Feature", "geometry": {"type": "LineString", "coordinates": [[-9.027425482974024, 62.175260746588236], [-9.065876372682766, 62.163748113992995]]}, "properties": {"source": "205866", "target": "46378"}}, {"type": "Feature", "geometry": {"type": "LineString", "coordinates": [[-9.078392169970954, 62.17363615797218], [-9.035244602089847, 62.1619640481113]]}, "properties": {"source": "1252392", "target": "732432"}}, {"type": "Feature", "geometry": {"type": "LineString", "coordinates": [[-9.027425482974024, 62.175260746588236], [-9.044978048421115, 62.1622743230275]]}, "properties": {"source": "205866", "target": "2778011"}}, {"type": "Feature", "geometry": {"type": "LineString", "coordinates": [[-9.052691110744945, 62.16942538013268], [-9.065876372682766, 62.163748113992995]]}, "properties": {"source": "10863349", "target": "46378"}}, {"type": "Feature", "geometry": {"type": "LineString", "coordinates": [[-9.052691110744945, 62.16942538013268], [-9.057021003480855, 62.16888146037982]]}, "properties": {"source": "10863349", "target": "10863949"}}, {"type": "Feature", "geometry": {"type": "LineString", "coordinates": [[-9.052691110744945, 62.16942538013268], [-9.070903997170007, 62.16257456207529]]}, "properties": {"source": "10863349", "target": "1546627"}}, {"type": "Feature", "geometry": {"type": "LineString", "coordinates": [[-9.052691110744945, 62.16942538013268], [-9.038188905496327, 62.16638561600574]]}, "properties": {"source": "10863349", "target": "10669676"}}, {"type": "Feature", "geometry": {"type": "LineString", "coordinates": [[-9.052691110744945, 62.16942538013268], [-9.03368562489598, 62.17573565010716]]}, "properties": {"source": "10863349", "target": "10435848"}}, {"type": "Feature", "geometry": {"type": "LineString", "coordinates": [[-9.062328128412503, 62.16487252050349], [-9.080944879059217, 62.17515050156594]]}, "properties": {"source": "7626013", "target": "855963"}}, {"type": "Feature", "geometry": {"type": "LineString", "coordinates": [[-9.062328128412503, 62.16487252050349], [-9.083249376617175, 62.166688289375855]]}, "properties": {"source": "7626013", "target": "874111"}}, {"type": "Feature", "geometry": {"type": "LineString", "coordinates": [[-9.062328128412503, 62.16487252050349], [-9.032572484304865, 62.17263521712201]]}, "properties": {"source": "7626013", "target": "7171908"}}, {"type": "Feature", "geometry": {"type": "LineString", "coordinates": [[-9.062328128412503, 62.16487252050349], [-9.06156067429663, 62.181166823327274]]}, "properties": {"source": "7626013", "target": "9702810"}}, {"type": "Feature", "geometry": {"type": "LineString", "coordinates": [[-9.062328128412503, 62.16487252050349], [-9.042895254254148, 62.163455934895964]]}, "properties": {"source": "7626013", "target": "8180639"}}, {"type": "Feature", "geometry": {"type": "LineString", "coordinates": [[-9.062328128412503, 62.16487252050349], [-9.045786212654178, 62.16085911589694]]}, "properties": {"source": "7626013", "target": "7903841"}}, {"type": "Feature", "geometry": {"type": "LineString", "coordinates": [[-9.070057444047677, 62.16684240304329], [-9.05467528141719, 62.17715149498275]]}, "properties": {"source": "31822209", "target": "3140171"}}, {"type": "Feature", "geometry": {"type": "LineString", "coordinates": [[-9.070057444047677, 62.16684240304329], [-9.06118410107905, 62.18100805349947]]}, "properties": {"source": "31822209", "target": "3362627"}}, {"type": "Feature", "geometry": {"type": "LineString", "coordinates": [[-9.070057444047677, 62.16684240304329], [-9.070010355200935, 62.16105960473152]]}, "properties": {"source": "31822209", "target": "5623572"}}, {"type": "Feature", "geometry": {"type": "LineString", "coordinates": [[-9.070057444047677, 62.16684240304329], [-9.028748656081461, 62.177764523825104]]}, "properties": {"source": "31822209", "target": "4329568"}}, {"type": "Feature", "geometry": {"type": "LineString", "coordinates": [[-9.052691110744945, 62.16942538013268], [-9.045956053174223, 62.16115200479341]]}, "properties": {"source": "10863349", "target": "10377136"}}, {"type": "Feature", "geometry": {"type": "LineString", "coordinates": [[-9.021456599873716, 62.17585768380883], [-9.070532503194784, 62.179769384090065]]}, "properties": {"source": "1917360", "target": "9872110"}}, {"type": "Feature", "geometry": {"type": "LineString", "coordinates": [[-9.079180794504623, 62.17690633759234], [-9.032091455068922, 62.161402283144994]]}, "properties": {"source": "232388", "target": "8315757"}}, {"type": "Feature", "geometry": {"type": "LineString", "coordinates": [[-9.066647213069757, 62.16059709336146], [-9.026255526290953, 62.18171420288644]]}, "properties": {"source": "16093014", "target": "1633425"}}, {"type": "Feature", "geometry": {"type": "LineString", "coordinates": [[-9.04218462581025, 62.179774542117016], [-9.023000374984463, 62.163489086239764]]}, "properties": {"source": "106751", "target": "106778"}}, {"type": "Feature", "geometry": {"type": "LineString", "coordinates": [[-9.044456399911326, 62.167545026966366], [-9.0852112599228, 62.16298351332904]]}, "properties": {"source": "448287", "target": "91703"}}, {"type": "Feature", "geometry": {"type": "LineString", "coordinates": [[-9.080690211075222, 62.168362820104306], [-9.027449268757493, 62.172498666005936]]}, "properties": {"source": "18591607", "target": "18265938"}}, {"type": "Feature", "geometry": {"type": "LineString", "coordinates": [[-9.080690211075222, 62.168362820104306], [-9.04461636154889, 62.17860062723679]]}, "properties": {"source": "18591607", "target": "33816669"}}, {"type": "Feature", "geometry": {"type": "LineString", "coordinates": [[-9.080690211075222, 62.168362820104306], [-9.05711588108261, 62.16192257276043]]}, "properties": {"source": "18591607", "target": "3126153"}}, {"type": "Feature", "geometry": {"type": "LineString", "coordinates": [[-9.076342107191891, 62.17884699946491], [-9.03133450918611, 62.18011677972376]]}, "properties": {"source": "30008298", "target": "12390698"}}, {"type": "Feature", "geometry": {"type": "LineString", "coordinates": [[-9.076342107191891, 62.17884699946491], [-9.047564186816999, 62.17133916514554]]}, "properties": {"source": "30008298", "target": "1289814"}}, {"type": "Feature", "geometry": {"type": "LineString", "coordinates": [[-9.076342107191891, 62.17884699946491], [-9.063501474558336, 62.161229165391674]]}, "properties": {"source": "30008298", "target": "1421116"}}, {"type": "Feature", "geometry": {"type": "LineString", "coordinates": [[-9.076342107191891, 62.17884699946491], [-9.062444877243308, 62.17017744733734]]}, "properties": {"source": "30008298", "target": "1241937"}}, {"type": "Feature", "geometry": {"type": "LineString", "coordinates": [[-9.076342107191891, 62.17884699946491], [-9.047335974448856, 62.17748034106505]]}, "properties": {"source": "30008298", "target": "530961"}}, {"type": "Feature", "geometry": {"type": "LineString", "coordinates": [[-9.076342107191891, 62.17884699946491], [-9.025911128355602, 62.173890436082075]]}, "properties": {"source": "30008298", "target": "6184072"}}, {"type": "Feature", "geometry": {"type": "LineString", "coordinates": [[-9.048567840123269, 62.180199227546694], [-9.022426969279138, 62.18094483409132]]}, "properties": {"source": "2754195", "target": "7686741"}}, {"type": "Feature", "geometry": {"type": "LineString", "coordinates": [[-9.080690211075222, 62.168362820104306], [-9.044978048421115, 62.1622743230275]]}, "properties": {"source": "18591607", "target": "2778011"}}, {"type": "Feature", "geometry": {"type": "LineString", "coordinates": [[-9.04072516461585, 62.16147277008211], [-9.030619017717214, 62.17918134320426]]}, "properties": {"source": "2777407", "target": "2777746"}}, {"type": "Feature", "geometry": {"type": "LineString", "coordinates": [[-9.04072516461585, 62.16147277008211], [-9.031757812041093, 62.175598579646234]]}, "properties": {"source": "2777407", "target": "23443412"}}, {"type": "Feature", "geometry": {"type": "LineString", "coordinates": [[-9.04072516461585, 62.16147277008211], [-9.02258584070131, 62.180105768051945]]}, "properties": {"source": "2777407", "target": "3140189"}}, {"type": "Feature", "geometry": {"type": "LineString", "coordinates": [[-9.04072516461585, 62.16147277008211], [-9.054035689313338, 62.16765705575595]]}, "properties": {"source": "2777407", "target": "4724285"}}, {"type": "Feature", "geometry": {"type": "LineString", "coordinates": [[-9.04072516461585, 62.16147277008211], [-9.059250830610836, 62.16851018594757]]}, "properties": {"source": "2777407", "target": "28639282"}}, {"type": "Feature", "geometry": {"type": "LineString", "coordinates": [[-9.04072516461585, 62.16147277008211], [-9.02376911942531, 62.17082769567375]]}, "properties": {"source": "2777407", "target": "106791"}}, {"type": "Feature", "geometry": {"type": "LineString", "coordinates": [[-9.04072516461585, 62.16147277008211], [-9.08299230767355, 62.16315027762178]]}, "properties": {"source": "2777407", "target": "1214414"}}, {"type": "Feature", "geometry": {"type": "LineString", "coordinates": [[-9.060706339454754, 62.17588041039967], [-9.056097313023173, 62.16396383779136]]}, "properties": {"source": "30056940", "target": "33187497"}}, {"type": "Feature", "geometry": {"type": "LineString", "coordinates": [[-9.060706339454754, 62.17588041039967], [-9.029604346290881, 62.16075249002863]]}, "properties": {"source": "30056940", "target": "3140185"}}, {"type": "Feature", "geometry": {"type": "LineString", "coordinates": [[-9.060706339454754, 62.17588041039967], [-9.033666872110786, 62.182045423021634]]}, "properties": {"source": "30056940", "target": "25342343"}}, {"type": "Feature", "geometry": {"type": "LineString", "coordinates": [[-9.060706339454754, 62.17588041039967], [-9.05467528141719, 62.17715149498275]]}, "properties": {"source": "30056940", "target": "3140171"}}, {"type": "Feature", "geometry": {"type": "LineString", "coordinates": [[-9.060706339454754, 62.17588041039967], [-9.05099885550203, 62.17284652645182]]}, "properties": {"source": "30056940", "target": "2777614"}}, {"type": "Feature", "geometry": {"type": "LineString", "coordinates": [[-9.060706339454754, 62.17588041039967], [-9.021690700773036, 62.17697749493685]]}, "properties": {"source": "30056940", "target": "30056942"}}, {"type": "Feature", "geometry": {"type": "LineString", "coordinates": [[-9.060706339454754, 62.17588041039967], [-9.034968801275994, 62.180499363697635]]}, "properties": {"source": "30056940", "target": "257073"}}, {"type": "Feature", "geometry": {"type": "LineString", "coordinates": [[-9.060706339454754, 62.17588041039967], [-9.044346664555718, 62.17535742099142]]}, "properties": {"source": "30056940", "target": "2811318"}}, {"type": "Feature", "geometry": {"type": "LineString", "coordinates": [[-9.060706339454754, 62.17588041039967], [-9.02258584070131, 62.180105768051945]]}, "properties": {"source": "30056940", "target": "3140189"}}, {"type": "Feature", "geometry": {"type": "LineString", "coordinates": [[-9.077683791225155, 62.172948307590815], [-9.074265831372315, 62.176894100025066]]}, "properties": {"source": "7374342", "target": "697211"}}, {"type": "Feature", "geometry": {"type": "LineString", "coordinates": [[-9.077683791225155, 62.172948307590815], [-9.062328128412503, 62.16487252050349]]}, "properties": {"source": "7374342", "target": "7626013"}}, {"type": "Feature", "geometry": {"type": "LineString", "coordinates": [[-9.077683791225155, 62.172948307590815], [-9.080944879059217, 62.17515050156594]]}, "properties": {"source": "7374342", "target": "855963"}}, {"type": "Feature", "geometry": {"type": "LineString", "coordinates": [[-9.077683791225155, 62.172948307590815], [-9.083249376617175, 62.166688289375855]]}, "properties": {"source": "7374342", "target": "874111"}}, {"type": "Feature", "geometry": {"type": "LineString", "coordinates": [[-9.077683791225155, 62.172948307590815], [-9.032572484304865, 62.17263521712201]]}, "properties": {"source": "7374342", "target": "7171908"}}, {"type": "Feature", "geometry": {"type": "LineString", "coordinates": [[-9.077683791225155, 62.172948307590815], [-9.045786212654178, 62.16085911589694]]}, "properties": {"source": "7374342", "target": "7903841"}}, {"type": "Feature", "geometry": {"type": "LineString", "coordinates": [[-9.077683791225155, 62.172948307590815], [-9.066656216296536, 62.17068674579218]]}, "properties": {"source": "7374342", "target": "6315916"}}, {"type": "Feature", "geometry": {"type": "LineString", "coordinates": [[-9.077683791225155, 62.172948307590815], [-9.058727659115846, 62.17281439438982]]}, "properties": {"source": "7374342", "target": "6716592"}}, {"type": "Feature", "geometry": {"type": "LineString", "coordinates": [[-9.077683791225155, 62.172948307590815], [-9.050393171824311, 62.176876776430916]]}, "properties": {"source": "7374342", "target": "7047879"}}, {"type": "Feature", "geometry": {"type": "LineString", "coordinates": [[-9.077683791225155, 62.172948307590815], [-9.075110535001784, 62.164669493697275]]}, "properties": {"source": "7374342", "target": "1137059"}}, {"type": "Feature", "geometry": {"type": "LineString", "coordinates": [[-9.03971113164505, 62.16237727940124], [-9.051054031209333, 62.18098686717899]]}, "properties": {"source": "29240", "target": "29243"}}, {"type": "Feature", "geometry": {"type": "LineString", "coordinates": [[-9.03971113164505, 62.16237727940124], [-9.070532503194784, 62.179769384090065]]}, "properties": {"source": "29240", "target": "9872110"}}, {"type": "Feature", "geometry": {"type": "LineString", "coordinates": [[-9.03971113164505, 62.16237727940124], [-9.05589683781983, 62.170406447114686]]}, "properties": {"source": "29240", "target": "13622780"}}, {"type": "Feature", "geometry": {"type": "LineString", "coordinates": [[-9.03971113164505, 62.16237727940124], [-9.07113321526461, 62.176846479282474]]}, "properties": {"source": "29240", "target": "1264414"}}, {"type": "Feature", "geometry": {"type": "LineString", "coordinates": [[-9.077683791225155, 62.172948307590815], [-9.064536913726926, 62.18189753324391]]}, "properties": {"source": "7374342", "target": "874105"}}, {"type": "Feature", "geometry": {"type": "LineString", "coordinates": [[-9.077683791225155, 62.172948307590815], [-9.023639099906404, 62.171101159146005]]}, "properties": {"source": "7374342", "target": "9610766"}}, {"type": "Feature", "geometry": {"type": "LineString", "coordinates": [[-9.057021003480855, 62.16888146037982], [-9.038188905496327, 62.16638561600574]]}, "properties": {"source": "10863949", "target": "10669676"}}, {"type": "Feature", "geometry": {"type": "LineString", "coordinates": [[-9.055613590394842, 62.17853849946475], [-9.054906687780061, 62.17389234337672]]}, "properties": {"source": "219261", "target": "8167523"}}, {"type": "Feature", "geometry": {"type": "LineString", "coordinates": [[-9.055613590394842, 62.17853849946475], [-9.052104378165978, 62.172842761439384]]}, "properties": {"source": "219261", "target": "1712673"}}, {"type": "Feature", "geometry": {"type": "LineString", "coordinates": [[-9.074265831372315, 62.176894100025066], [-9.061665935678946, 62.16736895091012]]}, "properties": {"source": "697211", "target": "865067"}}, {"type": "Feature", "geometry": {"type": "LineString", "coordinates": [[-9.074265831372315, 62.176894100025066], [-9.062328128412503, 62.16487252050349]]}, "properties": {"source": "697211", "target": "7626013"}}, {"type": "Feature", "geometry": {"type": "LineString", "coordinates": [[-9.074265831372315, 62.176894100025066], [-9.080944879059217, 62.17515050156594]]}, "properties": {"source": "697211", "target": "855963"}}, {"type": "Feature", "geometry": {"type": "LineString", "coordinates": [[-9.074265831372315, 62.176894100025066], [-9.083249376617175, 62.166688289375855]]}, "properties": {"source": "697211", "target": "874111"}}, {"type": "Feature", "geometry": {"type": "LineString", "coordinates": [[-9.060656186933414, 62.1617695108512], [-9.04546025219068, 62.182174549491094]]}, "properties": {"source": "7645593", "target": "5989470"}}, {"type": "Feature", "geometry": {"type": "LineString", "coordinates": [[-9.074265831372315, 62.176894100025066], [-9.043658511491316, 62.17057374109669]]}, "properties": {"source": "697211", "target": "834936"}}, {"type": "Feature", "geometry": {"type": "LineString", "coordinates": [[-9.074265831372315, 62.176894100025066], [-9.063535415408552, 62.16334323634908]]}, "properties": {"source": "697211", "target": "36211554"}}, {"type": "Feature", "geometry": {"type": "LineString", "coordinates": [[-9.074265831372315, 62.176894100025066], [-9.045786212654178, 62.16085911589694]]}, "properties": {"source": "697211", "target": "7903841"}}, {"type": "Feature", "geometry": {"type": "LineString", "coordinates": [[-9.074265831372315, 62.176894100025066], [-9.061881765531552, 62.16373900915278]]}, "properties": {"source": "697211", "target": "34878439"}}, {"type": "Feature", "geometry": {"type": "LineString", "coordinates": [[-9.074265831372315, 62.176894100025066], [-9.066656216296536, 62.17068674579218]]}, "properties": {"source": "697211", "target": "6315916"}}, {"type": "Feature", "geometry": {"type": "LineString", "coordinates": [[-9.074265831372315, 62.176894100025066], [-9.058727659115846, 62.17281439438982]]}, "properties": {"source": "697211", "target": "6716592"}}, {"type": "Feature", "geometry": {"type": "LineString", "coordinates": [[-9.074265831372315, 62.176894100025066], [-9.064536913726926, 62.18189753324391]]}, "properties": {"source": "697211", "target": "874105"}}, {"type": "Feature", "geometry": {"type": "LineString", "coordinates": [[-9.074265831372315, 62.176894100025066], [-9.023639099906404, 62.171101159146005]]}, "properties": {"source": "697211", "target": "9610766"}}, {"type": "Feature", "geometry": {"type": "LineString", "coordinates": [[-9.043658511491316, 62.17057374109669], [-9.061665935678946, 62.16736895091012]]}, "properties": {"source": "834936", "target": "865067"}}, {"type": "Feature", "geometry": {"type": "LineString", "coordinates": [[-9.043658511491316, 62.17057374109669], [-9.062328128412503, 62.16487252050349]]}, "properties": {"source": "834936", "target": "7626013"}}, {"type": "Feature", "geometry": {"type": "LineString", "coordinates": [[-9.043658511491316, 62.17057374109669], [-9.080944879059217, 62.17515050156594]]}, "properties": {"source": "834936", "target": "855963"}}, {"type": "Feature", "geometry": {"type": "LineString", "coordinates": [[-9.043658511491316, 62.17057374109669], [-9.083249376617175, 62.166688289375855]]}, "properties": {"source": "834936", "target": "874111"}}, {"type": "Feature", "geometry": {"type": "LineString", "coordinates": [[-9.043658511491316, 62.17057374109669], [-9.06156067429663, 62.181166823327274]]}, "properties": {"source": "834936", "target": "9702810"}}, {"type": "Feature", "geometry": {"type": "LineString", "coordinates": [[-9.043658511491316, 62.17057374109669], [-9.071197363426023, 62.17432225898777]]}, "properties": {"source": "834936", "target": "7986058"}}, {"type": "Feature", "geometry": {"type": "LineString", "coordinates": [[-9.043658511491316, 62.17057374109669], [-9.076116203980689, 62.16826611595731]]}, "properties": {"source": "834936", "target": "783520"}}, {"type": "Feature", "geometry": {"type": "LineString", "coordinates": [[-9.061881765531552, 62.16373900915278], [-9.063535415408552, 62.16334323634908]]}, "properties": {"source": "34878439", "target": "36211554"}}, {"type": "Feature", "geometry": {"type": "LineString", "coordinates": [[-9.061881765531552, 62.16373900915278], [-9.080673415662517, 62.17685980610291]]}, "properties": {"source": "34878439", "target": "13722506"}}, {"type": "Feature", "geometry": {"type": "LineString", "coordinates": [[-9.063832326468088, 62.17379643354582], [-9.04461636154889, 62.17860062723679]]}, "properties": {"source": "21544013", "target": "33816669"}}, {"type": "Feature", "geometry": {"type": "LineString", "coordinates": [[-9.063832326468088, 62.17379643354582], [-9.05711588108261, 62.16192257276043]]}, "properties": {"source": "21544013", "target": "3126153"}}, {"type": "Feature", "geometry": {"type": "LineString", "coordinates": [[-9.063832326468088, 62.17379643354582], [-9.028458184675003, 62.16190430697816]]}, "properties": {"source": "21544013", "target": "24875293"}}, {"type": "Feature", "geometry": {"type": "LineString", "coordinates": [[-9.043658511491316, 62.17057374109669], [-9.064536913726926, 62.18189753324391]]}, "properties": {"source": "834936", "target": "874105"}}, {"type": "Feature", "geometry": {"type": "LineString", "coordinates": [[-9.043658511491316, 62.17057374109669], [-9.023639099906404, 62.171101159146005]]}, "properties": {"source": "834936", "target": "9610766"}}, {"type": "Feature", "geometry": {"type": "LineString", "coordinates": [[-9.061881765531552, 62.16373900915278], [-9.040762643652243, 62.16755676556143]]}, "properties": {"source": "34878439", "target": "13793507"}}, {"type": "Feature", "geometry": {"type": "LineString", "coordinates": [[-9.063832326468088, 62.17379643354582], [-9.044978048421115, 62.1622743230275]]}, "properties": {"source": "21544013", "target": "2778011"}}, {"type": "Feature", "geometry": {"type": "LineString", "coordinates": [[-9.032091455068922, 62.161402283144994], [-9.044456399911326, 62.167545026966366]]}, "properties": {"source": "8315757", "target": "448287"}}, {"type": "Feature", "geometry": {"type": "LineString", "coordinates": [[-9.078051282196157, 62.17389542894752], [-9.022426969279138, 62.18094483409132]]}, "properties": {"source": "9655235", "target": "7686741"}}, {"type": "Feature", "geometry": {"type": "LineString", "coordinates": [[-9.078051282196157, 62.17389542894752], [-9.032091455068922, 62.161402283144994]]}, "properties": {"source": "9655235", "target": "8315757"}}, {"type": "Feature", "geometry": {"type": "LineString", "coordinates": [[-9.078051282196157, 62.17389542894752], [-9.071793141758377, 62.16273567715916]]}, "properties": {"source": "9655235", "target": "2777913"}}, {"type": "Feature", "geometry": {"type": "LineString", "coordinates": [[-9.078051282196157, 62.17389542894752], [-9.027085561681986, 62.1806410280461]]}, "properties": {"source": "9655235", "target": "2798746"}}, {"type": "Feature", "geometry": {"type": "LineString", "coordinates": [[-9.078051282196157, 62.17389542894752], [-9.083434643837109, 62.180950215942474]]}, "properties": {"source": "9655235", "target": "8088961"}}, {"type": "Feature", "geometry": {"type": "LineString", "coordinates": [[-9.078051282196157, 62.17389542894752], [-9.065876372682766, 62.163748113992995]]}, "properties": {"source": "9655235", "target": "46378"}}, {"type": "Feature", "geometry": {"type": "LineString", "coordinates": [[-9.078051282196157, 62.17389542894752], [-9.057021003480855, 62.16888146037982]]}, "properties": {"source": "9655235", "target": "10863949"}}, {"type": "Feature", "geometry": {"type": "LineString", "coordinates": [[-9.078051282196157, 62.17389542894752], [-9.070903997170007, 62.16257456207529]]}, "properties": {"source": "9655235", "target": "1546627"}}, {"type": "Feature", "geometry": {"type": "LineString", "coordinates": [[-9.078051282196157, 62.17389542894752], [-9.052691110744945, 62.16942538013268]]}, "properties": {"source": "9655235", "target": "10863349"}}, {"type": "Feature", "geometry": {"type": "LineString", "coordinates": [[-9.078051282196157, 62.17389542894752], [-9.038188905496327, 62.16638561600574]]}, "properties": {"source": "9655235", "target": "10669676"}}, {"type": "Feature", "geometry": {"type": "LineString", "coordinates": [[-9.078051282196157, 62.17389542894752], [-9.03368562489598, 62.17573565010716]]}, "properties": {"source": "9655235", "target": "10435848"}}, {"type": "Feature", "geometry": {"type": "LineString", "coordinates": [[-9.078051282196157, 62.17389542894752], [-9.07357684322264, 62.1626277009357]]}, "properties": {"source": "9655235", "target": "1890687"}}, {"type": "Feature", "geometry": {"type": "LineString", "coordinates": [[-9.078051282196157, 62.17389542894752], [-9.042889870377252, 62.16375309517743]]}, "properties": {"source": "9655235", "target": "1127491"}}, {"type": "Feature", "geometry": {"type": "LineString", "coordinates": [[-9.078051282196157, 62.17389542894752], [-9.066553993236312, 62.17435596932741]]}, "properties": {"source": "9655235", "target": "1762154"}}, {"type": "Feature", "geometry": {"type": "LineString", "coordinates": [[-9.078051282196157, 62.17389542894752], [-9.044978048421115, 62.1622743230275]]}, "properties": {"source": "9655235", "target": "2778011"}}, {"type": "Feature", "geometry": {"type": "LineString", "coordinates": [[-9.022426969279138, 62.18094483409132], [-9.044456399911326, 62.167545026966366]]}, "properties": {"source": "7686741", "target": "448287"}}, {"type": "Feature", "geometry": {"type": "LineString", "coordinates": [[-9.078790771320143, 62.16627167076739], [-9.050489036896494, 62.182045773100626]]}, "properties": {"source": "35017852", "target": "6745082"}}, {"type": "Feature", "geometry": {"type": "LineString", "coordinates": [[-9.078790771320143, 62.16627167076739], [-9.054906687780061, 62.17389234337672]]}, "properties": {"source": "35017852", "target": "8167523"}}, {"type": "Feature", "geometry": {"type": "LineString", "coordinates": [[-9.078790771320143, 62.16627167076739], [-9.06162571430005, 62.17631565840273]]}, "properties": {"source": "35017852", "target": "68491"}}, {"type": "Feature", "geometry": {"type": "LineString", "coordinates": [[-9.078790771320143, 62.16627167076739], [-9.055613590394842, 62.17853849946475]]}, "properties": {"source": "35017852", "target": "219261"}}, {"type": "Feature", "geometry": {"type": "LineString", "coordinates": [[-9.078790771320143, 62.16627167076739], [-9.052104378165978, 62.172842761439384]]}, "properties": {"source": "35017852", "target": "1712673"}}, {"type": "Feature", "geometry": {"type": "LineString", "coordinates": [[-9.078790771320143, 62.16627167076739], [-9.07161539775359, 62.160461438516094]]}, "properties": {"source": "35017852", "target": "1666147"}}, {"type": "Feature", "geometry": {"type": "LineString", "coordinates": [[-9.078790771320143, 62.16627167076739], [-9.042455892256726, 62.17180928503383]]}, "properties": {"source": "35017852", "target": "19504922"}}, {"type": "Feature", "geometry": {"type": "LineString", "coordinates": [[-9.078790771320143, 62.16627167076739], [-9.0353537603159, 62.163292855214294]]}, "properties": {"source": "35017852", "target": "20578311"}}, {"type": "Feature", "geometry": {"type": "LineString", "coordinates": [[-9.078790771320143, 62.16627167076739], [-9.046607668769127, 62.175155950174826]]}, "properties": {"source": "35017852", "target": "25438402"}}, {"type": "Feature", "geometry": {"type": "LineString", "coordinates": [[-9.020935084703694, 62.16402208618831], [-9.078790771320143, 62.16627167076739]]}, "properties": {"source": "68492", "target": "35017852"}}, {"type": "Feature", "geometry": {"type": "LineString", "coordinates": [[-9.020935084703694, 62.16402208618831], [-9.071146318342329, 62.18023617834665]]}, "properties": {"source": "68492", "target": "35898176"}}, {"type": "Feature", "geometry": {"type": "LineString", "coordinates": [[-9.020935084703694, 62.16402208618831], [-9.048729181233966, 62.160966061842984]]}, "properties": {"source": "68492", "target": "3039856"}}, {"type": "Feature", "geometry": {"type": "LineString", "coordinates": [[-9.020935084703694, 62.16402208618831], [-9.050489036896494, 62.182045773100626]]}, "properties": {"source": "68492", "target": "6745082"}}, {"type": "Feature", "geometry": {"type": "LineString", "coordinates": [[-9.020935084703694, 62.16402208618831], [-9.026541353081285, 62.181977921967984]]}, "properties": {"source": "68492", "target": "892327"}}, {"type": "Feature", "geometry": {"type": "LineString", "coordinates": [[-9.020935084703694, 62.16402208618831], [-9.083054445843288, 62.16962201569588]]}, "properties": {"source": "68492", "target": "6623221"}}, {"type": "Feature", "geometry": {"type": "LineString", "coordinates": [[-9.078051282196157, 62.17389542894752], [-9.03188870455591, 62.16956512842995]]}, "properties": {"source": "9655235", "target": "1572057"}}, {"type": "Feature", "geometry": {"type": "LineString", "coordinates": [[-9.078051282196157, 62.17389542894752], [-9.0852112599228, 62.16298351332904]]}, "properties": {"source": "9655235", "target": "91703"}}, {"type": "Feature", "geometry": {"type": "LineString", "coordinates": [[-9.078051282196157, 62.17389542894752], [-9.060959035315477, 62.17090373744557]]}, "properties": {"source": "9655235", "target": "2779600"}}, {"type": "Feature", "geometry": {"type": "LineString", "coordinates": [[-9.078051282196157, 62.17389542894752], [-9.038193458921256, 62.17437830845738]]}, "properties": {"source": "9655235", "target": "6040125"}}, {"type": "Feature", "geometry": {"type": "LineString", "coordinates": [[-9.078051282196157, 62.17389542894752], [-9.079180794504623, 62.17690633759234]]}, "properties": {"source": "9655235", "target": "232388"}}, {"type": "Feature", "geometry": {"type": "LineString", "coordinates": [[-9.078051282196157, 62.17389542894752], [-9.044456399911326, 62.167545026966366]]}, "properties": {"source": "9655235", "target": "448287"}}, {"type": "Feature", "geometry": {"type": "LineString", "coordinates": [[-9.071793141758377, 62.16273567715916], [-9.022426969279138, 62.18094483409132]]}, "properties": {"source": "2777913", "target": "7686741"}}, {"type": "Feature", "geometry": {"type": "LineString", "coordinates": [[-9.071793141758377, 62.16273567715916], [-9.032091455068922, 62.161402283144994]]}, "properties": {"source": "2777913", "target": "8315757"}}, {"type": "Feature", "geometry": {"type": "LineString", "coordinates": [[-9.071793141758377, 62.16273567715916], [-9.048567840123269, 62.180199227546694]]}, "properties": {"source": "2777913", "target": "2754195"}}, {"type": "Feature", "geometry": {"type": "LineString", "coordinates": [[-9.071793141758377, 62.16273567715916], [-9.059250830610836, 62.16851018594757]]}, "properties": {"source": "2777913", "target": "28639282"}}, {"type": "Feature", "geometry": {"type": "LineString", "coordinates": [[-9.071793141758377, 62.16273567715916], [-9.057021003480855, 62.16888146037982]]}, "properties": {"source": "2777913", "target": "10863949"}}, {"type": "Feature", "geometry": {"type": "LineString", "coordinates": [[-9.071793141758377, 62.16273567715916], [-9.070903997170007, 62.16257456207529]]}, "properties": {"source": "2777913", "target": "1546627"}}, {"type": "Feature", "geometry": {"type": "LineString", "coordinates": [[-9.071793141758377, 62.16273567715916], [-9.052691110744945, 62.16942538013268]]}, "properties": {"source": "2777913", "target": "10863349"}}, {"type": "Feature", "geometry": {"type": "LineString", "coordinates": [[-9.078051282196157, 62.17389542894752], [-9.063452288924452, 62.17633204487106]]}, "properties": {"source": "9655235", "target": "85685"}}, {"type": "Feature", "geometry": {"type": "LineString", "coordinates": [[-9.071793141758377, 62.16273567715916], [-9.044978048421115, 62.1622743230275]]}, "properties": {"source": "2777913", "target": "2778011"}}, {"type": "Feature", "geometry": {"type": "LineString", "coordinates": [[-9.078051282196157, 62.17389542894752], [-9.02157288119733, 62.18242345469157]]}, "properties": {"source": "9655235", "target": "252290"}}]}