{"type": "FeatureCollection", "features": [{"type": "Feature", "geometry": {"type": "LineString", "coordinates": [[-80.43308331777189, 63.493453522937045], [-80.41056924297084, 63.50046191064537]]}, "properties": {"source": "24697890", "target": "25472693"}}, {"type": "Feature", "geometry": {"type": "LineString", "coordinates": [[-80.43308331777189, 63.493453522937045], [-80.42521409782688, 63.49093449406641]]}, "properties": {"source": "24697890", "target": "21860011"}}, {"type": "Feature", "geometry": {"type": "LineString", "coordinates": [[-80.43308331777189, 63.493453522937045], [-80.4324603682593, 63.483635371300295]]}, "properties": {"source": "24697890", "target": "25307530"}}, {"type": "Feature", "geometry": {"type": "LineString", "coordinates": [[-80.43308331777189, 63.493453522937045], [-80.43084156890357, 63.48913614194477]]}, "properties": {"source": "24697890", "target": "25993868"}}, {"type": "Feature", "geometry": {"type": "LineString", "coordinates": [[-80.43118746097436, 63.48427845234295], [-80.40627050794166, 63.484035913360614]]}, "properties": {"source": "24473982", "target": "27153804"}}, {"type": "Feature", "geometry": {"type": "LineString", "coordinates": [[-80.43118746097436, 63.48427845234295], [-80.45296220634029, 63.49276183817274]]}, "properties": {"source": "24473982", "target": "25577379"}}, {"type": "Feature", "geometry": {"type": "LineString", "coordinates": [[-80.43118746097436, 63.48427845234295], [-80.46091457713578, 63.497006578097015]]}, "properties": {"source": "24473982", "target": "24473985"}}, {"type": "Feature", "geometry": {"type": "LineString", "coordinates": [[-80.43118746097436, 63.48427845234295], [-80.44700007911239, 63.49217497975165]]}, "properties": {"source": "24473982", "target": "23570105"}}, {"type": "Feature", "geometry": {"type": "LineString", "coordinates": [[-80.43118746097436, 63.48427845234295], [-80.42460053994112, 63.48739190167997]]}, "properties": {"source": "24473982", "target": "24473980"}}, {"type": "Feature", "geometry": {"type": "LineString", "coordinates": [[-80.43118746097436, 63.48427845234295], [-80.42407897552687, 63.48675624463448]]}, "properties": {"source": "24473982", "target": "24505523"}}, {"type": "Feature", "geometry": {"type": "LineString", "coordinates": [[-80.46091457713578, 63.497006578097015], [-80.40627050794166, 63.484035913360614]]}, "properties": {"source": "24473985", "target": "27153804"}}, {"type": "Feature", "geometry": {"type": "LineString", "coordinates": [[-80.46091457713578, 63.497006578097015], [-80.45296220634029, 63.49276183817274]]}, "properties": {"source": "24473985", "target": "25577379"}}, {"type": "Feature", "geometry": {"type": "LineString", "coordinates": [[-80.40425525221, 63.502138876474305], [-80.41818153243135, 63.499114523779824]]}, "properties": {"source": "25841522", "target": "25118995"}}, {"type": "Feature", "geometry": {"type": "LineString", "coordinates": [[-80.40425525221, 63.502138876474305], [-80.41802323185627, 63.49723908034204]]}, "properties": {"source": "25841522", "target": "25444920"}}, {"type": "Feature", "geometry": {"type": "LineString", "coordinates": [[-80.40425525221, 63.502138876474305], [-80.42606642585774, 63.4891840038032]]}, "properties": {"source": "25841522", "target": "25542122"}}, {"type": "Feature", "geometry": {"type": "LineString", "coordinates": [[-80.40425525221, 63.502138876474305], [-80.44802268270823, 63.48545989092992]]}, "properties": {"source": "25841522", "target": "25006223"}}, {"type": "Feature", "geometry": {"type": "LineString", "coordinates": [[-80.43602747295485, 63.49301812022121], [-80.42758828112954, 63.484666778986835]]}, "properties": {"source": "29921103", "target": "28399935"}}, {"type": "Feature", "geometry": {"type": "LineString", "coordinates": [[-80.42001191160568, 63.49967003010691], [-80.43279115561636, 63.49434206719182]]}, "properties": {"source": "25360782", "target": "25885320"}}, {"type": "Feature", "geometry": {"type": "LineString", "coordinates": [[-80.42001191160568, 63.49967003010691], [-80.41587815895278, 63.501038173957895]]}, "properties": {"source": "25360782", "target": "25876718"}}, {"type": "Feature", "geometry": {"type": "LineString", "coordinates": [[-80.42001191160568, 63.49967003010691], [-80.4348998075846, 63.50061499954941]]}, "properties": {"source": "25360782", "target": "24947796"}}, {"type": "Feature", "geometry": {"type": "LineString", "coordinates": [[-80.42001191160568, 63.49967003010691], [-80.44853992561299, 63.49181879175069]]}, "properties": {"source": "25360782", "target": "25625829"}}, {"type": "Feature", "geometry": {"type": "LineString", "coordinates": [[-80.42001191160568, 63.49967003010691], [-80.42265428201146, 63.48230664658578]]}, "properties": {"source": "25360782", "target": "22793531"}}, {"type": "Feature", "geometry": {"type": "LineString", "coordinates": [[-80.42001191160568, 63.49967003010691], [-80.41818153243135, 63.499114523779824]]}, "properties": {"source": "25360782", "target": "25118995"}}, {"type": "Feature", "geometry": {"type": "LineString", "coordinates": [[-80.42001191160568, 63.49967003010691], [-80.41802323185627, 63.49723908034204]]}, "properties": {"source": "25360782", "target": "25444920"}}, {"type": "Feature", "geometry": {"type": "LineString", "coordinates": [[-80.42001191160568, 63.49967003010691], [-80.44873370101418, 63.50003500309134]]}, "properties": {"source": "25360782", "target": "25347478"}}, {"type": "Feature", "geometry": {"type": "LineString", "coordinates": [[-80.42001191160568, 63.49967003010691], [-80.44072605127572, 63.492077187892065]]}, "properties": {"source": "25360782", "target": "23782204"}}, {"type": "Feature", "geometry": {"type": "LineString", "coordinates": [[-80.42001191160568, 63.49967003010691], [-80.41668106895004, 63.4827065334283]]}, "properties": {"source": "25360782", "target": "23210606"}}, {"type": "Feature", "geometry": {"type": "LineString", "coordinates": [[-80.42001191160568, 63.49967003010691], [-80.4506772950736, 63.50092012487042]]}, "properties": {"source": "25360782", "target": "32812405"}}, {"type": "Feature", "geometry": {"type": "LineString", "coordinates": [[-80.4470801534091, 63.499135609331546], [-80.438984485117, 63.50044496097017]]}, "properties": {"source": "29548136", "target": "30355739"}}, {"type": "Feature", "geometry": {"type": "LineString", "coordinates": [[-80.4470801534091, 63.499135609331546], [-80.43954695825322, 63.493761727961754]]}, "properties": {"source": "29548136", "target": "30233214"}}, {"type": "Feature", "geometry": {"type": "LineString", "coordinates": [[-80.4470801534091, 63.499135609331546], [-80.43626438279652, 63.49495738042869]]}, "properties": {"source": "29548136", "target": "29565156"}}, {"type": "Feature", "geometry": {"type": "LineString", "coordinates": [[-80.4470801534091, 63.499135609331546], [-80.45093483634163, 63.49263780899314]]}, "properties": {"source": "29548136", "target": "29418976"}}, {"type": "Feature", "geometry": {"type": "LineString", "coordinates": [[-80.42493041155608, 63.496911182680876], [-80.42586112877332, 63.501106704270995]]}, "properties": {"source": "27430815", "target": "11388035"}}, {"type": "Feature", "geometry": {"type": "LineString", "coordinates": [[-80.42493041155608, 63.496911182680876], [-80.4053033792804, 63.50011847883822]]}, "properties": {"source": "27430815", "target": "13147571"}}, {"type": "Feature", "geometry": {"type": "LineString", "coordinates": [[-80.42493041155608, 63.496911182680876], [-80.43084156890357, 63.48913614194477]]}, "properties": {"source": "27430815", "target": "25993868"}}, {"type": "Feature", "geometry": {"type": "LineString", "coordinates": [[-80.42493041155608, 63.496911182680876], [-80.44058455659696, 63.50168577740476]]}, "properties": {"source": "27430815", "target": "25692670"}}, {"type": "Feature", "geometry": {"type": "LineString", "coordinates": [[-80.41500432262906, 63.48312562888394], [-80.45229843644002, 63.50104471328608]]}, "properties": {"source": "26062353", "target": "28191260"}}, {"type": "Feature", "geometry": {"type": "LineString", "coordinates": [[-80.41500432262906, 63.48312562888394], [-80.45296220634029, 63.49276183817274]]}, "properties": {"source": "26062353", "target": "25577379"}}, {"type": "Feature", "geometry": {"type": "LineString", "coordinates": [[-80.41500432262906, 63.48312562888394], [-80.43576345230272, 63.499058750494854]]}, "properties": {"source": "26062353", "target": "24596869"}}, {"type": "Feature", "geometry": {"type": "LineString", "coordinates": [[-80.41500432262906, 63.48312562888394], [-80.46003300321775, 63.489148851291304]]}, "properties": {"source": "26062353", "target": "25316462"}}, {"type": "Feature", "geometry": {"type": "LineString", "coordinates": [[-80.41500432262906, 63.48312562888394], [-80.42586112877332, 63.501106704270995]]}, "properties": {"source": "26062353", "target": "11388035"}}, {"type": "Feature", "geometry": {"type": "LineString", "coordinates": [[-80.41500432262906, 63.48312562888394], [-80.4053033792804, 63.50011847883822]]}, "properties": {"source": "26062353", "target": "13147571"}}, {"type": "Feature", "geometry": {"type": "LineString", "coordinates": [[-80.41500432262906, 63.48312562888394], [-80.43084156890357, 63.48913614194477]]}, "properties": {"source": "26062353", "target": "25993868"}}, {"type": "Feature", "geometry": {"type": "LineString", "coordinates": [[-80.41500432262906, 63.48312562888394], [-80.44058455659696, 63.50168577740476]]}, "properties": {"source": "26062353", "target": "25692670"}}, {"type": "Feature", "geometry": {"type": "LineString", "coordinates": [[-80.45299749313311, 63.48945726093372], [-80.42407897552687, 63.48675624463448]]}, "properties": {"source": "25400660", "target": "24505523"}}, {"type": "Feature", "geometry": {"type": "LineString", "coordinates": [[-80.40589486375058, 63.494492377939736], [-80.42946222865396, 63.49883942332579]]}, "properties": {"source": "27917631", "target": "29409476"}}, {"type": "Feature", "geometry": {"type": "LineString", "coordinates": [[-80.40589486375058, 63.494492377939736], [-80.43250131072251, 63.500515500733655]]}, "properties": {"source": "27917631", "target": "28749536"}}, {"type": "Feature", "geometry": {"type": "LineString", "coordinates": [[-80.40589486375058, 63.494492377939736], [-80.45100326755029, 63.49811553803045]]}, "properties": {"source": "27917631", "target": "28181844"}}, {"type": "Feature", "geometry": {"type": "LineString", "coordinates": [[-80.4470801534091, 63.499135609331546], [-80.40627050794166, 63.484035913360614]]}, "properties": {"source": "29548136", "target": "27153804"}}, {"type": "Feature", "geometry": {"type": "LineString", "coordinates": [[-80.4470801534091, 63.499135609331546], [-80.46002298105036, 63.493522645397746]]}, "properties": {"source": "29548136", "target": "28504257"}}, {"type": "Feature", "geometry": {"type": "LineString", "coordinates": [[-80.4470801534091, 63.499135609331546], [-80.4302526416133, 63.49799285229963]]}, "properties": {"source": "29548136", "target": "30233209"}}, {"type": "Feature", "geometry": {"type": "LineString", "coordinates": [[-80.4470801534091, 63.499135609331546], [-80.45625916503685, 63.48796473497116]]}, "properties": {"source": "29548136", "target": "27389769"}}, {"type": "Feature", "geometry": {"type": "LineString", "coordinates": [[-80.4470801534091, 63.499135609331546], [-80.42903325874124, 63.48968568375311]]}, "properties": {"source": "29548136", "target": "25982934"}}, {"type": "Feature", "geometry": {"type": "LineString", "coordinates": [[-80.4470801534091, 63.499135609331546], [-80.42523467609661, 63.50037747891774]]}, "properties": {"source": "29548136", "target": "26207897"}}, {"type": "Feature", "geometry": {"type": "LineString", "coordinates": [[-80.42678870336749, 63.48614841338734], [-80.42885850942544, 63.49302285386048]]}, "properties": {"source": "35261692", "target": "30345850"}}, {"type": "Feature", "geometry": {"type": "LineString", "coordinates": [[-80.42678870336749, 63.48614841338734], [-80.44940555349385, 63.49647387950159]]}, "properties": {"source": "35261692", "target": "30342568"}}, {"type": "Feature", "geometry": {"type": "LineString", "coordinates": [[-80.42678870336749, 63.48614841338734], [-80.44652484537492, 63.49774390960356]]}, "properties": {"source": "35261692", "target": "35291161"}}, {"type": "Feature", "geometry": {"type": "LineString", "coordinates": [[-80.42678870336749, 63.48614841338734], [-80.42311655564569, 63.48232108208232]]}, "properties": {"source": "35261692", "target": "34339637"}}, {"type": "Feature", "geometry": {"type": "LineString", "coordinates": [[-80.42678870336749, 63.48614841338734], [-80.42406199959667, 63.48455415865382]]}, "properties": {"source": "35261692", "target": "33973725"}}, {"type": "Feature", "geometry": {"type": "LineString", "coordinates": [[-80.42678870336749, 63.48614841338734], [-80.41086444805772, 63.497764900677936]]}, "properties": {"source": "35261692", "target": "18052047"}}, {"type": "Feature", "geometry": {"type": "LineString", "coordinates": [[-80.4176466539859, 63.493912936276445], [-80.4073705752559, 63.48618644083784]]}, "properties": {"source": "3174215", "target": "29763318"}}, {"type": "Feature", "geometry": {"type": "LineString", "coordinates": [[-80.4176466539859, 63.493912936276445], [-80.42710473099389, 63.48734134219673]]}, "properties": {"source": "3174215", "target": "28441591"}}, {"type": "Feature", "geometry": {"type": "LineString", "coordinates": [[-80.43308331777189, 63.493453522937045], [-80.41500432262906, 63.48312562888394]]}, "properties": {"source": "24697890", "target": "26062353"}}, {"type": "Feature", "geometry": {"type": "LineString", "coordinates": [[-80.43308331777189, 63.493453522937045], [-80.45747799714145, 63.491662693422754]]}, "properties": {"source": "24697890", "target": "23218876"}}, {"type": "Feature", "geometry": {"type": "LineString", "coordinates": [[-80.42311655564569, 63.48232108208232], [-80.40845045762259, 63.48415264085409]]}, "properties": {"source": "34339637", "target": "33286346"}}, {"type": "Feature", "geometry": {"type": "LineString", "coordinates": [[-80.42311655564569, 63.48232108208232], [-80.42406199959667, 63.48455415865382]]}, "properties": {"source": "34339637", "target": "33973725"}}, {"type": "Feature", "geometry": {"type": "LineString", "coordinates": [[-80.42311655564569, 63.48232108208232], [-80.41555289814208, 63.497056225454614]]}, "properties": {"source": "34339637", "target": "32063463"}}, {"type": "Feature", "geometry": {"type": "LineString", "coordinates": [[-80.43892403917177, 63.48340208979519], [-80.42076114803527, 63.48802667017357]]}, "properties": {"source": "28400177", "target": "29432120"}}, {"type": "Feature", "geometry": {"type": "LineString", "coordinates": [[-80.43892403917177, 63.48340208979519], [-80.42946222865396, 63.49883942332579]]}, "properties": {"source": "28400177", "target": "29409476"}}, {"type": "Feature", "geometry": {"type": "LineString", "coordinates": [[-80.43892403917177, 63.48340208979519], [-80.43250131072251, 63.500515500733655]]}, "properties": {"source": "28400177", "target": "28749536"}}, {"type": "Feature", "geometry": {"type": "LineString", "coordinates": [[-80.43892403917177, 63.48340208979519], [-80.4472680984177, 63.50025403930637]]}, "properties": {"source": "28400177", "target": "17564963"}}, {"type": "Feature", "geometry": {"type": "LineString", "coordinates": [[-80.43892403917177, 63.48340208979519], [-80.4308011763496, 63.49254586598701]]}, "properties": {"source": "28400177", "target": "14743247"}}, {"type": "Feature", "geometry": {"type": "LineString", "coordinates": [[-80.43892403917177, 63.48340208979519], [-80.41523459529499, 63.49384597069913]]}, "properties": {"source": "28400177", "target": "25113233"}}, {"type": "Feature", "geometry": {"type": "LineString", "coordinates": [[-80.43892403917177, 63.48340208979519], [-80.42356823889341, 63.490740560764976]]}, "properties": {"source": "28400177", "target": "26615411"}}, {"type": "Feature", "geometry": {"type": "LineString", "coordinates": [[-80.43892403917177, 63.48340208979519], [-80.4123336900199, 63.48515109804889]]}, "properties": {"source": "28400177", "target": "25663019"}}, {"type": "Feature", "geometry": {"type": "LineString", "coordinates": [[-80.43605185495828, 63.48352768811604], [-80.46184263146245, 63.48601009830489]]}, "properties": {"source": "32487045", "target": "33023449"}}, {"type": "Feature", "geometry": {"type": "LineString", "coordinates": [[-80.44828410223424, 63.48482151456447], [-80.44807071438898, 63.48373045254809]]}, "properties": {"source": "24311062", "target": "28407925"}}, {"type": "Feature", "geometry": {"type": "LineString", "coordinates": [[-80.44828410223424, 63.48482151456447], [-80.40828869038259, 63.49836903779949]]}, "properties": {"source": "24311062", "target": "15781449"}}, {"type": "Feature", "geometry": {"type": "LineString", "coordinates": [[-80.44352690503892, 63.48719968271338], [-80.44855966990673, 63.490962929951365]]}, "properties": {"source": "25306013", "target": "25008270"}}, {"type": "Feature", "geometry": {"type": "LineString", "coordinates": [[-80.44352690503892, 63.48719968271338], [-80.45085832189363, 63.48299670317782]]}, "properties": {"source": "25306013", "target": "26512303"}}, {"type": "Feature", "geometry": {"type": "LineString", "coordinates": [[-80.43602747295485, 63.49301812022121], [-80.41587815895278, 63.501038173957895]]}, "properties": {"source": "29921103", "target": "25876718"}}, {"type": "Feature", "geometry": {"type": "LineString", "coordinates": [[-80.43602747295485, 63.49301812022121], [-80.43471368744976, 63.49804890631181]]}, "properties": {"source": "29921103", "target": "25291349"}}, {"type": "Feature", "geometry": {"type": "LineString", "coordinates": [[-80.43602747295485, 63.49301812022121], [-80.44853992561299, 63.49181879175069]]}, "properties": {"source": "29921103", "target": "25625829"}}, {"type": "Feature", "geometry": {"type": "LineString", "coordinates": [[-80.43602747295485, 63.49301812022121], [-80.42001191160568, 63.49967003010691]]}, "properties": {"source": "29921103", "target": "25360782"}}, {"type": "Feature", "geometry": {"type": "LineString", "coordinates": [[-80.43602747295485, 63.49301812022121], [-80.43422303886501, 63.493319344603094]]}, "properties": {"source": "29921103", "target": "32687553"}}, {"type": "Feature", "geometry": {"type": "LineString", "coordinates": [[-80.43602747295485, 63.49301812022121], [-80.44410521132296, 63.49961407366365]]}, "properties": {"source": "29921103", "target": "28181798"}}, {"type": "Feature", "geometry": {"type": "LineString", "coordinates": [[-80.43602747295485, 63.49301812022121], [-80.4506772950736, 63.50092012487042]]}, "properties": {"source": "29921103", "target": "32812405"}}, {"type": "Feature", "geometry": {"type": "LineString", "coordinates": [[-80.43602747295485, 63.49301812022121], [-80.45085832189363, 63.48299670317782]]}, "properties": {"source": "29921103", "target": "26512303"}}, {"type": "Feature", "geometry": {"type": "LineString", "coordinates": [[-80.43602747295485, 63.49301812022121], [-80.41743548747785, 63.493355556759624]]}, "properties": {"source": "29921103", "target": "27411471"}}, {"type": "Feature", "geometry": {"type": "LineString", "coordinates": [[-80.43602747295485, 63.49301812022121], [-80.41056924297084, 63.50046191064537]]}, "properties": {"source": "29921103", "target": "25472693"}}, {"type": "Feature", "geometry": {"type": "LineString", "coordinates": [[-80.43602747295485, 63.49301812022121], [-80.44699954094159, 63.498929878336426]]}, "properties": {"source": "29921103", "target": "25143670"}}, {"type": "Feature", "geometry": {"type": "LineString", "coordinates": [[-80.43602747295485, 63.49301812022121], [-80.40997259375105, 63.50155974803225]]}, "properties": {"source": "29921103", "target": "28933243"}}, {"type": "Feature", "geometry": {"type": "LineString", "coordinates": [[-80.42334686172659, 63.49360991204141], [-80.4506772950736, 63.50092012487042]]}, "properties": {"source": "34599461", "target": "32812405"}}, {"type": "Feature", "geometry": {"type": "LineString", "coordinates": [[-80.42334686172659, 63.49360991204141], [-80.45085832189363, 63.48299670317782]]}, "properties": {"source": "34599461", "target": "26512303"}}, {"type": "Feature", "geometry": {"type": "LineString", "coordinates": [[-80.42334686172659, 63.49360991204141], [-80.41743548747785, 63.493355556759624]]}, "properties": {"source": "34599461", "target": "27411471"}}, {"type": "Feature", "geometry": {"type": "LineString", "coordinates": [[-80.42334686172659, 63.49360991204141], [-80.40997259375105, 63.50155974803225]]}, "properties": {"source": "34599461", "target": "28933243"}}, {"type": "Feature", "geometry": {"type": "LineString", "coordinates": [[-80.42407897552687, 63.48675624463448], [-80.45296220634029, 63.49276183817274]]}, "properties": {"source": "24505523", "target": "25577379"}}, {"type": "Feature", "geometry": {"type": "LineString", "coordinates": [[-80.42407897552687, 63.48675624463448], [-80.44700007911239, 63.49217497975165]]}, "properties": {"source": "24505523", "target": "23570105"}}, {"type": "Feature", "geometry": {"type": "LineString", "coordinates": [[-80.42407897552687, 63.48675624463448], [-80.42460053994112, 63.48739190167997]]}, "properties": {"source": "24505523", "target": "24473980"}}, {"type": "Feature", "geometry": {"type": "LineString", "coordinates": [[-80.44686293795269, 63.49398100917935], [-80.4348998075846, 63.50061499954941]]}, "properties": {"source": "16035868", "target": "24947796"}}, {"type": "Feature", "geometry": {"type": "LineString", "coordinates": [[-80.44686293795269, 63.49398100917935], [-80.44853992561299, 63.49181879175069]]}, "properties": {"source": "16035868", "target": "25625829"}}, {"type": "Feature", "geometry": {"type": "LineString", "coordinates": [[-80.44686293795269, 63.49398100917935], [-80.41559402044898, 63.49319435571488]]}, "properties": {"source": "16035868", "target": "17841418"}}, {"type": "Feature", "geometry": {"type": "LineString", "coordinates": [[-80.40731571633421, 63.496320632324256], [-80.42406199959667, 63.48455415865382]]}, "properties": {"source": "34661317", "target": "33973725"}}, {"type": "Feature", "geometry": {"type": "LineString", "coordinates": [[-80.46003300321775, 63.489148851291304], [-80.45229843644002, 63.50104471328608]]}, "properties": {"source": "25316462", "target": "28191260"}}, {"type": "Feature", "geometry": {"type": "LineString", "coordinates": [[-80.42946222865396, 63.49883942332579], [-80.44807071438898, 63.48373045254809]]}, "properties": {"source": "29409476", "target": "28407925"}}, {"type": "Feature", "geometry": {"type": "LineString", "coordinates": [[-80.42946222865396, 63.49883942332579], [-80.43250131072251, 63.500515500733655]]}, "properties": {"source": "29409476", "target": "28749536"}}, {"type": "Feature", "geometry": {"type": "LineString", "coordinates": [[-80.42252586276463, 63.49375876588316], [-80.43576345230272, 63.499058750494854]]}, "properties": {"source": "23154653", "target": "24596869"}}, {"type": "Feature", "geometry": {"type": "LineString", "coordinates": [[-80.45189314854484, 63.49990699593525], [-80.40383315814417, 63.4878451206431]]}, "properties": {"source": "2874286", "target": "25196150"}}, {"type": "Feature", "geometry": {"type": "LineString", "coordinates": [[-80.41284758547378, 63.49109595512675], [-80.43677591475394, 63.49709397752906]]}, "properties": {"source": "21794604", "target": "18526478"}}, {"type": "Feature", "geometry": {"type": "LineString", "coordinates": [[-80.41284758547378, 63.49109595512675], [-80.45884533600895, 63.48978878987758]]}, "properties": {"source": "21794604", "target": "20749153"}}, {"type": "Feature", "geometry": {"type": "LineString", "coordinates": [[-80.41847836641323, 63.49887098833081], [-80.45443159604315, 63.49680015106682]]}, "properties": {"source": "22053365", "target": "22731838"}}, {"type": "Feature", "geometry": {"type": "LineString", "coordinates": [[-80.41847836641323, 63.49887098833081], [-80.42252586276463, 63.49375876588316]]}, "properties": {"source": "22053365", "target": "23154653"}}, {"type": "Feature", "geometry": {"type": "LineString", "coordinates": [[-80.4251823869489, 63.49467598602732], [-80.43250131072251, 63.500515500733655]]}, "properties": {"source": "28399879", "target": "28749536"}}, {"type": "Feature", "geometry": {"type": "LineString", "coordinates": [[-80.4251823869489, 63.49467598602732], [-80.4238700062167, 63.491352839572016]]}, "properties": {"source": "28399879", "target": "26191786"}}, {"type": "Feature", "geometry": {"type": "LineString", "coordinates": [[-80.4251823869489, 63.49467598602732], [-80.4308011763496, 63.49254586598701]]}, "properties": {"source": "28399879", "target": "14743247"}}, {"type": "Feature", "geometry": {"type": "LineString", "coordinates": [[-80.4251823869489, 63.49467598602732], [-80.40589486375058, 63.494492377939736]]}, "properties": {"source": "28399879", "target": "27917631"}}, {"type": "Feature", "geometry": {"type": "LineString", "coordinates": [[-80.43456859734671, 63.48779431664127], [-80.44848364051501, 63.48873255726899]]}, "properties": {"source": "29441892", "target": "22586303"}}, {"type": "Feature", "geometry": {"type": "LineString", "coordinates": [[-80.43456859734671, 63.48779431664127], [-80.40655636910608, 63.49745843419224]]}, "properties": {"source": "29441892", "target": "28481986"}}, {"type": "Feature", "geometry": {"type": "LineString", "coordinates": [[-80.43456859734671, 63.48779431664127], [-80.40847094609943, 63.49083610174503]]}, "properties": {"source": "29441892", "target": "30338665"}}, {"type": "Feature", "geometry": {"type": "LineString", "coordinates": [[-80.43456859734671, 63.48779431664127], [-80.43508724346184, 63.49980844336811]]}, "properties": {"source": "29441892", "target": "30311839"}}, {"type": "Feature", "geometry": {"type": "LineString", "coordinates": [[-80.43456859734671, 63.48779431664127], [-80.41387187005476, 63.5014961242517]]}, "properties": {"source": "29441892", "target": "21841508"}}, {"type": "Feature", "geometry": {"type": "LineString", "coordinates": [[-80.43456859734671, 63.48779431664127], [-80.46001170672464, 63.49271615649266]]}, "properties": {"source": "29441892", "target": "24951836"}}, {"type": "Feature", "geometry": {"type": "LineString", "coordinates": [[-80.43456859734671, 63.48779431664127], [-80.42574287511049, 63.49054578947613]]}, "properties": {"source": "29441892", "target": "23287190"}}, {"type": "Feature", "geometry": {"type": "LineString", "coordinates": [[-80.42334686172659, 63.49360991204141], [-80.43422303886501, 63.493319344603094]]}, "properties": {"source": "34599461", "target": "32687553"}}, {"type": "Feature", "geometry": {"type": "LineString", "coordinates": [[-80.4348998075846, 63.50061499954941], [-80.41559402044898, 63.49319435571488]]}, "properties": {"source": "24947796", "target": "17841418"}}, {"type": "Feature", "geometry": {"type": "LineString", "coordinates": [[-80.44853992561299, 63.49181879175069], [-80.45085832189363, 63.48299670317782]]}, "properties": {"source": "25625829", "target": "26512303"}}, {"type": "Feature", "geometry": {"type": "LineString", "coordinates": [[-80.44853992561299, 63.49181879175069], [-80.41559402044898, 63.49319435571488]]}, "properties": {"source": "25625829", "target": "17841418"}}, {"type": "Feature", "geometry": {"type": "LineString", "coordinates": [[-80.43602747295485, 63.49301812022121], [-80.43279115561636, 63.49434206719182]]}, "properties": {"source": "29921103", "target": "25885320"}}, {"type": "Feature", "geometry": {"type": "LineString", "coordinates": [[-80.41101616069092, 63.49658780123201], [-80.42758828112954, 63.484666778986835]]}, "properties": {"source": "24827241", "target": "28399935"}}, {"type": "Feature", "geometry": {"type": "LineString", "coordinates": [[-80.43267413133567, 63.492842310487916], [-80.41818153243135, 63.499114523779824]]}, "properties": {"source": "25676320", "target": "25118995"}}, {"type": "Feature", "geometry": {"type": "LineString", "coordinates": [[-80.43267413133567, 63.492842310487916], [-80.42606642585774, 63.4891840038032]]}, "properties": {"source": "25676320", "target": "25542122"}}, {"type": "Feature", "geometry": {"type": "LineString", "coordinates": [[-80.43267413133567, 63.492842310487916], [-80.40383315814417, 63.4878451206431]]}, "properties": {"source": "25676320", "target": "25196150"}}, {"type": "Feature", "geometry": {"type": "LineString", "coordinates": [[-80.43267413133567, 63.492842310487916], [-80.45189314854484, 63.49990699593525]]}, "properties": {"source": "25676320", "target": "2874286"}}, {"type": "Feature", "geometry": {"type": "LineString", "coordinates": [[-80.43267413133567, 63.492842310487916], [-80.4400792933427, 63.493018388186556]]}, "properties": {"source": "25676320", "target": "14800331"}}, {"type": "Feature", "geometry": {"type": "LineString", "coordinates": [[-80.43267413133567, 63.492842310487916], [-80.45429175382397, 63.49639721976952]]}, "properties": {"source": "25676320", "target": "25174998"}}, {"type": "Feature", "geometry": {"type": "LineString", "coordinates": [[-80.44827365727006, 63.49409341110068], [-80.42493041155608, 63.496911182680876]]}, "properties": {"source": "26193138", "target": "27430815"}}, {"type": "Feature", "geometry": {"type": "LineString", "coordinates": [[-80.44827365727006, 63.49409341110068], [-80.41500432262906, 63.48312562888394]]}, "properties": {"source": "26193138", "target": "26062353"}}, {"type": "Feature", "geometry": {"type": "LineString", "coordinates": [[-80.44827365727006, 63.49409341110068], [-80.40459124280515, 63.48734386684632]]}, "properties": {"source": "26193138", "target": "30164229"}}, {"type": "Feature", "geometry": {"type": "LineString", "coordinates": [[-80.44827365727006, 63.49409341110068], [-80.45229843644002, 63.50104471328608]]}, "properties": {"source": "26193138", "target": "28191260"}}, {"type": "Feature", "geometry": {"type": "LineString", "coordinates": [[-80.44828410223424, 63.48482151456447], [-80.45704291605041, 63.49623372321582]]}, "properties": {"source": "24311062", "target": "29772601"}}, {"type": "Feature", "geometry": {"type": "LineString", "coordinates": [[-80.41048511549333, 63.48723118627514], [-80.46296359746215, 63.490943274339514]]}, "properties": {"source": "13573464", "target": "16048343"}}, {"type": "Feature", "geometry": {"type": "LineString", "coordinates": [[-80.41048511549333, 63.48723118627514], [-80.45765720625133, 63.48831328092571]]}, "properties": {"source": "13573464", "target": "17338549"}}, {"type": "Feature", "geometry": {"type": "LineString", "coordinates": [[-80.41048511549333, 63.48723118627514], [-80.4322969052979, 63.49622406322159]]}, "properties": {"source": "13573464", "target": "1625828"}}, {"type": "Feature", "geometry": {"type": "LineString", "coordinates": [[-80.43487975327093, 63.4951327144902], [-80.45704291605041, 63.49623372321582]]}, "properties": {"source": "26228934", "target": "29772601"}}, {"type": "Feature", "geometry": {"type": "LineString", "coordinates": [[-80.43759420862325, 63.49222190990224], [-80.41500432262906, 63.48312562888394]]}, "properties": {"source": "28258255", "target": "26062353"}}, {"type": "Feature", "geometry": {"type": "LineString", "coordinates": [[-80.43759420862325, 63.49222190990224], [-80.40459124280515, 63.48734386684632]]}, "properties": {"source": "28258255", "target": "30164229"}}, {"type": "Feature", "geometry": {"type": "LineString", "coordinates": [[-80.43759420862325, 63.49222190990224], [-80.45229843644002, 63.50104471328608]]}, "properties": {"source": "28258255", "target": "28191260"}}, {"type": "Feature", "geometry": {"type": "LineString", "coordinates": [[-80.43759420862325, 63.49222190990224], [-80.4632954122893, 63.490168071319886]]}, "properties": {"source": "28258255", "target": "26014581"}}, {"type": "Feature", "geometry": {"type": "LineString", "coordinates": [[-80.43759420862325, 63.49222190990224], [-80.45296220634029, 63.49276183817274]]}, "properties": {"source": "28258255", "target": "25577379"}}, {"type": "Feature", "geometry": {"type": "LineString", "coordinates": [[-80.43759420862325, 63.49222190990224], [-80.44827365727006, 63.49409341110068]]}, "properties": {"source": "28258255", "target": "26193138"}}, {"type": "Feature", "geometry": {"type": "LineString", "coordinates": [[-80.43759420862325, 63.49222190990224], [-80.46003300321775, 63.489148851291304]]}, "properties": {"source": "28258255", "target": "25316462"}}, {"type": "Feature", "geometry": {"type": "LineString", "coordinates": [[-80.43759420862325, 63.49222190990224], [-80.42586112877332, 63.501106704270995]]}, "properties": {"source": "28258255", "target": "11388035"}}, {"type": "Feature", "geometry": {"type": "LineString", "coordinates": [[-80.43759420862325, 63.49222190990224], [-80.4053033792804, 63.50011847883822]]}, "properties": {"source": "28258255", "target": "13147571"}}, {"type": "Feature", "geometry": {"type": "LineString", "coordinates": [[-80.43759420862325, 63.49222190990224], [-80.43084156890357, 63.48913614194477]]}, "properties": {"source": "28258255", "target": "25993868"}}, {"type": "Feature", "geometry": {"type": "LineString", "coordinates": [[-80.43759420862325, 63.49222190990224], [-80.44858773941394, 63.492898680887905]]}, "properties": {"source": "28258255", "target": "10443517"}}, {"type": "Feature", "geometry": {"type": "LineString", "coordinates": [[-80.43759420862325, 63.49222190990224], [-80.44058455659696, 63.50168577740476]]}, "properties": {"source": "28258255", "target": "25692670"}}, {"type": "Feature", "geometry": {"type": "LineString", "coordinates": [[-80.42493041155608, 63.496911182680876], [-80.41500432262906, 63.48312562888394]]}, "properties": {"source": "27430815", "target": "26062353"}}, {"type": "Feature", "geometry": {"type": "LineString", "coordinates": [[-80.42493041155608, 63.496911182680876], [-80.45229843644002, 63.50104471328608]]}, "properties": {"source": "27430815", "target": "28191260"}}, {"type": "Feature", "geometry": {"type": "LineString", "coordinates": [[-80.42493041155608, 63.496911182680876], [-80.45296220634029, 63.49276183817274]]}, "properties": {"source": "27430815", "target": "25577379"}}, {"type": "Feature", "geometry": {"type": "LineString", "coordinates": [[-80.42493041155608, 63.496911182680876], [-80.46003300321775, 63.489148851291304]]}, "properties": {"source": "27430815", "target": "25316462"}}, {"type": "Feature", "geometry": {"type": "LineString", "coordinates": [[-80.42606642585774, 63.4891840038032], [-80.4400792933427, 63.493018388186556]]}, "properties": {"source": "25542122", "target": "14800331"}}, {"type": "Feature", "geometry": {"type": "LineString", "coordinates": [[-80.42606642585774, 63.4891840038032], [-80.45429175382397, 63.49639721976952]]}, "properties": {"source": "25542122", "target": "25174998"}}, {"type": "Feature", "geometry": {"type": "LineString", "coordinates": [[-80.45364715153376, 63.50158755498464], [-80.41817554467121, 63.485333501745004]]}, "properties": {"source": "36199839", "target": "30233227"}}, {"type": "Feature", "geometry": {"type": "LineString", "coordinates": [[-80.45364715153376, 63.50158755498464], [-80.44554112790941, 63.50160072891771]]}, "properties": {"source": "36199839", "target": "30235388"}}, {"type": "Feature", "geometry": {"type": "LineString", "coordinates": [[-80.45364715153376, 63.50158755498464], [-80.43977507075866, 63.49444061003594]]}, "properties": {"source": "36199839", "target": "30233218"}}, {"type": "Feature", "geometry": {"type": "LineString", "coordinates": [[-80.45364715153376, 63.50158755498464], [-80.438984485117, 63.50044496097017]]}, "properties": {"source": "36199839", "target": "30355739"}}, {"type": "Feature", "geometry": {"type": "LineString", "coordinates": [[-80.45364715153376, 63.50158755498464], [-80.43954695825322, 63.493761727961754]]}, "properties": {"source": "36199839", "target": "30233214"}}, {"type": "Feature", "geometry": {"type": "LineString", "coordinates": [[-80.45364715153376, 63.50158755498464], [-80.41420323878177, 63.4917208733812]]}, "properties": {"source": "36199839", "target": "36056673"}}, {"type": "Feature", "geometry": {"type": "LineString", "coordinates": [[-80.45364715153376, 63.50158755498464], [-80.40845045762259, 63.48415264085409]]}, "properties": {"source": "36199839", "target": "33286346"}}, {"type": "Feature", "geometry": {"type": "LineString", "coordinates": [[-80.45364715153376, 63.50158755498464], [-80.44135025332817, 63.48590537854015]]}, "properties": {"source": "36199839", "target": "36137495"}}, {"type": "Feature", "geometry": {"type": "LineString", "coordinates": [[-80.45364715153376, 63.50158755498464], [-80.42695595185043, 63.50207402874946]]}, "properties": {"source": "36199839", "target": "36098342"}}, {"type": "Feature", "geometry": {"type": "LineString", "coordinates": [[-80.45364715153376, 63.50158755498464], [-80.448638239639, 63.49783849484804]]}, "properties": {"source": "36199839", "target": "30254922"}}, {"type": "Feature", "geometry": {"type": "LineString", "coordinates": [[-80.45364715153376, 63.50158755498464], [-80.46115894055656, 63.499950935491086]]}, "properties": {"source": "36199839", "target": "11465981"}}, {"type": "Feature", "geometry": {"type": "LineString", "coordinates": [[-80.41390701632106, 63.49571609065573], [-80.45704291605041, 63.49623372321582]]}, "properties": {"source": "32499691", "target": "29772601"}}, {"type": "Feature", "geometry": {"type": "LineString", "coordinates": [[-80.41390701632106, 63.49571609065573], [-80.41817554467121, 63.485333501745004]]}, "properties": {"source": "32499691", "target": "30233227"}}, {"type": "Feature", "geometry": {"type": "LineString", "coordinates": [[-80.41390701632106, 63.49571609065573], [-80.44554112790941, 63.50160072891771]]}, "properties": {"source": "32499691", "target": "30235388"}}, {"type": "Feature", "geometry": {"type": "LineString", "coordinates": [[-80.41587815895278, 63.501038173957895], [-80.45747799714145, 63.491662693422754]]}, "properties": {"source": "25876718", "target": "23218876"}}, {"type": "Feature", "geometry": {"type": "LineString", "coordinates": [[-80.41587815895278, 63.501038173957895], [-80.44072605127572, 63.492077187892065]]}, "properties": {"source": "25876718", "target": "23782204"}}, {"type": "Feature", "geometry": {"type": "LineString", "coordinates": [[-80.41587815895278, 63.501038173957895], [-80.44410521132296, 63.49961407366365]]}, "properties": {"source": "25876718", "target": "28181798"}}, {"type": "Feature", "geometry": {"type": "LineString", "coordinates": [[-80.41587815895278, 63.501038173957895], [-80.4506772950736, 63.50092012487042]]}, "properties": {"source": "25876718", "target": "32812405"}}, {"type": "Feature", "geometry": {"type": "LineString", "coordinates": [[-80.41587815895278, 63.501038173957895], [-80.45085832189363, 63.48299670317782]]}, "properties": {"source": "25876718", "target": "26512303"}}, {"type": "Feature", "geometry": {"type": "LineString", "coordinates": [[-80.41587815895278, 63.501038173957895], [-80.44699954094159, 63.498929878336426]]}, "properties": {"source": "25876718", "target": "25143670"}}, {"type": "Feature", "geometry": {"type": "LineString", "coordinates": [[-80.41587815895278, 63.501038173957895], [-80.40997259375105, 63.50155974803225]]}, "properties": {"source": "25876718", "target": "28933243"}}, {"type": "Feature", "geometry": {"type": "LineString", "coordinates": [[-80.41587815895278, 63.501038173957895], [-80.42098414998459, 63.48491604074455]]}, "properties": {"source": "25876718", "target": "23477503"}}, {"type": "Feature", "geometry": {"type": "LineString", "coordinates": [[-80.41587815895278, 63.501038173957895], [-80.41559402044898, 63.49319435571488]]}, "properties": {"source": "25876718", "target": "17841418"}}, {"type": "Feature", "geometry": {"type": "LineString", "coordinates": [[-80.41587815895278, 63.501038173957895], [-80.44686293795269, 63.49398100917935]]}, "properties": {"source": "25876718", "target": "16035868"}}, {"type": "Feature", "geometry": {"type": "LineString", "coordinates": [[-80.43471368744976, 63.49804890631181], [-80.42493041155608, 63.496911182680876]]}, "properties": {"source": "25291349", "target": "27430815"}}, {"type": "Feature", "geometry": {"type": "LineString", "coordinates": [[-80.43471368744976, 63.49804890631181], [-80.41500432262906, 63.48312562888394]]}, "properties": {"source": "25291349", "target": "26062353"}}, {"type": "Feature", "geometry": {"type": "LineString", "coordinates": [[-80.43471368744976, 63.49804890631181], [-80.43759420862325, 63.49222190990224]]}, "properties": {"source": "25291349", "target": "28258255"}}, {"type": "Feature", "geometry": {"type": "LineString", "coordinates": [[-80.43471368744976, 63.49804890631181], [-80.43279115561636, 63.49434206719182]]}, "properties": {"source": "25291349", "target": "25885320"}}, {"type": "Feature", "geometry": {"type": "LineString", "coordinates": [[-80.43471368744976, 63.49804890631181], [-80.45229843644002, 63.50104471328608]]}, "properties": {"source": "25291349", "target": "28191260"}}, {"type": "Feature", "geometry": {"type": "LineString", "coordinates": [[-80.43471368744976, 63.49804890631181], [-80.4348998075846, 63.50061499954941]]}, "properties": {"source": "25291349", "target": "24947796"}}, {"type": "Feature", "geometry": {"type": "LineString", "coordinates": [[-80.44802268270823, 63.48545989092992], [-80.44572576540529, 63.49974679941538]]}, "properties": {"source": "25006223", "target": "14062453"}}, {"type": "Feature", "geometry": {"type": "LineString", "coordinates": [[-80.44802268270823, 63.48545989092992], [-80.43291851226991, 63.49292091204373]]}, "properties": {"source": "25006223", "target": "22360830"}}, {"type": "Feature", "geometry": {"type": "LineString", "coordinates": [[-80.44802268270823, 63.48545989092992], [-80.4400792933427, 63.493018388186556]]}, "properties": {"source": "25006223", "target": "14800331"}}, {"type": "Feature", "geometry": {"type": "LineString", "coordinates": [[-80.40611168747672, 63.50027247329392], [-80.41818153243135, 63.499114523779824]]}, "properties": {"source": "25078905", "target": "25118995"}}, {"type": "Feature", "geometry": {"type": "LineString", "coordinates": [[-80.40611168747672, 63.50027247329392], [-80.42606642585774, 63.4891840038032]]}, "properties": {"source": "25078905", "target": "25542122"}}, {"type": "Feature", "geometry": {"type": "LineString", "coordinates": [[-80.40611168747672, 63.50027247329392], [-80.43267413133567, 63.492842310487916]]}, "properties": {"source": "25078905", "target": "25676320"}}, {"type": "Feature", "geometry": {"type": "LineString", "coordinates": [[-80.40611168747672, 63.50027247329392], [-80.40383315814417, 63.4878451206431]]}, "properties": {"source": "25078905", "target": "25196150"}}, {"type": "Feature", "geometry": {"type": "LineString", "coordinates": [[-80.40611168747672, 63.50027247329392], [-80.45189314854484, 63.49990699593525]]}, "properties": {"source": "25078905", "target": "2874286"}}, {"type": "Feature", "geometry": {"type": "LineString", "coordinates": [[-80.40611168747672, 63.50027247329392], [-80.43291851226991, 63.49292091204373]]}, "properties": {"source": "25078905", "target": "22360830"}}, {"type": "Feature", "geometry": {"type": "LineString", "coordinates": [[-80.40611168747672, 63.50027247329392], [-80.45429175382397, 63.49639721976952]]}, "properties": {"source": "25078905", "target": "25174998"}}, {"type": "Feature", "geometry": {"type": "LineString", "coordinates": [[-80.41101616069092, 63.49658780123201], [-80.41500432262906, 63.48312562888394]]}, "properties": {"source": "24827241", "target": "26062353"}}, {"type": "Feature", "geometry": {"type": "LineString", "coordinates": [[-80.41101616069092, 63.49658780123201], [-80.4348998075846, 63.50061499954941]]}, "properties": {"source": "24827241", "target": "24947796"}}, {"type": "Feature", "geometry": {"type": "LineString", "coordinates": [[-80.42529574393518, 63.49674492277026], [-80.41056924297084, 63.50046191064537]]}, "properties": {"source": "24462857", "target": "25472693"}}, {"type": "Feature", "geometry": {"type": "LineString", "coordinates": [[-80.42529574393518, 63.49674492277026], [-80.43308331777189, 63.493453522937045]]}, "properties": {"source": "24462857", "target": "24697890"}}, {"type": "Feature", "geometry": {"type": "LineString", "coordinates": [[-80.42529574393518, 63.49674492277026], [-80.42521409782688, 63.49093449406641]]}, "properties": {"source": "24462857", "target": "21860011"}}, {"type": "Feature", "geometry": {"type": "LineString", "coordinates": [[-80.42529574393518, 63.49674492277026], [-80.41562598429776, 63.49410378791487]]}, "properties": {"source": "24462857", "target": "23655050"}}, {"type": "Feature", "geometry": {"type": "LineString", "coordinates": [[-80.45912952246348, 63.48730114722488], [-80.44216455180297, 63.48394450597914]]}, "properties": {"source": "23654986", "target": "20442069"}}, {"type": "Feature", "geometry": {"type": "LineString", "coordinates": [[-80.44928559870817, 63.48452895876815], [-80.42493041155608, 63.496911182680876]]}, "properties": {"source": "25120203", "target": "27430815"}}, {"type": "Feature", "geometry": {"type": "LineString", "coordinates": [[-80.44928559870817, 63.48452895876815], [-80.41500432262906, 63.48312562888394]]}, "properties": {"source": "25120203", "target": "26062353"}}, {"type": "Feature", "geometry": {"type": "LineString", "coordinates": [[-80.44928559870817, 63.48452895876815], [-80.45443159604315, 63.49680015106682]]}, "properties": {"source": "25120203", "target": "22731838"}}, {"type": "Feature", "geometry": {"type": "LineString", "coordinates": [[-80.44928559870817, 63.48452895876815], [-80.44654781806811, 63.48308278839657]]}, "properties": {"source": "25120203", "target": "25922676"}}, {"type": "Feature", "geometry": {"type": "LineString", "coordinates": [[-80.44928559870817, 63.48452895876815], [-80.43576345230272, 63.499058750494854]]}, "properties": {"source": "25120203", "target": "24596869"}}, {"type": "Feature", "geometry": {"type": "LineString", "coordinates": [[-80.44928559870817, 63.48452895876815], [-80.42252586276463, 63.49375876588316]]}, "properties": {"source": "25120203", "target": "23154653"}}, {"type": "Feature", "geometry": {"type": "LineString", "coordinates": [[-80.44928559870817, 63.48452895876815], [-80.4423229741964, 63.49097388616414]]}, "properties": {"source": "25120203", "target": "16076681"}}, {"type": "Feature", "geometry": {"type": "LineString", "coordinates": [[-80.42018096964163, 63.49032443709184], [-80.40627050794166, 63.484035913360614]]}, "properties": {"source": "26812375", "target": "27153804"}}, {"type": "Feature", "geometry": {"type": "LineString", "coordinates": [[-80.42018096964163, 63.49032443709184], [-80.46002298105036, 63.493522645397746]]}, "properties": {"source": "26812375", "target": "28504257"}}, {"type": "Feature", "geometry": {"type": "LineString", "coordinates": [[-80.42018096964163, 63.49032443709184], [-80.45625916503685, 63.48796473497116]]}, "properties": {"source": "26812375", "target": "27389769"}}, {"type": "Feature", "geometry": {"type": "LineString", "coordinates": [[-80.42018096964163, 63.49032443709184], [-80.42903325874124, 63.48968568375311]]}, "properties": {"source": "26812375", "target": "25982934"}}, {"type": "Feature", "geometry": {"type": "LineString", "coordinates": [[-80.42018096964163, 63.49032443709184], [-80.42523467609661, 63.50037747891774]]}, "properties": {"source": "26812375", "target": "26207897"}}, {"type": "Feature", "geometry": {"type": "LineString", "coordinates": [[-80.42018096964163, 63.49032443709184], [-80.45621761204036, 63.493413488039735]]}, "properties": {"source": "26812375", "target": "25645107"}}, {"type": "Feature", "geometry": {"type": "LineString", "coordinates": [[-80.42018096964163, 63.49032443709184], [-80.4401114776903, 63.50092244907162]]}, "properties": {"source": "26812375", "target": "22057878"}}, {"type": "Feature", "geometry": {"type": "LineString", "coordinates": [[-80.42529574393518, 63.49674492277026], [-80.45747799714145, 63.491662693422754]]}, "properties": {"source": "24462857", "target": "23218876"}}, {"type": "Feature", "geometry": {"type": "LineString", "coordinates": [[-80.46002298105036, 63.493522645397746], [-80.42523467609661, 63.50037747891774]]}, "properties": {"source": "28504257", "target": "26207897"}}, {"type": "Feature", "geometry": {"type": "LineString", "coordinates": [[-80.46002298105036, 63.493522645397746], [-80.45621761204036, 63.493413488039735]]}, "properties": {"source": "28504257", "target": "25645107"}}, {"type": "Feature", "geometry": {"type": "LineString", "coordinates": [[-80.41930348099551, 63.495623144208224], [-80.41817554467121, 63.485333501745004]]}, "properties": {"source": "28504018", "target": "30233227"}}, {"type": "Feature", "geometry": {"type": "LineString", "coordinates": [[-80.41930348099551, 63.495623144208224], [-80.44554112790941, 63.50160072891771]]}, "properties": {"source": "28504018", "target": "30235388"}}, {"type": "Feature", "geometry": {"type": "LineString", "coordinates": [[-80.41930348099551, 63.495623144208224], [-80.43977507075866, 63.49444061003594]]}, "properties": {"source": "28504018", "target": "30233218"}}, {"type": "Feature", "geometry": {"type": "LineString", "coordinates": [[-80.41930348099551, 63.495623144208224], [-80.438984485117, 63.50044496097017]]}, "properties": {"source": "28504018", "target": "30355739"}}, {"type": "Feature", "geometry": {"type": "LineString", "coordinates": [[-80.44873370101418, 63.50003500309134], [-80.4348998075846, 63.50061499954941]]}, "properties": {"source": "25347478", "target": "24947796"}}, {"type": "Feature", "geometry": {"type": "LineString", "coordinates": [[-80.44873370101418, 63.50003500309134], [-80.44853992561299, 63.49181879175069]]}, "properties": {"source": "25347478", "target": "25625829"}}, {"type": "Feature", "geometry": {"type": "LineString", "coordinates": [[-80.44873370101418, 63.50003500309134], [-80.44072605127572, 63.492077187892065]]}, "properties": {"source": "25347478", "target": "23782204"}}, {"type": "Feature", "geometry": {"type": "LineString", "coordinates": [[-80.44873370101418, 63.50003500309134], [-80.45085832189363, 63.48299670317782]]}, "properties": {"source": "25347478", "target": "26512303"}}, {"type": "Feature", "geometry": {"type": "LineString", "coordinates": [[-80.44873370101418, 63.50003500309134], [-80.42098414998459, 63.48491604074455]]}, "properties": {"source": "25347478", "target": "23477503"}}, {"type": "Feature", "geometry": {"type": "LineString", "coordinates": [[-80.44873370101418, 63.50003500309134], [-80.42252586276463, 63.49375876588316]]}, "properties": {"source": "25347478", "target": "23154653"}}, {"type": "Feature", "geometry": {"type": "LineString", "coordinates": [[-80.45704291605041, 63.49623372321582], [-80.44554112790941, 63.50160072891771]]}, "properties": {"source": "29772601", "target": "30235388"}}, {"type": "Feature", "geometry": {"type": "LineString", "coordinates": [[-80.45704291605041, 63.49623372321582], [-80.44807071438898, 63.48373045254809]]}, "properties": {"source": "29772601", "target": "28407925"}}, {"type": "Feature", "geometry": {"type": "LineString", "coordinates": [[-80.45704291605041, 63.49623372321582], [-80.40828869038259, 63.49836903779949]]}, "properties": {"source": "29772601", "target": "15781449"}}, {"type": "Feature", "geometry": {"type": "LineString", "coordinates": [[-80.43759420862325, 63.49222190990224], [-80.42493041155608, 63.496911182680876]]}, "properties": {"source": "28258255", "target": "27430815"}}, {"type": "Feature", "geometry": {"type": "LineString", "coordinates": [[-80.40459124280515, 63.48734386684632], [-80.43662562644529, 63.498289159263564]]}, "properties": {"source": "30164229", "target": "29081694"}}, {"type": "Feature", "geometry": {"type": "LineString", "coordinates": [[-80.438984485117, 63.50044496097017], [-80.45704291605041, 63.49623372321582]]}, "properties": {"source": "30355739", "target": "29772601"}}, {"type": "Feature", "geometry": {"type": "LineString", "coordinates": [[-80.438984485117, 63.50044496097017], [-80.44554112790941, 63.50160072891771]]}, "properties": {"source": "30355739", "target": "30235388"}}, {"type": "Feature", "geometry": {"type": "LineString", "coordinates": [[-80.44381802450508, 63.48512881765183], [-80.45704291605041, 63.49623372321582]]}, "properties": {"source": "30743499", "target": "29772601"}}, {"type": "Feature", "geometry": {"type": "LineString", "coordinates": [[-80.44381802450508, 63.48512881765183], [-80.41817554467121, 63.485333501745004]]}, "properties": {"source": "30743499", "target": "30233227"}}, {"type": "Feature", "geometry": {"type": "LineString", "coordinates": [[-80.44381802450508, 63.48512881765183], [-80.44554112790941, 63.50160072891771]]}, "properties": {"source": "30743499", "target": "30235388"}}, {"type": "Feature", "geometry": {"type": "LineString", "coordinates": [[-80.44381802450508, 63.48512881765183], [-80.43977507075866, 63.49444061003594]]}, "properties": {"source": "30743499", "target": "30233218"}}, {"type": "Feature", "geometry": {"type": "LineString", "coordinates": [[-80.44381802450508, 63.48512881765183], [-80.438984485117, 63.50044496097017]]}, "properties": {"source": "30743499", "target": "30355739"}}, {"type": "Feature", "geometry": {"type": "LineString", "coordinates": [[-80.44381802450508, 63.48512881765183], [-80.43954695825322, 63.493761727961754]]}, "properties": {"source": "30743499", "target": "30233214"}}, {"type": "Feature", "geometry": {"type": "LineString", "coordinates": [[-80.44381802450508, 63.48512881765183], [-80.41420323878177, 63.4917208733812]]}, "properties": {"source": "30743499", "target": "36056673"}}, {"type": "Feature", "geometry": {"type": "LineString", "coordinates": [[-80.44381802450508, 63.48512881765183], [-80.43626438279652, 63.49495738042869]]}, "properties": {"source": "30743499", "target": "29565156"}}, {"type": "Feature", "geometry": {"type": "LineString", "coordinates": [[-80.44381802450508, 63.48512881765183], [-80.45093483634163, 63.49263780899314]]}, "properties": {"source": "30743499", "target": "29418976"}}, {"type": "Feature", "geometry": {"type": "LineString", "coordinates": [[-80.44381802450508, 63.48512881765183], [-80.40845045762259, 63.48415264085409]]}, "properties": {"source": "30743499", "target": "33286346"}}, {"type": "Feature", "geometry": {"type": "LineString", "coordinates": [[-80.44381802450508, 63.48512881765183], [-80.4470801534091, 63.499135609331546]]}, "properties": {"source": "30743499", "target": "29548136"}}, {"type": "Feature", "geometry": {"type": "LineString", "coordinates": [[-80.44381802450508, 63.48512881765183], [-80.4302526416133, 63.49799285229963]]}, "properties": {"source": "30743499", "target": "30233209"}}, {"type": "Feature", "geometry": {"type": "LineString", "coordinates": [[-80.44381802450508, 63.48512881765183], [-80.42311655564569, 63.48232108208232]]}, "properties": {"source": "30743499", "target": "34339637"}}, {"type": "Feature", "geometry": {"type": "LineString", "coordinates": [[-80.4176304072786, 63.48823733788011], [-80.41086444805772, 63.497764900677936]]}, "properties": {"source": "11127506", "target": "18052047"}}, {"type": "Feature", "geometry": {"type": "LineString", "coordinates": [[-80.45789251168998, 63.48706329640902], [-80.45443159604315, 63.49680015106682]]}, "properties": {"source": "22594258", "target": "22731838"}}, {"type": "Feature", "geometry": {"type": "LineString", "coordinates": [[-80.45789251168998, 63.48706329640902], [-80.42252586276463, 63.49375876588316]]}, "properties": {"source": "22594258", "target": "23154653"}}, {"type": "Feature", "geometry": {"type": "LineString", "coordinates": [[-80.45789251168998, 63.48706329640902], [-80.4324603682593, 63.483635371300295]]}, "properties": {"source": "22594258", "target": "25307530"}}, {"type": "Feature", "geometry": {"type": "LineString", "coordinates": [[-80.45789251168998, 63.48706329640902], [-80.42862389931288, 63.500815386881015]]}, "properties": {"source": "22594258", "target": "1506589"}}, {"type": "Feature", "geometry": {"type": "LineString", "coordinates": [[-80.41569758829817, 63.497375664975166], [-80.41753737363669, 63.49018376283229]]}, "properties": {"source": "1958190", "target": "22456051"}}, {"type": "Feature", "geometry": {"type": "LineString", "coordinates": [[-80.41569758829817, 63.497375664975166], [-80.44395347980799, 63.49326209027255]]}, "properties": {"source": "1958190", "target": "22305904"}}, {"type": "Feature", "geometry": {"type": "LineString", "coordinates": [[-80.43508724346184, 63.49980844336811], [-80.41387187005476, 63.5014961242517]]}, "properties": {"source": "30311839", "target": "21841508"}}, {"type": "Feature", "geometry": {"type": "LineString", "coordinates": [[-80.43508724346184, 63.49980844336811], [-80.42574287511049, 63.49054578947613]]}, "properties": {"source": "30311839", "target": "23287190"}}, {"type": "Feature", "geometry": {"type": "LineString", "coordinates": [[-80.43084156890357, 63.48913614194477], [-80.45229843644002, 63.50104471328608]]}, "properties": {"source": "25993868", "target": "28191260"}}, {"type": "Feature", "geometry": {"type": "LineString", "coordinates": [[-80.45621761204036, 63.493413488039735], [-80.42523467609661, 63.50037747891774]]}, "properties": {"source": "25645107", "target": "26207897"}}, {"type": "Feature", "geometry": {"type": "LineString", "coordinates": [[-80.42562122259592, 63.49022791014333], [-80.41086444805772, 63.497764900677936]]}, "properties": {"source": "18456406", "target": "18052047"}}, {"type": "Feature", "geometry": {"type": "LineString", "coordinates": [[-80.43739683958856, 63.49479656044346], [-80.42356823889341, 63.490740560764976]]}, "properties": {"source": "23655061", "target": "26615411"}}, {"type": "Feature", "geometry": {"type": "LineString", "coordinates": [[-80.4117298455014, 63.48785782439876], [-80.43118746097436, 63.48427845234295]]}, "properties": {"source": "22885886", "target": "24473982"}}, {"type": "Feature", "geometry": {"type": "LineString", "coordinates": [[-80.4117298455014, 63.48785782439876], [-80.46091457713578, 63.497006578097015]]}, "properties": {"source": "22885886", "target": "24473985"}}, {"type": "Feature", "geometry": {"type": "LineString", "coordinates": [[-80.4117298455014, 63.48785782439876], [-80.42521409782688, 63.49093449406641]]}, "properties": {"source": "22885886", "target": "21860011"}}, {"type": "Feature", "geometry": {"type": "LineString", "coordinates": [[-80.42265428201146, 63.48230664658578], [-80.44395347980799, 63.49326209027255]]}, "properties": {"source": "22793531", "target": "22305904"}}, {"type": "Feature", "geometry": {"type": "LineString", "coordinates": [[-80.42265428201146, 63.48230664658578], [-80.44699954094159, 63.498929878336426]]}, "properties": {"source": "22793531", "target": "25143670"}}, {"type": "Feature", "geometry": {"type": "LineString", "coordinates": [[-80.42265428201146, 63.48230664658578], [-80.41559402044898, 63.49319435571488]]}, "properties": {"source": "22793531", "target": "17841418"}}, {"type": "Feature", "geometry": {"type": "LineString", "coordinates": [[-80.42265428201146, 63.48230664658578], [-80.44686293795269, 63.49398100917935]]}, "properties": {"source": "22793531", "target": "16035868"}}, {"type": "Feature", "geometry": {"type": "LineString", "coordinates": [[-80.42265428201146, 63.48230664658578], [-80.41569758829817, 63.497375664975166]]}, "properties": {"source": "22793531", "target": "1958190"}}, {"type": "Feature", "geometry": {"type": "LineString", "coordinates": [[-80.42265428201146, 63.48230664658578], [-80.41387187005476, 63.5014961242517]]}, "properties": {"source": "22793531", "target": "21841508"}}, {"type": "Feature", "geometry": {"type": "LineString", "coordinates": [[-80.45619219281329, 63.491866664331624], [-80.42493041155608, 63.496911182680876]]}, "properties": {"source": "25755222", "target": "27430815"}}, {"type": "Feature", "geometry": {"type": "LineString", "coordinates": [[-80.45619219281329, 63.491866664331624], [-80.41500432262906, 63.48312562888394]]}, "properties": {"source": "25755222", "target": "26062353"}}, {"type": "Feature", "geometry": {"type": "LineString", "coordinates": [[-80.45619219281329, 63.491866664331624], [-80.43759420862325, 63.49222190990224]]}, "properties": {"source": "25755222", "target": "28258255"}}, {"type": "Feature", "geometry": {"type": "LineString", "coordinates": [[-80.45619219281329, 63.491866664331624], [-80.45229843644002, 63.50104471328608]]}, "properties": {"source": "25755222", "target": "28191260"}}, {"type": "Feature", "geometry": {"type": "LineString", "coordinates": [[-80.45619219281329, 63.491866664331624], [-80.4632954122893, 63.490168071319886]]}, "properties": {"source": "25755222", "target": "26014581"}}, {"type": "Feature", "geometry": {"type": "LineString", "coordinates": [[-80.45619219281329, 63.491866664331624], [-80.45296220634029, 63.49276183817274]]}, "properties": {"source": "25755222", "target": "25577379"}}, {"type": "Feature", "geometry": {"type": "LineString", "coordinates": [[-80.41930348099551, 63.495623144208224], [-80.43954695825322, 63.493761727961754]]}, "properties": {"source": "28504018", "target": "30233214"}}, {"type": "Feature", "geometry": {"type": "LineString", "coordinates": [[-80.41930348099551, 63.495623144208224], [-80.43626438279652, 63.49495738042869]]}, "properties": {"source": "28504018", "target": "29565156"}}, {"type": "Feature", "geometry": {"type": "LineString", "coordinates": [[-80.41930348099551, 63.495623144208224], [-80.45093483634163, 63.49263780899314]]}, "properties": {"source": "28504018", "target": "29418976"}}, {"type": "Feature", "geometry": {"type": "LineString", "coordinates": [[-80.41930348099551, 63.495623144208224], [-80.40627050794166, 63.484035913360614]]}, "properties": {"source": "28504018", "target": "27153804"}}, {"type": "Feature", "geometry": {"type": "LineString", "coordinates": [[-80.45431764552242, 63.487507530200986], [-80.44828410223424, 63.48482151456447]]}, "properties": {"source": "22439404", "target": "24311062"}}, {"type": "Feature", "geometry": {"type": "LineString", "coordinates": [[-80.45431764552242, 63.487507530200986], [-80.40828869038259, 63.49836903779949]]}, "properties": {"source": "22439404", "target": "15781449"}}, {"type": "Feature", "geometry": {"type": "LineString", "coordinates": [[-80.45431764552242, 63.487507530200986], [-80.41361950072452, 63.487674695810796]]}, "properties": {"source": "22439404", "target": "10148826"}}, {"type": "Feature", "geometry": {"type": "LineString", "coordinates": [[-80.45431764552242, 63.487507530200986], [-80.45477956958679, 63.48341386199915]]}, "properties": {"source": "22439404", "target": "3003629"}}, {"type": "Feature", "geometry": {"type": "LineString", "coordinates": [[-80.44135025332817, 63.48590537854015], [-80.41817554467121, 63.485333501745004]]}, "properties": {"source": "36137495", "target": "30233227"}}, {"type": "Feature", "geometry": {"type": "LineString", "coordinates": [[-80.44135025332817, 63.48590537854015], [-80.44554112790941, 63.50160072891771]]}, "properties": {"source": "36137495", "target": "30235388"}}, {"type": "Feature", "geometry": {"type": "LineString", "coordinates": [[-80.44135025332817, 63.48590537854015], [-80.43977507075866, 63.49444061003594]]}, "properties": {"source": "36137495", "target": "30233218"}}, {"type": "Feature", "geometry": {"type": "LineString", "coordinates": [[-80.44135025332817, 63.48590537854015], [-80.438984485117, 63.50044496097017]]}, "properties": {"source": "36137495", "target": "30355739"}}, {"type": "Feature", "geometry": {"type": "LineString", "coordinates": [[-80.44135025332817, 63.48590537854015], [-80.43954695825322, 63.493761727961754]]}, "properties": {"source": "36137495", "target": "30233214"}}, {"type": "Feature", "geometry": {"type": "LineString", "coordinates": [[-80.44135025332817, 63.48590537854015], [-80.41420323878177, 63.4917208733812]]}, "properties": {"source": "36137495", "target": "36056673"}}, {"type": "Feature", "geometry": {"type": "LineString", "coordinates": [[-80.44135025332817, 63.48590537854015], [-80.40845045762259, 63.48415264085409]]}, "properties": {"source": "36137495", "target": "33286346"}}, {"type": "Feature", "geometry": {"type": "LineString", "coordinates": [[-80.44135025332817, 63.48590537854015], [-80.42695595185043, 63.50207402874946]]}, "properties": {"source": "36137495", "target": "36098342"}}, {"type": "Feature", "geometry": {"type": "LineString", "coordinates": [[-80.41271905899211, 63.486349443048056], [-80.42493041155608, 63.496911182680876]]}, "properties": {"source": "28940691", "target": "27430815"}}, {"type": "Feature", "geometry": {"type": "LineString", "coordinates": [[-80.41271905899211, 63.486349443048056], [-80.41500432262906, 63.48312562888394]]}, "properties": {"source": "28940691", "target": "26062353"}}, {"type": "Feature", "geometry": {"type": "LineString", "coordinates": [[-80.41271905899211, 63.486349443048056], [-80.43759420862325, 63.49222190990224]]}, "properties": {"source": "28940691", "target": "28258255"}}, {"type": "Feature", "geometry": {"type": "LineString", "coordinates": [[-80.41271905899211, 63.486349443048056], [-80.40459124280515, 63.48734386684632]]}, "properties": {"source": "28940691", "target": "30164229"}}, {"type": "Feature", "geometry": {"type": "LineString", "coordinates": [[-80.45443402226927, 63.493547490236935], [-80.4195527580387, 63.4887918078831]]}, "properties": {"source": "7969715", "target": "9160887"}}, {"type": "Feature", "geometry": {"type": "LineString", "coordinates": [[-80.45443402226927, 63.493547490236935], [-80.45556488175541, 63.4991900158367]]}, "properties": {"source": "7969715", "target": "8294936"}}, {"type": "Feature", "geometry": {"type": "LineString", "coordinates": [[-80.45926247754727, 63.48523312425563], [-80.45443159604315, 63.49680015106682]]}, "properties": {"source": "21947135", "target": "22731838"}}, {"type": "Feature", "geometry": {"type": "LineString", "coordinates": [[-80.45926247754727, 63.48523312425563], [-80.45789251168998, 63.48706329640902]]}, "properties": {"source": "21947135", "target": "22594258"}}, {"type": "Feature", "geometry": {"type": "LineString", "coordinates": [[-80.45926247754727, 63.48523312425563], [-80.4329419618423, 63.49154546509595]]}, "properties": {"source": "21947135", "target": "21947121"}}, {"type": "Feature", "geometry": {"type": "LineString", "coordinates": [[-80.45926247754727, 63.48523312425563], [-80.41847836641323, 63.49887098833081]]}, "properties": {"source": "21947135", "target": "22053365"}}, {"type": "Feature", "geometry": {"type": "LineString", "coordinates": [[-80.45926247754727, 63.48523312425563], [-80.41283373744892, 63.4990592369422]]}, "properties": {"source": "21947135", "target": "20870813"}}, {"type": "Feature", "geometry": {"type": "LineString", "coordinates": [[-80.43081943816064, 63.50025140685494], [-80.41420323878177, 63.4917208733812]]}, "properties": {"source": "35024985", "target": "36056673"}}, {"type": "Feature", "geometry": {"type": "LineString", "coordinates": [[-80.43081943816064, 63.50025140685494], [-80.42695595185043, 63.50207402874946]]}, "properties": {"source": "35024985", "target": "36098342"}}, {"type": "Feature", "geometry": {"type": "LineString", "coordinates": [[-80.43081943816064, 63.50025140685494], [-80.41555289814208, 63.497056225454614]]}, "properties": {"source": "35024985", "target": "32063463"}}, {"type": "Feature", "geometry": {"type": "LineString", "coordinates": [[-80.43081943816064, 63.50025140685494], [-80.40425988113662, 63.48828068937746]]}, "properties": {"source": "35024985", "target": "35024317"}}, {"type": "Feature", "geometry": {"type": "LineString", "coordinates": [[-80.43081943816064, 63.50025140685494], [-80.43857535837957, 63.48810698721975]]}, "properties": {"source": "35024985", "target": "25623584"}}, {"type": "Feature", "geometry": {"type": "LineString", "coordinates": [[-80.43361419069325, 63.48503692086247], [-80.40627050794166, 63.484035913360614]]}, "properties": {"source": "25702512", "target": "27153804"}}, {"type": "Feature", "geometry": {"type": "LineString", "coordinates": [[-80.43361419069325, 63.48503692086247], [-80.43118746097436, 63.48427845234295]]}, "properties": {"source": "25702512", "target": "24473982"}}, {"type": "Feature", "geometry": {"type": "LineString", "coordinates": [[-80.43361419069325, 63.48503692086247], [-80.46091457713578, 63.497006578097015]]}, "properties": {"source": "25702512", "target": "24473985"}}, {"type": "Feature", "geometry": {"type": "LineString", "coordinates": [[-80.43361419069325, 63.48503692086247], [-80.44700007911239, 63.49217497975165]]}, "properties": {"source": "25702512", "target": "23570105"}}, {"type": "Feature", "geometry": {"type": "LineString", "coordinates": [[-80.41271905899211, 63.486349443048056], [-80.40534281073879, 63.49538183044841]]}, "properties": {"source": "28940691", "target": "28400286"}}, {"type": "Feature", "geometry": {"type": "LineString", "coordinates": [[-80.41271905899211, 63.486349443048056], [-80.42710473099389, 63.48734134219673]]}, "properties": {"source": "28940691", "target": "28441591"}}, {"type": "Feature", "geometry": {"type": "LineString", "coordinates": [[-80.4568657384092, 63.483530568578004], [-80.42493041155608, 63.496911182680876]]}, "properties": {"source": "25713408", "target": "27430815"}}, {"type": "Feature", "geometry": {"type": "LineString", "coordinates": [[-80.4568657384092, 63.483530568578004], [-80.41500432262906, 63.48312562888394]]}, "properties": {"source": "25713408", "target": "26062353"}}, {"type": "Feature", "geometry": {"type": "LineString", "coordinates": [[-80.4568657384092, 63.483530568578004], [-80.43759420862325, 63.49222190990224]]}, "properties": {"source": "25713408", "target": "28258255"}}, {"type": "Feature", "geometry": {"type": "LineString", "coordinates": [[-80.4568657384092, 63.483530568578004], [-80.45229843644002, 63.50104471328608]]}, "properties": {"source": "25713408", "target": "28191260"}}, {"type": "Feature", "geometry": {"type": "LineString", "coordinates": [[-80.4568657384092, 63.483530568578004], [-80.45619219281329, 63.491866664331624]]}, "properties": {"source": "25713408", "target": "25755222"}}, {"type": "Feature", "geometry": {"type": "LineString", "coordinates": [[-80.4568657384092, 63.483530568578004], [-80.4632954122893, 63.490168071319886]]}, "properties": {"source": "25713408", "target": "26014581"}}, {"type": "Feature", "geometry": {"type": "LineString", "coordinates": [[-80.4568657384092, 63.483530568578004], [-80.44827365727006, 63.49409341110068]]}, "properties": {"source": "25713408", "target": "26193138"}}, {"type": "Feature", "geometry": {"type": "LineString", "coordinates": [[-80.4568657384092, 63.483530568578004], [-80.43576345230272, 63.499058750494854]]}, "properties": {"source": "25713408", "target": "24596869"}}, {"type": "Feature", "geometry": {"type": "LineString", "coordinates": [[-80.41056924297084, 63.50046191064537], [-80.43279115561636, 63.49434206719182]]}, "properties": {"source": "25472693", "target": "25885320"}}, {"type": "Feature", "geometry": {"type": "LineString", "coordinates": [[-80.41056924297084, 63.50046191064537], [-80.44855966990673, 63.490962929951365]]}, "properties": {"source": "25472693", "target": "25008270"}}, {"type": "Feature", "geometry": {"type": "LineString", "coordinates": [[-80.45747799714145, 63.491662693422754], [-80.42521409782688, 63.49093449406641]]}, "properties": {"source": "23218876", "target": "21860011"}}, {"type": "Feature", "geometry": {"type": "LineString", "coordinates": [[-80.45747799714145, 63.491662693422754], [-80.43313360475713, 63.495705230426026]]}, "properties": {"source": "23218876", "target": "19457795"}}, {"type": "Feature", "geometry": {"type": "LineString", "coordinates": [[-80.45443159604315, 63.49680015106682], [-80.43576345230272, 63.499058750494854]]}, "properties": {"source": "22731838", "target": "24596869"}}, {"type": "Feature", "geometry": {"type": "LineString", "coordinates": [[-80.45443159604315, 63.49680015106682], [-80.46003300321775, 63.489148851291304]]}, "properties": {"source": "22731838", "target": "25316462"}}, {"type": "Feature", "geometry": {"type": "LineString", "coordinates": [[-80.42098414998459, 63.48491604074455], [-80.4348998075846, 63.50061499954941]]}, "properties": {"source": "23477503", "target": "24947796"}}, {"type": "Feature", "geometry": {"type": "LineString", "coordinates": [[-80.42098414998459, 63.48491604074455], [-80.44853992561299, 63.49181879175069]]}, "properties": {"source": "23477503", "target": "25625829"}}, {"type": "Feature", "geometry": {"type": "LineString", "coordinates": [[-80.42098414998459, 63.48491604074455], [-80.44072605127572, 63.492077187892065]]}, "properties": {"source": "23477503", "target": "23782204"}}, {"type": "Feature", "geometry": {"type": "LineString", "coordinates": [[-80.42098414998459, 63.48491604074455], [-80.45085832189363, 63.48299670317782]]}, "properties": {"source": "23477503", "target": "26512303"}}, {"type": "Feature", "geometry": {"type": "LineString", "coordinates": [[-80.42695595185043, 63.50207402874946], [-80.44554112790941, 63.50160072891771]]}, "properties": {"source": "36098342", "target": "30235388"}}, {"type": "Feature", "geometry": {"type": "LineString", "coordinates": [[-80.42695595185043, 63.50207402874946], [-80.438984485117, 63.50044496097017]]}, "properties": {"source": "36098342", "target": "30355739"}}, {"type": "Feature", "geometry": {"type": "LineString", "coordinates": [[-80.42695595185043, 63.50207402874946], [-80.43857535837957, 63.48810698721975]]}, "properties": {"source": "36098342", "target": "25623584"}}, {"type": "Feature", "geometry": {"type": "LineString", "coordinates": [[-80.42903325874124, 63.48968568375311], [-80.42523467609661, 63.50037747891774]]}, "properties": {"source": "25982934", "target": "26207897"}}, {"type": "Feature", "geometry": {"type": "LineString", "coordinates": [[-80.42903325874124, 63.48968568375311], [-80.45621761204036, 63.493413488039735]]}, "properties": {"source": "25982934", "target": "25645107"}}, {"type": "Feature", "geometry": {"type": "LineString", "coordinates": [[-80.40828869038259, 63.49836903779949], [-80.44807071438898, 63.48373045254809]]}, "properties": {"source": "15781449", "target": "28407925"}}, {"type": "Feature", "geometry": {"type": "LineString", "coordinates": [[-80.42481347494953, 63.48300990425422], [-80.4133031233983, 63.484406371306065]]}, "properties": {"source": "24165759", "target": "24812176"}}, {"type": "Feature", "geometry": {"type": "LineString", "coordinates": [[-80.42481347494953, 63.48300990425422], [-80.44855966990673, 63.490962929951365]]}, "properties": {"source": "24165759", "target": "25008270"}}, {"type": "Feature", "geometry": {"type": "LineString", "coordinates": [[-80.42481347494953, 63.48300990425422], [-80.43333875212704, 63.50080608081136]]}, "properties": {"source": "24165759", "target": "24924558"}}, {"type": "Feature", "geometry": {"type": "LineString", "coordinates": [[-80.42481347494953, 63.48300990425422], [-80.44828410223424, 63.48482151456447]]}, "properties": {"source": "24165759", "target": "24311062"}}, {"type": "Feature", "geometry": {"type": "LineString", "coordinates": [[-80.42481347494953, 63.48300990425422], [-80.44352690503892, 63.48719968271338]]}, "properties": {"source": "24165759", "target": "25306013"}}, {"type": "Feature", "geometry": {"type": "LineString", "coordinates": [[-80.42481347494953, 63.48300990425422], [-80.45912952246348, 63.48730114722488]]}, "properties": {"source": "24165759", "target": "23654986"}}, {"type": "Feature", "geometry": {"type": "LineString", "coordinates": [[-80.44352690503892, 63.48719968271338], [-80.45912952246348, 63.48730114722488]]}, "properties": {"source": "25306013", "target": "23654986"}}, {"type": "Feature", "geometry": {"type": "LineString", "coordinates": [[-80.44352690503892, 63.48719968271338], [-80.44216455180297, 63.48394450597914]]}, "properties": {"source": "25306013", "target": "20442069"}}, {"type": "Feature", "geometry": {"type": "LineString", "coordinates": [[-80.43739683958856, 63.49479656044346], [-80.45747799714145, 63.491662693422754]]}, "properties": {"source": "23655061", "target": "23218876"}}, {"type": "Feature", "geometry": {"type": "LineString", "coordinates": [[-80.43739683958856, 63.49479656044346], [-80.41056924297084, 63.50046191064537]]}, "properties": {"source": "23655061", "target": "25472693"}}, {"type": "Feature", "geometry": {"type": "LineString", "coordinates": [[-80.43739683958856, 63.49479656044346], [-80.43308331777189, 63.493453522937045]]}, "properties": {"source": "23655061", "target": "24697890"}}, {"type": "Feature", "geometry": {"type": "LineString", "coordinates": [[-80.43739683958856, 63.49479656044346], [-80.42521409782688, 63.49093449406641]]}, "properties": {"source": "23655061", "target": "21860011"}}, {"type": "Feature", "geometry": {"type": "LineString", "coordinates": [[-80.43739683958856, 63.49479656044346], [-80.41562598429776, 63.49410378791487]]}, "properties": {"source": "23655061", "target": "23655050"}}, {"type": "Feature", "geometry": {"type": "LineString", "coordinates": [[-80.43739683958856, 63.49479656044346], [-80.4318234754958, 63.49845530894321]]}, "properties": {"source": "23655061", "target": "23805213"}}, {"type": "Feature", "geometry": {"type": "LineString", "coordinates": [[-80.43739683958856, 63.49479656044346], [-80.42529574393518, 63.49674492277026]]}, "properties": {"source": "23655061", "target": "24462857"}}, {"type": "Feature", "geometry": {"type": "LineString", "coordinates": [[-80.43739683958856, 63.49479656044346], [-80.45389064042149, 63.49231257026439]]}, "properties": {"source": "23655061", "target": "21402944"}}, {"type": "Feature", "geometry": {"type": "LineString", "coordinates": [[-80.43739683958856, 63.49479656044346], [-80.43318084042845, 63.49147199492684]]}, "properties": {"source": "23655061", "target": "23430314"}}, {"type": "Feature", "geometry": {"type": "LineString", "coordinates": [[-80.43739683958856, 63.49479656044346], [-80.45100326755029, 63.49811553803045]]}, "properties": {"source": "23655061", "target": "28181844"}}, {"type": "Feature", "geometry": {"type": "LineString", "coordinates": [[-80.42409783161762, 63.48886724502576], [-80.42407897552687, 63.48675624463448]]}, "properties": {"source": "27169292", "target": "24505523"}}, {"type": "Feature", "geometry": {"type": "LineString", "coordinates": [[-80.43532465632455, 63.48686285343925], [-80.45443159604315, 63.49680015106682]]}, "properties": {"source": "13224199", "target": "22731838"}}, {"type": "Feature", "geometry": {"type": "LineString", "coordinates": [[-80.43532465632455, 63.48686285343925], [-80.45296220634029, 63.49276183817274]]}, "properties": {"source": "13224199", "target": "25577379"}}, {"type": "Feature", "geometry": {"type": "LineString", "coordinates": [[-80.43532465632455, 63.48686285343925], [-80.45189314854484, 63.49990699593525]]}, "properties": {"source": "13224199", "target": "2874286"}}, {"type": "Feature", "geometry": {"type": "LineString", "coordinates": [[-80.45093483634163, 63.49263780899314], [-80.44410521132296, 63.49961407366365]]}, "properties": {"source": "29418976", "target": "28181798"}}, {"type": "Feature", "geometry": {"type": "LineString", "coordinates": [[-80.45093483634163, 63.49263780899314], [-80.45625916503685, 63.48796473497116]]}, "properties": {"source": "29418976", "target": "27389769"}}, {"type": "Feature", "geometry": {"type": "LineString", "coordinates": [[-80.45093483634163, 63.49263780899314], [-80.42903325874124, 63.48968568375311]]}, "properties": {"source": "29418976", "target": "25982934"}}, {"type": "Feature", "geometry": {"type": "LineString", "coordinates": [[-80.45093483634163, 63.49263780899314], [-80.42523467609661, 63.50037747891774]]}, "properties": {"source": "29418976", "target": "26207897"}}, {"type": "Feature", "geometry": {"type": "LineString", "coordinates": [[-80.45093483634163, 63.49263780899314], [-80.42347786213384, 63.49488894848899]]}, "properties": {"source": "29418976", "target": "13345104"}}, {"type": "Feature", "geometry": {"type": "LineString", "coordinates": [[-80.43422303886501, 63.493319344603094], [-80.43279115561636, 63.49434206719182]]}, "properties": {"source": "32687553", "target": "25885320"}}, {"type": "Feature", "geometry": {"type": "LineString", "coordinates": [[-80.43422303886501, 63.493319344603094], [-80.41587815895278, 63.501038173957895]]}, "properties": {"source": "32687553", "target": "25876718"}}, {"type": "Feature", "geometry": {"type": "LineString", "coordinates": [[-80.43422303886501, 63.493319344603094], [-80.42885850942544, 63.49302285386048]]}, "properties": {"source": "32687553", "target": "30345850"}}, {"type": "Feature", "geometry": {"type": "LineString", "coordinates": [[-80.43422303886501, 63.493319344603094], [-80.42076114803527, 63.48802667017357]]}, "properties": {"source": "32687553", "target": "29432120"}}, {"type": "Feature", "geometry": {"type": "LineString", "coordinates": [[-80.43422303886501, 63.493319344603094], [-80.44853992561299, 63.49181879175069]]}, "properties": {"source": "32687553", "target": "25625829"}}, {"type": "Feature", "geometry": {"type": "LineString", "coordinates": [[-80.43422303886501, 63.493319344603094], [-80.44940555349385, 63.49647387950159]]}, "properties": {"source": "32687553", "target": "30342568"}}, {"type": "Feature", "geometry": {"type": "LineString", "coordinates": [[-80.43422303886501, 63.493319344603094], [-80.42678870336749, 63.48614841338734]]}, "properties": {"source": "32687553", "target": "35261692"}}, {"type": "Feature", "geometry": {"type": "LineString", "coordinates": [[-80.43422303886501, 63.493319344603094], [-80.4506772950736, 63.50092012487042]]}, "properties": {"source": "32687553", "target": "32812405"}}, {"type": "Feature", "geometry": {"type": "LineString", "coordinates": [[-80.43422303886501, 63.493319344603094], [-80.42406199959667, 63.48455415865382]]}, "properties": {"source": "32687553", "target": "33973725"}}, {"type": "Feature", "geometry": {"type": "LineString", "coordinates": [[-80.43422303886501, 63.493319344603094], [-80.45085832189363, 63.48299670317782]]}, "properties": {"source": "32687553", "target": "26512303"}}, {"type": "Feature", "geometry": {"type": "LineString", "coordinates": [[-80.43422303886501, 63.493319344603094], [-80.4409078859532, 63.493176851423925]]}, "properties": {"source": "32687553", "target": "34211633"}}, {"type": "Feature", "geometry": {"type": "LineString", "coordinates": [[-80.45960782124948, 63.494086458267674], [-80.42885850942544, 63.49302285386048]]}, "properties": {"source": "33357035", "target": "30345850"}}, {"type": "Feature", "geometry": {"type": "LineString", "coordinates": [[-80.45960782124948, 63.494086458267674], [-80.42076114803527, 63.48802667017357]]}, "properties": {"source": "33357035", "target": "29432120"}}, {"type": "Feature", "geometry": {"type": "LineString", "coordinates": [[-80.45960782124948, 63.494086458267674], [-80.43422303886501, 63.493319344603094]]}, "properties": {"source": "33357035", "target": "32687553"}}, {"type": "Feature", "geometry": {"type": "LineString", "coordinates": [[-80.45960782124948, 63.494086458267674], [-80.44940555349385, 63.49647387950159]]}, "properties": {"source": "33357035", "target": "30342568"}}, {"type": "Feature", "geometry": {"type": "LineString", "coordinates": [[-80.45960782124948, 63.494086458267674], [-80.42678870336749, 63.48614841338734]]}, "properties": {"source": "33357035", "target": "35261692"}}, {"type": "Feature", "geometry": {"type": "LineString", "coordinates": [[-80.45960782124948, 63.494086458267674], [-80.44652484537492, 63.49774390960356]]}, "properties": {"source": "33357035", "target": "35291161"}}, {"type": "Feature", "geometry": {"type": "LineString", "coordinates": [[-80.45960782124948, 63.494086458267674], [-80.42311655564569, 63.48232108208232]]}, "properties": {"source": "33357035", "target": "34339637"}}, {"type": "Feature", "geometry": {"type": "LineString", "coordinates": [[-80.45960782124948, 63.494086458267674], [-80.42406199959667, 63.48455415865382]]}, "properties": {"source": "33357035", "target": "33973725"}}, {"type": "Feature", "geometry": {"type": "LineString", "coordinates": [[-80.45960782124948, 63.494086458267674], [-80.41885903710723, 63.49482609035185]]}, "properties": {"source": "33357035", "target": "8064509"}}, {"type": "Feature", "geometry": {"type": "LineString", "coordinates": [[-80.45960782124948, 63.494086458267674], [-80.41183925988759, 63.48422886568045]]}, "properties": {"source": "33357035", "target": "29611451"}}, {"type": "Feature", "geometry": {"type": "LineString", "coordinates": [[-80.45960782124948, 63.494086458267674], [-80.41086444805772, 63.497764900677936]]}, "properties": {"source": "33357035", "target": "18052047"}}, {"type": "Feature", "geometry": {"type": "LineString", "coordinates": [[-80.45960782124948, 63.494086458267674], [-80.4409078859532, 63.493176851423925]]}, "properties": {"source": "33357035", "target": "34211633"}}, {"type": "Feature", "geometry": {"type": "LineString", "coordinates": [[-80.45960782124948, 63.494086458267674], [-80.40731571633421, 63.496320632324256]]}, "properties": {"source": "33357035", "target": "34661317"}}, {"type": "Feature", "geometry": {"type": "LineString", "coordinates": [[-80.45960782124948, 63.494086458267674], [-80.43478553038956, 63.48654631618237]]}, "properties": {"source": "33357035", "target": "21800020"}}, {"type": "Feature", "geometry": {"type": "LineString", "coordinates": [[-80.45960782124948, 63.494086458267674], [-80.4176304072786, 63.48823733788011]]}, "properties": {"source": "33357035", "target": "11127506"}}, {"type": "Feature", "geometry": {"type": "LineString", "coordinates": [[-80.45960782124948, 63.494086458267674], [-80.4472680984177, 63.50025403930637]]}, "properties": {"source": "33357035", "target": "17564963"}}, {"type": "Feature", "geometry": {"type": "LineString", "coordinates": [[-80.40627050794166, 63.484035913360614], [-80.45704291605041, 63.49623372321582]]}, "properties": {"source": "27153804", "target": "29772601"}}, {"type": "Feature", "geometry": {"type": "LineString", "coordinates": [[-80.40627050794166, 63.484035913360614], [-80.46002298105036, 63.493522645397746]]}, "properties": {"source": "27153804", "target": "28504257"}}, {"type": "Feature", "geometry": {"type": "LineString", "coordinates": [[-80.40627050794166, 63.484035913360614], [-80.45296220634029, 63.49276183817274]]}, "properties": {"source": "27153804", "target": "25577379"}}, {"type": "Feature", "geometry": {"type": "LineString", "coordinates": [[-80.40627050794166, 63.484035913360614], [-80.45625916503685, 63.48796473497116]]}, "properties": {"source": "27153804", "target": "27389769"}}, {"type": "Feature", "geometry": {"type": "LineString", "coordinates": [[-80.40627050794166, 63.484035913360614], [-80.42903325874124, 63.48968568375311]]}, "properties": {"source": "27153804", "target": "25982934"}}, {"type": "Feature", "geometry": {"type": "LineString", "coordinates": [[-80.40627050794166, 63.484035913360614], [-80.42523467609661, 63.50037747891774]]}, "properties": {"source": "27153804", "target": "26207897"}}, {"type": "Feature", "geometry": {"type": "LineString", "coordinates": [[-80.40627050794166, 63.484035913360614], [-80.42460053994112, 63.48739190167997]]}, "properties": {"source": "27153804", "target": "24473980"}}, {"type": "Feature", "geometry": {"type": "LineString", "coordinates": [[-80.40627050794166, 63.484035913360614], [-80.42407897552687, 63.48675624463448]]}, "properties": {"source": "27153804", "target": "24505523"}}, {"type": "Feature", "geometry": {"type": "LineString", "coordinates": [[-80.40627050794166, 63.484035913360614], [-80.45621761204036, 63.493413488039735]]}, "properties": {"source": "27153804", "target": "25645107"}}, {"type": "Feature", "geometry": {"type": "LineString", "coordinates": [[-80.4632954122893, 63.490168071319886], [-80.42493041155608, 63.496911182680876]]}, "properties": {"source": "26014581", "target": "27430815"}}, {"type": "Feature", "geometry": {"type": "LineString", "coordinates": [[-80.4632954122893, 63.490168071319886], [-80.41500432262906, 63.48312562888394]]}, "properties": {"source": "26014581", "target": "26062353"}}, {"type": "Feature", "geometry": {"type": "LineString", "coordinates": [[-80.4632954122893, 63.490168071319886], [-80.40459124280515, 63.48734386684632]]}, "properties": {"source": "26014581", "target": "30164229"}}, {"type": "Feature", "geometry": {"type": "LineString", "coordinates": [[-80.4632954122893, 63.490168071319886], [-80.45229843644002, 63.50104471328608]]}, "properties": {"source": "26014581", "target": "28191260"}}, {"type": "Feature", "geometry": {"type": "LineString", "coordinates": [[-80.4632954122893, 63.490168071319886], [-80.43576345230272, 63.499058750494854]]}, "properties": {"source": "26014581", "target": "24596869"}}, {"type": "Feature", "geometry": {"type": "LineString", "coordinates": [[-80.4632954122893, 63.490168071319886], [-80.46003300321775, 63.489148851291304]]}, "properties": {"source": "26014581", "target": "25316462"}}, {"type": "Feature", "geometry": {"type": "LineString", "coordinates": [[-80.4632954122893, 63.490168071319886], [-80.4596412355491, 63.49637310844605]]}, "properties": {"source": "26014581", "target": "25473101"}}, {"type": "Feature", "geometry": {"type": "LineString", "coordinates": [[-80.45021140354268, 63.49482245056919], [-80.44675710321151, 63.49697518911182]]}, "properties": {"source": "20739514", "target": "22305894"}}, {"type": "Feature", "geometry": {"type": "LineString", "coordinates": [[-80.44718141218752, 63.49488975551455], [-80.43090892124569, 63.484585746058386]]}, "properties": {"source": "13321301", "target": "24622771"}}, {"type": "Feature", "geometry": {"type": "LineString", "coordinates": [[-80.44718141218752, 63.49488975551455], [-80.44037018787874, 63.48343840263091]]}, "properties": {"source": "13321301", "target": "12493948"}}, {"type": "Feature", "geometry": {"type": "LineString", "coordinates": [[-80.43570655488863, 63.48385099288048], [-80.40731571633421, 63.496320632324256]]}, "properties": {"source": "34366994", "target": "34661317"}}, {"type": "Feature", "geometry": {"type": "LineString", "coordinates": [[-80.41360049246869, 63.50066817088643], [-80.43313360475713, 63.495705230426026]]}, "properties": {"source": "22013887", "target": "19457795"}}, {"type": "Feature", "geometry": {"type": "LineString", "coordinates": [[-80.4596412355491, 63.49637310844605], [-80.42708509127417, 63.488027907715036]]}, "properties": {"source": "25473101", "target": "28939939"}}, {"type": "Feature", "geometry": {"type": "LineString", "coordinates": [[-80.45765720625133, 63.48831328092571], [-80.41086444805772, 63.497764900677936]]}, "properties": {"source": "17338549", "target": "18052047"}}, {"type": "Feature", "geometry": {"type": "LineString", "coordinates": [[-80.45765720625133, 63.48831328092571], [-80.42562122259592, 63.49022791014333]]}, "properties": {"source": "17338549", "target": "18456406"}}, {"type": "Feature", "geometry": {"type": "LineString", "coordinates": [[-80.40688754712697, 63.50012099676377], [-80.42521409782688, 63.49093449406641]]}, "properties": {"source": "10821375", "target": "21860011"}}, {"type": "Feature", "geometry": {"type": "LineString", "coordinates": [[-80.40688754712697, 63.50012099676377], [-80.43313360475713, 63.495705230426026]]}, "properties": {"source": "10821375", "target": "19457795"}}, {"type": "Feature", "geometry": {"type": "LineString", "coordinates": [[-80.40688754712697, 63.50012099676377], [-80.44072132190661, 63.49328733815466]]}, "properties": {"source": "10821375", "target": "25473141"}}, {"type": "Feature", "geometry": {"type": "LineString", "coordinates": [[-80.4322969052979, 63.49622406322159], [-80.41086444805772, 63.497764900677936]]}, "properties": {"source": "1625828", "target": "18052047"}}, {"type": "Feature", "geometry": {"type": "LineString", "coordinates": [[-80.44652484537492, 63.49774390960356], [-80.40731571633421, 63.496320632324256]]}, "properties": {"source": "35291161", "target": "34661317"}}, {"type": "Feature", "geometry": {"type": "LineString", "coordinates": [[-80.44652484537492, 63.49774390960356], [-80.43570655488863, 63.48385099288048]]}, "properties": {"source": "35291161", "target": "34366994"}}, {"type": "Feature", "geometry": {"type": "LineString", "coordinates": [[-80.44652484537492, 63.49774390960356], [-80.41742820932544, 63.48963448386333]]}, "properties": {"source": "35291161", "target": "35109150"}}, {"type": "Feature", "geometry": {"type": "LineString", "coordinates": [[-80.44652484537492, 63.49774390960356], [-80.4307859239862, 63.482969274088205]]}, "properties": {"source": "35291161", "target": "32812626"}}, {"type": "Feature", "geometry": {"type": "LineString", "coordinates": [[-80.44410521132296, 63.49961407366365], [-80.43279115561636, 63.49434206719182]]}, "properties": {"source": "28181798", "target": "25885320"}}, {"type": "Feature", "geometry": {"type": "LineString", "coordinates": [[-80.44410521132296, 63.49961407366365], [-80.44554112790941, 63.50160072891771]]}, "properties": {"source": "28181798", "target": "30235388"}}, {"type": "Feature", "geometry": {"type": "LineString", "coordinates": [[-80.44410521132296, 63.49961407366365], [-80.43977507075866, 63.49444061003594]]}, "properties": {"source": "28181798", "target": "30233218"}}, {"type": "Feature", "geometry": {"type": "LineString", "coordinates": [[-80.44410521132296, 63.49961407366365], [-80.43954695825322, 63.493761727961754]]}, "properties": {"source": "28181798", "target": "30233214"}}, {"type": "Feature", "geometry": {"type": "LineString", "coordinates": [[-80.44410521132296, 63.49961407366365], [-80.44853992561299, 63.49181879175069]]}, "properties": {"source": "28181798", "target": "25625829"}}, {"type": "Feature", "geometry": {"type": "LineString", "coordinates": [[-80.44410521132296, 63.49961407366365], [-80.4506772950736, 63.50092012487042]]}, "properties": {"source": "28181798", "target": "32812405"}}, {"type": "Feature", "geometry": {"type": "LineString", "coordinates": [[-80.44410521132296, 63.49961407366365], [-80.45085832189363, 63.48299670317782]]}, "properties": {"source": "28181798", "target": "26512303"}}, {"type": "Feature", "geometry": {"type": "LineString", "coordinates": [[-80.44410521132296, 63.49961407366365], [-80.41056924297084, 63.50046191064537]]}, "properties": {"source": "28181798", "target": "25472693"}}, {"type": "Feature", "geometry": {"type": "LineString", "coordinates": [[-80.44410521132296, 63.49961407366365], [-80.40997259375105, 63.50155974803225]]}, "properties": {"source": "28181798", "target": "28933243"}}, {"type": "Feature", "geometry": {"type": "LineString", "coordinates": [[-80.4506772950736, 63.50092012487042], [-80.44853992561299, 63.49181879175069]]}, "properties": {"source": "32812405", "target": "25625829"}}, {"type": "Feature", "geometry": {"type": "LineString", "coordinates": [[-80.4506772950736, 63.50092012487042], [-80.45085832189363, 63.48299670317782]]}, "properties": {"source": "32812405", "target": "26512303"}}, {"type": "Feature", "geometry": {"type": "LineString", "coordinates": [[-80.4506772950736, 63.50092012487042], [-80.40997259375105, 63.50155974803225]]}, "properties": {"source": "32812405", "target": "28933243"}}, {"type": "Feature", "geometry": {"type": "LineString", "coordinates": [[-80.40934932354091, 63.501749146387425], [-80.40828869038259, 63.49836903779949]]}, "properties": {"source": "25528135", "target": "15781449"}}, {"type": "Feature", "geometry": {"type": "LineString", "coordinates": [[-80.40934932354091, 63.501749146387425], [-80.41361950072452, 63.487674695810796]]}, "properties": {"source": "25528135", "target": "10148826"}}, {"type": "Feature", "geometry": {"type": "LineString", "coordinates": [[-80.40934932354091, 63.501749146387425], [-80.4303483580276, 63.49232706851228]]}, "properties": {"source": "25528135", "target": "9970792"}}, {"type": "Feature", "geometry": {"type": "LineString", "coordinates": [[-80.41743548747785, 63.493355556759624], [-80.43279115561636, 63.49434206719182]]}, "properties": {"source": "27411471", "target": "25885320"}}, {"type": "Feature", "geometry": {"type": "LineString", "coordinates": [[-80.41743548747785, 63.493355556759624], [-80.41587815895278, 63.501038173957895]]}, "properties": {"source": "27411471", "target": "25876718"}}, {"type": "Feature", "geometry": {"type": "LineString", "coordinates": [[-80.41743548747785, 63.493355556759624], [-80.4348998075846, 63.50061499954941]]}, "properties": {"source": "27411471", "target": "24947796"}}, {"type": "Feature", "geometry": {"type": "LineString", "coordinates": [[-80.41743548747785, 63.493355556759624], [-80.44853992561299, 63.49181879175069]]}, "properties": {"source": "27411471", "target": "25625829"}}, {"type": "Feature", "geometry": {"type": "LineString", "coordinates": [[-80.41743548747785, 63.493355556759624], [-80.44873370101418, 63.50003500309134]]}, "properties": {"source": "27411471", "target": "25347478"}}, {"type": "Feature", "geometry": {"type": "LineString", "coordinates": [[-80.41743548747785, 63.493355556759624], [-80.44072605127572, 63.492077187892065]]}, "properties": {"source": "27411471", "target": "23782204"}}, {"type": "Feature", "geometry": {"type": "LineString", "coordinates": [[-80.41743548747785, 63.493355556759624], [-80.4506772950736, 63.50092012487042]]}, "properties": {"source": "27411471", "target": "32812405"}}, {"type": "Feature", "geometry": {"type": "LineString", "coordinates": [[-80.41743548747785, 63.493355556759624], [-80.45085832189363, 63.48299670317782]]}, "properties": {"source": "27411471", "target": "26512303"}}, {"type": "Feature", "geometry": {"type": "LineString", "coordinates": [[-80.41743548747785, 63.493355556759624], [-80.40997259375105, 63.50155974803225]]}, "properties": {"source": "27411471", "target": "28933243"}}, {"type": "Feature", "geometry": {"type": "LineString", "coordinates": [[-80.41743548747785, 63.493355556759624], [-80.45836223556424, 63.49647450144238]]}, "properties": {"source": "27411471", "target": "22822368"}}, {"type": "Feature", "geometry": {"type": "LineString", "coordinates": [[-80.44802268270823, 63.48545989092992], [-80.41818153243135, 63.499114523779824]]}, "properties": {"source": "25006223", "target": "25118995"}}, {"type": "Feature", "geometry": {"type": "LineString", "coordinates": [[-80.44802268270823, 63.48545989092992], [-80.44855966990673, 63.490962929951365]]}, "properties": {"source": "25006223", "target": "25008270"}}, {"type": "Feature", "geometry": {"type": "LineString", "coordinates": [[-80.44802268270823, 63.48545989092992], [-80.41802323185627, 63.49723908034204]]}, "properties": {"source": "25006223", "target": "25444920"}}, {"type": "Feature", "geometry": {"type": "LineString", "coordinates": [[-80.45443159604315, 63.49680015106682], [-80.42252586276463, 63.49375876588316]]}, "properties": {"source": "22731838", "target": "23154653"}}, {"type": "Feature", "geometry": {"type": "LineString", "coordinates": [[-80.45443159604315, 63.49680015106682], [-80.42586112877332, 63.501106704270995]]}, "properties": {"source": "22731838", "target": "11388035"}}, {"type": "Feature", "geometry": {"type": "LineString", "coordinates": [[-80.45443159604315, 63.49680015106682], [-80.4053033792804, 63.50011847883822]]}, "properties": {"source": "22731838", "target": "13147571"}}, {"type": "Feature", "geometry": {"type": "LineString", "coordinates": [[-80.45967867752435, 63.48432220157625], [-80.45704291605041, 63.49623372321582]]}, "properties": {"source": "29300855", "target": "29772601"}}, {"type": "Feature", "geometry": {"type": "LineString", "coordinates": [[-80.45967867752435, 63.48432220157625], [-80.44828410223424, 63.48482151456447]]}, "properties": {"source": "29300855", "target": "24311062"}}, {"type": "Feature", "geometry": {"type": "LineString", "coordinates": [[-80.45967867752435, 63.48432220157625], [-80.44807071438898, 63.48373045254809]]}, "properties": {"source": "29300855", "target": "28407925"}}, {"type": "Feature", "geometry": {"type": "LineString", "coordinates": [[-80.45967867752435, 63.48432220157625], [-80.40828869038259, 63.49836903779949]]}, "properties": {"source": "29300855", "target": "15781449"}}, {"type": "Feature", "geometry": {"type": "LineString", "coordinates": [[-80.45967867752435, 63.48432220157625], [-80.4303483580276, 63.49232706851228]]}, "properties": {"source": "29300855", "target": "9970792"}}, {"type": "Feature", "geometry": {"type": "LineString", "coordinates": [[-80.45296220634029, 63.49276183817274], [-80.45229843644002, 63.50104471328608]]}, "properties": {"source": "25577379", "target": "28191260"}}, {"type": "Feature", "geometry": {"type": "LineString", "coordinates": [[-80.45296220634029, 63.49276183817274], [-80.42460053994112, 63.48739190167997]]}, "properties": {"source": "25577379", "target": "24473980"}}, {"type": "Feature", "geometry": {"type": "LineString", "coordinates": [[-80.44848364051501, 63.48873255726899], [-80.4348998075846, 63.50061499954941]]}, "properties": {"source": "22586303", "target": "24947796"}}, {"type": "Feature", "geometry": {"type": "LineString", "coordinates": [[-80.44848364051501, 63.48873255726899], [-80.41753737363669, 63.49018376283229]]}, "properties": {"source": "22586303", "target": "22456051"}}, {"type": "Feature", "geometry": {"type": "LineString", "coordinates": [[-80.42678870336749, 63.48614841338734], [-80.40731571633421, 63.496320632324256]]}, "properties": {"source": "35261692", "target": "34661317"}}, {"type": "Feature", "geometry": {"type": "LineString", "coordinates": [[-80.42678870336749, 63.48614841338734], [-80.43478553038956, 63.48654631618237]]}, "properties": {"source": "35261692", "target": "21800020"}}, {"type": "Feature", "geometry": {"type": "LineString", "coordinates": [[-80.42678870336749, 63.48614841338734], [-80.4176304072786, 63.48823733788011]]}, "properties": {"source": "35261692", "target": "11127506"}}, {"type": "Feature", "geometry": {"type": "LineString", "coordinates": [[-80.42678870336749, 63.48614841338734], [-80.45475069624689, 63.49216946819709]]}, "properties": {"source": "35261692", "target": "17668631"}}, {"type": "Feature", "geometry": {"type": "LineString", "coordinates": [[-80.40845045762259, 63.48415264085409], [-80.42695595185043, 63.50207402874946]]}, "properties": {"source": "33286346", "target": "36098342"}}, {"type": "Feature", "geometry": {"type": "LineString", "coordinates": [[-80.41818153243135, 63.499114523779824], [-80.44855966990673, 63.490962929951365]]}, "properties": {"source": "25118995", "target": "25008270"}}, {"type": "Feature", "geometry": {"type": "LineString", "coordinates": [[-80.41818153243135, 63.499114523779824], [-80.42606642585774, 63.4891840038032]]}, "properties": {"source": "25118995", "target": "25542122"}}, {"type": "Feature", "geometry": {"type": "LineString", "coordinates": [[-80.41818153243135, 63.499114523779824], [-80.40383315814417, 63.4878451206431]]}, "properties": {"source": "25118995", "target": "25196150"}}, {"type": "Feature", "geometry": {"type": "LineString", "coordinates": [[-80.41818153243135, 63.499114523779824], [-80.45189314854484, 63.49990699593525]]}, "properties": {"source": "25118995", "target": "2874286"}}, {"type": "Feature", "geometry": {"type": "LineString", "coordinates": [[-80.41818153243135, 63.499114523779824], [-80.4400792933427, 63.493018388186556]]}, "properties": {"source": "25118995", "target": "14800331"}}, {"type": "Feature", "geometry": {"type": "LineString", "coordinates": [[-80.41818153243135, 63.499114523779824], [-80.45429175382397, 63.49639721976952]]}, "properties": {"source": "25118995", "target": "25174998"}}, {"type": "Feature", "geometry": {"type": "LineString", "coordinates": [[-80.44855966990673, 63.490962929951365], [-80.45912952246348, 63.48730114722488]]}, "properties": {"source": "25008270", "target": "23654986"}}, {"type": "Feature", "geometry": {"type": "LineString", "coordinates": [[-80.4470801534091, 63.499135609331546], [-80.45704291605041, 63.49623372321582]]}, "properties": {"source": "29548136", "target": "29772601"}}, {"type": "Feature", "geometry": {"type": "LineString", "coordinates": [[-80.4470801534091, 63.499135609331546], [-80.41817554467121, 63.485333501745004]]}, "properties": {"source": "29548136", "target": "30233227"}}, {"type": "Feature", "geometry": {"type": "LineString", "coordinates": [[-80.4470801534091, 63.499135609331546], [-80.44554112790941, 63.50160072891771]]}, "properties": {"source": "29548136", "target": "30235388"}}, {"type": "Feature", "geometry": {"type": "LineString", "coordinates": [[-80.4470801534091, 63.499135609331546], [-80.43977507075866, 63.49444061003594]]}, "properties": {"source": "29548136", "target": "30233218"}}, {"type": "Feature", "geometry": {"type": "LineString", "coordinates": [[-80.43478553038956, 63.48654631618237], [-80.44940555349385, 63.49647387950159]]}, "properties": {"source": "21800020", "target": "30342568"}}, {"type": "Feature", "geometry": {"type": "LineString", "coordinates": [[-80.4202251125489, 63.49833501576033], [-80.42493041155608, 63.496911182680876]]}, "properties": {"source": "24925012", "target": "27430815"}}, {"type": "Feature", "geometry": {"type": "LineString", "coordinates": [[-80.4202251125489, 63.49833501576033], [-80.44053210363748, 63.48283631749983]]}, "properties": {"source": "24925012", "target": "25998924"}}, {"type": "Feature", "geometry": {"type": "LineString", "coordinates": [[-80.4202251125489, 63.49833501576033], [-80.45576812987609, 63.48758136970625]]}, "properties": {"source": "24925012", "target": "27131137"}}, {"type": "Feature", "geometry": {"type": "LineString", "coordinates": [[-80.41930348099551, 63.495623144208224], [-80.4470801534091, 63.499135609331546]]}, "properties": {"source": "28504018", "target": "29548136"}}, {"type": "Feature", "geometry": {"type": "LineString", "coordinates": [[-80.41930348099551, 63.495623144208224], [-80.46002298105036, 63.493522645397746]]}, "properties": {"source": "28504018", "target": "28504257"}}, {"type": "Feature", "geometry": {"type": "LineString", "coordinates": [[-80.41930348099551, 63.495623144208224], [-80.45625916503685, 63.48796473497116]]}, "properties": {"source": "28504018", "target": "27389769"}}, {"type": "Feature", "geometry": {"type": "LineString", "coordinates": [[-80.41930348099551, 63.495623144208224], [-80.42903325874124, 63.48968568375311]]}, "properties": {"source": "28504018", "target": "25982934"}}, {"type": "Feature", "geometry": {"type": "LineString", "coordinates": [[-80.41930348099551, 63.495623144208224], [-80.42523467609661, 63.50037747891774]]}, "properties": {"source": "28504018", "target": "26207897"}}, {"type": "Feature", "geometry": {"type": "LineString", "coordinates": [[-80.41930348099551, 63.495623144208224], [-80.42018096964163, 63.49032443709184]]}, "properties": {"source": "28504018", "target": "26812375"}}, {"type": "Feature", "geometry": {"type": "LineString", "coordinates": [[-80.41930348099551, 63.495623144208224], [-80.45621761204036, 63.493413488039735]]}, "properties": {"source": "28504018", "target": "25645107"}}, {"type": "Feature", "geometry": {"type": "LineString", "coordinates": [[-80.45747799714145, 63.491662693422754], [-80.43279115561636, 63.49434206719182]]}, "properties": {"source": "23218876", "target": "25885320"}}, {"type": "Feature", "geometry": {"type": "LineString", "coordinates": [[-80.45747799714145, 63.491662693422754], [-80.42265428201146, 63.48230664658578]]}, "properties": {"source": "23218876", "target": "22793531"}}, {"type": "Feature", "geometry": {"type": "LineString", "coordinates": [[-80.45747799714145, 63.491662693422754], [-80.41753737363669, 63.49018376283229]]}, "properties": {"source": "23218876", "target": "22456051"}}, {"type": "Feature", "geometry": {"type": "LineString", "coordinates": [[-80.45747799714145, 63.491662693422754], [-80.44395347980799, 63.49326209027255]]}, "properties": {"source": "23218876", "target": "22305904"}}, {"type": "Feature", "geometry": {"type": "LineString", "coordinates": [[-80.45747799714145, 63.491662693422754], [-80.41056924297084, 63.50046191064537]]}, "properties": {"source": "23218876", "target": "25472693"}}, {"type": "Feature", "geometry": {"type": "LineString", "coordinates": [[-80.41817554467121, 63.485333501745004], [-80.42695595185043, 63.50207402874946]]}, "properties": {"source": "30233227", "target": "36098342"}}, {"type": "Feature", "geometry": {"type": "LineString", "coordinates": [[-80.41817554467121, 63.485333501745004], [-80.42347786213384, 63.49488894848899]]}, "properties": {"source": "30233227", "target": "13345104"}}, {"type": "Feature", "geometry": {"type": "LineString", "coordinates": [[-80.43279115561636, 63.49434206719182], [-80.4348998075846, 63.50061499954941]]}, "properties": {"source": "25885320", "target": "24947796"}}, {"type": "Feature", "geometry": {"type": "LineString", "coordinates": [[-80.43279115561636, 63.49434206719182], [-80.44853992561299, 63.49181879175069]]}, "properties": {"source": "25885320", "target": "25625829"}}, {"type": "Feature", "geometry": {"type": "LineString", "coordinates": [[-80.46184263146245, 63.48601009830489], [-80.42710473099389, 63.48734134219673]]}, "properties": {"source": "33023449", "target": "28441591"}}, {"type": "Feature", "geometry": {"type": "LineString", "coordinates": [[-80.41817554467121, 63.485333501745004], [-80.45704291605041, 63.49623372321582]]}, "properties": {"source": "30233227", "target": "29772601"}}, {"type": "Feature", "geometry": {"type": "LineString", "coordinates": [[-80.41817554467121, 63.485333501745004], [-80.44554112790941, 63.50160072891771]]}, "properties": {"source": "30233227", "target": "30235388"}}, {"type": "Feature", "geometry": {"type": "LineString", "coordinates": [[-80.41817554467121, 63.485333501745004], [-80.43977507075866, 63.49444061003594]]}, "properties": {"source": "30233227", "target": "30233218"}}, {"type": "Feature", "geometry": {"type": "LineString", "coordinates": [[-80.41817554467121, 63.485333501745004], [-80.438984485117, 63.50044496097017]]}, "properties": {"source": "30233227", "target": "30355739"}}, {"type": "Feature", "geometry": {"type": "LineString", "coordinates": [[-80.41817554467121, 63.485333501745004], [-80.43954695825322, 63.493761727961754]]}, "properties": {"source": "30233227", "target": "30233214"}}, {"type": "Feature", "geometry": {"type": "LineString", "coordinates": [[-80.41817554467121, 63.485333501745004], [-80.40845045762259, 63.48415264085409]]}, "properties": {"source": "30233227", "target": "33286346"}}, {"type": "Feature", "geometry": {"type": "LineString", "coordinates": [[-80.41817554467121, 63.485333501745004], [-80.46002298105036, 63.493522645397746]]}, "properties": {"source": "30233227", "target": "28504257"}}, {"type": "Feature", "geometry": {"type": "LineString", "coordinates": [[-80.41817554467121, 63.485333501745004], [-80.4302526416133, 63.49799285229963]]}, "properties": {"source": "30233227", "target": "30233209"}}, {"type": "Feature", "geometry": {"type": "LineString", "coordinates": [[-80.41817554467121, 63.485333501745004], [-80.44410521132296, 63.49961407366365]]}, "properties": {"source": "30233227", "target": "28181798"}}, {"type": "Feature", "geometry": {"type": "LineString", "coordinates": [[-80.41817554467121, 63.485333501745004], [-80.42311655564569, 63.48232108208232]]}, "properties": {"source": "30233227", "target": "34339637"}}, {"type": "Feature", "geometry": {"type": "LineString", "coordinates": [[-80.41817554467121, 63.485333501745004], [-80.42292441986883, 63.486409477008394]]}, "properties": {"source": "30233227", "target": "29751934"}}, {"type": "Feature", "geometry": {"type": "LineString", "coordinates": [[-80.45530824504804, 63.48564090817797], [-80.44848364051501, 63.48873255726899]]}, "properties": {"source": "18392004", "target": "22586303"}}, {"type": "Feature", "geometry": {"type": "LineString", "coordinates": [[-80.45530824504804, 63.48564090817797], [-80.41753737363669, 63.49018376283229]]}, "properties": {"source": "18392004", "target": "22456051"}}, {"type": "Feature", "geometry": {"type": "LineString", "coordinates": [[-80.45530824504804, 63.48564090817797], [-80.44395347980799, 63.49326209027255]]}, "properties": {"source": "18392004", "target": "22305904"}}, {"type": "Feature", "geometry": {"type": "LineString", "coordinates": [[-80.45530824504804, 63.48564090817797], [-80.452867910192, 63.49218327268929]]}, "properties": {"source": "18392004", "target": "18392014"}}, {"type": "Feature", "geometry": {"type": "LineString", "coordinates": [[-80.43279115561636, 63.49434206719182], [-80.44873370101418, 63.50003500309134]]}, "properties": {"source": "25885320", "target": "25347478"}}, {"type": "Feature", "geometry": {"type": "LineString", "coordinates": [[-80.43279115561636, 63.49434206719182], [-80.44072605127572, 63.492077187892065]]}, "properties": {"source": "25885320", "target": "23782204"}}, {"type": "Feature", "geometry": {"type": "LineString", "coordinates": [[-80.43279115561636, 63.49434206719182], [-80.4506772950736, 63.50092012487042]]}, "properties": {"source": "25885320", "target": "32812405"}}, {"type": "Feature", "geometry": {"type": "LineString", "coordinates": [[-80.43279115561636, 63.49434206719182], [-80.45085832189363, 63.48299670317782]]}, "properties": {"source": "25885320", "target": "26512303"}}, {"type": "Feature", "geometry": {"type": "LineString", "coordinates": [[-80.43279115561636, 63.49434206719182], [-80.44699954094159, 63.498929878336426]]}, "properties": {"source": "25885320", "target": "25143670"}}, {"type": "Feature", "geometry": {"type": "LineString", "coordinates": [[-80.43279115561636, 63.49434206719182], [-80.40997259375105, 63.50155974803225]]}, "properties": {"source": "25885320", "target": "28933243"}}, {"type": "Feature", "geometry": {"type": "LineString", "coordinates": [[-80.43279115561636, 63.49434206719182], [-80.42098414998459, 63.48491604074455]]}, "properties": {"source": "25885320", "target": "23477503"}}, {"type": "Feature", "geometry": {"type": "LineString", "coordinates": [[-80.43279115561636, 63.49434206719182], [-80.41559402044898, 63.49319435571488]]}, "properties": {"source": "25885320", "target": "17841418"}}, {"type": "Feature", "geometry": {"type": "LineString", "coordinates": [[-80.43279115561636, 63.49434206719182], [-80.44686293795269, 63.49398100917935]]}, "properties": {"source": "25885320", "target": "16035868"}}, {"type": "Feature", "geometry": {"type": "LineString", "coordinates": [[-80.43279115561636, 63.49434206719182], [-80.42758828112954, 63.484666778986835]]}, "properties": {"source": "25885320", "target": "28399935"}}, {"type": "Feature", "geometry": {"type": "LineString", "coordinates": [[-80.43977507075866, 63.49444061003594], [-80.45704291605041, 63.49623372321582]]}, "properties": {"source": "30233218", "target": "29772601"}}, {"type": "Feature", "geometry": {"type": "LineString", "coordinates": [[-80.44554112790941, 63.50160072891771], [-80.42347786213384, 63.49488894848899]]}, "properties": {"source": "30235388", "target": "13345104"}}, {"type": "Feature", "geometry": {"type": "LineString", "coordinates": [[-80.4472680984177, 63.50025403930637], [-80.4308011763496, 63.49254586598701]]}, "properties": {"source": "17564963", "target": "14743247"}}, {"type": "Feature", "geometry": {"type": "LineString", "coordinates": [[-80.42597294083369, 63.49607607212296], [-80.42885850942544, 63.49302285386048]]}, "properties": {"source": "25975936", "target": "30345850"}}, {"type": "Feature", "geometry": {"type": "LineString", "coordinates": [[-80.42597294083369, 63.49607607212296], [-80.42076114803527, 63.48802667017357]]}, "properties": {"source": "25975936", "target": "29432120"}}, {"type": "Feature", "geometry": {"type": "LineString", "coordinates": [[-80.42597294083369, 63.49607607212296], [-80.43892403917177, 63.48340208979519]]}, "properties": {"source": "25975936", "target": "28400177"}}, {"type": "Feature", "geometry": {"type": "LineString", "coordinates": [[-80.41668106895004, 63.4827065334283], [-80.41753737363669, 63.49018376283229]]}, "properties": {"source": "23210606", "target": "22456051"}}, {"type": "Feature", "geometry": {"type": "LineString", "coordinates": [[-80.41668106895004, 63.4827065334283], [-80.44395347980799, 63.49326209027255]]}, "properties": {"source": "23210606", "target": "22305904"}}, {"type": "Feature", "geometry": {"type": "LineString", "coordinates": [[-80.41668106895004, 63.4827065334283], [-80.41101616069092, 63.49658780123201]]}, "properties": {"source": "23210606", "target": "24827241"}}, {"type": "Feature", "geometry": {"type": "LineString", "coordinates": [[-80.41668106895004, 63.4827065334283], [-80.41569758829817, 63.497375664975166]]}, "properties": {"source": "23210606", "target": "1958190"}}, {"type": "Feature", "geometry": {"type": "LineString", "coordinates": [[-80.4302526416133, 63.49799285229963], [-80.45704291605041, 63.49623372321582]]}, "properties": {"source": "30233209", "target": "29772601"}}, {"type": "Feature", "geometry": {"type": "LineString", "coordinates": [[-80.4302526416133, 63.49799285229963], [-80.44554112790941, 63.50160072891771]]}, "properties": {"source": "30233209", "target": "30235388"}}, {"type": "Feature", "geometry": {"type": "LineString", "coordinates": [[-80.4302526416133, 63.49799285229963], [-80.43977507075866, 63.49444061003594]]}, "properties": {"source": "30233209", "target": "30233218"}}, {"type": "Feature", "geometry": {"type": "LineString", "coordinates": [[-80.4302526416133, 63.49799285229963], [-80.438984485117, 63.50044496097017]]}, "properties": {"source": "30233209", "target": "30355739"}}, {"type": "Feature", "geometry": {"type": "LineString", "coordinates": [[-80.4302526416133, 63.49799285229963], [-80.43954695825322, 63.493761727961754]]}, "properties": {"source": "30233209", "target": "30233214"}}, {"type": "Feature", "geometry": {"type": "LineString", "coordinates": [[-80.4302526416133, 63.49799285229963], [-80.40845045762259, 63.48415264085409]]}, "properties": {"source": "30233209", "target": "33286346"}}, {"type": "Feature", "geometry": {"type": "LineString", "coordinates": [[-80.4302526416133, 63.49799285229963], [-80.42292441986883, 63.486409477008394]]}, "properties": {"source": "30233209", "target": "29751934"}}, {"type": "Feature", "geometry": {"type": "LineString", "coordinates": [[-80.44652484537492, 63.49774390960356], [-80.42885850942544, 63.49302285386048]]}, "properties": {"source": "35291161", "target": "30345850"}}, {"type": "Feature", "geometry": {"type": "LineString", "coordinates": [[-80.44652484537492, 63.49774390960356], [-80.44940555349385, 63.49647387950159]]}, "properties": {"source": "35291161", "target": "30342568"}}, {"type": "Feature", "geometry": {"type": "LineString", "coordinates": [[-80.44652484537492, 63.49774390960356], [-80.42311655564569, 63.48232108208232]]}, "properties": {"source": "35291161", "target": "34339637"}}, {"type": "Feature", "geometry": {"type": "LineString", "coordinates": [[-80.44652484537492, 63.49774390960356], [-80.42406199959667, 63.48455415865382]]}, "properties": {"source": "35291161", "target": "33973725"}}, {"type": "Feature", "geometry": {"type": "LineString", "coordinates": [[-80.44652484537492, 63.49774390960356], [-80.44053210363748, 63.48283631749983]]}, "properties": {"source": "35291161", "target": "25998924"}}, {"type": "Feature", "geometry": {"type": "LineString", "coordinates": [[-80.43422303886501, 63.493319344603094], [-80.4318234754958, 63.49845530894321]]}, "properties": {"source": "32687553", "target": "23805213"}}, {"type": "Feature", "geometry": {"type": "LineString", "coordinates": [[-80.43422303886501, 63.493319344603094], [-80.43570655488863, 63.48385099288048]]}, "properties": {"source": "32687553", "target": "34366994"}}, {"type": "Feature", "geometry": {"type": "LineString", "coordinates": [[-80.4133031233983, 63.484406371306065], [-80.45704291605041, 63.49623372321582]]}, "properties": {"source": "24812176", "target": "29772601"}}, {"type": "Feature", "geometry": {"type": "LineString", "coordinates": [[-80.4133031233983, 63.484406371306065], [-80.41818153243135, 63.499114523779824]]}, "properties": {"source": "24812176", "target": "25118995"}}, {"type": "Feature", "geometry": {"type": "LineString", "coordinates": [[-80.4133031233983, 63.484406371306065], [-80.44855966990673, 63.490962929951365]]}, "properties": {"source": "24812176", "target": "25008270"}}, {"type": "Feature", "geometry": {"type": "LineString", "coordinates": [[-80.4133031233983, 63.484406371306065], [-80.41802323185627, 63.49723908034204]]}, "properties": {"source": "24812176", "target": "25444920"}}, {"type": "Feature", "geometry": {"type": "LineString", "coordinates": [[-80.4133031233983, 63.484406371306065], [-80.45967867752435, 63.48432220157625]]}, "properties": {"source": "24812176", "target": "29300855"}}, {"type": "Feature", "geometry": {"type": "LineString", "coordinates": [[-80.4133031233983, 63.484406371306065], [-80.42606642585774, 63.4891840038032]]}, "properties": {"source": "24812176", "target": "25542122"}}, {"type": "Feature", "geometry": {"type": "LineString", "coordinates": [[-80.4133031233983, 63.484406371306065], [-80.43267413133567, 63.492842310487916]]}, "properties": {"source": "24812176", "target": "25676320"}}, {"type": "Feature", "geometry": {"type": "LineString", "coordinates": [[-80.4133031233983, 63.484406371306065], [-80.44828410223424, 63.48482151456447]]}, "properties": {"source": "24812176", "target": "24311062"}}, {"type": "Feature", "geometry": {"type": "LineString", "coordinates": [[-80.4133031233983, 63.484406371306065], [-80.44352690503892, 63.48719968271338]]}, "properties": {"source": "24812176", "target": "25306013"}}, {"type": "Feature", "geometry": {"type": "LineString", "coordinates": [[-80.4133031233983, 63.484406371306065], [-80.40828869038259, 63.49836903779949]]}, "properties": {"source": "24812176", "target": "15781449"}}, {"type": "Feature", "geometry": {"type": "LineString", "coordinates": [[-80.4133031233983, 63.484406371306065], [-80.41361950072452, 63.487674695810796]]}, "properties": {"source": "24812176", "target": "10148826"}}, {"type": "Feature", "geometry": {"type": "LineString", "coordinates": [[-80.4133031233983, 63.484406371306065], [-80.43291851226991, 63.49292091204373]]}, "properties": {"source": "24812176", "target": "22360830"}}, {"type": "Feature", "geometry": {"type": "LineString", "coordinates": [[-80.4133031233983, 63.484406371306065], [-80.4400792933427, 63.493018388186556]]}, "properties": {"source": "24812176", "target": "14800331"}}, {"type": "Feature", "geometry": {"type": "LineString", "coordinates": [[-80.42265428201146, 63.48230664658578], [-80.4348998075846, 63.50061499954941]]}, "properties": {"source": "22793531", "target": "24947796"}}, {"type": "Feature", "geometry": {"type": "LineString", "coordinates": [[-80.41885903710723, 63.49482609035185], [-80.42406199959667, 63.48455415865382]]}, "properties": {"source": "8064509", "target": "33973725"}}, {"type": "Feature", "geometry": {"type": "LineString", "coordinates": [[-80.41885903710723, 63.49482609035185], [-80.43250131072251, 63.500515500733655]]}, "properties": {"source": "8064509", "target": "28749536"}}, {"type": "Feature", "geometry": {"type": "LineString", "coordinates": [[-80.41885903710723, 63.49482609035185], [-80.4238700062167, 63.491352839572016]]}, "properties": {"source": "8064509", "target": "26191786"}}, {"type": "Feature", "geometry": {"type": "LineString", "coordinates": [[-80.41885903710723, 63.49482609035185], [-80.4472680984177, 63.50025403930637]]}, "properties": {"source": "8064509", "target": "17564963"}}, {"type": "Feature", "geometry": {"type": "LineString", "coordinates": [[-80.41885903710723, 63.49482609035185], [-80.4308011763496, 63.49254586598701]]}, "properties": {"source": "8064509", "target": "14743247"}}, {"type": "Feature", "geometry": {"type": "LineString", "coordinates": [[-80.41885903710723, 63.49482609035185], [-80.41523459529499, 63.49384597069913]]}, "properties": {"source": "8064509", "target": "25113233"}}, {"type": "Feature", "geometry": {"type": "LineString", "coordinates": [[-80.44395347980799, 63.49326209027255], [-80.4348998075846, 63.50061499954941]]}, "properties": {"source": "22305904", "target": "24947796"}}, {"type": "Feature", "geometry": {"type": "LineString", "coordinates": [[-80.44395347980799, 63.49326209027255], [-80.44848364051501, 63.48873255726899]]}, "properties": {"source": "22305904", "target": "22586303"}}, {"type": "Feature", "geometry": {"type": "LineString", "coordinates": [[-80.44395347980799, 63.49326209027255], [-80.44072605127572, 63.492077187892065]]}, "properties": {"source": "22305904", "target": "23782204"}}, {"type": "Feature", "geometry": {"type": "LineString", "coordinates": [[-80.44395347980799, 63.49326209027255], [-80.41753737363669, 63.49018376283229]]}, "properties": {"source": "22305904", "target": "22456051"}}, {"type": "Feature", "geometry": {"type": "LineString", "coordinates": [[-80.42606642585774, 63.4891840038032], [-80.40383315814417, 63.4878451206431]]}, "properties": {"source": "25542122", "target": "25196150"}}, {"type": "Feature", "geometry": {"type": "LineString", "coordinates": [[-80.42606642585774, 63.4891840038032], [-80.45189314854484, 63.49990699593525]]}, "properties": {"source": "25542122", "target": "2874286"}}, {"type": "Feature", "geometry": {"type": "LineString", "coordinates": [[-80.43605185495828, 63.48352768811604], [-80.42885850942544, 63.49302285386048]]}, "properties": {"source": "32487045", "target": "30345850"}}, {"type": "Feature", "geometry": {"type": "LineString", "coordinates": [[-80.43605185495828, 63.48352768811604], [-80.42076114803527, 63.48802667017357]]}, "properties": {"source": "32487045", "target": "29432120"}}, {"type": "Feature", "geometry": {"type": "LineString", "coordinates": [[-80.43605185495828, 63.48352768811604], [-80.45960782124948, 63.494086458267674]]}, "properties": {"source": "32487045", "target": "33357035"}}, {"type": "Feature", "geometry": {"type": "LineString", "coordinates": [[-80.43605185495828, 63.48352768811604], [-80.43422303886501, 63.493319344603094]]}, "properties": {"source": "32487045", "target": "32687553"}}, {"type": "Feature", "geometry": {"type": "LineString", "coordinates": [[-80.41562598429776, 63.49410378791487], [-80.43308331777189, 63.493453522937045]]}, "properties": {"source": "23655050", "target": "24697890"}}, {"type": "Feature", "geometry": {"type": "LineString", "coordinates": [[-80.41562598429776, 63.49410378791487], [-80.4318234754958, 63.49845530894321]]}, "properties": {"source": "23655050", "target": "23805213"}}, {"type": "Feature", "geometry": {"type": "LineString", "coordinates": [[-80.41562598429776, 63.49410378791487], [-80.43318084042845, 63.49147199492684]]}, "properties": {"source": "23655050", "target": "23430314"}}, {"type": "Feature", "geometry": {"type": "LineString", "coordinates": [[-80.41562598429776, 63.49410378791487], [-80.4324603682593, 63.483635371300295]]}, "properties": {"source": "23655050", "target": "25307530"}}, {"type": "Feature", "geometry": {"type": "LineString", "coordinates": [[-80.41562598429776, 63.49410378791487], [-80.42758828112954, 63.484666778986835]]}, "properties": {"source": "23655050", "target": "28399935"}}, {"type": "Feature", "geometry": {"type": "LineString", "coordinates": [[-80.4409078859532, 63.493176851423925], [-80.44652484537492, 63.49774390960356]]}, "properties": {"source": "34211633", "target": "35291161"}}, {"type": "Feature", "geometry": {"type": "LineString", "coordinates": [[-80.4409078859532, 63.493176851423925], [-80.4506772950736, 63.50092012487042]]}, "properties": {"source": "34211633", "target": "32812405"}}, {"type": "Feature", "geometry": {"type": "LineString", "coordinates": [[-80.4409078859532, 63.493176851423925], [-80.42311655564569, 63.48232108208232]]}, "properties": {"source": "34211633", "target": "34339637"}}, {"type": "Feature", "geometry": {"type": "LineString", "coordinates": [[-80.4409078859532, 63.493176851423925], [-80.42406199959667, 63.48455415865382]]}, "properties": {"source": "34211633", "target": "33973725"}}, {"type": "Feature", "geometry": {"type": "LineString", "coordinates": [[-80.4409078859532, 63.493176851423925], [-80.41742820932544, 63.48963448386333]]}, "properties": {"source": "34211633", "target": "35109150"}}, {"type": "Feature", "geometry": {"type": "LineString", "coordinates": [[-80.452867910192, 63.49218327268929], [-80.44848364051501, 63.48873255726899]]}, "properties": {"source": "18392014", "target": "22586303"}}, {"type": "Feature", "geometry": {"type": "LineString", "coordinates": [[-80.452867910192, 63.49218327268929], [-80.41753737363669, 63.49018376283229]]}, "properties": {"source": "18392014", "target": "22456051"}}, {"type": "Feature", "geometry": {"type": "LineString", "coordinates": [[-80.41101616069092, 63.49658780123201], [-80.42265428201146, 63.48230664658578]]}, "properties": {"source": "24827241", "target": "22793531"}}, {"type": "Feature", "geometry": {"type": "LineString", "coordinates": [[-80.41101616069092, 63.49658780123201], [-80.41753737363669, 63.49018376283229]]}, "properties": {"source": "24827241", "target": "22456051"}}, {"type": "Feature", "geometry": {"type": "LineString", "coordinates": [[-80.41101616069092, 63.49658780123201], [-80.44395347980799, 63.49326209027255]]}, "properties": {"source": "24827241", "target": "22305904"}}, {"type": "Feature", "geometry": {"type": "LineString", "coordinates": [[-80.41101616069092, 63.49658780123201], [-80.4318234754958, 63.49845530894321]]}, "properties": {"source": "24827241", "target": "23805213"}}, {"type": "Feature", "geometry": {"type": "LineString", "coordinates": [[-80.46238003045579, 63.48455370382406], [-80.45884533600895, 63.48978878987758]]}, "properties": {"source": "1981287", "target": "20749153"}}, {"type": "Feature", "geometry": {"type": "LineString", "coordinates": [[-80.41599019471077, 63.49917262345649], [-80.42493041155608, 63.496911182680876]]}, "properties": {"source": "25542827", "target": "27430815"}}, {"type": "Feature", "geometry": {"type": "LineString", "coordinates": [[-80.41599019471077, 63.49917262345649], [-80.41500432262906, 63.48312562888394]]}, "properties": {"source": "25542827", "target": "26062353"}}, {"type": "Feature", "geometry": {"type": "LineString", "coordinates": [[-80.41599019471077, 63.49917262345649], [-80.43759420862325, 63.49222190990224]]}, "properties": {"source": "25542827", "target": "28258255"}}, {"type": "Feature", "geometry": {"type": "LineString", "coordinates": [[-80.41599019471077, 63.49917262345649], [-80.45296220634029, 63.49276183817274]]}, "properties": {"source": "25542827", "target": "25577379"}}, {"type": "Feature", "geometry": {"type": "LineString", "coordinates": [[-80.41599019471077, 63.49917262345649], [-80.43662562644529, 63.498289159263564]]}, "properties": {"source": "25542827", "target": "29081694"}}, {"type": "Feature", "geometry": {"type": "LineString", "coordinates": [[-80.43677591475394, 63.49709397752906], [-80.42562122259592, 63.49022791014333]]}, "properties": {"source": "18526478", "target": "18456406"}}, {"type": "Feature", "geometry": {"type": "LineString", "coordinates": [[-80.43677591475394, 63.49709397752906], [-80.45884533600895, 63.48978878987758]]}, "properties": {"source": "18526478", "target": "20749153"}}, {"type": "Feature", "geometry": {"type": "LineString", "coordinates": [[-80.45299749313311, 63.48945726093372], [-80.43118746097436, 63.48427845234295]]}, "properties": {"source": "25400660", "target": "24473982"}}, {"type": "Feature", "geometry": {"type": "LineString", "coordinates": [[-80.45299749313311, 63.48945726093372], [-80.46091457713578, 63.497006578097015]]}, "properties": {"source": "25400660", "target": "24473985"}}, {"type": "Feature", "geometry": {"type": "LineString", "coordinates": [[-80.45299749313311, 63.48945726093372], [-80.44700007911239, 63.49217497975165]]}, "properties": {"source": "25400660", "target": "23570105"}}, {"type": "Feature", "geometry": {"type": "LineString", "coordinates": [[-80.45299749313311, 63.48945726093372], [-80.42460053994112, 63.48739190167997]]}, "properties": {"source": "25400660", "target": "24473980"}}, {"type": "Feature", "geometry": {"type": "LineString", "coordinates": [[-80.43977507075866, 63.49444061003594], [-80.44554112790941, 63.50160072891771]]}, "properties": {"source": "30233218", "target": "30235388"}}, {"type": "Feature", "geometry": {"type": "LineString", "coordinates": [[-80.43977507075866, 63.49444061003594], [-80.438984485117, 63.50044496097017]]}, "properties": {"source": "30233218", "target": "30355739"}}, {"type": "Feature", "geometry": {"type": "LineString", "coordinates": [[-80.43977507075866, 63.49444061003594], [-80.43954695825322, 63.493761727961754]]}, "properties": {"source": "30233218", "target": "30233214"}}, {"type": "Feature", "geometry": {"type": "LineString", "coordinates": [[-80.43977507075866, 63.49444061003594], [-80.40845045762259, 63.48415264085409]]}, "properties": {"source": "30233218", "target": "33286346"}}, {"type": "Feature", "geometry": {"type": "LineString", "coordinates": [[-80.43605185495828, 63.48352768811604], [-80.44940555349385, 63.49647387950159]]}, "properties": {"source": "32487045", "target": "30342568"}}, {"type": "Feature", "geometry": {"type": "LineString", "coordinates": [[-80.43605185495828, 63.48352768811604], [-80.42678870336749, 63.48614841338734]]}, "properties": {"source": "32487045", "target": "35261692"}}, {"type": "Feature", "geometry": {"type": "LineString", "coordinates": [[-80.43605185495828, 63.48352768811604], [-80.42899147950288, 63.48538368414165]]}, "properties": {"source": "32487045", "target": "27246435"}}, {"type": "Feature", "geometry": {"type": "LineString", "coordinates": [[-80.43605185495828, 63.48352768811604], [-80.44652484537492, 63.49774390960356]]}, "properties": {"source": "32487045", "target": "35291161"}}, {"type": "Feature", "geometry": {"type": "LineString", "coordinates": [[-80.43605185495828, 63.48352768811604], [-80.42406199959667, 63.48455415865382]]}, "properties": {"source": "32487045", "target": "33973725"}}, {"type": "Feature", "geometry": {"type": "LineString", "coordinates": [[-80.43605185495828, 63.48352768811604], [-80.41885903710723, 63.49482609035185]]}, "properties": {"source": "32487045", "target": "8064509"}}, {"type": "Feature", "geometry": {"type": "LineString", "coordinates": [[-80.43605185495828, 63.48352768811604], [-80.41183925988759, 63.48422886568045]]}, "properties": {"source": "32487045", "target": "29611451"}}, {"type": "Feature", "geometry": {"type": "LineString", "coordinates": [[-80.43605185495828, 63.48352768811604], [-80.40731571633421, 63.496320632324256]]}, "properties": {"source": "32487045", "target": "34661317"}}, {"type": "Feature", "geometry": {"type": "LineString", "coordinates": [[-80.44654781806811, 63.48308278839657], [-80.42493041155608, 63.496911182680876]]}, "properties": {"source": "25922676", "target": "27430815"}}, {"type": "Feature", "geometry": {"type": "LineString", "coordinates": [[-80.44654781806811, 63.48308278839657], [-80.41500432262906, 63.48312562888394]]}, "properties": {"source": "25922676", "target": "26062353"}}, {"type": "Feature", "geometry": {"type": "LineString", "coordinates": [[-80.44654781806811, 63.48308278839657], [-80.43759420862325, 63.49222190990224]]}, "properties": {"source": "25922676", "target": "28258255"}}, {"type": "Feature", "geometry": {"type": "LineString", "coordinates": [[-80.44654781806811, 63.48308278839657], [-80.40459124280515, 63.48734386684632]]}, "properties": {"source": "25922676", "target": "30164229"}}, {"type": "Feature", "geometry": {"type": "LineString", "coordinates": [[-80.42265428201146, 63.48230664658578], [-80.44873370101418, 63.50003500309134]]}, "properties": {"source": "22793531", "target": "25347478"}}, {"type": "Feature", "geometry": {"type": "LineString", "coordinates": [[-80.42265428201146, 63.48230664658578], [-80.44848364051501, 63.48873255726899]]}, "properties": {"source": "22793531", "target": "22586303"}}, {"type": "Feature", "geometry": {"type": "LineString", "coordinates": [[-80.42265428201146, 63.48230664658578], [-80.44072605127572, 63.492077187892065]]}, "properties": {"source": "22793531", "target": "23782204"}}, {"type": "Feature", "geometry": {"type": "LineString", "coordinates": [[-80.42265428201146, 63.48230664658578], [-80.41753737363669, 63.49018376283229]]}, "properties": {"source": "22793531", "target": "22456051"}}, {"type": "Feature", "geometry": {"type": "LineString", "coordinates": [[-80.43471368744976, 63.49804890631181], [-80.44853992561299, 63.49181879175069]]}, "properties": {"source": "25291349", "target": "25625829"}}, {"type": "Feature", "geometry": {"type": "LineString", "coordinates": [[-80.43471368744976, 63.49804890631181], [-80.42265428201146, 63.48230664658578]]}, "properties": {"source": "25291349", "target": "22793531"}}, {"type": "Feature", "geometry": {"type": "LineString", "coordinates": [[-80.43471368744976, 63.49804890631181], [-80.44873370101418, 63.50003500309134]]}, "properties": {"source": "25291349", "target": "25347478"}}, {"type": "Feature", "geometry": {"type": "LineString", "coordinates": [[-80.43471368744976, 63.49804890631181], [-80.45443159604315, 63.49680015106682]]}, "properties": {"source": "25291349", "target": "22731838"}}, {"type": "Feature", "geometry": {"type": "LineString", "coordinates": [[-80.43471368744976, 63.49804890631181], [-80.44848364051501, 63.48873255726899]]}, "properties": {"source": "25291349", "target": "22586303"}}, {"type": "Feature", "geometry": {"type": "LineString", "coordinates": [[-80.43471368744976, 63.49804890631181], [-80.44072605127572, 63.492077187892065]]}, "properties": {"source": "25291349", "target": "23782204"}}, {"type": "Feature", "geometry": {"type": "LineString", "coordinates": [[-80.43471368744976, 63.49804890631181], [-80.41101616069092, 63.49658780123201]]}, "properties": {"source": "25291349", "target": "24827241"}}, {"type": "Feature", "geometry": {"type": "LineString", "coordinates": [[-80.43471368744976, 63.49804890631181], [-80.42098414998459, 63.48491604074455]]}, "properties": {"source": "25291349", "target": "23477503"}}, {"type": "Feature", "geometry": {"type": "LineString", "coordinates": [[-80.43471368744976, 63.49804890631181], [-80.43576345230272, 63.499058750494854]]}, "properties": {"source": "25291349", "target": "24596869"}}, {"type": "Feature", "geometry": {"type": "LineString", "coordinates": [[-80.43471368744976, 63.49804890631181], [-80.42252586276463, 63.49375876588316]]}, "properties": {"source": "25291349", "target": "23154653"}}, {"type": "Feature", "geometry": {"type": "LineString", "coordinates": [[-80.43954695825322, 63.493761727961754], [-80.45704291605041, 63.49623372321582]]}, "properties": {"source": "30233214", "target": "29772601"}}, {"type": "Feature", "geometry": {"type": "LineString", "coordinates": [[-80.43954695825322, 63.493761727961754], [-80.44554112790941, 63.50160072891771]]}, "properties": {"source": "30233214", "target": "30235388"}}, {"type": "Feature", "geometry": {"type": "LineString", "coordinates": [[-80.43954695825322, 63.493761727961754], [-80.438984485117, 63.50044496097017]]}, "properties": {"source": "30233214", "target": "30355739"}}, {"type": "Feature", "geometry": {"type": "LineString", "coordinates": [[-80.43954695825322, 63.493761727961754], [-80.40845045762259, 63.48415264085409]]}, "properties": {"source": "30233214", "target": "33286346"}}, {"type": "Feature", "geometry": {"type": "LineString", "coordinates": [[-80.43954695825322, 63.493761727961754], [-80.46002298105036, 63.493522645397746]]}, "properties": {"source": "30233214", "target": "28504257"}}, {"type": "Feature", "geometry": {"type": "LineString", "coordinates": [[-80.43954695825322, 63.493761727961754], [-80.42292441986883, 63.486409477008394]]}, "properties": {"source": "30233214", "target": "29751934"}}, {"type": "Feature", "geometry": {"type": "LineString", "coordinates": [[-80.45960782124948, 63.494086458267674], [-80.45475069624689, 63.49216946819709]]}, "properties": {"source": "33357035", "target": "17668631"}}, {"type": "Feature", "geometry": {"type": "LineString", "coordinates": [[-80.41420323878177, 63.4917208733812], [-80.45704291605041, 63.49623372321582]]}, "properties": {"source": "36056673", "target": "29772601"}}, {"type": "Feature", "geometry": {"type": "LineString", "coordinates": [[-80.41420323878177, 63.4917208733812], [-80.41817554467121, 63.485333501745004]]}, "properties": {"source": "36056673", "target": "30233227"}}, {"type": "Feature", "geometry": {"type": "LineString", "coordinates": [[-80.41420323878177, 63.4917208733812], [-80.44554112790941, 63.50160072891771]]}, "properties": {"source": "36056673", "target": "30235388"}}, {"type": "Feature", "geometry": {"type": "LineString", "coordinates": [[-80.41420323878177, 63.4917208733812], [-80.43977507075866, 63.49444061003594]]}, "properties": {"source": "36056673", "target": "30233218"}}, {"type": "Feature", "geometry": {"type": "LineString", "coordinates": [[-80.41420323878177, 63.4917208733812], [-80.438984485117, 63.50044496097017]]}, "properties": {"source": "36056673", "target": "30355739"}}, {"type": "Feature", "geometry": {"type": "LineString", "coordinates": [[-80.41420323878177, 63.4917208733812], [-80.43954695825322, 63.493761727961754]]}, "properties": {"source": "36056673", "target": "30233214"}}, {"type": "Feature", "geometry": {"type": "LineString", "coordinates": [[-80.41420323878177, 63.4917208733812], [-80.40845045762259, 63.48415264085409]]}, "properties": {"source": "36056673", "target": "33286346"}}, {"type": "Feature", "geometry": {"type": "LineString", "coordinates": [[-80.41420323878177, 63.4917208733812], [-80.4302526416133, 63.49799285229963]]}, "properties": {"source": "36056673", "target": "30233209"}}, {"type": "Feature", "geometry": {"type": "LineString", "coordinates": [[-80.41420323878177, 63.4917208733812], [-80.42311655564569, 63.48232108208232]]}, "properties": {"source": "36056673", "target": "34339637"}}, {"type": "Feature", "geometry": {"type": "LineString", "coordinates": [[-80.41420323878177, 63.4917208733812], [-80.42695595185043, 63.50207402874946]]}, "properties": {"source": "36056673", "target": "36098342"}}, {"type": "Feature", "geometry": {"type": "LineString", "coordinates": [[-80.41420323878177, 63.4917208733812], [-80.41555289814208, 63.497056225454614]]}, "properties": {"source": "36056673", "target": "32063463"}}, {"type": "Feature", "geometry": {"type": "LineString", "coordinates": [[-80.41420323878177, 63.4917208733812], [-80.40425988113662, 63.48828068937746]]}, "properties": {"source": "36056673", "target": "35024317"}}, {"type": "Feature", "geometry": {"type": "LineString", "coordinates": [[-80.41420323878177, 63.4917208733812], [-80.45901590324861, 63.482728821352936]]}, "properties": {"source": "36056673", "target": "25320401"}}, {"type": "Feature", "geometry": {"type": "LineString", "coordinates": [[-80.43626438279652, 63.49495738042869], [-80.45704291605041, 63.49623372321582]]}, "properties": {"source": "29565156", "target": "29772601"}}, {"type": "Feature", "geometry": {"type": "LineString", "coordinates": [[-80.43626438279652, 63.49495738042869], [-80.41817554467121, 63.485333501745004]]}, "properties": {"source": "29565156", "target": "30233227"}}, {"type": "Feature", "geometry": {"type": "LineString", "coordinates": [[-80.44381802450508, 63.48512881765183], [-80.45364715153376, 63.50158755498464]]}, "properties": {"source": "30743499", "target": "36199839"}}, {"type": "Feature", "geometry": {"type": "LineString", "coordinates": [[-80.44381802450508, 63.48512881765183], [-80.41390701632106, 63.49571609065573]]}, "properties": {"source": "30743499", "target": "32499691"}}, {"type": "Feature", "geometry": {"type": "LineString", "coordinates": [[-80.44381802450508, 63.48512881765183], [-80.44135025332817, 63.48590537854015]]}, "properties": {"source": "30743499", "target": "36137495"}}, {"type": "Feature", "geometry": {"type": "LineString", "coordinates": [[-80.44381802450508, 63.48512881765183], [-80.42292441986883, 63.486409477008394]]}, "properties": {"source": "30743499", "target": "29751934"}}, {"type": "Feature", "geometry": {"type": "LineString", "coordinates": [[-80.44381802450508, 63.48512881765183], [-80.42695595185043, 63.50207402874946]]}, "properties": {"source": "30743499", "target": "36098342"}}, {"type": "Feature", "geometry": {"type": "LineString", "coordinates": [[-80.44381802450508, 63.48512881765183], [-80.41555289814208, 63.497056225454614]]}, "properties": {"source": "30743499", "target": "32063463"}}, {"type": "Feature", "geometry": {"type": "LineString", "coordinates": [[-80.44381802450508, 63.48512881765183], [-80.40425988113662, 63.48828068937746]]}, "properties": {"source": "30743499", "target": "35024317"}}, {"type": "Feature", "geometry": {"type": "LineString", "coordinates": [[-80.4467557563742, 63.49744309518826], [-80.42493041155608, 63.496911182680876]]}, "properties": {"source": "25375287", "target": "27430815"}}, {"type": "Feature", "geometry": {"type": "LineString", "coordinates": [[-80.4467557563742, 63.49744309518826], [-80.41500432262906, 63.48312562888394]]}, "properties": {"source": "25375287", "target": "26062353"}}, {"type": "Feature", "geometry": {"type": "LineString", "coordinates": [[-80.4467557563742, 63.49744309518826], [-80.43759420862325, 63.49222190990224]]}, "properties": {"source": "25375287", "target": "28258255"}}, {"type": "Feature", "geometry": {"type": "LineString", "coordinates": [[-80.4467557563742, 63.49744309518826], [-80.45229843644002, 63.50104471328608]]}, "properties": {"source": "25375287", "target": "28191260"}}, {"type": "Feature", "geometry": {"type": "LineString", "coordinates": [[-80.4467557563742, 63.49744309518826], [-80.43471368744976, 63.49804890631181]]}, "properties": {"source": "25375287", "target": "25291349"}}, {"type": "Feature", "geometry": {"type": "LineString", "coordinates": [[-80.4467557563742, 63.49744309518826], [-80.45619219281329, 63.491866664331624]]}, "properties": {"source": "25375287", "target": "25755222"}}, {"type": "Feature", "geometry": {"type": "LineString", "coordinates": [[-80.4467557563742, 63.49744309518826], [-80.4632954122893, 63.490168071319886]]}, "properties": {"source": "25375287", "target": "26014581"}}, {"type": "Feature", "geometry": {"type": "LineString", "coordinates": [[-80.4467557563742, 63.49744309518826], [-80.45443159604315, 63.49680015106682]]}, "properties": {"source": "25375287", "target": "22731838"}}, {"type": "Feature", "geometry": {"type": "LineString", "coordinates": [[-80.4467557563742, 63.49744309518826], [-80.44654781806811, 63.48308278839657]]}, "properties": {"source": "25375287", "target": "25922676"}}, {"type": "Feature", "geometry": {"type": "LineString", "coordinates": [[-80.46184263146245, 63.48601009830489], [-80.42493041155608, 63.496911182680876]]}, "properties": {"source": "33023449", "target": "27430815"}}, {"type": "Feature", "geometry": {"type": "LineString", "coordinates": [[-80.46184263146245, 63.48601009830489], [-80.41500432262906, 63.48312562888394]]}, "properties": {"source": "33023449", "target": "26062353"}}, {"type": "Feature", "geometry": {"type": "LineString", "coordinates": [[-80.46184263146245, 63.48601009830489], [-80.43759420862325, 63.49222190990224]]}, "properties": {"source": "33023449", "target": "28258255"}}, {"type": "Feature", "geometry": {"type": "LineString", "coordinates": [[-80.46184263146245, 63.48601009830489], [-80.40459124280515, 63.48734386684632]]}, "properties": {"source": "33023449", "target": "30164229"}}, {"type": "Feature", "geometry": {"type": "LineString", "coordinates": [[-80.46184263146245, 63.48601009830489], [-80.45229843644002, 63.50104471328608]]}, "properties": {"source": "33023449", "target": "28191260"}}, {"type": "Feature", "geometry": {"type": "LineString", "coordinates": [[-80.46184263146245, 63.48601009830489], [-80.42885850942544, 63.49302285386048]]}, "properties": {"source": "33023449", "target": "30345850"}}, {"type": "Feature", "geometry": {"type": "LineString", "coordinates": [[-80.46184263146245, 63.48601009830489], [-80.42076114803527, 63.48802667017357]]}, "properties": {"source": "33023449", "target": "29432120"}}, {"type": "Feature", "geometry": {"type": "LineString", "coordinates": [[-80.46184263146245, 63.48601009830489], [-80.45960782124948, 63.494086458267674]]}, "properties": {"source": "33023449", "target": "33357035"}}, {"type": "Feature", "geometry": {"type": "LineString", "coordinates": [[-80.46184263146245, 63.48601009830489], [-80.43422303886501, 63.493319344603094]]}, "properties": {"source": "33023449", "target": "32687553"}}, {"type": "Feature", "geometry": {"type": "LineString", "coordinates": [[-80.46184263146245, 63.48601009830489], [-80.44940555349385, 63.49647387950159]]}, "properties": {"source": "33023449", "target": "30342568"}}, {"type": "Feature", "geometry": {"type": "LineString", "coordinates": [[-80.46184263146245, 63.48601009830489], [-80.4632954122893, 63.490168071319886]]}, "properties": {"source": "33023449", "target": "26014581"}}, {"type": "Feature", "geometry": {"type": "LineString", "coordinates": [[-80.46184263146245, 63.48601009830489], [-80.42678870336749, 63.48614841338734]]}, "properties": {"source": "33023449", "target": "35261692"}}, {"type": "Feature", "geometry": {"type": "LineString", "coordinates": [[-80.46184263146245, 63.48601009830489], [-80.44652484537492, 63.49774390960356]]}, "properties": {"source": "33023449", "target": "35291161"}}, {"type": "Feature", "geometry": {"type": "LineString", "coordinates": [[-80.46184263146245, 63.48601009830489], [-80.42406199959667, 63.48455415865382]]}, "properties": {"source": "33023449", "target": "33973725"}}, {"type": "Feature", "geometry": {"type": "LineString", "coordinates": [[-80.46184263146245, 63.48601009830489], [-80.41885903710723, 63.49482609035185]]}, "properties": {"source": "33023449", "target": "8064509"}}, {"type": "Feature", "geometry": {"type": "LineString", "coordinates": [[-80.46184263146245, 63.48601009830489], [-80.41183925988759, 63.48422886568045]]}, "properties": {"source": "33023449", "target": "29611451"}}, {"type": "Feature", "geometry": {"type": "LineString", "coordinates": [[-80.43487975327093, 63.4951327144902], [-80.45967867752435, 63.48432220157625]]}, "properties": {"source": "26228934", "target": "29300855"}}, {"type": "Feature", "geometry": {"type": "LineString", "coordinates": [[-80.43487975327093, 63.4951327144902], [-80.44807071438898, 63.48373045254809]]}, "properties": {"source": "26228934", "target": "28407925"}}, {"type": "Feature", "geometry": {"type": "LineString", "coordinates": [[-80.40558873387329, 63.485390606129855], [-80.45556488175541, 63.4991900158367]]}, "properties": {"source": "925837", "target": "8294936"}}, {"type": "Feature", "geometry": {"type": "LineString", "coordinates": [[-80.40699322322823, 63.490382174456656], [-80.44873370101418, 63.50003500309134]]}, "properties": {"source": "12257752", "target": "25347478"}}, {"type": "Feature", "geometry": {"type": "LineString", "coordinates": [[-80.40699322322823, 63.490382174456656], [-80.42252586276463, 63.49375876588316]]}, "properties": {"source": "12257752", "target": "23154653"}}, {"type": "Feature", "geometry": {"type": "LineString", "coordinates": [[-80.40699322322823, 63.490382174456656], [-80.44178505120999, 63.496301518834244]]}, "properties": {"source": "12257752", "target": "24697866"}}, {"type": "Feature", "geometry": {"type": "LineString", "coordinates": [[-80.4049517584114, 63.48921134595179], [-80.45431764552242, 63.487507530200986]]}, "properties": {"source": "25081066", "target": "22439404"}}, {"type": "Feature", "geometry": {"type": "LineString", "coordinates": [[-80.4049517584114, 63.48921134595179], [-80.45477956958679, 63.48341386199915]]}, "properties": {"source": "25081066", "target": "3003629"}}, {"type": "Feature", "geometry": {"type": "LineString", "coordinates": [[-80.4049517584114, 63.48921134595179], [-80.44240883456331, 63.492960273061954]]}, "properties": {"source": "25081066", "target": "2999099"}}, {"type": "Feature", "geometry": {"type": "LineString", "coordinates": [[-80.4195527580387, 63.4887918078831], [-80.4303483580276, 63.49232706851228]]}, "properties": {"source": "9160887", "target": "9970792"}}, {"type": "Feature", "geometry": {"type": "LineString", "coordinates": [[-80.45057021845004, 63.49799813828983], [-80.41818153243135, 63.499114523779824]]}, "properties": {"source": "23342660", "target": "25118995"}}, {"type": "Feature", "geometry": {"type": "LineString", "coordinates": [[-80.45057021845004, 63.49799813828983], [-80.41802323185627, 63.49723908034204]]}, "properties": {"source": "23342660", "target": "25444920"}}, {"type": "Feature", "geometry": {"type": "LineString", "coordinates": [[-80.40757219086946, 63.49886124145603], [-80.40949371291782, 63.49105734366381]]}, "properties": {"source": "22014491", "target": "18752092"}}, {"type": "Feature", "geometry": {"type": "LineString", "coordinates": [[-80.45389064042149, 63.49231257026439], [-80.45747799714145, 63.491662693422754]]}, "properties": {"source": "21402944", "target": "23218876"}}, {"type": "Feature", "geometry": {"type": "LineString", "coordinates": [[-80.45389064042149, 63.49231257026439], [-80.42521409782688, 63.49093449406641]]}, "properties": {"source": "21402944", "target": "21860011"}}, {"type": "Feature", "geometry": {"type": "LineString", "coordinates": [[-80.45389064042149, 63.49231257026439], [-80.43318084042845, 63.49147199492684]]}, "properties": {"source": "21402944", "target": "23430314"}}, {"type": "Feature", "geometry": {"type": "LineString", "coordinates": [[-80.4117298455014, 63.48785782439876], [-80.44700007911239, 63.49217497975165]]}, "properties": {"source": "22885886", "target": "23570105"}}, {"type": "Feature", "geometry": {"type": "LineString", "coordinates": [[-80.4117298455014, 63.48785782439876], [-80.42460053994112, 63.48739190167997]]}, "properties": {"source": "22885886", "target": "24473980"}}, {"type": "Feature", "geometry": {"type": "LineString", "coordinates": [[-80.4117298455014, 63.48785782439876], [-80.40757219086946, 63.49886124145603]]}, "properties": {"source": "22885886", "target": "22014491"}}, {"type": "Feature", "geometry": {"type": "LineString", "coordinates": [[-80.4117298455014, 63.48785782439876], [-80.45389064042149, 63.49231257026439]]}, "properties": {"source": "22885886", "target": "21402944"}}, {"type": "Feature", "geometry": {"type": "LineString", "coordinates": [[-80.4117298455014, 63.48785782439876], [-80.44675710321151, 63.49697518911182]]}, "properties": {"source": "22885886", "target": "22305894"}}, {"type": "Feature", "geometry": {"type": "LineString", "coordinates": [[-80.4117298455014, 63.48785782439876], [-80.43313360475713, 63.495705230426026]]}, "properties": {"source": "22885886", "target": "19457795"}}, {"type": "Feature", "geometry": {"type": "LineString", "coordinates": [[-80.4117298455014, 63.48785782439876], [-80.45021140354268, 63.49482245056919]]}, "properties": {"source": "22885886", "target": "20739514"}}, {"type": "Feature", "geometry": {"type": "LineString", "coordinates": [[-80.4117298455014, 63.48785782439876], [-80.44072132190661, 63.49328733815466]]}, "properties": {"source": "22885886", "target": "25473141"}}, {"type": "Feature", "geometry": {"type": "LineString", "coordinates": [[-80.45431764552242, 63.487507530200986], [-80.45704291605041, 63.49623372321582]]}, "properties": {"source": "22439404", "target": "29772601"}}, {"type": "Feature", "geometry": {"type": "LineString", "coordinates": [[-80.45431764552242, 63.487507530200986], [-80.4133031233983, 63.484406371306065]]}, "properties": {"source": "22439404", "target": "24812176"}}, {"type": "Feature", "geometry": {"type": "LineString", "coordinates": [[-80.45431764552242, 63.487507530200986], [-80.45967867752435, 63.48432220157625]]}, "properties": {"source": "22439404", "target": "29300855"}}, {"type": "Feature", "geometry": {"type": "LineString", "coordinates": [[-80.45431764552242, 63.487507530200986], [-80.40934932354091, 63.501749146387425]]}, "properties": {"source": "22439404", "target": "25528135"}}, {"type": "Feature", "geometry": {"type": "LineString", "coordinates": [[-80.4632954122893, 63.490168071319886], [-80.40958507115376, 63.489772185953456]]}, "properties": {"source": "26014581", "target": "25307819"}}, {"type": "Feature", "geometry": {"type": "LineString", "coordinates": [[-80.40845045762259, 63.48415264085409], [-80.45704291605041, 63.49623372321582]]}, "properties": {"source": "33286346", "target": "29772601"}}, {"type": "Feature", "geometry": {"type": "LineString", "coordinates": [[-80.40845045762259, 63.48415264085409], [-80.44554112790941, 63.50160072891771]]}, "properties": {"source": "33286346", "target": "30235388"}}, {"type": "Feature", "geometry": {"type": "LineString", "coordinates": [[-80.40845045762259, 63.48415264085409], [-80.438984485117, 63.50044496097017]]}, "properties": {"source": "33286346", "target": "30355739"}}, {"type": "Feature", "geometry": {"type": "LineString", "coordinates": [[-80.43977507075866, 63.49444061003594], [-80.46002298105036, 63.493522645397746]]}, "properties": {"source": "30233218", "target": "28504257"}}, {"type": "Feature", "geometry": {"type": "LineString", "coordinates": [[-80.43977507075866, 63.49444061003594], [-80.42311655564569, 63.48232108208232]]}, "properties": {"source": "30233218", "target": "34339637"}}, {"type": "Feature", "geometry": {"type": "LineString", "coordinates": [[-80.43977507075866, 63.49444061003594], [-80.42292441986883, 63.486409477008394]]}, "properties": {"source": "30233218", "target": "29751934"}}, {"type": "Feature", "geometry": {"type": "LineString", "coordinates": [[-80.43977507075866, 63.49444061003594], [-80.42347786213384, 63.49488894848899]]}, "properties": {"source": "30233218", "target": "13345104"}}, {"type": "Feature", "geometry": {"type": "LineString", "coordinates": [[-80.40459124280515, 63.48734386684632], [-80.42493041155608, 63.496911182680876]]}, "properties": {"source": "30164229", "target": "27430815"}}, {"type": "Feature", "geometry": {"type": "LineString", "coordinates": [[-80.40459124280515, 63.48734386684632], [-80.41500432262906, 63.48312562888394]]}, "properties": {"source": "30164229", "target": "26062353"}}, {"type": "Feature", "geometry": {"type": "LineString", "coordinates": [[-80.40459124280515, 63.48734386684632], [-80.45229843644002, 63.50104471328608]]}, "properties": {"source": "30164229", "target": "28191260"}}, {"type": "Feature", "geometry": {"type": "LineString", "coordinates": [[-80.40459124280515, 63.48734386684632], [-80.45189314854484, 63.49990699593525]]}, "properties": {"source": "30164229", "target": "2874286"}}, {"type": "Feature", "geometry": {"type": "LineString", "coordinates": [[-80.40459124280515, 63.48734386684632], [-80.42586112877332, 63.501106704270995]]}, "properties": {"source": "30164229", "target": "11388035"}}, {"type": "Feature", "geometry": {"type": "LineString", "coordinates": [[-80.40459124280515, 63.48734386684632], [-80.4053033792804, 63.50011847883822]]}, "properties": {"source": "30164229", "target": "13147571"}}, {"type": "Feature", "geometry": {"type": "LineString", "coordinates": [[-80.40459124280515, 63.48734386684632], [-80.43084156890357, 63.48913614194477]]}, "properties": {"source": "30164229", "target": "25993868"}}, {"type": "Feature", "geometry": {"type": "LineString", "coordinates": [[-80.40459124280515, 63.48734386684632], [-80.44058455659696, 63.50168577740476]]}, "properties": {"source": "30164229", "target": "25692670"}}, {"type": "Feature", "geometry": {"type": "LineString", "coordinates": [[-80.4521340657025, 63.49182169718196], [-80.4308011763496, 63.49254586598701]]}, "properties": {"source": "29622068", "target": "14743247"}}, {"type": "Feature", "geometry": {"type": "LineString", "coordinates": [[-80.4521340657025, 63.49182169718196], [-80.41523459529499, 63.49384597069913]]}, "properties": {"source": "29622068", "target": "25113233"}}, {"type": "Feature", "geometry": {"type": "LineString", "coordinates": [[-80.41885903710723, 63.49482609035185], [-80.42678870336749, 63.48614841338734]]}, "properties": {"source": "8064509", "target": "35261692"}}, {"type": "Feature", "geometry": {"type": "LineString", "coordinates": [[-80.41885903710723, 63.49482609035185], [-80.43892403917177, 63.48340208979519]]}, "properties": {"source": "8064509", "target": "28400177"}}, {"type": "Feature", "geometry": {"type": "LineString", "coordinates": [[-80.42885850942544, 63.49302285386048], [-80.40731571633421, 63.496320632324256]]}, "properties": {"source": "30345850", "target": "34661317"}}, {"type": "Feature", "geometry": {"type": "LineString", "coordinates": [[-80.42885850942544, 63.49302285386048], [-80.4472680984177, 63.50025403930637]]}, "properties": {"source": "30345850", "target": "17564963"}}, {"type": "Feature", "geometry": {"type": "LineString", "coordinates": [[-80.42885850942544, 63.49302285386048], [-80.42335243499116, 63.49210503070694]]}, "properties": {"source": "30345850", "target": "27203439"}}, {"type": "Feature", "geometry": {"type": "LineString", "coordinates": [[-80.42885850942544, 63.49302285386048], [-80.45475069624689, 63.49216946819709]]}, "properties": {"source": "30345850", "target": "17668631"}}, {"type": "Feature", "geometry": {"type": "LineString", "coordinates": [[-80.42076114803527, 63.48802667017357], [-80.42406199959667, 63.48455415865382]]}, "properties": {"source": "29432120", "target": "33973725"}}, {"type": "Feature", "geometry": {"type": "LineString", "coordinates": [[-80.42076114803527, 63.48802667017357], [-80.41086444805772, 63.497764900677936]]}, "properties": {"source": "29432120", "target": "18052047"}}, {"type": "Feature", "geometry": {"type": "LineString", "coordinates": [[-80.42076114803527, 63.48802667017357], [-80.42946222865396, 63.49883942332579]]}, "properties": {"source": "29432120", "target": "29409476"}}, {"type": "Feature", "geometry": {"type": "LineString", "coordinates": [[-80.42076114803527, 63.48802667017357], [-80.4472680984177, 63.50025403930637]]}, "properties": {"source": "29432120", "target": "17564963"}}, {"type": "Feature", "geometry": {"type": "LineString", "coordinates": [[-80.42076114803527, 63.48802667017357], [-80.42335243499116, 63.49210503070694]]}, "properties": {"source": "29432120", "target": "27203439"}}, {"type": "Feature", "geometry": {"type": "LineString", "coordinates": [[-80.42076114803527, 63.48802667017357], [-80.45475069624689, 63.49216946819709]]}, "properties": {"source": "29432120", "target": "17668631"}}, {"type": "Feature", "geometry": {"type": "LineString", "coordinates": [[-80.42076114803527, 63.48802667017357], [-80.41602391487098, 63.491003311694286]]}, "properties": {"source": "29432120", "target": "25925883"}}, {"type": "Feature", "geometry": {"type": "LineString", "coordinates": [[-80.42076114803527, 63.48802667017357], [-80.4123336900199, 63.48515109804889]]}, "properties": {"source": "29432120", "target": "25663019"}}, {"type": "Feature", "geometry": {"type": "LineString", "coordinates": [[-80.41056924297084, 63.50046191064537], [-80.44352690503892, 63.48719968271338]]}, "properties": {"source": "25472693", "target": "25306013"}}, {"type": "Feature", "geometry": {"type": "LineString", "coordinates": [[-80.44053210363748, 63.48283631749983], [-80.42493041155608, 63.496911182680876]]}, "properties": {"source": "25998924", "target": "27430815"}}, {"type": "Feature", "geometry": {"type": "LineString", "coordinates": [[-80.44053210363748, 63.48283631749983], [-80.45576812987609, 63.48758136970625]]}, "properties": {"source": "25998924", "target": "27131137"}}, {"type": "Feature", "geometry": {"type": "LineString", "coordinates": [[-80.45625916503685, 63.48796473497116], [-80.45704291605041, 63.49623372321582]]}, "properties": {"source": "27389769", "target": "29772601"}}, {"type": "Feature", "geometry": {"type": "LineString", "coordinates": [[-80.44848364051501, 63.48873255726899], [-80.43508724346184, 63.49980844336811]]}, "properties": {"source": "22586303", "target": "30311839"}}, {"type": "Feature", "geometry": {"type": "LineString", "coordinates": [[-80.44848364051501, 63.48873255726899], [-80.41387187005476, 63.5014961242517]]}, "properties": {"source": "22586303", "target": "21841508"}}, {"type": "Feature", "geometry": {"type": "LineString", "coordinates": [[-80.44072605127572, 63.492077187892065], [-80.44853992561299, 63.49181879175069]]}, "properties": {"source": "23782204", "target": "25625829"}}, {"type": "Feature", "geometry": {"type": "LineString", "coordinates": [[-80.44072605127572, 63.492077187892065], [-80.45085832189363, 63.48299670317782]]}, "properties": {"source": "23782204", "target": "26512303"}}, {"type": "Feature", "geometry": {"type": "LineString", "coordinates": [[-80.44072605127572, 63.492077187892065], [-80.41753737363669, 63.49018376283229]]}, "properties": {"source": "23782204", "target": "22456051"}}, {"type": "Feature", "geometry": {"type": "LineString", "coordinates": [[-80.43333875212704, 63.50080608081136], [-80.45704291605041, 63.49623372321582]]}, "properties": {"source": "24924558", "target": "29772601"}}, {"type": "Feature", "geometry": {"type": "LineString", "coordinates": [[-80.43333875212704, 63.50080608081136], [-80.4133031233983, 63.484406371306065]]}, "properties": {"source": "24924558", "target": "24812176"}}, {"type": "Feature", "geometry": {"type": "LineString", "coordinates": [[-80.43333875212704, 63.50080608081136], [-80.44855966990673, 63.490962929951365]]}, "properties": {"source": "24924558", "target": "25008270"}}, {"type": "Feature", "geometry": {"type": "LineString", "coordinates": [[-80.43333875212704, 63.50080608081136], [-80.45967867752435, 63.48432220157625]]}, "properties": {"source": "24924558", "target": "29300855"}}, {"type": "Feature", "geometry": {"type": "LineString", "coordinates": [[-80.43333875212704, 63.50080608081136], [-80.42376525512539, 63.49781117577675]]}, "properties": {"source": "24924558", "target": "25348771"}}, {"type": "Feature", "geometry": {"type": "LineString", "coordinates": [[-80.43333875212704, 63.50080608081136], [-80.40934932354091, 63.501749146387425]]}, "properties": {"source": "24924558", "target": "25528135"}}, {"type": "Feature", "geometry": {"type": "LineString", "coordinates": [[-80.43333875212704, 63.50080608081136], [-80.44828410223424, 63.48482151456447]]}, "properties": {"source": "24924558", "target": "24311062"}}, {"type": "Feature", "geometry": {"type": "LineString", "coordinates": [[-80.43333875212704, 63.50080608081136], [-80.44807071438898, 63.48373045254809]]}, "properties": {"source": "24924558", "target": "28407925"}}, {"type": "Feature", "geometry": {"type": "LineString", "coordinates": [[-80.43333875212704, 63.50080608081136], [-80.45431764552242, 63.487507530200986]]}, "properties": {"source": "24924558", "target": "22439404"}}, {"type": "Feature", "geometry": {"type": "LineString", "coordinates": [[-80.43333875212704, 63.50080608081136], [-80.40828869038259, 63.49836903779949]]}, "properties": {"source": "24924558", "target": "15781449"}}, {"type": "Feature", "geometry": {"type": "LineString", "coordinates": [[-80.43333875212704, 63.50080608081136], [-80.41361950072452, 63.487674695810796]]}, "properties": {"source": "24924558", "target": "10148826"}}, {"type": "Feature", "geometry": {"type": "LineString", "coordinates": [[-80.452867910192, 63.49218327268929], [-80.44395347980799, 63.49326209027255]]}, "properties": {"source": "18392014", "target": "22305904"}}, {"type": "Feature", "geometry": {"type": "LineString", "coordinates": [[-80.452867910192, 63.49218327268929], [-80.41559402044898, 63.49319435571488]]}, "properties": {"source": "18392014", "target": "17841418"}}, {"type": "Feature", "geometry": {"type": "LineString", "coordinates": [[-80.452867910192, 63.49218327268929], [-80.44686293795269, 63.49398100917935]]}, "properties": {"source": "18392014", "target": "16035868"}}, {"type": "Feature", "geometry": {"type": "LineString", "coordinates": [[-80.452867910192, 63.49218327268929], [-80.41569758829817, 63.497375664975166]]}, "properties": {"source": "18392014", "target": "1958190"}}, {"type": "Feature", "geometry": {"type": "LineString", "coordinates": [[-80.452867910192, 63.49218327268929], [-80.45697847957018, 63.495309343938686]]}, "properties": {"source": "18392014", "target": "18277458"}}, {"type": "Feature", "geometry": {"type": "LineString", "coordinates": [[-80.40655636910608, 63.49745843419224], [-80.44855966990673, 63.490962929951365]]}, "properties": {"source": "28481986", "target": "25008270"}}, {"type": "Feature", "geometry": {"type": "LineString", "coordinates": [[-80.40655636910608, 63.49745843419224], [-80.44848364051501, 63.48873255726899]]}, "properties": {"source": "28481986", "target": "22586303"}}, {"type": "Feature", "geometry": {"type": "LineString", "coordinates": [[-80.40655636910608, 63.49745843419224], [-80.44352690503892, 63.48719968271338]]}, "properties": {"source": "28481986", "target": "25306013"}}, {"type": "Feature", "geometry": {"type": "LineString", "coordinates": [[-80.40655636910608, 63.49745843419224], [-80.41056924297084, 63.50046191064537]]}, "properties": {"source": "28481986", "target": "25472693"}}, {"type": "Feature", "geometry": {"type": "LineString", "coordinates": [[-80.40655636910608, 63.49745843419224], [-80.40847094609943, 63.49083610174503]]}, "properties": {"source": "28481986", "target": "30338665"}}, {"type": "Feature", "geometry": {"type": "LineString", "coordinates": [[-80.40655636910608, 63.49745843419224], [-80.43508724346184, 63.49980844336811]]}, "properties": {"source": "28481986", "target": "30311839"}}, {"type": "Feature", "geometry": {"type": "LineString", "coordinates": [[-80.40655636910608, 63.49745843419224], [-80.41387187005476, 63.5014961242517]]}, "properties": {"source": "28481986", "target": "21841508"}}, {"type": "Feature", "geometry": {"type": "LineString", "coordinates": [[-80.41361950072452, 63.487674695810796], [-80.45704291605041, 63.49623372321582]]}, "properties": {"source": "10148826", "target": "29772601"}}, {"type": "Feature", "geometry": {"type": "LineString", "coordinates": [[-80.41361950072452, 63.487674695810796], [-80.45967867752435, 63.48432220157625]]}, "properties": {"source": "10148826", "target": "29300855"}}, {"type": "Feature", "geometry": {"type": "LineString", "coordinates": [[-80.41361950072452, 63.487674695810796], [-80.44828410223424, 63.48482151456447]]}, "properties": {"source": "10148826", "target": "24311062"}}, {"type": "Feature", "geometry": {"type": "LineString", "coordinates": [[-80.41361950072452, 63.487674695810796], [-80.40828869038259, 63.49836903779949]]}, "properties": {"source": "10148826", "target": "15781449"}}, {"type": "Feature", "geometry": {"type": "LineString", "coordinates": [[-80.42597294083369, 63.49607607212296], [-80.42946222865396, 63.49883942332579]]}, "properties": {"source": "25975936", "target": "29409476"}}, {"type": "Feature", "geometry": {"type": "LineString", "coordinates": [[-80.42597294083369, 63.49607607212296], [-80.43250131072251, 63.500515500733655]]}, "properties": {"source": "25975936", "target": "28749536"}}, {"type": "Feature", "geometry": {"type": "LineString", "coordinates": [[-80.42597294083369, 63.49607607212296], [-80.41523459529499, 63.49384597069913]]}, "properties": {"source": "25975936", "target": "25113233"}}, {"type": "Feature", "geometry": {"type": "LineString", "coordinates": [[-80.45076406740839, 63.499163168913284], [-80.45704291605041, 63.49623372321582]]}, "properties": {"source": "26097303", "target": "29772601"}}, {"type": "Feature", "geometry": {"type": "LineString", "coordinates": [[-80.45076406740839, 63.499163168913284], [-80.45967867752435, 63.48432220157625]]}, "properties": {"source": "26097303", "target": "29300855"}}, {"type": "Feature", "geometry": {"type": "LineString", "coordinates": [[-80.45076406740839, 63.499163168913284], [-80.44807071438898, 63.48373045254809]]}, "properties": {"source": "26097303", "target": "28407925"}}, {"type": "Feature", "geometry": {"type": "LineString", "coordinates": [[-80.45076406740839, 63.499163168913284], [-80.4303483580276, 63.49232706851228]]}, "properties": {"source": "26097303", "target": "9970792"}}, {"type": "Feature", "geometry": {"type": "LineString", "coordinates": [[-80.45100326755029, 63.49811553803045], [-80.43892403917177, 63.48340208979519]]}, "properties": {"source": "28181844", "target": "28400177"}}, {"type": "Feature", "geometry": {"type": "LineString", "coordinates": [[-80.45100326755029, 63.49811553803045], [-80.43560167998754, 63.48345314999348]]}, "properties": {"source": "28181844", "target": "25479929"}}, {"type": "Feature", "geometry": {"type": "LineString", "coordinates": [[-80.45100326755029, 63.49811553803045], [-80.40534281073879, 63.49538183044841]]}, "properties": {"source": "28181844", "target": "28400286"}}, {"type": "Feature", "geometry": {"type": "LineString", "coordinates": [[-80.45100326755029, 63.49811553803045], [-80.42356823889341, 63.490740560764976]]}, "properties": {"source": "28181844", "target": "26615411"}}, {"type": "Feature", "geometry": {"type": "LineString", "coordinates": [[-80.41531737609338, 63.488562248174134], [-80.44820984967426, 63.48364664332341]]}, "properties": {"source": "1342330", "target": "11326347"}}, {"type": "Feature", "geometry": {"type": "LineString", "coordinates": [[-80.46184263146245, 63.48601009830489], [-80.44827365727006, 63.49409341110068]]}, "properties": {"source": "33023449", "target": "26193138"}}, {"type": "Feature", "geometry": {"type": "LineString", "coordinates": [[-80.46184263146245, 63.48601009830489], [-80.4073705752559, 63.48618644083784]]}, "properties": {"source": "33023449", "target": "29763318"}}, {"type": "Feature", "geometry": {"type": "LineString", "coordinates": [[-80.46184263146245, 63.48601009830489], [-80.40731571633421, 63.496320632324256]]}, "properties": {"source": "33023449", "target": "34661317"}}, {"type": "Feature", "geometry": {"type": "LineString", "coordinates": [[-80.46184263146245, 63.48601009830489], [-80.42946222865396, 63.49883942332579]]}, "properties": {"source": "33023449", "target": "29409476"}}, {"type": "Feature", "geometry": {"type": "LineString", "coordinates": [[-80.45606976758174, 63.49181421297317], [-80.4318234754958, 63.49845530894321]]}, "properties": {"source": "21901674", "target": "23805213"}}, {"type": "Feature", "geometry": {"type": "LineString", "coordinates": [[-80.45606976758174, 63.49181421297317], [-80.45530824504804, 63.48564090817797]]}, "properties": {"source": "21901674", "target": "18392004"}}, {"type": "Feature", "geometry": {"type": "LineString", "coordinates": [[-80.45606976758174, 63.49181421297317], [-80.41569758829817, 63.497375664975166]]}, "properties": {"source": "21901674", "target": "1958190"}}, {"type": "Feature", "geometry": {"type": "LineString", "coordinates": [[-80.45606976758174, 63.49181421297317], [-80.41387187005476, 63.5014961242517]]}, "properties": {"source": "21901674", "target": "21841508"}}, {"type": "Feature", "geometry": {"type": "LineString", "coordinates": [[-80.41183925988759, 63.48422886568045], [-80.42885850942544, 63.49302285386048]]}, "properties": {"source": "29611451", "target": "30345850"}}, {"type": "Feature", "geometry": {"type": "LineString", "coordinates": [[-80.41183925988759, 63.48422886568045], [-80.42076114803527, 63.48802667017357]]}, "properties": {"source": "29611451", "target": "29432120"}}, {"type": "Feature", "geometry": {"type": "LineString", "coordinates": [[-80.41183925988759, 63.48422886568045], [-80.44940555349385, 63.49647387950159]]}, "properties": {"source": "29611451", "target": "30342568"}}, {"type": "Feature", "geometry": {"type": "LineString", "coordinates": [[-80.41183925988759, 63.48422886568045], [-80.42406199959667, 63.48455415865382]]}, "properties": {"source": "29611451", "target": "33973725"}}, {"type": "Feature", "geometry": {"type": "LineString", "coordinates": [[-80.41183925988759, 63.48422886568045], [-80.43478553038956, 63.48654631618237]]}, "properties": {"source": "29611451", "target": "21800020"}}, {"type": "Feature", "geometry": {"type": "LineString", "coordinates": [[-80.41183925988759, 63.48422886568045], [-80.42335243499116, 63.49210503070694]]}, "properties": {"source": "29611451", "target": "27203439"}}, {"type": "Feature", "geometry": {"type": "LineString", "coordinates": [[-80.41183925988759, 63.48422886568045], [-80.41602391487098, 63.491003311694286]]}, "properties": {"source": "29611451", "target": "25925883"}}, {"type": "Feature", "geometry": {"type": "LineString", "coordinates": [[-80.41183925988759, 63.48422886568045], [-80.4123336900199, 63.48515109804889]]}, "properties": {"source": "29611451", "target": "25663019"}}, {"type": "Feature", "geometry": {"type": "LineString", "coordinates": [[-80.40934932354091, 63.501749146387425], [-80.45704291605041, 63.49623372321582]]}, "properties": {"source": "25528135", "target": "29772601"}}, {"type": "Feature", "geometry": {"type": "LineString", "coordinates": [[-80.40934932354091, 63.501749146387425], [-80.45967867752435, 63.48432220157625]]}, "properties": {"source": "25528135", "target": "29300855"}}, {"type": "Feature", "geometry": {"type": "LineString", "coordinates": [[-80.40934932354091, 63.501749146387425], [-80.44828410223424, 63.48482151456447]]}, "properties": {"source": "25528135", "target": "24311062"}}, {"type": "Feature", "geometry": {"type": "LineString", "coordinates": [[-80.40934932354091, 63.501749146387425], [-80.44807071438898, 63.48373045254809]]}, "properties": {"source": "25528135", "target": "28407925"}}, {"type": "Feature", "geometry": {"type": "LineString", "coordinates": [[-80.45625916503685, 63.48796473497116], [-80.42903325874124, 63.48968568375311]]}, "properties": {"source": "27389769", "target": "25982934"}}, {"type": "Feature", "geometry": {"type": "LineString", "coordinates": [[-80.45625916503685, 63.48796473497116], [-80.42523467609661, 63.50037747891774]]}, "properties": {"source": "27389769", "target": "26207897"}}, {"type": "Feature", "geometry": {"type": "LineString", "coordinates": [[-80.45625916503685, 63.48796473497116], [-80.45621761204036, 63.493413488039735]]}, "properties": {"source": "27389769", "target": "25645107"}}, {"type": "Feature", "geometry": {"type": "LineString", "coordinates": [[-80.44699954094159, 63.498929878336426], [-80.4348998075846, 63.50061499954941]]}, "properties": {"source": "25143670", "target": "24947796"}}, {"type": "Feature", "geometry": {"type": "LineString", "coordinates": [[-80.44699954094159, 63.498929878336426], [-80.44853992561299, 63.49181879175069]]}, "properties": {"source": "25143670", "target": "25625829"}}, {"type": "Feature", "geometry": {"type": "LineString", "coordinates": [[-80.44699954094159, 63.498929878336426], [-80.44873370101418, 63.50003500309134]]}, "properties": {"source": "25143670", "target": "25347478"}}, {"type": "Feature", "geometry": {"type": "LineString", "coordinates": [[-80.44699954094159, 63.498929878336426], [-80.44848364051501, 63.48873255726899]]}, "properties": {"source": "25143670", "target": "22586303"}}, {"type": "Feature", "geometry": {"type": "LineString", "coordinates": [[-80.44699954094159, 63.498929878336426], [-80.44072605127572, 63.492077187892065]]}, "properties": {"source": "25143670", "target": "23782204"}}, {"type": "Feature", "geometry": {"type": "LineString", "coordinates": [[-80.44699954094159, 63.498929878336426], [-80.41753737363669, 63.49018376283229]]}, "properties": {"source": "25143670", "target": "22456051"}}, {"type": "Feature", "geometry": {"type": "LineString", "coordinates": [[-80.44699954094159, 63.498929878336426], [-80.42098414998459, 63.48491604074455]]}, "properties": {"source": "25143670", "target": "23477503"}}, {"type": "Feature", "geometry": {"type": "LineString", "coordinates": [[-80.40884757304777, 63.483996847572016], [-80.45967867752435, 63.48432220157625]]}, "properties": {"source": "8559856", "target": "29300855"}}, {"type": "Feature", "geometry": {"type": "LineString", "coordinates": [[-80.40884757304777, 63.483996847572016], [-80.42376525512539, 63.49781117577675]]}, "properties": {"source": "8559856", "target": "25348771"}}, {"type": "Feature", "geometry": {"type": "LineString", "coordinates": [[-80.43602747295485, 63.49301812022121], [-80.41559402044898, 63.49319435571488]]}, "properties": {"source": "29921103", "target": "17841418"}}, {"type": "Feature", "geometry": {"type": "LineString", "coordinates": [[-80.43602747295485, 63.49301812022121], [-80.4409078859532, 63.493176851423925]]}, "properties": {"source": "29921103", "target": "34211633"}}, {"type": "Feature", "geometry": {"type": "LineString", "coordinates": [[-80.43602747295485, 63.49301812022121], [-80.44686293795269, 63.49398100917935]]}, "properties": {"source": "29921103", "target": "16035868"}}, {"type": "Feature", "geometry": {"type": "LineString", "coordinates": [[-80.43602747295485, 63.49301812022121], [-80.42334686172659, 63.49360991204141]]}, "properties": {"source": "29921103", "target": "34599461"}}, {"type": "Feature", "geometry": {"type": "LineString", "coordinates": [[-80.41555289814208, 63.497056225454614], [-80.438984485117, 63.50044496097017]]}, "properties": {"source": "32063463", "target": "30355739"}}, {"type": "Feature", "geometry": {"type": "LineString", "coordinates": [[-80.4324603682593, 63.483635371300295], [-80.42493041155608, 63.496911182680876]]}, "properties": {"source": "25307530", "target": "27430815"}}, {"type": "Feature", "geometry": {"type": "LineString", "coordinates": [[-80.4324603682593, 63.483635371300295], [-80.41500432262906, 63.48312562888394]]}, "properties": {"source": "25307530", "target": "26062353"}}, {"type": "Feature", "geometry": {"type": "LineString", "coordinates": [[-80.4324603682593, 63.483635371300295], [-80.44058455659696, 63.50168577740476]]}, "properties": {"source": "25307530", "target": "25692670"}}, {"type": "Feature", "geometry": {"type": "LineString", "coordinates": [[-80.4324603682593, 63.483635371300295], [-80.42862389931288, 63.500815386881015]]}, "properties": {"source": "25307530", "target": "1506589"}}, {"type": "Feature", "geometry": {"type": "LineString", "coordinates": [[-80.4303483580276, 63.49232706851228], [-80.44807071438898, 63.48373045254809]]}, "properties": {"source": "9970792", "target": "28407925"}}, {"type": "Feature", "geometry": {"type": "LineString", "coordinates": [[-80.45477100224852, 63.492721454960005], [-80.42493041155608, 63.496911182680876]]}, "properties": {"source": "25038821", "target": "27430815"}}, {"type": "Feature", "geometry": {"type": "LineString", "coordinates": [[-80.45477100224852, 63.492721454960005], [-80.44053210363748, 63.48283631749983]]}, "properties": {"source": "25038821", "target": "25998924"}}, {"type": "Feature", "geometry": {"type": "LineString", "coordinates": [[-80.45477100224852, 63.492721454960005], [-80.45576812987609, 63.48758136970625]]}, "properties": {"source": "25038821", "target": "27131137"}}, {"type": "Feature", "geometry": {"type": "LineString", "coordinates": [[-80.45477100224852, 63.492721454960005], [-80.41611307632388, 63.48998952417688]]}, "properties": {"source": "25038821", "target": "25893960"}}, {"type": "Feature", "geometry": {"type": "LineString", "coordinates": [[-80.45477100224852, 63.492721454960005], [-80.4202251125489, 63.49833501576033]]}, "properties": {"source": "25038821", "target": "24925012"}}, {"type": "Feature", "geometry": {"type": "LineString", "coordinates": [[-80.45477100224852, 63.492721454960005], [-80.4248161118255, 63.48604306053285]]}, "properties": {"source": "25038821", "target": "25432020"}}, {"type": "Feature", "geometry": {"type": "LineString", "coordinates": [[-80.46002298105036, 63.493522645397746], [-80.44554112790941, 63.50160072891771]]}, "properties": {"source": "28504257", "target": "30235388"}}, {"type": "Feature", "geometry": {"type": "LineString", "coordinates": [[-80.46002298105036, 63.493522645397746], [-80.438984485117, 63.50044496097017]]}, "properties": {"source": "28504257", "target": "30355739"}}, {"type": "Feature", "geometry": {"type": "LineString", "coordinates": [[-80.46002298105036, 63.493522645397746], [-80.45625916503685, 63.48796473497116]]}, "properties": {"source": "28504257", "target": "27389769"}}, {"type": "Feature", "geometry": {"type": "LineString", "coordinates": [[-80.46002298105036, 63.493522645397746], [-80.42903325874124, 63.48968568375311]]}, "properties": {"source": "28504257", "target": "25982934"}}, {"type": "Feature", "geometry": {"type": "LineString", "coordinates": [[-80.45654209700608, 63.49489645937855], [-80.42311655564569, 63.48232108208232]]}, "properties": {"source": "28501827", "target": "34339637"}}, {"type": "Feature", "geometry": {"type": "LineString", "coordinates": [[-80.45654209700608, 63.49489645937855], [-80.42946222865396, 63.49883942332579]]}, "properties": {"source": "28501827", "target": "29409476"}}, {"type": "Feature", "geometry": {"type": "LineString", "coordinates": [[-80.45654209700608, 63.49489645937855], [-80.41555289814208, 63.497056225454614]]}, "properties": {"source": "28501827", "target": "32063463"}}, {"type": "Feature", "geometry": {"type": "LineString", "coordinates": [[-80.45598979120923, 63.48617360242615], [-80.44053210363748, 63.48283631749983]]}, "properties": {"source": "25118789", "target": "25998924"}}, {"type": "Feature", "geometry": {"type": "LineString", "coordinates": [[-80.45598979120923, 63.48617360242615], [-80.45196713655987, 63.4892849309374]]}, "properties": {"source": "25118789", "target": "25517536"}}, {"type": "Feature", "geometry": {"type": "LineString", "coordinates": [[-80.45598979120923, 63.48617360242615], [-80.42473612586468, 63.49776161585119]]}, "properties": {"source": "25118789", "target": "26055566"}}, {"type": "Feature", "geometry": {"type": "LineString", "coordinates": [[-80.45598979120923, 63.48617360242615], [-80.43114036202007, 63.49606598940474]]}, "properties": {"source": "25118789", "target": "20317971"}}, {"type": "Feature", "geometry": {"type": "LineString", "coordinates": [[-80.43114036202007, 63.49606598940474], [-80.45196713655987, 63.4892849309374]]}, "properties": {"source": "20317971", "target": "25517536"}}, {"type": "Feature", "geometry": {"type": "LineString", "coordinates": [[-80.43114036202007, 63.49606598940474], [-80.45836223556424, 63.49647450144238]]}, "properties": {"source": "20317971", "target": "22822368"}}, {"type": "Feature", "geometry": {"type": "LineString", "coordinates": [[-80.43114036202007, 63.49606598940474], [-80.44718141218752, 63.49488975551455]]}, "properties": {"source": "20317971", "target": "13321301"}}, {"type": "Feature", "geometry": {"type": "LineString", "coordinates": [[-80.41284758547378, 63.49109595512675], [-80.42562122259592, 63.49022791014333]]}, "properties": {"source": "21794604", "target": "18456406"}}, {"type": "Feature", "geometry": {"type": "LineString", "coordinates": [[-80.42899147950288, 63.48538368414165], [-80.44940555349385, 63.49647387950159]]}, "properties": {"source": "27246435", "target": "30342568"}}, {"type": "Feature", "geometry": {"type": "LineString", "coordinates": [[-80.42899147950288, 63.48538368414165], [-80.41183925988759, 63.48422886568045]]}, "properties": {"source": "27246435", "target": "29611451"}}, {"type": "Feature", "geometry": {"type": "LineString", "coordinates": [[-80.42899147950288, 63.48538368414165], [-80.41086444805772, 63.497764900677936]]}, "properties": {"source": "27246435", "target": "18052047"}}, {"type": "Feature", "geometry": {"type": "LineString", "coordinates": [[-80.42899147950288, 63.48538368414165], [-80.43478553038956, 63.48654631618237]]}, "properties": {"source": "27246435", "target": "21800020"}}, {"type": "Feature", "geometry": {"type": "LineString", "coordinates": [[-80.41284758547378, 63.49109595512675], [-80.46238003045579, 63.48455370382406]]}, "properties": {"source": "21794604", "target": "1981287"}}, {"type": "Feature", "geometry": {"type": "LineString", "coordinates": [[-80.42710473099389, 63.48734134219673], [-80.40459124280515, 63.48734386684632]]}, "properties": {"source": "28441591", "target": "30164229"}}, {"type": "Feature", "geometry": {"type": "LineString", "coordinates": [[-80.42710473099389, 63.48734134219673], [-80.45229843644002, 63.50104471328608]]}, "properties": {"source": "28441591", "target": "28191260"}}, {"type": "Feature", "geometry": {"type": "LineString", "coordinates": [[-80.42710473099389, 63.48734134219673], [-80.44058455659696, 63.50168577740476]]}, "properties": {"source": "28441591", "target": "25692670"}}, {"type": "Feature", "geometry": {"type": "LineString", "coordinates": [[-80.45196713655987, 63.4892849309374], [-80.42606642585774, 63.4891840038032]]}, "properties": {"source": "25517536", "target": "25542122"}}, {"type": "Feature", "geometry": {"type": "LineString", "coordinates": [[-80.45196713655987, 63.4892849309374], [-80.44053210363748, 63.48283631749983]]}, "properties": {"source": "25517536", "target": "25998924"}}, {"type": "Feature", "geometry": {"type": "LineString", "coordinates": [[-80.45196713655987, 63.4892849309374], [-80.45836223556424, 63.49647450144238]]}, "properties": {"source": "25517536", "target": "22822368"}}, {"type": "Feature", "geometry": {"type": "LineString", "coordinates": [[-80.44675710321151, 63.49697518911182], [-80.45747799714145, 63.491662693422754]]}, "properties": {"source": "22305894", "target": "23218876"}}, {"type": "Feature", "geometry": {"type": "LineString", "coordinates": [[-80.44675710321151, 63.49697518911182], [-80.44700007911239, 63.49217497975165]]}, "properties": {"source": "22305894", "target": "23570105"}}, {"type": "Feature", "geometry": {"type": "LineString", "coordinates": [[-80.44675710321151, 63.49697518911182], [-80.42460053994112, 63.48739190167997]]}, "properties": {"source": "22305894", "target": "24473980"}}, {"type": "Feature", "geometry": {"type": "LineString", "coordinates": [[-80.40847094609943, 63.49083610174503], [-80.44848364051501, 63.48873255726899]]}, "properties": {"source": "30338665", "target": "22586303"}}, {"type": "Feature", "geometry": {"type": "LineString", "coordinates": [[-80.40847094609943, 63.49083610174503], [-80.43508724346184, 63.49980844336811]]}, "properties": {"source": "30338665", "target": "30311839"}}, {"type": "Feature", "geometry": {"type": "LineString", "coordinates": [[-80.41271905899211, 63.486349443048056], [-80.45229843644002, 63.50104471328608]]}, "properties": {"source": "28940691", "target": "28191260"}}, {"type": "Feature", "geometry": {"type": "LineString", "coordinates": [[-80.41271905899211, 63.486349443048056], [-80.4632954122893, 63.490168071319886]]}, "properties": {"source": "28940691", "target": "26014581"}}, {"type": "Feature", "geometry": {"type": "LineString", "coordinates": [[-80.41271905899211, 63.486349443048056], [-80.44827365727006, 63.49409341110068]]}, "properties": {"source": "28940691", "target": "26193138"}}, {"type": "Feature", "geometry": {"type": "LineString", "coordinates": [[-80.4202251125489, 63.49833501576033], [-80.40895294417163, 63.496245840296226]]}, "properties": {"source": "24925012", "target": "11306050"}}, {"type": "Feature", "geometry": {"type": "LineString", "coordinates": [[-80.41271905899211, 63.486349443048056], [-80.4568657384092, 63.483530568578004]]}, "properties": {"source": "28940691", "target": "25713408"}}, {"type": "Feature", "geometry": {"type": "LineString", "coordinates": [[-80.42899147950288, 63.48538368414165], [-80.4176304072786, 63.48823733788011]]}, "properties": {"source": "27246435", "target": "11127506"}}, {"type": "Feature", "geometry": {"type": "LineString", "coordinates": [[-80.42899147950288, 63.48538368414165], [-80.42335243499116, 63.49210503070694]]}, "properties": {"source": "27246435", "target": "27203439"}}, {"type": "Feature", "geometry": {"type": "LineString", "coordinates": [[-80.42899147950288, 63.48538368414165], [-80.45475069624689, 63.49216946819709]]}, "properties": {"source": "27246435", "target": "17668631"}}, {"type": "Feature", "geometry": {"type": "LineString", "coordinates": [[-80.42899147950288, 63.48538368414165], [-80.41602391487098, 63.491003311694286]]}, "properties": {"source": "27246435", "target": "25925883"}}, {"type": "Feature", "geometry": {"type": "LineString", "coordinates": [[-80.42899147950288, 63.48538368414165], [-80.4123336900199, 63.48515109804889]]}, "properties": {"source": "27246435", "target": "25663019"}}, {"type": "Feature", "geometry": {"type": "LineString", "coordinates": [[-80.42899147950288, 63.48538368414165], [-80.45284207567887, 63.487958261467185]]}, "properties": {"source": "27246435", "target": "25825413"}}, {"type": "Feature", "geometry": {"type": "LineString", "coordinates": [[-80.42899147950288, 63.48538368414165], [-80.42464273539349, 63.49895961148401]]}, "properties": {"source": "27246435", "target": "25764359"}}, {"type": "Feature", "geometry": {"type": "LineString", "coordinates": [[-80.40425525221, 63.502138876474305], [-80.42493041155608, 63.496911182680876]]}, "properties": {"source": "25841522", "target": "27430815"}}, {"type": "Feature", "geometry": {"type": "LineString", "coordinates": [[-80.40425525221, 63.502138876474305], [-80.41500432262906, 63.48312562888394]]}, "properties": {"source": "25841522", "target": "26062353"}}, {"type": "Feature", "geometry": {"type": "LineString", "coordinates": [[-80.40425525221, 63.502138876474305], [-80.43759420862325, 63.49222190990224]]}, "properties": {"source": "25841522", "target": "28258255"}}, {"type": "Feature", "geometry": {"type": "LineString", "coordinates": [[-80.40425525221, 63.502138876474305], [-80.40459124280515, 63.48734386684632]]}, "properties": {"source": "25841522", "target": "30164229"}}, {"type": "Feature", "geometry": {"type": "LineString", "coordinates": [[-80.40425525221, 63.502138876474305], [-80.45229843644002, 63.50104471328608]]}, "properties": {"source": "25841522", "target": "28191260"}}, {"type": "Feature", "geometry": {"type": "LineString", "coordinates": [[-80.45477100224852, 63.492721454960005], [-80.46109995469912, 63.49218442157799]]}, "properties": {"source": "25038821", "target": "27821516"}}, {"type": "Feature", "geometry": {"type": "LineString", "coordinates": [[-80.4251823869489, 63.49467598602732], [-80.43892403917177, 63.48340208979519]]}, "properties": {"source": "28399879", "target": "28400177"}}, {"type": "Feature", "geometry": {"type": "LineString", "coordinates": [[-80.4251823869489, 63.49467598602732], [-80.4521340657025, 63.49182169718196]]}, "properties": {"source": "28399879", "target": "29622068"}}, {"type": "Feature", "geometry": {"type": "LineString", "coordinates": [[-80.4251823869489, 63.49467598602732], [-80.41885903710723, 63.49482609035185]]}, "properties": {"source": "28399879", "target": "8064509"}}, {"type": "Feature", "geometry": {"type": "LineString", "coordinates": [[-80.41390701632106, 63.49571609065573], [-80.43977507075866, 63.49444061003594]]}, "properties": {"source": "32499691", "target": "30233218"}}, {"type": "Feature", "geometry": {"type": "LineString", "coordinates": [[-80.41390701632106, 63.49571609065573], [-80.438984485117, 63.50044496097017]]}, "properties": {"source": "32499691", "target": "30355739"}}, {"type": "Feature", "geometry": {"type": "LineString", "coordinates": [[-80.41390701632106, 63.49571609065573], [-80.43954695825322, 63.493761727961754]]}, "properties": {"source": "32499691", "target": "30233214"}}, {"type": "Feature", "geometry": {"type": "LineString", "coordinates": [[-80.41390701632106, 63.49571609065573], [-80.41420323878177, 63.4917208733812]]}, "properties": {"source": "32499691", "target": "36056673"}}, {"type": "Feature", "geometry": {"type": "LineString", "coordinates": [[-80.41390701632106, 63.49571609065573], [-80.40845045762259, 63.48415264085409]]}, "properties": {"source": "32499691", "target": "33286346"}}, {"type": "Feature", "geometry": {"type": "LineString", "coordinates": [[-80.41390701632106, 63.49571609065573], [-80.4302526416133, 63.49799285229963]]}, "properties": {"source": "32499691", "target": "30233209"}}, {"type": "Feature", "geometry": {"type": "LineString", "coordinates": [[-80.41390701632106, 63.49571609065573], [-80.44135025332817, 63.48590537854015]]}, "properties": {"source": "32499691", "target": "36137495"}}, {"type": "Feature", "geometry": {"type": "LineString", "coordinates": [[-80.41390701632106, 63.49571609065573], [-80.42292441986883, 63.486409477008394]]}, "properties": {"source": "32499691", "target": "29751934"}}, {"type": "Feature", "geometry": {"type": "LineString", "coordinates": [[-80.45606976758174, 63.49181421297317], [-80.42265428201146, 63.48230664658578]]}, "properties": {"source": "21901674", "target": "22793531"}}, {"type": "Feature", "geometry": {"type": "LineString", "coordinates": [[-80.45606976758174, 63.49181421297317], [-80.45747799714145, 63.491662693422754]]}, "properties": {"source": "21901674", "target": "23218876"}}, {"type": "Feature", "geometry": {"type": "LineString", "coordinates": [[-80.45606976758174, 63.49181421297317], [-80.44848364051501, 63.48873255726899]]}, "properties": {"source": "21901674", "target": "22586303"}}, {"type": "Feature", "geometry": {"type": "LineString", "coordinates": [[-80.45606976758174, 63.49181421297317], [-80.44072605127572, 63.492077187892065]]}, "properties": {"source": "21901674", "target": "23782204"}}, {"type": "Feature", "geometry": {"type": "LineString", "coordinates": [[-80.45606976758174, 63.49181421297317], [-80.41668106895004, 63.4827065334283]]}, "properties": {"source": "21901674", "target": "23210606"}}, {"type": "Feature", "geometry": {"type": "LineString", "coordinates": [[-80.45606976758174, 63.49181421297317], [-80.41753737363669, 63.49018376283229]]}, "properties": {"source": "21901674", "target": "22456051"}}, {"type": "Feature", "geometry": {"type": "LineString", "coordinates": [[-80.45606976758174, 63.49181421297317], [-80.44395347980799, 63.49326209027255]]}, "properties": {"source": "21901674", "target": "22305904"}}, {"type": "Feature", "geometry": {"type": "LineString", "coordinates": [[-80.45606976758174, 63.49181421297317], [-80.452867910192, 63.49218327268929]]}, "properties": {"source": "21901674", "target": "18392014"}}, {"type": "Feature", "geometry": {"type": "LineString", "coordinates": [[-80.40457821060072, 63.497603868518055], [-80.46001170672464, 63.49271615649266]]}, "properties": {"source": "22571023", "target": "24951836"}}, {"type": "Feature", "geometry": {"type": "LineString", "coordinates": [[-80.40457821060072, 63.497603868518055], [-80.42574287511049, 63.49054578947613]]}, "properties": {"source": "22571023", "target": "23287190"}}, {"type": "Feature", "geometry": {"type": "LineString", "coordinates": [[-80.44534757300106, 63.499418609749256], [-80.45939929158085, 63.48376639179061]]}, "properties": {"source": "16048426", "target": "15706433"}}, {"type": "Feature", "geometry": {"type": "LineString", "coordinates": [[-80.44534757300106, 63.499418609749256], [-80.45410924173707, 63.4897390970813]]}, "properties": {"source": "16048426", "target": "17732509"}}, {"type": "Feature", "geometry": {"type": "LineString", "coordinates": [[-80.45064341267485, 63.48779304197393], [-80.41531737609338, 63.488562248174134]]}, "properties": {"source": "18743190", "target": "1342330"}}, {"type": "Feature", "geometry": {"type": "LineString", "coordinates": [[-80.45064341267485, 63.48779304197393], [-80.44820984967426, 63.48364664332341]]}, "properties": {"source": "18743190", "target": "11326347"}}, {"type": "Feature", "geometry": {"type": "LineString", "coordinates": [[-80.417237415521, 63.4957375014701], [-80.41531737609338, 63.488562248174134]]}, "properties": {"source": "33593763", "target": "1342330"}}, {"type": "Feature", "geometry": {"type": "LineString", "coordinates": [[-80.417237415521, 63.4957375014701], [-80.44820984967426, 63.48364664332341]]}, "properties": {"source": "33593763", "target": "11326347"}}, {"type": "Feature", "geometry": {"type": "LineString", "coordinates": [[-80.45410924173707, 63.4897390970813], [-80.45939929158085, 63.48376639179061]]}, "properties": {"source": "17732509", "target": "15706433"}}, {"type": "Feature", "geometry": {"type": "LineString", "coordinates": [[-80.45872077171373, 63.492108368925], [-80.42493041155608, 63.496911182680876]]}, "properties": {"source": "29889224", "target": "27430815"}}, {"type": "Feature", "geometry": {"type": "LineString", "coordinates": [[-80.46066046619738, 63.489016082752045], [-80.40949371291782, 63.49105734366381]]}, "properties": {"source": "17886548", "target": "18752092"}}, {"type": "Feature", "geometry": {"type": "LineString", "coordinates": [[-80.44300333152258, 63.50166908223041], [-80.40949371291782, 63.49105734366381]]}, "properties": {"source": "20828901", "target": "18752092"}}, {"type": "Feature", "geometry": {"type": "LineString", "coordinates": [[-80.4506772950736, 63.50092012487042], [-80.41559402044898, 63.49319435571488]]}, "properties": {"source": "32812405", "target": "17841418"}}, {"type": "Feature", "geometry": {"type": "LineString", "coordinates": [[-80.4506772950736, 63.50092012487042], [-80.44686293795269, 63.49398100917935]]}, "properties": {"source": "32812405", "target": "16035868"}}, {"type": "Feature", "geometry": {"type": "LineString", "coordinates": [[-80.42311655564569, 63.48232108208232], [-80.44554112790941, 63.50160072891771]]}, "properties": {"source": "34339637", "target": "30235388"}}, {"type": "Feature", "geometry": {"type": "LineString", "coordinates": [[-80.42311655564569, 63.48232108208232], [-80.438984485117, 63.50044496097017]]}, "properties": {"source": "34339637", "target": "30355739"}}, {"type": "Feature", "geometry": {"type": "LineString", "coordinates": [[-80.43333875212704, 63.50080608081136], [-80.45912952246348, 63.48730114722488]]}, "properties": {"source": "24924558", "target": "23654986"}}, {"type": "Feature", "geometry": {"type": "LineString", "coordinates": [[-80.43333875212704, 63.50080608081136], [-80.41540162116215, 63.4878596678099]]}, "properties": {"source": "24924558", "target": "24894687"}}, {"type": "Feature", "geometry": {"type": "LineString", "coordinates": [[-80.42376525512539, 63.49781117577675], [-80.45704291605041, 63.49623372321582]]}, "properties": {"source": "25348771", "target": "29772601"}}, {"type": "Feature", "geometry": {"type": "LineString", "coordinates": [[-80.42376525512539, 63.49781117577675], [-80.4133031233983, 63.484406371306065]]}, "properties": {"source": "25348771", "target": "24812176"}}, {"type": "Feature", "geometry": {"type": "LineString", "coordinates": [[-80.42376525512539, 63.49781117577675], [-80.44855966990673, 63.490962929951365]]}, "properties": {"source": "25348771", "target": "25008270"}}, {"type": "Feature", "geometry": {"type": "LineString", "coordinates": [[-80.42376525512539, 63.49781117577675], [-80.45967867752435, 63.48432220157625]]}, "properties": {"source": "25348771", "target": "29300855"}}, {"type": "Feature", "geometry": {"type": "LineString", "coordinates": [[-80.42376525512539, 63.49781117577675], [-80.40934932354091, 63.501749146387425]]}, "properties": {"source": "25348771", "target": "25528135"}}, {"type": "Feature", "geometry": {"type": "LineString", "coordinates": [[-80.42376525512539, 63.49781117577675], [-80.44828410223424, 63.48482151456447]]}, "properties": {"source": "25348771", "target": "24311062"}}, {"type": "Feature", "geometry": {"type": "LineString", "coordinates": [[-80.42376525512539, 63.49781117577675], [-80.44807071438898, 63.48373045254809]]}, "properties": {"source": "25348771", "target": "28407925"}}, {"type": "Feature", "geometry": {"type": "LineString", "coordinates": [[-80.42376525512539, 63.49781117577675], [-80.45431764552242, 63.487507530200986]]}, "properties": {"source": "25348771", "target": "22439404"}}, {"type": "Feature", "geometry": {"type": "LineString", "coordinates": [[-80.42376525512539, 63.49781117577675], [-80.40828869038259, 63.49836903779949]]}, "properties": {"source": "25348771", "target": "15781449"}}, {"type": "Feature", "geometry": {"type": "LineString", "coordinates": [[-80.42376525512539, 63.49781117577675], [-80.41361950072452, 63.487674695810796]]}, "properties": {"source": "25348771", "target": "10148826"}}, {"type": "Feature", "geometry": {"type": "LineString", "coordinates": [[-80.42376525512539, 63.49781117577675], [-80.4303483580276, 63.49232706851228]]}, "properties": {"source": "25348771", "target": "9970792"}}, {"type": "Feature", "geometry": {"type": "LineString", "coordinates": [[-80.42899147950288, 63.48538368414165], [-80.42885850942544, 63.49302285386048]]}, "properties": {"source": "27246435", "target": "30345850"}}, {"type": "Feature", "geometry": {"type": "LineString", "coordinates": [[-80.42899147950288, 63.48538368414165], [-80.42076114803527, 63.48802667017357]]}, "properties": {"source": "27246435", "target": "29432120"}}, {"type": "Feature", "geometry": {"type": "LineString", "coordinates": [[-80.42376525512539, 63.49781117577675], [-80.44561300721367, 63.48463068207829]]}, "properties": {"source": "25348771", "target": "28271785"}}, {"type": "Feature", "geometry": {"type": "LineString", "coordinates": [[-80.40425525221, 63.502138876474305], [-80.43267413133567, 63.492842310487916]]}, "properties": {"source": "25841522", "target": "25676320"}}, {"type": "Feature", "geometry": {"type": "LineString", "coordinates": [[-80.40425525221, 63.502138876474305], [-80.40383315814417, 63.4878451206431]]}, "properties": {"source": "25841522", "target": "25196150"}}, {"type": "Feature", "geometry": {"type": "LineString", "coordinates": [[-80.40425525221, 63.502138876474305], [-80.45189314854484, 63.49990699593525]]}, "properties": {"source": "25841522", "target": "2874286"}}, {"type": "Feature", "geometry": {"type": "LineString", "coordinates": [[-80.41668106895004, 63.4827065334283], [-80.43279115561636, 63.49434206719182]]}, "properties": {"source": "23210606", "target": "25885320"}}, {"type": "Feature", "geometry": {"type": "LineString", "coordinates": [[-80.41668106895004, 63.4827065334283], [-80.41587815895278, 63.501038173957895]]}, "properties": {"source": "23210606", "target": "25876718"}}, {"type": "Feature", "geometry": {"type": "LineString", "coordinates": [[-80.41668106895004, 63.4827065334283], [-80.43471368744976, 63.49804890631181]]}, "properties": {"source": "23210606", "target": "25291349"}}, {"type": "Feature", "geometry": {"type": "LineString", "coordinates": [[-80.41668106895004, 63.4827065334283], [-80.4348998075846, 63.50061499954941]]}, "properties": {"source": "23210606", "target": "24947796"}}, {"type": "Feature", "geometry": {"type": "LineString", "coordinates": [[-80.41668106895004, 63.4827065334283], [-80.44853992561299, 63.49181879175069]]}, "properties": {"source": "23210606", "target": "25625829"}}, {"type": "Feature", "geometry": {"type": "LineString", "coordinates": [[-80.41668106895004, 63.4827065334283], [-80.42265428201146, 63.48230664658578]]}, "properties": {"source": "23210606", "target": "22793531"}}, {"type": "Feature", "geometry": {"type": "LineString", "coordinates": [[-80.41668106895004, 63.4827065334283], [-80.44873370101418, 63.50003500309134]]}, "properties": {"source": "23210606", "target": "25347478"}}, {"type": "Feature", "geometry": {"type": "LineString", "coordinates": [[-80.41668106895004, 63.4827065334283], [-80.44848364051501, 63.48873255726899]]}, "properties": {"source": "23210606", "target": "22586303"}}, {"type": "Feature", "geometry": {"type": "LineString", "coordinates": [[-80.46091457713578, 63.497006578097015], [-80.44700007911239, 63.49217497975165]]}, "properties": {"source": "24473985", "target": "23570105"}}, {"type": "Feature", "geometry": {"type": "LineString", "coordinates": [[-80.46091457713578, 63.497006578097015], [-80.42460053994112, 63.48739190167997]]}, "properties": {"source": "24473985", "target": "24473980"}}, {"type": "Feature", "geometry": {"type": "LineString", "coordinates": [[-80.46091457713578, 63.497006578097015], [-80.42407897552687, 63.48675624463448]]}, "properties": {"source": "24473985", "target": "24505523"}}, {"type": "Feature", "geometry": {"type": "LineString", "coordinates": [[-80.45576812987609, 63.48758136970625], [-80.42493041155608, 63.496911182680876]]}, "properties": {"source": "27131137", "target": "27430815"}}, {"type": "Feature", "geometry": {"type": "LineString", "coordinates": [[-80.40425525221, 63.502138876474305], [-80.40611168747672, 63.50027247329392]]}, "properties": {"source": "25841522", "target": "25078905"}}, {"type": "Feature", "geometry": {"type": "LineString", "coordinates": [[-80.45836223556424, 63.49647450144238], [-80.44053210363748, 63.48283631749983]]}, "properties": {"source": "22822368", "target": "25998924"}}, {"type": "Feature", "geometry": {"type": "LineString", "coordinates": [[-80.43090892124569, 63.484585746058386], [-80.4632954122893, 63.490168071319886]]}, "properties": {"source": "24622771", "target": "26014581"}}, {"type": "Feature", "geometry": {"type": "LineString", "coordinates": [[-80.43090892124569, 63.484585746058386], [-80.43011453954522, 63.49285715982728]]}, "properties": {"source": "24622771", "target": "25223087"}}, {"type": "Feature", "geometry": {"type": "LineString", "coordinates": [[-80.43090892124569, 63.484585746058386], [-80.4596412355491, 63.49637310844605]]}, "properties": {"source": "24622771", "target": "25473101"}}, {"type": "Feature", "geometry": {"type": "LineString", "coordinates": [[-80.43090892124569, 63.484585746058386], [-80.40958507115376, 63.489772185953456]]}, "properties": {"source": "24622771", "target": "25307819"}}, {"type": "Feature", "geometry": {"type": "LineString", "coordinates": [[-80.43011453954522, 63.49285715982728], [-80.4632954122893, 63.490168071319886]]}, "properties": {"source": "25223087", "target": "26014581"}}, {"type": "Feature", "geometry": {"type": "LineString", "coordinates": [[-80.43011453954522, 63.49285715982728], [-80.4596412355491, 63.49637310844605]]}, "properties": {"source": "25223087", "target": "25473101"}}, {"type": "Feature", "geometry": {"type": "LineString", "coordinates": [[-80.43011453954522, 63.49285715982728], [-80.40958507115376, 63.489772185953456]]}, "properties": {"source": "25223087", "target": "25307819"}}, {"type": "Feature", "geometry": {"type": "LineString", "coordinates": [[-80.43011453954522, 63.49285715982728], [-80.42708509127417, 63.488027907715036]]}, "properties": {"source": "25223087", "target": "28939939"}}, {"type": "Feature", "geometry": {"type": "LineString", "coordinates": [[-80.43662562644529, 63.498289159263564], [-80.42493041155608, 63.496911182680876]]}, "properties": {"source": "29081694", "target": "27430815"}}, {"type": "Feature", "geometry": {"type": "LineString", "coordinates": [[-80.43662562644529, 63.498289159263564], [-80.45229843644002, 63.50104471328608]]}, "properties": {"source": "29081694", "target": "28191260"}}, {"type": "Feature", "geometry": {"type": "LineString", "coordinates": [[-80.40895294417163, 63.496245840296226], [-80.42493041155608, 63.496911182680876]]}, "properties": {"source": "11306050", "target": "27430815"}}, {"type": "Feature", "geometry": {"type": "LineString", "coordinates": [[-80.45057021845004, 63.49799813828983], [-80.43560167998754, 63.48345314999348]]}, "properties": {"source": "23342660", "target": "25479929"}}, {"type": "Feature", "geometry": {"type": "LineString", "coordinates": [[-80.43971502141822, 63.489165832506416], [-80.44855966990673, 63.490962929951365]]}, "properties": {"source": "23521646", "target": "25008270"}}, {"type": "Feature", "geometry": {"type": "LineString", "coordinates": [[-80.43971502141822, 63.489165832506416], [-80.45912952246348, 63.48730114722488]]}, "properties": {"source": "23521646", "target": "23654986"}}, {"type": "Feature", "geometry": {"type": "LineString", "coordinates": [[-80.45340605951496, 63.48349776767567], [-80.40757219086946, 63.49886124145603]]}, "properties": {"source": "2195227", "target": "22014491"}}, {"type": "Feature", "geometry": {"type": "LineString", "coordinates": [[-80.40589486375058, 63.494492377939736], [-80.4329419618423, 63.49154546509595]]}, "properties": {"source": "27917631", "target": "21947121"}}, {"type": "Feature", "geometry": {"type": "LineString", "coordinates": [[-80.4248161118255, 63.48604306053285], [-80.42493041155608, 63.496911182680876]]}, "properties": {"source": "25432020", "target": "27430815"}}, {"type": "Feature", "geometry": {"type": "LineString", "coordinates": [[-80.4248161118255, 63.48604306053285], [-80.45576812987609, 63.48758136970625]]}, "properties": {"source": "25432020", "target": "27131137"}}, {"type": "Feature", "geometry": {"type": "LineString", "coordinates": [[-80.4248161118255, 63.48604306053285], [-80.4202251125489, 63.49833501576033]]}, "properties": {"source": "25432020", "target": "24925012"}}, {"type": "Feature", "geometry": {"type": "LineString", "coordinates": [[-80.4329419618423, 63.49154546509595], [-80.45443159604315, 63.49680015106682]]}, "properties": {"source": "21947121", "target": "22731838"}}, {"type": "Feature", "geometry": {"type": "LineString", "coordinates": [[-80.4329419618423, 63.49154546509595], [-80.45789251168998, 63.48706329640902]]}, "properties": {"source": "21947121", "target": "22594258"}}, {"type": "Feature", "geometry": {"type": "LineString", "coordinates": [[-80.4329419618423, 63.49154546509595], [-80.41283373744892, 63.4990592369422]]}, "properties": {"source": "21947121", "target": "20870813"}}, {"type": "Feature", "geometry": {"type": "LineString", "coordinates": [[-80.42473612586468, 63.49776161585119], [-80.44053210363748, 63.48283631749983]]}, "properties": {"source": "26055566", "target": "25998924"}}, {"type": "Feature", "geometry": {"type": "LineString", "coordinates": [[-80.42473612586468, 63.49776161585119], [-80.45196713655987, 63.4892849309374]]}, "properties": {"source": "26055566", "target": "25517536"}}, {"type": "Feature", "geometry": {"type": "LineString", "coordinates": [[-80.42473612586468, 63.49776161585119], [-80.45836223556424, 63.49647450144238]]}, "properties": {"source": "26055566", "target": "22822368"}}, {"type": "Feature", "geometry": {"type": "LineString", "coordinates": [[-80.42473612586468, 63.49776161585119], [-80.44718141218752, 63.49488975551455]]}, "properties": {"source": "26055566", "target": "13321301"}}, {"type": "Feature", "geometry": {"type": "LineString", "coordinates": [[-80.40425988113662, 63.48828068937746], [-80.40845045762259, 63.48415264085409]]}, "properties": {"source": "35024317", "target": "33286346"}}, {"type": "Feature", "geometry": {"type": "LineString", "coordinates": [[-80.44802268270823, 63.48545989092992], [-80.42606642585774, 63.4891840038032]]}, "properties": {"source": "25006223", "target": "25542122"}}, {"type": "Feature", "geometry": {"type": "LineString", "coordinates": [[-80.44802268270823, 63.48545989092992], [-80.43267413133567, 63.492842310487916]]}, "properties": {"source": "25006223", "target": "25676320"}}, {"type": "Feature", "geometry": {"type": "LineString", "coordinates": [[-80.44802268270823, 63.48545989092992], [-80.40383315814417, 63.4878451206431]]}, "properties": {"source": "25006223", "target": "25196150"}}, {"type": "Feature", "geometry": {"type": "LineString", "coordinates": [[-80.44802268270823, 63.48545989092992], [-80.40611168747672, 63.50027247329392]]}, "properties": {"source": "25006223", "target": "25078905"}}, {"type": "Feature", "geometry": {"type": "LineString", "coordinates": [[-80.45872077171373, 63.492108368925], [-80.45576812987609, 63.48758136970625]]}, "properties": {"source": "29889224", "target": "27131137"}}, {"type": "Feature", "geometry": {"type": "LineString", "coordinates": [[-80.44752542707869, 63.50057349066198], [-80.45912952246348, 63.48730114722488]]}, "properties": {"source": "22536441", "target": "23654986"}}, {"type": "Feature", "geometry": {"type": "LineString", "coordinates": [[-80.44752542707869, 63.50057349066198], [-80.4247291766153, 63.50024516992589]]}, "properties": {"source": "22536441", "target": "20706715"}}, {"type": "Feature", "geometry": {"type": "LineString", "coordinates": [[-80.42309877306462, 63.490403587036994], [-80.41531737609338, 63.488562248174134]]}, "properties": {"source": "9721846", "target": "1342330"}}, {"type": "Feature", "geometry": {"type": "LineString", "coordinates": [[-80.42309877306462, 63.490403587036994], [-80.44820984967426, 63.48364664332341]]}, "properties": {"source": "9721846", "target": "11326347"}}, {"type": "Feature", "geometry": {"type": "LineString", "coordinates": [[-80.4247291766153, 63.50024516992589], [-80.45912952246348, 63.48730114722488]]}, "properties": {"source": "20706715", "target": "23654986"}}, {"type": "Feature", "geometry": {"type": "LineString", "coordinates": [[-80.44240883456331, 63.492960273061954], [-80.45477956958679, 63.48341386199915]]}, "properties": {"source": "2999099", "target": "3003629"}}, {"type": "Feature", "geometry": {"type": "LineString", "coordinates": [[-80.45284207567887, 63.487958261467185], [-80.42464273539349, 63.49895961148401]]}, "properties": {"source": "25825413", "target": "25764359"}}, {"type": "Feature", "geometry": {"type": "LineString", "coordinates": [[-80.448638239639, 63.49783849484804], [-80.46115894055656, 63.499950935491086]]}, "properties": {"source": "30254922", "target": "11465981"}}, {"type": "Feature", "geometry": {"type": "LineString", "coordinates": [[-80.43026252112342, 63.487659337972076], [-80.45196713655987, 63.4892849309374]]}, "properties": {"source": "8152683", "target": "25517536"}}, {"type": "Feature", "geometry": {"type": "LineString", "coordinates": [[-80.43353876834767, 63.49134306607739], [-80.44307745569878, 63.5004264830029]]}, "properties": {"source": "17064394", "target": "17063706"}}, {"type": "Feature", "geometry": {"type": "LineString", "coordinates": [[-80.44858773941394, 63.492898680887905], [-80.41500432262906, 63.48312562888394]]}, "properties": {"source": "10443517", "target": "26062353"}}, {"type": "Feature", "geometry": {"type": "LineString", "coordinates": [[-80.44858773941394, 63.492898680887905], [-80.40459124280515, 63.48734386684632]]}, "properties": {"source": "10443517", "target": "30164229"}}, {"type": "Feature", "geometry": {"type": "LineString", "coordinates": [[-80.44858773941394, 63.492898680887905], [-80.45443159604315, 63.49680015106682]]}, "properties": {"source": "10443517", "target": "22731838"}}, {"type": "Feature", "geometry": {"type": "LineString", "coordinates": [[-80.44331359893363, 63.48987010280065], [-80.40895294417163, 63.496245840296226]]}, "properties": {"source": "26184383", "target": "11306050"}}, {"type": "Feature", "geometry": {"type": "LineString", "coordinates": [[-80.41531737609338, 63.488562248174134], [-80.44805360160245, 63.4980309081336]]}, "properties": {"source": "1342330", "target": "25098499"}}, {"type": "Feature", "geometry": {"type": "LineString", "coordinates": [[-80.43626438279652, 63.49495738042869], [-80.44554112790941, 63.50160072891771]]}, "properties": {"source": "29565156", "target": "30235388"}}, {"type": "Feature", "geometry": {"type": "LineString", "coordinates": [[-80.43626438279652, 63.49495738042869], [-80.43977507075866, 63.49444061003594]]}, "properties": {"source": "29565156", "target": "30233218"}}, {"type": "Feature", "geometry": {"type": "LineString", "coordinates": [[-80.43626438279652, 63.49495738042869], [-80.438984485117, 63.50044496097017]]}, "properties": {"source": "29565156", "target": "30355739"}}, {"type": "Feature", "geometry": {"type": "LineString", "coordinates": [[-80.43626438279652, 63.49495738042869], [-80.43954695825322, 63.493761727961754]]}, "properties": {"source": "29565156", "target": "30233214"}}, {"type": "Feature", "geometry": {"type": "LineString", "coordinates": [[-80.43626438279652, 63.49495738042869], [-80.40627050794166, 63.484035913360614]]}, "properties": {"source": "29565156", "target": "27153804"}}, {"type": "Feature", "geometry": {"type": "LineString", "coordinates": [[-80.43626438279652, 63.49495738042869], [-80.40845045762259, 63.48415264085409]]}, "properties": {"source": "29565156", "target": "33286346"}}, {"type": "Feature", "geometry": {"type": "LineString", "coordinates": [[-80.43626438279652, 63.49495738042869], [-80.46002298105036, 63.493522645397746]]}, "properties": {"source": "29565156", "target": "28504257"}}, {"type": "Feature", "geometry": {"type": "LineString", "coordinates": [[-80.43626438279652, 63.49495738042869], [-80.4302526416133, 63.49799285229963]]}, "properties": {"source": "29565156", "target": "30233209"}}, {"type": "Feature", "geometry": {"type": "LineString", "coordinates": [[-80.43626438279652, 63.49495738042869], [-80.44410521132296, 63.49961407366365]]}, "properties": {"source": "29565156", "target": "28181798"}}, {"type": "Feature", "geometry": {"type": "LineString", "coordinates": [[-80.43626438279652, 63.49495738042869], [-80.45625916503685, 63.48796473497116]]}, "properties": {"source": "29565156", "target": "27389769"}}, {"type": "Feature", "geometry": {"type": "LineString", "coordinates": [[-80.43626438279652, 63.49495738042869], [-80.42903325874124, 63.48968568375311]]}, "properties": {"source": "29565156", "target": "25982934"}}, {"type": "Feature", "geometry": {"type": "LineString", "coordinates": [[-80.43626438279652, 63.49495738042869], [-80.42523467609661, 63.50037747891774]]}, "properties": {"source": "29565156", "target": "26207897"}}, {"type": "Feature", "geometry": {"type": "LineString", "coordinates": [[-80.43626438279652, 63.49495738042869], [-80.42347786213384, 63.49488894848899]]}, "properties": {"source": "29565156", "target": "13345104"}}, {"type": "Feature", "geometry": {"type": "LineString", "coordinates": [[-80.4348998075846, 63.50061499954941], [-80.44853992561299, 63.49181879175069]]}, "properties": {"source": "24947796", "target": "25625829"}}, {"type": "Feature", "geometry": {"type": "LineString", "coordinates": [[-80.4348998075846, 63.50061499954941], [-80.44072605127572, 63.492077187892065]]}, "properties": {"source": "24947796", "target": "23782204"}}, {"type": "Feature", "geometry": {"type": "LineString", "coordinates": [[-80.4348998075846, 63.50061499954941], [-80.41753737363669, 63.49018376283229]]}, "properties": {"source": "24947796", "target": "22456051"}}, {"type": "Feature", "geometry": {"type": "LineString", "coordinates": [[-80.42529574393518, 63.49674492277026], [-80.45389064042149, 63.49231257026439]]}, "properties": {"source": "24462857", "target": "21402944"}}, {"type": "Feature", "geometry": {"type": "LineString", "coordinates": [[-80.42529574393518, 63.49674492277026], [-80.43318084042845, 63.49147199492684]]}, "properties": {"source": "24462857", "target": "23430314"}}, {"type": "Feature", "geometry": {"type": "LineString", "coordinates": [[-80.43428362252786, 63.49649278372729], [-80.41086444805772, 63.497764900677936]]}, "properties": {"source": "18075109", "target": "18052047"}}, {"type": "Feature", "geometry": {"type": "LineString", "coordinates": [[-80.43428362252786, 63.49649278372729], [-80.42562122259592, 63.49022791014333]]}, "properties": {"source": "18075109", "target": "18456406"}}, {"type": "Feature", "geometry": {"type": "LineString", "coordinates": [[-80.43428362252786, 63.49649278372729], [-80.43677591475394, 63.49709397752906]]}, "properties": {"source": "18075109", "target": "18526478"}}, {"type": "Feature", "geometry": {"type": "LineString", "coordinates": [[-80.43428362252786, 63.49649278372729], [-80.45884533600895, 63.48978878987758]]}, "properties": {"source": "18075109", "target": "20749153"}}, {"type": "Feature", "geometry": {"type": "LineString", "coordinates": [[-80.43428362252786, 63.49649278372729], [-80.46296359746215, 63.490943274339514]]}, "properties": {"source": "18075109", "target": "16048343"}}, {"type": "Feature", "geometry": {"type": "LineString", "coordinates": [[-80.43428362252786, 63.49649278372729], [-80.45765720625133, 63.48831328092571]]}, "properties": {"source": "18075109", "target": "17338549"}}, {"type": "Feature", "geometry": {"type": "LineString", "coordinates": [[-80.43428362252786, 63.49649278372729], [-80.4322969052979, 63.49622406322159]]}, "properties": {"source": "18075109", "target": "1625828"}}, {"type": "Feature", "geometry": {"type": "LineString", "coordinates": [[-80.44561300721367, 63.48463068207829], [-80.45704291605041, 63.49623372321582]]}, "properties": {"source": "28271785", "target": "29772601"}}, {"type": "Feature", "geometry": {"type": "LineString", "coordinates": [[-80.44561300721367, 63.48463068207829], [-80.44855966990673, 63.490962929951365]]}, "properties": {"source": "28271785", "target": "25008270"}}, {"type": "Feature", "geometry": {"type": "LineString", "coordinates": [[-80.44561300721367, 63.48463068207829], [-80.45967867752435, 63.48432220157625]]}, "properties": {"source": "28271785", "target": "29300855"}}, {"type": "Feature", "geometry": {"type": "LineString", "coordinates": [[-80.40425988113662, 63.48828068937746], [-80.41555289814208, 63.497056225454614]]}, "properties": {"source": "35024317", "target": "32063463"}}, {"type": "Feature", "geometry": {"type": "LineString", "coordinates": [[-80.46001170672464, 63.49271615649266], [-80.40847094609943, 63.49083610174503]]}, "properties": {"source": "24951836", "target": "30338665"}}, {"type": "Feature", "geometry": {"type": "LineString", "coordinates": [[-80.46001170672464, 63.49271615649266], [-80.43508724346184, 63.49980844336811]]}, "properties": {"source": "24951836", "target": "30311839"}}, {"type": "Feature", "geometry": {"type": "LineString", "coordinates": [[-80.46001170672464, 63.49271615649266], [-80.42574287511049, 63.49054578947613]]}, "properties": {"source": "24951836", "target": "23287190"}}, {"type": "Feature", "geometry": {"type": "LineString", "coordinates": [[-80.45530824504804, 63.48564090817797], [-80.41569758829817, 63.497375664975166]]}, "properties": {"source": "18392004", "target": "1958190"}}, {"type": "Feature", "geometry": {"type": "LineString", "coordinates": [[-80.45530824504804, 63.48564090817797], [-80.45697847957018, 63.495309343938686]]}, "properties": {"source": "18392004", "target": "18277458"}}, {"type": "Feature", "geometry": {"type": "LineString", "coordinates": [[-80.45530824504804, 63.48564090817797], [-80.44307745569878, 63.5004264830029]]}, "properties": {"source": "18392004", "target": "17063706"}}, {"type": "Feature", "geometry": {"type": "LineString", "coordinates": [[-80.40757219086946, 63.49886124145603], [-80.44700007911239, 63.49217497975165]]}, "properties": {"source": "22014491", "target": "23570105"}}, {"type": "Feature", "geometry": {"type": "LineString", "coordinates": [[-80.40757219086946, 63.49886124145603], [-80.44675710321151, 63.49697518911182]]}, "properties": {"source": "22014491", "target": "22305894"}}, {"type": "Feature", "geometry": {"type": "LineString", "coordinates": [[-80.40757219086946, 63.49886124145603], [-80.45021140354268, 63.49482245056919]]}, "properties": {"source": "22014491", "target": "20739514"}}, {"type": "Feature", "geometry": {"type": "LineString", "coordinates": [[-80.40757219086946, 63.49886124145603], [-80.44300333152258, 63.50166908223041]]}, "properties": {"source": "22014491", "target": "20828901"}}, {"type": "Feature", "geometry": {"type": "LineString", "coordinates": [[-80.44561300721367, 63.48463068207829], [-80.40934932354091, 63.501749146387425]]}, "properties": {"source": "28271785", "target": "25528135"}}, {"type": "Feature", "geometry": {"type": "LineString", "coordinates": [[-80.44561300721367, 63.48463068207829], [-80.44828410223424, 63.48482151456447]]}, "properties": {"source": "28271785", "target": "24311062"}}, {"type": "Feature", "geometry": {"type": "LineString", "coordinates": [[-80.44561300721367, 63.48463068207829], [-80.40655636910608, 63.49745843419224]]}, "properties": {"source": "28271785", "target": "28481986"}}, {"type": "Feature", "geometry": {"type": "LineString", "coordinates": [[-80.44561300721367, 63.48463068207829], [-80.45076406740839, 63.499163168913284]]}, "properties": {"source": "28271785", "target": "26097303"}}, {"type": "Feature", "geometry": {"type": "LineString", "coordinates": [[-80.43662562644529, 63.498289159263564], [-80.45296220634029, 63.49276183817274]]}, "properties": {"source": "29081694", "target": "25577379"}}, {"type": "Feature", "geometry": {"type": "LineString", "coordinates": [[-80.41602391487098, 63.491003311694286], [-80.42335243499116, 63.49210503070694]]}, "properties": {"source": "25925883", "target": "27203439"}}, {"type": "Feature", "geometry": {"type": "LineString", "coordinates": [[-80.45884533600895, 63.48978878987758], [-80.42562122259592, 63.49022791014333]]}, "properties": {"source": "20749153", "target": "18456406"}}, {"type": "Feature", "geometry": {"type": "LineString", "coordinates": [[-80.45654209700608, 63.49489645937855], [-80.41420323878177, 63.4917208733812]]}, "properties": {"source": "28501827", "target": "36056673"}}, {"type": "Feature", "geometry": {"type": "LineString", "coordinates": [[-80.40757219086946, 63.49886124145603], [-80.46066046619738, 63.489016082752045]]}, "properties": {"source": "22014491", "target": "17886548"}}, {"type": "Feature", "geometry": {"type": "LineString", "coordinates": [[-80.4467557563742, 63.49744309518826], [-80.41101616069092, 63.49658780123201]]}, "properties": {"source": "25375287", "target": "24827241"}}, {"type": "Feature", "geometry": {"type": "LineString", "coordinates": [[-80.4467557563742, 63.49744309518826], [-80.44827365727006, 63.49409341110068]]}, "properties": {"source": "25375287", "target": "26193138"}}, {"type": "Feature", "geometry": {"type": "LineString", "coordinates": [[-80.4467557563742, 63.49744309518826], [-80.41271905899211, 63.486349443048056]]}, "properties": {"source": "25375287", "target": "28940691"}}, {"type": "Feature", "geometry": {"type": "LineString", "coordinates": [[-80.4467557563742, 63.49744309518826], [-80.43576345230272, 63.499058750494854]]}, "properties": {"source": "25375287", "target": "24596869"}}, {"type": "Feature", "geometry": {"type": "LineString", "coordinates": [[-80.4467557563742, 63.49744309518826], [-80.46003300321775, 63.489148851291304]]}, "properties": {"source": "25375287", "target": "25316462"}}, {"type": "Feature", "geometry": {"type": "LineString", "coordinates": [[-80.4467557563742, 63.49744309518826], [-80.42252586276463, 63.49375876588316]]}, "properties": {"source": "25375287", "target": "23154653"}}, {"type": "Feature", "geometry": {"type": "LineString", "coordinates": [[-80.4467557563742, 63.49744309518826], [-80.44928559870817, 63.48452895876815]]}, "properties": {"source": "25375287", "target": "25120203"}}, {"type": "Feature", "geometry": {"type": "LineString", "coordinates": [[-80.4467557563742, 63.49744309518826], [-80.4324603682593, 63.483635371300295]]}, "properties": {"source": "25375287", "target": "25307530"}}, {"type": "Feature", "geometry": {"type": "LineString", "coordinates": [[-80.4467557563742, 63.49744309518826], [-80.42586112877332, 63.501106704270995]]}, "properties": {"source": "25375287", "target": "11388035"}}, {"type": "Feature", "geometry": {"type": "LineString", "coordinates": [[-80.4467557563742, 63.49744309518826], [-80.4053033792804, 63.50011847883822]]}, "properties": {"source": "25375287", "target": "13147571"}}, {"type": "Feature", "geometry": {"type": "LineString", "coordinates": [[-80.41587815895278, 63.501038173957895], [-80.43279115561636, 63.49434206719182]]}, "properties": {"source": "25876718", "target": "25885320"}}, {"type": "Feature", "geometry": {"type": "LineString", "coordinates": [[-80.41587815895278, 63.501038173957895], [-80.43471368744976, 63.49804890631181]]}, "properties": {"source": "25876718", "target": "25291349"}}, {"type": "Feature", "geometry": {"type": "LineString", "coordinates": [[-80.41587815895278, 63.501038173957895], [-80.4348998075846, 63.50061499954941]]}, "properties": {"source": "25876718", "target": "24947796"}}, {"type": "Feature", "geometry": {"type": "LineString", "coordinates": [[-80.41587815895278, 63.501038173957895], [-80.44853992561299, 63.49181879175069]]}, "properties": {"source": "25876718", "target": "25625829"}}, {"type": "Feature", "geometry": {"type": "LineString", "coordinates": [[-80.41587815895278, 63.501038173957895], [-80.44873370101418, 63.50003500309134]]}, "properties": {"source": "25876718", "target": "25347478"}}, {"type": "Feature", "geometry": {"type": "LineString", "coordinates": [[-80.4467557563742, 63.49744309518826], [-80.4568657384092, 63.483530568578004]]}, "properties": {"source": "25375287", "target": "25713408"}}, {"type": "Feature", "geometry": {"type": "LineString", "coordinates": [[-80.44654781806811, 63.48308278839657], [-80.43576345230272, 63.499058750494854]]}, "properties": {"source": "25922676", "target": "24596869"}}, {"type": "Feature", "geometry": {"type": "LineString", "coordinates": [[-80.44654781806811, 63.48308278839657], [-80.46003300321775, 63.489148851291304]]}, "properties": {"source": "25922676", "target": "25316462"}}, {"type": "Feature", "geometry": {"type": "LineString", "coordinates": [[-80.4521340657025, 63.49182169718196], [-80.42885850942544, 63.49302285386048]]}, "properties": {"source": "29622068", "target": "30345850"}}, {"type": "Feature", "geometry": {"type": "LineString", "coordinates": [[-80.4521340657025, 63.49182169718196], [-80.43892403917177, 63.48340208979519]]}, "properties": {"source": "29622068", "target": "28400177"}}, {"type": "Feature", "geometry": {"type": "LineString", "coordinates": [[-80.4521340657025, 63.49182169718196], [-80.41885903710723, 63.49482609035185]]}, "properties": {"source": "29622068", "target": "8064509"}}, {"type": "Feature", "geometry": {"type": "LineString", "coordinates": [[-80.4521340657025, 63.49182169718196], [-80.44053210363748, 63.48283631749983]]}, "properties": {"source": "29622068", "target": "25998924"}}, {"type": "Feature", "geometry": {"type": "LineString", "coordinates": [[-80.4521340657025, 63.49182169718196], [-80.45576812987609, 63.48758136970625]]}, "properties": {"source": "29622068", "target": "27131137"}}, {"type": "Feature", "geometry": {"type": "LineString", "coordinates": [[-80.4521340657025, 63.49182169718196], [-80.4409078859532, 63.493176851423925]]}, "properties": {"source": "29622068", "target": "34211633"}}, {"type": "Feature", "geometry": {"type": "LineString", "coordinates": [[-80.4521340657025, 63.49182169718196], [-80.43250131072251, 63.500515500733655]]}, "properties": {"source": "29622068", "target": "28749536"}}, {"type": "Feature", "geometry": {"type": "LineString", "coordinates": [[-80.4521340657025, 63.49182169718196], [-80.4238700062167, 63.491352839572016]]}, "properties": {"source": "29622068", "target": "26191786"}}, {"type": "Feature", "geometry": {"type": "LineString", "coordinates": [[-80.4521340657025, 63.49182169718196], [-80.4472680984177, 63.50025403930637]]}, "properties": {"source": "29622068", "target": "17564963"}}, {"type": "Feature", "geometry": {"type": "LineString", "coordinates": [[-80.41540162116215, 63.4878596678099], [-80.44855966990673, 63.490962929951365]]}, "properties": {"source": "24894687", "target": "25008270"}}, {"type": "Feature", "geometry": {"type": "LineString", "coordinates": [[-80.41540162116215, 63.4878596678099], [-80.44352690503892, 63.48719968271338]]}, "properties": {"source": "24894687", "target": "25306013"}}, {"type": "Feature", "geometry": {"type": "LineString", "coordinates": [[-80.42862389931288, 63.500815386881015], [-80.45939929158085, 63.48376639179061]]}, "properties": {"source": "1506589", "target": "15706433"}}, {"type": "Feature", "geometry": {"type": "LineString", "coordinates": [[-80.41742820932544, 63.48963448386333], [-80.4307859239862, 63.482969274088205]]}, "properties": {"source": "35109150", "target": "32812626"}}, {"type": "Feature", "geometry": {"type": "LineString", "coordinates": [[-80.44654781806811, 63.48308278839657], [-80.4568657384092, 63.483530568578004]]}, "properties": {"source": "25922676", "target": "25713408"}}, {"type": "Feature", "geometry": {"type": "LineString", "coordinates": [[-80.42678870336749, 63.48614841338734], [-80.43570655488863, 63.48385099288048]]}, "properties": {"source": "35261692", "target": "34366994"}}, {"type": "Feature", "geometry": {"type": "LineString", "coordinates": [[-80.41802323185627, 63.49723908034204], [-80.41818153243135, 63.499114523779824]]}, "properties": {"source": "25444920", "target": "25118995"}}, {"type": "Feature", "geometry": {"type": "LineString", "coordinates": [[-80.41802323185627, 63.49723908034204], [-80.44855966990673, 63.490962929951365]]}, "properties": {"source": "25444920", "target": "25008270"}}, {"type": "Feature", "geometry": {"type": "LineString", "coordinates": [[-80.41802323185627, 63.49723908034204], [-80.42606642585774, 63.4891840038032]]}, "properties": {"source": "25444920", "target": "25542122"}}, {"type": "Feature", "geometry": {"type": "LineString", "coordinates": [[-80.41802323185627, 63.49723908034204], [-80.43267413133567, 63.492842310487916]]}, "properties": {"source": "25444920", "target": "25676320"}}, {"type": "Feature", "geometry": {"type": "LineString", "coordinates": [[-80.41802323185627, 63.49723908034204], [-80.40383315814417, 63.4878451206431]]}, "properties": {"source": "25444920", "target": "25196150"}}, {"type": "Feature", "geometry": {"type": "LineString", "coordinates": [[-80.41802323185627, 63.49723908034204], [-80.45189314854484, 63.49990699593525]]}, "properties": {"source": "25444920", "target": "2874286"}}, {"type": "Feature", "geometry": {"type": "LineString", "coordinates": [[-80.41802323185627, 63.49723908034204], [-80.43560167998754, 63.48345314999348]]}, "properties": {"source": "25444920", "target": "25479929"}}, {"type": "Feature", "geometry": {"type": "LineString", "coordinates": [[-80.41802323185627, 63.49723908034204], [-80.4400792933427, 63.493018388186556]]}, "properties": {"source": "25444920", "target": "14800331"}}, {"type": "Feature", "geometry": {"type": "LineString", "coordinates": [[-80.41802323185627, 63.49723908034204], [-80.45429175382397, 63.49639721976952]]}, "properties": {"source": "25444920", "target": "25174998"}}, {"type": "Feature", "geometry": {"type": "LineString", "coordinates": [[-80.46002298105036, 63.493522645397746], [-80.45704291605041, 63.49623372321582]]}, "properties": {"source": "28504257", "target": "29772601"}}, {"type": "Feature", "geometry": {"type": "LineString", "coordinates": [[-80.43954695825322, 63.493761727961754], [-80.42347786213384, 63.49488894848899]]}, "properties": {"source": "30233214", "target": "13345104"}}, {"type": "Feature", "geometry": {"type": "LineString", "coordinates": [[-80.42885850942544, 63.49302285386048], [-80.42076114803527, 63.48802667017357]]}, "properties": {"source": "30345850", "target": "29432120"}}, {"type": "Feature", "geometry": {"type": "LineString", "coordinates": [[-80.42885850942544, 63.49302285386048], [-80.42406199959667, 63.48455415865382]]}, "properties": {"source": "30345850", "target": "33973725"}}, {"type": "Feature", "geometry": {"type": "LineString", "coordinates": [[-80.42885850942544, 63.49302285386048], [-80.41086444805772, 63.497764900677936]]}, "properties": {"source": "30345850", "target": "18052047"}}, {"type": "Feature", "geometry": {"type": "LineString", "coordinates": [[-80.41802323185627, 63.49723908034204], [-80.40611168747672, 63.50027247329392]]}, "properties": {"source": "25444920", "target": "25078905"}}, {"type": "Feature", "geometry": {"type": "LineString", "coordinates": [[-80.40884757304777, 63.483996847572016], [-80.40934932354091, 63.501749146387425]]}, "properties": {"source": "8559856", "target": "25528135"}}, {"type": "Feature", "geometry": {"type": "LineString", "coordinates": [[-80.40884757304777, 63.483996847572016], [-80.44807071438898, 63.48373045254809]]}, "properties": {"source": "8559856", "target": "28407925"}}, {"type": "Feature", "geometry": {"type": "LineString", "coordinates": [[-80.40884757304777, 63.483996847572016], [-80.4303483580276, 63.49232706851228]]}, "properties": {"source": "8559856", "target": "9970792"}}, {"type": "Feature", "geometry": {"type": "LineString", "coordinates": [[-80.40884757304777, 63.483996847572016], [-80.45076406740839, 63.499163168913284]]}, "properties": {"source": "8559856", "target": "26097303"}}, {"type": "Feature", "geometry": {"type": "LineString", "coordinates": [[-80.40884757304777, 63.483996847572016], [-80.45443402226927, 63.493547490236935]]}, "properties": {"source": "8559856", "target": "7969715"}}, {"type": "Feature", "geometry": {"type": "LineString", "coordinates": [[-80.40884757304777, 63.483996847572016], [-80.40558873387329, 63.485390606129855]]}, "properties": {"source": "8559856", "target": "925837"}}, {"type": "Feature", "geometry": {"type": "LineString", "coordinates": [[-80.40884757304777, 63.483996847572016], [-80.4195527580387, 63.4887918078831]]}, "properties": {"source": "8559856", "target": "9160887"}}, {"type": "Feature", "geometry": {"type": "LineString", "coordinates": [[-80.40884757304777, 63.483996847572016], [-80.45556488175541, 63.4991900158367]]}, "properties": {"source": "8559856", "target": "8294936"}}, {"type": "Feature", "geometry": {"type": "LineString", "coordinates": [[-80.4176466539859, 63.493912936276445], [-80.42493041155608, 63.496911182680876]]}, "properties": {"source": "3174215", "target": "27430815"}}, {"type": "Feature", "geometry": {"type": "LineString", "coordinates": [[-80.4176466539859, 63.493912936276445], [-80.41500432262906, 63.48312562888394]]}, "properties": {"source": "3174215", "target": "26062353"}}, {"type": "Feature", "geometry": {"type": "LineString", "coordinates": [[-80.4176466539859, 63.493912936276445], [-80.43759420862325, 63.49222190990224]]}, "properties": {"source": "3174215", "target": "28258255"}}, {"type": "Feature", "geometry": {"type": "LineString", "coordinates": [[-80.4176466539859, 63.493912936276445], [-80.46184263146245, 63.48601009830489]]}, "properties": {"source": "3174215", "target": "33023449"}}, {"type": "Feature", "geometry": {"type": "LineString", "coordinates": [[-80.4176466539859, 63.493912936276445], [-80.40459124280515, 63.48734386684632]]}, "properties": {"source": "3174215", "target": "30164229"}}, {"type": "Feature", "geometry": {"type": "LineString", "coordinates": [[-80.4176466539859, 63.493912936276445], [-80.45229843644002, 63.50104471328608]]}, "properties": {"source": "3174215", "target": "28191260"}}, {"type": "Feature", "geometry": {"type": "LineString", "coordinates": [[-80.4176466539859, 63.493912936276445], [-80.4632954122893, 63.490168071319886]]}, "properties": {"source": "3174215", "target": "26014581"}}, {"type": "Feature", "geometry": {"type": "LineString", "coordinates": [[-80.4176466539859, 63.493912936276445], [-80.44827365727006, 63.49409341110068]]}, "properties": {"source": "3174215", "target": "26193138"}}, {"type": "Feature", "geometry": {"type": "LineString", "coordinates": [[-80.42334686172659, 63.49360991204141], [-80.41559402044898, 63.49319435571488]]}, "properties": {"source": "34599461", "target": "17841418"}}, {"type": "Feature", "geometry": {"type": "LineString", "coordinates": [[-80.4238700062167, 63.491352839572016], [-80.43892403917177, 63.48340208979519]]}, "properties": {"source": "26191786", "target": "28400177"}}, {"type": "Feature", "geometry": {"type": "LineString", "coordinates": [[-80.4238700062167, 63.491352839572016], [-80.43250131072251, 63.500515500733655]]}, "properties": {"source": "26191786", "target": "28749536"}}, {"type": "Feature", "geometry": {"type": "LineString", "coordinates": [[-80.4238700062167, 63.491352839572016], [-80.4308011763496, 63.49254586598701]]}, "properties": {"source": "26191786", "target": "14743247"}}, {"type": "Feature", "geometry": {"type": "LineString", "coordinates": [[-80.4238700062167, 63.491352839572016], [-80.41523459529499, 63.49384597069913]]}, "properties": {"source": "26191786", "target": "25113233"}}, {"type": "Feature", "geometry": {"type": "LineString", "coordinates": [[-80.40534281073879, 63.49538183044841], [-80.42946222865396, 63.49883942332579]]}, "properties": {"source": "28400286", "target": "29409476"}}, {"type": "Feature", "geometry": {"type": "LineString", "coordinates": [[-80.40534281073879, 63.49538183044841], [-80.43560167998754, 63.48345314999348]]}, "properties": {"source": "28400286", "target": "25479929"}}, {"type": "Feature", "geometry": {"type": "LineString", "coordinates": [[-80.40534281073879, 63.49538183044841], [-80.42356823889341, 63.490740560764976]]}, "properties": {"source": "28400286", "target": "26615411"}}, {"type": "Feature", "geometry": {"type": "LineString", "coordinates": [[-80.40534281073879, 63.49538183044841], [-80.42863573503276, 63.49753156970654]]}, "properties": {"source": "28400286", "target": "24515264"}}, {"type": "Feature", "geometry": {"type": "LineString", "coordinates": [[-80.43478553038956, 63.48654631618237], [-80.42885850942544, 63.49302285386048]]}, "properties": {"source": "21800020", "target": "30345850"}}, {"type": "Feature", "geometry": {"type": "LineString", "coordinates": [[-80.43478553038956, 63.48654631618237], [-80.42076114803527, 63.48802667017357]]}, "properties": {"source": "21800020", "target": "29432120"}}, {"type": "Feature", "geometry": {"type": "LineString", "coordinates": [[-80.43560167998754, 63.48345314999348], [-80.41818153243135, 63.499114523779824]]}, "properties": {"source": "25479929", "target": "25118995"}}, {"type": "Feature", "geometry": {"type": "LineString", "coordinates": [[-80.43560167998754, 63.48345314999348], [-80.44855966990673, 63.490962929951365]]}, "properties": {"source": "25479929", "target": "25008270"}}, {"type": "Feature", "geometry": {"type": "LineString", "coordinates": [[-80.43560167998754, 63.48345314999348], [-80.44352690503892, 63.48719968271338]]}, "properties": {"source": "25479929", "target": "25306013"}}, {"type": "Feature", "geometry": {"type": "LineString", "coordinates": [[-80.43560167998754, 63.48345314999348], [-80.40383315814417, 63.4878451206431]]}, "properties": {"source": "25479929", "target": "25196150"}}, {"type": "Feature", "geometry": {"type": "LineString", "coordinates": [[-80.40534281073879, 63.49538183044841], [-80.44805360160245, 63.4980309081336]]}, "properties": {"source": "28400286", "target": "25098499"}}, {"type": "Feature", "geometry": {"type": "LineString", "coordinates": [[-80.42001191160568, 63.49967003010691], [-80.44802268270823, 63.48545989092992]]}, "properties": {"source": "25360782", "target": "25006223"}}, {"type": "Feature", "geometry": {"type": "LineString", "coordinates": [[-80.42001191160568, 63.49967003010691], [-80.44352690503892, 63.48719968271338]]}, "properties": {"source": "25360782", "target": "25306013"}}, {"type": "Feature", "geometry": {"type": "LineString", "coordinates": [[-80.42001191160568, 63.49967003010691], [-80.40383315814417, 63.4878451206431]]}, "properties": {"source": "25360782", "target": "25196150"}}, {"type": "Feature", "geometry": {"type": "LineString", "coordinates": [[-80.42001191160568, 63.49967003010691], [-80.42098414998459, 63.48491604074455]]}, "properties": {"source": "25360782", "target": "23477503"}}, {"type": "Feature", "geometry": {"type": "LineString", "coordinates": [[-80.42001191160568, 63.49967003010691], [-80.44572576540529, 63.49974679941538]]}, "properties": {"source": "25360782", "target": "14062453"}}, {"type": "Feature", "geometry": {"type": "LineString", "coordinates": [[-80.45093483634163, 63.49263780899314], [-80.45704291605041, 63.49623372321582]]}, "properties": {"source": "29418976", "target": "29772601"}}, {"type": "Feature", "geometry": {"type": "LineString", "coordinates": [[-80.45093483634163, 63.49263780899314], [-80.41817554467121, 63.485333501745004]]}, "properties": {"source": "29418976", "target": "30233227"}}, {"type": "Feature", "geometry": {"type": "LineString", "coordinates": [[-80.45093483634163, 63.49263780899314], [-80.44554112790941, 63.50160072891771]]}, "properties": {"source": "29418976", "target": "30235388"}}, {"type": "Feature", "geometry": {"type": "LineString", "coordinates": [[-80.45093483634163, 63.49263780899314], [-80.43977507075866, 63.49444061003594]]}, "properties": {"source": "29418976", "target": "30233218"}}, {"type": "Feature", "geometry": {"type": "LineString", "coordinates": [[-80.45093483634163, 63.49263780899314], [-80.438984485117, 63.50044496097017]]}, "properties": {"source": "29418976", "target": "30355739"}}, {"type": "Feature", "geometry": {"type": "LineString", "coordinates": [[-80.45093483634163, 63.49263780899314], [-80.43954695825322, 63.493761727961754]]}, "properties": {"source": "29418976", "target": "30233214"}}, {"type": "Feature", "geometry": {"type": "LineString", "coordinates": [[-80.45093483634163, 63.49263780899314], [-80.43626438279652, 63.49495738042869]]}, "properties": {"source": "29418976", "target": "29565156"}}, {"type": "Feature", "geometry": {"type": "LineString", "coordinates": [[-80.45093483634163, 63.49263780899314], [-80.40627050794166, 63.484035913360614]]}, "properties": {"source": "29418976", "target": "27153804"}}, {"type": "Feature", "geometry": {"type": "LineString", "coordinates": [[-80.45093483634163, 63.49263780899314], [-80.46002298105036, 63.493522645397746]]}, "properties": {"source": "29418976", "target": "28504257"}}, {"type": "Feature", "geometry": {"type": "LineString", "coordinates": [[-80.45093483634163, 63.49263780899314], [-80.4302526416133, 63.49799285229963]]}, "properties": {"source": "29418976", "target": "30233209"}}, {"type": "Feature", "geometry": {"type": "LineString", "coordinates": [[-80.42001191160568, 63.49967003010691], [-80.40611168747672, 63.50027247329392]]}, "properties": {"source": "25360782", "target": "25078905"}}, {"type": "Feature", "geometry": {"type": "LineString", "coordinates": [[-80.45619219281329, 63.491866664331624], [-80.44827365727006, 63.49409341110068]]}, "properties": {"source": "25755222", "target": "26193138"}}, {"type": "Feature", "geometry": {"type": "LineString", "coordinates": [[-80.45619219281329, 63.491866664331624], [-80.43576345230272, 63.499058750494854]]}, "properties": {"source": "25755222", "target": "24596869"}}, {"type": "Feature", "geometry": {"type": "LineString", "coordinates": [[-80.45619219281329, 63.491866664331624], [-80.46003300321775, 63.489148851291304]]}, "properties": {"source": "25755222", "target": "25316462"}}, {"type": "Feature", "geometry": {"type": "LineString", "coordinates": [[-80.45619219281329, 63.491866664331624], [-80.43084156890357, 63.48913614194477]]}, "properties": {"source": "25755222", "target": "25993868"}}, {"type": "Feature", "geometry": {"type": "LineString", "coordinates": [[-80.45619219281329, 63.491866664331624], [-80.41531737609338, 63.488562248174134]]}, "properties": {"source": "25755222", "target": "1342330"}}, {"type": "Feature", "geometry": {"type": "LineString", "coordinates": [[-80.45619219281329, 63.491866664331624], [-80.44820984967426, 63.48364664332341]]}, "properties": {"source": "25755222", "target": "11326347"}}, {"type": "Feature", "geometry": {"type": "LineString", "coordinates": [[-80.45619219281329, 63.491866664331624], [-80.42863573503276, 63.49753156970654]]}, "properties": {"source": "25755222", "target": "24515264"}}, {"type": "Feature", "geometry": {"type": "LineString", "coordinates": [[-80.44940555349385, 63.49647387950159], [-80.42885850942544, 63.49302285386048]]}, "properties": {"source": "30342568", "target": "30345850"}}, {"type": "Feature", "geometry": {"type": "LineString", "coordinates": [[-80.44940555349385, 63.49647387950159], [-80.42076114803527, 63.48802667017357]]}, "properties": {"source": "30342568", "target": "29432120"}}, {"type": "Feature", "geometry": {"type": "LineString", "coordinates": [[-80.44940555349385, 63.49647387950159], [-80.42406199959667, 63.48455415865382]]}, "properties": {"source": "30342568", "target": "33973725"}}, {"type": "Feature", "geometry": {"type": "LineString", "coordinates": [[-80.44940555349385, 63.49647387950159], [-80.41086444805772, 63.497764900677936]]}, "properties": {"source": "30342568", "target": "18052047"}}, {"type": "Feature", "geometry": {"type": "LineString", "coordinates": [[-80.44940555349385, 63.49647387950159], [-80.40731571633421, 63.496320632324256]]}, "properties": {"source": "30342568", "target": "34661317"}}, {"type": "Feature", "geometry": {"type": "LineString", "coordinates": [[-80.44940555349385, 63.49647387950159], [-80.4176304072786, 63.48823733788011]]}, "properties": {"source": "30342568", "target": "11127506"}}, {"type": "Feature", "geometry": {"type": "LineString", "coordinates": [[-80.44940555349385, 63.49647387950159], [-80.42335243499116, 63.49210503070694]]}, "properties": {"source": "30342568", "target": "27203439"}}, {"type": "Feature", "geometry": {"type": "LineString", "coordinates": [[-80.44940555349385, 63.49647387950159], [-80.41602391487098, 63.491003311694286]]}, "properties": {"source": "30342568", "target": "25925883"}}, {"type": "Feature", "geometry": {"type": "LineString", "coordinates": [[-80.45619219281329, 63.491866664331624], [-80.44805360160245, 63.4980309081336]]}, "properties": {"source": "25755222", "target": "25098499"}}, {"type": "Feature", "geometry": {"type": "LineString", "coordinates": [[-80.44858773941394, 63.492898680887905], [-80.42586112877332, 63.501106704270995]]}, "properties": {"source": "10443517", "target": "11388035"}}, {"type": "Feature", "geometry": {"type": "LineString", "coordinates": [[-80.44858773941394, 63.492898680887905], [-80.45939929158085, 63.48376639179061]]}, "properties": {"source": "10443517", "target": "15706433"}}, {"type": "Feature", "geometry": {"type": "LineString", "coordinates": [[-80.43291851226991, 63.49292091204373], [-80.41818153243135, 63.499114523779824]]}, "properties": {"source": "22360830", "target": "25118995"}}, {"type": "Feature", "geometry": {"type": "LineString", "coordinates": [[-80.43291851226991, 63.49292091204373], [-80.44855966990673, 63.490962929951365]]}, "properties": {"source": "22360830", "target": "25008270"}}, {"type": "Feature", "geometry": {"type": "LineString", "coordinates": [[-80.43291851226991, 63.49292091204373], [-80.40383315814417, 63.4878451206431]]}, "properties": {"source": "22360830", "target": "25196150"}}, {"type": "Feature", "geometry": {"type": "LineString", "coordinates": [[-80.45939929158085, 63.48376639179061], [-80.42586112877332, 63.501106704270995]]}, "properties": {"source": "15706433", "target": "11388035"}}, {"type": "Feature", "geometry": {"type": "LineString", "coordinates": [[-80.45939929158085, 63.48376639179061], [-80.4053033792804, 63.50011847883822]]}, "properties": {"source": "15706433", "target": "13147571"}}, {"type": "Feature", "geometry": {"type": "LineString", "coordinates": [[-80.44805360160245, 63.4980309081336], [-80.40958507115376, 63.489772185953456]]}, "properties": {"source": "25098499", "target": "25307819"}}, {"type": "Feature", "geometry": {"type": "LineString", "coordinates": [[-80.45475069624689, 63.49216946819709], [-80.4308011763496, 63.49254586598701]]}, "properties": {"source": "17668631", "target": "14743247"}}, {"type": "Feature", "geometry": {"type": "LineString", "coordinates": [[-80.45443402226927, 63.493547490236935], [-80.4303483580276, 63.49232706851228]]}, "properties": {"source": "7969715", "target": "9970792"}}, {"type": "Feature", "geometry": {"type": "LineString", "coordinates": [[-80.45443402226927, 63.493547490236935], [-80.40558873387329, 63.485390606129855]]}, "properties": {"source": "7969715", "target": "925837"}}, {"type": "Feature", "geometry": {"type": "LineString", "coordinates": [[-80.40847094609943, 63.49083610174503], [-80.41387187005476, 63.5014961242517]]}, "properties": {"source": "30338665", "target": "21841508"}}, {"type": "Feature", "geometry": {"type": "LineString", "coordinates": [[-80.40847094609943, 63.49083610174503], [-80.42574287511049, 63.49054578947613]]}, "properties": {"source": "30338665", "target": "23287190"}}, {"type": "Feature", "geometry": {"type": "LineString", "coordinates": [[-80.4176304072786, 63.48823733788011], [-80.42885850942544, 63.49302285386048]]}, "properties": {"source": "11127506", "target": "30345850"}}, {"type": "Feature", "geometry": {"type": "LineString", "coordinates": [[-80.4176304072786, 63.48823733788011], [-80.42076114803527, 63.48802667017357]]}, "properties": {"source": "11127506", "target": "29432120"}}, {"type": "Feature", "geometry": {"type": "LineString", "coordinates": [[-80.44820984967426, 63.48364664332341], [-80.44805360160245, 63.4980309081336]]}, "properties": {"source": "11326347", "target": "25098499"}}, {"type": "Feature", "geometry": {"type": "LineString", "coordinates": [[-80.45340605951496, 63.48349776767567], [-80.44675710321151, 63.49697518911182]]}, "properties": {"source": "2195227", "target": "22305894"}}, {"type": "Feature", "geometry": {"type": "LineString", "coordinates": [[-80.45340605951496, 63.48349776767567], [-80.45021140354268, 63.49482245056919]]}, "properties": {"source": "2195227", "target": "20739514"}}, {"type": "Feature", "geometry": {"type": "LineString", "coordinates": [[-80.44072132190661, 63.49328733815466], [-80.45747799714145, 63.491662693422754]]}, "properties": {"source": "25473141", "target": "23218876"}}, {"type": "Feature", "geometry": {"type": "LineString", "coordinates": [[-80.41283373744892, 63.4990592369422], [-80.45789251168998, 63.48706329640902]]}, "properties": {"source": "20870813", "target": "22594258"}}, {"type": "Feature", "geometry": {"type": "LineString", "coordinates": [[-80.44178505120999, 63.496301518834244], [-80.44873370101418, 63.50003500309134]]}, "properties": {"source": "24697866", "target": "25347478"}}, {"type": "Feature", "geometry": {"type": "LineString", "coordinates": [[-80.44178505120999, 63.496301518834244], [-80.41101616069092, 63.49658780123201]]}, "properties": {"source": "24697866", "target": "24827241"}}, {"type": "Feature", "geometry": {"type": "LineString", "coordinates": [[-80.45901590324861, 63.482728821352936], [-80.44352690503892, 63.48719968271338]]}, "properties": {"source": "25320401", "target": "25306013"}}, {"type": "Feature", "geometry": {"type": "LineString", "coordinates": [[-80.45901590324861, 63.482728821352936], [-80.41555289814208, 63.497056225454614]]}, "properties": {"source": "25320401", "target": "32063463"}}, {"type": "Feature", "geometry": {"type": "LineString", "coordinates": [[-80.46311616016317, 63.48541023145842], [-80.44855966990673, 63.490962929951365]]}, "properties": {"source": "20628607", "target": "25008270"}}, {"type": "Feature", "geometry": {"type": "LineString", "coordinates": [[-80.46311616016317, 63.48541023145842], [-80.45912952246348, 63.48730114722488]]}, "properties": {"source": "20628607", "target": "23654986"}}, {"type": "Feature", "geometry": {"type": "LineString", "coordinates": [[-80.44654781806811, 63.48308278839657], [-80.45229843644002, 63.50104471328608]]}, "properties": {"source": "25922676", "target": "28191260"}}, {"type": "Feature", "geometry": {"type": "LineString", "coordinates": [[-80.44654781806811, 63.48308278839657], [-80.45619219281329, 63.491866664331624]]}, "properties": {"source": "25922676", "target": "25755222"}}, {"type": "Feature", "geometry": {"type": "LineString", "coordinates": [[-80.44654781806811, 63.48308278839657], [-80.45296220634029, 63.49276183817274]]}, "properties": {"source": "25922676", "target": "25577379"}}, {"type": "Feature", "geometry": {"type": "LineString", "coordinates": [[-80.42863573503276, 63.49753156970654], [-80.44805360160245, 63.4980309081336]]}, "properties": {"source": "24515264", "target": "25098499"}}, {"type": "Feature", "geometry": {"type": "LineString", "coordinates": [[-80.44300333152258, 63.50166908223041], [-80.46066046619738, 63.489016082752045]]}, "properties": {"source": "20828901", "target": "17886548"}}, {"type": "Feature", "geometry": {"type": "LineString", "coordinates": [[-80.44654781806811, 63.48308278839657], [-80.40425525221, 63.502138876474305]]}, "properties": {"source": "25922676", "target": "25841522"}}, {"type": "Feature", "geometry": {"type": "LineString", "coordinates": [[-80.40997259375105, 63.50155974803225], [-80.4348998075846, 63.50061499954941]]}, "properties": {"source": "28933243", "target": "24947796"}}, {"type": "Feature", "geometry": {"type": "LineString", "coordinates": [[-80.40997259375105, 63.50155974803225], [-80.44853992561299, 63.49181879175069]]}, "properties": {"source": "28933243", "target": "25625829"}}, {"type": "Feature", "geometry": {"type": "LineString", "coordinates": [[-80.40997259375105, 63.50155974803225], [-80.45085832189363, 63.48299670317782]]}, "properties": {"source": "28933243", "target": "26512303"}}, {"type": "Feature", "geometry": {"type": "LineString", "coordinates": [[-80.42521409782688, 63.49093449406641], [-80.43313360475713, 63.495705230426026]]}, "properties": {"source": "21860011", "target": "19457795"}}, {"type": "Feature", "geometry": {"type": "LineString", "coordinates": [[-80.42521409782688, 63.49093449406641], [-80.41360049246869, 63.50066817088643]]}, "properties": {"source": "21860011", "target": "22013887"}}, {"type": "Feature", "geometry": {"type": "LineString", "coordinates": [[-80.42292441986883, 63.486409477008394], [-80.45704291605041, 63.49623372321582]]}, "properties": {"source": "29751934", "target": "29772601"}}, {"type": "Feature", "geometry": {"type": "LineString", "coordinates": [[-80.42292441986883, 63.486409477008394], [-80.44554112790941, 63.50160072891771]]}, "properties": {"source": "29751934", "target": "30235388"}}, {"type": "Feature", "geometry": {"type": "LineString", "coordinates": [[-80.42292441986883, 63.486409477008394], [-80.438984485117, 63.50044496097017]]}, "properties": {"source": "29751934", "target": "30355739"}}, {"type": "Feature", "geometry": {"type": "LineString", "coordinates": [[-80.42292441986883, 63.486409477008394], [-80.40845045762259, 63.48415264085409]]}, "properties": {"source": "29751934", "target": "33286346"}}, {"type": "Feature", "geometry": {"type": "LineString", "coordinates": [[-80.44700007911239, 63.49217497975165], [-80.45296220634029, 63.49276183817274]]}, "properties": {"source": "23570105", "target": "25577379"}}, {"type": "Feature", "geometry": {"type": "LineString", "coordinates": [[-80.44700007911239, 63.49217497975165], [-80.42460053994112, 63.48739190167997]]}, "properties": {"source": "23570105", "target": "24473980"}}, {"type": "Feature", "geometry": {"type": "LineString", "coordinates": [[-80.4073705752559, 63.48618644083784], [-80.44827365727006, 63.49409341110068]]}, "properties": {"source": "29763318", "target": "26193138"}}, {"type": "Feature", "geometry": {"type": "LineString", "coordinates": [[-80.4073705752559, 63.48618644083784], [-80.42710473099389, 63.48734134219673]]}, "properties": {"source": "29763318", "target": "28441591"}}, {"type": "Feature", "geometry": {"type": "LineString", "coordinates": [[-80.41562598429776, 63.49410378791487], [-80.41101616069092, 63.49658780123201]]}, "properties": {"source": "23655050", "target": "24827241"}}, {"type": "Feature", "geometry": {"type": "LineString", "coordinates": [[-80.41562598429776, 63.49410378791487], [-80.41056924297084, 63.50046191064537]]}, "properties": {"source": "23655050", "target": "25472693"}}, {"type": "Feature", "geometry": {"type": "LineString", "coordinates": [[-80.45576812987609, 63.48758136970625], [-80.40895294417163, 63.496245840296226]]}, "properties": {"source": "27131137", "target": "11306050"}}, {"type": "Feature", "geometry": {"type": "LineString", "coordinates": [[-80.42481347494953, 63.48300990425422], [-80.43971502141822, 63.489165832506416]]}, "properties": {"source": "24165759", "target": "23521646"}}, {"type": "Feature", "geometry": {"type": "LineString", "coordinates": [[-80.42481347494953, 63.48300990425422], [-80.46311616016317, 63.48541023145842]]}, "properties": {"source": "24165759", "target": "20628607"}}, {"type": "Feature", "geometry": {"type": "LineString", "coordinates": [[-80.42481347494953, 63.48300990425422], [-80.44216455180297, 63.48394450597914]]}, "properties": {"source": "24165759", "target": "20442069"}}, {"type": "Feature", "geometry": {"type": "LineString", "coordinates": [[-80.41611307632388, 63.48998952417688], [-80.42493041155608, 63.496911182680876]]}, "properties": {"source": "25893960", "target": "27430815"}}, {"type": "Feature", "geometry": {"type": "LineString", "coordinates": [[-80.41611307632388, 63.48998952417688], [-80.4521340657025, 63.49182169718196]]}, "properties": {"source": "25893960", "target": "29622068"}}, {"type": "Feature", "geometry": {"type": "LineString", "coordinates": [[-80.41611307632388, 63.48998952417688], [-80.44053210363748, 63.48283631749983]]}, "properties": {"source": "25893960", "target": "25998924"}}, {"type": "Feature", "geometry": {"type": "LineString", "coordinates": [[-80.41611307632388, 63.48998952417688], [-80.45576812987609, 63.48758136970625]]}, "properties": {"source": "25893960", "target": "27131137"}}, {"type": "Feature", "geometry": {"type": "LineString", "coordinates": [[-80.41611307632388, 63.48998952417688], [-80.4202251125489, 63.49833501576033]]}, "properties": {"source": "25893960", "target": "24925012"}}, {"type": "Feature", "geometry": {"type": "LineString", "coordinates": [[-80.41611307632388, 63.48998952417688], [-80.4248161118255, 63.48604306053285]]}, "properties": {"source": "25893960", "target": "25432020"}}, {"type": "Feature", "geometry": {"type": "LineString", "coordinates": [[-80.41611307632388, 63.48998952417688], [-80.46109995469912, 63.49218442157799]]}, "properties": {"source": "25893960", "target": "27821516"}}, {"type": "Feature", "geometry": {"type": "LineString", "coordinates": [[-80.4073705752559, 63.48618644083784], [-80.42493041155608, 63.496911182680876]]}, "properties": {"source": "29763318", "target": "27430815"}}, {"type": "Feature", "geometry": {"type": "LineString", "coordinates": [[-80.4073705752559, 63.48618644083784], [-80.41500432262906, 63.48312562888394]]}, "properties": {"source": "29763318", "target": "26062353"}}, {"type": "Feature", "geometry": {"type": "LineString", "coordinates": [[-80.4073705752559, 63.48618644083784], [-80.43759420862325, 63.49222190990224]]}, "properties": {"source": "29763318", "target": "28258255"}}, {"type": "Feature", "geometry": {"type": "LineString", "coordinates": [[-80.4073705752559, 63.48618644083784], [-80.40459124280515, 63.48734386684632]]}, "properties": {"source": "29763318", "target": "30164229"}}, {"type": "Feature", "geometry": {"type": "LineString", "coordinates": [[-80.4073705752559, 63.48618644083784], [-80.45229843644002, 63.50104471328608]]}, "properties": {"source": "29763318", "target": "28191260"}}, {"type": "Feature", "geometry": {"type": "LineString", "coordinates": [[-80.41611307632388, 63.48998952417688], [-80.40895294417163, 63.496245840296226]]}, "properties": {"source": "25893960", "target": "11306050"}}, {"type": "Feature", "geometry": {"type": "LineString", "coordinates": [[-80.41847836641323, 63.49887098833081], [-80.43532465632455, 63.48686285343925]]}, "properties": {"source": "22053365", "target": "13224199"}}, {"type": "Feature", "geometry": {"type": "LineString", "coordinates": [[-80.46109995469912, 63.49218442157799], [-80.45576812987609, 63.48758136970625]]}, "properties": {"source": "27821516", "target": "27131137"}}, {"type": "Feature", "geometry": {"type": "LineString", "coordinates": [[-80.46109995469912, 63.49218442157799], [-80.43250131072251, 63.500515500733655]]}, "properties": {"source": "27821516", "target": "28749536"}}, {"type": "Feature", "geometry": {"type": "LineString", "coordinates": [[-80.45856297161252, 63.484934676835024], [-80.41500432262906, 63.48312562888394]]}, "properties": {"source": "11830551", "target": "26062353"}}, {"type": "Feature", "geometry": {"type": "LineString", "coordinates": [[-80.45856297161252, 63.484934676835024], [-80.43759420862325, 63.49222190990224]]}, "properties": {"source": "11830551", "target": "28258255"}}, {"type": "Feature", "geometry": {"type": "LineString", "coordinates": [[-80.45856297161252, 63.484934676835024], [-80.40459124280515, 63.48734386684632]]}, "properties": {"source": "11830551", "target": "30164229"}}, {"type": "Feature", "geometry": {"type": "LineString", "coordinates": [[-80.45856297161252, 63.484934676835024], [-80.45443159604315, 63.49680015106682]]}, "properties": {"source": "11830551", "target": "22731838"}}, {"type": "Feature", "geometry": {"type": "LineString", "coordinates": [[-80.46296359746215, 63.490943274339514], [-80.41086444805772, 63.497764900677936]]}, "properties": {"source": "16048343", "target": "18052047"}}, {"type": "Feature", "geometry": {"type": "LineString", "coordinates": [[-80.46296359746215, 63.490943274339514], [-80.4322969052979, 63.49622406322159]]}, "properties": {"source": "16048343", "target": "1625828"}}, {"type": "Feature", "geometry": {"type": "LineString", "coordinates": [[-80.42409783161762, 63.48886724502576], [-80.43118746097436, 63.48427845234295]]}, "properties": {"source": "27169292", "target": "24473982"}}, {"type": "Feature", "geometry": {"type": "LineString", "coordinates": [[-80.42409783161762, 63.48886724502576], [-80.46091457713578, 63.497006578097015]]}, "properties": {"source": "27169292", "target": "24473985"}}, {"type": "Feature", "geometry": {"type": "LineString", "coordinates": [[-80.42409783161762, 63.48886724502576], [-80.42460053994112, 63.48739190167997]]}, "properties": {"source": "27169292", "target": "24473980"}}, {"type": "Feature", "geometry": {"type": "LineString", "coordinates": [[-80.43361419069325, 63.48503692086247], [-80.42407897552687, 63.48675624463448]]}, "properties": {"source": "25702512", "target": "24505523"}}, {"type": "Feature", "geometry": {"type": "LineString", "coordinates": [[-80.46238003045579, 63.48455370382406], [-80.42562122259592, 63.49022791014333]]}, "properties": {"source": "1981287", "target": "18456406"}}, {"type": "Feature", "geometry": {"type": "LineString", "coordinates": [[-80.46238003045579, 63.48455370382406], [-80.43677591475394, 63.49709397752906]]}, "properties": {"source": "1981287", "target": "18526478"}}, {"type": "Feature", "geometry": {"type": "LineString", "coordinates": [[-80.46238003045579, 63.48455370382406], [-80.43428362252786, 63.49649278372729]]}, "properties": {"source": "1981287", "target": "18075109"}}, {"type": "Feature", "geometry": {"type": "LineString", "coordinates": [[-80.45389064042149, 63.49231257026439], [-80.43313360475713, 63.495705230426026]]}, "properties": {"source": "21402944", "target": "19457795"}}, {"type": "Feature", "geometry": {"type": "LineString", "coordinates": [[-80.45389064042149, 63.49231257026439], [-80.41360049246869, 63.50066817088643]]}, "properties": {"source": "21402944", "target": "22013887"}}, {"type": "Feature", "geometry": {"type": "LineString", "coordinates": [[-80.43318084042845, 63.49147199492684], [-80.43308331777189, 63.493453522937045]]}, "properties": {"source": "23430314", "target": "24697890"}}, {"type": "Feature", "geometry": {"type": "LineString", "coordinates": [[-80.43318084042845, 63.49147199492684], [-80.42521409782688, 63.49093449406641]]}, "properties": {"source": "23430314", "target": "21860011"}}, {"type": "Feature", "geometry": {"type": "LineString", "coordinates": [[-80.43318084042845, 63.49147199492684], [-80.43313360475713, 63.495705230426026]]}, "properties": {"source": "23430314", "target": "19457795"}}, {"type": "Feature", "geometry": {"type": "LineString", "coordinates": [[-80.43318084042845, 63.49147199492684], [-80.41360049246869, 63.50066817088643]]}, "properties": {"source": "23430314", "target": "22013887"}}, {"type": "Feature", "geometry": {"type": "LineString", "coordinates": [[-80.44572576540529, 63.49974679941538], [-80.4133031233983, 63.484406371306065]]}, "properties": {"source": "14062453", "target": "24812176"}}, {"type": "Feature", "geometry": {"type": "LineString", "coordinates": [[-80.44572576540529, 63.49974679941538], [-80.41818153243135, 63.499114523779824]]}, "properties": {"source": "14062453", "target": "25118995"}}, {"type": "Feature", "geometry": {"type": "LineString", "coordinates": [[-80.44572576540529, 63.49974679941538], [-80.41802323185627, 63.49723908034204]]}, "properties": {"source": "14062453", "target": "25444920"}}, {"type": "Feature", "geometry": {"type": "LineString", "coordinates": [[-80.44572576540529, 63.49974679941538], [-80.42606642585774, 63.4891840038032]]}, "properties": {"source": "14062453", "target": "25542122"}}, {"type": "Feature", "geometry": {"type": "LineString", "coordinates": [[-80.44572576540529, 63.49974679941538], [-80.43267413133567, 63.492842310487916]]}, "properties": {"source": "14062453", "target": "25676320"}}, {"type": "Feature", "geometry": {"type": "LineString", "coordinates": [[-80.4318234754958, 63.49845530894321], [-80.42265428201146, 63.48230664658578]]}, "properties": {"source": "23805213", "target": "22793531"}}, {"type": "Feature", "geometry": {"type": "LineString", "coordinates": [[-80.4318234754958, 63.49845530894321], [-80.41753737363669, 63.49018376283229]]}, "properties": {"source": "23805213", "target": "22456051"}}, {"type": "Feature", "geometry": {"type": "LineString", "coordinates": [[-80.4318234754958, 63.49845530894321], [-80.44395347980799, 63.49326209027255]]}, "properties": {"source": "23805213", "target": "22305904"}}, {"type": "Feature", "geometry": {"type": "LineString", "coordinates": [[-80.4318234754958, 63.49845530894321], [-80.42758828112954, 63.484666778986835]]}, "properties": {"source": "23805213", "target": "28399935"}}, {"type": "Feature", "geometry": {"type": "LineString", "coordinates": [[-80.44572576540529, 63.49974679941538], [-80.40611168747672, 63.50027247329392]]}, "properties": {"source": "14062453", "target": "25078905"}}]}