{"type": "FeatureCollection", "features": [{"type": "Feature", "geometry": {"type": "LineString", "coordinates": [[90.44067915554484, 66.69792906665016], [90.43381075016435, 66.69248943430215]]}, "properties": {"source": "6605111", "target": "4480223"}}, {"type": "Feature", "geometry": {"type": "LineString", "coordinates": [[90.45563844898794, 66.69484250389502], [90.45922443398564, 66.68778003230295]]}, "properties": {"source": "703300", "target": "6511527"}}, {"type": "Feature", "geometry": {"type": "LineString", "coordinates": [[90.44358477938312, 66.69604559823162], [90.43118506753677, 66.69433385521457]]}, "properties": {"source": "25008258", "target": "24682070"}}, {"type": "Feature", "geometry": {"type": "LineString", "coordinates": [[90.44358477938312, 66.69604559823162], [90.44934965991877, 66.6907026191966]]}, "properties": {"source": "25008258", "target": "25000441"}}, {"type": "Feature", "geometry": {"type": "LineString", "coordinates": [[90.44358477938312, 66.69604559823162], [90.43588826769951, 66.69746636900433]]}, "properties": {"source": "25008258", "target": "24970020"}}, {"type": "Feature", "geometry": {"type": "LineString", "coordinates": [[90.44358477938312, 66.69604559823162], [90.44072924030559, 66.69062192633527]]}, "properties": {"source": "25008258", "target": "25000606"}}, {"type": "Feature", "geometry": {"type": "LineString", "coordinates": [[90.44358477938312, 66.69604559823162], [90.46012949241015, 66.69230263211331]]}, "properties": {"source": "25008258", "target": "25008053"}}, {"type": "Feature", "geometry": {"type": "LineString", "coordinates": [[90.44358477938312, 66.69604559823162], [90.46978188400743, 66.69710832183763]]}, "properties": {"source": "25008258", "target": "25015547"}}, {"type": "Feature", "geometry": {"type": "LineString", "coordinates": [[90.44358477938312, 66.69604559823162], [90.46036956821382, 66.6918102368064]]}, "properties": {"source": "25008258", "target": "25015644"}}, {"type": "Feature", "geometry": {"type": "LineString", "coordinates": [[90.44358477938312, 66.69604559823162], [90.45381456791927, 66.68976863055023]]}, "properties": {"source": "25008258", "target": "25046368"}}, {"type": "Feature", "geometry": {"type": "LineString", "coordinates": [[90.44358477938312, 66.69604559823162], [90.46862843295264, 66.68953857181364]]}, "properties": {"source": "25008258", "target": "25112675"}}, {"type": "Feature", "geometry": {"type": "LineString", "coordinates": [[90.44358477938312, 66.69604559823162], [90.45293811643046, 66.6919247680428]]}, "properties": {"source": "25008258", "target": "25053501"}}, {"type": "Feature", "geometry": {"type": "LineString", "coordinates": [[90.44358477938312, 66.69604559823162], [90.45574772343315, 66.69085192166635]]}, "properties": {"source": "25008258", "target": "25126669"}}, {"type": "Feature", "geometry": {"type": "LineString", "coordinates": [[90.44358477938312, 66.69604559823162], [90.45458107911753, 66.68986695341259]]}, "properties": {"source": "25008258", "target": "25067396"}}, {"type": "Feature", "geometry": {"type": "LineString", "coordinates": [[90.44358477938312, 66.69604559823162], [90.45957359313223, 66.69331398691266]]}, "properties": {"source": "25008258", "target": "25126743"}}, {"type": "Feature", "geometry": {"type": "LineString", "coordinates": [[90.44358477938312, 66.69604559823162], [90.45294613656102, 66.68865663814984]]}, "properties": {"source": "25008258", "target": "24787465"}}, {"type": "Feature", "geometry": {"type": "LineString", "coordinates": [[90.44358477938312, 66.69604559823162], [90.46572131661685, 66.69547555098619]]}, "properties": {"source": "25008258", "target": "2375198"}}, {"type": "Feature", "geometry": {"type": "LineString", "coordinates": [[90.45147112894148, 66.69429095081583], [90.46774673442025, 66.69239542026965]]}, "properties": {"source": "1629471", "target": "19356251"}}, {"type": "Feature", "geometry": {"type": "LineString", "coordinates": [[90.44538270229293, 66.69510548775906], [90.44445412805283, 66.6925224801898]]}, "properties": {"source": "1870773", "target": "17702304"}}, {"type": "Feature", "geometry": {"type": "LineString", "coordinates": [[90.43222828756723, 66.69262879534911], [90.43328763857511, 66.69636956938137]]}, "properties": {"source": "682583", "target": "5111471"}}, {"type": "Feature", "geometry": {"type": "LineString", "coordinates": [[90.43222828756723, 66.69262879534911], [90.4584469416385, 66.69238440589925]]}, "properties": {"source": "682583", "target": "8341199"}}, {"type": "Feature", "geometry": {"type": "LineString", "coordinates": [[90.43222828756723, 66.69262879534911], [90.4618489819344, 66.69680438091972]]}, "properties": {"source": "682583", "target": "8044278"}}, {"type": "Feature", "geometry": {"type": "LineString", "coordinates": [[90.43222828756723, 66.69262879534911], [90.44266138973546, 66.6923983475973]]}, "properties": {"source": "682583", "target": "856474"}}, {"type": "Feature", "geometry": {"type": "LineString", "coordinates": [[90.43222828756723, 66.69262879534911], [90.45436455153623, 66.6935502526424]]}, "properties": {"source": "682583", "target": "7153686"}}, {"type": "Feature", "geometry": {"type": "LineString", "coordinates": [[90.43222828756723, 66.69262879534911], [90.45208658311714, 66.69374228749449]]}, "properties": {"source": "682583", "target": "856544"}}, {"type": "Feature", "geometry": {"type": "LineString", "coordinates": [[90.43222828756723, 66.69262879534911], [90.43386408643141, 66.69386877406532]]}, "properties": {"source": "682583", "target": "966996"}}, {"type": "Feature", "geometry": {"type": "LineString", "coordinates": [[90.46852773557669, 66.6939980070145], [90.46462729492674, 66.69654750647918]]}, "properties": {"source": "6381114", "target": "6489894"}}, {"type": "Feature", "geometry": {"type": "LineString", "coordinates": [[90.46852773557669, 66.6939980070145], [90.45597777628308, 66.69294229410897]]}, "properties": {"source": "6381114", "target": "6569328"}}, {"type": "Feature", "geometry": {"type": "LineString", "coordinates": [[90.46852773557669, 66.6939980070145], [90.4584469416385, 66.69238440589925]]}, "properties": {"source": "6381114", "target": "8341199"}}, {"type": "Feature", "geometry": {"type": "LineString", "coordinates": [[90.46852773557669, 66.6939980070145], [90.4618489819344, 66.69680438091972]]}, "properties": {"source": "6381114", "target": "8044278"}}, {"type": "Feature", "geometry": {"type": "LineString", "coordinates": [[90.46852773557669, 66.6939980070145], [90.44266138973546, 66.6923983475973]]}, "properties": {"source": "6381114", "target": "856474"}}, {"type": "Feature", "geometry": {"type": "LineString", "coordinates": [[90.46852773557669, 66.6939980070145], [90.45436455153623, 66.6935502526424]]}, "properties": {"source": "6381114", "target": "7153686"}}, {"type": "Feature", "geometry": {"type": "LineString", "coordinates": [[90.46852773557669, 66.6939980070145], [90.43222828756723, 66.69262879534911]]}, "properties": {"source": "6381114", "target": "682583"}}, {"type": "Feature", "geometry": {"type": "LineString", "coordinates": [[90.43559946435676, 66.69565940844261], [90.4312034405732, 66.68711536264016]]}, "properties": {"source": "25365206", "target": "27839901"}}, {"type": "Feature", "geometry": {"type": "LineString", "coordinates": [[90.45265328215834, 66.69442182439731], [90.45991153915679, 66.69721527092086]]}, "properties": {"source": "7727150", "target": "6636423"}}, {"type": "Feature", "geometry": {"type": "LineString", "coordinates": [[90.45265328215834, 66.69442182439731], [90.45280341175584, 66.69912992311046]]}, "properties": {"source": "7727150", "target": "6946328"}}, {"type": "Feature", "geometry": {"type": "LineString", "coordinates": [[90.45265328215834, 66.69442182439731], [90.45563844898794, 66.69484250389502]]}, "properties": {"source": "7727150", "target": "703300"}}, {"type": "Feature", "geometry": {"type": "LineString", "coordinates": [[90.45265328215834, 66.69442182439731], [90.44715125766578, 66.68993732279108]]}, "properties": {"source": "7727150", "target": "76305"}}, {"type": "Feature", "geometry": {"type": "LineString", "coordinates": [[90.469675595497, 66.6928581209341], [90.46862843295264, 66.68953857181364]]}, "properties": {"source": "25022802", "target": "25112675"}}, {"type": "Feature", "geometry": {"type": "LineString", "coordinates": [[90.469675595497, 66.6928581209341], [90.45293811643046, 66.6919247680428]]}, "properties": {"source": "25022802", "target": "25053501"}}, {"type": "Feature", "geometry": {"type": "LineString", "coordinates": [[90.469675595497, 66.6928581209341], [90.45574772343315, 66.69085192166635]]}, "properties": {"source": "25022802", "target": "25126669"}}, {"type": "Feature", "geometry": {"type": "LineString", "coordinates": [[90.469675595497, 66.6928581209341], [90.45458107911753, 66.68986695341259]]}, "properties": {"source": "25022802", "target": "25067396"}}, {"type": "Feature", "geometry": {"type": "LineString", "coordinates": [[90.469675595497, 66.6928581209341], [90.43123937132816, 66.68972709478301]]}, "properties": {"source": "25022802", "target": "25126788"}}, {"type": "Feature", "geometry": {"type": "LineString", "coordinates": [[90.469675595497, 66.6928581209341], [90.45957359313223, 66.69331398691266]]}, "properties": {"source": "25022802", "target": "25126743"}}, {"type": "Feature", "geometry": {"type": "LineString", "coordinates": [[90.469675595497, 66.6928581209341], [90.453506464378, 66.69414321204351]]}, "properties": {"source": "25022802", "target": "11413013"}}, {"type": "Feature", "geometry": {"type": "LineString", "coordinates": [[90.42941457705558, 66.6903547011497], [90.4370180338301, 66.69556036298322]]}, "properties": {"source": "2250104", "target": "22821615"}}, {"type": "Feature", "geometry": {"type": "LineString", "coordinates": [[90.42941457705558, 66.6903547011497], [90.43118506753677, 66.69433385521457]]}, "properties": {"source": "2250104", "target": "24682070"}}, {"type": "Feature", "geometry": {"type": "LineString", "coordinates": [[90.42941457705558, 66.6903547011497], [90.45096751858233, 66.69089370656754]]}, "properties": {"source": "2250104", "target": "24962319"}}, {"type": "Feature", "geometry": {"type": "LineString", "coordinates": [[90.42941457705558, 66.6903547011497], [90.44934965991877, 66.6907026191966]]}, "properties": {"source": "2250104", "target": "25000441"}}, {"type": "Feature", "geometry": {"type": "LineString", "coordinates": [[90.42941457705558, 66.6903547011497], [90.43588826769951, 66.69746636900433]]}, "properties": {"source": "2250104", "target": "24970020"}}, {"type": "Feature", "geometry": {"type": "LineString", "coordinates": [[90.43591995645261, 66.69905267932666], [90.46115909536394, 66.68681966153889]]}, "properties": {"source": "3105532", "target": "18669149"}}, {"type": "Feature", "geometry": {"type": "LineString", "coordinates": [[90.45863809786613, 66.68866196309934], [90.45613152906708, 66.69541872415644]]}, "properties": {"source": "29603246", "target": "35896515"}}, {"type": "Feature", "geometry": {"type": "LineString", "coordinates": [[90.45466389759133, 66.69864944141491], [90.45613152906708, 66.69541872415644]]}, "properties": {"source": "29383080", "target": "35896515"}}, {"type": "Feature", "geometry": {"type": "LineString", "coordinates": [[90.46400799411958, 66.69139724708269], [90.46852773557669, 66.6939980070145]]}, "properties": {"source": "22891228", "target": "6381114"}}, {"type": "Feature", "geometry": {"type": "LineString", "coordinates": [[90.46400799411958, 66.69139724708269], [90.44537868632494, 66.69079099327816]]}, "properties": {"source": "22891228", "target": "15810096"}}, {"type": "Feature", "geometry": {"type": "LineString", "coordinates": [[90.44162196452095, 66.691252995685], [90.4560238863354, 66.69453884429274]]}, "properties": {"source": "13512024", "target": "31225450"}}, {"type": "Feature", "geometry": {"type": "LineString", "coordinates": [[90.44162196452095, 66.691252995685], [90.45048450513161, 66.69316658719775]]}, "properties": {"source": "13512024", "target": "7592978"}}, {"type": "Feature", "geometry": {"type": "LineString", "coordinates": [[90.44713981282229, 66.68903511725799], [90.46407230486187, 66.6981870174208]]}, "properties": {"source": "13421204", "target": "8522911"}}, {"type": "Feature", "geometry": {"type": "LineString", "coordinates": [[90.44713981282229, 66.68903511725799], [90.43112445928364, 66.6880069376551]]}, "properties": {"source": "13421204", "target": "9702702"}}, {"type": "Feature", "geometry": {"type": "LineString", "coordinates": [[90.4336643468663, 66.69335589487284], [90.453506464378, 66.69414321204351]]}, "properties": {"source": "8268799", "target": "11413013"}}, {"type": "Feature", "geometry": {"type": "LineString", "coordinates": [[90.4336643468663, 66.69335589487284], [90.45078998962487, 66.68935738056516]]}, "properties": {"source": "8268799", "target": "12532530"}}, {"type": "Feature", "geometry": {"type": "LineString", "coordinates": [[90.43903289313045, 66.69659745178998], [90.45840878470591, 66.69147514283695]]}, "properties": {"source": "18654754", "target": "31547953"}}, {"type": "Feature", "geometry": {"type": "LineString", "coordinates": [[90.44657058308485, 66.69956413535974], [90.43209867624955, 66.68710307172266]]}, "properties": {"source": "1165630", "target": "23830364"}}, {"type": "Feature", "geometry": {"type": "LineString", "coordinates": [[90.46880558545212, 66.69979841966472], [90.4632147754993, 66.69783335673051]]}, "properties": {"source": "19520314", "target": "19877506"}}, {"type": "Feature", "geometry": {"type": "LineString", "coordinates": [[90.44669767688771, 66.6911665043834], [90.45078998962487, 66.68935738056516]]}, "properties": {"source": "1828979", "target": "12532530"}}, {"type": "Feature", "geometry": {"type": "LineString", "coordinates": [[90.44358477938312, 66.69604559823162], [90.4424326382208, 66.69874049759547]]}, "properties": {"source": "25008258", "target": "23387025"}}, {"type": "Feature", "geometry": {"type": "LineString", "coordinates": [[90.46894694080487, 66.68821180490006], [90.45610998544021, 66.69722683571739]]}, "properties": {"source": "1741372", "target": "12125610"}}, {"type": "Feature", "geometry": {"type": "LineString", "coordinates": [[90.46894694080487, 66.68821180490006], [90.44930127058376, 66.69759738454788]]}, "properties": {"source": "1741372", "target": "13022251"}}, {"type": "Feature", "geometry": {"type": "LineString", "coordinates": [[90.46894694080487, 66.68821180490006], [90.46181232136104, 66.69002352787994]]}, "properties": {"source": "1741372", "target": "1320145"}}, {"type": "Feature", "geometry": {"type": "LineString", "coordinates": [[90.46894694080487, 66.68821180490006], [90.46259451654316, 66.69810843185847]]}, "properties": {"source": "1741372", "target": "13437275"}}, {"type": "Feature", "geometry": {"type": "LineString", "coordinates": [[90.46894694080487, 66.68821180490006], [90.43886382911546, 66.6950751790742]]}, "properties": {"source": "1741372", "target": "17279122"}}, {"type": "Feature", "geometry": {"type": "LineString", "coordinates": [[90.46894694080487, 66.68821180490006], [90.44023886728002, 66.69353432277705]]}, "properties": {"source": "1741372", "target": "13493091"}}, {"type": "Feature", "geometry": {"type": "LineString", "coordinates": [[90.46894694080487, 66.68821180490006], [90.44059871139194, 66.6953940656468]]}, "properties": {"source": "1741372", "target": "12726578"}}, {"type": "Feature", "geometry": {"type": "LineString", "coordinates": [[90.46894694080487, 66.68821180490006], [90.45147112894148, 66.69429095081583]]}, "properties": {"source": "1741372", "target": "1629471"}}, {"type": "Feature", "geometry": {"type": "LineString", "coordinates": [[90.46894694080487, 66.68821180490006], [90.43866947669966, 66.69396222754814]]}, "properties": {"source": "1741372", "target": "1049793"}}, {"type": "Feature", "geometry": {"type": "LineString", "coordinates": [[90.46894694080487, 66.68821180490006], [90.44866452634687, 66.6948632601366]]}, "properties": {"source": "1741372", "target": "16046854"}}, {"type": "Feature", "geometry": {"type": "LineString", "coordinates": [[90.44072924030559, 66.69062192633527], [90.43118506753677, 66.69433385521457]]}, "properties": {"source": "25000606", "target": "24682070"}}, {"type": "Feature", "geometry": {"type": "LineString", "coordinates": [[90.44072924030559, 66.69062192633527], [90.46012949241015, 66.69230263211331]]}, "properties": {"source": "25000606", "target": "25008053"}}, {"type": "Feature", "geometry": {"type": "LineString", "coordinates": [[90.44072924030559, 66.69062192633527], [90.45458107911753, 66.68986695341259]]}, "properties": {"source": "25000606", "target": "25067396"}}, {"type": "Feature", "geometry": {"type": "LineString", "coordinates": [[90.44072924030559, 66.69062192633527], [90.4424326382208, 66.69874049759547]]}, "properties": {"source": "25000606", "target": "23387025"}}, {"type": "Feature", "geometry": {"type": "LineString", "coordinates": [[90.44072924030559, 66.69062192633527], [90.46241201644995, 66.6939769955914]]}, "properties": {"source": "25000606", "target": "2250108"}}, {"type": "Feature", "geometry": {"type": "LineString", "coordinates": [[90.45096751858233, 66.69089370656754], [90.4424326382208, 66.69874049759547]]}, "properties": {"source": "24962319", "target": "23387025"}}, {"type": "Feature", "geometry": {"type": "LineString", "coordinates": [[90.44934965991877, 66.6907026191966], [90.46572131661685, 66.69547555098619]]}, "properties": {"source": "25000441", "target": "2375198"}}, {"type": "Feature", "geometry": {"type": "LineString", "coordinates": [[90.44934965991877, 66.6907026191966], [90.4424326382208, 66.69874049759547]]}, "properties": {"source": "25000441", "target": "23387025"}}, {"type": "Feature", "geometry": {"type": "LineString", "coordinates": [[90.44934965991877, 66.6907026191966], [90.46241201644995, 66.6939769955914]]}, "properties": {"source": "25000441", "target": "2250108"}}, {"type": "Feature", "geometry": {"type": "LineString", "coordinates": [[90.44934965991877, 66.6907026191966], [90.45262947499634, 66.69654796872614]]}, "properties": {"source": "25000441", "target": "2417136"}}, {"type": "Feature", "geometry": {"type": "LineString", "coordinates": [[90.43588826769951, 66.69746636900433], [90.43118506753677, 66.69433385521457]]}, "properties": {"source": "24970020", "target": "24682070"}}, {"type": "Feature", "geometry": {"type": "LineString", "coordinates": [[90.43588826769951, 66.69746636900433], [90.44072924030559, 66.69062192633527]]}, "properties": {"source": "24970020", "target": "25000606"}}, {"type": "Feature", "geometry": {"type": "LineString", "coordinates": [[90.43588826769951, 66.69746636900433], [90.46012949241015, 66.69230263211331]]}, "properties": {"source": "24970020", "target": "25008053"}}, {"type": "Feature", "geometry": {"type": "LineString", "coordinates": [[90.43588826769951, 66.69746636900433], [90.4424326382208, 66.69874049759547]]}, "properties": {"source": "24970020", "target": "23387025"}}, {"type": "Feature", "geometry": {"type": "LineString", "coordinates": [[90.43588826769951, 66.69746636900433], [90.46241201644995, 66.6939769955914]]}, "properties": {"source": "24970020", "target": "2250108"}}, {"type": "Feature", "geometry": {"type": "LineString", "coordinates": [[90.43588826769951, 66.69746636900433], [90.45262947499634, 66.69654796872614]]}, "properties": {"source": "24970020", "target": "2417136"}}, {"type": "Feature", "geometry": {"type": "LineString", "coordinates": [[90.42984189220647, 66.69027710068023], [90.43964275710186, 66.69709654097352]]}, "properties": {"source": "24718286", "target": "20804484"}}, {"type": "Feature", "geometry": {"type": "LineString", "coordinates": [[90.42984189220647, 66.69027710068023], [90.46774673442025, 66.69239542026965]]}, "properties": {"source": "24718286", "target": "19356251"}}, {"type": "Feature", "geometry": {"type": "LineString", "coordinates": [[90.42984189220647, 66.69027710068023], [90.4417730089861, 66.69348537952254]]}, "properties": {"source": "24718286", "target": "1919723"}}, {"type": "Feature", "geometry": {"type": "LineString", "coordinates": [[90.42984189220647, 66.69027710068023], [90.44482632493953, 66.69140111180238]]}, "properties": {"source": "24718286", "target": "19053203"}}, {"type": "Feature", "geometry": {"type": "LineString", "coordinates": [[90.42984189220647, 66.69027710068023], [90.43118506753677, 66.69433385521457]]}, "properties": {"source": "24718286", "target": "24682070"}}, {"type": "Feature", "geometry": {"type": "LineString", "coordinates": [[90.44590875142808, 66.69632014520928], [90.46272243014681, 66.69425000044916]]}, "properties": {"source": "25368642", "target": "26882304"}}, {"type": "Feature", "geometry": {"type": "LineString", "coordinates": [[90.45096751858233, 66.69089370656754], [90.46241201644995, 66.6939769955914]]}, "properties": {"source": "24962319", "target": "2250108"}}, {"type": "Feature", "geometry": {"type": "LineString", "coordinates": [[90.45096751858233, 66.69089370656754], [90.45262947499634, 66.69654796872614]]}, "properties": {"source": "24962319", "target": "2417136"}}, {"type": "Feature", "geometry": {"type": "LineString", "coordinates": [[90.45096751858233, 66.69089370656754], [90.45793873445251, 66.68937183760393]]}, "properties": {"source": "24962319", "target": "24178943"}}, {"type": "Feature", "geometry": {"type": "LineString", "coordinates": [[90.45096751858233, 66.69089370656754], [90.44515960202466, 66.69985669536116]]}, "properties": {"source": "24962319", "target": "2165207"}}, {"type": "Feature", "geometry": {"type": "LineString", "coordinates": [[90.44934965991877, 66.6907026191966], [90.43964275710186, 66.69709654097352]]}, "properties": {"source": "25000441", "target": "20804484"}}, {"type": "Feature", "geometry": {"type": "LineString", "coordinates": [[90.44934965991877, 66.6907026191966], [90.46774673442025, 66.69239542026965]]}, "properties": {"source": "25000441", "target": "19356251"}}, {"type": "Feature", "geometry": {"type": "LineString", "coordinates": [[90.44934965991877, 66.6907026191966], [90.43118506753677, 66.69433385521457]]}, "properties": {"source": "25000441", "target": "24682070"}}, {"type": "Feature", "geometry": {"type": "LineString", "coordinates": [[90.44934965991877, 66.6907026191966], [90.43588826769951, 66.69746636900433]]}, "properties": {"source": "25000441", "target": "24970020"}}, {"type": "Feature", "geometry": {"type": "LineString", "coordinates": [[90.44934965991877, 66.6907026191966], [90.44072924030559, 66.69062192633527]]}, "properties": {"source": "25000441", "target": "25000606"}}, {"type": "Feature", "geometry": {"type": "LineString", "coordinates": [[90.44934965991877, 66.6907026191966], [90.46012949241015, 66.69230263211331]]}, "properties": {"source": "25000441", "target": "25008053"}}, {"type": "Feature", "geometry": {"type": "LineString", "coordinates": [[90.44934965991877, 66.6907026191966], [90.46978188400743, 66.69710832183763]]}, "properties": {"source": "25000441", "target": "25015547"}}, {"type": "Feature", "geometry": {"type": "LineString", "coordinates": [[90.44934965991877, 66.6907026191966], [90.46036956821382, 66.6918102368064]]}, "properties": {"source": "25000441", "target": "25015644"}}, {"type": "Feature", "geometry": {"type": "LineString", "coordinates": [[90.44934965991877, 66.6907026191966], [90.46862843295264, 66.68953857181364]]}, "properties": {"source": "25000441", "target": "25112675"}}, {"type": "Feature", "geometry": {"type": "LineString", "coordinates": [[90.44934965991877, 66.6907026191966], [90.45293811643046, 66.6919247680428]]}, "properties": {"source": "25000441", "target": "25053501"}}, {"type": "Feature", "geometry": {"type": "LineString", "coordinates": [[90.44934965991877, 66.6907026191966], [90.45458107911753, 66.68986695341259]]}, "properties": {"source": "25000441", "target": "25067396"}}, {"type": "Feature", "geometry": {"type": "LineString", "coordinates": [[90.4560238863354, 66.69453884429274], [90.4625649309325, 66.69709089656]]}, "properties": {"source": "31225450", "target": "29890009"}}, {"type": "Feature", "geometry": {"type": "LineString", "coordinates": [[90.45293811643046, 66.6919247680428], [90.44072924030559, 66.69062192633527]]}, "properties": {"source": "25053501", "target": "25000606"}}, {"type": "Feature", "geometry": {"type": "LineString", "coordinates": [[90.45293811643046, 66.6919247680428], [90.46012949241015, 66.69230263211331]]}, "properties": {"source": "25053501", "target": "25008053"}}, {"type": "Feature", "geometry": {"type": "LineString", "coordinates": [[90.45293811643046, 66.6919247680428], [90.45574772343315, 66.69085192166635]]}, "properties": {"source": "25053501", "target": "25126669"}}, {"type": "Feature", "geometry": {"type": "LineString", "coordinates": [[90.45293811643046, 66.6919247680428], [90.45458107911753, 66.68986695341259]]}, "properties": {"source": "25053501", "target": "25067396"}}, {"type": "Feature", "geometry": {"type": "LineString", "coordinates": [[90.45293811643046, 66.6919247680428], [90.43123937132816, 66.68972709478301]]}, "properties": {"source": "25053501", "target": "25126788"}}, {"type": "Feature", "geometry": {"type": "LineString", "coordinates": [[90.45293811643046, 66.6919247680428], [90.45957359313223, 66.69331398691266]]}, "properties": {"source": "25053501", "target": "25126743"}}, {"type": "Feature", "geometry": {"type": "LineString", "coordinates": [[90.43804655987026, 66.69721528777198], [90.4625649309325, 66.69709089656]]}, "properties": {"source": "25368707", "target": "29890009"}}, {"type": "Feature", "geometry": {"type": "LineString", "coordinates": [[90.43804655987026, 66.69721528777198], [90.44667803440018, 66.68826517857666]]}, "properties": {"source": "25368707", "target": "25325975"}}, {"type": "Feature", "geometry": {"type": "LineString", "coordinates": [[90.43804655987026, 66.69721528777198], [90.4665426208897, 66.69641501476214]]}, "properties": {"source": "25368707", "target": "25365159"}}, {"type": "Feature", "geometry": {"type": "LineString", "coordinates": [[90.43804655987026, 66.69721528777198], [90.46084436830057, 66.68957701242216]]}, "properties": {"source": "25368707", "target": "25356972"}}, {"type": "Feature", "geometry": {"type": "LineString", "coordinates": [[90.45574772343315, 66.69085192166635], [90.46012949241015, 66.69230263211331]]}, "properties": {"source": "25126669", "target": "25008053"}}, {"type": "Feature", "geometry": {"type": "LineString", "coordinates": [[90.45574772343315, 66.69085192166635], [90.45458107911753, 66.68986695341259]]}, "properties": {"source": "25126669", "target": "25067396"}}, {"type": "Feature", "geometry": {"type": "LineString", "coordinates": [[90.45574772343315, 66.69085192166635], [90.43123937132816, 66.68972709478301]]}, "properties": {"source": "25126669", "target": "25126788"}}, {"type": "Feature", "geometry": {"type": "LineString", "coordinates": [[90.45574772343315, 66.69085192166635], [90.45957359313223, 66.69331398691266]]}, "properties": {"source": "25126669", "target": "25126743"}}, {"type": "Feature", "geometry": {"type": "LineString", "coordinates": [[90.45574772343315, 66.69085192166635], [90.4522861384138, 66.6972220915947]]}, "properties": {"source": "25126669", "target": "25207487"}}, {"type": "Feature", "geometry": {"type": "LineString", "coordinates": [[90.44800323274342, 66.68908140897499], [90.43964275710186, 66.69709654097352]]}, "properties": {"source": "24986501", "target": "20804484"}}, {"type": "Feature", "geometry": {"type": "LineString", "coordinates": [[90.44067915554484, 66.69792906665016], [90.46462729492674, 66.69654750647918]]}, "properties": {"source": "6605111", "target": "6489894"}}, {"type": "Feature", "geometry": {"type": "LineString", "coordinates": [[90.44067915554484, 66.69792906665016], [90.43167983540627, 66.68946652432749]]}, "properties": {"source": "6605111", "target": "32068760"}}, {"type": "Feature", "geometry": {"type": "LineString", "coordinates": [[90.44067915554484, 66.69792906665016], [90.45597777628308, 66.69294229410897]]}, "properties": {"source": "6605111", "target": "6569328"}}, {"type": "Feature", "geometry": {"type": "LineString", "coordinates": [[90.44067915554484, 66.69792906665016], [90.46009199339545, 66.68839724223253]]}, "properties": {"source": "6605111", "target": "4275596"}}, {"type": "Feature", "geometry": {"type": "LineString", "coordinates": [[90.44067915554484, 66.69792906665016], [90.43328763857511, 66.69636956938137]]}, "properties": {"source": "6605111", "target": "5111471"}}, {"type": "Feature", "geometry": {"type": "LineString", "coordinates": [[90.44067915554484, 66.69792906665016], [90.4584469416385, 66.69238440589925]]}, "properties": {"source": "6605111", "target": "8341199"}}, {"type": "Feature", "geometry": {"type": "LineString", "coordinates": [[90.44067915554484, 66.69792906665016], [90.4618489819344, 66.69680438091972]]}, "properties": {"source": "6605111", "target": "8044278"}}, {"type": "Feature", "geometry": {"type": "LineString", "coordinates": [[90.44067915554484, 66.69792906665016], [90.44266138973546, 66.6923983475973]]}, "properties": {"source": "6605111", "target": "856474"}}, {"type": "Feature", "geometry": {"type": "LineString", "coordinates": [[90.44067915554484, 66.69792906665016], [90.43270090946191, 66.69713021364302]]}, "properties": {"source": "6605111", "target": "34608908"}}, {"type": "Feature", "geometry": {"type": "LineString", "coordinates": [[90.44067915554484, 66.69792906665016], [90.45436455153623, 66.6935502526424]]}, "properties": {"source": "6605111", "target": "7153686"}}, {"type": "Feature", "geometry": {"type": "LineString", "coordinates": [[90.44067915554484, 66.69792906665016], [90.43222828756723, 66.69262879534911]]}, "properties": {"source": "6605111", "target": "682583"}}, {"type": "Feature", "geometry": {"type": "LineString", "coordinates": [[90.44067915554484, 66.69792906665016], [90.46852773557669, 66.6939980070145]]}, "properties": {"source": "6605111", "target": "6381114"}}, {"type": "Feature", "geometry": {"type": "LineString", "coordinates": [[90.44067915554484, 66.69792906665016], [90.45208658311714, 66.69374228749449]]}, "properties": {"source": "6605111", "target": "856544"}}, {"type": "Feature", "geometry": {"type": "LineString", "coordinates": [[90.44067915554484, 66.69792906665016], [90.43386408643141, 66.69386877406532]]}, "properties": {"source": "6605111", "target": "966996"}}, {"type": "Feature", "geometry": {"type": "LineString", "coordinates": [[90.44067915554484, 66.69792906665016], [90.46495481952473, 66.69938099969161]]}, "properties": {"source": "6605111", "target": "6006348"}}, {"type": "Feature", "geometry": {"type": "LineString", "coordinates": [[90.45844396317199, 66.68826481312576], [90.46199777314825, 66.69465436423786]]}, "properties": {"source": "22805449", "target": "2072722"}}, {"type": "Feature", "geometry": {"type": "LineString", "coordinates": [[90.4394589197156, 66.68747476340394], [90.44303856569246, 66.68879901119176]]}, "properties": {"source": "25173661", "target": "25181742"}}, {"type": "Feature", "geometry": {"type": "LineString", "coordinates": [[90.4394589197156, 66.68747476340394], [90.4459474466887, 66.69682583991197]]}, "properties": {"source": "25173661", "target": "25075801"}}, {"type": "Feature", "geometry": {"type": "LineString", "coordinates": [[90.45261533299634, 66.6952151074734], [90.46862843295264, 66.68953857181364]]}, "properties": {"source": "25180469", "target": "25112675"}}, {"type": "Feature", "geometry": {"type": "LineString", "coordinates": [[90.45261533299634, 66.6952151074734], [90.45574772343315, 66.69085192166635]]}, "properties": {"source": "25180469", "target": "25126669"}}, {"type": "Feature", "geometry": {"type": "LineString", "coordinates": [[90.45261533299634, 66.6952151074734], [90.45458107911753, 66.68986695341259]]}, "properties": {"source": "25180469", "target": "25067396"}}, {"type": "Feature", "geometry": {"type": "LineString", "coordinates": [[90.45261533299634, 66.6952151074734], [90.43123937132816, 66.68972709478301]]}, "properties": {"source": "25180469", "target": "25126788"}}, {"type": "Feature", "geometry": {"type": "LineString", "coordinates": [[90.45261533299634, 66.6952151074734], [90.45957359313223, 66.69331398691266]]}, "properties": {"source": "25180469", "target": "25126743"}}, {"type": "Feature", "geometry": {"type": "LineString", "coordinates": [[90.45261533299634, 66.6952151074734], [90.4390544680237, 66.69308441355001]]}, "properties": {"source": "25180469", "target": "25221752"}}, {"type": "Feature", "geometry": {"type": "LineString", "coordinates": [[90.45261533299634, 66.6952151074734], [90.43183754010545, 66.69208886166399]]}, "properties": {"source": "25180469", "target": "25214424"}}, {"type": "Feature", "geometry": {"type": "LineString", "coordinates": [[90.45261533299634, 66.6952151074734], [90.46740573208007, 66.69373576133688]]}, "properties": {"source": "25180469", "target": "25207637"}}, {"type": "Feature", "geometry": {"type": "LineString", "coordinates": [[90.45261533299634, 66.6952151074734], [90.46349873953517, 66.68914249581488]]}, "properties": {"source": "25180469", "target": "25207590"}}, {"type": "Feature", "geometry": {"type": "LineString", "coordinates": [[90.45261533299634, 66.6952151074734], [90.4522861384138, 66.6972220915947]]}, "properties": {"source": "25180469", "target": "25207487"}}, {"type": "Feature", "geometry": {"type": "LineString", "coordinates": [[90.45261533299634, 66.6952151074734], [90.44303856569246, 66.68879901119176]]}, "properties": {"source": "25180469", "target": "25181742"}}, {"type": "Feature", "geometry": {"type": "LineString", "coordinates": [[90.45261533299634, 66.6952151074734], [90.4459474466887, 66.69682583991197]]}, "properties": {"source": "25180469", "target": "25075801"}}, {"type": "Feature", "geometry": {"type": "LineString", "coordinates": [[90.4584469416385, 66.69238440589925], [90.46009199339545, 66.68839724223253]]}, "properties": {"source": "8341199", "target": "4275596"}}, {"type": "Feature", "geometry": {"type": "LineString", "coordinates": [[90.43050909820221, 66.69204524546755], [90.43167983540627, 66.68946652432749]]}, "properties": {"source": "30839987", "target": "32068760"}}, {"type": "Feature", "geometry": {"type": "LineString", "coordinates": [[90.43439345029168, 66.6948937980334], [90.43214988054154, 66.68803317419791]]}, "properties": {"source": "25412364", "target": "25350734"}}, {"type": "Feature", "geometry": {"type": "LineString", "coordinates": [[90.43439345029168, 66.6948937980334], [90.43284032880047, 66.6880037348464]]}, "properties": {"source": "25412364", "target": "25325863"}}, {"type": "Feature", "geometry": {"type": "LineString", "coordinates": [[90.43439345029168, 66.6948937980334], [90.44667803440018, 66.68826517857666]]}, "properties": {"source": "25412364", "target": "25325975"}}, {"type": "Feature", "geometry": {"type": "LineString", "coordinates": [[90.43439345029168, 66.6948937980334], [90.4665426208897, 66.69641501476214]]}, "properties": {"source": "25412364", "target": "25365159"}}, {"type": "Feature", "geometry": {"type": "LineString", "coordinates": [[90.43439345029168, 66.6948937980334], [90.46084436830057, 66.68957701242216]]}, "properties": {"source": "25412364", "target": "25356972"}}, {"type": "Feature", "geometry": {"type": "LineString", "coordinates": [[90.46984284875089, 66.6906851748807], [90.4539584549729, 66.68907428030313]]}, "properties": {"source": "25161066", "target": "25022962"}}, {"type": "Feature", "geometry": {"type": "LineString", "coordinates": [[90.46984284875089, 66.6906851748807], [90.46036956821382, 66.6918102368064]]}, "properties": {"source": "25161066", "target": "25015644"}}, {"type": "Feature", "geometry": {"type": "LineString", "coordinates": [[90.46984284875089, 66.6906851748807], [90.46390312263117, 66.69350298788424]]}, "properties": {"source": "25161066", "target": "25119026"}}, {"type": "Feature", "geometry": {"type": "LineString", "coordinates": [[90.46984284875089, 66.6906851748807], [90.45381456791927, 66.68976863055023]]}, "properties": {"source": "25161066", "target": "25046368"}}, {"type": "Feature", "geometry": {"type": "LineString", "coordinates": [[90.46984284875089, 66.6906851748807], [90.46862843295264, 66.68953857181364]]}, "properties": {"source": "25161066", "target": "25112675"}}, {"type": "Feature", "geometry": {"type": "LineString", "coordinates": [[90.46984284875089, 66.6906851748807], [90.45293811643046, 66.6919247680428]]}, "properties": {"source": "25161066", "target": "25053501"}}, {"type": "Feature", "geometry": {"type": "LineString", "coordinates": [[90.46984284875089, 66.6906851748807], [90.45574772343315, 66.69085192166635]]}, "properties": {"source": "25161066", "target": "25126669"}}, {"type": "Feature", "geometry": {"type": "LineString", "coordinates": [[90.46984284875089, 66.6906851748807], [90.45458107911753, 66.68986695341259]]}, "properties": {"source": "25161066", "target": "25067396"}}, {"type": "Feature", "geometry": {"type": "LineString", "coordinates": [[90.46984284875089, 66.6906851748807], [90.43123937132816, 66.68972709478301]]}, "properties": {"source": "25161066", "target": "25126788"}}, {"type": "Feature", "geometry": {"type": "LineString", "coordinates": [[90.46984284875089, 66.6906851748807], [90.45957359313223, 66.69331398691266]]}, "properties": {"source": "25161066", "target": "25126743"}}, {"type": "Feature", "geometry": {"type": "LineString", "coordinates": [[90.44482632493953, 66.69140111180238], [90.44866452634687, 66.6948632601366]]}, "properties": {"source": "19053203", "target": "16046854"}}, {"type": "Feature", "geometry": {"type": "LineString", "coordinates": [[90.46225374098401, 66.69311270633769], [90.45610998544021, 66.69722683571739]]}, "properties": {"source": "19213261", "target": "12125610"}}, {"type": "Feature", "geometry": {"type": "LineString", "coordinates": [[90.46225374098401, 66.69311270633769], [90.43611552866525, 66.69766539566324]]}, "properties": {"source": "19213261", "target": "18216961"}}, {"type": "Feature", "geometry": {"type": "LineString", "coordinates": [[90.46225374098401, 66.69311270633769], [90.44930127058376, 66.69759738454788]]}, "properties": {"source": "19213261", "target": "13022251"}}, {"type": "Feature", "geometry": {"type": "LineString", "coordinates": [[90.46225374098401, 66.69311270633769], [90.459170762761, 66.69237024200149]]}, "properties": {"source": "19213261", "target": "1798619"}}, {"type": "Feature", "geometry": {"type": "LineString", "coordinates": [[90.46225374098401, 66.69311270633769], [90.46181232136104, 66.69002352787994]]}, "properties": {"source": "19213261", "target": "1320145"}}, {"type": "Feature", "geometry": {"type": "LineString", "coordinates": [[90.46225374098401, 66.69311270633769], [90.46259451654316, 66.69810843185847]]}, "properties": {"source": "19213261", "target": "13437275"}}, {"type": "Feature", "geometry": {"type": "LineString", "coordinates": [[90.46225374098401, 66.69311270633769], [90.44445412805283, 66.6925224801898]]}, "properties": {"source": "19213261", "target": "17702304"}}, {"type": "Feature", "geometry": {"type": "LineString", "coordinates": [[90.46225374098401, 66.69311270633769], [90.43886382911546, 66.6950751790742]]}, "properties": {"source": "19213261", "target": "17279122"}}, {"type": "Feature", "geometry": {"type": "LineString", "coordinates": [[90.46225374098401, 66.69311270633769], [90.44023886728002, 66.69353432277705]]}, "properties": {"source": "19213261", "target": "13493091"}}, {"type": "Feature", "geometry": {"type": "LineString", "coordinates": [[90.46225374098401, 66.69311270633769], [90.44059871139194, 66.6953940656468]]}, "properties": {"source": "19213261", "target": "12726578"}}, {"type": "Feature", "geometry": {"type": "LineString", "coordinates": [[90.46225374098401, 66.69311270633769], [90.45147112894148, 66.69429095081583]]}, "properties": {"source": "19213261", "target": "1629471"}}, {"type": "Feature", "geometry": {"type": "LineString", "coordinates": [[90.46225374098401, 66.69311270633769], [90.45517563294288, 66.6923839446542]]}, "properties": {"source": "19213261", "target": "18506999"}}, {"type": "Feature", "geometry": {"type": "LineString", "coordinates": [[90.46225374098401, 66.69311270633769], [90.43866947669966, 66.69396222754814]]}, "properties": {"source": "19213261", "target": "1049793"}}, {"type": "Feature", "geometry": {"type": "LineString", "coordinates": [[90.46225374098401, 66.69311270633769], [90.44866452634687, 66.6948632601366]]}, "properties": {"source": "19213261", "target": "16046854"}}, {"type": "Feature", "geometry": {"type": "LineString", "coordinates": [[90.4417730089861, 66.69348537952254], [90.44482632493953, 66.69140111180238]]}, "properties": {"source": "1919723", "target": "19053203"}}, {"type": "Feature", "geometry": {"type": "LineString", "coordinates": [[90.46978188400743, 66.69710832183763], [90.46572131661685, 66.69547555098619]]}, "properties": {"source": "25015547", "target": "2375198"}}, {"type": "Feature", "geometry": {"type": "LineString", "coordinates": [[90.4417730089861, 66.69348537952254], [90.43588826769951, 66.69746636900433]]}, "properties": {"source": "1919723", "target": "24970020"}}, {"type": "Feature", "geometry": {"type": "LineString", "coordinates": [[90.4417730089861, 66.69348537952254], [90.43583899461959, 66.69127676108772]]}, "properties": {"source": "1919723", "target": "17345756"}}, {"type": "Feature", "geometry": {"type": "LineString", "coordinates": [[90.4417730089861, 66.69348537952254], [90.4427602099484, 66.69583655194496]]}, "properties": {"source": "1919723", "target": "19004499"}}, {"type": "Feature", "geometry": {"type": "LineString", "coordinates": [[90.4417730089861, 66.69348537952254], [90.43886382911546, 66.6950751790742]]}, "properties": {"source": "1919723", "target": "17279122"}}, {"type": "Feature", "geometry": {"type": "LineString", "coordinates": [[90.4417730089861, 66.69348537952254], [90.44023886728002, 66.69353432277705]]}, "properties": {"source": "1919723", "target": "13493091"}}, {"type": "Feature", "geometry": {"type": "LineString", "coordinates": [[90.4417730089861, 66.69348537952254], [90.44059871139194, 66.6953940656468]]}, "properties": {"source": "1919723", "target": "12726578"}}, {"type": "Feature", "geometry": {"type": "LineString", "coordinates": [[90.4417730089861, 66.69348537952254], [90.45517563294288, 66.6923839446542]]}, "properties": {"source": "1919723", "target": "18506999"}}, {"type": "Feature", "geometry": {"type": "LineString", "coordinates": [[90.4417730089861, 66.69348537952254], [90.44866452634687, 66.6948632601366]]}, "properties": {"source": "1919723", "target": "16046854"}}, {"type": "Feature", "geometry": {"type": "LineString", "coordinates": [[90.44482632493953, 66.69140111180238], [90.43118506753677, 66.69433385521457]]}, "properties": {"source": "19053203", "target": "24682070"}}, {"type": "Feature", "geometry": {"type": "LineString", "coordinates": [[90.44482632493953, 66.69140111180238], [90.43583899461959, 66.69127676108772]]}, "properties": {"source": "19053203", "target": "17345756"}}, {"type": "Feature", "geometry": {"type": "LineString", "coordinates": [[90.44482632493953, 66.69140111180238], [90.4427602099484, 66.69583655194496]]}, "properties": {"source": "19053203", "target": "19004499"}}, {"type": "Feature", "geometry": {"type": "LineString", "coordinates": [[90.44482632493953, 66.69140111180238], [90.43886382911546, 66.6950751790742]]}, "properties": {"source": "19053203", "target": "17279122"}}, {"type": "Feature", "geometry": {"type": "LineString", "coordinates": [[90.44482632493953, 66.69140111180238], [90.44023886728002, 66.69353432277705]]}, "properties": {"source": "19053203", "target": "13493091"}}, {"type": "Feature", "geometry": {"type": "LineString", "coordinates": [[90.44482632493953, 66.69140111180238], [90.44059871139194, 66.6953940656468]]}, "properties": {"source": "19053203", "target": "12726578"}}, {"type": "Feature", "geometry": {"type": "LineString", "coordinates": [[90.44482632493953, 66.69140111180238], [90.45517563294288, 66.6923839446542]]}, "properties": {"source": "19053203", "target": "18506999"}}, {"type": "Feature", "geometry": {"type": "LineString", "coordinates": [[90.46024172004041, 66.6947520537911], [90.4522861384138, 66.6972220915947]]}, "properties": {"source": "25234447", "target": "25207487"}}, {"type": "Feature", "geometry": {"type": "LineString", "coordinates": [[90.429688828277, 66.68714684110773], [90.46349873953517, 66.68914249581488]]}, "properties": {"source": "25173622", "target": "25207590"}}, {"type": "Feature", "geometry": {"type": "LineString", "coordinates": [[90.429688828277, 66.68714684110773], [90.4522861384138, 66.6972220915947]]}, "properties": {"source": "25173622", "target": "25207487"}}, {"type": "Feature", "geometry": {"type": "LineString", "coordinates": [[90.429688828277, 66.68714684110773], [90.44303856569246, 66.68879901119176]]}, "properties": {"source": "25173622", "target": "25181742"}}, {"type": "Feature", "geometry": {"type": "LineString", "coordinates": [[90.429688828277, 66.68714684110773], [90.4459474466887, 66.69682583991197]]}, "properties": {"source": "25173622", "target": "25075801"}}, {"type": "Feature", "geometry": {"type": "LineString", "coordinates": [[90.4394589197156, 66.68747476340394], [90.46862843295264, 66.68953857181364]]}, "properties": {"source": "25173661", "target": "25112675"}}, {"type": "Feature", "geometry": {"type": "LineString", "coordinates": [[90.4394589197156, 66.68747476340394], [90.45293811643046, 66.6919247680428]]}, "properties": {"source": "25173661", "target": "25053501"}}, {"type": "Feature", "geometry": {"type": "LineString", "coordinates": [[90.4394589197156, 66.68747476340394], [90.45574772343315, 66.69085192166635]]}, "properties": {"source": "25173661", "target": "25126669"}}, {"type": "Feature", "geometry": {"type": "LineString", "coordinates": [[90.4394589197156, 66.68747476340394], [90.45458107911753, 66.68986695341259]]}, "properties": {"source": "25173661", "target": "25067396"}}, {"type": "Feature", "geometry": {"type": "LineString", "coordinates": [[90.4394589197156, 66.68747476340394], [90.43123937132816, 66.68972709478301]]}, "properties": {"source": "25173661", "target": "25126788"}}, {"type": "Feature", "geometry": {"type": "LineString", "coordinates": [[90.4394589197156, 66.68747476340394], [90.45957359313223, 66.69331398691266]]}, "properties": {"source": "25173661", "target": "25126743"}}, {"type": "Feature", "geometry": {"type": "LineString", "coordinates": [[90.4394589197156, 66.68747476340394], [90.45261533299634, 66.6952151074734]]}, "properties": {"source": "25173661", "target": "25180469"}}, {"type": "Feature", "geometry": {"type": "LineString", "coordinates": [[90.4394589197156, 66.68747476340394], [90.43502623848946, 66.6994787650804]]}, "properties": {"source": "25173661", "target": "25214526"}}, {"type": "Feature", "geometry": {"type": "LineString", "coordinates": [[90.4394589197156, 66.68747476340394], [90.43183754010545, 66.69208886166399]]}, "properties": {"source": "25173661", "target": "25214424"}}, {"type": "Feature", "geometry": {"type": "LineString", "coordinates": [[90.4394589197156, 66.68747476340394], [90.46740573208007, 66.69373576133688]]}, "properties": {"source": "25173661", "target": "25207637"}}, {"type": "Feature", "geometry": {"type": "LineString", "coordinates": [[90.4394589197156, 66.68747476340394], [90.46349873953517, 66.68914249581488]]}, "properties": {"source": "25173661", "target": "25207590"}}, {"type": "Feature", "geometry": {"type": "LineString", "coordinates": [[90.43322047010861, 66.69671390054684], [90.45805496073052, 66.69912699505244]]}, "properties": {"source": "10365409", "target": "1421558"}}, {"type": "Feature", "geometry": {"type": "LineString", "coordinates": [[90.46390312263117, 66.69350298788424], [90.46036956821382, 66.6918102368064]]}, "properties": {"source": "25119026", "target": "25015644"}}, {"type": "Feature", "geometry": {"type": "LineString", "coordinates": [[90.46390312263117, 66.69350298788424], [90.45381456791927, 66.68976863055023]]}, "properties": {"source": "25119026", "target": "25046368"}}, {"type": "Feature", "geometry": {"type": "LineString", "coordinates": [[90.46390312263117, 66.69350298788424], [90.46862843295264, 66.68953857181364]]}, "properties": {"source": "25119026", "target": "25112675"}}, {"type": "Feature", "geometry": {"type": "LineString", "coordinates": [[90.46390312263117, 66.69350298788424], [90.45293811643046, 66.6919247680428]]}, "properties": {"source": "25119026", "target": "25053501"}}, {"type": "Feature", "geometry": {"type": "LineString", "coordinates": [[90.46390312263117, 66.69350298788424], [90.45574772343315, 66.69085192166635]]}, "properties": {"source": "25119026", "target": "25126669"}}, {"type": "Feature", "geometry": {"type": "LineString", "coordinates": [[90.46390312263117, 66.69350298788424], [90.45458107911753, 66.68986695341259]]}, "properties": {"source": "25119026", "target": "25067396"}}, {"type": "Feature", "geometry": {"type": "LineString", "coordinates": [[90.46390312263117, 66.69350298788424], [90.43123937132816, 66.68972709478301]]}, "properties": {"source": "25119026", "target": "25126788"}}, {"type": "Feature", "geometry": {"type": "LineString", "coordinates": [[90.46390312263117, 66.69350298788424], [90.45957359313223, 66.69331398691266]]}, "properties": {"source": "25119026", "target": "25126743"}}, {"type": "Feature", "geometry": {"type": "LineString", "coordinates": [[90.46390312263117, 66.69350298788424], [90.429688828277, 66.68714684110773]]}, "properties": {"source": "25119026", "target": "25173622"}}, {"type": "Feature", "geometry": {"type": "LineString", "coordinates": [[90.46390312263117, 66.69350298788424], [90.4394589197156, 66.68747476340394]]}, "properties": {"source": "25119026", "target": "25173661"}}, {"type": "Feature", "geometry": {"type": "LineString", "coordinates": [[90.46390312263117, 66.69350298788424], [90.45261533299634, 66.6952151074734]]}, "properties": {"source": "25119026", "target": "25180469"}}, {"type": "Feature", "geometry": {"type": "LineString", "coordinates": [[90.46390312263117, 66.69350298788424], [90.44303856569246, 66.68879901119176]]}, "properties": {"source": "25119026", "target": "25181742"}}, {"type": "Feature", "geometry": {"type": "LineString", "coordinates": [[90.46390312263117, 66.69350298788424], [90.469675595497, 66.6928581209341]]}, "properties": {"source": "25119026", "target": "25022802"}}, {"type": "Feature", "geometry": {"type": "LineString", "coordinates": [[90.46390312263117, 66.69350298788424], [90.4459474466887, 66.69682583991197]]}, "properties": {"source": "25119026", "target": "25075801"}}, {"type": "Feature", "geometry": {"type": "LineString", "coordinates": [[90.45381456791927, 66.68976863055023], [90.44934965991877, 66.6907026191966]]}, "properties": {"source": "25046368", "target": "25000441"}}, {"type": "Feature", "geometry": {"type": "LineString", "coordinates": [[90.45293811643046, 66.6919247680428], [90.43588826769951, 66.69746636900433]]}, "properties": {"source": "25053501", "target": "24970020"}}, {"type": "Feature", "geometry": {"type": "LineString", "coordinates": [[90.44263542341957, 66.6910376039752], [90.46009199339545, 66.68839724223253]]}, "properties": {"source": "29071375", "target": "4275596"}}, {"type": "Feature", "geometry": {"type": "LineString", "coordinates": [[90.43381075016435, 66.69248943430215], [90.4618489819344, 66.69680438091972]]}, "properties": {"source": "4480223", "target": "8044278"}}, {"type": "Feature", "geometry": {"type": "LineString", "coordinates": [[90.46241201644995, 66.6939769955914], [90.43118506753677, 66.69433385521457]]}, "properties": {"source": "2250108", "target": "24682070"}}, {"type": "Feature", "geometry": {"type": "LineString", "coordinates": [[90.46241201644995, 66.6939769955914], [90.46012949241015, 66.69230263211331]]}, "properties": {"source": "2250108", "target": "25008053"}}, {"type": "Feature", "geometry": {"type": "LineString", "coordinates": [[90.45262947499634, 66.69654796872614], [90.43118506753677, 66.69433385521457]]}, "properties": {"source": "2417136", "target": "24682070"}}, {"type": "Feature", "geometry": {"type": "LineString", "coordinates": [[90.45262947499634, 66.69654796872614], [90.46012949241015, 66.69230263211331]]}, "properties": {"source": "2417136", "target": "25008053"}}, {"type": "Feature", "geometry": {"type": "LineString", "coordinates": [[90.44690849535965, 66.68808064006883], [90.45844396317199, 66.68826481312576]]}, "properties": {"source": "22444312", "target": "22805449"}}, {"type": "Feature", "geometry": {"type": "LineString", "coordinates": [[90.44690849535965, 66.68808064006883], [90.4370180338301, 66.69556036298322]]}, "properties": {"source": "22444312", "target": "22821615"}}, {"type": "Feature", "geometry": {"type": "LineString", "coordinates": [[90.44690849535965, 66.68808064006883], [90.43118506753677, 66.69433385521457]]}, "properties": {"source": "22444312", "target": "24682070"}}, {"type": "Feature", "geometry": {"type": "LineString", "coordinates": [[90.44690849535965, 66.68808064006883], [90.45096751858233, 66.69089370656754]]}, "properties": {"source": "22444312", "target": "24962319"}}, {"type": "Feature", "geometry": {"type": "LineString", "coordinates": [[90.44690849535965, 66.68808064006883], [90.44934965991877, 66.6907026191966]]}, "properties": {"source": "22444312", "target": "25000441"}}, {"type": "Feature", "geometry": {"type": "LineString", "coordinates": [[90.44690849535965, 66.68808064006883], [90.43588826769951, 66.69746636900433]]}, "properties": {"source": "22444312", "target": "24970020"}}, {"type": "Feature", "geometry": {"type": "LineString", "coordinates": [[90.44690849535965, 66.68808064006883], [90.42984189220647, 66.69027710068023]]}, "properties": {"source": "22444312", "target": "24718286"}}, {"type": "Feature", "geometry": {"type": "LineString", "coordinates": [[90.44690849535965, 66.68808064006883], [90.46199777314825, 66.69465436423786]]}, "properties": {"source": "22444312", "target": "2072722"}}, {"type": "Feature", "geometry": {"type": "LineString", "coordinates": [[90.45147112894148, 66.69429095081583], [90.43964275710186, 66.69709654097352]]}, "properties": {"source": "1629471", "target": "20804484"}}, {"type": "Feature", "geometry": {"type": "LineString", "coordinates": [[90.452062265025, 66.69060160734347], [90.43886382911546, 66.6950751790742]]}, "properties": {"source": "19339935", "target": "17279122"}}, {"type": "Feature", "geometry": {"type": "LineString", "coordinates": [[90.4390544680237, 66.69308441355001], [90.4522861384138, 66.6972220915947]]}, "properties": {"source": "25221752", "target": "25207487"}}, {"type": "Feature", "geometry": {"type": "LineString", "coordinates": [[90.4390544680237, 66.69308441355001], [90.44667803440018, 66.68826517857666]]}, "properties": {"source": "25221752", "target": "25325975"}}, {"type": "Feature", "geometry": {"type": "LineString", "coordinates": [[90.4390544680237, 66.69308441355001], [90.44303856569246, 66.68879901119176]]}, "properties": {"source": "25221752", "target": "25181742"}}, {"type": "Feature", "geometry": {"type": "LineString", "coordinates": [[90.43183754010545, 66.69208886166399], [90.46740573208007, 66.69373576133688]]}, "properties": {"source": "25214424", "target": "25207637"}}, {"type": "Feature", "geometry": {"type": "LineString", "coordinates": [[90.43183754010545, 66.69208886166399], [90.46349873953517, 66.68914249581488]]}, "properties": {"source": "25214424", "target": "25207590"}}, {"type": "Feature", "geometry": {"type": "LineString", "coordinates": [[90.43183754010545, 66.69208886166399], [90.4522861384138, 66.6972220915947]]}, "properties": {"source": "25214424", "target": "25207487"}}, {"type": "Feature", "geometry": {"type": "LineString", "coordinates": [[90.43183754010545, 66.69208886166399], [90.44303856569246, 66.68879901119176]]}, "properties": {"source": "25214424", "target": "25181742"}}, {"type": "Feature", "geometry": {"type": "LineString", "coordinates": [[90.46740573208007, 66.69373576133688], [90.46349873953517, 66.68914249581488]]}, "properties": {"source": "25207637", "target": "25207590"}}, {"type": "Feature", "geometry": {"type": "LineString", "coordinates": [[90.46740573208007, 66.69373576133688], [90.4522861384138, 66.6972220915947]]}, "properties": {"source": "25207637", "target": "25207487"}}, {"type": "Feature", "geometry": {"type": "LineString", "coordinates": [[90.46740573208007, 66.69373576133688], [90.44303856569246, 66.68879901119176]]}, "properties": {"source": "25207637", "target": "25181742"}}, {"type": "Feature", "geometry": {"type": "LineString", "coordinates": [[90.46349873953517, 66.68914249581488], [90.43123937132816, 66.68972709478301]]}, "properties": {"source": "25207590", "target": "25126788"}}, {"type": "Feature", "geometry": {"type": "LineString", "coordinates": [[90.46349873953517, 66.68914249581488], [90.4522861384138, 66.6972220915947]]}, "properties": {"source": "25207590", "target": "25207487"}}, {"type": "Feature", "geometry": {"type": "LineString", "coordinates": [[90.46349873953517, 66.68914249581488], [90.44303856569246, 66.68879901119176]]}, "properties": {"source": "25207590", "target": "25181742"}}, {"type": "Feature", "geometry": {"type": "LineString", "coordinates": [[90.4522861384138, 66.6972220915947], [90.43123937132816, 66.68972709478301]]}, "properties": {"source": "25207487", "target": "25126788"}}, {"type": "Feature", "geometry": {"type": "LineString", "coordinates": [[90.4522861384138, 66.6972220915947], [90.45957359313223, 66.69331398691266]]}, "properties": {"source": "25207487", "target": "25126743"}}, {"type": "Feature", "geometry": {"type": "LineString", "coordinates": [[90.43886382911546, 66.6950751790742], [90.43583899461959, 66.69127676108772]]}, "properties": {"source": "17279122", "target": "17345756"}}, {"type": "Feature", "geometry": {"type": "LineString", "coordinates": [[90.46456246389931, 66.69445260169009], [90.4417730089861, 66.69348537952254]]}, "properties": {"source": "18130160", "target": "1919723"}}, {"type": "Feature", "geometry": {"type": "LineString", "coordinates": [[90.46456246389931, 66.69445260169009], [90.44482632493953, 66.69140111180238]]}, "properties": {"source": "18130160", "target": "19053203"}}, {"type": "Feature", "geometry": {"type": "LineString", "coordinates": [[90.46456246389931, 66.69445260169009], [90.43583899461959, 66.69127676108772]]}, "properties": {"source": "18130160", "target": "17345756"}}, {"type": "Feature", "geometry": {"type": "LineString", "coordinates": [[90.46456246389931, 66.69445260169009], [90.4427602099484, 66.69583655194496]]}, "properties": {"source": "18130160", "target": "19004499"}}, {"type": "Feature", "geometry": {"type": "LineString", "coordinates": [[90.46456246389931, 66.69445260169009], [90.46181232136104, 66.69002352787994]]}, "properties": {"source": "18130160", "target": "1320145"}}, {"type": "Feature", "geometry": {"type": "LineString", "coordinates": [[90.46456246389931, 66.69445260169009], [90.46259451654316, 66.69810843185847]]}, "properties": {"source": "18130160", "target": "13437275"}}, {"type": "Feature", "geometry": {"type": "LineString", "coordinates": [[90.46456246389931, 66.69445260169009], [90.44445412805283, 66.6925224801898]]}, "properties": {"source": "18130160", "target": "17702304"}}, {"type": "Feature", "geometry": {"type": "LineString", "coordinates": [[90.46456246389931, 66.69445260169009], [90.43886382911546, 66.6950751790742]]}, "properties": {"source": "18130160", "target": "17279122"}}, {"type": "Feature", "geometry": {"type": "LineString", "coordinates": [[90.46456246389931, 66.69445260169009], [90.44023886728002, 66.69353432277705]]}, "properties": {"source": "18130160", "target": "13493091"}}, {"type": "Feature", "geometry": {"type": "LineString", "coordinates": [[90.46456246389931, 66.69445260169009], [90.44059871139194, 66.6953940656468]]}, "properties": {"source": "18130160", "target": "12726578"}}, {"type": "Feature", "geometry": {"type": "LineString", "coordinates": [[90.46456246389931, 66.69445260169009], [90.44866452634687, 66.6948632601366]]}, "properties": {"source": "18130160", "target": "16046854"}}, {"type": "Feature", "geometry": {"type": "LineString", "coordinates": [[90.43118506753677, 66.69433385521457], [90.46012949241015, 66.69230263211331]]}, "properties": {"source": "24682070", "target": "25008053"}}, {"type": "Feature", "geometry": {"type": "LineString", "coordinates": [[90.43118506753677, 66.69433385521457], [90.4427602099484, 66.69583655194496]]}, "properties": {"source": "24682070", "target": "19004499"}}, {"type": "Feature", "geometry": {"type": "LineString", "coordinates": [[90.43118506753677, 66.69433385521457], [90.45517563294288, 66.6923839446542]]}, "properties": {"source": "24682070", "target": "18506999"}}, {"type": "Feature", "geometry": {"type": "LineString", "coordinates": [[90.44800323274342, 66.68908140897499], [90.45844396317199, 66.68826481312576]]}, "properties": {"source": "24986501", "target": "22805449"}}, {"type": "Feature", "geometry": {"type": "LineString", "coordinates": [[90.43879643169896, 66.68995087719891], [90.43422081492065, 66.69895801395181]]}, "properties": {"source": "5123374", "target": "31673670"}}, {"type": "Feature", "geometry": {"type": "LineString", "coordinates": [[90.46462729492674, 66.69654750647918], [90.43386408643141, 66.69386877406532]]}, "properties": {"source": "6489894", "target": "966996"}}, {"type": "Feature", "geometry": {"type": "LineString", "coordinates": [[90.46462729492674, 66.69654750647918], [90.44263542341957, 66.6910376039752]]}, "properties": {"source": "6489894", "target": "29071375"}}, {"type": "Feature", "geometry": {"type": "LineString", "coordinates": [[90.46462729492674, 66.69654750647918], [90.43381075016435, 66.69248943430215]]}, "properties": {"source": "6489894", "target": "4480223"}}, {"type": "Feature", "geometry": {"type": "LineString", "coordinates": [[90.43167983540627, 66.68946652432749], [90.46009199339545, 66.68839724223253]]}, "properties": {"source": "32068760", "target": "4275596"}}, {"type": "Feature", "geometry": {"type": "LineString", "coordinates": [[90.43167983540627, 66.68946652432749], [90.4618489819344, 66.69680438091972]]}, "properties": {"source": "32068760", "target": "8044278"}}, {"type": "Feature", "geometry": {"type": "LineString", "coordinates": [[90.43167983540627, 66.68946652432749], [90.43270090946191, 66.69713021364302]]}, "properties": {"source": "32068760", "target": "34608908"}}, {"type": "Feature", "geometry": {"type": "LineString", "coordinates": [[90.43167983540627, 66.68946652432749], [90.44263542341957, 66.6910376039752]]}, "properties": {"source": "32068760", "target": "29071375"}}, {"type": "Feature", "geometry": {"type": "LineString", "coordinates": [[90.43167983540627, 66.68946652432749], [90.44198008766068, 66.69057724745623]]}, "properties": {"source": "32068760", "target": "2958071"}}, {"type": "Feature", "geometry": {"type": "LineString", "coordinates": [[90.43167983540627, 66.68946652432749], [90.4542726729307, 66.69559435639667]]}, "properties": {"source": "32068760", "target": "30762016"}}, {"type": "Feature", "geometry": {"type": "LineString", "coordinates": [[90.45597777628308, 66.69294229410897], [90.43422081492065, 66.69895801395181]]}, "properties": {"source": "6569328", "target": "31673670"}}, {"type": "Feature", "geometry": {"type": "LineString", "coordinates": [[90.45597777628308, 66.69294229410897], [90.46462729492674, 66.69654750647918]]}, "properties": {"source": "6569328", "target": "6489894"}}, {"type": "Feature", "geometry": {"type": "LineString", "coordinates": [[90.45597777628308, 66.69294229410897], [90.43167983540627, 66.68946652432749]]}, "properties": {"source": "6569328", "target": "32068760"}}, {"type": "Feature", "geometry": {"type": "LineString", "coordinates": [[90.45597777628308, 66.69294229410897], [90.43050909820221, 66.69204524546755]]}, "properties": {"source": "6569328", "target": "30839987"}}, {"type": "Feature", "geometry": {"type": "LineString", "coordinates": [[90.45597777628308, 66.69294229410897], [90.46009199339545, 66.68839724223253]]}, "properties": {"source": "6569328", "target": "4275596"}}, {"type": "Feature", "geometry": {"type": "LineString", "coordinates": [[90.45597777628308, 66.69294229410897], [90.43328763857511, 66.69636956938137]]}, "properties": {"source": "6569328", "target": "5111471"}}, {"type": "Feature", "geometry": {"type": "LineString", "coordinates": [[90.4312034405732, 66.68711536264016], [90.46009199339545, 66.68839724223253]]}, "properties": {"source": "27839901", "target": "4275596"}}, {"type": "Feature", "geometry": {"type": "LineString", "coordinates": [[90.43646580937133, 66.68697540073147], [90.4593725565432, 66.69633112724979]]}, "properties": {"source": "8878907", "target": "9138275"}}, {"type": "Feature", "geometry": {"type": "LineString", "coordinates": [[90.43646580937133, 66.68697540073147], [90.43630896120129, 66.69026043186402]]}, "properties": {"source": "8878907", "target": "881985"}}, {"type": "Feature", "geometry": {"type": "LineString", "coordinates": [[90.459170762761, 66.69237024200149], [90.4417730089861, 66.69348537952254]]}, "properties": {"source": "1798619", "target": "1919723"}}, {"type": "Feature", "geometry": {"type": "LineString", "coordinates": [[90.459170762761, 66.69237024200149], [90.44482632493953, 66.69140111180238]]}, "properties": {"source": "1798619", "target": "19053203"}}, {"type": "Feature", "geometry": {"type": "LineString", "coordinates": [[90.459170762761, 66.69237024200149], [90.46456246389931, 66.69445260169009]]}, "properties": {"source": "1798619", "target": "18130160"}}, {"type": "Feature", "geometry": {"type": "LineString", "coordinates": [[90.46181232136104, 66.69002352787994], [90.4417730089861, 66.69348537952254]]}, "properties": {"source": "1320145", "target": "1919723"}}, {"type": "Feature", "geometry": {"type": "LineString", "coordinates": [[90.46181232136104, 66.69002352787994], [90.44482632493953, 66.69140111180238]]}, "properties": {"source": "1320145", "target": "19053203"}}, {"type": "Feature", "geometry": {"type": "LineString", "coordinates": [[90.46259451654316, 66.69810843185847], [90.4417730089861, 66.69348537952254]]}, "properties": {"source": "13437275", "target": "1919723"}}, {"type": "Feature", "geometry": {"type": "LineString", "coordinates": [[90.46259451654316, 66.69810843185847], [90.44482632493953, 66.69140111180238]]}, "properties": {"source": "13437275", "target": "19053203"}}, {"type": "Feature", "geometry": {"type": "LineString", "coordinates": [[90.44445412805283, 66.6925224801898], [90.4417730089861, 66.69348537952254]]}, "properties": {"source": "17702304", "target": "1919723"}}, {"type": "Feature", "geometry": {"type": "LineString", "coordinates": [[90.44445412805283, 66.6925224801898], [90.44482632493953, 66.69140111180238]]}, "properties": {"source": "17702304", "target": "19053203"}}, {"type": "Feature", "geometry": {"type": "LineString", "coordinates": [[90.44445412805283, 66.6925224801898], [90.4427602099484, 66.69583655194496]]}, "properties": {"source": "17702304", "target": "19004499"}}, {"type": "Feature", "geometry": {"type": "LineString", "coordinates": [[90.4459474466887, 66.69682583991197], [90.45574772343315, 66.69085192166635]]}, "properties": {"source": "25075801", "target": "25126669"}}, {"type": "Feature", "geometry": {"type": "LineString", "coordinates": [[90.4459474466887, 66.69682583991197], [90.43123937132816, 66.68972709478301]]}, "properties": {"source": "25075801", "target": "25126788"}}, {"type": "Feature", "geometry": {"type": "LineString", "coordinates": [[90.4459474466887, 66.69682583991197], [90.45957359313223, 66.69331398691266]]}, "properties": {"source": "25075801", "target": "25126743"}}, {"type": "Feature", "geometry": {"type": "LineString", "coordinates": [[90.4568157620501, 66.68894566962615], [90.43014187244376, 66.69053130317604]]}, "properties": {"source": "29489304", "target": "3064912"}}, {"type": "Feature", "geometry": {"type": "LineString", "coordinates": [[90.46939098525576, 66.69913055696213], [90.46009199339545, 66.68839724223253]]}, "properties": {"source": "2685281", "target": "4275596"}}, {"type": "Feature", "geometry": {"type": "LineString", "coordinates": [[90.46939098525576, 66.69913055696213], [90.4625649309325, 66.69709089656]]}, "properties": {"source": "2685281", "target": "29890009"}}, {"type": "Feature", "geometry": {"type": "LineString", "coordinates": [[90.46939098525576, 66.69913055696213], [90.42934312774508, 66.69677689593242]]}, "properties": {"source": "2685281", "target": "28448436"}}, {"type": "Feature", "geometry": {"type": "LineString", "coordinates": [[90.46939098525576, 66.69913055696213], [90.4671972349501, 66.69078127438497]]}, "properties": {"source": "2685281", "target": "29346292"}}, {"type": "Feature", "geometry": {"type": "LineString", "coordinates": [[90.46939098525576, 66.69913055696213], [90.4312034405732, 66.68711536264016]]}, "properties": {"source": "2685281", "target": "27839901"}}, {"type": "Feature", "geometry": {"type": "LineString", "coordinates": [[90.46939098525576, 66.69913055696213], [90.46272243014681, 66.69425000044916]]}, "properties": {"source": "2685281", "target": "26882304"}}, {"type": "Feature", "geometry": {"type": "LineString", "coordinates": [[90.46495481952473, 66.69938099969161], [90.46462729492674, 66.69654750647918]]}, "properties": {"source": "6006348", "target": "6489894"}}, {"type": "Feature", "geometry": {"type": "LineString", "coordinates": [[90.46495481952473, 66.69938099969161], [90.4584469416385, 66.69238440589925]]}, "properties": {"source": "6006348", "target": "8341199"}}, {"type": "Feature", "geometry": {"type": "LineString", "coordinates": [[90.46495481952473, 66.69938099969161], [90.4618489819344, 66.69680438091972]]}, "properties": {"source": "6006348", "target": "8044278"}}, {"type": "Feature", "geometry": {"type": "LineString", "coordinates": [[90.46495481952473, 66.69938099969161], [90.44266138973546, 66.6923983475973]]}, "properties": {"source": "6006348", "target": "856474"}}, {"type": "Feature", "geometry": {"type": "LineString", "coordinates": [[90.46495481952473, 66.69938099969161], [90.45436455153623, 66.6935502526424]]}, "properties": {"source": "6006348", "target": "7153686"}}, {"type": "Feature", "geometry": {"type": "LineString", "coordinates": [[90.46495481952473, 66.69938099969161], [90.43222828756723, 66.69262879534911]]}, "properties": {"source": "6006348", "target": "682583"}}, {"type": "Feature", "geometry": {"type": "LineString", "coordinates": [[90.46495481952473, 66.69938099969161], [90.45208658311714, 66.69374228749449]]}, "properties": {"source": "6006348", "target": "856544"}}, {"type": "Feature", "geometry": {"type": "LineString", "coordinates": [[90.450470309725, 66.69612029639852], [90.43964275710186, 66.69709654097352]]}, "properties": {"source": "15733009", "target": "20804484"}}, {"type": "Feature", "geometry": {"type": "LineString", "coordinates": [[90.450470309725, 66.69612029639852], [90.4417730089861, 66.69348537952254]]}, "properties": {"source": "15733009", "target": "1919723"}}, {"type": "Feature", "geometry": {"type": "LineString", "coordinates": [[90.43322047010861, 66.69671390054684], [90.46225374098401, 66.69311270633769]]}, "properties": {"source": "10365409", "target": "19213261"}}, {"type": "Feature", "geometry": {"type": "LineString", "coordinates": [[90.4640670533974, 66.69898564499772], [90.46390312263117, 66.69350298788424]]}, "properties": {"source": "25173770", "target": "25119026"}}, {"type": "Feature", "geometry": {"type": "LineString", "coordinates": [[90.4640670533974, 66.69898564499772], [90.46862843295264, 66.68953857181364]]}, "properties": {"source": "25173770", "target": "25112675"}}, {"type": "Feature", "geometry": {"type": "LineString", "coordinates": [[90.4640670533974, 66.69898564499772], [90.45293811643046, 66.6919247680428]]}, "properties": {"source": "25173770", "target": "25053501"}}, {"type": "Feature", "geometry": {"type": "LineString", "coordinates": [[90.4640670533974, 66.69898564499772], [90.45574772343315, 66.69085192166635]]}, "properties": {"source": "25173770", "target": "25126669"}}, {"type": "Feature", "geometry": {"type": "LineString", "coordinates": [[90.4640670533974, 66.69898564499772], [90.45458107911753, 66.68986695341259]]}, "properties": {"source": "25173770", "target": "25067396"}}, {"type": "Feature", "geometry": {"type": "LineString", "coordinates": [[90.4640670533974, 66.69898564499772], [90.43123937132816, 66.68972709478301]]}, "properties": {"source": "25173770", "target": "25126788"}}, {"type": "Feature", "geometry": {"type": "LineString", "coordinates": [[90.4640670533974, 66.69898564499772], [90.45957359313223, 66.69331398691266]]}, "properties": {"source": "25173770", "target": "25126743"}}, {"type": "Feature", "geometry": {"type": "LineString", "coordinates": [[90.4640670533974, 66.69898564499772], [90.429688828277, 66.68714684110773]]}, "properties": {"source": "25173770", "target": "25173622"}}, {"type": "Feature", "geometry": {"type": "LineString", "coordinates": [[90.4640670533974, 66.69898564499772], [90.4394589197156, 66.68747476340394]]}, "properties": {"source": "25173770", "target": "25173661"}}, {"type": "Feature", "geometry": {"type": "LineString", "coordinates": [[90.4640670533974, 66.69898564499772], [90.45261533299634, 66.6952151074734]]}, "properties": {"source": "25173770", "target": "25180469"}}, {"type": "Feature", "geometry": {"type": "LineString", "coordinates": [[90.452062265025, 66.69060160734347], [90.43583899461959, 66.69127676108772]]}, "properties": {"source": "19339935", "target": "17345756"}}, {"type": "Feature", "geometry": {"type": "LineString", "coordinates": [[90.452062265025, 66.69060160734347], [90.43611552866525, 66.69766539566324]]}, "properties": {"source": "19339935", "target": "18216961"}}, {"type": "Feature", "geometry": {"type": "LineString", "coordinates": [[90.452062265025, 66.69060160734347], [90.459170762761, 66.69237024200149]]}, "properties": {"source": "19339935", "target": "1798619"}}, {"type": "Feature", "geometry": {"type": "LineString", "coordinates": [[90.452062265025, 66.69060160734347], [90.44445412805283, 66.6925224801898]]}, "properties": {"source": "19339935", "target": "17702304"}}, {"type": "Feature", "geometry": {"type": "LineString", "coordinates": [[90.4640670533974, 66.69898564499772], [90.45881671091058, 66.69790836305755]]}, "properties": {"source": "25173770", "target": "25207530"}}, {"type": "Feature", "geometry": {"type": "LineString", "coordinates": [[90.44645304892134, 66.6921748863059], [90.45805496073052, 66.69912699505244]]}, "properties": {"source": "1518746", "target": "1421558"}}, {"type": "Feature", "geometry": {"type": "LineString", "coordinates": [[90.44925217370496, 66.69606962187675], [90.4390544680237, 66.69308441355001]]}, "properties": {"source": "25261522", "target": "25221752"}}, {"type": "Feature", "geometry": {"type": "LineString", "coordinates": [[90.44925217370496, 66.69606962187675], [90.43183754010545, 66.69208886166399]]}, "properties": {"source": "25261522", "target": "25214424"}}, {"type": "Feature", "geometry": {"type": "LineString", "coordinates": [[90.44925217370496, 66.69606962187675], [90.46740573208007, 66.69373576133688]]}, "properties": {"source": "25261522", "target": "25207637"}}, {"type": "Feature", "geometry": {"type": "LineString", "coordinates": [[90.44925217370496, 66.69606962187675], [90.46349873953517, 66.68914249581488]]}, "properties": {"source": "25261522", "target": "25207590"}}, {"type": "Feature", "geometry": {"type": "LineString", "coordinates": [[90.44925217370496, 66.69606962187675], [90.44667803440018, 66.68826517857666]]}, "properties": {"source": "25261522", "target": "25325975"}}, {"type": "Feature", "geometry": {"type": "LineString", "coordinates": [[90.45543930596034, 66.69012212504582], [90.4390544680237, 66.69308441355001]]}, "properties": {"source": "25228205", "target": "25221752"}}, {"type": "Feature", "geometry": {"type": "LineString", "coordinates": [[90.45543930596034, 66.69012212504582], [90.43183754010545, 66.69208886166399]]}, "properties": {"source": "25228205", "target": "25214424"}}, {"type": "Feature", "geometry": {"type": "LineString", "coordinates": [[90.45543930596034, 66.69012212504582], [90.46740573208007, 66.69373576133688]]}, "properties": {"source": "25228205", "target": "25207637"}}, {"type": "Feature", "geometry": {"type": "LineString", "coordinates": [[90.45543930596034, 66.69012212504582], [90.46349873953517, 66.68914249581488]]}, "properties": {"source": "25228205", "target": "25207590"}}, {"type": "Feature", "geometry": {"type": "LineString", "coordinates": [[90.45543930596034, 66.69012212504582], [90.4522861384138, 66.6972220915947]]}, "properties": {"source": "25228205", "target": "25207487"}}, {"type": "Feature", "geometry": {"type": "LineString", "coordinates": [[90.45543930596034, 66.69012212504582], [90.44667803440018, 66.68826517857666]]}, "properties": {"source": "25228205", "target": "25325975"}}, {"type": "Feature", "geometry": {"type": "LineString", "coordinates": [[90.45543930596034, 66.69012212504582], [90.44303856569246, 66.68879901119176]]}, "properties": {"source": "25228205", "target": "25181742"}}, {"type": "Feature", "geometry": {"type": "LineString", "coordinates": [[90.4390544680237, 66.69308441355001], [90.43183754010545, 66.69208886166399]]}, "properties": {"source": "25221752", "target": "25214424"}}, {"type": "Feature", "geometry": {"type": "LineString", "coordinates": [[90.4390544680237, 66.69308441355001], [90.46740573208007, 66.69373576133688]]}, "properties": {"source": "25221752", "target": "25207637"}}, {"type": "Feature", "geometry": {"type": "LineString", "coordinates": [[90.44925217370496, 66.69606962187675], [90.45543930596034, 66.69012212504582]]}, "properties": {"source": "25261522", "target": "25228205"}}, {"type": "Feature", "geometry": {"type": "LineString", "coordinates": [[90.44072924030559, 66.69062192633527], [90.45262947499634, 66.69654796872614]]}, "properties": {"source": "25000606", "target": "2417136"}}, {"type": "Feature", "geometry": {"type": "LineString", "coordinates": [[90.43964275710186, 66.69709654097352], [90.4417730089861, 66.69348537952254]]}, "properties": {"source": "20804484", "target": "1919723"}}, {"type": "Feature", "geometry": {"type": "LineString", "coordinates": [[90.43964275710186, 66.69709654097352], [90.44482632493953, 66.69140111180238]]}, "properties": {"source": "20804484", "target": "19053203"}}, {"type": "Feature", "geometry": {"type": "LineString", "coordinates": [[90.43964275710186, 66.69709654097352], [90.46456246389931, 66.69445260169009]]}, "properties": {"source": "20804484", "target": "18130160"}}, {"type": "Feature", "geometry": {"type": "LineString", "coordinates": [[90.43964275710186, 66.69709654097352], [90.43118506753677, 66.69433385521457]]}, "properties": {"source": "20804484", "target": "24682070"}}, {"type": "Feature", "geometry": {"type": "LineString", "coordinates": [[90.45844396317199, 66.68826481312576], [90.45610998544021, 66.69722683571739]]}, "properties": {"source": "22805449", "target": "12125610"}}, {"type": "Feature", "geometry": {"type": "LineString", "coordinates": [[90.45844396317199, 66.68826481312576], [90.43611552866525, 66.69766539566324]]}, "properties": {"source": "22805449", "target": "18216961"}}, {"type": "Feature", "geometry": {"type": "LineString", "coordinates": [[90.45844396317199, 66.68826481312576], [90.44930127058376, 66.69759738454788]]}, "properties": {"source": "22805449", "target": "13022251"}}, {"type": "Feature", "geometry": {"type": "LineString", "coordinates": [[90.45844396317199, 66.68826481312576], [90.459170762761, 66.69237024200149]]}, "properties": {"source": "22805449", "target": "1798619"}}, {"type": "Feature", "geometry": {"type": "LineString", "coordinates": [[90.45844396317199, 66.68826481312576], [90.46181232136104, 66.69002352787994]]}, "properties": {"source": "22805449", "target": "1320145"}}, {"type": "Feature", "geometry": {"type": "LineString", "coordinates": [[90.45844396317199, 66.68826481312576], [90.46259451654316, 66.69810843185847]]}, "properties": {"source": "22805449", "target": "13437275"}}, {"type": "Feature", "geometry": {"type": "LineString", "coordinates": [[90.45844396317199, 66.68826481312576], [90.44023886728002, 66.69353432277705]]}, "properties": {"source": "22805449", "target": "13493091"}}, {"type": "Feature", "geometry": {"type": "LineString", "coordinates": [[90.45844396317199, 66.68826481312576], [90.44059871139194, 66.6953940656468]]}, "properties": {"source": "22805449", "target": "12726578"}}, {"type": "Feature", "geometry": {"type": "LineString", "coordinates": [[90.45844396317199, 66.68826481312576], [90.46241201644995, 66.6939769955914]]}, "properties": {"source": "22805449", "target": "2250108"}}, {"type": "Feature", "geometry": {"type": "LineString", "coordinates": [[90.45844396317199, 66.68826481312576], [90.45517563294288, 66.6923839446542]]}, "properties": {"source": "22805449", "target": "18506999"}}, {"type": "Feature", "geometry": {"type": "LineString", "coordinates": [[90.45844396317199, 66.68826481312576], [90.44515960202466, 66.69985669536116]]}, "properties": {"source": "22805449", "target": "2165207"}}, {"type": "Feature", "geometry": {"type": "LineString", "coordinates": [[90.46390312263117, 66.69350298788424], [90.46978188400743, 66.69710832183763]]}, "properties": {"source": "25119026", "target": "25015547"}}, {"type": "Feature", "geometry": {"type": "LineString", "coordinates": [[90.45597777628308, 66.69294229410897], [90.42934312774508, 66.69677689593242]]}, "properties": {"source": "6569328", "target": "28448436"}}, {"type": "Feature", "geometry": {"type": "LineString", "coordinates": [[90.45597777628308, 66.69294229410897], [90.4671972349501, 66.69078127438497]]}, "properties": {"source": "6569328", "target": "29346292"}}, {"type": "Feature", "geometry": {"type": "LineString", "coordinates": [[90.45597777628308, 66.69294229410897], [90.4584469416385, 66.69238440589925]]}, "properties": {"source": "6569328", "target": "8341199"}}, {"type": "Feature", "geometry": {"type": "LineString", "coordinates": [[90.45597777628308, 66.69294229410897], [90.4618489819344, 66.69680438091972]]}, "properties": {"source": "6569328", "target": "8044278"}}, {"type": "Feature", "geometry": {"type": "LineString", "coordinates": [[90.45597777628308, 66.69294229410897], [90.4560238863354, 66.69453884429274]]}, "properties": {"source": "6569328", "target": "31225450"}}, {"type": "Feature", "geometry": {"type": "LineString", "coordinates": [[90.45597777628308, 66.69294229410897], [90.44266138973546, 66.6923983475973]]}, "properties": {"source": "6569328", "target": "856474"}}, {"type": "Feature", "geometry": {"type": "LineString", "coordinates": [[90.45597777628308, 66.69294229410897], [90.43270090946191, 66.69713021364302]]}, "properties": {"source": "6569328", "target": "34608908"}}, {"type": "Feature", "geometry": {"type": "LineString", "coordinates": [[90.45597777628308, 66.69294229410897], [90.45436455153623, 66.6935502526424]]}, "properties": {"source": "6569328", "target": "7153686"}}, {"type": "Feature", "geometry": {"type": "LineString", "coordinates": [[90.45597777628308, 66.69294229410897], [90.43222828756723, 66.69262879534911]]}, "properties": {"source": "6569328", "target": "682583"}}, {"type": "Feature", "geometry": {"type": "LineString", "coordinates": [[90.45597777628308, 66.69294229410897], [90.45208658311714, 66.69374228749449]]}, "properties": {"source": "6569328", "target": "856544"}}, {"type": "Feature", "geometry": {"type": "LineString", "coordinates": [[90.45597777628308, 66.69294229410897], [90.43014187244376, 66.69053130317604]]}, "properties": {"source": "6569328", "target": "3064912"}}, {"type": "Feature", "geometry": {"type": "LineString", "coordinates": [[90.45597777628308, 66.69294229410897], [90.43386408643141, 66.69386877406532]]}, "properties": {"source": "6569328", "target": "966996"}}, {"type": "Feature", "geometry": {"type": "LineString", "coordinates": [[90.45597777628308, 66.69294229410897], [90.46495481952473, 66.69938099969161]]}, "properties": {"source": "6569328", "target": "6006348"}}, {"type": "Feature", "geometry": {"type": "LineString", "coordinates": [[90.45597777628308, 66.69294229410897], [90.44263542341957, 66.6910376039752]]}, "properties": {"source": "6569328", "target": "29071375"}}, {"type": "Feature", "geometry": {"type": "LineString", "coordinates": [[90.45597777628308, 66.69294229410897], [90.43381075016435, 66.69248943430215]]}, "properties": {"source": "6569328", "target": "4480223"}}, {"type": "Feature", "geometry": {"type": "LineString", "coordinates": [[90.45265328215834, 66.69442182439731], [90.45922443398564, 66.68778003230295]]}, "properties": {"source": "7727150", "target": "6511527"}}, {"type": "Feature", "geometry": {"type": "LineString", "coordinates": [[90.44560815030087, 66.69403664297441], [90.44482632493953, 66.69140111180238]]}, "properties": {"source": "1465665", "target": "19053203"}}, {"type": "Feature", "geometry": {"type": "LineString", "coordinates": [[90.44560815030087, 66.69403664297441], [90.46456246389931, 66.69445260169009]]}, "properties": {"source": "1465665", "target": "18130160"}}, {"type": "Feature", "geometry": {"type": "LineString", "coordinates": [[90.44560815030087, 66.69403664297441], [90.44645304892134, 66.6921748863059]]}, "properties": {"source": "1465665", "target": "1518746"}}, {"type": "Feature", "geometry": {"type": "LineString", "coordinates": [[90.44560815030087, 66.69403664297441], [90.46885035824903, 66.68837619141208]]}, "properties": {"source": "1465665", "target": "1177155"}}, {"type": "Feature", "geometry": {"type": "LineString", "coordinates": [[90.45112240481154, 66.69963467137512], [90.43964275710186, 66.69709654097352]]}, "properties": {"source": "1213632", "target": "20804484"}}, {"type": "Feature", "geometry": {"type": "LineString", "coordinates": [[90.45112240481154, 66.69963467137512], [90.46774673442025, 66.69239542026965]]}, "properties": {"source": "1213632", "target": "19356251"}}, {"type": "Feature", "geometry": {"type": "LineString", "coordinates": [[90.45112240481154, 66.69963467137512], [90.4417730089861, 66.69348537952254]]}, "properties": {"source": "1213632", "target": "1919723"}}, {"type": "Feature", "geometry": {"type": "LineString", "coordinates": [[90.45112240481154, 66.69963467137512], [90.44482632493953, 66.69140111180238]]}, "properties": {"source": "1213632", "target": "19053203"}}, {"type": "Feature", "geometry": {"type": "LineString", "coordinates": [[90.45112240481154, 66.69963467137512], [90.46456246389931, 66.69445260169009]]}, "properties": {"source": "1213632", "target": "18130160"}}, {"type": "Feature", "geometry": {"type": "LineString", "coordinates": [[90.45112240481154, 66.69963467137512], [90.44645304892134, 66.6921748863059]]}, "properties": {"source": "1213632", "target": "1518746"}}, {"type": "Feature", "geometry": {"type": "LineString", "coordinates": [[90.45112240481154, 66.69963467137512], [90.45805496073052, 66.69912699505244]]}, "properties": {"source": "1213632", "target": "1421558"}}, {"type": "Feature", "geometry": {"type": "LineString", "coordinates": [[90.45112240481154, 66.69963467137512], [90.46885035824903, 66.68837619141208]]}, "properties": {"source": "1213632", "target": "1177155"}}, {"type": "Feature", "geometry": {"type": "LineString", "coordinates": [[90.43014187244376, 66.69053130317604], [90.43167983540627, 66.68946652432749]]}, "properties": {"source": "3064912", "target": "32068760"}}, {"type": "Feature", "geometry": {"type": "LineString", "coordinates": [[90.43014187244376, 66.69053130317604], [90.46009199339545, 66.68839724223253]]}, "properties": {"source": "3064912", "target": "4275596"}}, {"type": "Feature", "geometry": {"type": "LineString", "coordinates": [[90.43014187244376, 66.69053130317604], [90.43328763857511, 66.69636956938137]]}, "properties": {"source": "3064912", "target": "5111471"}}, {"type": "Feature", "geometry": {"type": "LineString", "coordinates": [[90.42984189220647, 66.69027710068023], [90.45262947499634, 66.69654796872614]]}, "properties": {"source": "24718286", "target": "2417136"}}, {"type": "Feature", "geometry": {"type": "LineString", "coordinates": [[90.45096751858233, 66.69089370656754], [90.43964275710186, 66.69709654097352]]}, "properties": {"source": "24962319", "target": "20804484"}}, {"type": "Feature", "geometry": {"type": "LineString", "coordinates": [[90.45096751858233, 66.69089370656754], [90.46774673442025, 66.69239542026965]]}, "properties": {"source": "24962319", "target": "19356251"}}, {"type": "Feature", "geometry": {"type": "LineString", "coordinates": [[90.45096751858233, 66.69089370656754], [90.4417730089861, 66.69348537952254]]}, "properties": {"source": "24962319", "target": "1919723"}}, {"type": "Feature", "geometry": {"type": "LineString", "coordinates": [[90.45096751858233, 66.69089370656754], [90.44482632493953, 66.69140111180238]]}, "properties": {"source": "24962319", "target": "19053203"}}, {"type": "Feature", "geometry": {"type": "LineString", "coordinates": [[90.45096751858233, 66.69089370656754], [90.43118506753677, 66.69433385521457]]}, "properties": {"source": "24962319", "target": "24682070"}}, {"type": "Feature", "geometry": {"type": "LineString", "coordinates": [[90.45096751858233, 66.69089370656754], [90.44934965991877, 66.6907026191966]]}, "properties": {"source": "24962319", "target": "25000441"}}, {"type": "Feature", "geometry": {"type": "LineString", "coordinates": [[90.45096751858233, 66.69089370656754], [90.43588826769951, 66.69746636900433]]}, "properties": {"source": "24962319", "target": "24970020"}}, {"type": "Feature", "geometry": {"type": "LineString", "coordinates": [[90.45096751858233, 66.69089370656754], [90.44072924030559, 66.69062192633527]]}, "properties": {"source": "24962319", "target": "25000606"}}, {"type": "Feature", "geometry": {"type": "LineString", "coordinates": [[90.45096751858233, 66.69089370656754], [90.46012949241015, 66.69230263211331]]}, "properties": {"source": "24962319", "target": "25008053"}}, {"type": "Feature", "geometry": {"type": "LineString", "coordinates": [[90.45096751858233, 66.69089370656754], [90.46978188400743, 66.69710832183763]]}, "properties": {"source": "24962319", "target": "25015547"}}, {"type": "Feature", "geometry": {"type": "LineString", "coordinates": [[90.45096751858233, 66.69089370656754], [90.46036956821382, 66.6918102368064]]}, "properties": {"source": "24962319", "target": "25015644"}}, {"type": "Feature", "geometry": {"type": "LineString", "coordinates": [[90.45096751858233, 66.69089370656754], [90.45381456791927, 66.68976863055023]]}, "properties": {"source": "24962319", "target": "25046368"}}, {"type": "Feature", "geometry": {"type": "LineString", "coordinates": [[90.45096751858233, 66.69089370656754], [90.45294613656102, 66.68865663814984]]}, "properties": {"source": "24962319", "target": "24787465"}}, {"type": "Feature", "geometry": {"type": "LineString", "coordinates": [[90.45096751858233, 66.69089370656754], [90.46572131661685, 66.69547555098619]]}, "properties": {"source": "24962319", "target": "2375198"}}, {"type": "Feature", "geometry": {"type": "LineString", "coordinates": [[90.45096751858233, 66.69089370656754], [90.44358477938312, 66.69604559823162]]}, "properties": {"source": "24962319", "target": "25008258"}}, {"type": "Feature", "geometry": {"type": "LineString", "coordinates": [[90.46272243014681, 66.69425000044916], [90.46084436830057, 66.68957701242216]]}, "properties": {"source": "26882304", "target": "25356972"}}, {"type": "Feature", "geometry": {"type": "LineString", "coordinates": [[90.42984189220647, 66.69027710068023], [90.44934965991877, 66.6907026191966]]}, "properties": {"source": "24718286", "target": "25000441"}}, {"type": "Feature", "geometry": {"type": "LineString", "coordinates": [[90.42984189220647, 66.69027710068023], [90.43588826769951, 66.69746636900433]]}, "properties": {"source": "24718286", "target": "24970020"}}, {"type": "Feature", "geometry": {"type": "LineString", "coordinates": [[90.42984189220647, 66.69027710068023], [90.44072924030559, 66.69062192633527]]}, "properties": {"source": "24718286", "target": "25000606"}}, {"type": "Feature", "geometry": {"type": "LineString", "coordinates": [[90.42984189220647, 66.69027710068023], [90.46012949241015, 66.69230263211331]]}, "properties": {"source": "24718286", "target": "25008053"}}, {"type": "Feature", "geometry": {"type": "LineString", "coordinates": [[90.42984189220647, 66.69027710068023], [90.46978188400743, 66.69710832183763]]}, "properties": {"source": "24718286", "target": "25015547"}}, {"type": "Feature", "geometry": {"type": "LineString", "coordinates": [[90.42984189220647, 66.69027710068023], [90.46036956821382, 66.6918102368064]]}, "properties": {"source": "24718286", "target": "25015644"}}, {"type": "Feature", "geometry": {"type": "LineString", "coordinates": [[90.42984189220647, 66.69027710068023], [90.43209867624955, 66.68710307172266]]}, "properties": {"source": "24718286", "target": "23830364"}}, {"type": "Feature", "geometry": {"type": "LineString", "coordinates": [[90.42984189220647, 66.69027710068023], [90.44538270229293, 66.69510548775906]]}, "properties": {"source": "24718286", "target": "1870773"}}, {"type": "Feature", "geometry": {"type": "LineString", "coordinates": [[90.42984189220647, 66.69027710068023], [90.4427602099484, 66.69583655194496]]}, "properties": {"source": "24718286", "target": "19004499"}}, {"type": "Feature", "geometry": {"type": "LineString", "coordinates": [[90.42984189220647, 66.69027710068023], [90.46572131661685, 66.69547555098619]]}, "properties": {"source": "24718286", "target": "2375198"}}, {"type": "Feature", "geometry": {"type": "LineString", "coordinates": [[90.42984189220647, 66.69027710068023], [90.4424326382208, 66.69874049759547]]}, "properties": {"source": "24718286", "target": "23387025"}}, {"type": "Feature", "geometry": {"type": "LineString", "coordinates": [[90.42984189220647, 66.69027710068023], [90.46546213143, 66.69919183179061]]}, "properties": {"source": "24718286", "target": "24484748"}}, {"type": "Feature", "geometry": {"type": "LineString", "coordinates": [[90.42984189220647, 66.69027710068023], [90.46241201644995, 66.6939769955914]]}, "properties": {"source": "24718286", "target": "2250108"}}, {"type": "Feature", "geometry": {"type": "LineString", "coordinates": [[90.42984189220647, 66.69027710068023], [90.44358477938312, 66.69604559823162]]}, "properties": {"source": "24718286", "target": "25008258"}}, {"type": "Feature", "geometry": {"type": "LineString", "coordinates": [[90.42984189220647, 66.69027710068023], [90.452062265025, 66.69060160734347]]}, "properties": {"source": "24718286", "target": "19339935"}}, {"type": "Feature", "geometry": {"type": "LineString", "coordinates": [[90.4584469416385, 66.69238440589925], [90.4618489819344, 66.69680438091972]]}, "properties": {"source": "8341199", "target": "8044278"}}, {"type": "Feature", "geometry": {"type": "LineString", "coordinates": [[90.46546213143, 66.69919183179061], [90.45793873445251, 66.68937183760393]]}, "properties": {"source": "24484748", "target": "24178943"}}, {"type": "Feature", "geometry": {"type": "LineString", "coordinates": [[90.44636990213786, 66.69143485860415], [90.43964275710186, 66.69709654097352]]}, "properties": {"source": "15718204", "target": "20804484"}}, {"type": "Feature", "geometry": {"type": "LineString", "coordinates": [[90.44636990213786, 66.69143485860415], [90.46774673442025, 66.69239542026965]]}, "properties": {"source": "15718204", "target": "19356251"}}, {"type": "Feature", "geometry": {"type": "LineString", "coordinates": [[90.44636990213786, 66.69143485860415], [90.4417730089861, 66.69348537952254]]}, "properties": {"source": "15718204", "target": "1919723"}}, {"type": "Feature", "geometry": {"type": "LineString", "coordinates": [[90.44636990213786, 66.69143485860415], [90.44482632493953, 66.69140111180238]]}, "properties": {"source": "15718204", "target": "19053203"}}, {"type": "Feature", "geometry": {"type": "LineString", "coordinates": [[90.44636990213786, 66.69143485860415], [90.46456246389931, 66.69445260169009]]}, "properties": {"source": "15718204", "target": "18130160"}}, {"type": "Feature", "geometry": {"type": "LineString", "coordinates": [[90.44636990213786, 66.69143485860415], [90.43118506753677, 66.69433385521457]]}, "properties": {"source": "15718204", "target": "24682070"}}, {"type": "Feature", "geometry": {"type": "LineString", "coordinates": [[90.43421040646786, 66.69317828649685], [90.43964275710186, 66.69709654097352]]}, "properties": {"source": "1509566", "target": "20804484"}}, {"type": "Feature", "geometry": {"type": "LineString", "coordinates": [[90.43421040646786, 66.69317828649685], [90.46774673442025, 66.69239542026965]]}, "properties": {"source": "1509566", "target": "19356251"}}, {"type": "Feature", "geometry": {"type": "LineString", "coordinates": [[90.43421040646786, 66.69317828649685], [90.4417730089861, 66.69348537952254]]}, "properties": {"source": "1509566", "target": "1919723"}}, {"type": "Feature", "geometry": {"type": "LineString", "coordinates": [[90.43421040646786, 66.69317828649685], [90.44482632493953, 66.69140111180238]]}, "properties": {"source": "1509566", "target": "19053203"}}, {"type": "Feature", "geometry": {"type": "LineString", "coordinates": [[90.43421040646786, 66.69317828649685], [90.46456246389931, 66.69445260169009]]}, "properties": {"source": "1509566", "target": "18130160"}}, {"type": "Feature", "geometry": {"type": "LineString", "coordinates": [[90.43421040646786, 66.69317828649685], [90.44645304892134, 66.6921748863059]]}, "properties": {"source": "1509566", "target": "1518746"}}, {"type": "Feature", "geometry": {"type": "LineString", "coordinates": [[90.46939098525576, 66.69913055696213], [90.43422081492065, 66.69895801395181]]}, "properties": {"source": "2685281", "target": "31673670"}}, {"type": "Feature", "geometry": {"type": "LineString", "coordinates": [[90.46939098525576, 66.69913055696213], [90.43167983540627, 66.68946652432749]]}, "properties": {"source": "2685281", "target": "32068760"}}, {"type": "Feature", "geometry": {"type": "LineString", "coordinates": [[90.4522861384138, 66.6972220915947], [90.44303856569246, 66.68879901119176]]}, "properties": {"source": "25207487", "target": "25181742"}}, {"type": "Feature", "geometry": {"type": "LineString", "coordinates": [[90.45805496073052, 66.69912699505244], [90.43964275710186, 66.69709654097352]]}, "properties": {"source": "1421558", "target": "20804484"}}, {"type": "Feature", "geometry": {"type": "LineString", "coordinates": [[90.45805496073052, 66.69912699505244], [90.4417730089861, 66.69348537952254]]}, "properties": {"source": "1421558", "target": "1919723"}}, {"type": "Feature", "geometry": {"type": "LineString", "coordinates": [[90.45805496073052, 66.69912699505244], [90.44482632493953, 66.69140111180238]]}, "properties": {"source": "1421558", "target": "19053203"}}, {"type": "Feature", "geometry": {"type": "LineString", "coordinates": [[90.45805496073052, 66.69912699505244], [90.46456246389931, 66.69445260169009]]}, "properties": {"source": "1421558", "target": "18130160"}}, {"type": "Feature", "geometry": {"type": "LineString", "coordinates": [[90.45805496073052, 66.69912699505244], [90.45610998544021, 66.69722683571739]]}, "properties": {"source": "1421558", "target": "12125610"}}, {"type": "Feature", "geometry": {"type": "LineString", "coordinates": [[90.45805496073052, 66.69912699505244], [90.44930127058376, 66.69759738454788]]}, "properties": {"source": "1421558", "target": "13022251"}}, {"type": "Feature", "geometry": {"type": "LineString", "coordinates": [[90.45805496073052, 66.69912699505244], [90.46181232136104, 66.69002352787994]]}, "properties": {"source": "1421558", "target": "1320145"}}, {"type": "Feature", "geometry": {"type": "LineString", "coordinates": [[90.45805496073052, 66.69912699505244], [90.46259451654316, 66.69810843185847]]}, "properties": {"source": "1421558", "target": "13437275"}}, {"type": "Feature", "geometry": {"type": "LineString", "coordinates": [[90.45805496073052, 66.69912699505244], [90.44023886728002, 66.69353432277705]]}, "properties": {"source": "1421558", "target": "13493091"}}, {"type": "Feature", "geometry": {"type": "LineString", "coordinates": [[90.45805496073052, 66.69912699505244], [90.44059871139194, 66.6953940656468]]}, "properties": {"source": "1421558", "target": "12726578"}}, {"type": "Feature", "geometry": {"type": "LineString", "coordinates": [[90.4560238863354, 66.69453884429274], [90.46462729492674, 66.69654750647918]]}, "properties": {"source": "31225450", "target": "6489894"}}, {"type": "Feature", "geometry": {"type": "LineString", "coordinates": [[90.4560238863354, 66.69453884429274], [90.43167983540627, 66.68946652432749]]}, "properties": {"source": "31225450", "target": "32068760"}}, {"type": "Feature", "geometry": {"type": "LineString", "coordinates": [[90.4560238863354, 66.69453884429274], [90.43050909820221, 66.69204524546755]]}, "properties": {"source": "31225450", "target": "30839987"}}, {"type": "Feature", "geometry": {"type": "LineString", "coordinates": [[90.4560238863354, 66.69453884429274], [90.46009199339545, 66.68839724223253]]}, "properties": {"source": "31225450", "target": "4275596"}}, {"type": "Feature", "geometry": {"type": "LineString", "coordinates": [[90.4560238863354, 66.69453884429274], [90.43328763857511, 66.69636956938137]]}, "properties": {"source": "31225450", "target": "5111471"}}, {"type": "Feature", "geometry": {"type": "LineString", "coordinates": [[90.43373572873645, 66.69160441651141], [90.44866452634687, 66.6948632601366]]}, "properties": {"source": "13021074", "target": "16046854"}}, {"type": "Feature", "geometry": {"type": "LineString", "coordinates": [[90.45844396317199, 66.68826481312576], [90.44645304892134, 66.6921748863059]]}, "properties": {"source": "22805449", "target": "1518746"}}, {"type": "Feature", "geometry": {"type": "LineString", "coordinates": [[90.45844396317199, 66.68826481312576], [90.45805496073052, 66.69912699505244]]}, "properties": {"source": "22805449", "target": "1421558"}}, {"type": "Feature", "geometry": {"type": "LineString", "coordinates": [[90.45844396317199, 66.68826481312576], [90.44227221223258, 66.69763079869546]]}, "properties": {"source": "22805449", "target": "17644654"}}, {"type": "Feature", "geometry": {"type": "LineString", "coordinates": [[90.45844396317199, 66.68826481312576], [90.44538270229293, 66.69510548775906]]}, "properties": {"source": "22805449", "target": "1870773"}}, {"type": "Feature", "geometry": {"type": "LineString", "coordinates": [[90.45844396317199, 66.68826481312576], [90.43583899461959, 66.69127676108772]]}, "properties": {"source": "22805449", "target": "17345756"}}, {"type": "Feature", "geometry": {"type": "LineString", "coordinates": [[90.45844396317199, 66.68826481312576], [90.4427602099484, 66.69583655194496]]}, "properties": {"source": "22805449", "target": "19004499"}}, {"type": "Feature", "geometry": {"type": "LineString", "coordinates": [[90.45844396317199, 66.68826481312576], [90.42941457705558, 66.6903547011497]]}, "properties": {"source": "22805449", "target": "2250104"}}, {"type": "Feature", "geometry": {"type": "LineString", "coordinates": [[90.45844396317199, 66.68826481312576], [90.44560815030087, 66.69403664297441]]}, "properties": {"source": "22805449", "target": "1465665"}}, {"type": "Feature", "geometry": {"type": "LineString", "coordinates": [[90.45844396317199, 66.68826481312576], [90.45112240481154, 66.69963467137512]]}, "properties": {"source": "22805449", "target": "1213632"}}, {"type": "Feature", "geometry": {"type": "LineString", "coordinates": [[90.45844396317199, 66.68826481312576], [90.43987001291174, 66.6905183500846]]}, "properties": {"source": "22805449", "target": "1599688"}}, {"type": "Feature", "geometry": {"type": "LineString", "coordinates": [[90.45844396317199, 66.68826481312576], [90.45972004048343, 66.68887388030903]]}, "properties": {"source": "22805449", "target": "16007898"}}, {"type": "Feature", "geometry": {"type": "LineString", "coordinates": [[90.45844396317199, 66.68826481312576], [90.44636990213786, 66.69143485860415]]}, "properties": {"source": "22805449", "target": "15718204"}}, {"type": "Feature", "geometry": {"type": "LineString", "coordinates": [[90.45844396317199, 66.68826481312576], [90.43421040646786, 66.69317828649685]]}, "properties": {"source": "22805449", "target": "1509566"}}, {"type": "Feature", "geometry": {"type": "LineString", "coordinates": [[90.45844396317199, 66.68826481312576], [90.452062265025, 66.69060160734347]]}, "properties": {"source": "22805449", "target": "19339935"}}, {"type": "Feature", "geometry": {"type": "LineString", "coordinates": [[90.45844396317199, 66.68826481312576], [90.43322047010861, 66.69671390054684]]}, "properties": {"source": "22805449", "target": "10365409"}}, {"type": "Feature", "geometry": {"type": "LineString", "coordinates": [[90.4390544680237, 66.69308441355001], [90.46349873953517, 66.68914249581488]]}, "properties": {"source": "25221752", "target": "25207590"}}, {"type": "Feature", "geometry": {"type": "LineString", "coordinates": [[90.4625649309325, 66.69709089656], [90.43167983540627, 66.68946652432749]]}, "properties": {"source": "29890009", "target": "32068760"}}, {"type": "Feature", "geometry": {"type": "LineString", "coordinates": [[90.4625649309325, 66.69709089656], [90.46009199339545, 66.68839724223253]]}, "properties": {"source": "29890009", "target": "4275596"}}, {"type": "Feature", "geometry": {"type": "LineString", "coordinates": [[90.4625649309325, 66.69709089656], [90.43270090946191, 66.69713021364302]]}, "properties": {"source": "29890009", "target": "34608908"}}, {"type": "Feature", "geometry": {"type": "LineString", "coordinates": [[90.4625649309325, 66.69709089656], [90.44263542341957, 66.6910376039752]]}, "properties": {"source": "29890009", "target": "29071375"}}, {"type": "Feature", "geometry": {"type": "LineString", "coordinates": [[90.4625649309325, 66.69709089656], [90.44198008766068, 66.69057724745623]]}, "properties": {"source": "29890009", "target": "2958071"}}, {"type": "Feature", "geometry": {"type": "LineString", "coordinates": [[90.42934312774508, 66.69677689593242], [90.43422081492065, 66.69895801395181]]}, "properties": {"source": "28448436", "target": "31673670"}}, {"type": "Feature", "geometry": {"type": "LineString", "coordinates": [[90.42934312774508, 66.69677689593242], [90.46462729492674, 66.69654750647918]]}, "properties": {"source": "28448436", "target": "6489894"}}, {"type": "Feature", "geometry": {"type": "LineString", "coordinates": [[90.42934312774508, 66.69677689593242], [90.43167983540627, 66.68946652432749]]}, "properties": {"source": "28448436", "target": "32068760"}}, {"type": "Feature", "geometry": {"type": "LineString", "coordinates": [[90.42934312774508, 66.69677689593242], [90.43050909820221, 66.69204524546755]]}, "properties": {"source": "28448436", "target": "30839987"}}, {"type": "Feature", "geometry": {"type": "LineString", "coordinates": [[90.42934312774508, 66.69677689593242], [90.46009199339545, 66.68839724223253]]}, "properties": {"source": "28448436", "target": "4275596"}}, {"type": "Feature", "geometry": {"type": "LineString", "coordinates": [[90.42934312774508, 66.69677689593242], [90.43328763857511, 66.69636956938137]]}, "properties": {"source": "28448436", "target": "5111471"}}, {"type": "Feature", "geometry": {"type": "LineString", "coordinates": [[90.42934312774508, 66.69677689593242], [90.4625649309325, 66.69709089656]]}, "properties": {"source": "28448436", "target": "29890009"}}, {"type": "Feature", "geometry": {"type": "LineString", "coordinates": [[90.42934312774508, 66.69677689593242], [90.4671972349501, 66.69078127438497]]}, "properties": {"source": "28448436", "target": "29346292"}}, {"type": "Feature", "geometry": {"type": "LineString", "coordinates": [[90.42934312774508, 66.69677689593242], [90.4312034405732, 66.68711536264016]]}, "properties": {"source": "28448436", "target": "27839901"}}, {"type": "Feature", "geometry": {"type": "LineString", "coordinates": [[90.42934312774508, 66.69677689593242], [90.46272243014681, 66.69425000044916]]}, "properties": {"source": "28448436", "target": "26882304"}}, {"type": "Feature", "geometry": {"type": "LineString", "coordinates": [[90.45381456791927, 66.68976863055023], [90.43588826769951, 66.69746636900433]]}, "properties": {"source": "25046368", "target": "24970020"}}, {"type": "Feature", "geometry": {"type": "LineString", "coordinates": [[90.45381456791927, 66.68976863055023], [90.44072924030559, 66.69062192633527]]}, "properties": {"source": "25046368", "target": "25000606"}}, {"type": "Feature", "geometry": {"type": "LineString", "coordinates": [[90.45381456791927, 66.68976863055023], [90.46012949241015, 66.69230263211331]]}, "properties": {"source": "25046368", "target": "25008053"}}, {"type": "Feature", "geometry": {"type": "LineString", "coordinates": [[90.45381456791927, 66.68976863055023], [90.46978188400743, 66.69710832183763]]}, "properties": {"source": "25046368", "target": "25015547"}}, {"type": "Feature", "geometry": {"type": "LineString", "coordinates": [[90.45381456791927, 66.68976863055023], [90.46036956821382, 66.6918102368064]]}, "properties": {"source": "25046368", "target": "25015644"}}, {"type": "Feature", "geometry": {"type": "LineString", "coordinates": [[90.45381456791927, 66.68976863055023], [90.46862843295264, 66.68953857181364]]}, "properties": {"source": "25046368", "target": "25112675"}}, {"type": "Feature", "geometry": {"type": "LineString", "coordinates": [[90.45381456791927, 66.68976863055023], [90.45293811643046, 66.6919247680428]]}, "properties": {"source": "25046368", "target": "25053501"}}, {"type": "Feature", "geometry": {"type": "LineString", "coordinates": [[90.45381456791927, 66.68976863055023], [90.45574772343315, 66.69085192166635]]}, "properties": {"source": "25046368", "target": "25126669"}}, {"type": "Feature", "geometry": {"type": "LineString", "coordinates": [[90.45381456791927, 66.68976863055023], [90.45458107911753, 66.68986695341259]]}, "properties": {"source": "25046368", "target": "25067396"}}, {"type": "Feature", "geometry": {"type": "LineString", "coordinates": [[90.45381456791927, 66.68976863055023], [90.43123937132816, 66.68972709478301]]}, "properties": {"source": "25046368", "target": "25126788"}}, {"type": "Feature", "geometry": {"type": "LineString", "coordinates": [[90.45381456791927, 66.68976863055023], [90.45957359313223, 66.69331398691266]]}, "properties": {"source": "25046368", "target": "25126743"}}, {"type": "Feature", "geometry": {"type": "LineString", "coordinates": [[90.45381456791927, 66.68976863055023], [90.4394589197156, 66.68747476340394]]}, "properties": {"source": "25046368", "target": "25173661"}}, {"type": "Feature", "geometry": {"type": "LineString", "coordinates": [[90.45381456791927, 66.68976863055023], [90.469675595497, 66.6928581209341]]}, "properties": {"source": "25046368", "target": "25022802"}}, {"type": "Feature", "geometry": {"type": "LineString", "coordinates": [[90.43559946435676, 66.69565940844261], [90.4625649309325, 66.69709089656]]}, "properties": {"source": "25365206", "target": "29890009"}}, {"type": "Feature", "geometry": {"type": "LineString", "coordinates": [[90.43559946435676, 66.69565940844261], [90.42934312774508, 66.69677689593242]]}, "properties": {"source": "25365206", "target": "28448436"}}, {"type": "Feature", "geometry": {"type": "LineString", "coordinates": [[90.43559946435676, 66.69565940844261], [90.4671972349501, 66.69078127438497]]}, "properties": {"source": "25365206", "target": "29346292"}}, {"type": "Feature", "geometry": {"type": "LineString", "coordinates": [[90.43879643169896, 66.68995087719891], [90.43381075016435, 66.69248943430215]]}, "properties": {"source": "5123374", "target": "4480223"}}, {"type": "Feature", "geometry": {"type": "LineString", "coordinates": [[90.43964275710186, 66.69709654097352], [90.43588826769951, 66.69746636900433]]}, "properties": {"source": "20804484", "target": "24970020"}}, {"type": "Feature", "geometry": {"type": "LineString", "coordinates": [[90.43964275710186, 66.69709654097352], [90.44072924030559, 66.69062192633527]]}, "properties": {"source": "20804484", "target": "25000606"}}, {"type": "Feature", "geometry": {"type": "LineString", "coordinates": [[90.43964275710186, 66.69709654097352], [90.46012949241015, 66.69230263211331]]}, "properties": {"source": "20804484", "target": "25008053"}}, {"type": "Feature", "geometry": {"type": "LineString", "coordinates": [[90.43964275710186, 66.69709654097352], [90.43583899461959, 66.69127676108772]]}, "properties": {"source": "20804484", "target": "17345756"}}, {"type": "Feature", "geometry": {"type": "LineString", "coordinates": [[90.43964275710186, 66.69709654097352], [90.4427602099484, 66.69583655194496]]}, "properties": {"source": "20804484", "target": "19004499"}}, {"type": "Feature", "geometry": {"type": "LineString", "coordinates": [[90.43964275710186, 66.69709654097352], [90.43611552866525, 66.69766539566324]]}, "properties": {"source": "20804484", "target": "18216961"}}, {"type": "Feature", "geometry": {"type": "LineString", "coordinates": [[90.43964275710186, 66.69709654097352], [90.44930127058376, 66.69759738454788]]}, "properties": {"source": "20804484", "target": "13022251"}}, {"type": "Feature", "geometry": {"type": "LineString", "coordinates": [[90.43964275710186, 66.69709654097352], [90.459170762761, 66.69237024200149]]}, "properties": {"source": "20804484", "target": "1798619"}}, {"type": "Feature", "geometry": {"type": "LineString", "coordinates": [[90.43964275710186, 66.69709654097352], [90.46181232136104, 66.69002352787994]]}, "properties": {"source": "20804484", "target": "1320145"}}, {"type": "Feature", "geometry": {"type": "LineString", "coordinates": [[90.43964275710186, 66.69709654097352], [90.46259451654316, 66.69810843185847]]}, "properties": {"source": "20804484", "target": "13437275"}}, {"type": "Feature", "geometry": {"type": "LineString", "coordinates": [[90.43964275710186, 66.69709654097352], [90.44445412805283, 66.6925224801898]]}, "properties": {"source": "20804484", "target": "17702304"}}, {"type": "Feature", "geometry": {"type": "LineString", "coordinates": [[90.43964275710186, 66.69709654097352], [90.43886382911546, 66.6950751790742]]}, "properties": {"source": "20804484", "target": "17279122"}}, {"type": "Feature", "geometry": {"type": "LineString", "coordinates": [[90.43964275710186, 66.69709654097352], [90.44023886728002, 66.69353432277705]]}, "properties": {"source": "20804484", "target": "13493091"}}, {"type": "Feature", "geometry": {"type": "LineString", "coordinates": [[90.43964275710186, 66.69709654097352], [90.44059871139194, 66.6953940656468]]}, "properties": {"source": "20804484", "target": "12726578"}}, {"type": "Feature", "geometry": {"type": "LineString", "coordinates": [[90.43964275710186, 66.69709654097352], [90.45517563294288, 66.6923839446542]]}, "properties": {"source": "20804484", "target": "18506999"}}, {"type": "Feature", "geometry": {"type": "LineString", "coordinates": [[90.450470309725, 66.69612029639852], [90.44482632493953, 66.69140111180238]]}, "properties": {"source": "15733009", "target": "19053203"}}, {"type": "Feature", "geometry": {"type": "LineString", "coordinates": [[90.42984189220647, 66.69027710068023], [90.45517563294288, 66.6923839446542]]}, "properties": {"source": "24718286", "target": "18506999"}}, {"type": "Feature", "geometry": {"type": "LineString", "coordinates": [[90.42984189220647, 66.69027710068023], [90.45793873445251, 66.68937183760393]]}, "properties": {"source": "24718286", "target": "24178943"}}, {"type": "Feature", "geometry": {"type": "LineString", "coordinates": [[90.42984189220647, 66.69027710068023], [90.44515960202466, 66.69985669536116]]}, "properties": {"source": "24718286", "target": "2165207"}}, {"type": "Feature", "geometry": {"type": "LineString", "coordinates": [[90.46894694080487, 66.68821180490006], [90.43964275710186, 66.69709654097352]]}, "properties": {"source": "1741372", "target": "20804484"}}, {"type": "Feature", "geometry": {"type": "LineString", "coordinates": [[90.46894694080487, 66.68821180490006], [90.46774673442025, 66.69239542026965]]}, "properties": {"source": "1741372", "target": "19356251"}}, {"type": "Feature", "geometry": {"type": "LineString", "coordinates": [[90.46894694080487, 66.68821180490006], [90.4417730089861, 66.69348537952254]]}, "properties": {"source": "1741372", "target": "1919723"}}, {"type": "Feature", "geometry": {"type": "LineString", "coordinates": [[90.46894694080487, 66.68821180490006], [90.44482632493953, 66.69140111180238]]}, "properties": {"source": "1741372", "target": "19053203"}}, {"type": "Feature", "geometry": {"type": "LineString", "coordinates": [[90.46894694080487, 66.68821180490006], [90.46456246389931, 66.69445260169009]]}, "properties": {"source": "1741372", "target": "18130160"}}, {"type": "Feature", "geometry": {"type": "LineString", "coordinates": [[90.46894694080487, 66.68821180490006], [90.44645304892134, 66.6921748863059]]}, "properties": {"source": "1741372", "target": "1518746"}}, {"type": "Feature", "geometry": {"type": "LineString", "coordinates": [[90.46894694080487, 66.68821180490006], [90.45805496073052, 66.69912699505244]]}, "properties": {"source": "1741372", "target": "1421558"}}, {"type": "Feature", "geometry": {"type": "LineString", "coordinates": [[90.46894694080487, 66.68821180490006], [90.43583899461959, 66.69127676108772]]}, "properties": {"source": "1741372", "target": "17345756"}}, {"type": "Feature", "geometry": {"type": "LineString", "coordinates": [[90.46894694080487, 66.68821180490006], [90.44560815030087, 66.69403664297441]]}, "properties": {"source": "1741372", "target": "1465665"}}, {"type": "Feature", "geometry": {"type": "LineString", "coordinates": [[90.46894694080487, 66.68821180490006], [90.45112240481154, 66.69963467137512]]}, "properties": {"source": "1741372", "target": "1213632"}}, {"type": "Feature", "geometry": {"type": "LineString", "coordinates": [[90.46894694080487, 66.68821180490006], [90.44636990213786, 66.69143485860415]]}, "properties": {"source": "1741372", "target": "15718204"}}, {"type": "Feature", "geometry": {"type": "LineString", "coordinates": [[90.46894694080487, 66.68821180490006], [90.43421040646786, 66.69317828649685]]}, "properties": {"source": "1741372", "target": "1509566"}}, {"type": "Feature", "geometry": {"type": "LineString", "coordinates": [[90.42941457705558, 66.6903547011497], [90.42984189220647, 66.69027710068023]]}, "properties": {"source": "2250104", "target": "24718286"}}, {"type": "Feature", "geometry": {"type": "LineString", "coordinates": [[90.42941457705558, 66.6903547011497], [90.44072924030559, 66.69062192633527]]}, "properties": {"source": "2250104", "target": "25000606"}}, {"type": "Feature", "geometry": {"type": "LineString", "coordinates": [[90.42941457705558, 66.6903547011497], [90.46012949241015, 66.69230263211331]]}, "properties": {"source": "2250104", "target": "25008053"}}, {"type": "Feature", "geometry": {"type": "LineString", "coordinates": [[90.42941457705558, 66.6903547011497], [90.46199777314825, 66.69465436423786]]}, "properties": {"source": "2250104", "target": "2072722"}}, {"type": "Feature", "geometry": {"type": "LineString", "coordinates": [[90.42945298318881, 66.68934440926134], [90.45096751858233, 66.69089370656754]]}, "properties": {"source": "24962241", "target": "24962319"}}, {"type": "Feature", "geometry": {"type": "LineString", "coordinates": [[90.42945298318881, 66.68934440926134], [90.44934965991877, 66.6907026191966]]}, "properties": {"source": "24962241", "target": "25000441"}}, {"type": "Feature", "geometry": {"type": "LineString", "coordinates": [[90.42945298318881, 66.68934440926134], [90.43588826769951, 66.69746636900433]]}, "properties": {"source": "24962241", "target": "24970020"}}, {"type": "Feature", "geometry": {"type": "LineString", "coordinates": [[90.42945298318881, 66.68934440926134], [90.44072924030559, 66.69062192633527]]}, "properties": {"source": "24962241", "target": "25000606"}}, {"type": "Feature", "geometry": {"type": "LineString", "coordinates": [[90.42945298318881, 66.68934440926134], [90.46012949241015, 66.69230263211331]]}, "properties": {"source": "24962241", "target": "25008053"}}, {"type": "Feature", "geometry": {"type": "LineString", "coordinates": [[90.42945298318881, 66.68934440926134], [90.46978188400743, 66.69710832183763]]}, "properties": {"source": "24962241", "target": "25015547"}}, {"type": "Feature", "geometry": {"type": "LineString", "coordinates": [[90.42945298318881, 66.68934440926134], [90.46036956821382, 66.6918102368064]]}, "properties": {"source": "24962241", "target": "25015644"}}, {"type": "Feature", "geometry": {"type": "LineString", "coordinates": [[90.42945298318881, 66.68934440926134], [90.45793873445251, 66.68937183760393]]}, "properties": {"source": "24962241", "target": "24178943"}}, {"type": "Feature", "geometry": {"type": "LineString", "coordinates": [[90.44560815030087, 66.69403664297441], [90.43964275710186, 66.69709654097352]]}, "properties": {"source": "1465665", "target": "20804484"}}, {"type": "Feature", "geometry": {"type": "LineString", "coordinates": [[90.44560815030087, 66.69403664297441], [90.46774673442025, 66.69239542026965]]}, "properties": {"source": "1465665", "target": "19356251"}}, {"type": "Feature", "geometry": {"type": "LineString", "coordinates": [[90.46546213143, 66.69919183179061], [90.44358477938312, 66.69604559823162]]}, "properties": {"source": "24484748", "target": "25008258"}}, {"type": "Feature", "geometry": {"type": "LineString", "coordinates": [[90.42945298318881, 66.68934440926134], [90.44358477938312, 66.69604559823162]]}, "properties": {"source": "24962241", "target": "25008258"}}, {"type": "Feature", "geometry": {"type": "LineString", "coordinates": [[90.46564766960813, 66.68686851949883], [90.44667803440018, 66.68826517857666]]}, "properties": {"source": "25228083", "target": "25325975"}}, {"type": "Feature", "geometry": {"type": "LineString", "coordinates": [[90.45147112894148, 66.69429095081583], [90.4417730089861, 66.69348537952254]]}, "properties": {"source": "1629471", "target": "1919723"}}, {"type": "Feature", "geometry": {"type": "LineString", "coordinates": [[90.45147112894148, 66.69429095081583], [90.44482632493953, 66.69140111180238]]}, "properties": {"source": "1629471", "target": "19053203"}}, {"type": "Feature", "geometry": {"type": "LineString", "coordinates": [[90.45147112894148, 66.69429095081583], [90.46456246389931, 66.69445260169009]]}, "properties": {"source": "1629471", "target": "18130160"}}, {"type": "Feature", "geometry": {"type": "LineString", "coordinates": [[90.45147112894148, 66.69429095081583], [90.43583899461959, 66.69127676108772]]}, "properties": {"source": "1629471", "target": "17345756"}}, {"type": "Feature", "geometry": {"type": "LineString", "coordinates": [[90.43866947669966, 66.69396222754814], [90.46774673442025, 66.69239542026965]]}, "properties": {"source": "1049793", "target": "19356251"}}, {"type": "Feature", "geometry": {"type": "LineString", "coordinates": [[90.43866947669966, 66.69396222754814], [90.4417730089861, 66.69348537952254]]}, "properties": {"source": "1049793", "target": "1919723"}}, {"type": "Feature", "geometry": {"type": "LineString", "coordinates": [[90.43866947669966, 66.69396222754814], [90.44482632493953, 66.69140111180238]]}, "properties": {"source": "1049793", "target": "19053203"}}, {"type": "Feature", "geometry": {"type": "LineString", "coordinates": [[90.43866947669966, 66.69396222754814], [90.46456246389931, 66.69445260169009]]}, "properties": {"source": "1049793", "target": "18130160"}}, {"type": "Feature", "geometry": {"type": "LineString", "coordinates": [[90.43866947669966, 66.69396222754814], [90.44645304892134, 66.6921748863059]]}, "properties": {"source": "1049793", "target": "1518746"}}, {"type": "Feature", "geometry": {"type": "LineString", "coordinates": [[90.43866947669966, 66.69396222754814], [90.45805496073052, 66.69912699505244]]}, "properties": {"source": "1049793", "target": "1421558"}}, {"type": "Feature", "geometry": {"type": "LineString", "coordinates": [[90.4568157620501, 66.68894566962615], [90.43167983540627, 66.68946652432749]]}, "properties": {"source": "29489304", "target": "32068760"}}, {"type": "Feature", "geometry": {"type": "LineString", "coordinates": [[90.4568157620501, 66.68894566962615], [90.43050909820221, 66.69204524546755]]}, "properties": {"source": "29489304", "target": "30839987"}}, {"type": "Feature", "geometry": {"type": "LineString", "coordinates": [[90.4568157620501, 66.68894566962615], [90.4625649309325, 66.69709089656]]}, "properties": {"source": "29489304", "target": "29890009"}}, {"type": "Feature", "geometry": {"type": "LineString", "coordinates": [[90.4568157620501, 66.68894566962615], [90.4560238863354, 66.69453884429274]]}, "properties": {"source": "29489304", "target": "31225450"}}, {"type": "Feature", "geometry": {"type": "LineString", "coordinates": [[90.4568157620501, 66.68894566962615], [90.43270090946191, 66.69713021364302]]}, "properties": {"source": "29489304", "target": "34608908"}}, {"type": "Feature", "geometry": {"type": "LineString", "coordinates": [[90.44358477938312, 66.69604559823162], [90.45262947499634, 66.69654796872614]]}, "properties": {"source": "25008258", "target": "2417136"}}, {"type": "Feature", "geometry": {"type": "LineString", "coordinates": [[90.46564766960813, 66.68686851949883], [90.44303856569246, 66.68879901119176]]}, "properties": {"source": "25228083", "target": "25181742"}}, {"type": "Feature", "geometry": {"type": "LineString", "coordinates": [[90.43214988054154, 66.68803317419791], [90.42934312774508, 66.69677689593242]]}, "properties": {"source": "25350734", "target": "28448436"}}, {"type": "Feature", "geometry": {"type": "LineString", "coordinates": [[90.45881671091058, 66.69790836305755], [90.43123937132816, 66.68972709478301]]}, "properties": {"source": "25207530", "target": "25126788"}}, {"type": "Feature", "geometry": {"type": "LineString", "coordinates": [[90.45881671091058, 66.69790836305755], [90.45957359313223, 66.69331398691266]]}, "properties": {"source": "25207530", "target": "25126743"}}, {"type": "Feature", "geometry": {"type": "LineString", "coordinates": [[90.45881671091058, 66.69790836305755], [90.429688828277, 66.68714684110773]]}, "properties": {"source": "25207530", "target": "25173622"}}, {"type": "Feature", "geometry": {"type": "LineString", "coordinates": [[90.45881671091058, 66.69790836305755], [90.4394589197156, 66.68747476340394]]}, "properties": {"source": "25207530", "target": "25173661"}}, {"type": "Feature", "geometry": {"type": "LineString", "coordinates": [[90.45881671091058, 66.69790836305755], [90.45261533299634, 66.6952151074734]]}, "properties": {"source": "25207530", "target": "25180469"}}, {"type": "Feature", "geometry": {"type": "LineString", "coordinates": [[90.45881671091058, 66.69790836305755], [90.43502623848946, 66.6994787650804]]}, "properties": {"source": "25207530", "target": "25214526"}}, {"type": "Feature", "geometry": {"type": "LineString", "coordinates": [[90.45881671091058, 66.69790836305755], [90.44925217370496, 66.69606962187675]]}, "properties": {"source": "25207530", "target": "25261522"}}, {"type": "Feature", "geometry": {"type": "LineString", "coordinates": [[90.45881671091058, 66.69790836305755], [90.4390544680237, 66.69308441355001]]}, "properties": {"source": "25207530", "target": "25221752"}}, {"type": "Feature", "geometry": {"type": "LineString", "coordinates": [[90.45881671091058, 66.69790836305755], [90.43183754010545, 66.69208886166399]]}, "properties": {"source": "25207530", "target": "25214424"}}, {"type": "Feature", "geometry": {"type": "LineString", "coordinates": [[90.45881671091058, 66.69790836305755], [90.46740573208007, 66.69373576133688]]}, "properties": {"source": "25207530", "target": "25207637"}}, {"type": "Feature", "geometry": {"type": "LineString", "coordinates": [[90.45881671091058, 66.69790836305755], [90.46349873953517, 66.68914249581488]]}, "properties": {"source": "25207530", "target": "25207590"}}, {"type": "Feature", "geometry": {"type": "LineString", "coordinates": [[90.45881671091058, 66.69790836305755], [90.4522861384138, 66.6972220915947]]}, "properties": {"source": "25207530", "target": "25207487"}}, {"type": "Feature", "geometry": {"type": "LineString", "coordinates": [[90.45881671091058, 66.69790836305755], [90.45543930596034, 66.69012212504582]]}, "properties": {"source": "25207530", "target": "25228205"}}, {"type": "Feature", "geometry": {"type": "LineString", "coordinates": [[90.43014187244376, 66.69053130317604], [90.43270090946191, 66.69713021364302]]}, "properties": {"source": "3064912", "target": "34608908"}}, {"type": "Feature", "geometry": {"type": "LineString", "coordinates": [[90.46572131661685, 66.69547555098619], [90.43118506753677, 66.69433385521457]]}, "properties": {"source": "2375198", "target": "24682070"}}, {"type": "Feature", "geometry": {"type": "LineString", "coordinates": [[90.46572131661685, 66.69547555098619], [90.43588826769951, 66.69746636900433]]}, "properties": {"source": "2375198", "target": "24970020"}}, {"type": "Feature", "geometry": {"type": "LineString", "coordinates": [[90.46572131661685, 66.69547555098619], [90.44072924030559, 66.69062192633527]]}, "properties": {"source": "2375198", "target": "25000606"}}, {"type": "Feature", "geometry": {"type": "LineString", "coordinates": [[90.46572131661685, 66.69547555098619], [90.46012949241015, 66.69230263211331]]}, "properties": {"source": "2375198", "target": "25008053"}}, {"type": "Feature", "geometry": {"type": "LineString", "coordinates": [[90.43386408643141, 66.69386877406532], [90.4618489819344, 66.69680438091972]]}, "properties": {"source": "966996", "target": "8044278"}}, {"type": "Feature", "geometry": {"type": "LineString", "coordinates": [[90.43386408643141, 66.69386877406532], [90.45208658311714, 66.69374228749449]]}, "properties": {"source": "966996", "target": "856544"}}, {"type": "Feature", "geometry": {"type": "LineString", "coordinates": [[90.4424326382208, 66.69874049759547], [90.43118506753677, 66.69433385521457]]}, "properties": {"source": "23387025", "target": "24682070"}}, {"type": "Feature", "geometry": {"type": "LineString", "coordinates": [[90.4424326382208, 66.69874049759547], [90.46012949241015, 66.69230263211331]]}, "properties": {"source": "23387025", "target": "25008053"}}, {"type": "Feature", "geometry": {"type": "LineString", "coordinates": [[90.4424326382208, 66.69874049759547], [90.43373572873645, 66.69160441651141]]}, "properties": {"source": "23387025", "target": "13021074"}}, {"type": "Feature", "geometry": {"type": "LineString", "coordinates": [[90.45240909764715, 66.69568806432632], [90.44934965991877, 66.6907026191966]]}, "properties": {"source": "24992330", "target": "25000441"}}, {"type": "Feature", "geometry": {"type": "LineString", "coordinates": [[90.45240909764715, 66.69568806432632], [90.44072924030559, 66.69062192633527]]}, "properties": {"source": "24992330", "target": "25000606"}}, {"type": "Feature", "geometry": {"type": "LineString", "coordinates": [[90.45240909764715, 66.69568806432632], [90.46012949241015, 66.69230263211331]]}, "properties": {"source": "24992330", "target": "25008053"}}, {"type": "Feature", "geometry": {"type": "LineString", "coordinates": [[90.45240909764715, 66.69568806432632], [90.46978188400743, 66.69710832183763]]}, "properties": {"source": "24992330", "target": "25015547"}}, {"type": "Feature", "geometry": {"type": "LineString", "coordinates": [[90.45240909764715, 66.69568806432632], [90.4539584549729, 66.68907428030313]]}, "properties": {"source": "24992330", "target": "25022962"}}, {"type": "Feature", "geometry": {"type": "LineString", "coordinates": [[90.45240909764715, 66.69568806432632], [90.44358477938312, 66.69604559823162]]}, "properties": {"source": "24992330", "target": "25008258"}}, {"type": "Feature", "geometry": {"type": "LineString", "coordinates": [[90.46260270487574, 66.69536693105871], [90.46000851328108, 66.69388323523759]]}, "properties": {"source": "7992229", "target": "1159848"}}, {"type": "Feature", "geometry": {"type": "LineString", "coordinates": [[90.4370180338301, 66.69556036298322], [90.45805496073052, 66.69912699505244]]}, "properties": {"source": "22821615", "target": "1421558"}}, {"type": "Feature", "geometry": {"type": "LineString", "coordinates": [[90.4370180338301, 66.69556036298322], [90.44227221223258, 66.69763079869546]]}, "properties": {"source": "22821615", "target": "17644654"}}, {"type": "Feature", "geometry": {"type": "LineString", "coordinates": [[90.4370180338301, 66.69556036298322], [90.44538270229293, 66.69510548775906]]}, "properties": {"source": "22821615", "target": "1870773"}}, {"type": "Feature", "geometry": {"type": "LineString", "coordinates": [[90.4370180338301, 66.69556036298322], [90.4427602099484, 66.69583655194496]]}, "properties": {"source": "22821615", "target": "19004499"}}, {"type": "Feature", "geometry": {"type": "LineString", "coordinates": [[90.4370180338301, 66.69556036298322], [90.44560815030087, 66.69403664297441]]}, "properties": {"source": "22821615", "target": "1465665"}}, {"type": "Feature", "geometry": {"type": "LineString", "coordinates": [[90.4370180338301, 66.69556036298322], [90.45972004048343, 66.68887388030903]]}, "properties": {"source": "22821615", "target": "16007898"}}, {"type": "Feature", "geometry": {"type": "LineString", "coordinates": [[90.4370180338301, 66.69556036298322], [90.44636990213786, 66.69143485860415]]}, "properties": {"source": "22821615", "target": "15718204"}}, {"type": "Feature", "geometry": {"type": "LineString", "coordinates": [[90.4370180338301, 66.69556036298322], [90.43421040646786, 66.69317828649685]]}, "properties": {"source": "22821615", "target": "1509566"}}, {"type": "Feature", "geometry": {"type": "LineString", "coordinates": [[90.4370180338301, 66.69556036298322], [90.43611552866525, 66.69766539566324]]}, "properties": {"source": "22821615", "target": "18216961"}}, {"type": "Feature", "geometry": {"type": "LineString", "coordinates": [[90.4370180338301, 66.69556036298322], [90.459170762761, 66.69237024200149]]}, "properties": {"source": "22821615", "target": "1798619"}}, {"type": "Feature", "geometry": {"type": "LineString", "coordinates": [[90.4370180338301, 66.69556036298322], [90.46241201644995, 66.6939769955914]]}, "properties": {"source": "22821615", "target": "2250108"}}, {"type": "Feature", "geometry": {"type": "LineString", "coordinates": [[90.4370180338301, 66.69556036298322], [90.45517563294288, 66.6923839446542]]}, "properties": {"source": "22821615", "target": "18506999"}}, {"type": "Feature", "geometry": {"type": "LineString", "coordinates": [[90.4370180338301, 66.69556036298322], [90.44515960202466, 66.69985669536116]]}, "properties": {"source": "22821615", "target": "2165207"}}, {"type": "Feature", "geometry": {"type": "LineString", "coordinates": [[90.4370180338301, 66.69556036298322], [90.452062265025, 66.69060160734347]]}, "properties": {"source": "22821615", "target": "19339935"}}, {"type": "Feature", "geometry": {"type": "LineString", "coordinates": [[90.4370180338301, 66.69556036298322], [90.450470309725, 66.69612029639852]]}, "properties": {"source": "22821615", "target": "15733009"}}, {"type": "Feature", "geometry": {"type": "LineString", "coordinates": [[90.46462729492674, 66.69654750647918], [90.43014187244376, 66.69053130317604]]}, "properties": {"source": "6489894", "target": "3064912"}}, {"type": "Feature", "geometry": {"type": "LineString", "coordinates": [[90.45831809084763, 66.69680128678459], [90.43284032880047, 66.6880037348464]]}, "properties": {"source": "25362652", "target": "25325863"}}, {"type": "Feature", "geometry": {"type": "LineString", "coordinates": [[90.45831809084763, 66.69680128678459], [90.44925217370496, 66.69606962187675]]}, "properties": {"source": "25362652", "target": "25261522"}}, {"type": "Feature", "geometry": {"type": "LineString", "coordinates": [[90.45831809084763, 66.69680128678459], [90.44667803440018, 66.68826517857666]]}, "properties": {"source": "25362652", "target": "25325975"}}, {"type": "Feature", "geometry": {"type": "LineString", "coordinates": [[90.45831809084763, 66.69680128678459], [90.46084436830057, 66.68957701242216]]}, "properties": {"source": "25362652", "target": "25356972"}}, {"type": "Feature", "geometry": {"type": "LineString", "coordinates": [[90.429688828277, 66.68714684110773], [90.45381456791927, 66.68976863055023]]}, "properties": {"source": "25173622", "target": "25046368"}}, {"type": "Feature", "geometry": {"type": "LineString", "coordinates": [[90.429688828277, 66.68714684110773], [90.46862843295264, 66.68953857181364]]}, "properties": {"source": "25173622", "target": "25112675"}}, {"type": "Feature", "geometry": {"type": "LineString", "coordinates": [[90.429688828277, 66.68714684110773], [90.45293811643046, 66.6919247680428]]}, "properties": {"source": "25173622", "target": "25053501"}}, {"type": "Feature", "geometry": {"type": "LineString", "coordinates": [[90.429688828277, 66.68714684110773], [90.45574772343315, 66.69085192166635]]}, "properties": {"source": "25173622", "target": "25126669"}}, {"type": "Feature", "geometry": {"type": "LineString", "coordinates": [[90.429688828277, 66.68714684110773], [90.45458107911753, 66.68986695341259]]}, "properties": {"source": "25173622", "target": "25067396"}}, {"type": "Feature", "geometry": {"type": "LineString", "coordinates": [[90.429688828277, 66.68714684110773], [90.43123937132816, 66.68972709478301]]}, "properties": {"source": "25173622", "target": "25126788"}}, {"type": "Feature", "geometry": {"type": "LineString", "coordinates": [[90.429688828277, 66.68714684110773], [90.45957359313223, 66.69331398691266]]}, "properties": {"source": "25173622", "target": "25126743"}}, {"type": "Feature", "geometry": {"type": "LineString", "coordinates": [[90.429688828277, 66.68714684110773], [90.4394589197156, 66.68747476340394]]}, "properties": {"source": "25173622", "target": "25173661"}}, {"type": "Feature", "geometry": {"type": "LineString", "coordinates": [[90.429688828277, 66.68714684110773], [90.45261533299634, 66.6952151074734]]}, "properties": {"source": "25173622", "target": "25180469"}}, {"type": "Feature", "geometry": {"type": "LineString", "coordinates": [[90.429688828277, 66.68714684110773], [90.43183754010545, 66.69208886166399]]}, "properties": {"source": "25173622", "target": "25214424"}}, {"type": "Feature", "geometry": {"type": "LineString", "coordinates": [[90.45831809084763, 66.69680128678459], [90.45543930596034, 66.69012212504582]]}, "properties": {"source": "25362652", "target": "25228205"}}, {"type": "Feature", "geometry": {"type": "LineString", "coordinates": [[90.46225374098401, 66.69311270633769], [90.45096751858233, 66.69089370656754]]}, "properties": {"source": "19213261", "target": "24962319"}}, {"type": "Feature", "geometry": {"type": "LineString", "coordinates": [[90.46978188400743, 66.69710832183763], [90.4424326382208, 66.69874049759547]]}, "properties": {"source": "25015547", "target": "23387025"}}, {"type": "Feature", "geometry": {"type": "LineString", "coordinates": [[90.46978188400743, 66.69710832183763], [90.45262947499634, 66.69654796872614]]}, "properties": {"source": "25015547", "target": "2417136"}}, {"type": "Feature", "geometry": {"type": "LineString", "coordinates": [[90.46462729492674, 66.69654750647918], [90.43167983540627, 66.68946652432749]]}, "properties": {"source": "6489894", "target": "32068760"}}, {"type": "Feature", "geometry": {"type": "LineString", "coordinates": [[90.46462729492674, 66.69654750647918], [90.43050909820221, 66.69204524546755]]}, "properties": {"source": "6489894", "target": "30839987"}}, {"type": "Feature", "geometry": {"type": "LineString", "coordinates": [[90.46462729492674, 66.69654750647918], [90.46009199339545, 66.68839724223253]]}, "properties": {"source": "6489894", "target": "4275596"}}, {"type": "Feature", "geometry": {"type": "LineString", "coordinates": [[90.46462729492674, 66.69654750647918], [90.43328763857511, 66.69636956938137]]}, "properties": {"source": "6489894", "target": "5111471"}}, {"type": "Feature", "geometry": {"type": "LineString", "coordinates": [[90.46462729492674, 66.69654750647918], [90.4625649309325, 66.69709089656]]}, "properties": {"source": "6489894", "target": "29890009"}}, {"type": "Feature", "geometry": {"type": "LineString", "coordinates": [[90.46462729492674, 66.69654750647918], [90.4312034405732, 66.68711536264016]]}, "properties": {"source": "6489894", "target": "27839901"}}, {"type": "Feature", "geometry": {"type": "LineString", "coordinates": [[90.46462729492674, 66.69654750647918], [90.4584469416385, 66.69238440589925]]}, "properties": {"source": "6489894", "target": "8341199"}}, {"type": "Feature", "geometry": {"type": "LineString", "coordinates": [[90.46462729492674, 66.69654750647918], [90.4618489819344, 66.69680438091972]]}, "properties": {"source": "6489894", "target": "8044278"}}, {"type": "Feature", "geometry": {"type": "LineString", "coordinates": [[90.46462729492674, 66.69654750647918], [90.44266138973546, 66.6923983475973]]}, "properties": {"source": "6489894", "target": "856474"}}, {"type": "Feature", "geometry": {"type": "LineString", "coordinates": [[90.46462729492674, 66.69654750647918], [90.43270090946191, 66.69713021364302]]}, "properties": {"source": "6489894", "target": "34608908"}}, {"type": "Feature", "geometry": {"type": "LineString", "coordinates": [[90.46462729492674, 66.69654750647918], [90.45436455153623, 66.6935502526424]]}, "properties": {"source": "6489894", "target": "7153686"}}, {"type": "Feature", "geometry": {"type": "LineString", "coordinates": [[90.46462729492674, 66.69654750647918], [90.43222828756723, 66.69262879534911]]}, "properties": {"source": "6489894", "target": "682583"}}, {"type": "Feature", "geometry": {"type": "LineString", "coordinates": [[90.46462729492674, 66.69654750647918], [90.45208658311714, 66.69374228749449]]}, "properties": {"source": "6489894", "target": "856544"}}, {"type": "Feature", "geometry": {"type": "LineString", "coordinates": [[90.46260270487574, 66.69536693105871], [90.46407230486187, 66.6981870174208]]}, "properties": {"source": "7992229", "target": "8522911"}}, {"type": "Feature", "geometry": {"type": "LineString", "coordinates": [[90.46260270487574, 66.69536693105871], [90.43222828756723, 66.69262879534911]]}, "properties": {"source": "7992229", "target": "682583"}}, {"type": "Feature", "geometry": {"type": "LineString", "coordinates": [[90.46260270487574, 66.69536693105871], [90.46852773557669, 66.6939980070145]]}, "properties": {"source": "7992229", "target": "6381114"}}, {"type": "Feature", "geometry": {"type": "LineString", "coordinates": [[90.46260270487574, 66.69536693105871], [90.45208658311714, 66.69374228749449]]}, "properties": {"source": "7992229", "target": "856544"}}, {"type": "Feature", "geometry": {"type": "LineString", "coordinates": [[90.46260270487574, 66.69536693105871], [90.43014187244376, 66.69053130317604]]}, "properties": {"source": "7992229", "target": "3064912"}}, {"type": "Feature", "geometry": {"type": "LineString", "coordinates": [[90.46260270487574, 66.69536693105871], [90.43386408643141, 66.69386877406532]]}, "properties": {"source": "7992229", "target": "966996"}}, {"type": "Feature", "geometry": {"type": "LineString", "coordinates": [[90.46260270487574, 66.69536693105871], [90.46495481952473, 66.69938099969161]]}, "properties": {"source": "7992229", "target": "6006348"}}, {"type": "Feature", "geometry": {"type": "LineString", "coordinates": [[90.46260270487574, 66.69536693105871], [90.4350537158549, 66.68734788287132]]}, "properties": {"source": "7992229", "target": "9282410"}}, {"type": "Feature", "geometry": {"type": "LineString", "coordinates": [[90.46260270487574, 66.69536693105871], [90.43646580937133, 66.68697540073147]]}, "properties": {"source": "7992229", "target": "8878907"}}, {"type": "Feature", "geometry": {"type": "LineString", "coordinates": [[90.46260270487574, 66.69536693105871], [90.4593725565432, 66.69633112724979]]}, "properties": {"source": "7992229", "target": "9138275"}}, {"type": "Feature", "geometry": {"type": "LineString", "coordinates": [[90.46260270487574, 66.69536693105871], [90.43381075016435, 66.69248943430215]]}, "properties": {"source": "7992229", "target": "4480223"}}, {"type": "Feature", "geometry": {"type": "LineString", "coordinates": [[90.46260270487574, 66.69536693105871], [90.45922443398564, 66.68778003230295]]}, "properties": {"source": "7992229", "target": "6511527"}}, {"type": "Feature", "geometry": {"type": "LineString", "coordinates": [[90.46260270487574, 66.69536693105871], [90.45991153915679, 66.69721527092086]]}, "properties": {"source": "7992229", "target": "6636423"}}, {"type": "Feature", "geometry": {"type": "LineString", "coordinates": [[90.46260270487574, 66.69536693105871], [90.45280341175584, 66.69912992311046]]}, "properties": {"source": "7992229", "target": "6946328"}}, {"type": "Feature", "geometry": {"type": "LineString", "coordinates": [[90.46260270487574, 66.69536693105871], [90.45563844898794, 66.69484250389502]]}, "properties": {"source": "7992229", "target": "703300"}}, {"type": "Feature", "geometry": {"type": "LineString", "coordinates": [[90.46260270487574, 66.69536693105871], [90.44715125766578, 66.68993732279108]]}, "properties": {"source": "7992229", "target": "76305"}}, {"type": "Feature", "geometry": {"type": "LineString", "coordinates": [[90.43439345029168, 66.6948937980334], [90.43370857988799, 66.69738610766076]]}, "properties": {"source": "25412364", "target": "25267992"}}, {"type": "Feature", "geometry": {"type": "LineString", "coordinates": [[90.46885035824903, 66.68837619141208], [90.46572131661685, 66.69547555098619]]}, "properties": {"source": "1177155", "target": "2375198"}}, {"type": "Feature", "geometry": {"type": "LineString", "coordinates": [[90.42910947357058, 66.69757453756647], [90.43591995645261, 66.69905267932666]]}, "properties": {"source": "16596210", "target": "3105532"}}, {"type": "Feature", "geometry": {"type": "LineString", "coordinates": [[90.42910947357058, 66.69757453756647], [90.46115909536394, 66.68681966153889]]}, "properties": {"source": "16596210", "target": "18669149"}}, {"type": "Feature", "geometry": {"type": "LineString", "coordinates": [[90.44148482398816, 66.68695652400416], [90.43646580937133, 66.68697540073147]]}, "properties": {"source": "877250", "target": "8878907"}}, {"type": "Feature", "geometry": {"type": "LineString", "coordinates": [[90.44148482398816, 66.68695652400416], [90.4593725565432, 66.69633112724979]]}, "properties": {"source": "877250", "target": "9138275"}}, {"type": "Feature", "geometry": {"type": "LineString", "coordinates": [[90.4515132063895, 66.6922920506421], [90.45294613656102, 66.68865663814984]]}, "properties": {"source": "17312631", "target": "24787465"}}, {"type": "Feature", "geometry": {"type": "LineString", "coordinates": [[90.4515132063895, 66.6922920506421], [90.42910947357058, 66.69757453756647]]}, "properties": {"source": "17312631", "target": "16596210"}}, {"type": "Feature", "geometry": {"type": "LineString", "coordinates": [[90.4515132063895, 66.6922920506421], [90.43591995645261, 66.69905267932666]]}, "properties": {"source": "17312631", "target": "3105532"}}, {"type": "Feature", "geometry": {"type": "LineString", "coordinates": [[90.46498989786744, 66.69863677829012], [90.4584469416385, 66.69238440589925]]}, "properties": {"source": "26202128", "target": "8341199"}}, {"type": "Feature", "geometry": {"type": "LineString", "coordinates": [[90.46498989786744, 66.69863677829012], [90.44412771956598, 66.69851924437715]]}, "properties": {"source": "26202128", "target": "33987583"}}, {"type": "Feature", "geometry": {"type": "LineString", "coordinates": [[90.46498989786744, 66.69863677829012], [90.45613152906708, 66.69541872415644]]}, "properties": {"source": "26202128", "target": "35896515"}}, {"type": "Feature", "geometry": {"type": "LineString", "coordinates": [[90.46317837360147, 66.68961905528273], [90.43628461889375, 66.6993770598995]]}, "properties": {"source": "18857780", "target": "21842357"}}, {"type": "Feature", "geometry": {"type": "LineString", "coordinates": [[90.46000851328108, 66.69388323523759], [90.43270090946191, 66.69713021364302]]}, "properties": {"source": "1159848", "target": "34608908"}}, {"type": "Feature", "geometry": {"type": "LineString", "coordinates": [[90.46000851328108, 66.69388323523759], [90.43386408643141, 66.69386877406532]]}, "properties": {"source": "1159848", "target": "966996"}}, {"type": "Feature", "geometry": {"type": "LineString", "coordinates": [[90.453506464378, 66.69414321204351], [90.4632147754993, 66.69783335673051]]}, "properties": {"source": "11413013", "target": "19877506"}}, {"type": "Feature", "geometry": {"type": "LineString", "coordinates": [[90.46939098525576, 66.69913055696213], [90.43050909820221, 66.69204524546755]]}, "properties": {"source": "2685281", "target": "30839987"}}, {"type": "Feature", "geometry": {"type": "LineString", "coordinates": [[90.43370857988799, 66.69738610766076], [90.43183754010545, 66.69208886166399]]}, "properties": {"source": "25267992", "target": "25214424"}}, {"type": "Feature", "geometry": {"type": "LineString", "coordinates": [[90.43370857988799, 66.69738610766076], [90.46740573208007, 66.69373576133688]]}, "properties": {"source": "25267992", "target": "25207637"}}, {"type": "Feature", "geometry": {"type": "LineString", "coordinates": [[90.43370857988799, 66.69738610766076], [90.44667803440018, 66.68826517857666]]}, "properties": {"source": "25267992", "target": "25325975"}}, {"type": "Feature", "geometry": {"type": "LineString", "coordinates": [[90.46564766960813, 66.68686851949883], [90.45831809084763, 66.69680128678459]]}, "properties": {"source": "25228083", "target": "25362652"}}, {"type": "Feature", "geometry": {"type": "LineString", "coordinates": [[90.46564766960813, 66.68686851949883], [90.43214988054154, 66.68803317419791]]}, "properties": {"source": "25228083", "target": "25350734"}}, {"type": "Feature", "geometry": {"type": "LineString", "coordinates": [[90.46564766960813, 66.68686851949883], [90.43284032880047, 66.6880037348464]]}, "properties": {"source": "25228083", "target": "25325863"}}, {"type": "Feature", "geometry": {"type": "LineString", "coordinates": [[90.46564766960813, 66.68686851949883], [90.43502623848946, 66.6994787650804]]}, "properties": {"source": "25228083", "target": "25214526"}}, {"type": "Feature", "geometry": {"type": "LineString", "coordinates": [[90.46564766960813, 66.68686851949883], [90.44925217370496, 66.69606962187675]]}, "properties": {"source": "25228083", "target": "25261522"}}, {"type": "Feature", "geometry": {"type": "LineString", "coordinates": [[90.46564766960813, 66.68686851949883], [90.4390544680237, 66.69308441355001]]}, "properties": {"source": "25228083", "target": "25221752"}}, {"type": "Feature", "geometry": {"type": "LineString", "coordinates": [[90.46564766960813, 66.68686851949883], [90.43183754010545, 66.69208886166399]]}, "properties": {"source": "25228083", "target": "25214424"}}, {"type": "Feature", "geometry": {"type": "LineString", "coordinates": [[90.46564766960813, 66.68686851949883], [90.46740573208007, 66.69373576133688]]}, "properties": {"source": "25228083", "target": "25207637"}}, {"type": "Feature", "geometry": {"type": "LineString", "coordinates": [[90.46564766960813, 66.68686851949883], [90.46349873953517, 66.68914249581488]]}, "properties": {"source": "25228083", "target": "25207590"}}, {"type": "Feature", "geometry": {"type": "LineString", "coordinates": [[90.46564766960813, 66.68686851949883], [90.4522861384138, 66.6972220915947]]}, "properties": {"source": "25228083", "target": "25207487"}}, {"type": "Feature", "geometry": {"type": "LineString", "coordinates": [[90.46564766960813, 66.68686851949883], [90.45881671091058, 66.69790836305755]]}, "properties": {"source": "25228083", "target": "25207530"}}, {"type": "Feature", "geometry": {"type": "LineString", "coordinates": [[90.46564766960813, 66.68686851949883], [90.45543930596034, 66.69012212504582]]}, "properties": {"source": "25228083", "target": "25228205"}}, {"type": "Feature", "geometry": {"type": "LineString", "coordinates": [[90.44800323274342, 66.68908140897499], [90.45381456791927, 66.68976863055023]]}, "properties": {"source": "24986501", "target": "25046368"}}, {"type": "Feature", "geometry": {"type": "LineString", "coordinates": [[90.46024172004041, 66.6947520537911], [90.43559946435676, 66.69565940844261]]}, "properties": {"source": "25234447", "target": "25365206"}}, {"type": "Feature", "geometry": {"type": "LineString", "coordinates": [[90.46024172004041, 66.6947520537911], [90.45831809084763, 66.69680128678459]]}, "properties": {"source": "25234447", "target": "25362652"}}, {"type": "Feature", "geometry": {"type": "LineString", "coordinates": [[90.46024172004041, 66.6947520537911], [90.45291890578301, 66.68849643420242]]}, "properties": {"source": "25234447", "target": "25214554"}}, {"type": "Feature", "geometry": {"type": "LineString", "coordinates": [[90.46024172004041, 66.6947520537911], [90.43370857988799, 66.69738610766076]]}, "properties": {"source": "25234447", "target": "25267992"}}, {"type": "Feature", "geometry": {"type": "LineString", "coordinates": [[90.46024172004041, 66.6947520537911], [90.46564766960813, 66.68686851949883]]}, "properties": {"source": "25234447", "target": "25228083"}}, {"type": "Feature", "geometry": {"type": "LineString", "coordinates": [[90.46024172004041, 66.6947520537911], [90.43214988054154, 66.68803317419791]]}, "properties": {"source": "25234447", "target": "25350734"}}, {"type": "Feature", "geometry": {"type": "LineString", "coordinates": [[90.46024172004041, 66.6947520537911], [90.43284032880047, 66.6880037348464]]}, "properties": {"source": "25234447", "target": "25325863"}}, {"type": "Feature", "geometry": {"type": "LineString", "coordinates": [[90.46024172004041, 66.6947520537911], [90.43502623848946, 66.6994787650804]]}, "properties": {"source": "25234447", "target": "25214526"}}, {"type": "Feature", "geometry": {"type": "LineString", "coordinates": [[90.46024172004041, 66.6947520537911], [90.44925217370496, 66.69606962187675]]}, "properties": {"source": "25234447", "target": "25261522"}}, {"type": "Feature", "geometry": {"type": "LineString", "coordinates": [[90.46024172004041, 66.6947520537911], [90.4390544680237, 66.69308441355001]]}, "properties": {"source": "25234447", "target": "25221752"}}, {"type": "Feature", "geometry": {"type": "LineString", "coordinates": [[90.46024172004041, 66.6947520537911], [90.43183754010545, 66.69208886166399]]}, "properties": {"source": "25234447", "target": "25214424"}}, {"type": "Feature", "geometry": {"type": "LineString", "coordinates": [[90.46024172004041, 66.6947520537911], [90.46740573208007, 66.69373576133688]]}, "properties": {"source": "25234447", "target": "25207637"}}, {"type": "Feature", "geometry": {"type": "LineString", "coordinates": [[90.46024172004041, 66.6947520537911], [90.46349873953517, 66.68914249581488]]}, "properties": {"source": "25234447", "target": "25207590"}}, {"type": "Feature", "geometry": {"type": "LineString", "coordinates": [[90.46024172004041, 66.6947520537911], [90.45881671091058, 66.69790836305755]]}, "properties": {"source": "25234447", "target": "25207530"}}, {"type": "Feature", "geometry": {"type": "LineString", "coordinates": [[90.46024172004041, 66.6947520537911], [90.45543930596034, 66.69012212504582]]}, "properties": {"source": "25234447", "target": "25228205"}}, {"type": "Feature", "geometry": {"type": "LineString", "coordinates": [[90.429688828277, 66.68714684110773], [90.46740573208007, 66.69373576133688]]}, "properties": {"source": "25173622", "target": "25207637"}}, {"type": "Feature", "geometry": {"type": "LineString", "coordinates": [[90.43717153393453, 66.6942339140781], [90.45831809084763, 66.69680128678459]]}, "properties": {"source": "25267921", "target": "25362652"}}, {"type": "Feature", "geometry": {"type": "LineString", "coordinates": [[90.43717153393453, 66.6942339140781], [90.46024172004041, 66.6947520537911]]}, "properties": {"source": "25267921", "target": "25234447"}}, {"type": "Feature", "geometry": {"type": "LineString", "coordinates": [[90.43717153393453, 66.6942339140781], [90.45291890578301, 66.68849643420242]]}, "properties": {"source": "25267921", "target": "25214554"}}, {"type": "Feature", "geometry": {"type": "LineString", "coordinates": [[90.43717153393453, 66.6942339140781], [90.43370857988799, 66.69738610766076]]}, "properties": {"source": "25267921", "target": "25267992"}}, {"type": "Feature", "geometry": {"type": "LineString", "coordinates": [[90.43717153393453, 66.6942339140781], [90.46564766960813, 66.68686851949883]]}, "properties": {"source": "25267921", "target": "25228083"}}, {"type": "Feature", "geometry": {"type": "LineString", "coordinates": [[90.43717153393453, 66.6942339140781], [90.43214988054154, 66.68803317419791]]}, "properties": {"source": "25267921", "target": "25350734"}}, {"type": "Feature", "geometry": {"type": "LineString", "coordinates": [[90.43717153393453, 66.6942339140781], [90.43284032880047, 66.6880037348464]]}, "properties": {"source": "25267921", "target": "25325863"}}, {"type": "Feature", "geometry": {"type": "LineString", "coordinates": [[90.43717153393453, 66.6942339140781], [90.43502623848946, 66.6994787650804]]}, "properties": {"source": "25267921", "target": "25214526"}}, {"type": "Feature", "geometry": {"type": "LineString", "coordinates": [[90.43717153393453, 66.6942339140781], [90.44925217370496, 66.69606962187675]]}, "properties": {"source": "25267921", "target": "25261522"}}, {"type": "Feature", "geometry": {"type": "LineString", "coordinates": [[90.43717153393453, 66.6942339140781], [90.4390544680237, 66.69308441355001]]}, "properties": {"source": "25267921", "target": "25221752"}}, {"type": "Feature", "geometry": {"type": "LineString", "coordinates": [[90.43717153393453, 66.6942339140781], [90.43183754010545, 66.69208886166399]]}, "properties": {"source": "25267921", "target": "25214424"}}, {"type": "Feature", "geometry": {"type": "LineString", "coordinates": [[90.43717153393453, 66.6942339140781], [90.46740573208007, 66.69373576133688]]}, "properties": {"source": "25267921", "target": "25207637"}}, {"type": "Feature", "geometry": {"type": "LineString", "coordinates": [[90.43717153393453, 66.6942339140781], [90.46349873953517, 66.68914249581488]]}, "properties": {"source": "25267921", "target": "25207590"}}, {"type": "Feature", "geometry": {"type": "LineString", "coordinates": [[90.43717153393453, 66.6942339140781], [90.44667803440018, 66.68826517857666]]}, "properties": {"source": "25267921", "target": "25325975"}}, {"type": "Feature", "geometry": {"type": "LineString", "coordinates": [[90.43717153393453, 66.6942339140781], [90.45543930596034, 66.69012212504582]]}, "properties": {"source": "25267921", "target": "25228205"}}, {"type": "Feature", "geometry": {"type": "LineString", "coordinates": [[90.43284032880047, 66.6880037348464], [90.43502623848946, 66.6994787650804]]}, "properties": {"source": "25325863", "target": "25214526"}}, {"type": "Feature", "geometry": {"type": "LineString", "coordinates": [[90.46024172004041, 66.6947520537911], [90.44667803440018, 66.68826517857666]]}, "properties": {"source": "25234447", "target": "25325975"}}, {"type": "Feature", "geometry": {"type": "LineString", "coordinates": [[90.43153088076218, 66.68722583344912], [90.46984284875089, 66.6906851748807]]}, "properties": {"source": "25181433", "target": "25161066"}}, {"type": "Feature", "geometry": {"type": "LineString", "coordinates": [[90.43153088076218, 66.68722583344912], [90.46390312263117, 66.69350298788424]]}, "properties": {"source": "25181433", "target": "25119026"}}, {"type": "Feature", "geometry": {"type": "LineString", "coordinates": [[90.43153088076218, 66.68722583344912], [90.46862843295264, 66.68953857181364]]}, "properties": {"source": "25181433", "target": "25112675"}}, {"type": "Feature", "geometry": {"type": "LineString", "coordinates": [[90.43153088076218, 66.68722583344912], [90.45574772343315, 66.69085192166635]]}, "properties": {"source": "25181433", "target": "25126669"}}, {"type": "Feature", "geometry": {"type": "LineString", "coordinates": [[90.43153088076218, 66.68722583344912], [90.43123937132816, 66.68972709478301]]}, "properties": {"source": "25181433", "target": "25126788"}}, {"type": "Feature", "geometry": {"type": "LineString", "coordinates": [[90.43153088076218, 66.68722583344912], [90.45957359313223, 66.69331398691266]]}, "properties": {"source": "25181433", "target": "25126743"}}, {"type": "Feature", "geometry": {"type": "LineString", "coordinates": [[90.43153088076218, 66.68722583344912], [90.4640670533974, 66.69898564499772]]}, "properties": {"source": "25181433", "target": "25173770"}}, {"type": "Feature", "geometry": {"type": "LineString", "coordinates": [[90.43153088076218, 66.68722583344912], [90.429688828277, 66.68714684110773]]}, "properties": {"source": "25181433", "target": "25173622"}}, {"type": "Feature", "geometry": {"type": "LineString", "coordinates": [[90.43153088076218, 66.68722583344912], [90.4394589197156, 66.68747476340394]]}, "properties": {"source": "25181433", "target": "25173661"}}, {"type": "Feature", "geometry": {"type": "LineString", "coordinates": [[90.43153088076218, 66.68722583344912], [90.45261533299634, 66.6952151074734]]}, "properties": {"source": "25181433", "target": "25180469"}}, {"type": "Feature", "geometry": {"type": "LineString", "coordinates": [[90.43153088076218, 66.68722583344912], [90.45291890578301, 66.68849643420242]]}, "properties": {"source": "25181433", "target": "25214554"}}, {"type": "Feature", "geometry": {"type": "LineString", "coordinates": [[90.43153088076218, 66.68722583344912], [90.46564766960813, 66.68686851949883]]}, "properties": {"source": "25181433", "target": "25228083"}}, {"type": "Feature", "geometry": {"type": "LineString", "coordinates": [[90.43153088076218, 66.68722583344912], [90.43502623848946, 66.6994787650804]]}, "properties": {"source": "25181433", "target": "25214526"}}, {"type": "Feature", "geometry": {"type": "LineString", "coordinates": [[90.43153088076218, 66.68722583344912], [90.45881671091058, 66.69790836305755]]}, "properties": {"source": "25181433", "target": "25207530"}}, {"type": "Feature", "geometry": {"type": "LineString", "coordinates": [[90.44969281000135, 66.69800249989952], [90.43630896120129, 66.69026043186402]]}, "properties": {"source": "881779", "target": "881985"}}, {"type": "Feature", "geometry": {"type": "LineString", "coordinates": [[90.45922443398564, 66.68778003230295], [90.44715125766578, 66.68993732279108]]}, "properties": {"source": "6511527", "target": "76305"}}, {"type": "Feature", "geometry": {"type": "LineString", "coordinates": [[90.44412771956598, 66.69851924437715], [90.4584469416385, 66.69238440589925]]}, "properties": {"source": "33987583", "target": "8341199"}}, {"type": "Feature", "geometry": {"type": "LineString", "coordinates": [[90.44412771956598, 66.69851924437715], [90.45613152906708, 66.69541872415644]]}, "properties": {"source": "33987583", "target": "35896515"}}, {"type": "Feature", "geometry": {"type": "LineString", "coordinates": [[90.44412771956598, 66.69851924437715], [90.45863809786613, 66.68866196309934]]}, "properties": {"source": "33987583", "target": "29603246"}}, {"type": "Feature", "geometry": {"type": "LineString", "coordinates": [[90.44412771956598, 66.69851924437715], [90.45466389759133, 66.69864944141491]]}, "properties": {"source": "33987583", "target": "29383080"}}, {"type": "Feature", "geometry": {"type": "LineString", "coordinates": [[90.44453321150417, 66.68749308648185], [90.46317837360147, 66.68961905528273]]}, "properties": {"source": "19211096", "target": "18857780"}}, {"type": "Feature", "geometry": {"type": "LineString", "coordinates": [[90.44453321150417, 66.68749308648185], [90.43628461889375, 66.6993770598995]]}, "properties": {"source": "19211096", "target": "21842357"}}, {"type": "Feature", "geometry": {"type": "LineString", "coordinates": [[90.44453321150417, 66.68749308648185], [90.43903289313045, 66.69659745178998]]}, "properties": {"source": "19211096", "target": "18654754"}}, {"type": "Feature", "geometry": {"type": "LineString", "coordinates": [[90.44453321150417, 66.68749308648185], [90.45840878470591, 66.69147514283695]]}, "properties": {"source": "19211096", "target": "31547953"}}, {"type": "Feature", "geometry": {"type": "LineString", "coordinates": [[90.45991153915679, 66.69721527092086], [90.45280341175584, 66.69912992311046]]}, "properties": {"source": "6636423", "target": "6946328"}}, {"type": "Feature", "geometry": {"type": "LineString", "coordinates": [[90.45991153915679, 66.69721527092086], [90.44715125766578, 66.68993732279108]]}, "properties": {"source": "6636423", "target": "76305"}}, {"type": "Feature", "geometry": {"type": "LineString", "coordinates": [[90.46885035824903, 66.68837619141208], [90.469675595497, 66.6928581209341]]}, "properties": {"source": "1177155", "target": "25022802"}}, {"type": "Feature", "geometry": {"type": "LineString", "coordinates": [[90.4552507846426, 66.6948952889354], [90.4350537158549, 66.68734788287132]]}, "properties": {"source": "981926", "target": "9282410"}}, {"type": "Feature", "geometry": {"type": "LineString", "coordinates": [[90.4552507846426, 66.6948952889354], [90.43646580937133, 66.68697540073147]]}, "properties": {"source": "981926", "target": "8878907"}}, {"type": "Feature", "geometry": {"type": "LineString", "coordinates": [[90.4552507846426, 66.6948952889354], [90.4593725565432, 66.69633112724979]]}, "properties": {"source": "981926", "target": "9138275"}}, {"type": "Feature", "geometry": {"type": "LineString", "coordinates": [[90.44800323274342, 66.68908140897499], [90.44515960202466, 66.69985669536116]]}, "properties": {"source": "24986501", "target": "2165207"}}, {"type": "Feature", "geometry": {"type": "LineString", "coordinates": [[90.44800323274342, 66.68908140897499], [90.46774673442025, 66.69239542026965]]}, "properties": {"source": "24986501", "target": "19356251"}}, {"type": "Feature", "geometry": {"type": "LineString", "coordinates": [[90.44800323274342, 66.68908140897499], [90.46225374098401, 66.69311270633769]]}, "properties": {"source": "24986501", "target": "19213261"}}, {"type": "Feature", "geometry": {"type": "LineString", "coordinates": [[90.44800323274342, 66.68908140897499], [90.4417730089861, 66.69348537952254]]}, "properties": {"source": "24986501", "target": "1919723"}}, {"type": "Feature", "geometry": {"type": "LineString", "coordinates": [[90.44800323274342, 66.68908140897499], [90.4370180338301, 66.69556036298322]]}, "properties": {"source": "24986501", "target": "22821615"}}, {"type": "Feature", "geometry": {"type": "LineString", "coordinates": [[90.44800323274342, 66.68908140897499], [90.43118506753677, 66.69433385521457]]}, "properties": {"source": "24986501", "target": "24682070"}}, {"type": "Feature", "geometry": {"type": "LineString", "coordinates": [[90.44800323274342, 66.68908140897499], [90.45096751858233, 66.69089370656754]]}, "properties": {"source": "24986501", "target": "24962319"}}, {"type": "Feature", "geometry": {"type": "LineString", "coordinates": [[90.44800323274342, 66.68908140897499], [90.44934965991877, 66.6907026191966]]}, "properties": {"source": "24986501", "target": "25000441"}}, {"type": "Feature", "geometry": {"type": "LineString", "coordinates": [[90.44800323274342, 66.68908140897499], [90.43588826769951, 66.69746636900433]]}, "properties": {"source": "24986501", "target": "24970020"}}, {"type": "Feature", "geometry": {"type": "LineString", "coordinates": [[90.44800323274342, 66.68908140897499], [90.42984189220647, 66.69027710068023]]}, "properties": {"source": "24986501", "target": "24718286"}}, {"type": "Feature", "geometry": {"type": "LineString", "coordinates": [[90.44800323274342, 66.68908140897499], [90.44072924030559, 66.69062192633527]]}, "properties": {"source": "24986501", "target": "25000606"}}, {"type": "Feature", "geometry": {"type": "LineString", "coordinates": [[90.44800323274342, 66.68908140897499], [90.46012949241015, 66.69230263211331]]}, "properties": {"source": "24986501", "target": "25008053"}}, {"type": "Feature", "geometry": {"type": "LineString", "coordinates": [[90.44800323274342, 66.68908140897499], [90.46978188400743, 66.69710832183763]]}, "properties": {"source": "24986501", "target": "25015547"}}, {"type": "Feature", "geometry": {"type": "LineString", "coordinates": [[90.44800323274342, 66.68908140897499], [90.4539584549729, 66.68907428030313]]}, "properties": {"source": "24986501", "target": "25022962"}}, {"type": "Feature", "geometry": {"type": "LineString", "coordinates": [[90.44800323274342, 66.68908140897499], [90.46036956821382, 66.6918102368064]]}, "properties": {"source": "24986501", "target": "25015644"}}, {"type": "Feature", "geometry": {"type": "LineString", "coordinates": [[90.44800323274342, 66.68908140897499], [90.44358477938312, 66.69604559823162]]}, "properties": {"source": "24986501", "target": "25008258"}}, {"type": "Feature", "geometry": {"type": "LineString", "coordinates": [[90.452062265025, 66.69060160734347], [90.44538270229293, 66.69510548775906]]}, "properties": {"source": "19339935", "target": "1870773"}}, {"type": "Feature", "geometry": {"type": "LineString", "coordinates": [[90.43422081492065, 66.69895801395181], [90.46462729492674, 66.69654750647918]]}, "properties": {"source": "31673670", "target": "6489894"}}, {"type": "Feature", "geometry": {"type": "LineString", "coordinates": [[90.43422081492065, 66.69895801395181], [90.43167983540627, 66.68946652432749]]}, "properties": {"source": "31673670", "target": "32068760"}}, {"type": "Feature", "geometry": {"type": "LineString", "coordinates": [[90.43422081492065, 66.69895801395181], [90.43050909820221, 66.69204524546755]]}, "properties": {"source": "31673670", "target": "30839987"}}, {"type": "Feature", "geometry": {"type": "LineString", "coordinates": [[90.43422081492065, 66.69895801395181], [90.46009199339545, 66.68839724223253]]}, "properties": {"source": "31673670", "target": "4275596"}}, {"type": "Feature", "geometry": {"type": "LineString", "coordinates": [[90.43422081492065, 66.69895801395181], [90.43328763857511, 66.69636956938137]]}, "properties": {"source": "31673670", "target": "5111471"}}, {"type": "Feature", "geometry": {"type": "LineString", "coordinates": [[90.43422081492065, 66.69895801395181], [90.4625649309325, 66.69709089656]]}, "properties": {"source": "31673670", "target": "29890009"}}, {"type": "Feature", "geometry": {"type": "LineString", "coordinates": [[90.43422081492065, 66.69895801395181], [90.4671972349501, 66.69078127438497]]}, "properties": {"source": "31673670", "target": "29346292"}}, {"type": "Feature", "geometry": {"type": "LineString", "coordinates": [[90.43422081492065, 66.69895801395181], [90.4312034405732, 66.68711536264016]]}, "properties": {"source": "31673670", "target": "27839901"}}, {"type": "Feature", "geometry": {"type": "LineString", "coordinates": [[90.43422081492065, 66.69895801395181], [90.46272243014681, 66.69425000044916]]}, "properties": {"source": "31673670", "target": "26882304"}}, {"type": "Feature", "geometry": {"type": "LineString", "coordinates": [[90.43422081492065, 66.69895801395181], [90.44764749051757, 66.69781623461462]]}, "properties": {"source": "31673670", "target": "25483722"}}, {"type": "Feature", "geometry": {"type": "LineString", "coordinates": [[90.43422081492065, 66.69895801395181], [90.4672125087734, 66.69624955262556]]}, "properties": {"source": "31673670", "target": "25393826"}}, {"type": "Feature", "geometry": {"type": "LineString", "coordinates": [[90.43422081492065, 66.69895801395181], [90.4618489819344, 66.69680438091972]]}, "properties": {"source": "31673670", "target": "8044278"}}, {"type": "Feature", "geometry": {"type": "LineString", "coordinates": [[90.43422081492065, 66.69895801395181], [90.4560238863354, 66.69453884429274]]}, "properties": {"source": "31673670", "target": "31225450"}}, {"type": "Feature", "geometry": {"type": "LineString", "coordinates": [[90.43422081492065, 66.69895801395181], [90.44266138973546, 66.6923983475973]]}, "properties": {"source": "31673670", "target": "856474"}}, {"type": "Feature", "geometry": {"type": "LineString", "coordinates": [[90.43422081492065, 66.69895801395181], [90.43270090946191, 66.69713021364302]]}, "properties": {"source": "31673670", "target": "34608908"}}, {"type": "Feature", "geometry": {"type": "LineString", "coordinates": [[90.44538270229293, 66.69510548775906], [90.459170762761, 66.69237024200149]]}, "properties": {"source": "1870773", "target": "1798619"}}, {"type": "Feature", "geometry": {"type": "LineString", "coordinates": [[90.45436455153623, 66.6935502526424], [90.46009199339545, 66.68839724223253]]}, "properties": {"source": "7153686", "target": "4275596"}}, {"type": "Feature", "geometry": {"type": "LineString", "coordinates": [[90.45436455153623, 66.6935502526424], [90.43328763857511, 66.69636956938137]]}, "properties": {"source": "7153686", "target": "5111471"}}, {"type": "Feature", "geometry": {"type": "LineString", "coordinates": [[90.45436455153623, 66.6935502526424], [90.4584469416385, 66.69238440589925]]}, "properties": {"source": "7153686", "target": "8341199"}}, {"type": "Feature", "geometry": {"type": "LineString", "coordinates": [[90.45436455153623, 66.6935502526424], [90.4618489819344, 66.69680438091972]]}, "properties": {"source": "7153686", "target": "8044278"}}, {"type": "Feature", "geometry": {"type": "LineString", "coordinates": [[90.45436455153623, 66.6935502526424], [90.45208658311714, 66.69374228749449]]}, "properties": {"source": "7153686", "target": "856544"}}, {"type": "Feature", "geometry": {"type": "LineString", "coordinates": [[90.45436455153623, 66.6935502526424], [90.43386408643141, 66.69386877406532]]}, "properties": {"source": "7153686", "target": "966996"}}, {"type": "Feature", "geometry": {"type": "LineString", "coordinates": [[90.45436455153623, 66.6935502526424], [90.43381075016435, 66.69248943430215]]}, "properties": {"source": "7153686", "target": "4480223"}}, {"type": "Feature", "geometry": {"type": "LineString", "coordinates": [[90.44227221223258, 66.69763079869546], [90.43964275710186, 66.69709654097352]]}, "properties": {"source": "17644654", "target": "20804484"}}, {"type": "Feature", "geometry": {"type": "LineString", "coordinates": [[90.44227221223258, 66.69763079869546], [90.46774673442025, 66.69239542026965]]}, "properties": {"source": "17644654", "target": "19356251"}}, {"type": "Feature", "geometry": {"type": "LineString", "coordinates": [[90.44227221223258, 66.69763079869546], [90.4417730089861, 66.69348537952254]]}, "properties": {"source": "17644654", "target": "1919723"}}, {"type": "Feature", "geometry": {"type": "LineString", "coordinates": [[90.44227221223258, 66.69763079869546], [90.44482632493953, 66.69140111180238]]}, "properties": {"source": "17644654", "target": "19053203"}}, {"type": "Feature", "geometry": {"type": "LineString", "coordinates": [[90.44227221223258, 66.69763079869546], [90.46456246389931, 66.69445260169009]]}, "properties": {"source": "17644654", "target": "18130160"}}, {"type": "Feature", "geometry": {"type": "LineString", "coordinates": [[90.44227221223258, 66.69763079869546], [90.43583899461959, 66.69127676108772]]}, "properties": {"source": "17644654", "target": "17345756"}}, {"type": "Feature", "geometry": {"type": "LineString", "coordinates": [[90.44227221223258, 66.69763079869546], [90.46894694080487, 66.68821180490006]]}, "properties": {"source": "17644654", "target": "1741372"}}, {"type": "Feature", "geometry": {"type": "LineString", "coordinates": [[90.44227221223258, 66.69763079869546], [90.452062265025, 66.69060160734347]]}, "properties": {"source": "17644654", "target": "19339935"}}, {"type": "Feature", "geometry": {"type": "LineString", "coordinates": [[90.44227221223258, 66.69763079869546], [90.44445412805283, 66.6925224801898]]}, "properties": {"source": "17644654", "target": "17702304"}}, {"type": "Feature", "geometry": {"type": "LineString", "coordinates": [[90.46260270487574, 66.69536693105871], [90.43422081492065, 66.69895801395181]]}, "properties": {"source": "7992229", "target": "31673670"}}, {"type": "Feature", "geometry": {"type": "LineString", "coordinates": [[90.46260270487574, 66.69536693105871], [90.46462729492674, 66.69654750647918]]}, "properties": {"source": "7992229", "target": "6489894"}}, {"type": "Feature", "geometry": {"type": "LineString", "coordinates": [[90.46260270487574, 66.69536693105871], [90.43167983540627, 66.68946652432749]]}, "properties": {"source": "7992229", "target": "32068760"}}, {"type": "Feature", "geometry": {"type": "LineString", "coordinates": [[90.46260270487574, 66.69536693105871], [90.45597777628308, 66.69294229410897]]}, "properties": {"source": "7992229", "target": "6569328"}}, {"type": "Feature", "geometry": {"type": "LineString", "coordinates": [[90.46260270487574, 66.69536693105871], [90.43050909820221, 66.69204524546755]]}, "properties": {"source": "7992229", "target": "30839987"}}, {"type": "Feature", "geometry": {"type": "LineString", "coordinates": [[90.46260270487574, 66.69536693105871], [90.46009199339545, 66.68839724223253]]}, "properties": {"source": "7992229", "target": "4275596"}}, {"type": "Feature", "geometry": {"type": "LineString", "coordinates": [[90.46260270487574, 66.69536693105871], [90.43328763857511, 66.69636956938137]]}, "properties": {"source": "7992229", "target": "5111471"}}, {"type": "Feature", "geometry": {"type": "LineString", "coordinates": [[90.46260270487574, 66.69536693105871], [90.4584469416385, 66.69238440589925]]}, "properties": {"source": "7992229", "target": "8341199"}}, {"type": "Feature", "geometry": {"type": "LineString", "coordinates": [[90.46260270487574, 66.69536693105871], [90.4618489819344, 66.69680438091972]]}, "properties": {"source": "7992229", "target": "8044278"}}, {"type": "Feature", "geometry": {"type": "LineString", "coordinates": [[90.46260270487574, 66.69536693105871], [90.4560238863354, 66.69453884429274]]}, "properties": {"source": "7992229", "target": "31225450"}}, {"type": "Feature", "geometry": {"type": "LineString", "coordinates": [[90.46260270487574, 66.69536693105871], [90.44266138973546, 66.6923983475973]]}, "properties": {"source": "7992229", "target": "856474"}}, {"type": "Feature", "geometry": {"type": "LineString", "coordinates": [[90.46260270487574, 66.69536693105871], [90.43270090946191, 66.69713021364302]]}, "properties": {"source": "7992229", "target": "34608908"}}, {"type": "Feature", "geometry": {"type": "LineString", "coordinates": [[90.46260270487574, 66.69536693105871], [90.43879643169896, 66.68995087719891]]}, "properties": {"source": "7992229", "target": "5123374"}}, {"type": "Feature", "geometry": {"type": "LineString", "coordinates": [[90.46260270487574, 66.69536693105871], [90.44067915554484, 66.69792906665016]]}, "properties": {"source": "7992229", "target": "6605111"}}, {"type": "Feature", "geometry": {"type": "LineString", "coordinates": [[90.46260270487574, 66.69536693105871], [90.45436455153623, 66.6935502526424]]}, "properties": {"source": "7992229", "target": "7153686"}}, {"type": "Feature", "geometry": {"type": "LineString", "coordinates": [[90.43964275710186, 66.69709654097352], [90.44866452634687, 66.6948632601366]]}, "properties": {"source": "20804484", "target": "16046854"}}, {"type": "Feature", "geometry": {"type": "LineString", "coordinates": [[90.46225374098401, 66.69311270633769], [90.44934965991877, 66.6907026191966]]}, "properties": {"source": "19213261", "target": "25000441"}}, {"type": "Feature", "geometry": {"type": "LineString", "coordinates": [[90.46225374098401, 66.69311270633769], [90.43588826769951, 66.69746636900433]]}, "properties": {"source": "19213261", "target": "24970020"}}, {"type": "Feature", "geometry": {"type": "LineString", "coordinates": [[90.46225374098401, 66.69311270633769], [90.42984189220647, 66.69027710068023]]}, "properties": {"source": "19213261", "target": "24718286"}}, {"type": "Feature", "geometry": {"type": "LineString", "coordinates": [[90.46225374098401, 66.69311270633769], [90.44645304892134, 66.6921748863059]]}, "properties": {"source": "19213261", "target": "1518746"}}, {"type": "Feature", "geometry": {"type": "LineString", "coordinates": [[90.46225374098401, 66.69311270633769], [90.45805496073052, 66.69912699505244]]}, "properties": {"source": "19213261", "target": "1421558"}}, {"type": "Feature", "geometry": {"type": "LineString", "coordinates": [[90.46225374098401, 66.69311270633769], [90.44227221223258, 66.69763079869546]]}, "properties": {"source": "19213261", "target": "17644654"}}, {"type": "Feature", "geometry": {"type": "LineString", "coordinates": [[90.46225374098401, 66.69311270633769], [90.44538270229293, 66.69510548775906]]}, "properties": {"source": "19213261", "target": "1870773"}}, {"type": "Feature", "geometry": {"type": "LineString", "coordinates": [[90.46225374098401, 66.69311270633769], [90.43583899461959, 66.69127676108772]]}, "properties": {"source": "19213261", "target": "17345756"}}, {"type": "Feature", "geometry": {"type": "LineString", "coordinates": [[90.46225374098401, 66.69311270633769], [90.4427602099484, 66.69583655194496]]}, "properties": {"source": "19213261", "target": "19004499"}}, {"type": "Feature", "geometry": {"type": "LineString", "coordinates": [[90.46225374098401, 66.69311270633769], [90.44560815030087, 66.69403664297441]]}, "properties": {"source": "19213261", "target": "1465665"}}, {"type": "Feature", "geometry": {"type": "LineString", "coordinates": [[90.46225374098401, 66.69311270633769], [90.45112240481154, 66.69963467137512]]}, "properties": {"source": "19213261", "target": "1213632"}}, {"type": "Feature", "geometry": {"type": "LineString", "coordinates": [[90.46225374098401, 66.69311270633769], [90.45972004048343, 66.68887388030903]]}, "properties": {"source": "19213261", "target": "16007898"}}, {"type": "Feature", "geometry": {"type": "LineString", "coordinates": [[90.46225374098401, 66.69311270633769], [90.44636990213786, 66.69143485860415]]}, "properties": {"source": "19213261", "target": "15718204"}}, {"type": "Feature", "geometry": {"type": "LineString", "coordinates": [[90.46225374098401, 66.69311270633769], [90.43421040646786, 66.69317828649685]]}, "properties": {"source": "19213261", "target": "1509566"}}, {"type": "Feature", "geometry": {"type": "LineString", "coordinates": [[90.46225374098401, 66.69311270633769], [90.46894694080487, 66.68821180490006]]}, "properties": {"source": "19213261", "target": "1741372"}}, {"type": "Feature", "geometry": {"type": "LineString", "coordinates": [[90.4370180338301, 66.69556036298322], [90.46199777314825, 66.69465436423786]]}, "properties": {"source": "22821615", "target": "2072722"}}, {"type": "Feature", "geometry": {"type": "LineString", "coordinates": [[90.4370180338301, 66.69556036298322], [90.43964275710186, 66.69709654097352]]}, "properties": {"source": "22821615", "target": "20804484"}}, {"type": "Feature", "geometry": {"type": "LineString", "coordinates": [[90.4370180338301, 66.69556036298322], [90.46774673442025, 66.69239542026965]]}, "properties": {"source": "22821615", "target": "19356251"}}, {"type": "Feature", "geometry": {"type": "LineString", "coordinates": [[90.4370180338301, 66.69556036298322], [90.4417730089861, 66.69348537952254]]}, "properties": {"source": "22821615", "target": "1919723"}}, {"type": "Feature", "geometry": {"type": "LineString", "coordinates": [[90.4370180338301, 66.69556036298322], [90.44482632493953, 66.69140111180238]]}, "properties": {"source": "22821615", "target": "19053203"}}, {"type": "Feature", "geometry": {"type": "LineString", "coordinates": [[90.4370180338301, 66.69556036298322], [90.46456246389931, 66.69445260169009]]}, "properties": {"source": "22821615", "target": "18130160"}}, {"type": "Feature", "geometry": {"type": "LineString", "coordinates": [[90.4370180338301, 66.69556036298322], [90.43118506753677, 66.69433385521457]]}, "properties": {"source": "22821615", "target": "24682070"}}, {"type": "Feature", "geometry": {"type": "LineString", "coordinates": [[90.4370180338301, 66.69556036298322], [90.45096751858233, 66.69089370656754]]}, "properties": {"source": "22821615", "target": "24962319"}}, {"type": "Feature", "geometry": {"type": "LineString", "coordinates": [[90.4370180338301, 66.69556036298322], [90.44934965991877, 66.6907026191966]]}, "properties": {"source": "22821615", "target": "25000441"}}, {"type": "Feature", "geometry": {"type": "LineString", "coordinates": [[90.4370180338301, 66.69556036298322], [90.43588826769951, 66.69746636900433]]}, "properties": {"source": "22821615", "target": "24970020"}}, {"type": "Feature", "geometry": {"type": "LineString", "coordinates": [[90.4370180338301, 66.69556036298322], [90.42984189220647, 66.69027710068023]]}, "properties": {"source": "22821615", "target": "24718286"}}, {"type": "Feature", "geometry": {"type": "LineString", "coordinates": [[90.4370180338301, 66.69556036298322], [90.44072924030559, 66.69062192633527]]}, "properties": {"source": "22821615", "target": "25000606"}}, {"type": "Feature", "geometry": {"type": "LineString", "coordinates": [[90.4370180338301, 66.69556036298322], [90.46012949241015, 66.69230263211331]]}, "properties": {"source": "22821615", "target": "25008053"}}, {"type": "Feature", "geometry": {"type": "LineString", "coordinates": [[90.4370180338301, 66.69556036298322], [90.46978188400743, 66.69710832183763]]}, "properties": {"source": "22821615", "target": "25015547"}}, {"type": "Feature", "geometry": {"type": "LineString", "coordinates": [[90.4370180338301, 66.69556036298322], [90.46894694080487, 66.68821180490006]]}, "properties": {"source": "22821615", "target": "1741372"}}, {"type": "Feature", "geometry": {"type": "LineString", "coordinates": [[90.4370180338301, 66.69556036298322], [90.44358477938312, 66.69604559823162]]}, "properties": {"source": "22821615", "target": "25008258"}}, {"type": "Feature", "geometry": {"type": "LineString", "coordinates": [[90.46036956821382, 66.6918102368064], [90.45294613656102, 66.68865663814984]]}, "properties": {"source": "25015644", "target": "24787465"}}, {"type": "Feature", "geometry": {"type": "LineString", "coordinates": [[90.46407230486187, 66.6981870174208], [90.44199973975805, 66.69668976391812]]}, "properties": {"source": "8522911", "target": "9398639"}}, {"type": "Feature", "geometry": {"type": "LineString", "coordinates": [[90.46407230486187, 66.6981870174208], [90.43630896120129, 66.69026043186402]]}, "properties": {"source": "8522911", "target": "881985"}}, {"type": "Feature", "geometry": {"type": "LineString", "coordinates": [[90.46407230486187, 66.6981870174208], [90.4552507846426, 66.6948952889354]]}, "properties": {"source": "8522911", "target": "981926"}}, {"type": "Feature", "geometry": {"type": "LineString", "coordinates": [[90.46407230486187, 66.6981870174208], [90.45280341175584, 66.69912992311046]]}, "properties": {"source": "8522911", "target": "6946328"}}, {"type": "Feature", "geometry": {"type": "LineString", "coordinates": [[90.46407230486187, 66.6981870174208], [90.45563844898794, 66.69484250389502]]}, "properties": {"source": "8522911", "target": "703300"}}, {"type": "Feature", "geometry": {"type": "LineString", "coordinates": [[90.46407230486187, 66.6981870174208], [90.44148482398816, 66.68695652400416]]}, "properties": {"source": "8522911", "target": "877250"}}, {"type": "Feature", "geometry": {"type": "LineString", "coordinates": [[90.46407230486187, 66.6981870174208], [90.43112445928364, 66.6880069376551]]}, "properties": {"source": "8522911", "target": "9702702"}}, {"type": "Feature", "geometry": {"type": "LineString", "coordinates": [[90.44538270229293, 66.69510548775906], [90.43964275710186, 66.69709654097352]]}, "properties": {"source": "1870773", "target": "20804484"}}, {"type": "Feature", "geometry": {"type": "LineString", "coordinates": [[90.44538270229293, 66.69510548775906], [90.46774673442025, 66.69239542026965]]}, "properties": {"source": "1870773", "target": "19356251"}}, {"type": "Feature", "geometry": {"type": "LineString", "coordinates": [[90.44538270229293, 66.69510548775906], [90.4417730089861, 66.69348537952254]]}, "properties": {"source": "1870773", "target": "1919723"}}, {"type": "Feature", "geometry": {"type": "LineString", "coordinates": [[90.44538270229293, 66.69510548775906], [90.44482632493953, 66.69140111180238]]}, "properties": {"source": "1870773", "target": "19053203"}}, {"type": "Feature", "geometry": {"type": "LineString", "coordinates": [[90.44538270229293, 66.69510548775906], [90.46456246389931, 66.69445260169009]]}, "properties": {"source": "1870773", "target": "18130160"}}, {"type": "Feature", "geometry": {"type": "LineString", "coordinates": [[90.44538270229293, 66.69510548775906], [90.43118506753677, 66.69433385521457]]}, "properties": {"source": "1870773", "target": "24682070"}}, {"type": "Feature", "geometry": {"type": "LineString", "coordinates": [[90.44538270229293, 66.69510548775906], [90.43611552866525, 66.69766539566324]]}, "properties": {"source": "1870773", "target": "18216961"}}, {"type": "Feature", "geometry": {"type": "LineString", "coordinates": [[90.46407230486187, 66.6981870174208], [90.44969281000135, 66.69800249989952]]}, "properties": {"source": "8522911", "target": "881779"}}, {"type": "Feature", "geometry": {"type": "LineString", "coordinates": [[90.45574772343315, 66.69085192166635], [90.44303856569246, 66.68879901119176]]}, "properties": {"source": "25126669", "target": "25181742"}}, {"type": "Feature", "geometry": {"type": "LineString", "coordinates": [[90.44849469708942, 66.69364251484983], [90.44934965991877, 66.6907026191966]]}, "properties": {"source": "2479747", "target": "25000441"}}, {"type": "Feature", "geometry": {"type": "LineString", "coordinates": [[90.44849469708942, 66.69364251484983], [90.43588826769951, 66.69746636900433]]}, "properties": {"source": "2479747", "target": "24970020"}}, {"type": "Feature", "geometry": {"type": "LineString", "coordinates": [[90.44849469708942, 66.69364251484983], [90.44072924030559, 66.69062192633527]]}, "properties": {"source": "2479747", "target": "25000606"}}, {"type": "Feature", "geometry": {"type": "LineString", "coordinates": [[90.44849469708942, 66.69364251484983], [90.46012949241015, 66.69230263211331]]}, "properties": {"source": "2479747", "target": "25008053"}}, {"type": "Feature", "geometry": {"type": "LineString", "coordinates": [[90.44849469708942, 66.69364251484983], [90.46978188400743, 66.69710832183763]]}, "properties": {"source": "2479747", "target": "25015547"}}, {"type": "Feature", "geometry": {"type": "LineString", "coordinates": [[90.44849469708942, 66.69364251484983], [90.4539584549729, 66.68907428030313]]}, "properties": {"source": "2479747", "target": "25022962"}}, {"type": "Feature", "geometry": {"type": "LineString", "coordinates": [[90.44849469708942, 66.69364251484983], [90.46036956821382, 66.6918102368064]]}, "properties": {"source": "2479747", "target": "25015644"}}, {"type": "Feature", "geometry": {"type": "LineString", "coordinates": [[90.42950455031132, 66.68774417390232], [90.43422081492065, 66.69895801395181]]}, "properties": {"source": "25551505", "target": "31673670"}}, {"type": "Feature", "geometry": {"type": "LineString", "coordinates": [[90.42950455031132, 66.68774417390232], [90.43167983540627, 66.68946652432749]]}, "properties": {"source": "25551505", "target": "32068760"}}, {"type": "Feature", "geometry": {"type": "LineString", "coordinates": [[90.42950455031132, 66.68774417390232], [90.43050909820221, 66.69204524546755]]}, "properties": {"source": "25551505", "target": "30839987"}}, {"type": "Feature", "geometry": {"type": "LineString", "coordinates": [[90.42950455031132, 66.68774417390232], [90.46009199339545, 66.68839724223253]]}, "properties": {"source": "25551505", "target": "4275596"}}, {"type": "Feature", "geometry": {"type": "LineString", "coordinates": [[90.42950455031132, 66.68774417390232], [90.44373391828645, 66.68936459379533]]}, "properties": {"source": "25551505", "target": "29977932"}}, {"type": "Feature", "geometry": {"type": "LineString", "coordinates": [[90.42950455031132, 66.68774417390232], [90.4625649309325, 66.69709089656]]}, "properties": {"source": "25551505", "target": "29890009"}}, {"type": "Feature", "geometry": {"type": "LineString", "coordinates": [[90.42950455031132, 66.68774417390232], [90.42934312774508, 66.69677689593242]]}, "properties": {"source": "25551505", "target": "28448436"}}, {"type": "Feature", "geometry": {"type": "LineString", "coordinates": [[90.44849469708942, 66.69364251484983], [90.44358477938312, 66.69604559823162]]}, "properties": {"source": "2479747", "target": "25008258"}}, {"type": "Feature", "geometry": {"type": "LineString", "coordinates": [[90.43328763857511, 66.69636956938137], [90.43381075016435, 66.69248943430215]]}, "properties": {"source": "5111471", "target": "4480223"}}, {"type": "Feature", "geometry": {"type": "LineString", "coordinates": [[90.4539584549729, 66.68907428030313], [90.43588826769951, 66.69746636900433]]}, "properties": {"source": "25022962", "target": "24970020"}}, {"type": "Feature", "geometry": {"type": "LineString", "coordinates": [[90.4539584549729, 66.68907428030313], [90.42984189220647, 66.69027710068023]]}, "properties": {"source": "25022962", "target": "24718286"}}, {"type": "Feature", "geometry": {"type": "LineString", "coordinates": [[90.4539584549729, 66.68907428030313], [90.44072924030559, 66.69062192633527]]}, "properties": {"source": "25022962", "target": "25000606"}}, {"type": "Feature", "geometry": {"type": "LineString", "coordinates": [[90.4539584549729, 66.68907428030313], [90.46012949241015, 66.69230263211331]]}, "properties": {"source": "25022962", "target": "25008053"}}, {"type": "Feature", "geometry": {"type": "LineString", "coordinates": [[90.4539584549729, 66.68907428030313], [90.46978188400743, 66.69710832183763]]}, "properties": {"source": "25022962", "target": "25015547"}}, {"type": "Feature", "geometry": {"type": "LineString", "coordinates": [[90.4539584549729, 66.68907428030313], [90.46036956821382, 66.6918102368064]]}, "properties": {"source": "25022962", "target": "25015644"}}, {"type": "Feature", "geometry": {"type": "LineString", "coordinates": [[90.4539584549729, 66.68907428030313], [90.46390312263117, 66.69350298788424]]}, "properties": {"source": "25022962", "target": "25119026"}}, {"type": "Feature", "geometry": {"type": "LineString", "coordinates": [[90.4539584549729, 66.68907428030313], [90.45381456791927, 66.68976863055023]]}, "properties": {"source": "25022962", "target": "25046368"}}, {"type": "Feature", "geometry": {"type": "LineString", "coordinates": [[90.4539584549729, 66.68907428030313], [90.46862843295264, 66.68953857181364]]}, "properties": {"source": "25022962", "target": "25112675"}}, {"type": "Feature", "geometry": {"type": "LineString", "coordinates": [[90.4539584549729, 66.68907428030313], [90.45293811643046, 66.6919247680428]]}, "properties": {"source": "25022962", "target": "25053501"}}, {"type": "Feature", "geometry": {"type": "LineString", "coordinates": [[90.4539584549729, 66.68907428030313], [90.45574772343315, 66.69085192166635]]}, "properties": {"source": "25022962", "target": "25126669"}}, {"type": "Feature", "geometry": {"type": "LineString", "coordinates": [[90.4539584549729, 66.68907428030313], [90.45458107911753, 66.68986695341259]]}, "properties": {"source": "25022962", "target": "25067396"}}, {"type": "Feature", "geometry": {"type": "LineString", "coordinates": [[90.4539584549729, 66.68907428030313], [90.43123937132816, 66.68972709478301]]}, "properties": {"source": "25022962", "target": "25126788"}}, {"type": "Feature", "geometry": {"type": "LineString", "coordinates": [[90.4539584549729, 66.68907428030313], [90.45957359313223, 66.69331398691266]]}, "properties": {"source": "25022962", "target": "25126743"}}, {"type": "Feature", "geometry": {"type": "LineString", "coordinates": [[90.4539584549729, 66.68907428030313], [90.44358477938312, 66.69604559823162]]}, "properties": {"source": "25022962", "target": "25008258"}}, {"type": "Feature", "geometry": {"type": "LineString", "coordinates": [[90.42984189220647, 66.69027710068023], [90.45096751858233, 66.69089370656754]]}, "properties": {"source": "24718286", "target": "24962319"}}, {"type": "Feature", "geometry": {"type": "LineString", "coordinates": [[90.43284032880047, 66.6880037348464], [90.44925217370496, 66.69606962187675]]}, "properties": {"source": "25325863", "target": "25261522"}}, {"type": "Feature", "geometry": {"type": "LineString", "coordinates": [[90.43284032880047, 66.6880037348464], [90.4390544680237, 66.69308441355001]]}, "properties": {"source": "25325863", "target": "25221752"}}, {"type": "Feature", "geometry": {"type": "LineString", "coordinates": [[90.43284032880047, 66.6880037348464], [90.43183754010545, 66.69208886166399]]}, "properties": {"source": "25325863", "target": "25214424"}}, {"type": "Feature", "geometry": {"type": "LineString", "coordinates": [[90.43284032880047, 66.6880037348464], [90.44667803440018, 66.68826517857666]]}, "properties": {"source": "25325863", "target": "25325975"}}, {"type": "Feature", "geometry": {"type": "LineString", "coordinates": [[90.43502623848946, 66.6994787650804], [90.45261533299634, 66.6952151074734]]}, "properties": {"source": "25214526", "target": "25180469"}}, {"type": "Feature", "geometry": {"type": "LineString", "coordinates": [[90.43502623848946, 66.6994787650804], [90.44925217370496, 66.69606962187675]]}, "properties": {"source": "25214526", "target": "25261522"}}, {"type": "Feature", "geometry": {"type": "LineString", "coordinates": [[90.43502623848946, 66.6994787650804], [90.4390544680237, 66.69308441355001]]}, "properties": {"source": "25214526", "target": "25221752"}}, {"type": "Feature", "geometry": {"type": "LineString", "coordinates": [[90.43502623848946, 66.6994787650804], [90.43183754010545, 66.69208886166399]]}, "properties": {"source": "25214526", "target": "25214424"}}, {"type": "Feature", "geometry": {"type": "LineString", "coordinates": [[90.43502623848946, 66.6994787650804], [90.46740573208007, 66.69373576133688]]}, "properties": {"source": "25214526", "target": "25207637"}}, {"type": "Feature", "geometry": {"type": "LineString", "coordinates": [[90.43502623848946, 66.6994787650804], [90.46349873953517, 66.68914249581488]]}, "properties": {"source": "25214526", "target": "25207590"}}, {"type": "Feature", "geometry": {"type": "LineString", "coordinates": [[90.43502623848946, 66.6994787650804], [90.4522861384138, 66.6972220915947]]}, "properties": {"source": "25214526", "target": "25207487"}}, {"type": "Feature", "geometry": {"type": "LineString", "coordinates": [[90.43502623848946, 66.6994787650804], [90.44667803440018, 66.68826517857666]]}, "properties": {"source": "25214526", "target": "25325975"}}, {"type": "Feature", "geometry": {"type": "LineString", "coordinates": [[90.43502623848946, 66.6994787650804], [90.44303856569246, 66.68879901119176]]}, "properties": {"source": "25214526", "target": "25181742"}}, {"type": "Feature", "geometry": {"type": "LineString", "coordinates": [[90.43284032880047, 66.6880037348464], [90.45543930596034, 66.69012212504582]]}, "properties": {"source": "25325863", "target": "25228205"}}, {"type": "Feature", "geometry": {"type": "LineString", "coordinates": [[90.43502623848946, 66.6994787650804], [90.45543930596034, 66.69012212504582]]}, "properties": {"source": "25214526", "target": "25228205"}}, {"type": "Feature", "geometry": {"type": "LineString", "coordinates": [[90.43370857988799, 66.69738610766076], [90.4390544680237, 66.69308441355001]]}, "properties": {"source": "25267992", "target": "25221752"}}, {"type": "Feature", "geometry": {"type": "LineString", "coordinates": [[90.45240909764715, 66.69568806432632], [90.45381456791927, 66.68976863055023]]}, "properties": {"source": "24992330", "target": "25046368"}}, {"type": "Feature", "geometry": {"type": "LineString", "coordinates": [[90.45240909764715, 66.69568806432632], [90.45293811643046, 66.6919247680428]]}, "properties": {"source": "24992330", "target": "25053501"}}, {"type": "Feature", "geometry": {"type": "LineString", "coordinates": [[90.45240909764715, 66.69568806432632], [90.45458107911753, 66.68986695341259]]}, "properties": {"source": "24992330", "target": "25067396"}}, {"type": "Feature", "geometry": {"type": "LineString", "coordinates": [[90.44214134781299, 66.69028022297549], [90.43964275710186, 66.69709654097352]]}, "properties": {"source": "16110223", "target": "20804484"}}, {"type": "Feature", "geometry": {"type": "LineString", "coordinates": [[90.44214134781299, 66.69028022297549], [90.46774673442025, 66.69239542026965]]}, "properties": {"source": "16110223", "target": "19356251"}}, {"type": "Feature", "geometry": {"type": "LineString", "coordinates": [[90.44214134781299, 66.69028022297549], [90.46225374098401, 66.69311270633769]]}, "properties": {"source": "16110223", "target": "19213261"}}, {"type": "Feature", "geometry": {"type": "LineString", "coordinates": [[90.44214134781299, 66.69028022297549], [90.4417730089861, 66.69348537952254]]}, "properties": {"source": "16110223", "target": "1919723"}}, {"type": "Feature", "geometry": {"type": "LineString", "coordinates": [[90.44214134781299, 66.69028022297549], [90.44482632493953, 66.69140111180238]]}, "properties": {"source": "16110223", "target": "19053203"}}, {"type": "Feature", "geometry": {"type": "LineString", "coordinates": [[90.44214134781299, 66.69028022297549], [90.46456246389931, 66.69445260169009]]}, "properties": {"source": "16110223", "target": "18130160"}}, {"type": "Feature", "geometry": {"type": "LineString", "coordinates": [[90.44214134781299, 66.69028022297549], [90.44227221223258, 66.69763079869546]]}, "properties": {"source": "16110223", "target": "17644654"}}, {"type": "Feature", "geometry": {"type": "LineString", "coordinates": [[90.44214134781299, 66.69028022297549], [90.43583899461959, 66.69127676108772]]}, "properties": {"source": "16110223", "target": "17345756"}}, {"type": "Feature", "geometry": {"type": "LineString", "coordinates": [[90.43322047010861, 66.69671390054684], [90.43964275710186, 66.69709654097352]]}, "properties": {"source": "10365409", "target": "20804484"}}, {"type": "Feature", "geometry": {"type": "LineString", "coordinates": [[90.43322047010861, 66.69671390054684], [90.46774673442025, 66.69239542026965]]}, "properties": {"source": "10365409", "target": "19356251"}}, {"type": "Feature", "geometry": {"type": "LineString", "coordinates": [[90.44214134781299, 66.69028022297549], [90.46894694080487, 66.68821180490006]]}, "properties": {"source": "16110223", "target": "1741372"}}, {"type": "Feature", "geometry": {"type": "LineString", "coordinates": [[90.44214134781299, 66.69028022297549], [90.452062265025, 66.69060160734347]]}, "properties": {"source": "16110223", "target": "19339935"}}, {"type": "Feature", "geometry": {"type": "LineString", "coordinates": [[90.46024172004041, 66.6947520537911], [90.44590875142808, 66.69632014520928]]}, "properties": {"source": "25234447", "target": "25368642"}}, {"type": "Feature", "geometry": {"type": "LineString", "coordinates": [[90.4560238863354, 66.69453884429274], [90.4618489819344, 66.69680438091972]]}, "properties": {"source": "31225450", "target": "8044278"}}, {"type": "Feature", "geometry": {"type": "LineString", "coordinates": [[90.4560238863354, 66.69453884429274], [90.43270090946191, 66.69713021364302]]}, "properties": {"source": "31225450", "target": "34608908"}}, {"type": "Feature", "geometry": {"type": "LineString", "coordinates": [[90.4560238863354, 66.69453884429274], [90.43014187244376, 66.69053130317604]]}, "properties": {"source": "31225450", "target": "3064912"}}, {"type": "Feature", "geometry": {"type": "LineString", "coordinates": [[90.4560238863354, 66.69453884429274], [90.44198008766068, 66.69057724745623]]}, "properties": {"source": "31225450", "target": "2958071"}}, {"type": "Feature", "geometry": {"type": "LineString", "coordinates": [[90.4560238863354, 66.69453884429274], [90.4542726729307, 66.69559435639667]]}, "properties": {"source": "31225450", "target": "30762016"}}, {"type": "Feature", "geometry": {"type": "LineString", "coordinates": [[90.44266138973546, 66.6923983475973], [90.43167983540627, 66.68946652432749]]}, "properties": {"source": "856474", "target": "32068760"}}, {"type": "Feature", "geometry": {"type": "LineString", "coordinates": [[90.44266138973546, 66.6923983475973], [90.46009199339545, 66.68839724223253]]}, "properties": {"source": "856474", "target": "4275596"}}, {"type": "Feature", "geometry": {"type": "LineString", "coordinates": [[90.44266138973546, 66.6923983475973], [90.43328763857511, 66.69636956938137]]}, "properties": {"source": "856474", "target": "5111471"}}, {"type": "Feature", "geometry": {"type": "LineString", "coordinates": [[90.44266138973546, 66.6923983475973], [90.4584469416385, 66.69238440589925]]}, "properties": {"source": "856474", "target": "8341199"}}, {"type": "Feature", "geometry": {"type": "LineString", "coordinates": [[90.44266138973546, 66.6923983475973], [90.4618489819344, 66.69680438091972]]}, "properties": {"source": "856474", "target": "8044278"}}, {"type": "Feature", "geometry": {"type": "LineString", "coordinates": [[90.44266138973546, 66.6923983475973], [90.43270090946191, 66.69713021364302]]}, "properties": {"source": "856474", "target": "34608908"}}, {"type": "Feature", "geometry": {"type": "LineString", "coordinates": [[90.44266138973546, 66.6923983475973], [90.45436455153623, 66.6935502526424]]}, "properties": {"source": "856474", "target": "7153686"}}, {"type": "Feature", "geometry": {"type": "LineString", "coordinates": [[90.44266138973546, 66.6923983475973], [90.45208658311714, 66.69374228749449]]}, "properties": {"source": "856474", "target": "856544"}}, {"type": "Feature", "geometry": {"type": "LineString", "coordinates": [[90.44266138973546, 66.6923983475973], [90.43386408643141, 66.69386877406532]]}, "properties": {"source": "856474", "target": "966996"}}, {"type": "Feature", "geometry": {"type": "LineString", "coordinates": [[90.44266138973546, 66.6923983475973], [90.43381075016435, 66.69248943430215]]}, "properties": {"source": "856474", "target": "4480223"}}, {"type": "Feature", "geometry": {"type": "LineString", "coordinates": [[90.45844396317199, 66.68826481312576], [90.43964275710186, 66.69709654097352]]}, "properties": {"source": "22805449", "target": "20804484"}}, {"type": "Feature", "geometry": {"type": "LineString", "coordinates": [[90.45844396317199, 66.68826481312576], [90.46774673442025, 66.69239542026965]]}, "properties": {"source": "22805449", "target": "19356251"}}, {"type": "Feature", "geometry": {"type": "LineString", "coordinates": [[90.45844396317199, 66.68826481312576], [90.46225374098401, 66.69311270633769]]}, "properties": {"source": "22805449", "target": "19213261"}}, {"type": "Feature", "geometry": {"type": "LineString", "coordinates": [[90.45844396317199, 66.68826481312576], [90.4417730089861, 66.69348537952254]]}, "properties": {"source": "22805449", "target": "1919723"}}, {"type": "Feature", "geometry": {"type": "LineString", "coordinates": [[90.45844396317199, 66.68826481312576], [90.44482632493953, 66.69140111180238]]}, "properties": {"source": "22805449", "target": "19053203"}}, {"type": "Feature", "geometry": {"type": "LineString", "coordinates": [[90.45844396317199, 66.68826481312576], [90.4370180338301, 66.69556036298322]]}, "properties": {"source": "22805449", "target": "22821615"}}, {"type": "Feature", "geometry": {"type": "LineString", "coordinates": [[90.45844396317199, 66.68826481312576], [90.46456246389931, 66.69445260169009]]}, "properties": {"source": "22805449", "target": "18130160"}}, {"type": "Feature", "geometry": {"type": "LineString", "coordinates": [[90.45844396317199, 66.68826481312576], [90.43118506753677, 66.69433385521457]]}, "properties": {"source": "22805449", "target": "24682070"}}, {"type": "Feature", "geometry": {"type": "LineString", "coordinates": [[90.45844396317199, 66.68826481312576], [90.45096751858233, 66.69089370656754]]}, "properties": {"source": "22805449", "target": "24962319"}}, {"type": "Feature", "geometry": {"type": "LineString", "coordinates": [[90.45844396317199, 66.68826481312576], [90.44934965991877, 66.6907026191966]]}, "properties": {"source": "22805449", "target": "25000441"}}, {"type": "Feature", "geometry": {"type": "LineString", "coordinates": [[90.45844396317199, 66.68826481312576], [90.43588826769951, 66.69746636900433]]}, "properties": {"source": "22805449", "target": "24970020"}}, {"type": "Feature", "geometry": {"type": "LineString", "coordinates": [[90.45844396317199, 66.68826481312576], [90.42984189220647, 66.69027710068023]]}, "properties": {"source": "22805449", "target": "24718286"}}, {"type": "Feature", "geometry": {"type": "LineString", "coordinates": [[90.45844396317199, 66.68826481312576], [90.44072924030559, 66.69062192633527]]}, "properties": {"source": "22805449", "target": "25000606"}}, {"type": "Feature", "geometry": {"type": "LineString", "coordinates": [[90.45844396317199, 66.68826481312576], [90.46012949241015, 66.69230263211331]]}, "properties": {"source": "22805449", "target": "25008053"}}, {"type": "Feature", "geometry": {"type": "LineString", "coordinates": [[90.45844396317199, 66.68826481312576], [90.450470309725, 66.69612029639852]]}, "properties": {"source": "22805449", "target": "15733009"}}, {"type": "Feature", "geometry": {"type": "LineString", "coordinates": [[90.45844396317199, 66.68826481312576], [90.46894694080487, 66.68821180490006]]}, "properties": {"source": "22805449", "target": "1741372"}}, {"type": "Feature", "geometry": {"type": "LineString", "coordinates": [[90.46774673442025, 66.69239542026965], [90.459170762761, 66.69237024200149]]}, "properties": {"source": "19356251", "target": "1798619"}}, {"type": "Feature", "geometry": {"type": "LineString", "coordinates": [[90.42950455031132, 66.68774417390232], [90.4312034405732, 66.68711536264016]]}, "properties": {"source": "25551505", "target": "27839901"}}, {"type": "Feature", "geometry": {"type": "LineString", "coordinates": [[90.42950455031132, 66.68774417390232], [90.46272243014681, 66.69425000044916]]}, "properties": {"source": "25551505", "target": "26882304"}}, {"type": "Feature", "geometry": {"type": "LineString", "coordinates": [[90.45972004048343, 66.68887388030903], [90.43964275710186, 66.69709654097352]]}, "properties": {"source": "16007898", "target": "20804484"}}, {"type": "Feature", "geometry": {"type": "LineString", "coordinates": [[90.45972004048343, 66.68887388030903], [90.46774673442025, 66.69239542026965]]}, "properties": {"source": "16007898", "target": "19356251"}}, {"type": "Feature", "geometry": {"type": "LineString", "coordinates": [[90.45972004048343, 66.68887388030903], [90.4417730089861, 66.69348537952254]]}, "properties": {"source": "16007898", "target": "1919723"}}, {"type": "Feature", "geometry": {"type": "LineString", "coordinates": [[90.45972004048343, 66.68887388030903], [90.44482632493953, 66.69140111180238]]}, "properties": {"source": "16007898", "target": "19053203"}}, {"type": "Feature", "geometry": {"type": "LineString", "coordinates": [[90.45972004048343, 66.68887388030903], [90.46456246389931, 66.69445260169009]]}, "properties": {"source": "16007898", "target": "18130160"}}, {"type": "Feature", "geometry": {"type": "LineString", "coordinates": [[90.45972004048343, 66.68887388030903], [90.43118506753677, 66.69433385521457]]}, "properties": {"source": "16007898", "target": "24682070"}}, {"type": "Feature", "geometry": {"type": "LineString", "coordinates": [[90.46546213143, 66.69919183179061], [90.43118506753677, 66.69433385521457]]}, "properties": {"source": "24484748", "target": "24682070"}}, {"type": "Feature", "geometry": {"type": "LineString", "coordinates": [[90.46546213143, 66.69919183179061], [90.45096751858233, 66.69089370656754]]}, "properties": {"source": "24484748", "target": "24962319"}}, {"type": "Feature", "geometry": {"type": "LineString", "coordinates": [[90.46546213143, 66.69919183179061], [90.44934965991877, 66.6907026191966]]}, "properties": {"source": "24484748", "target": "25000441"}}, {"type": "Feature", "geometry": {"type": "LineString", "coordinates": [[90.46546213143, 66.69919183179061], [90.43588826769951, 66.69746636900433]]}, "properties": {"source": "24484748", "target": "24970020"}}, {"type": "Feature", "geometry": {"type": "LineString", "coordinates": [[90.46546213143, 66.69919183179061], [90.44072924030559, 66.69062192633527]]}, "properties": {"source": "24484748", "target": "25000606"}}, {"type": "Feature", "geometry": {"type": "LineString", "coordinates": [[90.46546213143, 66.69919183179061], [90.46012949241015, 66.69230263211331]]}, "properties": {"source": "24484748", "target": "25008053"}}, {"type": "Feature", "geometry": {"type": "LineString", "coordinates": [[90.45972004048343, 66.68887388030903], [90.46894694080487, 66.68821180490006]]}, "properties": {"source": "16007898", "target": "1741372"}}, {"type": "Feature", "geometry": {"type": "LineString", "coordinates": [[90.43153088076218, 66.68722583344912], [90.4390544680237, 66.69308441355001]]}, "properties": {"source": "25181433", "target": "25221752"}}, {"type": "Feature", "geometry": {"type": "LineString", "coordinates": [[90.44800323274342, 66.68908140897499], [90.45293811643046, 66.6919247680428]]}, "properties": {"source": "24986501", "target": "25053501"}}, {"type": "Feature", "geometry": {"type": "LineString", "coordinates": [[90.44800323274342, 66.68908140897499], [90.45458107911753, 66.68986695341259]]}, "properties": {"source": "24986501", "target": "25067396"}}, {"type": "Feature", "geometry": {"type": "LineString", "coordinates": [[90.44800323274342, 66.68908140897499], [90.43209867624955, 66.68710307172266]]}, "properties": {"source": "24986501", "target": "23830364"}}, {"type": "Feature", "geometry": {"type": "LineString", "coordinates": [[90.44800323274342, 66.68908140897499], [90.45294613656102, 66.68865663814984]]}, "properties": {"source": "24986501", "target": "24787465"}}, {"type": "Feature", "geometry": {"type": "LineString", "coordinates": [[90.44800323274342, 66.68908140897499], [90.42941457705558, 66.6903547011497]]}, "properties": {"source": "24986501", "target": "2250104"}}, {"type": "Feature", "geometry": {"type": "LineString", "coordinates": [[90.44800323274342, 66.68908140897499], [90.42945298318881, 66.68934440926134]]}, "properties": {"source": "24986501", "target": "24962241"}}, {"type": "Feature", "geometry": {"type": "LineString", "coordinates": [[90.44800323274342, 66.68908140897499], [90.46572131661685, 66.69547555098619]]}, "properties": {"source": "24986501", "target": "2375198"}}, {"type": "Feature", "geometry": {"type": "LineString", "coordinates": [[90.44800323274342, 66.68908140897499], [90.4424326382208, 66.69874049759547]]}, "properties": {"source": "24986501", "target": "23387025"}}, {"type": "Feature", "geometry": {"type": "LineString", "coordinates": [[90.44800323274342, 66.68908140897499], [90.46546213143, 66.69919183179061]]}, "properties": {"source": "24986501", "target": "24484748"}}, {"type": "Feature", "geometry": {"type": "LineString", "coordinates": [[90.44800323274342, 66.68908140897499], [90.46241201644995, 66.6939769955914]]}, "properties": {"source": "24986501", "target": "2250108"}}, {"type": "Feature", "geometry": {"type": "LineString", "coordinates": [[90.44800323274342, 66.68908140897499], [90.45262947499634, 66.69654796872614]]}, "properties": {"source": "24986501", "target": "2417136"}}, {"type": "Feature", "geometry": {"type": "LineString", "coordinates": [[90.44800323274342, 66.68908140897499], [90.44690849535965, 66.68808064006883]]}, "properties": {"source": "24986501", "target": "22444312"}}, {"type": "Feature", "geometry": {"type": "LineString", "coordinates": [[90.44800323274342, 66.68908140897499], [90.45793873445251, 66.68937183760393]]}, "properties": {"source": "24986501", "target": "24178943"}}, {"type": "Feature", "geometry": {"type": "LineString", "coordinates": [[90.44800323274342, 66.68908140897499], [90.452062265025, 66.69060160734347]]}, "properties": {"source": "24986501", "target": "19339935"}}, {"type": "Feature", "geometry": {"type": "LineString", "coordinates": [[90.44800323274342, 66.68908140897499], [90.44849469708942, 66.69364251484983]]}, "properties": {"source": "24986501", "target": "2479747"}}, {"type": "Feature", "geometry": {"type": "LineString", "coordinates": [[90.4539584549729, 66.68907428030313], [90.429688828277, 66.68714684110773]]}, "properties": {"source": "25022962", "target": "25173622"}}, {"type": "Feature", "geometry": {"type": "LineString", "coordinates": [[90.43153088076218, 66.68722583344912], [90.43183754010545, 66.69208886166399]]}, "properties": {"source": "25181433", "target": "25214424"}}, {"type": "Feature", "geometry": {"type": "LineString", "coordinates": [[90.43153088076218, 66.68722583344912], [90.46740573208007, 66.69373576133688]]}, "properties": {"source": "25181433", "target": "25207637"}}, {"type": "Feature", "geometry": {"type": "LineString", "coordinates": [[90.43153088076218, 66.68722583344912], [90.46349873953517, 66.68914249581488]]}, "properties": {"source": "25181433", "target": "25207590"}}, {"type": "Feature", "geometry": {"type": "LineString", "coordinates": [[90.43153088076218, 66.68722583344912], [90.4522861384138, 66.6972220915947]]}, "properties": {"source": "25181433", "target": "25207487"}}, {"type": "Feature", "geometry": {"type": "LineString", "coordinates": [[90.43153088076218, 66.68722583344912], [90.44303856569246, 66.68879901119176]]}, "properties": {"source": "25181433", "target": "25181742"}}, {"type": "Feature", "geometry": {"type": "LineString", "coordinates": [[90.45291890578301, 66.68849643420242], [90.4640670533974, 66.69898564499772]]}, "properties": {"source": "25214554", "target": "25173770"}}, {"type": "Feature", "geometry": {"type": "LineString", "coordinates": [[90.45291890578301, 66.68849643420242], [90.45261533299634, 66.6952151074734]]}, "properties": {"source": "25214554", "target": "25180469"}}, {"type": "Feature", "geometry": {"type": "LineString", "coordinates": [[90.45291890578301, 66.68849643420242], [90.43370857988799, 66.69738610766076]]}, "properties": {"source": "25214554", "target": "25267992"}}, {"type": "Feature", "geometry": {"type": "LineString", "coordinates": [[90.45291890578301, 66.68849643420242], [90.46564766960813, 66.68686851949883]]}, "properties": {"source": "25214554", "target": "25228083"}}, {"type": "Feature", "geometry": {"type": "LineString", "coordinates": [[90.45291890578301, 66.68849643420242], [90.43284032880047, 66.6880037348464]]}, "properties": {"source": "25214554", "target": "25325863"}}, {"type": "Feature", "geometry": {"type": "LineString", "coordinates": [[90.45291890578301, 66.68849643420242], [90.43502623848946, 66.6994787650804]]}, "properties": {"source": "25214554", "target": "25214526"}}, {"type": "Feature", "geometry": {"type": "LineString", "coordinates": [[90.45291890578301, 66.68849643420242], [90.44925217370496, 66.69606962187675]]}, "properties": {"source": "25214554", "target": "25261522"}}, {"type": "Feature", "geometry": {"type": "LineString", "coordinates": [[90.45291890578301, 66.68849643420242], [90.4390544680237, 66.69308441355001]]}, "properties": {"source": "25214554", "target": "25221752"}}, {"type": "Feature", "geometry": {"type": "LineString", "coordinates": [[90.45291890578301, 66.68849643420242], [90.45881671091058, 66.69790836305755]]}, "properties": {"source": "25214554", "target": "25207530"}}, {"type": "Feature", "geometry": {"type": "LineString", "coordinates": [[90.45291890578301, 66.68849643420242], [90.45543930596034, 66.69012212504582]]}, "properties": {"source": "25214554", "target": "25228205"}}, {"type": "Feature", "geometry": {"type": "LineString", "coordinates": [[90.4370180338301, 66.69556036298322], [90.44645304892134, 66.6921748863059]]}, "properties": {"source": "22821615", "target": "1518746"}}, {"type": "Feature", "geometry": {"type": "LineString", "coordinates": [[90.43987001291174, 66.6905183500846], [90.43964275710186, 66.69709654097352]]}, "properties": {"source": "1599688", "target": "20804484"}}, {"type": "Feature", "geometry": {"type": "LineString", "coordinates": [[90.43987001291174, 66.6905183500846], [90.46774673442025, 66.69239542026965]]}, "properties": {"source": "1599688", "target": "19356251"}}, {"type": "Feature", "geometry": {"type": "LineString", "coordinates": [[90.43987001291174, 66.6905183500846], [90.46225374098401, 66.69311270633769]]}, "properties": {"source": "1599688", "target": "19213261"}}, {"type": "Feature", "geometry": {"type": "LineString", "coordinates": [[90.43987001291174, 66.6905183500846], [90.4417730089861, 66.69348537952254]]}, "properties": {"source": "1599688", "target": "1919723"}}, {"type": "Feature", "geometry": {"type": "LineString", "coordinates": [[90.43987001291174, 66.6905183500846], [90.44482632493953, 66.69140111180238]]}, "properties": {"source": "1599688", "target": "19053203"}}, {"type": "Feature", "geometry": {"type": "LineString", "coordinates": [[90.43987001291174, 66.6905183500846], [90.4370180338301, 66.69556036298322]]}, "properties": {"source": "1599688", "target": "22821615"}}, {"type": "Feature", "geometry": {"type": "LineString", "coordinates": [[90.43987001291174, 66.6905183500846], [90.46456246389931, 66.69445260169009]]}, "properties": {"source": "1599688", "target": "18130160"}}, {"type": "Feature", "geometry": {"type": "LineString", "coordinates": [[90.43987001291174, 66.6905183500846], [90.43118506753677, 66.69433385521457]]}, "properties": {"source": "1599688", "target": "24682070"}}, {"type": "Feature", "geometry": {"type": "LineString", "coordinates": [[90.44849469708942, 66.69364251484983], [90.45096751858233, 66.69089370656754]]}, "properties": {"source": "2479747", "target": "24962319"}}, {"type": "Feature", "geometry": {"type": "LineString", "coordinates": [[90.43322047010861, 66.69671390054684], [90.4417730089861, 66.69348537952254]]}, "properties": {"source": "10365409", "target": "1919723"}}, {"type": "Feature", "geometry": {"type": "LineString", "coordinates": [[90.43322047010861, 66.69671390054684], [90.44482632493953, 66.69140111180238]]}, "properties": {"source": "10365409", "target": "19053203"}}, {"type": "Feature", "geometry": {"type": "LineString", "coordinates": [[90.43322047010861, 66.69671390054684], [90.46456246389931, 66.69445260169009]]}, "properties": {"source": "10365409", "target": "18130160"}}, {"type": "Feature", "geometry": {"type": "LineString", "coordinates": [[90.43322047010861, 66.69671390054684], [90.44645304892134, 66.6921748863059]]}, "properties": {"source": "10365409", "target": "1518746"}}, {"type": "Feature", "geometry": {"type": "LineString", "coordinates": [[90.43987001291174, 66.6905183500846], [90.46894694080487, 66.68821180490006]]}, "properties": {"source": "1599688", "target": "1741372"}}, {"type": "Feature", "geometry": {"type": "LineString", "coordinates": [[90.43322047010861, 66.69671390054684], [90.46894694080487, 66.68821180490006]]}, "properties": {"source": "10365409", "target": "1741372"}}, {"type": "Feature", "geometry": {"type": "LineString", "coordinates": [[90.46596220916894, 66.69826958108322], [90.43270090946191, 66.69713021364302]]}, "properties": {"source": "34189186", "target": "34608908"}}, {"type": "Feature", "geometry": {"type": "LineString", "coordinates": [[90.4539584549729, 66.68907428030313], [90.45294613656102, 66.68865663814984]]}, "properties": {"source": "25022962", "target": "24787465"}}, {"type": "Feature", "geometry": {"type": "LineString", "coordinates": [[90.4539584549729, 66.68907428030313], [90.469675595497, 66.6928581209341]]}, "properties": {"source": "25022962", "target": "25022802"}}, {"type": "Feature", "geometry": {"type": "LineString", "coordinates": [[90.4539584549729, 66.68907428030313], [90.42945298318881, 66.68934440926134]]}, "properties": {"source": "25022962", "target": "24962241"}}, {"type": "Feature", "geometry": {"type": "LineString", "coordinates": [[90.44373391828645, 66.68936459379533], [90.43422081492065, 66.69895801395181]]}, "properties": {"source": "29977932", "target": "31673670"}}, {"type": "Feature", "geometry": {"type": "LineString", "coordinates": [[90.44373391828645, 66.68936459379533], [90.46462729492674, 66.69654750647918]]}, "properties": {"source": "29977932", "target": "6489894"}}, {"type": "Feature", "geometry": {"type": "LineString", "coordinates": [[90.44373391828645, 66.68936459379533], [90.43167983540627, 66.68946652432749]]}, "properties": {"source": "29977932", "target": "32068760"}}, {"type": "Feature", "geometry": {"type": "LineString", "coordinates": [[90.44373391828645, 66.68936459379533], [90.45597777628308, 66.69294229410897]]}, "properties": {"source": "29977932", "target": "6569328"}}, {"type": "Feature", "geometry": {"type": "LineString", "coordinates": [[90.44373391828645, 66.68936459379533], [90.43050909820221, 66.69204524546755]]}, "properties": {"source": "29977932", "target": "30839987"}}, {"type": "Feature", "geometry": {"type": "LineString", "coordinates": [[90.44373391828645, 66.68936459379533], [90.46009199339545, 66.68839724223253]]}, "properties": {"source": "29977932", "target": "4275596"}}, {"type": "Feature", "geometry": {"type": "LineString", "coordinates": [[90.44373391828645, 66.68936459379533], [90.43328763857511, 66.69636956938137]]}, "properties": {"source": "29977932", "target": "5111471"}}, {"type": "Feature", "geometry": {"type": "LineString", "coordinates": [[90.44373391828645, 66.68936459379533], [90.4625649309325, 66.69709089656]]}, "properties": {"source": "29977932", "target": "29890009"}}, {"type": "Feature", "geometry": {"type": "LineString", "coordinates": [[90.44373391828645, 66.68936459379533], [90.42934312774508, 66.69677689593242]]}, "properties": {"source": "29977932", "target": "28448436"}}, {"type": "Feature", "geometry": {"type": "LineString", "coordinates": [[90.44373391828645, 66.68936459379533], [90.4671972349501, 66.69078127438497]]}, "properties": {"source": "29977932", "target": "29346292"}}, {"type": "Feature", "geometry": {"type": "LineString", "coordinates": [[90.44373391828645, 66.68936459379533], [90.4312034405732, 66.68711536264016]]}, "properties": {"source": "29977932", "target": "27839901"}}, {"type": "Feature", "geometry": {"type": "LineString", "coordinates": [[90.44373391828645, 66.68936459379533], [90.46272243014681, 66.69425000044916]]}, "properties": {"source": "29977932", "target": "26882304"}}, {"type": "Feature", "geometry": {"type": "LineString", "coordinates": [[90.450470309725, 66.69612029639852], [90.43118506753677, 66.69433385521457]]}, "properties": {"source": "15733009", "target": "24682070"}}, {"type": "Feature", "geometry": {"type": "LineString", "coordinates": [[90.45458107911753, 66.68986695341259], [90.46012949241015, 66.69230263211331]]}, "properties": {"source": "25067396", "target": "25008053"}}, {"type": "Feature", "geometry": {"type": "LineString", "coordinates": [[90.45458107911753, 66.68986695341259], [90.43123937132816, 66.68972709478301]]}, "properties": {"source": "25067396", "target": "25126788"}}, {"type": "Feature", "geometry": {"type": "LineString", "coordinates": [[90.45458107911753, 66.68986695341259], [90.45957359313223, 66.69331398691266]]}, "properties": {"source": "25067396", "target": "25126743"}}, {"type": "Feature", "geometry": {"type": "LineString", "coordinates": [[90.43123937132816, 66.68972709478301], [90.45957359313223, 66.69331398691266]]}, "properties": {"source": "25126788", "target": "25126743"}}, {"type": "Feature", "geometry": {"type": "LineString", "coordinates": [[90.43123937132816, 66.68972709478301], [90.44303856569246, 66.68879901119176]]}, "properties": {"source": "25126788", "target": "25181742"}}, {"type": "Feature", "geometry": {"type": "LineString", "coordinates": [[90.45957359313223, 66.69331398691266], [90.44303856569246, 66.68879901119176]]}, "properties": {"source": "25126743", "target": "25181742"}}, {"type": "Feature", "geometry": {"type": "LineString", "coordinates": [[90.452062265025, 66.69060160734347], [90.43964275710186, 66.69709654097352]]}, "properties": {"source": "19339935", "target": "20804484"}}, {"type": "Feature", "geometry": {"type": "LineString", "coordinates": [[90.452062265025, 66.69060160734347], [90.46774673442025, 66.69239542026965]]}, "properties": {"source": "19339935", "target": "19356251"}}, {"type": "Feature", "geometry": {"type": "LineString", "coordinates": [[90.452062265025, 66.69060160734347], [90.44482632493953, 66.69140111180238]]}, "properties": {"source": "19339935", "target": "19053203"}}, {"type": "Feature", "geometry": {"type": "LineString", "coordinates": [[90.452062265025, 66.69060160734347], [90.46456246389931, 66.69445260169009]]}, "properties": {"source": "19339935", "target": "18130160"}}, {"type": "Feature", "geometry": {"type": "LineString", "coordinates": [[90.452062265025, 66.69060160734347], [90.43118506753677, 66.69433385521457]]}, "properties": {"source": "19339935", "target": "24682070"}}, {"type": "Feature", "geometry": {"type": "LineString", "coordinates": [[90.452062265025, 66.69060160734347], [90.45096751858233, 66.69089370656754]]}, "properties": {"source": "19339935", "target": "24962319"}}, {"type": "Feature", "geometry": {"type": "LineString", "coordinates": [[90.452062265025, 66.69060160734347], [90.44934965991877, 66.6907026191966]]}, "properties": {"source": "19339935", "target": "25000441"}}, {"type": "Feature", "geometry": {"type": "LineString", "coordinates": [[90.452062265025, 66.69060160734347], [90.43588826769951, 66.69746636900433]]}, "properties": {"source": "19339935", "target": "24970020"}}, {"type": "Feature", "geometry": {"type": "LineString", "coordinates": [[90.452062265025, 66.69060160734347], [90.46894694080487, 66.68821180490006]]}, "properties": {"source": "19339935", "target": "1741372"}}, {"type": "Feature", "geometry": {"type": "LineString", "coordinates": [[90.42934312774508, 66.69677689593242], [90.44764749051757, 66.69781623461462]]}, "properties": {"source": "28448436", "target": "25483722"}}, {"type": "Feature", "geometry": {"type": "LineString", "coordinates": [[90.44227221223258, 66.69763079869546], [90.43886382911546, 66.6950751790742]]}, "properties": {"source": "17644654", "target": "17279122"}}, {"type": "Feature", "geometry": {"type": "LineString", "coordinates": [[90.44227221223258, 66.69763079869546], [90.45147112894148, 66.69429095081583]]}, "properties": {"source": "17644654", "target": "1629471"}}, {"type": "Feature", "geometry": {"type": "LineString", "coordinates": [[90.43209867624955, 66.68710307172266], [90.43118506753677, 66.69433385521457]]}, "properties": {"source": "23830364", "target": "24682070"}}, {"type": "Feature", "geometry": {"type": "LineString", "coordinates": [[90.43209867624955, 66.68710307172266], [90.45096751858233, 66.69089370656754]]}, "properties": {"source": "23830364", "target": "24962319"}}, {"type": "Feature", "geometry": {"type": "LineString", "coordinates": [[90.43209867624955, 66.68710307172266], [90.44934965991877, 66.6907026191966]]}, "properties": {"source": "23830364", "target": "25000441"}}, {"type": "Feature", "geometry": {"type": "LineString", "coordinates": [[90.43209867624955, 66.68710307172266], [90.43588826769951, 66.69746636900433]]}, "properties": {"source": "23830364", "target": "24970020"}}, {"type": "Feature", "geometry": {"type": "LineString", "coordinates": [[90.43209867624955, 66.68710307172266], [90.44072924030559, 66.69062192633527]]}, "properties": {"source": "23830364", "target": "25000606"}}, {"type": "Feature", "geometry": {"type": "LineString", "coordinates": [[90.43209867624955, 66.68710307172266], [90.46012949241015, 66.69230263211331]]}, "properties": {"source": "23830364", "target": "25008053"}}, {"type": "Feature", "geometry": {"type": "LineString", "coordinates": [[90.43209867624955, 66.68710307172266], [90.46978188400743, 66.69710832183763]]}, "properties": {"source": "23830364", "target": "25015547"}}, {"type": "Feature", "geometry": {"type": "LineString", "coordinates": [[90.43209867624955, 66.68710307172266], [90.44453321150417, 66.68749308648185]]}, "properties": {"source": "23830364", "target": "19211096"}}, {"type": "Feature", "geometry": {"type": "LineString", "coordinates": [[90.43209867624955, 66.68710307172266], [90.46317837360147, 66.68961905528273]]}, "properties": {"source": "23830364", "target": "18857780"}}, {"type": "Feature", "geometry": {"type": "LineString", "coordinates": [[90.43209867624955, 66.68710307172266], [90.43628461889375, 66.6993770598995]]}, "properties": {"source": "23830364", "target": "21842357"}}, {"type": "Feature", "geometry": {"type": "LineString", "coordinates": [[90.46407230486187, 66.6981870174208], [90.4350537158549, 66.68734788287132]]}, "properties": {"source": "8522911", "target": "9282410"}}, {"type": "Feature", "geometry": {"type": "LineString", "coordinates": [[90.46407230486187, 66.6981870174208], [90.43646580937133, 66.68697540073147]]}, "properties": {"source": "8522911", "target": "8878907"}}, {"type": "Feature", "geometry": {"type": "LineString", "coordinates": [[90.43209867624955, 66.68710307172266], [90.44358477938312, 66.69604559823162]]}, "properties": {"source": "23830364", "target": "25008258"}}, {"type": "Feature", "geometry": {"type": "LineString", "coordinates": [[90.45881671091058, 66.69790836305755], [90.44303856569246, 66.68879901119176]]}, "properties": {"source": "25207530", "target": "25181742"}}, {"type": "Feature", "geometry": {"type": "LineString", "coordinates": [[90.45793873445251, 66.68937183760393], [90.43118506753677, 66.69433385521457]]}, "properties": {"source": "24178943", "target": "24682070"}}, {"type": "Feature", "geometry": {"type": "LineString", "coordinates": [[90.45793873445251, 66.68937183760393], [90.43588826769951, 66.69746636900433]]}, "properties": {"source": "24178943", "target": "24970020"}}, {"type": "Feature", "geometry": {"type": "LineString", "coordinates": [[90.44199973975805, 66.69668976391812], [90.4350537158549, 66.68734788287132]]}, "properties": {"source": "9398639", "target": "9282410"}}, {"type": "Feature", "geometry": {"type": "LineString", "coordinates": [[90.44199973975805, 66.69668976391812], [90.43646580937133, 66.68697540073147]]}, "properties": {"source": "9398639", "target": "8878907"}}, {"type": "Feature", "geometry": {"type": "LineString", "coordinates": [[90.44199973975805, 66.69668976391812], [90.4593725565432, 66.69633112724979]]}, "properties": {"source": "9398639", "target": "9138275"}}, {"type": "Feature", "geometry": {"type": "LineString", "coordinates": [[90.44199973975805, 66.69668976391812], [90.43630896120129, 66.69026043186402]]}, "properties": {"source": "9398639", "target": "881985"}}, {"type": "Feature", "geometry": {"type": "LineString", "coordinates": [[90.44515960202466, 66.69985669536116], [90.43118506753677, 66.69433385521457]]}, "properties": {"source": "2165207", "target": "24682070"}}, {"type": "Feature", "geometry": {"type": "LineString", "coordinates": [[90.44515960202466, 66.69985669536116], [90.43588826769951, 66.69746636900433]]}, "properties": {"source": "2165207", "target": "24970020"}}, {"type": "Feature", "geometry": {"type": "LineString", "coordinates": [[90.43630896120129, 66.69026043186402], [90.4593725565432, 66.69633112724979]]}, "properties": {"source": "881985", "target": "9138275"}}, {"type": "Feature", "geometry": {"type": "LineString", "coordinates": [[90.45922443398564, 66.68778003230295], [90.45991153915679, 66.69721527092086]]}, "properties": {"source": "6511527", "target": "6636423"}}, {"type": "Feature", "geometry": {"type": "LineString", "coordinates": [[90.45922443398564, 66.68778003230295], [90.45280341175584, 66.69912992311046]]}, "properties": {"source": "6511527", "target": "6946328"}}, {"type": "Feature", "geometry": {"type": "LineString", "coordinates": [[90.44969281000135, 66.69800249989952], [90.4350537158549, 66.68734788287132]]}, "properties": {"source": "881779", "target": "9282410"}}, {"type": "Feature", "geometry": {"type": "LineString", "coordinates": [[90.44969281000135, 66.69800249989952], [90.43646580937133, 66.68697540073147]]}, "properties": {"source": "881779", "target": "8878907"}}, {"type": "Feature", "geometry": {"type": "LineString", "coordinates": [[90.44969281000135, 66.69800249989952], [90.4593725565432, 66.69633112724979]]}, "properties": {"source": "881779", "target": "9138275"}}, {"type": "Feature", "geometry": {"type": "LineString", "coordinates": [[90.44969281000135, 66.69800249989952], [90.44199973975805, 66.69668976391812]]}, "properties": {"source": "881779", "target": "9398639"}}, {"type": "Feature", "geometry": {"type": "LineString", "coordinates": [[90.46984284875089, 66.6906851748807], [90.4640670533974, 66.69898564499772]]}, "properties": {"source": "25161066", "target": "25173770"}}, {"type": "Feature", "geometry": {"type": "LineString", "coordinates": [[90.4584469416385, 66.69238440589925], [90.45208658311714, 66.69374228749449]]}, "properties": {"source": "8341199", "target": "856544"}}, {"type": "Feature", "geometry": {"type": "LineString", "coordinates": [[90.4584469416385, 66.69238440589925], [90.43386408643141, 66.69386877406532]]}, "properties": {"source": "8341199", "target": "966996"}}, {"type": "Feature", "geometry": {"type": "LineString", "coordinates": [[90.4584469416385, 66.69238440589925], [90.43381075016435, 66.69248943430215]]}, "properties": {"source": "8341199", "target": "4480223"}}, {"type": "Feature", "geometry": {"type": "LineString", "coordinates": [[90.4584469416385, 66.69238440589925], [90.45613152906708, 66.69541872415644]]}, "properties": {"source": "8341199", "target": "35896515"}}, {"type": "Feature", "geometry": {"type": "LineString", "coordinates": [[90.4584469416385, 66.69238440589925], [90.45863809786613, 66.68866196309934]]}, "properties": {"source": "8341199", "target": "29603246"}}, {"type": "Feature", "geometry": {"type": "LineString", "coordinates": [[90.4584469416385, 66.69238440589925], [90.45466389759133, 66.69864944141491]]}, "properties": {"source": "8341199", "target": "29383080"}}, {"type": "Feature", "geometry": {"type": "LineString", "coordinates": [[90.4618489819344, 66.69680438091972], [90.43270090946191, 66.69713021364302]]}, "properties": {"source": "8044278", "target": "34608908"}}, {"type": "Feature", "geometry": {"type": "LineString", "coordinates": [[90.4618489819344, 66.69680438091972], [90.45208658311714, 66.69374228749449]]}, "properties": {"source": "8044278", "target": "856544"}}, {"type": "Feature", "geometry": {"type": "LineString", "coordinates": [[90.44363054396075, 66.69848194523397], [90.4312034405732, 66.68711536264016]]}, "properties": {"source": "25326056", "target": "27839901"}}, {"type": "Feature", "geometry": {"type": "LineString", "coordinates": [[90.44363054396075, 66.69848194523397], [90.46272243014681, 66.69425000044916]]}, "properties": {"source": "25326056", "target": "26882304"}}, {"type": "Feature", "geometry": {"type": "LineString", "coordinates": [[90.44363054396075, 66.69848194523397], [90.43439345029168, 66.6948937980334]]}, "properties": {"source": "25326056", "target": "25412364"}}, {"type": "Feature", "geometry": {"type": "LineString", "coordinates": [[90.44363054396075, 66.69848194523397], [90.44590875142808, 66.69632014520928]]}, "properties": {"source": "25326056", "target": "25368642"}}, {"type": "Feature", "geometry": {"type": "LineString", "coordinates": [[90.44363054396075, 66.69848194523397], [90.43559946435676, 66.69565940844261]]}, "properties": {"source": "25326056", "target": "25365206"}}, {"type": "Feature", "geometry": {"type": "LineString", "coordinates": [[90.44363054396075, 66.69848194523397], [90.44764749051757, 66.69781623461462]]}, "properties": {"source": "25326056", "target": "25483722"}}, {"type": "Feature", "geometry": {"type": "LineString", "coordinates": [[90.44363054396075, 66.69848194523397], [90.4672125087734, 66.69624955262556]]}, "properties": {"source": "25326056", "target": "25393826"}}, {"type": "Feature", "geometry": {"type": "LineString", "coordinates": [[90.45240909764715, 66.69568806432632], [90.46036956821382, 66.6918102368064]]}, "properties": {"source": "24992330", "target": "25015644"}}, {"type": "Feature", "geometry": {"type": "LineString", "coordinates": [[90.46984284875089, 66.6906851748807], [90.429688828277, 66.68714684110773]]}, "properties": {"source": "25161066", "target": "25173622"}}, {"type": "Feature", "geometry": {"type": "LineString", "coordinates": [[90.46984284875089, 66.6906851748807], [90.4394589197156, 66.68747476340394]]}, "properties": {"source": "25161066", "target": "25173661"}}, {"type": "Feature", "geometry": {"type": "LineString", "coordinates": [[90.46984284875089, 66.6906851748807], [90.45261533299634, 66.6952151074734]]}, "properties": {"source": "25161066", "target": "25180469"}}, {"type": "Feature", "geometry": {"type": "LineString", "coordinates": [[90.46984284875089, 66.6906851748807], [90.46740573208007, 66.69373576133688]]}, "properties": {"source": "25161066", "target": "25207637"}}, {"type": "Feature", "geometry": {"type": "LineString", "coordinates": [[90.46984284875089, 66.6906851748807], [90.46349873953517, 66.68914249581488]]}, "properties": {"source": "25161066", "target": "25207590"}}, {"type": "Feature", "geometry": {"type": "LineString", "coordinates": [[90.46984284875089, 66.6906851748807], [90.4522861384138, 66.6972220915947]]}, "properties": {"source": "25161066", "target": "25207487"}}, {"type": "Feature", "geometry": {"type": "LineString", "coordinates": [[90.46984284875089, 66.6906851748807], [90.44303856569246, 66.68879901119176]]}, "properties": {"source": "25161066", "target": "25181742"}}, {"type": "Feature", "geometry": {"type": "LineString", "coordinates": [[90.46984284875089, 66.6906851748807], [90.469675595497, 66.6928581209341]]}, "properties": {"source": "25161066", "target": "25022802"}}, {"type": "Feature", "geometry": {"type": "LineString", "coordinates": [[90.46984284875089, 66.6906851748807], [90.4459474466887, 66.69682583991197]]}, "properties": {"source": "25161066", "target": "25075801"}}, {"type": "Feature", "geometry": {"type": "LineString", "coordinates": [[90.44590875142808, 66.69632014520928], [90.44373391828645, 66.68936459379533]]}, "properties": {"source": "25368642", "target": "29977932"}}, {"type": "Feature", "geometry": {"type": "LineString", "coordinates": [[90.44590875142808, 66.69632014520928], [90.4625649309325, 66.69709089656]]}, "properties": {"source": "25368642", "target": "29890009"}}, {"type": "Feature", "geometry": {"type": "LineString", "coordinates": [[90.44590875142808, 66.69632014520928], [90.42934312774508, 66.69677689593242]]}, "properties": {"source": "25368642", "target": "28448436"}}, {"type": "Feature", "geometry": {"type": "LineString", "coordinates": [[90.44590875142808, 66.69632014520928], [90.4671972349501, 66.69078127438497]]}, "properties": {"source": "25368642", "target": "29346292"}}, {"type": "Feature", "geometry": {"type": "LineString", "coordinates": [[90.44590875142808, 66.69632014520928], [90.4312034405732, 66.68711536264016]]}, "properties": {"source": "25368642", "target": "27839901"}}, {"type": "Feature", "geometry": {"type": "LineString", "coordinates": [[90.46984284875089, 66.6906851748807], [90.45881671091058, 66.69790836305755]]}, "properties": {"source": "25161066", "target": "25207530"}}, {"type": "Feature", "geometry": {"type": "LineString", "coordinates": [[90.4417730089861, 66.69348537952254], [90.43118506753677, 66.69433385521457]]}, "properties": {"source": "1919723", "target": "24682070"}}, {"type": "Feature", "geometry": {"type": "LineString", "coordinates": [[90.44764749051757, 66.69781623461462], [90.4665426208897, 66.69641501476214]]}, "properties": {"source": "25483722", "target": "25365159"}}, {"type": "Feature", "geometry": {"type": "LineString", "coordinates": [[90.44764749051757, 66.69781623461462], [90.46084436830057, 66.68957701242216]]}, "properties": {"source": "25483722", "target": "25356972"}}, {"type": "Feature", "geometry": {"type": "LineString", "coordinates": [[90.46862843295264, 66.68953857181364], [90.44072924030559, 66.69062192633527]]}, "properties": {"source": "25112675", "target": "25000606"}}, {"type": "Feature", "geometry": {"type": "LineString", "coordinates": [[90.46862843295264, 66.68953857181364], [90.46012949241015, 66.69230263211331]]}, "properties": {"source": "25112675", "target": "25008053"}}, {"type": "Feature", "geometry": {"type": "LineString", "coordinates": [[90.46862843295264, 66.68953857181364], [90.45293811643046, 66.6919247680428]]}, "properties": {"source": "25112675", "target": "25053501"}}, {"type": "Feature", "geometry": {"type": "LineString", "coordinates": [[90.46862843295264, 66.68953857181364], [90.45574772343315, 66.69085192166635]]}, "properties": {"source": "25112675", "target": "25126669"}}, {"type": "Feature", "geometry": {"type": "LineString", "coordinates": [[90.46862843295264, 66.68953857181364], [90.45458107911753, 66.68986695341259]]}, "properties": {"source": "25112675", "target": "25067396"}}, {"type": "Feature", "geometry": {"type": "LineString", "coordinates": [[90.46862843295264, 66.68953857181364], [90.43123937132816, 66.68972709478301]]}, "properties": {"source": "25112675", "target": "25126788"}}, {"type": "Feature", "geometry": {"type": "LineString", "coordinates": [[90.46862843295264, 66.68953857181364], [90.45957359313223, 66.69331398691266]]}, "properties": {"source": "25112675", "target": "25126743"}}, {"type": "Feature", "geometry": {"type": "LineString", "coordinates": [[90.46862843295264, 66.68953857181364], [90.4459474466887, 66.69682583991197]]}, "properties": {"source": "25112675", "target": "25075801"}}, {"type": "Feature", "geometry": {"type": "LineString", "coordinates": [[90.4672125087734, 66.69624955262556], [90.4625649309325, 66.69709089656]]}, "properties": {"source": "25393826", "target": "29890009"}}, {"type": "Feature", "geometry": {"type": "LineString", "coordinates": [[90.4672125087734, 66.69624955262556], [90.44667803440018, 66.68826517857666]]}, "properties": {"source": "25393826", "target": "25325975"}}, {"type": "Feature", "geometry": {"type": "LineString", "coordinates": [[90.4672125087734, 66.69624955262556], [90.4665426208897, 66.69641501476214]]}, "properties": {"source": "25393826", "target": "25365159"}}, {"type": "Feature", "geometry": {"type": "LineString", "coordinates": [[90.4672125087734, 66.69624955262556], [90.46084436830057, 66.68957701242216]]}, "properties": {"source": "25393826", "target": "25356972"}}, {"type": "Feature", "geometry": {"type": "LineString", "coordinates": [[90.4672125087734, 66.69624955262556], [90.43804655987026, 66.69721528777198]]}, "properties": {"source": "25393826", "target": "25368707"}}, {"type": "Feature", "geometry": {"type": "LineString", "coordinates": [[90.43422081492065, 66.69895801395181], [90.43014187244376, 66.69053130317604]]}, "properties": {"source": "31673670", "target": "3064912"}}, {"type": "Feature", "geometry": {"type": "LineString", "coordinates": [[90.43422081492065, 66.69895801395181], [90.44263542341957, 66.6910376039752]]}, "properties": {"source": "31673670", "target": "29071375"}}, {"type": "Feature", "geometry": {"type": "LineString", "coordinates": [[90.43422081492065, 66.69895801395181], [90.4568157620501, 66.68894566962615]]}, "properties": {"source": "31673670", "target": "29489304"}}, {"type": "Feature", "geometry": {"type": "LineString", "coordinates": [[90.43422081492065, 66.69895801395181], [90.44198008766068, 66.69057724745623]]}, "properties": {"source": "31673670", "target": "2958071"}}, {"type": "Feature", "geometry": {"type": "LineString", "coordinates": [[90.43422081492065, 66.69895801395181], [90.4542726729307, 66.69559435639667]]}, "properties": {"source": "31673670", "target": "30762016"}}, {"type": "Feature", "geometry": {"type": "LineString", "coordinates": [[90.46978188400743, 66.69710832183763], [90.43118506753677, 66.69433385521457]]}, "properties": {"source": "25015547", "target": "24682070"}}, {"type": "Feature", "geometry": {"type": "LineString", "coordinates": [[90.46978188400743, 66.69710832183763], [90.43588826769951, 66.69746636900433]]}, "properties": {"source": "25015547", "target": "24970020"}}, {"type": "Feature", "geometry": {"type": "LineString", "coordinates": [[90.46978188400743, 66.69710832183763], [90.44072924030559, 66.69062192633527]]}, "properties": {"source": "25015547", "target": "25000606"}}, {"type": "Feature", "geometry": {"type": "LineString", "coordinates": [[90.46978188400743, 66.69710832183763], [90.46012949241015, 66.69230263211331]]}, "properties": {"source": "25015547", "target": "25008053"}}, {"type": "Feature", "geometry": {"type": "LineString", "coordinates": [[90.46978188400743, 66.69710832183763], [90.46862843295264, 66.68953857181364]]}, "properties": {"source": "25015547", "target": "25112675"}}, {"type": "Feature", "geometry": {"type": "LineString", "coordinates": [[90.46978188400743, 66.69710832183763], [90.45293811643046, 66.6919247680428]]}, "properties": {"source": "25015547", "target": "25053501"}}, {"type": "Feature", "geometry": {"type": "LineString", "coordinates": [[90.46978188400743, 66.69710832183763], [90.45574772343315, 66.69085192166635]]}, "properties": {"source": "25015547", "target": "25126669"}}, {"type": "Feature", "geometry": {"type": "LineString", "coordinates": [[90.46978188400743, 66.69710832183763], [90.45458107911753, 66.68986695341259]]}, "properties": {"source": "25015547", "target": "25067396"}}, {"type": "Feature", "geometry": {"type": "LineString", "coordinates": [[90.46978188400743, 66.69710832183763], [90.43123937132816, 66.68972709478301]]}, "properties": {"source": "25015547", "target": "25126788"}}, {"type": "Feature", "geometry": {"type": "LineString", "coordinates": [[90.46978188400743, 66.69710832183763], [90.45957359313223, 66.69331398691266]]}, "properties": {"source": "25015547", "target": "25126743"}}, {"type": "Feature", "geometry": {"type": "LineString", "coordinates": [[90.44363054396075, 66.69848194523397], [90.43804655987026, 66.69721528777198]]}, "properties": {"source": "25326056", "target": "25368707"}}, {"type": "Feature", "geometry": {"type": "LineString", "coordinates": [[90.46774673442025, 66.69239542026965], [90.46181232136104, 66.69002352787994]]}, "properties": {"source": "19356251", "target": "1320145"}}, {"type": "Feature", "geometry": {"type": "LineString", "coordinates": [[90.46774673442025, 66.69239542026965], [90.46259451654316, 66.69810843185847]]}, "properties": {"source": "19356251", "target": "13437275"}}, {"type": "Feature", "geometry": {"type": "LineString", "coordinates": [[90.46774673442025, 66.69239542026965], [90.44445412805283, 66.6925224801898]]}, "properties": {"source": "19356251", "target": "17702304"}}, {"type": "Feature", "geometry": {"type": "LineString", "coordinates": [[90.46774673442025, 66.69239542026965], [90.43886382911546, 66.6950751790742]]}, "properties": {"source": "19356251", "target": "17279122"}}, {"type": "Feature", "geometry": {"type": "LineString", "coordinates": [[90.46774673442025, 66.69239542026965], [90.44023886728002, 66.69353432277705]]}, "properties": {"source": "19356251", "target": "13493091"}}, {"type": "Feature", "geometry": {"type": "LineString", "coordinates": [[90.46774673442025, 66.69239542026965], [90.44059871139194, 66.6953940656468]]}, "properties": {"source": "19356251", "target": "12726578"}}, {"type": "Feature", "geometry": {"type": "LineString", "coordinates": [[90.46774673442025, 66.69239542026965], [90.45517563294288, 66.6923839446542]]}, "properties": {"source": "19356251", "target": "18506999"}}, {"type": "Feature", "geometry": {"type": "LineString", "coordinates": [[90.46774673442025, 66.69239542026965], [90.44866452634687, 66.6948632601366]]}, "properties": {"source": "19356251", "target": "16046854"}}, {"type": "Feature", "geometry": {"type": "LineString", "coordinates": [[90.46225374098401, 66.69311270633769], [90.43964275710186, 66.69709654097352]]}, "properties": {"source": "19213261", "target": "20804484"}}, {"type": "Feature", "geometry": {"type": "LineString", "coordinates": [[90.46225374098401, 66.69311270633769], [90.46774673442025, 66.69239542026965]]}, "properties": {"source": "19213261", "target": "19356251"}}, {"type": "Feature", "geometry": {"type": "LineString", "coordinates": [[90.46225374098401, 66.69311270633769], [90.4417730089861, 66.69348537952254]]}, "properties": {"source": "19213261", "target": "1919723"}}, {"type": "Feature", "geometry": {"type": "LineString", "coordinates": [[90.46225374098401, 66.69311270633769], [90.44482632493953, 66.69140111180238]]}, "properties": {"source": "19213261", "target": "19053203"}}, {"type": "Feature", "geometry": {"type": "LineString", "coordinates": [[90.46225374098401, 66.69311270633769], [90.4370180338301, 66.69556036298322]]}, "properties": {"source": "19213261", "target": "22821615"}}, {"type": "Feature", "geometry": {"type": "LineString", "coordinates": [[90.46225374098401, 66.69311270633769], [90.46456246389931, 66.69445260169009]]}, "properties": {"source": "19213261", "target": "18130160"}}, {"type": "Feature", "geometry": {"type": "LineString", "coordinates": [[90.46225374098401, 66.69311270633769], [90.43118506753677, 66.69433385521457]]}, "properties": {"source": "19213261", "target": "24682070"}}, {"type": "Feature", "geometry": {"type": "LineString", "coordinates": [[90.46225374098401, 66.69311270633769], [90.450470309725, 66.69612029639852]]}, "properties": {"source": "19213261", "target": "15733009"}}, {"type": "Feature", "geometry": {"type": "LineString", "coordinates": [[90.4552507846426, 66.6948952889354], [90.44199973975805, 66.69668976391812]]}, "properties": {"source": "981926", "target": "9398639"}}, {"type": "Feature", "geometry": {"type": "LineString", "coordinates": [[90.43050909820221, 66.69204524546755], [90.46009199339545, 66.68839724223253]]}, "properties": {"source": "30839987", "target": "4275596"}}, {"type": "Feature", "geometry": {"type": "LineString", "coordinates": [[90.43050909820221, 66.69204524546755], [90.43328763857511, 66.69636956938137]]}, "properties": {"source": "30839987", "target": "5111471"}}, {"type": "Feature", "geometry": {"type": "LineString", "coordinates": [[90.43050909820221, 66.69204524546755], [90.4625649309325, 66.69709089656]]}, "properties": {"source": "30839987", "target": "29890009"}}, {"type": "Feature", "geometry": {"type": "LineString", "coordinates": [[90.43050909820221, 66.69204524546755], [90.46272243014681, 66.69425000044916]]}, "properties": {"source": "30839987", "target": "26882304"}}, {"type": "Feature", "geometry": {"type": "LineString", "coordinates": [[90.43050909820221, 66.69204524546755], [90.4672125087734, 66.69624955262556]]}, "properties": {"source": "30839987", "target": "25393826"}}, {"type": "Feature", "geometry": {"type": "LineString", "coordinates": [[90.43050909820221, 66.69204524546755], [90.4618489819344, 66.69680438091972]]}, "properties": {"source": "30839987", "target": "8044278"}}, {"type": "Feature", "geometry": {"type": "LineString", "coordinates": [[90.43050909820221, 66.69204524546755], [90.43270090946191, 66.69713021364302]]}, "properties": {"source": "30839987", "target": "34608908"}}, {"type": "Feature", "geometry": {"type": "LineString", "coordinates": [[90.43050909820221, 66.69204524546755], [90.43014187244376, 66.69053130317604]]}, "properties": {"source": "30839987", "target": "3064912"}}, {"type": "Feature", "geometry": {"type": "LineString", "coordinates": [[90.43050909820221, 66.69204524546755], [90.44263542341957, 66.6910376039752]]}, "properties": {"source": "30839987", "target": "29071375"}}, {"type": "Feature", "geometry": {"type": "LineString", "coordinates": [[90.43050909820221, 66.69204524546755], [90.44198008766068, 66.69057724745623]]}, "properties": {"source": "30839987", "target": "2958071"}}, {"type": "Feature", "geometry": {"type": "LineString", "coordinates": [[90.43050909820221, 66.69204524546755], [90.4542726729307, 66.69559435639667]]}, "properties": {"source": "30839987", "target": "30762016"}}, {"type": "Feature", "geometry": {"type": "LineString", "coordinates": [[90.46009199339545, 66.68839724223253], [90.4618489819344, 66.69680438091972]]}, "properties": {"source": "4275596", "target": "8044278"}}, {"type": "Feature", "geometry": {"type": "LineString", "coordinates": [[90.46009199339545, 66.68839724223253], [90.43270090946191, 66.69713021364302]]}, "properties": {"source": "4275596", "target": "34608908"}}, {"type": "Feature", "geometry": {"type": "LineString", "coordinates": [[90.4539584549729, 66.68907428030313], [90.45096751858233, 66.69089370656754]]}, "properties": {"source": "25022962", "target": "24962319"}}, {"type": "Feature", "geometry": {"type": "LineString", "coordinates": [[90.43050909820221, 66.69204524546755], [90.43804655987026, 66.69721528777198]]}, "properties": {"source": "30839987", "target": "25368707"}}, {"type": "Feature", "geometry": {"type": "LineString", "coordinates": [[90.42950455031132, 66.68774417390232], [90.4671972349501, 66.69078127438497]]}, "properties": {"source": "25551505", "target": "29346292"}}, {"type": "Feature", "geometry": {"type": "LineString", "coordinates": [[90.42934312774508, 66.69677689593242], [90.4672125087734, 66.69624955262556]]}, "properties": {"source": "28448436", "target": "25393826"}}, {"type": "Feature", "geometry": {"type": "LineString", "coordinates": [[90.42934312774508, 66.69677689593242], [90.4665426208897, 66.69641501476214]]}, "properties": {"source": "28448436", "target": "25365159"}}, {"type": "Feature", "geometry": {"type": "LineString", "coordinates": [[90.42934312774508, 66.69677689593242], [90.46084436830057, 66.68957701242216]]}, "properties": {"source": "28448436", "target": "25356972"}}, {"type": "Feature", "geometry": {"type": "LineString", "coordinates": [[90.46036956821382, 66.6918102368064], [90.43118506753677, 66.69433385521457]]}, "properties": {"source": "25015644", "target": "24682070"}}, {"type": "Feature", "geometry": {"type": "LineString", "coordinates": [[90.46036956821382, 66.6918102368064], [90.43588826769951, 66.69746636900433]]}, "properties": {"source": "25015644", "target": "24970020"}}, {"type": "Feature", "geometry": {"type": "LineString", "coordinates": [[90.46036956821382, 66.6918102368064], [90.44072924030559, 66.69062192633527]]}, "properties": {"source": "25015644", "target": "25000606"}}, {"type": "Feature", "geometry": {"type": "LineString", "coordinates": [[90.46036956821382, 66.6918102368064], [90.46012949241015, 66.69230263211331]]}, "properties": {"source": "25015644", "target": "25008053"}}, {"type": "Feature", "geometry": {"type": "LineString", "coordinates": [[90.46036956821382, 66.6918102368064], [90.46978188400743, 66.69710832183763]]}, "properties": {"source": "25015644", "target": "25015547"}}, {"type": "Feature", "geometry": {"type": "LineString", "coordinates": [[90.46036956821382, 66.6918102368064], [90.46862843295264, 66.68953857181364]]}, "properties": {"source": "25015644", "target": "25112675"}}, {"type": "Feature", "geometry": {"type": "LineString", "coordinates": [[90.46036956821382, 66.6918102368064], [90.45293811643046, 66.6919247680428]]}, "properties": {"source": "25015644", "target": "25053501"}}, {"type": "Feature", "geometry": {"type": "LineString", "coordinates": [[90.46036956821382, 66.6918102368064], [90.45574772343315, 66.69085192166635]]}, "properties": {"source": "25015644", "target": "25126669"}}, {"type": "Feature", "geometry": {"type": "LineString", "coordinates": [[90.46036956821382, 66.6918102368064], [90.45458107911753, 66.68986695341259]]}, "properties": {"source": "25015644", "target": "25067396"}}, {"type": "Feature", "geometry": {"type": "LineString", "coordinates": [[90.46036956821382, 66.6918102368064], [90.43123937132816, 66.68972709478301]]}, "properties": {"source": "25015644", "target": "25126788"}}, {"type": "Feature", "geometry": {"type": "LineString", "coordinates": [[90.46036956821382, 66.6918102368064], [90.45957359313223, 66.69331398691266]]}, "properties": {"source": "25015644", "target": "25126743"}}, {"type": "Feature", "geometry": {"type": "LineString", "coordinates": [[90.42934312774508, 66.69677689593242], [90.43804655987026, 66.69721528777198]]}, "properties": {"source": "28448436", "target": "25368707"}}, {"type": "Feature", "geometry": {"type": "LineString", "coordinates": [[90.4539584549729, 66.68907428030313], [90.44934965991877, 66.6907026191966]]}, "properties": {"source": "25022962", "target": "25000441"}}, {"type": "Feature", "geometry": {"type": "LineString", "coordinates": [[90.4671972349501, 66.69078127438497], [90.46462729492674, 66.69654750647918]]}, "properties": {"source": "29346292", "target": "6489894"}}, {"type": "Feature", "geometry": {"type": "LineString", "coordinates": [[90.4671972349501, 66.69078127438497], [90.43167983540627, 66.68946652432749]]}, "properties": {"source": "29346292", "target": "32068760"}}, {"type": "Feature", "geometry": {"type": "LineString", "coordinates": [[90.4671972349501, 66.69078127438497], [90.43050909820221, 66.69204524546755]]}, "properties": {"source": "29346292", "target": "30839987"}}, {"type": "Feature", "geometry": {"type": "LineString", "coordinates": [[90.4671972349501, 66.69078127438497], [90.46009199339545, 66.68839724223253]]}, "properties": {"source": "29346292", "target": "4275596"}}, {"type": "Feature", "geometry": {"type": "LineString", "coordinates": [[90.4671972349501, 66.69078127438497], [90.43328763857511, 66.69636956938137]]}, "properties": {"source": "29346292", "target": "5111471"}}, {"type": "Feature", "geometry": {"type": "LineString", "coordinates": [[90.4671972349501, 66.69078127438497], [90.4625649309325, 66.69709089656]]}, "properties": {"source": "29346292", "target": "29890009"}}, {"type": "Feature", "geometry": {"type": "LineString", "coordinates": [[90.4671972349501, 66.69078127438497], [90.4312034405732, 66.68711536264016]]}, "properties": {"source": "29346292", "target": "27839901"}}, {"type": "Feature", "geometry": {"type": "LineString", "coordinates": [[90.4671972349501, 66.69078127438497], [90.46272243014681, 66.69425000044916]]}, "properties": {"source": "29346292", "target": "26882304"}}, {"type": "Feature", "geometry": {"type": "LineString", "coordinates": [[90.4671972349501, 66.69078127438497], [90.4672125087734, 66.69624955262556]]}, "properties": {"source": "29346292", "target": "25393826"}}, {"type": "Feature", "geometry": {"type": "LineString", "coordinates": [[90.4671972349501, 66.69078127438497], [90.4560238863354, 66.69453884429274]]}, "properties": {"source": "29346292", "target": "31225450"}}, {"type": "Feature", "geometry": {"type": "LineString", "coordinates": [[90.4671972349501, 66.69078127438497], [90.4665426208897, 66.69641501476214]]}, "properties": {"source": "29346292", "target": "25365159"}}, {"type": "Feature", "geometry": {"type": "LineString", "coordinates": [[90.4671972349501, 66.69078127438497], [90.44263542341957, 66.6910376039752]]}, "properties": {"source": "29346292", "target": "29071375"}}, {"type": "Feature", "geometry": {"type": "LineString", "coordinates": [[90.4312034405732, 66.68711536264016], [90.43167983540627, 66.68946652432749]]}, "properties": {"source": "27839901", "target": "32068760"}}, {"type": "Feature", "geometry": {"type": "LineString", "coordinates": [[90.4312034405732, 66.68711536264016], [90.43050909820221, 66.69204524546755]]}, "properties": {"source": "27839901", "target": "30839987"}}, {"type": "Feature", "geometry": {"type": "LineString", "coordinates": [[90.4671972349501, 66.69078127438497], [90.43804655987026, 66.69721528777198]]}, "properties": {"source": "29346292", "target": "25368707"}}, {"type": "Feature", "geometry": {"type": "LineString", "coordinates": [[90.46407230486187, 66.6981870174208], [90.4593725565432, 66.69633112724979]]}, "properties": {"source": "8522911", "target": "9138275"}}, {"type": "Feature", "geometry": {"type": "LineString", "coordinates": [[90.45291890578301, 66.68849643420242], [90.46740573208007, 66.69373576133688]]}, "properties": {"source": "25214554", "target": "25207637"}}, {"type": "Feature", "geometry": {"type": "LineString", "coordinates": [[90.45291890578301, 66.68849643420242], [90.46349873953517, 66.68914249581488]]}, "properties": {"source": "25214554", "target": "25207590"}}, {"type": "Feature", "geometry": {"type": "LineString", "coordinates": [[90.45291890578301, 66.68849643420242], [90.4522861384138, 66.6972220915947]]}, "properties": {"source": "25214554", "target": "25207487"}}, {"type": "Feature", "geometry": {"type": "LineString", "coordinates": [[90.45291890578301, 66.68849643420242], [90.44667803440018, 66.68826517857666]]}, "properties": {"source": "25214554", "target": "25325975"}}, {"type": "Feature", "geometry": {"type": "LineString", "coordinates": [[90.45291890578301, 66.68849643420242], [90.44303856569246, 66.68879901119176]]}, "properties": {"source": "25214554", "target": "25181742"}}, {"type": "Feature", "geometry": {"type": "LineString", "coordinates": [[90.43370857988799, 66.69738610766076], [90.43559946435676, 66.69565940844261]]}, "properties": {"source": "25267992", "target": "25365206"}}, {"type": "Feature", "geometry": {"type": "LineString", "coordinates": [[90.43370857988799, 66.69738610766076], [90.4672125087734, 66.69624955262556]]}, "properties": {"source": "25267992", "target": "25393826"}}, {"type": "Feature", "geometry": {"type": "LineString", "coordinates": [[90.43370857988799, 66.69738610766076], [90.45831809084763, 66.69680128678459]]}, "properties": {"source": "25267992", "target": "25362652"}}, {"type": "Feature", "geometry": {"type": "LineString", "coordinates": [[90.43370857988799, 66.69738610766076], [90.46564766960813, 66.68686851949883]]}, "properties": {"source": "25267992", "target": "25228083"}}, {"type": "Feature", "geometry": {"type": "LineString", "coordinates": [[90.43370857988799, 66.69738610766076], [90.43214988054154, 66.68803317419791]]}, "properties": {"source": "25267992", "target": "25350734"}}, {"type": "Feature", "geometry": {"type": "LineString", "coordinates": [[90.43370857988799, 66.69738610766076], [90.43284032880047, 66.6880037348464]]}, "properties": {"source": "25267992", "target": "25325863"}}, {"type": "Feature", "geometry": {"type": "LineString", "coordinates": [[90.43370857988799, 66.69738610766076], [90.43502623848946, 66.6994787650804]]}, "properties": {"source": "25267992", "target": "25214526"}}, {"type": "Feature", "geometry": {"type": "LineString", "coordinates": [[90.43370857988799, 66.69738610766076], [90.44925217370496, 66.69606962187675]]}, "properties": {"source": "25267992", "target": "25261522"}}, {"type": "Feature", "geometry": {"type": "LineString", "coordinates": [[90.43370857988799, 66.69738610766076], [90.43804655987026, 66.69721528777198]]}, "properties": {"source": "25267992", "target": "25368707"}}, {"type": "Feature", "geometry": {"type": "LineString", "coordinates": [[90.43370857988799, 66.69738610766076], [90.45543930596034, 66.69012212504582]]}, "properties": {"source": "25267992", "target": "25228205"}}, {"type": "Feature", "geometry": {"type": "LineString", "coordinates": [[90.45597777628308, 66.69294229410897], [90.4625649309325, 66.69709089656]]}, "properties": {"source": "6569328", "target": "29890009"}}, {"type": "Feature", "geometry": {"type": "LineString", "coordinates": [[90.46852773557669, 66.6939980070145], [90.43373572873645, 66.69160441651141]]}, "properties": {"source": "6381114", "target": "13021074"}}, {"type": "Feature", "geometry": {"type": "LineString", "coordinates": [[90.46852773557669, 66.6939980070145], [90.44537868632494, 66.69079099327816]]}, "properties": {"source": "6381114", "target": "15810096"}}, {"type": "Feature", "geometry": {"type": "LineString", "coordinates": [[90.45294613656102, 66.68865663814984], [90.43588826769951, 66.69746636900433]]}, "properties": {"source": "24787465", "target": "24970020"}}, {"type": "Feature", "geometry": {"type": "LineString", "coordinates": [[90.45294613656102, 66.68865663814984], [90.44072924030559, 66.69062192633527]]}, "properties": {"source": "24787465", "target": "25000606"}}, {"type": "Feature", "geometry": {"type": "LineString", "coordinates": [[90.45294613656102, 66.68865663814984], [90.46012949241015, 66.69230263211331]]}, "properties": {"source": "24787465", "target": "25008053"}}, {"type": "Feature", "geometry": {"type": "LineString", "coordinates": [[90.45294613656102, 66.68865663814984], [90.46978188400743, 66.69710832183763]]}, "properties": {"source": "24787465", "target": "25015547"}}, {"type": "Feature", "geometry": {"type": "LineString", "coordinates": [[90.45294613656102, 66.68865663814984], [90.42910947357058, 66.69757453756647]]}, "properties": {"source": "24787465", "target": "16596210"}}, {"type": "Feature", "geometry": {"type": "LineString", "coordinates": [[90.45294613656102, 66.68865663814984], [90.46115909536394, 66.68681966153889]]}, "properties": {"source": "24787465", "target": "18669149"}}, {"type": "Feature", "geometry": {"type": "LineString", "coordinates": [[90.45265328215834, 66.69442182439731], [90.46260270487574, 66.69536693105871]]}, "properties": {"source": "7727150", "target": "7992229"}}, {"type": "Feature", "geometry": {"type": "LineString", "coordinates": [[90.45265328215834, 66.69442182439731], [90.46407230486187, 66.6981870174208]]}, "properties": {"source": "7727150", "target": "8522911"}}, {"type": "Feature", "geometry": {"type": "LineString", "coordinates": [[90.45265328215834, 66.69442182439731], [90.4350537158549, 66.68734788287132]]}, "properties": {"source": "7727150", "target": "9282410"}}, {"type": "Feature", "geometry": {"type": "LineString", "coordinates": [[90.45265328215834, 66.69442182439731], [90.43646580937133, 66.68697540073147]]}, "properties": {"source": "7727150", "target": "8878907"}}, {"type": "Feature", "geometry": {"type": "LineString", "coordinates": [[90.45265328215834, 66.69442182439731], [90.4593725565432, 66.69633112724979]]}, "properties": {"source": "7727150", "target": "9138275"}}, {"type": "Feature", "geometry": {"type": "LineString", "coordinates": [[90.45265328215834, 66.69442182439731], [90.43630896120129, 66.69026043186402]]}, "properties": {"source": "7727150", "target": "881985"}}, {"type": "Feature", "geometry": {"type": "LineString", "coordinates": [[90.45265328215834, 66.69442182439731], [90.44969281000135, 66.69800249989952]]}, "properties": {"source": "7727150", "target": "881779"}}, {"type": "Feature", "geometry": {"type": "LineString", "coordinates": [[90.4350537158549, 66.68734788287132], [90.43646580937133, 66.68697540073147]]}, "properties": {"source": "9282410", "target": "8878907"}}, {"type": "Feature", "geometry": {"type": "LineString", "coordinates": [[90.4350537158549, 66.68734788287132], [90.4593725565432, 66.69633112724979]]}, "properties": {"source": "9282410", "target": "9138275"}}, {"type": "Feature", "geometry": {"type": "LineString", "coordinates": [[90.4350537158549, 66.68734788287132], [90.43630896120129, 66.69026043186402]]}, "properties": {"source": "9282410", "target": "881985"}}, {"type": "Feature", "geometry": {"type": "LineString", "coordinates": [[90.4350537158549, 66.68734788287132], [90.44148482398816, 66.68695652400416]]}, "properties": {"source": "9282410", "target": "877250"}}, {"type": "Feature", "geometry": {"type": "LineString", "coordinates": [[90.45610998544021, 66.69722683571739], [90.43964275710186, 66.69709654097352]]}, "properties": {"source": "12125610", "target": "20804484"}}, {"type": "Feature", "geometry": {"type": "LineString", "coordinates": [[90.45610998544021, 66.69722683571739], [90.4417730089861, 66.69348537952254]]}, "properties": {"source": "12125610", "target": "1919723"}}, {"type": "Feature", "geometry": {"type": "LineString", "coordinates": [[90.45610998544021, 66.69722683571739], [90.44482632493953, 66.69140111180238]]}, "properties": {"source": "12125610", "target": "19053203"}}, {"type": "Feature", "geometry": {"type": "LineString", "coordinates": [[90.45610998544021, 66.69722683571739], [90.46456246389931, 66.69445260169009]]}, "properties": {"source": "12125610", "target": "18130160"}}, {"type": "Feature", "geometry": {"type": "LineString", "coordinates": [[90.43611552866525, 66.69766539566324], [90.4417730089861, 66.69348537952254]]}, "properties": {"source": "18216961", "target": "1919723"}}, {"type": "Feature", "geometry": {"type": "LineString", "coordinates": [[90.43611552866525, 66.69766539566324], [90.44482632493953, 66.69140111180238]]}, "properties": {"source": "18216961", "target": "19053203"}}, {"type": "Feature", "geometry": {"type": "LineString", "coordinates": [[90.43611552866525, 66.69766539566324], [90.4427602099484, 66.69583655194496]]}, "properties": {"source": "18216961", "target": "19004499"}}, {"type": "Feature", "geometry": {"type": "LineString", "coordinates": [[90.44930127058376, 66.69759738454788], [90.4417730089861, 66.69348537952254]]}, "properties": {"source": "13022251", "target": "1919723"}}, {"type": "Feature", "geometry": {"type": "LineString", "coordinates": [[90.44930127058376, 66.69759738454788], [90.44482632493953, 66.69140111180238]]}, "properties": {"source": "13022251", "target": "19053203"}}, {"type": "Feature", "geometry": {"type": "LineString", "coordinates": [[90.44930127058376, 66.69759738454788], [90.46456246389931, 66.69445260169009]]}, "properties": {"source": "13022251", "target": "18130160"}}, {"type": "Feature", "geometry": {"type": "LineString", "coordinates": [[90.450470309725, 66.69612029639852], [90.46456246389931, 66.69445260169009]]}, "properties": {"source": "15733009", "target": "18130160"}}, {"type": "Feature", "geometry": {"type": "LineString", "coordinates": [[90.46894694080487, 66.68821180490006], [90.450470309725, 66.69612029639852]]}, "properties": {"source": "1741372", "target": "15733009"}}, {"type": "Feature", "geometry": {"type": "LineString", "coordinates": [[90.44560815030087, 66.69403664297441], [90.4417730089861, 66.69348537952254]]}, "properties": {"source": "1465665", "target": "1919723"}}, {"type": "Feature", "geometry": {"type": "LineString", "coordinates": [[90.44590875142808, 66.69632014520928], [90.43559946435676, 66.69565940844261]]}, "properties": {"source": "25368642", "target": "25365206"}}, {"type": "Feature", "geometry": {"type": "LineString", "coordinates": [[90.44590875142808, 66.69632014520928], [90.44764749051757, 66.69781623461462]]}, "properties": {"source": "25368642", "target": "25483722"}}, {"type": "Feature", "geometry": {"type": "LineString", "coordinates": [[90.44590875142808, 66.69632014520928], [90.4672125087734, 66.69624955262556]]}, "properties": {"source": "25368642", "target": "25393826"}}, {"type": "Feature", "geometry": {"type": "LineString", "coordinates": [[90.44590875142808, 66.69632014520928], [90.45831809084763, 66.69680128678459]]}, "properties": {"source": "25368642", "target": "25362652"}}, {"type": "Feature", "geometry": {"type": "LineString", "coordinates": [[90.44590875142808, 66.69632014520928], [90.43370857988799, 66.69738610766076]]}, "properties": {"source": "25368642", "target": "25267992"}}, {"type": "Feature", "geometry": {"type": "LineString", "coordinates": [[90.44590875142808, 66.69632014520928], [90.43214988054154, 66.68803317419791]]}, "properties": {"source": "25368642", "target": "25350734"}}, {"type": "Feature", "geometry": {"type": "LineString", "coordinates": [[90.44590875142808, 66.69632014520928], [90.43284032880047, 66.6880037348464]]}, "properties": {"source": "25368642", "target": "25325863"}}, {"type": "Feature", "geometry": {"type": "LineString", "coordinates": [[90.44590875142808, 66.69632014520928], [90.44925217370496, 66.69606962187675]]}, "properties": {"source": "25368642", "target": "25261522"}}, {"type": "Feature", "geometry": {"type": "LineString", "coordinates": [[90.44590875142808, 66.69632014520928], [90.44667803440018, 66.68826517857666]]}, "properties": {"source": "25368642", "target": "25325975"}}, {"type": "Feature", "geometry": {"type": "LineString", "coordinates": [[90.44590875142808, 66.69632014520928], [90.4665426208897, 66.69641501476214]]}, "properties": {"source": "25368642", "target": "25365159"}}, {"type": "Feature", "geometry": {"type": "LineString", "coordinates": [[90.44590875142808, 66.69632014520928], [90.46084436830057, 66.68957701242216]]}, "properties": {"source": "25368642", "target": "25356972"}}, {"type": "Feature", "geometry": {"type": "LineString", "coordinates": [[90.46390312263117, 66.69350298788424], [90.44072924030559, 66.69062192633527]]}, "properties": {"source": "25119026", "target": "25000606"}}, {"type": "Feature", "geometry": {"type": "LineString", "coordinates": [[90.46390312263117, 66.69350298788424], [90.46012949241015, 66.69230263211331]]}, "properties": {"source": "25119026", "target": "25008053"}}, {"type": "Feature", "geometry": {"type": "LineString", "coordinates": [[90.44590875142808, 66.69632014520928], [90.43804655987026, 66.69721528777198]]}, "properties": {"source": "25368642", "target": "25368707"}}, {"type": "Feature", "geometry": {"type": "LineString", "coordinates": [[90.46390312263117, 66.69350298788424], [90.44358477938312, 66.69604559823162]]}, "properties": {"source": "25119026", "target": "25008258"}}, {"type": "Feature", "geometry": {"type": "LineString", "coordinates": [[90.46852773557669, 66.6939980070145], [90.45208658311714, 66.69374228749449]]}, "properties": {"source": "6381114", "target": "856544"}}, {"type": "Feature", "geometry": {"type": "LineString", "coordinates": [[90.43559946435676, 66.69565940844261], [90.46272243014681, 66.69425000044916]]}, "properties": {"source": "25365206", "target": "26882304"}}, {"type": "Feature", "geometry": {"type": "LineString", "coordinates": [[90.43559946435676, 66.69565940844261], [90.44764749051757, 66.69781623461462]]}, "properties": {"source": "25365206", "target": "25483722"}}, {"type": "Feature", "geometry": {"type": "LineString", "coordinates": [[90.43559946435676, 66.69565940844261], [90.4672125087734, 66.69624955262556]]}, "properties": {"source": "25365206", "target": "25393826"}}, {"type": "Feature", "geometry": {"type": "LineString", "coordinates": [[90.43559946435676, 66.69565940844261], [90.44925217370496, 66.69606962187675]]}, "properties": {"source": "25365206", "target": "25261522"}}, {"type": "Feature", "geometry": {"type": "LineString", "coordinates": [[90.43559946435676, 66.69565940844261], [90.44667803440018, 66.68826517857666]]}, "properties": {"source": "25365206", "target": "25325975"}}, {"type": "Feature", "geometry": {"type": "LineString", "coordinates": [[90.43559946435676, 66.69565940844261], [90.4665426208897, 66.69641501476214]]}, "properties": {"source": "25365206", "target": "25365159"}}, {"type": "Feature", "geometry": {"type": "LineString", "coordinates": [[90.43559946435676, 66.69565940844261], [90.46084436830057, 66.68957701242216]]}, "properties": {"source": "25365206", "target": "25356972"}}, {"type": "Feature", "geometry": {"type": "LineString", "coordinates": [[90.44645304892134, 66.6921748863059], [90.43964275710186, 66.69709654097352]]}, "properties": {"source": "1518746", "target": "20804484"}}, {"type": "Feature", "geometry": {"type": "LineString", "coordinates": [[90.44645304892134, 66.6921748863059], [90.46774673442025, 66.69239542026965]]}, "properties": {"source": "1518746", "target": "19356251"}}, {"type": "Feature", "geometry": {"type": "LineString", "coordinates": [[90.44645304892134, 66.6921748863059], [90.4417730089861, 66.69348537952254]]}, "properties": {"source": "1518746", "target": "1919723"}}, {"type": "Feature", "geometry": {"type": "LineString", "coordinates": [[90.44645304892134, 66.6921748863059], [90.44482632493953, 66.69140111180238]]}, "properties": {"source": "1518746", "target": "19053203"}}, {"type": "Feature", "geometry": {"type": "LineString", "coordinates": [[90.44645304892134, 66.6921748863059], [90.46456246389931, 66.69445260169009]]}, "properties": {"source": "1518746", "target": "18130160"}}, {"type": "Feature", "geometry": {"type": "LineString", "coordinates": [[90.44645304892134, 66.6921748863059], [90.43118506753677, 66.69433385521457]]}, "properties": {"source": "1518746", "target": "24682070"}}, {"type": "Feature", "geometry": {"type": "LineString", "coordinates": [[90.43559946435676, 66.69565940844261], [90.43804655987026, 66.69721528777198]]}, "properties": {"source": "25365206", "target": "25368707"}}, {"type": "Feature", "geometry": {"type": "LineString", "coordinates": [[90.43559946435676, 66.69565940844261], [90.45543930596034, 66.69012212504582]]}, "properties": {"source": "25365206", "target": "25228205"}}, {"type": "Feature", "geometry": {"type": "LineString", "coordinates": [[90.44373391828645, 66.68936459379533], [90.44764749051757, 66.69781623461462]]}, "properties": {"source": "29977932", "target": "25483722"}}, {"type": "Feature", "geometry": {"type": "LineString", "coordinates": [[90.44373391828645, 66.68936459379533], [90.4672125087734, 66.69624955262556]]}, "properties": {"source": "29977932", "target": "25393826"}}, {"type": "Feature", "geometry": {"type": "LineString", "coordinates": [[90.44373391828645, 66.68936459379533], [90.4560238863354, 66.69453884429274]]}, "properties": {"source": "29977932", "target": "31225450"}}, {"type": "Feature", "geometry": {"type": "LineString", "coordinates": [[90.44373391828645, 66.68936459379533], [90.43270090946191, 66.69713021364302]]}, "properties": {"source": "29977932", "target": "34608908"}}, {"type": "Feature", "geometry": {"type": "LineString", "coordinates": [[90.44373391828645, 66.68936459379533], [90.46939098525576, 66.69913055696213]]}, "properties": {"source": "29977932", "target": "2685281"}}, {"type": "Feature", "geometry": {"type": "LineString", "coordinates": [[90.44373391828645, 66.68936459379533], [90.44263542341957, 66.6910376039752]]}, "properties": {"source": "29977932", "target": "29071375"}}, {"type": "Feature", "geometry": {"type": "LineString", "coordinates": [[90.44373391828645, 66.68936459379533], [90.4568157620501, 66.68894566962615]]}, "properties": {"source": "29977932", "target": "29489304"}}, {"type": "Feature", "geometry": {"type": "LineString", "coordinates": [[90.44373391828645, 66.68936459379533], [90.44198008766068, 66.69057724745623]]}, "properties": {"source": "29977932", "target": "2958071"}}, {"type": "Feature", "geometry": {"type": "LineString", "coordinates": [[90.43328763857511, 66.69636956938137], [90.43167983540627, 66.68946652432749]]}, "properties": {"source": "5111471", "target": "32068760"}}, {"type": "Feature", "geometry": {"type": "LineString", "coordinates": [[90.43328763857511, 66.69636956938137], [90.46009199339545, 66.68839724223253]]}, "properties": {"source": "5111471", "target": "4275596"}}, {"type": "Feature", "geometry": {"type": "LineString", "coordinates": [[90.43328763857511, 66.69636956938137], [90.4625649309325, 66.69709089656]]}, "properties": {"source": "5111471", "target": "29890009"}}, {"type": "Feature", "geometry": {"type": "LineString", "coordinates": [[90.43328763857511, 66.69636956938137], [90.4584469416385, 66.69238440589925]]}, "properties": {"source": "5111471", "target": "8341199"}}, {"type": "Feature", "geometry": {"type": "LineString", "coordinates": [[90.43328763857511, 66.69636956938137], [90.4618489819344, 66.69680438091972]]}, "properties": {"source": "5111471", "target": "8044278"}}, {"type": "Feature", "geometry": {"type": "LineString", "coordinates": [[90.43328763857511, 66.69636956938137], [90.43270090946191, 66.69713021364302]]}, "properties": {"source": "5111471", "target": "34608908"}}, {"type": "Feature", "geometry": {"type": "LineString", "coordinates": [[90.43328763857511, 66.69636956938137], [90.44263542341957, 66.6910376039752]]}, "properties": {"source": "5111471", "target": "29071375"}}, {"type": "Feature", "geometry": {"type": "LineString", "coordinates": [[90.44373391828645, 66.68936459379533], [90.43804655987026, 66.69721528777198]]}, "properties": {"source": "29977932", "target": "25368707"}}, {"type": "Feature", "geometry": {"type": "LineString", "coordinates": [[90.43964275710186, 66.69709654097352], [90.46199777314825, 66.69465436423786]]}, "properties": {"source": "20804484", "target": "2072722"}}, {"type": "Feature", "geometry": {"type": "LineString", "coordinates": [[90.46774673442025, 66.69239542026965], [90.43964275710186, 66.69709654097352]]}, "properties": {"source": "19356251", "target": "20804484"}}, {"type": "Feature", "geometry": {"type": "LineString", "coordinates": [[90.46774673442025, 66.69239542026965], [90.4417730089861, 66.69348537952254]]}, "properties": {"source": "19356251", "target": "1919723"}}, {"type": "Feature", "geometry": {"type": "LineString", "coordinates": [[90.46774673442025, 66.69239542026965], [90.44482632493953, 66.69140111180238]]}, "properties": {"source": "19356251", "target": "19053203"}}, {"type": "Feature", "geometry": {"type": "LineString", "coordinates": [[90.46774673442025, 66.69239542026965], [90.46456246389931, 66.69445260169009]]}, "properties": {"source": "19356251", "target": "18130160"}}, {"type": "Feature", "geometry": {"type": "LineString", "coordinates": [[90.46774673442025, 66.69239542026965], [90.43118506753677, 66.69433385521457]]}, "properties": {"source": "19356251", "target": "24682070"}}, {"type": "Feature", "geometry": {"type": "LineString", "coordinates": [[90.46774673442025, 66.69239542026965], [90.43588826769951, 66.69746636900433]]}, "properties": {"source": "19356251", "target": "24970020"}}, {"type": "Feature", "geometry": {"type": "LineString", "coordinates": [[90.46774673442025, 66.69239542026965], [90.44072924030559, 66.69062192633527]]}, "properties": {"source": "19356251", "target": "25000606"}}, {"type": "Feature", "geometry": {"type": "LineString", "coordinates": [[90.46774673442025, 66.69239542026965], [90.45805496073052, 66.69912699505244]]}, "properties": {"source": "19356251", "target": "1421558"}}, {"type": "Feature", "geometry": {"type": "LineString", "coordinates": [[90.46774673442025, 66.69239542026965], [90.43583899461959, 66.69127676108772]]}, "properties": {"source": "19356251", "target": "17345756"}}, {"type": "Feature", "geometry": {"type": "LineString", "coordinates": [[90.46774673442025, 66.69239542026965], [90.4427602099484, 66.69583655194496]]}, "properties": {"source": "19356251", "target": "19004499"}}, {"type": "Feature", "geometry": {"type": "LineString", "coordinates": [[90.46774673442025, 66.69239542026965], [90.45610998544021, 66.69722683571739]]}, "properties": {"source": "19356251", "target": "12125610"}}, {"type": "Feature", "geometry": {"type": "LineString", "coordinates": [[90.46774673442025, 66.69239542026965], [90.43611552866525, 66.69766539566324]]}, "properties": {"source": "19356251", "target": "18216961"}}, {"type": "Feature", "geometry": {"type": "LineString", "coordinates": [[90.46774673442025, 66.69239542026965], [90.44930127058376, 66.69759738454788]]}, "properties": {"source": "19356251", "target": "13022251"}}, {"type": "Feature", "geometry": {"type": "LineString", "coordinates": [[90.43717153393453, 66.6942339140781], [90.43804655987026, 66.69721528777198]]}, "properties": {"source": "25267921", "target": "25368707"}}, {"type": "Feature", "geometry": {"type": "LineString", "coordinates": [[90.46774673442025, 66.69239542026965], [90.450470309725, 66.69612029639852]]}, "properties": {"source": "19356251", "target": "15733009"}}, {"type": "Feature", "geometry": {"type": "LineString", "coordinates": [[90.43879643169896, 66.68995087719891], [90.46462729492674, 66.69654750647918]]}, "properties": {"source": "5123374", "target": "6489894"}}, {"type": "Feature", "geometry": {"type": "LineString", "coordinates": [[90.43879643169896, 66.68995087719891], [90.43167983540627, 66.68946652432749]]}, "properties": {"source": "5123374", "target": "32068760"}}, {"type": "Feature", "geometry": {"type": "LineString", "coordinates": [[90.43879643169896, 66.68995087719891], [90.45597777628308, 66.69294229410897]]}, "properties": {"source": "5123374", "target": "6569328"}}, {"type": "Feature", "geometry": {"type": "LineString", "coordinates": [[90.43879643169896, 66.68995087719891], [90.46009199339545, 66.68839724223253]]}, "properties": {"source": "5123374", "target": "4275596"}}, {"type": "Feature", "geometry": {"type": "LineString", "coordinates": [[90.43879643169896, 66.68995087719891], [90.44373391828645, 66.68936459379533]]}, "properties": {"source": "5123374", "target": "29977932"}}, {"type": "Feature", "geometry": {"type": "LineString", "coordinates": [[90.43879643169896, 66.68995087719891], [90.43328763857511, 66.69636956938137]]}, "properties": {"source": "5123374", "target": "5111471"}}, {"type": "Feature", "geometry": {"type": "LineString", "coordinates": [[90.43879643169896, 66.68995087719891], [90.4584469416385, 66.69238440589925]]}, "properties": {"source": "5123374", "target": "8341199"}}, {"type": "Feature", "geometry": {"type": "LineString", "coordinates": [[90.43879643169896, 66.68995087719891], [90.4618489819344, 66.69680438091972]]}, "properties": {"source": "5123374", "target": "8044278"}}, {"type": "Feature", "geometry": {"type": "LineString", "coordinates": [[90.43879643169896, 66.68995087719891], [90.4560238863354, 66.69453884429274]]}, "properties": {"source": "5123374", "target": "31225450"}}, {"type": "Feature", "geometry": {"type": "LineString", "coordinates": [[90.43879643169896, 66.68995087719891], [90.44266138973546, 66.6923983475973]]}, "properties": {"source": "5123374", "target": "856474"}}, {"type": "Feature", "geometry": {"type": "LineString", "coordinates": [[90.43879643169896, 66.68995087719891], [90.43270090946191, 66.69713021364302]]}, "properties": {"source": "5123374", "target": "34608908"}}, {"type": "Feature", "geometry": {"type": "LineString", "coordinates": [[90.43879643169896, 66.68995087719891], [90.44067915554484, 66.69792906665016]]}, "properties": {"source": "5123374", "target": "6605111"}}, {"type": "Feature", "geometry": {"type": "LineString", "coordinates": [[90.43879643169896, 66.68995087719891], [90.45436455153623, 66.6935502526424]]}, "properties": {"source": "5123374", "target": "7153686"}}, {"type": "Feature", "geometry": {"type": "LineString", "coordinates": [[90.43879643169896, 66.68995087719891], [90.43222828756723, 66.69262879534911]]}, "properties": {"source": "5123374", "target": "682583"}}, {"type": "Feature", "geometry": {"type": "LineString", "coordinates": [[90.43879643169896, 66.68995087719891], [90.45208658311714, 66.69374228749449]]}, "properties": {"source": "5123374", "target": "856544"}}, {"type": "Feature", "geometry": {"type": "LineString", "coordinates": [[90.44925217370496, 66.69606962187675], [90.43804655987026, 66.69721528777198]]}, "properties": {"source": "25261522", "target": "25368707"}}, {"type": "Feature", "geometry": {"type": "LineString", "coordinates": [[90.44934965991877, 66.6907026191966], [90.45294613656102, 66.68865663814984]]}, "properties": {"source": "25000441", "target": "24787465"}}, {"type": "Feature", "geometry": {"type": "LineString", "coordinates": [[90.44363054396075, 66.69848194523397], [90.45831809084763, 66.69680128678459]]}, "properties": {"source": "25326056", "target": "25362652"}}, {"type": "Feature", "geometry": {"type": "LineString", "coordinates": [[90.44363054396075, 66.69848194523397], [90.43717153393453, 66.6942339140781]]}, "properties": {"source": "25326056", "target": "25267921"}}, {"type": "Feature", "geometry": {"type": "LineString", "coordinates": [[90.44363054396075, 66.69848194523397], [90.46024172004041, 66.6947520537911]]}, "properties": {"source": "25326056", "target": "25234447"}}, {"type": "Feature", "geometry": {"type": "LineString", "coordinates": [[90.44363054396075, 66.69848194523397], [90.45291890578301, 66.68849643420242]]}, "properties": {"source": "25326056", "target": "25214554"}}, {"type": "Feature", "geometry": {"type": "LineString", "coordinates": [[90.44363054396075, 66.69848194523397], [90.43370857988799, 66.69738610766076]]}, "properties": {"source": "25326056", "target": "25267992"}}, {"type": "Feature", "geometry": {"type": "LineString", "coordinates": [[90.44363054396075, 66.69848194523397], [90.46564766960813, 66.68686851949883]]}, "properties": {"source": "25326056", "target": "25228083"}}, {"type": "Feature", "geometry": {"type": "LineString", "coordinates": [[90.44363054396075, 66.69848194523397], [90.43214988054154, 66.68803317419791]]}, "properties": {"source": "25326056", "target": "25350734"}}, {"type": "Feature", "geometry": {"type": "LineString", "coordinates": [[90.44363054396075, 66.69848194523397], [90.43284032880047, 66.6880037348464]]}, "properties": {"source": "25326056", "target": "25325863"}}, {"type": "Feature", "geometry": {"type": "LineString", "coordinates": [[90.44363054396075, 66.69848194523397], [90.44925217370496, 66.69606962187675]]}, "properties": {"source": "25326056", "target": "25261522"}}, {"type": "Feature", "geometry": {"type": "LineString", "coordinates": [[90.44363054396075, 66.69848194523397], [90.4390544680237, 66.69308441355001]]}, "properties": {"source": "25326056", "target": "25221752"}}, {"type": "Feature", "geometry": {"type": "LineString", "coordinates": [[90.44363054396075, 66.69848194523397], [90.44667803440018, 66.68826517857666]]}, "properties": {"source": "25326056", "target": "25325975"}}, {"type": "Feature", "geometry": {"type": "LineString", "coordinates": [[90.43717153393453, 66.6942339140781], [90.44590875142808, 66.69632014520928]]}, "properties": {"source": "25267921", "target": "25368642"}}, {"type": "Feature", "geometry": {"type": "LineString", "coordinates": [[90.43717153393453, 66.6942339140781], [90.43559946435676, 66.69565940844261]]}, "properties": {"source": "25267921", "target": "25365206"}}, {"type": "Feature", "geometry": {"type": "LineString", "coordinates": [[90.43717153393453, 66.6942339140781], [90.4672125087734, 66.69624955262556]]}, "properties": {"source": "25267921", "target": "25393826"}}, {"type": "Feature", "geometry": {"type": "LineString", "coordinates": [[90.44363054396075, 66.69848194523397], [90.45543930596034, 66.69012212504582]]}, "properties": {"source": "25326056", "target": "25228205"}}, {"type": "Feature", "geometry": {"type": "LineString", "coordinates": [[90.45831809084763, 66.69680128678459], [90.43214988054154, 66.68803317419791]]}, "properties": {"source": "25362652", "target": "25350734"}}, {"type": "Feature", "geometry": {"type": "LineString", "coordinates": [[90.44645304892134, 66.6921748863059], [90.45610998544021, 66.69722683571739]]}, "properties": {"source": "1518746", "target": "12125610"}}, {"type": "Feature", "geometry": {"type": "LineString", "coordinates": [[90.44645304892134, 66.6921748863059], [90.44930127058376, 66.69759738454788]]}, "properties": {"source": "1518746", "target": "13022251"}}, {"type": "Feature", "geometry": {"type": "LineString", "coordinates": [[90.44645304892134, 66.6921748863059], [90.46181232136104, 66.69002352787994]]}, "properties": {"source": "1518746", "target": "1320145"}}, {"type": "Feature", "geometry": {"type": "LineString", "coordinates": [[90.44645304892134, 66.6921748863059], [90.46259451654316, 66.69810843185847]]}, "properties": {"source": "1518746", "target": "13437275"}}, {"type": "Feature", "geometry": {"type": "LineString", "coordinates": [[90.44645304892134, 66.6921748863059], [90.44023886728002, 66.69353432277705]]}, "properties": {"source": "1518746", "target": "13493091"}}, {"type": "Feature", "geometry": {"type": "LineString", "coordinates": [[90.44645304892134, 66.6921748863059], [90.44059871139194, 66.6953940656468]]}, "properties": {"source": "1518746", "target": "12726578"}}, {"type": "Feature", "geometry": {"type": "LineString", "coordinates": [[90.44764749051757, 66.69781623461462], [90.43167983540627, 66.68946652432749]]}, "properties": {"source": "25483722", "target": "32068760"}}, {"type": "Feature", "geometry": {"type": "LineString", "coordinates": [[90.44764749051757, 66.69781623461462], [90.43050909820221, 66.69204524546755]]}, "properties": {"source": "25483722", "target": "30839987"}}, {"type": "Feature", "geometry": {"type": "LineString", "coordinates": [[90.44764749051757, 66.69781623461462], [90.46009199339545, 66.68839724223253]]}, "properties": {"source": "25483722", "target": "4275596"}}, {"type": "Feature", "geometry": {"type": "LineString", "coordinates": [[90.44764749051757, 66.69781623461462], [90.4625649309325, 66.69709089656]]}, "properties": {"source": "25483722", "target": "29890009"}}, {"type": "Feature", "geometry": {"type": "LineString", "coordinates": [[90.44764749051757, 66.69781623461462], [90.4671972349501, 66.69078127438497]]}, "properties": {"source": "25483722", "target": "29346292"}}, {"type": "Feature", "geometry": {"type": "LineString", "coordinates": [[90.44764749051757, 66.69781623461462], [90.4312034405732, 66.68711536264016]]}, "properties": {"source": "25483722", "target": "27839901"}}, {"type": "Feature", "geometry": {"type": "LineString", "coordinates": [[90.44764749051757, 66.69781623461462], [90.46272243014681, 66.69425000044916]]}, "properties": {"source": "25483722", "target": "26882304"}}, {"type": "Feature", "geometry": {"type": "LineString", "coordinates": [[90.44764749051757, 66.69781623461462], [90.4672125087734, 66.69624955262556]]}, "properties": {"source": "25483722", "target": "25393826"}}, {"type": "Feature", "geometry": {"type": "LineString", "coordinates": [[90.44764749051757, 66.69781623461462], [90.43804655987026, 66.69721528777198]]}, "properties": {"source": "25483722", "target": "25368707"}}, {"type": "Feature", "geometry": {"type": "LineString", "coordinates": [[90.4394589197156, 66.68747476340394], [90.4522861384138, 66.6972220915947]]}, "properties": {"source": "25173661", "target": "25207487"}}, {"type": "Feature", "geometry": {"type": "LineString", "coordinates": [[90.4640670533974, 66.69898564499772], [90.43502623848946, 66.6994787650804]]}, "properties": {"source": "25173770", "target": "25214526"}}, {"type": "Feature", "geometry": {"type": "LineString", "coordinates": [[90.4640670533974, 66.69898564499772], [90.43183754010545, 66.69208886166399]]}, "properties": {"source": "25173770", "target": "25214424"}}, {"type": "Feature", "geometry": {"type": "LineString", "coordinates": [[90.4640670533974, 66.69898564499772], [90.46740573208007, 66.69373576133688]]}, "properties": {"source": "25173770", "target": "25207637"}}, {"type": "Feature", "geometry": {"type": "LineString", "coordinates": [[90.4640670533974, 66.69898564499772], [90.46349873953517, 66.68914249581488]]}, "properties": {"source": "25173770", "target": "25207590"}}, {"type": "Feature", "geometry": {"type": "LineString", "coordinates": [[90.4640670533974, 66.69898564499772], [90.4522861384138, 66.6972220915947]]}, "properties": {"source": "25173770", "target": "25207487"}}, {"type": "Feature", "geometry": {"type": "LineString", "coordinates": [[90.4640670533974, 66.69898564499772], [90.44303856569246, 66.68879901119176]]}, "properties": {"source": "25173770", "target": "25181742"}}, {"type": "Feature", "geometry": {"type": "LineString", "coordinates": [[90.4640670533974, 66.69898564499772], [90.4459474466887, 66.69682583991197]]}, "properties": {"source": "25173770", "target": "25075801"}}, {"type": "Feature", "geometry": {"type": "LineString", "coordinates": [[90.45831809084763, 66.69680128678459], [90.42934312774508, 66.69677689593242]]}, "properties": {"source": "25362652", "target": "28448436"}}, {"type": "Feature", "geometry": {"type": "LineString", "coordinates": [[90.45831809084763, 66.69680128678459], [90.4671972349501, 66.69078127438497]]}, "properties": {"source": "25362652", "target": "29346292"}}, {"type": "Feature", "geometry": {"type": "LineString", "coordinates": [[90.45831809084763, 66.69680128678459], [90.4312034405732, 66.68711536264016]]}, "properties": {"source": "25362652", "target": "27839901"}}, {"type": "Feature", "geometry": {"type": "LineString", "coordinates": [[90.45831809084763, 66.69680128678459], [90.46272243014681, 66.69425000044916]]}, "properties": {"source": "25362652", "target": "26882304"}}, {"type": "Feature", "geometry": {"type": "LineString", "coordinates": [[90.45831809084763, 66.69680128678459], [90.43559946435676, 66.69565940844261]]}, "properties": {"source": "25362652", "target": "25365206"}}, {"type": "Feature", "geometry": {"type": "LineString", "coordinates": [[90.45831809084763, 66.69680128678459], [90.44764749051757, 66.69781623461462]]}, "properties": {"source": "25362652", "target": "25483722"}}, {"type": "Feature", "geometry": {"type": "LineString", "coordinates": [[90.45831809084763, 66.69680128678459], [90.4672125087734, 66.69624955262556]]}, "properties": {"source": "25362652", "target": "25393826"}}, {"type": "Feature", "geometry": {"type": "LineString", "coordinates": [[90.45831809084763, 66.69680128678459], [90.43804655987026, 66.69721528777198]]}, "properties": {"source": "25362652", "target": "25368707"}}, {"type": "Feature", "geometry": {"type": "LineString", "coordinates": [[90.44764749051757, 66.69781623461462], [90.44667803440018, 66.68826517857666]]}, "properties": {"source": "25483722", "target": "25325975"}}, {"type": "Feature", "geometry": {"type": "LineString", "coordinates": [[90.4312034405732, 66.68711536264016], [90.43328763857511, 66.69636956938137]]}, "properties": {"source": "27839901", "target": "5111471"}}, {"type": "Feature", "geometry": {"type": "LineString", "coordinates": [[90.4312034405732, 66.68711536264016], [90.4625649309325, 66.69709089656]]}, "properties": {"source": "27839901", "target": "29890009"}}, {"type": "Feature", "geometry": {"type": "LineString", "coordinates": [[90.4312034405732, 66.68711536264016], [90.46272243014681, 66.69425000044916]]}, "properties": {"source": "27839901", "target": "26882304"}}, {"type": "Feature", "geometry": {"type": "LineString", "coordinates": [[90.4312034405732, 66.68711536264016], [90.4672125087734, 66.69624955262556]]}, "properties": {"source": "27839901", "target": "25393826"}}, {"type": "Feature", "geometry": {"type": "LineString", "coordinates": [[90.4312034405732, 66.68711536264016], [90.4665426208897, 66.69641501476214]]}, "properties": {"source": "27839901", "target": "25365159"}}, {"type": "Feature", "geometry": {"type": "LineString", "coordinates": [[90.4312034405732, 66.68711536264016], [90.46084436830057, 66.68957701242216]]}, "properties": {"source": "27839901", "target": "25356972"}}, {"type": "Feature", "geometry": {"type": "LineString", "coordinates": [[90.46272243014681, 66.69425000044916], [90.43167983540627, 66.68946652432749]]}, "properties": {"source": "26882304", "target": "32068760"}}, {"type": "Feature", "geometry": {"type": "LineString", "coordinates": [[90.46272243014681, 66.69425000044916], [90.46009199339545, 66.68839724223253]]}, "properties": {"source": "26882304", "target": "4275596"}}, {"type": "Feature", "geometry": {"type": "LineString", "coordinates": [[90.46272243014681, 66.69425000044916], [90.43328763857511, 66.69636956938137]]}, "properties": {"source": "26882304", "target": "5111471"}}, {"type": "Feature", "geometry": {"type": "LineString", "coordinates": [[90.46272243014681, 66.69425000044916], [90.4625649309325, 66.69709089656]]}, "properties": {"source": "26882304", "target": "29890009"}}, {"type": "Feature", "geometry": {"type": "LineString", "coordinates": [[90.46272243014681, 66.69425000044916], [90.4672125087734, 66.69624955262556]]}, "properties": {"source": "26882304", "target": "25393826"}}, {"type": "Feature", "geometry": {"type": "LineString", "coordinates": [[90.46272243014681, 66.69425000044916], [90.44667803440018, 66.68826517857666]]}, "properties": {"source": "26882304", "target": "25325975"}}, {"type": "Feature", "geometry": {"type": "LineString", "coordinates": [[90.46272243014681, 66.69425000044916], [90.4665426208897, 66.69641501476214]]}, "properties": {"source": "26882304", "target": "25365159"}}, {"type": "Feature", "geometry": {"type": "LineString", "coordinates": [[90.4312034405732, 66.68711536264016], [90.43804655987026, 66.69721528777198]]}, "properties": {"source": "27839901", "target": "25368707"}}, {"type": "Feature", "geometry": {"type": "LineString", "coordinates": [[90.46272243014681, 66.69425000044916], [90.43804655987026, 66.69721528777198]]}, "properties": {"source": "26882304", "target": "25368707"}}, {"type": "Feature", "geometry": {"type": "LineString", "coordinates": [[90.45291890578301, 66.68849643420242], [90.43183754010545, 66.69208886166399]]}, "properties": {"source": "25214554", "target": "25214424"}}, {"type": "Feature", "geometry": {"type": "LineString", "coordinates": [[90.43214988054154, 66.68803317419791], [90.4312034405732, 66.68711536264016]]}, "properties": {"source": "25350734", "target": "27839901"}}, {"type": "Feature", "geometry": {"type": "LineString", "coordinates": [[90.43214988054154, 66.68803317419791], [90.46272243014681, 66.69425000044916]]}, "properties": {"source": "25350734", "target": "26882304"}}, {"type": "Feature", "geometry": {"type": "LineString", "coordinates": [[90.43214988054154, 66.68803317419791], [90.43559946435676, 66.69565940844261]]}, "properties": {"source": "25350734", "target": "25365206"}}, {"type": "Feature", "geometry": {"type": "LineString", "coordinates": [[90.43214988054154, 66.68803317419791], [90.44764749051757, 66.69781623461462]]}, "properties": {"source": "25350734", "target": "25483722"}}, {"type": "Feature", "geometry": {"type": "LineString", "coordinates": [[90.43214988054154, 66.68803317419791], [90.4672125087734, 66.69624955262556]]}, "properties": {"source": "25350734", "target": "25393826"}}, {"type": "Feature", "geometry": {"type": "LineString", "coordinates": [[90.43214988054154, 66.68803317419791], [90.43284032880047, 66.6880037348464]]}, "properties": {"source": "25350734", "target": "25325863"}}, {"type": "Feature", "geometry": {"type": "LineString", "coordinates": [[90.43214988054154, 66.68803317419791], [90.44925217370496, 66.69606962187675]]}, "properties": {"source": "25350734", "target": "25261522"}}, {"type": "Feature", "geometry": {"type": "LineString", "coordinates": [[90.43214988054154, 66.68803317419791], [90.4390544680237, 66.69308441355001]]}, "properties": {"source": "25350734", "target": "25221752"}}, {"type": "Feature", "geometry": {"type": "LineString", "coordinates": [[90.43214988054154, 66.68803317419791], [90.44667803440018, 66.68826517857666]]}, "properties": {"source": "25350734", "target": "25325975"}}, {"type": "Feature", "geometry": {"type": "LineString", "coordinates": [[90.43284032880047, 66.6880037348464], [90.43559946435676, 66.69565940844261]]}, "properties": {"source": "25325863", "target": "25365206"}}, {"type": "Feature", "geometry": {"type": "LineString", "coordinates": [[90.43284032880047, 66.6880037348464], [90.44764749051757, 66.69781623461462]]}, "properties": {"source": "25325863", "target": "25483722"}}, {"type": "Feature", "geometry": {"type": "LineString", "coordinates": [[90.43284032880047, 66.6880037348464], [90.4672125087734, 66.69624955262556]]}, "properties": {"source": "25325863", "target": "25393826"}}, {"type": "Feature", "geometry": {"type": "LineString", "coordinates": [[90.43214988054154, 66.68803317419791], [90.43804655987026, 66.69721528777198]]}, "properties": {"source": "25350734", "target": "25368707"}}, {"type": "Feature", "geometry": {"type": "LineString", "coordinates": [[90.43214988054154, 66.68803317419791], [90.45543930596034, 66.69012212504582]]}, "properties": {"source": "25350734", "target": "25228205"}}, {"type": "Feature", "geometry": {"type": "LineString", "coordinates": [[90.43284032880047, 66.6880037348464], [90.43804655987026, 66.69721528777198]]}, "properties": {"source": "25325863", "target": "25368707"}}, {"type": "Feature", "geometry": {"type": "LineString", "coordinates": [[90.43439345029168, 66.6948937980334], [90.43422081492065, 66.69895801395181]]}, "properties": {"source": "25412364", "target": "31673670"}}, {"type": "Feature", "geometry": {"type": "LineString", "coordinates": [[90.43439345029168, 66.6948937980334], [90.43167983540627, 66.68946652432749]]}, "properties": {"source": "25412364", "target": "32068760"}}, {"type": "Feature", "geometry": {"type": "LineString", "coordinates": [[90.43439345029168, 66.6948937980334], [90.43050909820221, 66.69204524546755]]}, "properties": {"source": "25412364", "target": "30839987"}}, {"type": "Feature", "geometry": {"type": "LineString", "coordinates": [[90.43439345029168, 66.6948937980334], [90.44373391828645, 66.68936459379533]]}, "properties": {"source": "25412364", "target": "29977932"}}, {"type": "Feature", "geometry": {"type": "LineString", "coordinates": [[90.43439345029168, 66.6948937980334], [90.4625649309325, 66.69709089656]]}, "properties": {"source": "25412364", "target": "29890009"}}, {"type": "Feature", "geometry": {"type": "LineString", "coordinates": [[90.43439345029168, 66.6948937980334], [90.42934312774508, 66.69677689593242]]}, "properties": {"source": "25412364", "target": "28448436"}}, {"type": "Feature", "geometry": {"type": "LineString", "coordinates": [[90.43439345029168, 66.6948937980334], [90.4671972349501, 66.69078127438497]]}, "properties": {"source": "25412364", "target": "29346292"}}, {"type": "Feature", "geometry": {"type": "LineString", "coordinates": [[90.43439345029168, 66.6948937980334], [90.4312034405732, 66.68711536264016]]}, "properties": {"source": "25412364", "target": "27839901"}}, {"type": "Feature", "geometry": {"type": "LineString", "coordinates": [[90.43439345029168, 66.6948937980334], [90.46272243014681, 66.69425000044916]]}, "properties": {"source": "25412364", "target": "26882304"}}, {"type": "Feature", "geometry": {"type": "LineString", "coordinates": [[90.43439345029168, 66.6948937980334], [90.44590875142808, 66.69632014520928]]}, "properties": {"source": "25412364", "target": "25368642"}}, {"type": "Feature", "geometry": {"type": "LineString", "coordinates": [[90.43439345029168, 66.6948937980334], [90.43559946435676, 66.69565940844261]]}, "properties": {"source": "25412364", "target": "25365206"}}, {"type": "Feature", "geometry": {"type": "LineString", "coordinates": [[90.43439345029168, 66.6948937980334], [90.44764749051757, 66.69781623461462]]}, "properties": {"source": "25412364", "target": "25483722"}}, {"type": "Feature", "geometry": {"type": "LineString", "coordinates": [[90.43439345029168, 66.6948937980334], [90.4672125087734, 66.69624955262556]]}, "properties": {"source": "25412364", "target": "25393826"}}, {"type": "Feature", "geometry": {"type": "LineString", "coordinates": [[90.43439345029168, 66.6948937980334], [90.45831809084763, 66.69680128678459]]}, "properties": {"source": "25412364", "target": "25362652"}}, {"type": "Feature", "geometry": {"type": "LineString", "coordinates": [[90.45844396317199, 66.68826481312576], [90.44358477938312, 66.69604559823162]]}, "properties": {"source": "22805449", "target": "25008258"}}, {"type": "Feature", "geometry": {"type": "LineString", "coordinates": [[90.43439345029168, 66.6948937980334], [90.43804655987026, 66.69721528777198]]}, "properties": {"source": "25412364", "target": "25368707"}}]}