{"type": "FeatureCollection", "features": [{"type": "Feature", "geometry": {"type": "LineString", "coordinates": [[142.54461285271498, 67.11810382533442], [142.53230074251871, 67.11797391233998]]}, "properties": {"source": "29496243", "target": "20937445"}}, {"type": "Feature", "geometry": {"type": "LineString", "coordinates": [[142.54461285271498, 67.11810382533442], [142.5293591308955, 67.11662358748949]]}, "properties": {"source": "29496243", "target": "29088586"}}, {"type": "Feature", "geometry": {"type": "LineString", "coordinates": [[142.5442587728354, 67.11794792639333], [142.54478673863719, 67.1278673917414]]}, "properties": {"source": "28425890", "target": "31373109"}}, {"type": "Feature", "geometry": {"type": "LineString", "coordinates": [[142.5442587728354, 67.11794792639333], [142.54578102513022, 67.12735196825875]]}, "properties": {"source": "28425890", "target": "28935678"}}, {"type": "Feature", "geometry": {"type": "LineString", "coordinates": [[142.5442587728354, 67.11794792639333], [142.52588583338172, 67.12045488529066]]}, "properties": {"source": "28425890", "target": "30303064"}}, {"type": "Feature", "geometry": {"type": "LineString", "coordinates": [[142.5442587728354, 67.11794792639333], [142.5484278126421, 67.12360181346769]]}, "properties": {"source": "28425890", "target": "25361808"}}, {"type": "Feature", "geometry": {"type": "LineString", "coordinates": [[142.5442587728354, 67.11794792639333], [142.5398947358771, 67.12508216525903]]}, "properties": {"source": "28425890", "target": "31570028"}}, {"type": "Feature", "geometry": {"type": "LineString", "coordinates": [[142.5442587728354, 67.11794792639333], [142.547697792429, 67.12631539370116]]}, "properties": {"source": "28425890", "target": "25226188"}}, {"type": "Feature", "geometry": {"type": "LineString", "coordinates": [[142.5442587728354, 67.11794792639333], [142.56049145110848, 67.12297732165956]]}, "properties": {"source": "28425890", "target": "24830034"}}, {"type": "Feature", "geometry": {"type": "LineString", "coordinates": [[142.5442587728354, 67.11794792639333], [142.53814936179367, 67.1182050565125]]}, "properties": {"source": "28425890", "target": "30167587"}}, {"type": "Feature", "geometry": {"type": "LineString", "coordinates": [[142.5442587728354, 67.11794792639333], [142.5284939201435, 67.12201329019695]]}, "properties": {"source": "28425890", "target": "31327708"}}, {"type": "Feature", "geometry": {"type": "LineString", "coordinates": [[142.55283426713032, 67.12826832760032], [142.5484278126421, 67.12360181346769]]}, "properties": {"source": "2370444", "target": "25361808"}}, {"type": "Feature", "geometry": {"type": "LineString", "coordinates": [[142.55283426713032, 67.12826832760032], [142.52728379758224, 67.12786766964302]]}, "properties": {"source": "2370444", "target": "22728455"}}, {"type": "Feature", "geometry": {"type": "LineString", "coordinates": [[142.5603386781691, 67.12175732312834], [142.54988263310526, 67.12360893749295]]}, "properties": {"source": "15793647", "target": "1893128"}}, {"type": "Feature", "geometry": {"type": "LineString", "coordinates": [[142.5603386781691, 67.12175732312834], [142.53576168631133, 67.12409927171875]]}, "properties": {"source": "15793647", "target": "14830774"}}, {"type": "Feature", "geometry": {"type": "LineString", "coordinates": [[142.53840916316898, 67.12535466836887], [142.54660857786035, 67.12583435959354]]}, "properties": {"source": "25028045", "target": "2462973"}}, {"type": "Feature", "geometry": {"type": "LineString", "coordinates": [[142.53609213781067, 67.11798407010063], [142.54084091345663, 67.1244997850961]]}, "properties": {"source": "306119", "target": "306121"}}, {"type": "Feature", "geometry": {"type": "LineString", "coordinates": [[142.55936737661523, 67.12813263651843], [142.55525626033443, 67.11813190523965]]}, "properties": {"source": "96509", "target": "306118"}}, {"type": "Feature", "geometry": {"type": "LineString", "coordinates": [[142.55936737661523, 67.12813263651843], [142.53413776521518, 67.12204369059428]]}, "properties": {"source": "96509", "target": "24271"}}, {"type": "Feature", "geometry": {"type": "LineString", "coordinates": [[142.55936737661523, 67.12813263651843], [142.53033911457857, 67.1272793386092]]}, "properties": {"source": "96509", "target": "840998"}}, {"type": "Feature", "geometry": {"type": "LineString", "coordinates": [[142.55936737661523, 67.12813263651843], [142.54084091345663, 67.1244997850961]]}, "properties": {"source": "96509", "target": "306121"}}, {"type": "Feature", "geometry": {"type": "LineString", "coordinates": [[142.55936737661523, 67.12813263651843], [142.5237576343622, 67.1221194158272]]}, "properties": {"source": "96509", "target": "3321961"}}, {"type": "Feature", "geometry": {"type": "LineString", "coordinates": [[142.52941524416394, 67.12033315835755], [142.5585635240385, 67.12517264522948]]}, "properties": {"source": "35531666", "target": "34660507"}}, {"type": "Feature", "geometry": {"type": "LineString", "coordinates": [[142.52941524416394, 67.12033315835755], [142.52666105760545, 67.1192560047602]]}, "properties": {"source": "35531666", "target": "15945934"}}, {"type": "Feature", "geometry": {"type": "LineString", "coordinates": [[142.52941524416394, 67.12033315835755], [142.5471956924739, 67.12482109239109]]}, "properties": {"source": "35531666", "target": "18774729"}}, {"type": "Feature", "geometry": {"type": "LineString", "coordinates": [[142.52941524416394, 67.12033315835755], [142.53002536728172, 67.12418467217653]]}, "properties": {"source": "35531666", "target": "35842338"}}, {"type": "Feature", "geometry": {"type": "LineString", "coordinates": [[142.52941524416394, 67.12033315835755], [142.54999689488534, 67.12862729202315]]}, "properties": {"source": "35531666", "target": "10300870"}}, {"type": "Feature", "geometry": {"type": "LineString", "coordinates": [[142.55510979688978, 67.1177529683758], [142.55143757451515, 67.12509978031619]]}, "properties": {"source": "33877003", "target": "30238166"}}, {"type": "Feature", "geometry": {"type": "LineString", "coordinates": [[142.55510979688978, 67.1177529683758], [142.52680098731156, 67.1234243731569]]}, "properties": {"source": "33877003", "target": "34214641"}}, {"type": "Feature", "geometry": {"type": "LineString", "coordinates": [[142.55510979688978, 67.1177529683758], [142.5593442503597, 67.1202265778146]]}, "properties": {"source": "33877003", "target": "34329905"}}, {"type": "Feature", "geometry": {"type": "LineString", "coordinates": [[142.55510979688978, 67.1177529683758], [142.5452710354295, 67.12254809532016]]}, "properties": {"source": "33877003", "target": "6068064"}}, {"type": "Feature", "geometry": {"type": "LineString", "coordinates": [[142.55510979688978, 67.1177529683758], [142.53358004676528, 67.11940141120456]]}, "properties": {"source": "33877003", "target": "34615701"}}, {"type": "Feature", "geometry": {"type": "LineString", "coordinates": [[142.55510979688978, 67.1177529683758], [142.5510394700171, 67.11664948876499]]}, "properties": {"source": "33877003", "target": "33791522"}}, {"type": "Feature", "geometry": {"type": "LineString", "coordinates": [[142.55510979688978, 67.1177529683758], [142.55349280735817, 67.12111075239972]]}, "properties": {"source": "33877003", "target": "28116729"}}, {"type": "Feature", "geometry": {"type": "LineString", "coordinates": [[142.55510979688978, 67.1177529683758], [142.54423499994436, 67.12531764808708]]}, "properties": {"source": "33877003", "target": "36131823"}}, {"type": "Feature", "geometry": {"type": "LineString", "coordinates": [[142.55510979688978, 67.1177529683758], [142.53609213781067, 67.11798407010063]]}, "properties": {"source": "33877003", "target": "306119"}}, {"type": "Feature", "geometry": {"type": "LineString", "coordinates": [[142.5344913512073, 67.12859250882917], [142.52479037555008, 67.11872639013815]]}, "properties": {"source": "20897322", "target": "30335767"}}, {"type": "Feature", "geometry": {"type": "LineString", "coordinates": [[142.52829323797607, 67.122256595936], [142.55044758971263, 67.12100644341255]]}, "properties": {"source": "34702181", "target": "34913546"}}, {"type": "Feature", "geometry": {"type": "LineString", "coordinates": [[142.56047130667343, 67.12361951933744], [142.52941524416394, 67.12033315835755]]}, "properties": {"source": "11389049", "target": "35531666"}}, {"type": "Feature", "geometry": {"type": "LineString", "coordinates": [[142.56047130667343, 67.12361951933744], [142.5585635240385, 67.12517264522948]]}, "properties": {"source": "11389049", "target": "34660507"}}, {"type": "Feature", "geometry": {"type": "LineString", "coordinates": [[142.56047130667343, 67.12361951933744], [142.56012795824017, 67.12252970453861]]}, "properties": {"source": "11389049", "target": "1780640"}}, {"type": "Feature", "geometry": {"type": "LineString", "coordinates": [[142.56047130667343, 67.12361951933744], [142.52508394973216, 67.1265549634943]]}, "properties": {"source": "11389049", "target": "7698312"}}, {"type": "Feature", "geometry": {"type": "LineString", "coordinates": [[142.5585635240385, 67.12517264522948], [142.54999689488534, 67.12862729202315]]}, "properties": {"source": "34660507", "target": "10300870"}}, {"type": "Feature", "geometry": {"type": "LineString", "coordinates": [[142.5503094121966, 67.11781983521975], [142.53576168631133, 67.12409927171875]]}, "properties": {"source": "16251102", "target": "14830774"}}, {"type": "Feature", "geometry": {"type": "LineString", "coordinates": [[142.5503094121966, 67.11781983521975], [142.54660857786035, 67.12583435959354]]}, "properties": {"source": "16251102", "target": "2462973"}}, {"type": "Feature", "geometry": {"type": "LineString", "coordinates": [[142.5503094121966, 67.11781983521975], [142.53919183172098, 67.11853470550878]]}, "properties": {"source": "16251102", "target": "18799724"}}, {"type": "Feature", "geometry": {"type": "LineString", "coordinates": [[142.5503094121966, 67.11781983521975], [142.5322854970957, 67.12864810523753]]}, "properties": {"source": "16251102", "target": "15843287"}}, {"type": "Feature", "geometry": {"type": "LineString", "coordinates": [[142.53908760953652, 67.12232517716463], [142.52484262096658, 67.12592646507738]]}, "properties": {"source": "32803764", "target": "31141182"}}, {"type": "Feature", "geometry": {"type": "LineString", "coordinates": [[142.53908760953652, 67.12232517716463], [142.53447885831878, 67.11963269134552]]}, "properties": {"source": "32803764", "target": "879663"}}, {"type": "Feature", "geometry": {"type": "LineString", "coordinates": [[142.53908760953652, 67.12232517716463], [142.55680167861004, 67.12346929777925]]}, "properties": {"source": "32803764", "target": "17412805"}}, {"type": "Feature", "geometry": {"type": "LineString", "coordinates": [[142.53908760953652, 67.12232517716463], [142.54946087403744, 67.12819821112488]]}, "properties": {"source": "32803764", "target": "26889443"}}, {"type": "Feature", "geometry": {"type": "LineString", "coordinates": [[142.53908760953652, 67.12232517716463], [142.52806930392882, 67.12291323477122]]}, "properties": {"source": "32803764", "target": "815791"}}, {"type": "Feature", "geometry": {"type": "LineString", "coordinates": [[142.52484262096658, 67.12592646507738], [142.55680167861004, 67.12346929777925]]}, "properties": {"source": "31141182", "target": "17412805"}}, {"type": "Feature", "geometry": {"type": "LineString", "coordinates": [[142.52484262096658, 67.12592646507738], [142.54946087403744, 67.12819821112488]]}, "properties": {"source": "31141182", "target": "26889443"}}, {"type": "Feature", "geometry": {"type": "LineString", "coordinates": [[142.5471956924739, 67.12482109239109], [142.52479037555008, 67.11872639013815]]}, "properties": {"source": "18774729", "target": "30335767"}}, {"type": "Feature", "geometry": {"type": "LineString", "coordinates": [[142.5471956924739, 67.12482109239109], [142.5363759559238, 67.12642829534863]]}, "properties": {"source": "18774729", "target": "27177113"}}, {"type": "Feature", "geometry": {"type": "LineString", "coordinates": [[142.53357224283076, 67.12583445377548], [142.52680098731156, 67.1234243731569]]}, "properties": {"source": "30055936", "target": "34214641"}}, {"type": "Feature", "geometry": {"type": "LineString", "coordinates": [[142.53357224283076, 67.12583445377548], [142.52473406017134, 67.1228690176962]]}, "properties": {"source": "30055936", "target": "33633484"}}, {"type": "Feature", "geometry": {"type": "LineString", "coordinates": [[142.5471956924739, 67.12482109239109], [142.52829323797607, 67.122256595936]]}, "properties": {"source": "18774729", "target": "34702181"}}, {"type": "Feature", "geometry": {"type": "LineString", "coordinates": [[142.52941524416394, 67.12033315835755], [142.55044758971263, 67.12100644341255]]}, "properties": {"source": "35531666", "target": "34913546"}}, {"type": "Feature", "geometry": {"type": "LineString", "coordinates": [[142.52941524416394, 67.12033315835755], [142.5416797009986, 67.11941549902949]]}, "properties": {"source": "35531666", "target": "34151022"}}, {"type": "Feature", "geometry": {"type": "LineString", "coordinates": [[142.52829323797607, 67.122256595936], [142.5494637160885, 67.1207546591839]]}, "properties": {"source": "34702181", "target": "32947995"}}, {"type": "Feature", "geometry": {"type": "LineString", "coordinates": [[142.52829323797607, 67.122256595936], [142.53359768536416, 67.11752823918705]]}, "properties": {"source": "34702181", "target": "34106997"}}, {"type": "Feature", "geometry": {"type": "LineString", "coordinates": [[142.52829323797607, 67.122256595936], [142.5453000200336, 67.11697590692066]]}, "properties": {"source": "34702181", "target": "23067755"}}, {"type": "Feature", "geometry": {"type": "LineString", "coordinates": [[142.52829323797607, 67.122256595936], [142.5452710354295, 67.12254809532016]]}, "properties": {"source": "34702181", "target": "6068064"}}, {"type": "Feature", "geometry": {"type": "LineString", "coordinates": [[142.52829323797607, 67.122256595936], [142.55263159499668, 67.11739565880507]]}, "properties": {"source": "34702181", "target": "12777480"}}, {"type": "Feature", "geometry": {"type": "LineString", "coordinates": [[142.52829323797607, 67.122256595936], [142.5533996060563, 67.12106728752417]]}, "properties": {"source": "34702181", "target": "18375511"}}, {"type": "Feature", "geometry": {"type": "LineString", "coordinates": [[142.52829323797607, 67.122256595936], [142.5532090666253, 67.12304372904482]]}, "properties": {"source": "34702181", "target": "32944083"}}, {"type": "Feature", "geometry": {"type": "LineString", "coordinates": [[142.52829323797607, 67.122256595936], [142.53230074251871, 67.11797391233998]]}, "properties": {"source": "34702181", "target": "20937445"}}, {"type": "Feature", "geometry": {"type": "LineString", "coordinates": [[142.52829323797607, 67.122256595936], [142.53609213781067, 67.11798407010063]]}, "properties": {"source": "34702181", "target": "306119"}}, {"type": "Feature", "geometry": {"type": "LineString", "coordinates": [[142.5442587728354, 67.11794792639333], [142.53641342903177, 67.12417223651937]]}, "properties": {"source": "28425890", "target": "28373853"}}, {"type": "Feature", "geometry": {"type": "LineString", "coordinates": [[142.5442587728354, 67.11794792639333], [142.53922105177946, 67.12753577757357]]}, "properties": {"source": "28425890", "target": "25817157"}}, {"type": "Feature", "geometry": {"type": "LineString", "coordinates": [[142.53660475940126, 67.11988454798447], [142.55510979688978, 67.1177529683758]]}, "properties": {"source": "31145051", "target": "33877003"}}, {"type": "Feature", "geometry": {"type": "LineString", "coordinates": [[142.53660475940126, 67.11988454798447], [142.54478673863719, 67.1278673917414]]}, "properties": {"source": "31145051", "target": "31373109"}}, {"type": "Feature", "geometry": {"type": "LineString", "coordinates": [[142.53660475940126, 67.11988454798447], [142.52829323797607, 67.122256595936]]}, "properties": {"source": "31145051", "target": "34702181"}}, {"type": "Feature", "geometry": {"type": "LineString", "coordinates": [[142.5463545311042, 67.12110063775317], [142.52588583338172, 67.12045488529066]]}, "properties": {"source": "26843910", "target": "30303064"}}, {"type": "Feature", "geometry": {"type": "LineString", "coordinates": [[142.5463545311042, 67.12110063775317], [142.5484278126421, 67.12360181346769]]}, "properties": {"source": "26843910", "target": "25361808"}}, {"type": "Feature", "geometry": {"type": "LineString", "coordinates": [[142.5463545311042, 67.12110063775317], [142.547697792429, 67.12631539370116]]}, "properties": {"source": "26843910", "target": "25226188"}}, {"type": "Feature", "geometry": {"type": "LineString", "coordinates": [[142.5463545311042, 67.12110063775317], [142.56049145110848, 67.12297732165956]]}, "properties": {"source": "26843910", "target": "24830034"}}, {"type": "Feature", "geometry": {"type": "LineString", "coordinates": [[142.5463545311042, 67.12110063775317], [142.53814936179367, 67.1182050565125]]}, "properties": {"source": "26843910", "target": "30167587"}}, {"type": "Feature", "geometry": {"type": "LineString", "coordinates": [[142.5463545311042, 67.12110063775317], [142.5284939201435, 67.12201329019695]]}, "properties": {"source": "26843910", "target": "31327708"}}, {"type": "Feature", "geometry": {"type": "LineString", "coordinates": [[142.5463545311042, 67.12110063775317], [142.53641342903177, 67.12417223651937]]}, "properties": {"source": "26843910", "target": "28373853"}}, {"type": "Feature", "geometry": {"type": "LineString", "coordinates": [[142.5463545311042, 67.12110063775317], [142.52725024895562, 67.12327141235843]]}, "properties": {"source": "26843910", "target": "24795953"}}, {"type": "Feature", "geometry": {"type": "LineString", "coordinates": [[142.5463545311042, 67.12110063775317], [142.55283426713032, 67.12826832760032]]}, "properties": {"source": "26843910", "target": "2370444"}}, {"type": "Feature", "geometry": {"type": "LineString", "coordinates": [[142.5463545311042, 67.12110063775317], [142.53922105177946, 67.12753577757357]]}, "properties": {"source": "26843910", "target": "25817157"}}, {"type": "Feature", "geometry": {"type": "LineString", "coordinates": [[142.5363759559238, 67.12642829534863], [142.5453000200336, 67.11697590692066]]}, "properties": {"source": "27177113", "target": "23067755"}}, {"type": "Feature", "geometry": {"type": "LineString", "coordinates": [[142.54196108554044, 67.11747536745877], [142.52680098731156, 67.1234243731569]]}, "properties": {"source": "32033335", "target": "34214641"}}, {"type": "Feature", "geometry": {"type": "LineString", "coordinates": [[142.54196108554044, 67.11747536745877], [142.5593442503597, 67.1202265778146]]}, "properties": {"source": "32033335", "target": "34329905"}}, {"type": "Feature", "geometry": {"type": "LineString", "coordinates": [[142.54196108554044, 67.11747536745877], [142.53358004676528, 67.11940141120456]]}, "properties": {"source": "32033335", "target": "34615701"}}, {"type": "Feature", "geometry": {"type": "LineString", "coordinates": [[142.54196108554044, 67.11747536745877], [142.5510394700171, 67.11664948876499]]}, "properties": {"source": "32033335", "target": "33791522"}}, {"type": "Feature", "geometry": {"type": "LineString", "coordinates": [[142.54196108554044, 67.11747536745877], [142.54423499994436, 67.12531764808708]]}, "properties": {"source": "32033335", "target": "36131823"}}, {"type": "Feature", "geometry": {"type": "LineString", "coordinates": [[142.5585635240385, 67.12517264522948], [142.5416797009986, 67.11941549902949]]}, "properties": {"source": "34660507", "target": "34151022"}}, {"type": "Feature", "geometry": {"type": "LineString", "coordinates": [[142.52666105760545, 67.1192560047602], [142.52479037555008, 67.11872639013815]]}, "properties": {"source": "15945934", "target": "30335767"}}, {"type": "Feature", "geometry": {"type": "LineString", "coordinates": [[142.52666105760545, 67.1192560047602], [142.5363759559238, 67.12642829534863]]}, "properties": {"source": "15945934", "target": "27177113"}}, {"type": "Feature", "geometry": {"type": "LineString", "coordinates": [[142.55367034434744, 67.12346782644137], [142.5344913512073, 67.12859250882917]]}, "properties": {"source": "15794580", "target": "20897322"}}, {"type": "Feature", "geometry": {"type": "LineString", "coordinates": [[142.55367034434744, 67.12346782644137], [142.53908760953652, 67.12232517716463]]}, "properties": {"source": "15794580", "target": "32803764"}}, {"type": "Feature", "geometry": {"type": "LineString", "coordinates": [[142.55367034434744, 67.12346782644137], [142.52484262096658, 67.12592646507738]]}, "properties": {"source": "15794580", "target": "31141182"}}, {"type": "Feature", "geometry": {"type": "LineString", "coordinates": [[142.5404305915784, 67.12180213250548], [142.5553346157526, 67.12338751455965]]}, "properties": {"source": "29470844", "target": "27405309"}}, {"type": "Feature", "geometry": {"type": "LineString", "coordinates": [[142.55788996399525, 67.12363733309445], [142.52680098731156, 67.1234243731569]]}, "properties": {"source": "34844398", "target": "34214641"}}, {"type": "Feature", "geometry": {"type": "LineString", "coordinates": [[142.55788996399525, 67.12363733309445], [142.53357224283076, 67.12583445377548]]}, "properties": {"source": "34844398", "target": "30055936"}}, {"type": "Feature", "geometry": {"type": "LineString", "coordinates": [[142.55788996399525, 67.12363733309445], [142.52473406017134, 67.1228690176962]]}, "properties": {"source": "34844398", "target": "33633484"}}, {"type": "Feature", "geometry": {"type": "LineString", "coordinates": [[142.52825996688148, 67.12874603682957], [142.5503094121966, 67.11781983521975]]}, "properties": {"source": "16075913", "target": "16251102"}}, {"type": "Feature", "geometry": {"type": "LineString", "coordinates": [[142.52825996688148, 67.12874603682957], [142.5261784048983, 67.12549102294233]]}, "properties": {"source": "16075913", "target": "13538784"}}, {"type": "Feature", "geometry": {"type": "LineString", "coordinates": [[142.52825996688148, 67.12874603682957], [142.52748174581194, 67.11645699752022]]}, "properties": {"source": "16075913", "target": "17832087"}}, {"type": "Feature", "geometry": {"type": "LineString", "coordinates": [[142.52825996688148, 67.12874603682957], [142.55024763556185, 67.1181859348873]]}, "properties": {"source": "16075913", "target": "17343399"}}, {"type": "Feature", "geometry": {"type": "LineString", "coordinates": [[142.52825996688148, 67.12874603682957], [142.54988263310526, 67.12360893749295]]}, "properties": {"source": "16075913", "target": "1893128"}}, {"type": "Feature", "geometry": {"type": "LineString", "coordinates": [[142.52666105760545, 67.1192560047602], [142.52829323797607, 67.122256595936]]}, "properties": {"source": "15945934", "target": "34702181"}}, {"type": "Feature", "geometry": {"type": "LineString", "coordinates": [[142.5593442503597, 67.1202265778146], [142.55251668858165, 67.12326998537065]]}, "properties": {"source": "34329905", "target": "3360822"}}, {"type": "Feature", "geometry": {"type": "LineString", "coordinates": [[142.5452710354295, 67.12254809532016], [142.5494637160885, 67.1207546591839]]}, "properties": {"source": "6068064", "target": "32947995"}}, {"type": "Feature", "geometry": {"type": "LineString", "coordinates": [[142.5452710354295, 67.12254809532016], [142.53359768536416, 67.11752823918705]]}, "properties": {"source": "6068064", "target": "34106997"}}, {"type": "Feature", "geometry": {"type": "LineString", "coordinates": [[142.5452710354295, 67.12254809532016], [142.5453000200336, 67.11697590692066]]}, "properties": {"source": "6068064", "target": "23067755"}}, {"type": "Feature", "geometry": {"type": "LineString", "coordinates": [[142.5452710354295, 67.12254809532016], [142.55263159499668, 67.11739565880507]]}, "properties": {"source": "6068064", "target": "12777480"}}, {"type": "Feature", "geometry": {"type": "LineString", "coordinates": [[142.5452710354295, 67.12254809532016], [142.5533996060563, 67.12106728752417]]}, "properties": {"source": "6068064", "target": "18375511"}}, {"type": "Feature", "geometry": {"type": "LineString", "coordinates": [[142.5398947358771, 67.12508216525903], [142.54578102513022, 67.12735196825875]]}, "properties": {"source": "31570028", "target": "28935678"}}, {"type": "Feature", "geometry": {"type": "LineString", "coordinates": [[142.5398947358771, 67.12508216525903], [142.52588583338172, 67.12045488529066]]}, "properties": {"source": "31570028", "target": "30303064"}}, {"type": "Feature", "geometry": {"type": "LineString", "coordinates": [[142.5398947358771, 67.12508216525903], [142.53814936179367, 67.1182050565125]]}, "properties": {"source": "31570028", "target": "30167587"}}, {"type": "Feature", "geometry": {"type": "LineString", "coordinates": [[142.5398947358771, 67.12508216525903], [142.5284939201435, 67.12201329019695]]}, "properties": {"source": "31570028", "target": "31327708"}}, {"type": "Feature", "geometry": {"type": "LineString", "coordinates": [[142.5398947358771, 67.12508216525903], [142.53641342903177, 67.12417223651937]]}, "properties": {"source": "31570028", "target": "28373853"}}, {"type": "Feature", "geometry": {"type": "LineString", "coordinates": [[142.53447885831878, 67.11963269134552], [142.52484262096658, 67.12592646507738]]}, "properties": {"source": "879663", "target": "31141182"}}, {"type": "Feature", "geometry": {"type": "LineString", "coordinates": [[142.53447885831878, 67.11963269134552], [142.55680167861004, 67.12346929777925]]}, "properties": {"source": "879663", "target": "17412805"}}, {"type": "Feature", "geometry": {"type": "LineString", "coordinates": [[142.53447885831878, 67.11963269134552], [142.54946087403744, 67.12819821112488]]}, "properties": {"source": "879663", "target": "26889443"}}, {"type": "Feature", "geometry": {"type": "LineString", "coordinates": [[142.53447885831878, 67.11963269134552], [142.52806930392882, 67.12291323477122]]}, "properties": {"source": "879663", "target": "815791"}}, {"type": "Feature", "geometry": {"type": "LineString", "coordinates": [[142.55263159499668, 67.11739565880507], [142.5453000200336, 67.11697590692066]]}, "properties": {"source": "12777480", "target": "23067755"}}, {"type": "Feature", "geometry": {"type": "LineString", "coordinates": [[142.55143757451515, 67.12509978031619], [142.5494637160885, 67.1207546591839]]}, "properties": {"source": "30238166", "target": "32947995"}}, {"type": "Feature", "geometry": {"type": "LineString", "coordinates": [[142.55143757451515, 67.12509978031619], [142.53359768536416, 67.11752823918705]]}, "properties": {"source": "30238166", "target": "34106997"}}, {"type": "Feature", "geometry": {"type": "LineString", "coordinates": [[142.55143757451515, 67.12509978031619], [142.5363759559238, 67.12642829534863]]}, "properties": {"source": "30238166", "target": "27177113"}}, {"type": "Feature", "geometry": {"type": "LineString", "coordinates": [[142.55143757451515, 67.12509978031619], [142.55263159499668, 67.11739565880507]]}, "properties": {"source": "30238166", "target": "12777480"}}, {"type": "Feature", "geometry": {"type": "LineString", "coordinates": [[142.55143757451515, 67.12509978031619], [142.547697792429, 67.12631539370116]]}, "properties": {"source": "30238166", "target": "25226188"}}, {"type": "Feature", "geometry": {"type": "LineString", "coordinates": [[142.55143757451515, 67.12509978031619], [142.55349280735817, 67.12111075239972]]}, "properties": {"source": "30238166", "target": "28116729"}}, {"type": "Feature", "geometry": {"type": "LineString", "coordinates": [[142.55143757451515, 67.12509978031619], [142.5293591308955, 67.11662358748949]]}, "properties": {"source": "30238166", "target": "29088586"}}, {"type": "Feature", "geometry": {"type": "LineString", "coordinates": [[142.55143757451515, 67.12509978031619], [142.55726201877667, 67.1237717453615]]}, "properties": {"source": "30238166", "target": "26202647"}}, {"type": "Feature", "geometry": {"type": "LineString", "coordinates": [[142.52680098731156, 67.1234243731569], [142.55251668858165, 67.12326998537065]]}, "properties": {"source": "34214641", "target": "3360822"}}, {"type": "Feature", "geometry": {"type": "LineString", "coordinates": [[142.52887609133995, 67.11870323108205], [142.52479037555008, 67.11872639013815]]}, "properties": {"source": "29359270", "target": "30335767"}}, {"type": "Feature", "geometry": {"type": "LineString", "coordinates": [[142.5413854586809, 67.11928057403593], [142.5494637160885, 67.1207546591839]]}, "properties": {"source": "30312854", "target": "32947995"}}, {"type": "Feature", "geometry": {"type": "LineString", "coordinates": [[142.5413854586809, 67.11928057403593], [142.53359768536416, 67.11752823918705]]}, "properties": {"source": "30312854", "target": "34106997"}}, {"type": "Feature", "geometry": {"type": "LineString", "coordinates": [[142.53252040934785, 67.12009166251529], [142.54977206837555, 67.1197967747361]]}, "properties": {"source": "23452865", "target": "20329180"}}, {"type": "Feature", "geometry": {"type": "LineString", "coordinates": [[142.53252040934785, 67.12009166251529], [142.5544371732821, 67.11694990080068]]}, "properties": {"source": "23452865", "target": "20342561"}}, {"type": "Feature", "geometry": {"type": "LineString", "coordinates": [[142.53252040934785, 67.12009166251529], [142.5511976557732, 67.12197752098467]]}, "properties": {"source": "23452865", "target": "3194375"}}, {"type": "Feature", "geometry": {"type": "LineString", "coordinates": [[142.55143757451515, 67.12509978031619], [142.52829323797607, 67.122256595936]]}, "properties": {"source": "30238166", "target": "34702181"}}, {"type": "Feature", "geometry": {"type": "LineString", "coordinates": [[142.54977206837555, 67.1197967747361], [142.54643670480306, 67.12794733012348]]}, "properties": {"source": "20329180", "target": "18168482"}}, {"type": "Feature", "geometry": {"type": "LineString", "coordinates": [[142.54977206837555, 67.1197967747361], [142.55034592485254, 67.1272546112136]]}, "properties": {"source": "20329180", "target": "18774025"}}, {"type": "Feature", "geometry": {"type": "LineString", "coordinates": [[142.54977206837555, 67.1197967747361], [142.5438958067674, 67.12461141647319]]}, "properties": {"source": "20329180", "target": "18168493"}}, {"type": "Feature", "geometry": {"type": "LineString", "coordinates": [[142.54977206837555, 67.1197967747361], [142.53955087059143, 67.11806615707846]]}, "properties": {"source": "20329180", "target": "18683525"}}, {"type": "Feature", "geometry": {"type": "LineString", "coordinates": [[142.54478673863719, 67.1278673917414], [142.54578102513022, 67.12735196825875]]}, "properties": {"source": "31373109", "target": "28935678"}}, {"type": "Feature", "geometry": {"type": "LineString", "coordinates": [[142.54478673863719, 67.1278673917414], [142.52680098731156, 67.1234243731569]]}, "properties": {"source": "31373109", "target": "34214641"}}, {"type": "Feature", "geometry": {"type": "LineString", "coordinates": [[142.54478673863719, 67.1278673917414], [142.52588583338172, 67.12045488529066]]}, "properties": {"source": "31373109", "target": "30303064"}}, {"type": "Feature", "geometry": {"type": "LineString", "coordinates": [[142.54478673863719, 67.1278673917414], [142.5398947358771, 67.12508216525903]]}, "properties": {"source": "31373109", "target": "31570028"}}, {"type": "Feature", "geometry": {"type": "LineString", "coordinates": [[142.54478673863719, 67.1278673917414], [142.53814936179367, 67.1182050565125]]}, "properties": {"source": "31373109", "target": "30167587"}}, {"type": "Feature", "geometry": {"type": "LineString", "coordinates": [[142.54478673863719, 67.1278673917414], [142.5284939201435, 67.12201329019695]]}, "properties": {"source": "31373109", "target": "31327708"}}, {"type": "Feature", "geometry": {"type": "LineString", "coordinates": [[142.54478673863719, 67.1278673917414], [142.54423499994436, 67.12531764808708]]}, "properties": {"source": "31373109", "target": "36131823"}}, {"type": "Feature", "geometry": {"type": "LineString", "coordinates": [[142.54713067142387, 67.12602344245788], [142.55283426713032, 67.12826832760032]]}, "properties": {"source": "259914", "target": "2370444"}}, {"type": "Feature", "geometry": {"type": "LineString", "coordinates": [[142.54713067142387, 67.12602344245788], [142.5435152139346, 67.12603393629534]]}, "properties": {"source": "259914", "target": "22713680"}}, {"type": "Feature", "geometry": {"type": "LineString", "coordinates": [[142.54713067142387, 67.12602344245788], [142.53922105177946, 67.12753577757357]]}, "properties": {"source": "259914", "target": "25817157"}}, {"type": "Feature", "geometry": {"type": "LineString", "coordinates": [[142.54537442240996, 67.12232705326576], [142.55510979688978, 67.1177529683758]]}, "properties": {"source": "30742029", "target": "33877003"}}, {"type": "Feature", "geometry": {"type": "LineString", "coordinates": [[142.54537442240996, 67.12232705326576], [142.54478673863719, 67.1278673917414]]}, "properties": {"source": "30742029", "target": "31373109"}}, {"type": "Feature", "geometry": {"type": "LineString", "coordinates": [[142.5344913512073, 67.12859250882917], [142.52484262096658, 67.12592646507738]]}, "properties": {"source": "20897322", "target": "31141182"}}, {"type": "Feature", "geometry": {"type": "LineString", "coordinates": [[142.5344913512073, 67.12859250882917], [142.5430816365144, 67.12006794822608]]}, "properties": {"source": "20897322", "target": "26631743"}}, {"type": "Feature", "geometry": {"type": "LineString", "coordinates": [[142.5344913512073, 67.12859250882917], [142.55034592485254, 67.1272546112136]]}, "properties": {"source": "20897322", "target": "18774025"}}, {"type": "Feature", "geometry": {"type": "LineString", "coordinates": [[142.5344913512073, 67.12859250882917], [142.53447885831878, 67.11963269134552]]}, "properties": {"source": "20897322", "target": "879663"}}, {"type": "Feature", "geometry": {"type": "LineString", "coordinates": [[142.5344913512073, 67.12859250882917], [142.55680167861004, 67.12346929777925]]}, "properties": {"source": "20897322", "target": "17412805"}}, {"type": "Feature", "geometry": {"type": "LineString", "coordinates": [[142.5344913512073, 67.12859250882917], [142.5438958067674, 67.12461141647319]]}, "properties": {"source": "20897322", "target": "18168493"}}, {"type": "Feature", "geometry": {"type": "LineString", "coordinates": [[142.5344913512073, 67.12859250882917], [142.53955087059143, 67.11806615707846]]}, "properties": {"source": "20897322", "target": "18683525"}}, {"type": "Feature", "geometry": {"type": "LineString", "coordinates": [[142.5344913512073, 67.12859250882917], [142.5247352389602, 67.11679406810437]]}, "properties": {"source": "20897322", "target": "2506264"}}, {"type": "Feature", "geometry": {"type": "LineString", "coordinates": [[142.53112685656453, 67.11647755815414], [142.53548393004058, 67.1243519073329]]}, "properties": {"source": "19376253", "target": "18188673"}}, {"type": "Feature", "geometry": {"type": "LineString", "coordinates": [[142.53112685656453, 67.11647755815414], [142.5544371732821, 67.11694990080068]]}, "properties": {"source": "19376253", "target": "20342561"}}, {"type": "Feature", "geometry": {"type": "LineString", "coordinates": [[142.53112685656453, 67.11647755815414], [142.55034592485254, 67.1272546112136]]}, "properties": {"source": "19376253", "target": "18774025"}}, {"type": "Feature", "geometry": {"type": "LineString", "coordinates": [[142.55965590989086, 67.12368883588252], [142.53813871933045, 67.11849096270922]]}, "properties": {"source": "1955124", "target": "18107762"}}, {"type": "Feature", "geometry": {"type": "LineString", "coordinates": [[142.55965590989086, 67.12368883588252], [142.5533996060563, 67.12106728752417]]}, "properties": {"source": "1955124", "target": "18375511"}}, {"type": "Feature", "geometry": {"type": "LineString", "coordinates": [[142.55965590989086, 67.12368883588252], [142.5254524546317, 67.11687655597191]]}, "properties": {"source": "1955124", "target": "19231969"}}, {"type": "Feature", "geometry": {"type": "LineString", "coordinates": [[142.55965590989086, 67.12368883588252], [142.54080887136934, 67.1174347800239]]}, "properties": {"source": "1955124", "target": "1504197"}}, {"type": "Feature", "geometry": {"type": "LineString", "coordinates": [[142.55143757451515, 67.12509978031619], [142.52479037555008, 67.11872639013815]]}, "properties": {"source": "30238166", "target": "30335767"}}, {"type": "Feature", "geometry": {"type": "LineString", "coordinates": [[142.53548393004058, 67.1243519073329], [142.5544371732821, 67.11694990080068]]}, "properties": {"source": "18188673", "target": "20342561"}}, {"type": "Feature", "geometry": {"type": "LineString", "coordinates": [[142.53548393004058, 67.1243519073329], [142.5476707228425, 67.12870273247249]]}, "properties": {"source": "18188673", "target": "16280115"}}, {"type": "Feature", "geometry": {"type": "LineString", "coordinates": [[142.54578102513022, 67.12735196825875], [142.53814936179367, 67.1182050565125]]}, "properties": {"source": "28935678", "target": "30167587"}}, {"type": "Feature", "geometry": {"type": "LineString", "coordinates": [[142.54578102513022, 67.12735196825875], [142.5284939201435, 67.12201329019695]]}, "properties": {"source": "28935678", "target": "31327708"}}, {"type": "Feature", "geometry": {"type": "LineString", "coordinates": [[142.54578102513022, 67.12735196825875], [142.53641342903177, 67.12417223651937]]}, "properties": {"source": "28935678", "target": "28373853"}}, {"type": "Feature", "geometry": {"type": "LineString", "coordinates": [[142.54578102513022, 67.12735196825875], [142.53922105177946, 67.12753577757357]]}, "properties": {"source": "28935678", "target": "25817157"}}, {"type": "Feature", "geometry": {"type": "LineString", "coordinates": [[142.55965590989086, 67.12368883588252], [142.52479037555008, 67.11872639013815]]}, "properties": {"source": "1955124", "target": "30335767"}}, {"type": "Feature", "geometry": {"type": "LineString", "coordinates": [[142.55965590989086, 67.12368883588252], [142.5494637160885, 67.1207546591839]]}, "properties": {"source": "1955124", "target": "32947995"}}, {"type": "Feature", "geometry": {"type": "LineString", "coordinates": [[142.55965590989086, 67.12368883588252], [142.5363759559238, 67.12642829534863]]}, "properties": {"source": "1955124", "target": "27177113"}}, {"type": "Feature", "geometry": {"type": "LineString", "coordinates": [[142.55965590989086, 67.12368883588252], [142.5453000200336, 67.11697590692066]]}, "properties": {"source": "1955124", "target": "23067755"}}, {"type": "Feature", "geometry": {"type": "LineString", "coordinates": [[142.5268066927913, 67.11914956153733], [142.5476707228425, 67.12870273247249]]}, "properties": {"source": "16049447", "target": "16280115"}}, {"type": "Feature", "geometry": {"type": "LineString", "coordinates": [[142.55525626033443, 67.11813190523965], [142.53609213781067, 67.11798407010063]]}, "properties": {"source": "306118", "target": "306119"}}, {"type": "Feature", "geometry": {"type": "LineString", "coordinates": [[142.55525626033443, 67.11813190523965], [142.53033911457857, 67.1272793386092]]}, "properties": {"source": "306118", "target": "840998"}}, {"type": "Feature", "geometry": {"type": "LineString", "coordinates": [[142.55525626033443, 67.11813190523965], [142.54084091345663, 67.1244997850961]]}, "properties": {"source": "306118", "target": "306121"}}, {"type": "Feature", "geometry": {"type": "LineString", "coordinates": [[142.55965590989086, 67.12368883588252], [142.52829323797607, 67.122256595936]]}, "properties": {"source": "1955124", "target": "34702181"}}, {"type": "Feature", "geometry": {"type": "LineString", "coordinates": [[142.5268066927913, 67.11914956153733], [142.54612966231485, 67.12453298734992]]}, "properties": {"source": "16049447", "target": "13643013"}}, {"type": "Feature", "geometry": {"type": "LineString", "coordinates": [[142.53002536728172, 67.12418467217653], [142.53359768536416, 67.11752823918705]]}, "properties": {"source": "35842338", "target": "34106997"}}, {"type": "Feature", "geometry": {"type": "LineString", "coordinates": [[142.53002536728172, 67.12418467217653], [142.5452710354295, 67.12254809532016]]}, "properties": {"source": "35842338", "target": "6068064"}}, {"type": "Feature", "geometry": {"type": "LineString", "coordinates": [[142.54289524628575, 67.1234548055072], [142.53840916316898, 67.12535466836887]]}, "properties": {"source": "3329439", "target": "25028045"}}, {"type": "Feature", "geometry": {"type": "LineString", "coordinates": [[142.54289524628575, 67.1234548055072], [142.54660857786035, 67.12583435959354]]}, "properties": {"source": "3329439", "target": "2462973"}}, {"type": "Feature", "geometry": {"type": "LineString", "coordinates": [[142.54999689488534, 67.12862729202315], [142.52508394973216, 67.1265549634943]]}, "properties": {"source": "10300870", "target": "7698312"}}, {"type": "Feature", "geometry": {"type": "LineString", "coordinates": [[142.52473406017134, 67.1228690176962], [142.52680098731156, 67.1234243731569]]}, "properties": {"source": "33633484", "target": "34214641"}}, {"type": "Feature", "geometry": {"type": "LineString", "coordinates": [[142.54907081470225, 67.11788692359626], [142.5553346157526, 67.12338751455965]]}, "properties": {"source": "28965790", "target": "27405309"}}, {"type": "Feature", "geometry": {"type": "LineString", "coordinates": [[142.53738091789586, 67.12532004866692], [142.54372005831948, 67.12229316160497]]}, "properties": {"source": "30087761", "target": "31133972"}}, {"type": "Feature", "geometry": {"type": "LineString", "coordinates": [[142.53738091789586, 67.12532004866692], [142.5553346157526, 67.12338751455965]]}, "properties": {"source": "30087761", "target": "27405309"}}, {"type": "Feature", "geometry": {"type": "LineString", "coordinates": [[142.54612966231485, 67.12453298734992], [142.5476707228425, 67.12870273247249]]}, "properties": {"source": "13643013", "target": "16280115"}}, {"type": "Feature", "geometry": {"type": "LineString", "coordinates": [[142.5430816365144, 67.12006794822608], [142.52479037555008, 67.11872639013815]]}, "properties": {"source": "26631743", "target": "30335767"}}, {"type": "Feature", "geometry": {"type": "LineString", "coordinates": [[142.5430816365144, 67.12006794822608], [142.53908760953652, 67.12232517716463]]}, "properties": {"source": "26631743", "target": "32803764"}}, {"type": "Feature", "geometry": {"type": "LineString", "coordinates": [[142.5430816365144, 67.12006794822608], [142.52484262096658, 67.12592646507738]]}, "properties": {"source": "26631743", "target": "31141182"}}, {"type": "Feature", "geometry": {"type": "LineString", "coordinates": [[142.5430816365144, 67.12006794822608], [142.53447885831878, 67.11963269134552]]}, "properties": {"source": "26631743", "target": "879663"}}, {"type": "Feature", "geometry": {"type": "LineString", "coordinates": [[142.53002536728172, 67.12418467217653], [142.52829323797607, 67.122256595936]]}, "properties": {"source": "35842338", "target": "34702181"}}, {"type": "Feature", "geometry": {"type": "LineString", "coordinates": [[142.53334953399025, 67.1246485919718], [142.54612966231485, 67.12453298734992]]}, "properties": {"source": "17797267", "target": "13643013"}}, {"type": "Feature", "geometry": {"type": "LineString", "coordinates": [[142.5430816365144, 67.12006794822608], [142.55680167861004, 67.12346929777925]]}, "properties": {"source": "26631743", "target": "17412805"}}, {"type": "Feature", "geometry": {"type": "LineString", "coordinates": [[142.5430816365144, 67.12006794822608], [142.54946087403744, 67.12819821112488]]}, "properties": {"source": "26631743", "target": "26889443"}}, {"type": "Feature", "geometry": {"type": "LineString", "coordinates": [[142.5430816365144, 67.12006794822608], [142.52806930392882, 67.12291323477122]]}, "properties": {"source": "26631743", "target": "815791"}}, {"type": "Feature", "geometry": {"type": "LineString", "coordinates": [[142.5430816365144, 67.12006794822608], [142.54260931220773, 67.11954466362825]]}, "properties": {"source": "26631743", "target": "11940003"}}, {"type": "Feature", "geometry": {"type": "LineString", "coordinates": [[142.54643670480306, 67.12794733012348], [142.53112685656453, 67.11647755815414]]}, "properties": {"source": "18168482", "target": "19376253"}}, {"type": "Feature", "geometry": {"type": "LineString", "coordinates": [[142.54643670480306, 67.12794733012348], [142.53548393004058, 67.1243519073329]]}, "properties": {"source": "18168482", "target": "18188673"}}, {"type": "Feature", "geometry": {"type": "LineString", "coordinates": [[142.54643670480306, 67.12794733012348], [142.5544371732821, 67.11694990080068]]}, "properties": {"source": "18168482", "target": "20342561"}}, {"type": "Feature", "geometry": {"type": "LineString", "coordinates": [[142.54643670480306, 67.12794733012348], [142.5476707228425, 67.12870273247249]]}, "properties": {"source": "18168482", "target": "16280115"}}, {"type": "Feature", "geometry": {"type": "LineString", "coordinates": [[142.54643670480306, 67.12794733012348], [142.5268066927913, 67.11914956153733]]}, "properties": {"source": "18168482", "target": "16049447"}}, {"type": "Feature", "geometry": {"type": "LineString", "coordinates": [[142.5484278126421, 67.12360181346769], [142.54578102513022, 67.12735196825875]]}, "properties": {"source": "25361808", "target": "28935678"}}, {"type": "Feature", "geometry": {"type": "LineString", "coordinates": [[142.55034592485254, 67.1272546112136], [142.5544371732821, 67.11694990080068]]}, "properties": {"source": "18774025", "target": "20342561"}}, {"type": "Feature", "geometry": {"type": "LineString", "coordinates": [[142.54478673863719, 67.1278673917414], [142.53641342903177, 67.12417223651937]]}, "properties": {"source": "31373109", "target": "28373853"}}, {"type": "Feature", "geometry": {"type": "LineString", "coordinates": [[142.5494637160885, 67.1207546591839], [142.53359768536416, 67.11752823918705]]}, "properties": {"source": "32947995", "target": "34106997"}}, {"type": "Feature", "geometry": {"type": "LineString", "coordinates": [[142.5494637160885, 67.1207546591839], [142.5363759559238, 67.12642829534863]]}, "properties": {"source": "32947995", "target": "27177113"}}, {"type": "Feature", "geometry": {"type": "LineString", "coordinates": [[142.5494637160885, 67.1207546591839], [142.5453000200336, 67.11697590692066]]}, "properties": {"source": "32947995", "target": "23067755"}}, {"type": "Feature", "geometry": {"type": "LineString", "coordinates": [[142.5494637160885, 67.1207546591839], [142.55263159499668, 67.11739565880507]]}, "properties": {"source": "32947995", "target": "12777480"}}, {"type": "Feature", "geometry": {"type": "LineString", "coordinates": [[142.54537442240996, 67.12232705326576], [142.52680098731156, 67.1234243731569]]}, "properties": {"source": "30742029", "target": "34214641"}}, {"type": "Feature", "geometry": {"type": "LineString", "coordinates": [[142.54537442240996, 67.12232705326576], [142.5593442503597, 67.1202265778146]]}, "properties": {"source": "30742029", "target": "34329905"}}, {"type": "Feature", "geometry": {"type": "LineString", "coordinates": [[142.54537442240996, 67.12232705326576], [142.54196108554044, 67.11747536745877]]}, "properties": {"source": "30742029", "target": "32033335"}}, {"type": "Feature", "geometry": {"type": "LineString", "coordinates": [[142.54537442240996, 67.12232705326576], [142.53358004676528, 67.11940141120456]]}, "properties": {"source": "30742029", "target": "34615701"}}, {"type": "Feature", "geometry": {"type": "LineString", "coordinates": [[142.54537442240996, 67.12232705326576], [142.5510394700171, 67.11664948876499]]}, "properties": {"source": "30742029", "target": "33791522"}}, {"type": "Feature", "geometry": {"type": "LineString", "coordinates": [[142.54537442240996, 67.12232705326576], [142.55251668858165, 67.12326998537065]]}, "properties": {"source": "30742029", "target": "3360822"}}, {"type": "Feature", "geometry": {"type": "LineString", "coordinates": [[142.5396422965793, 67.12169812405854], [142.5503094121966, 67.11781983521975]]}, "properties": {"source": "13547091", "target": "16251102"}}, {"type": "Feature", "geometry": {"type": "LineString", "coordinates": [[142.5396422965793, 67.12169812405854], [142.52825996688148, 67.12874603682957]]}, "properties": {"source": "13547091", "target": "16075913"}}, {"type": "Feature", "geometry": {"type": "LineString", "coordinates": [[142.5396422965793, 67.12169812405854], [142.52748174581194, 67.11645699752022]]}, "properties": {"source": "13547091", "target": "17832087"}}, {"type": "Feature", "geometry": {"type": "LineString", "coordinates": [[142.5396422965793, 67.12169812405854], [142.5379423192485, 67.12626644271462]]}, "properties": {"source": "13547091", "target": "6341869"}}, {"type": "Feature", "geometry": {"type": "LineString", "coordinates": [[142.5396422965793, 67.12169812405854], [142.5603386781691, 67.12175732312834]]}, "properties": {"source": "13547091", "target": "15793647"}}, {"type": "Feature", "geometry": {"type": "LineString", "coordinates": [[142.5363759559238, 67.12642829534863], [142.55263159499668, 67.11739565880507]]}, "properties": {"source": "27177113", "target": "12777480"}}, {"type": "Feature", "geometry": {"type": "LineString", "coordinates": [[142.5363759559238, 67.12642829534863], [142.547697792429, 67.12631539370116]]}, "properties": {"source": "27177113", "target": "25226188"}}, {"type": "Feature", "geometry": {"type": "LineString", "coordinates": [[142.5363759559238, 67.12642829534863], [142.5533996060563, 67.12106728752417]]}, "properties": {"source": "27177113", "target": "18375511"}}, {"type": "Feature", "geometry": {"type": "LineString", "coordinates": [[142.5363759559238, 67.12642829534863], [142.5532090666253, 67.12304372904482]]}, "properties": {"source": "27177113", "target": "32944083"}}, {"type": "Feature", "geometry": {"type": "LineString", "coordinates": [[142.5363759559238, 67.12642829534863], [142.53230074251871, 67.11797391233998]]}, "properties": {"source": "27177113", "target": "20937445"}}, {"type": "Feature", "geometry": {"type": "LineString", "coordinates": [[142.53358004676528, 67.11940141120456], [142.5593442503597, 67.1202265778146]]}, "properties": {"source": "34615701", "target": "34329905"}}, {"type": "Feature", "geometry": {"type": "LineString", "coordinates": [[142.53358004676528, 67.11940141120456], [142.54423499994436, 67.12531764808708]]}, "properties": {"source": "34615701", "target": "36131823"}}, {"type": "Feature", "geometry": {"type": "LineString", "coordinates": [[142.53358004676528, 67.11940141120456], [142.55251668858165, 67.12326998537065]]}, "properties": {"source": "34615701", "target": "3360822"}}, {"type": "Feature", "geometry": {"type": "LineString", "coordinates": [[142.547697792429, 67.12631539370116], [142.54578102513022, 67.12735196825875]]}, "properties": {"source": "25226188", "target": "28935678"}}, {"type": "Feature", "geometry": {"type": "LineString", "coordinates": [[142.547697792429, 67.12631539370116], [142.5484278126421, 67.12360181346769]]}, "properties": {"source": "25226188", "target": "25361808"}}, {"type": "Feature", "geometry": {"type": "LineString", "coordinates": [[142.5533996060563, 67.12106728752417], [142.5453000200336, 67.11697590692066]]}, "properties": {"source": "18375511", "target": "23067755"}}, {"type": "Feature", "geometry": {"type": "LineString", "coordinates": [[142.54713067142387, 67.12602344245788], [142.5463545311042, 67.12110063775317]]}, "properties": {"source": "259914", "target": "26843910"}}, {"type": "Feature", "geometry": {"type": "LineString", "coordinates": [[142.54713067142387, 67.12602344245788], [142.54578102513022, 67.12735196825875]]}, "properties": {"source": "259914", "target": "28935678"}}, {"type": "Feature", "geometry": {"type": "LineString", "coordinates": [[142.54713067142387, 67.12602344245788], [142.5484278126421, 67.12360181346769]]}, "properties": {"source": "259914", "target": "25361808"}}, {"type": "Feature", "geometry": {"type": "LineString", "coordinates": [[142.54713067142387, 67.12602344245788], [142.56049145110848, 67.12297732165956]]}, "properties": {"source": "259914", "target": "24830034"}}, {"type": "Feature", "geometry": {"type": "LineString", "coordinates": [[142.54713067142387, 67.12602344245788], [142.52725024895562, 67.12327141235843]]}, "properties": {"source": "259914", "target": "24795953"}}, {"type": "Feature", "geometry": {"type": "LineString", "coordinates": [[142.5510394700171, 67.11664948876499], [142.54423499994436, 67.12531764808708]]}, "properties": {"source": "33791522", "target": "36131823"}}, {"type": "Feature", "geometry": {"type": "LineString", "coordinates": [[142.56049145110848, 67.12297732165956], [142.54578102513022, 67.12735196825875]]}, "properties": {"source": "24830034", "target": "28935678"}}, {"type": "Feature", "geometry": {"type": "LineString", "coordinates": [[142.56049145110848, 67.12297732165956], [142.5484278126421, 67.12360181346769]]}, "properties": {"source": "24830034", "target": "25361808"}}, {"type": "Feature", "geometry": {"type": "LineString", "coordinates": [[142.56049145110848, 67.12297732165956], [142.55283426713032, 67.12826832760032]]}, "properties": {"source": "24830034", "target": "2370444"}}, {"type": "Feature", "geometry": {"type": "LineString", "coordinates": [[142.55349280735817, 67.12111075239972], [142.5494637160885, 67.1207546591839]]}, "properties": {"source": "28116729", "target": "32947995"}}, {"type": "Feature", "geometry": {"type": "LineString", "coordinates": [[142.52825996688148, 67.12874603682957], [142.53929543504034, 67.12077759515371]]}, "properties": {"source": "16075913", "target": "18193378"}}, {"type": "Feature", "geometry": {"type": "LineString", "coordinates": [[142.52825996688148, 67.12874603682957], [142.5603386781691, 67.12175732312834]]}, "properties": {"source": "16075913", "target": "15793647"}}, {"type": "Feature", "geometry": {"type": "LineString", "coordinates": [[142.52825996688148, 67.12874603682957], [142.53576168631133, 67.12409927171875]]}, "properties": {"source": "16075913", "target": "14830774"}}, {"type": "Feature", "geometry": {"type": "LineString", "coordinates": [[142.52825996688148, 67.12874603682957], [142.53919183172098, 67.11853470550878]]}, "properties": {"source": "16075913", "target": "18799724"}}, {"type": "Feature", "geometry": {"type": "LineString", "coordinates": [[142.5448958028818, 67.1214454253346], [142.54977206837555, 67.1197967747361]]}, "properties": {"source": "22241567", "target": "20329180"}}, {"type": "Feature", "geometry": {"type": "LineString", "coordinates": [[142.5448958028818, 67.1214454253346], [142.53548393004058, 67.1243519073329]]}, "properties": {"source": "22241567", "target": "18188673"}}, {"type": "Feature", "geometry": {"type": "LineString", "coordinates": [[142.5448958028818, 67.1214454253346], [142.5544371732821, 67.11694990080068]]}, "properties": {"source": "22241567", "target": "20342561"}}, {"type": "Feature", "geometry": {"type": "LineString", "coordinates": [[142.5448958028818, 67.1214454253346], [142.55034592485254, 67.1272546112136]]}, "properties": {"source": "22241567", "target": "18774025"}}, {"type": "Feature", "geometry": {"type": "LineString", "coordinates": [[142.5448958028818, 67.1214454253346], [142.5479223595355, 67.12144289655014]]}, "properties": {"source": "22241567", "target": "23731868"}}, {"type": "Feature", "geometry": {"type": "LineString", "coordinates": [[142.5448958028818, 67.1214454253346], [142.5247352389602, 67.11679406810437]]}, "properties": {"source": "22241567", "target": "2506264"}}, {"type": "Feature", "geometry": {"type": "LineString", "coordinates": [[142.5448958028818, 67.1214454253346], [142.54574491564387, 67.11897189515955]]}, "properties": {"source": "22241567", "target": "18085441"}}, {"type": "Feature", "geometry": {"type": "LineString", "coordinates": [[142.52776853189334, 67.12011356703185], [142.543486212846, 67.12083370207255]]}, "properties": {"source": "17899385", "target": "15790869"}}, {"type": "Feature", "geometry": {"type": "LineString", "coordinates": [[142.5503094121966, 67.11781983521975], [142.52748174581194, 67.11645699752022]]}, "properties": {"source": "16251102", "target": "17832087"}}, {"type": "Feature", "geometry": {"type": "LineString", "coordinates": [[142.5503094121966, 67.11781983521975], [142.54988263310526, 67.12360893749295]]}, "properties": {"source": "16251102", "target": "1893128"}}, {"type": "Feature", "geometry": {"type": "LineString", "coordinates": [[142.5503094121966, 67.11781983521975], [142.53929543504034, 67.12077759515371]]}, "properties": {"source": "16251102", "target": "18193378"}}, {"type": "Feature", "geometry": {"type": "LineString", "coordinates": [[142.5503094121966, 67.11781983521975], [142.5603386781691, 67.12175732312834]]}, "properties": {"source": "16251102", "target": "15793647"}}, {"type": "Feature", "geometry": {"type": "LineString", "coordinates": [[142.53660475940126, 67.11988454798447], [142.5494637160885, 67.1207546591839]]}, "properties": {"source": "31145051", "target": "32947995"}}, {"type": "Feature", "geometry": {"type": "LineString", "coordinates": [[142.53660475940126, 67.11988454798447], [142.5442587728354, 67.11794792639333]]}, "properties": {"source": "31145051", "target": "28425890"}}, {"type": "Feature", "geometry": {"type": "LineString", "coordinates": [[142.53660475940126, 67.11988454798447], [142.53359768536416, 67.11752823918705]]}, "properties": {"source": "31145051", "target": "34106997"}}, {"type": "Feature", "geometry": {"type": "LineString", "coordinates": [[142.53660475940126, 67.11988454798447], [142.5463545311042, 67.12110063775317]]}, "properties": {"source": "31145051", "target": "26843910"}}, {"type": "Feature", "geometry": {"type": "LineString", "coordinates": [[142.53660475940126, 67.11988454798447], [142.5363759559238, 67.12642829534863]]}, "properties": {"source": "31145051", "target": "27177113"}}, {"type": "Feature", "geometry": {"type": "LineString", "coordinates": [[142.53660475940126, 67.11988454798447], [142.52588583338172, 67.12045488529066]]}, "properties": {"source": "31145051", "target": "30303064"}}, {"type": "Feature", "geometry": {"type": "LineString", "coordinates": [[142.53660475940126, 67.11988454798447], [142.5452710354295, 67.12254809532016]]}, "properties": {"source": "31145051", "target": "6068064"}}, {"type": "Feature", "geometry": {"type": "LineString", "coordinates": [[142.53660475940126, 67.11988454798447], [142.5398947358771, 67.12508216525903]]}, "properties": {"source": "31145051", "target": "31570028"}}, {"type": "Feature", "geometry": {"type": "LineString", "coordinates": [[142.53660475940126, 67.11988454798447], [142.5426702806323, 67.12066284810145]]}, "properties": {"source": "31145051", "target": "27071425"}}, {"type": "Feature", "geometry": {"type": "LineString", "coordinates": [[142.53660475940126, 67.11988454798447], [142.55349280735817, 67.12111075239972]]}, "properties": {"source": "31145051", "target": "28116729"}}, {"type": "Feature", "geometry": {"type": "LineString", "coordinates": [[142.53660475940126, 67.11988454798447], [142.5532090666253, 67.12304372904482]]}, "properties": {"source": "31145051", "target": "32944083"}}, {"type": "Feature", "geometry": {"type": "LineString", "coordinates": [[142.54461285271498, 67.11810382533442], [142.55143757451515, 67.12509978031619]]}, "properties": {"source": "29496243", "target": "30238166"}}, {"type": "Feature", "geometry": {"type": "LineString", "coordinates": [[142.54461285271498, 67.11810382533442], [142.55263159499668, 67.11739565880507]]}, "properties": {"source": "29496243", "target": "12777480"}}, {"type": "Feature", "geometry": {"type": "LineString", "coordinates": [[142.54461285271498, 67.11810382533442], [142.547697792429, 67.12631539370116]]}, "properties": {"source": "29496243", "target": "25226188"}}, {"type": "Feature", "geometry": {"type": "LineString", "coordinates": [[142.54461285271498, 67.11810382533442], [142.5533996060563, 67.12106728752417]]}, "properties": {"source": "29496243", "target": "18375511"}}, {"type": "Feature", "geometry": {"type": "LineString", "coordinates": [[142.54461285271498, 67.11810382533442], [142.55349280735817, 67.12111075239972]]}, "properties": {"source": "29496243", "target": "28116729"}}, {"type": "Feature", "geometry": {"type": "LineString", "coordinates": [[142.5261784048983, 67.12549102294233], [142.5503094121966, 67.11781983521975]]}, "properties": {"source": "13538784", "target": "16251102"}}, {"type": "Feature", "geometry": {"type": "LineString", "coordinates": [[142.5261784048983, 67.12549102294233], [142.53840916316898, 67.12535466836887]]}, "properties": {"source": "13538784", "target": "25028045"}}, {"type": "Feature", "geometry": {"type": "LineString", "coordinates": [[142.5261784048983, 67.12549102294233], [142.53409378831822, 67.1258087549293]]}, "properties": {"source": "13538784", "target": "820112"}}, {"type": "Feature", "geometry": {"type": "LineString", "coordinates": [[142.52748174581194, 67.11645699752022], [142.53929543504034, 67.12077759515371]]}, "properties": {"source": "17832087", "target": "18193378"}}, {"type": "Feature", "geometry": {"type": "LineString", "coordinates": [[142.52748174581194, 67.11645699752022], [142.5603386781691, 67.12175732312834]]}, "properties": {"source": "17832087", "target": "15793647"}}, {"type": "Feature", "geometry": {"type": "LineString", "coordinates": [[142.52745735018004, 67.1171088138855], [142.53112685656453, 67.11647755815414]]}, "properties": {"source": "17981449", "target": "19376253"}}, {"type": "Feature", "geometry": {"type": "LineString", "coordinates": [[142.52745735018004, 67.1171088138855], [142.54977206837555, 67.1197967747361]]}, "properties": {"source": "17981449", "target": "20329180"}}, {"type": "Feature", "geometry": {"type": "LineString", "coordinates": [[142.52745735018004, 67.1171088138855], [142.53548393004058, 67.1243519073329]]}, "properties": {"source": "17981449", "target": "18188673"}}, {"type": "Feature", "geometry": {"type": "LineString", "coordinates": [[142.52745735018004, 67.1171088138855], [142.5544371732821, 67.11694990080068]]}, "properties": {"source": "17981449", "target": "20342561"}}, {"type": "Feature", "geometry": {"type": "LineString", "coordinates": [[142.52745735018004, 67.1171088138855], [142.54643670480306, 67.12794733012348]]}, "properties": {"source": "17981449", "target": "18168482"}}, {"type": "Feature", "geometry": {"type": "LineString", "coordinates": [[142.52745735018004, 67.1171088138855], [142.5438958067674, 67.12461141647319]]}, "properties": {"source": "17981449", "target": "18168493"}}, {"type": "Feature", "geometry": {"type": "LineString", "coordinates": [[142.52484262096658, 67.12592646507738], [142.52806930392882, 67.12291323477122]]}, "properties": {"source": "31141182", "target": "815791"}}, {"type": "Feature", "geometry": {"type": "LineString", "coordinates": [[142.52588583338172, 67.12045488529066], [142.54578102513022, 67.12735196825875]]}, "properties": {"source": "30303064", "target": "28935678"}}, {"type": "Feature", "geometry": {"type": "LineString", "coordinates": [[142.52588583338172, 67.12045488529066], [142.53814936179367, 67.1182050565125]]}, "properties": {"source": "30303064", "target": "30167587"}}, {"type": "Feature", "geometry": {"type": "LineString", "coordinates": [[142.52588583338172, 67.12045488529066], [142.5284939201435, 67.12201329019695]]}, "properties": {"source": "30303064", "target": "31327708"}}, {"type": "Feature", "geometry": {"type": "LineString", "coordinates": [[142.52588583338172, 67.12045488529066], [142.53641342903177, 67.12417223651937]]}, "properties": {"source": "30303064", "target": "28373853"}}, {"type": "Feature", "geometry": {"type": "LineString", "coordinates": [[142.55171608686896, 67.11873561341815], [142.53033911457857, 67.1272793386092]]}, "properties": {"source": "8526585", "target": "840998"}}, {"type": "Feature", "geometry": {"type": "LineString", "coordinates": [[142.52709021200684, 67.1193693588351], [142.5453000200336, 67.11697590692066]]}, "properties": {"source": "23005688", "target": "23067755"}}, {"type": "Feature", "geometry": {"type": "LineString", "coordinates": [[142.54260931220773, 67.11954466362825], [142.53321456856685, 67.12188583558402]]}, "properties": {"source": "11940003", "target": "35128475"}}, {"type": "Feature", "geometry": {"type": "LineString", "coordinates": [[142.53642802364385, 67.125607900262], [142.53112685656453, 67.11647755815414]]}, "properties": {"source": "17259016", "target": "19376253"}}, {"type": "Feature", "geometry": {"type": "LineString", "coordinates": [[142.52683982695095, 67.12312654000347], [142.5484278126421, 67.12360181346769]]}, "properties": {"source": "13639936", "target": "25361808"}}, {"type": "Feature", "geometry": {"type": "LineString", "coordinates": [[142.52683982695095, 67.12312654000347], [142.52728379758224, 67.12786766964302]]}, "properties": {"source": "13639936", "target": "22728455"}}, {"type": "Feature", "geometry": {"type": "LineString", "coordinates": [[142.55726201877667, 67.1237717453615], [142.5293591308955, 67.11662358748949]]}, "properties": {"source": "26202647", "target": "29088586"}}, {"type": "Feature", "geometry": {"type": "LineString", "coordinates": [[142.54718886402878, 67.12487601119443], [142.54988263310526, 67.12360893749295]]}, "properties": {"source": "16058204", "target": "1893128"}}, {"type": "Feature", "geometry": {"type": "LineString", "coordinates": [[142.5332566687651, 67.12584356605446], [142.54461285271498, 67.11810382533442]]}, "properties": {"source": "21958650", "target": "29496243"}}, {"type": "Feature", "geometry": {"type": "LineString", "coordinates": [[142.55735747480549, 67.12053073489454], [142.5593442503597, 67.1202265778146]]}, "properties": {"source": "32944078", "target": "34329905"}}, {"type": "Feature", "geometry": {"type": "LineString", "coordinates": [[142.52892996033052, 67.12065480910607], [142.53409378831822, 67.1258087549293]]}, "properties": {"source": "749131", "target": "820112"}}, {"type": "Feature", "geometry": {"type": "LineString", "coordinates": [[142.55378106982135, 67.1254741760774], [142.5553346157526, 67.12338751455965]]}, "properties": {"source": "29474234", "target": "27405309"}}, {"type": "Feature", "geometry": {"type": "LineString", "coordinates": [[142.55378106982135, 67.1254741760774], [142.5404305915784, 67.12180213250548]]}, "properties": {"source": "29474234", "target": "29470844"}}, {"type": "Feature", "geometry": {"type": "LineString", "coordinates": [[142.55378106982135, 67.1254741760774], [142.54907081470225, 67.11788692359626]]}, "properties": {"source": "29474234", "target": "28965790"}}, {"type": "Feature", "geometry": {"type": "LineString", "coordinates": [[142.54353992355522, 67.12104539106761], [142.55895598881682, 67.12008338739209]]}, "properties": {"source": "19231642", "target": "20262041"}}, {"type": "Feature", "geometry": {"type": "LineString", "coordinates": [[142.54353992355522, 67.12104539106761], [142.53813871933045, 67.11849096270922]]}, "properties": {"source": "19231642", "target": "18107762"}}, {"type": "Feature", "geometry": {"type": "LineString", "coordinates": [[142.52588583338172, 67.12045488529066], [142.53922105177946, 67.12753577757357]]}, "properties": {"source": "30303064", "target": "25817157"}}, {"type": "Feature", "geometry": {"type": "LineString", "coordinates": [[142.53334953399025, 67.1246485919718], [142.53112685656453, 67.11647755815414]]}, "properties": {"source": "17797267", "target": "19376253"}}, {"type": "Feature", "geometry": {"type": "LineString", "coordinates": [[142.53334953399025, 67.1246485919718], [142.54977206837555, 67.1197967747361]]}, "properties": {"source": "17797267", "target": "20329180"}}, {"type": "Feature", "geometry": {"type": "LineString", "coordinates": [[142.53334953399025, 67.1246485919718], [142.53548393004058, 67.1243519073329]]}, "properties": {"source": "17797267", "target": "18188673"}}, {"type": "Feature", "geometry": {"type": "LineString", "coordinates": [[142.53334953399025, 67.1246485919718], [142.5544371732821, 67.11694990080068]]}, "properties": {"source": "17797267", "target": "20342561"}}, {"type": "Feature", "geometry": {"type": "LineString", "coordinates": [[142.53334953399025, 67.1246485919718], [142.54643670480306, 67.12794733012348]]}, "properties": {"source": "17797267", "target": "18168482"}}, {"type": "Feature", "geometry": {"type": "LineString", "coordinates": [[142.53334953399025, 67.1246485919718], [142.5476707228425, 67.12870273247249]]}, "properties": {"source": "17797267", "target": "16280115"}}, {"type": "Feature", "geometry": {"type": "LineString", "coordinates": [[142.53334953399025, 67.1246485919718], [142.52433328388236, 67.12744246382357]]}, "properties": {"source": "17797267", "target": "15797696"}}, {"type": "Feature", "geometry": {"type": "LineString", "coordinates": [[142.53334953399025, 67.1246485919718], [142.5438958067674, 67.12461141647319]]}, "properties": {"source": "17797267", "target": "18168493"}}, {"type": "Feature", "geometry": {"type": "LineString", "coordinates": [[142.53334953399025, 67.1246485919718], [142.53955087059143, 67.11806615707846]]}, "properties": {"source": "17797267", "target": "18683525"}}, {"type": "Feature", "geometry": {"type": "LineString", "coordinates": [[142.53530126442314, 67.11734937141972], [142.52709021200684, 67.1193693588351]]}, "properties": {"source": "25440845", "target": "23005688"}}, {"type": "Feature", "geometry": {"type": "LineString", "coordinates": [[142.54832494739645, 67.118193842033], [142.53908760953652, 67.12232517716463]]}, "properties": {"source": "25033448", "target": "32803764"}}, {"type": "Feature", "geometry": {"type": "LineString", "coordinates": [[142.54832494739645, 67.118193842033], [142.52484262096658, 67.12592646507738]]}, "properties": {"source": "25033448", "target": "31141182"}}, {"type": "Feature", "geometry": {"type": "LineString", "coordinates": [[142.55553593892398, 67.12132408190412], [142.53813871933045, 67.11849096270922]]}, "properties": {"source": "19172335", "target": "18107762"}}, {"type": "Feature", "geometry": {"type": "LineString", "coordinates": [[142.55044758971263, 67.12100644341255], [142.53359768536416, 67.11752823918705]]}, "properties": {"source": "34913546", "target": "34106997"}}, {"type": "Feature", "geometry": {"type": "LineString", "coordinates": [[142.53334953399025, 67.1246485919718], [142.52745735018004, 67.1171088138855]]}, "properties": {"source": "17797267", "target": "17981449"}}, {"type": "Feature", "geometry": {"type": "LineString", "coordinates": [[142.52941524416394, 67.12033315835755], [142.53660475940126, 67.11988454798447]]}, "properties": {"source": "35531666", "target": "31145051"}}, {"type": "Feature", "geometry": {"type": "LineString", "coordinates": [[142.52941524416394, 67.12033315835755], [142.53359768536416, 67.11752823918705]]}, "properties": {"source": "35531666", "target": "34106997"}}, {"type": "Feature", "geometry": {"type": "LineString", "coordinates": [[142.52941524416394, 67.12033315835755], [142.5453000200336, 67.11697590692066]]}, "properties": {"source": "35531666", "target": "23067755"}}, {"type": "Feature", "geometry": {"type": "LineString", "coordinates": [[142.52941524416394, 67.12033315835755], [142.55143757451515, 67.12509978031619]]}, "properties": {"source": "35531666", "target": "30238166"}}, {"type": "Feature", "geometry": {"type": "LineString", "coordinates": [[142.52941524416394, 67.12033315835755], [142.5452710354295, 67.12254809532016]]}, "properties": {"source": "35531666", "target": "6068064"}}, {"type": "Feature", "geometry": {"type": "LineString", "coordinates": [[142.52941524416394, 67.12033315835755], [142.55263159499668, 67.11739565880507]]}, "properties": {"source": "35531666", "target": "12777480"}}, {"type": "Feature", "geometry": {"type": "LineString", "coordinates": [[142.52941524416394, 67.12033315835755], [142.5533996060563, 67.12106728752417]]}, "properties": {"source": "35531666", "target": "18375511"}}, {"type": "Feature", "geometry": {"type": "LineString", "coordinates": [[142.52941524416394, 67.12033315835755], [142.5532090666253, 67.12304372904482]]}, "properties": {"source": "35531666", "target": "32944083"}}, {"type": "Feature", "geometry": {"type": "LineString", "coordinates": [[142.52941524416394, 67.12033315835755], [142.53230074251871, 67.11797391233998]]}, "properties": {"source": "35531666", "target": "20937445"}}, {"type": "Feature", "geometry": {"type": "LineString", "coordinates": [[142.52941524416394, 67.12033315835755], [142.52711649808566, 67.12310044610665]]}, "properties": {"source": "35531666", "target": "33148519"}}, {"type": "Feature", "geometry": {"type": "LineString", "coordinates": [[142.53112685656453, 67.11647755815414], [142.5476707228425, 67.12870273247249]]}, "properties": {"source": "19376253", "target": "16280115"}}, {"type": "Feature", "geometry": {"type": "LineString", "coordinates": [[142.53112685656453, 67.11647755815414], [142.5438958067674, 67.12461141647319]]}, "properties": {"source": "19376253", "target": "18168493"}}, {"type": "Feature", "geometry": {"type": "LineString", "coordinates": [[142.54977206837555, 67.1197967747361], [142.53112685656453, 67.11647755815414]]}, "properties": {"source": "20329180", "target": "19376253"}}, {"type": "Feature", "geometry": {"type": "LineString", "coordinates": [[142.54977206837555, 67.1197967747361], [142.53548393004058, 67.1243519073329]]}, "properties": {"source": "20329180", "target": "18188673"}}, {"type": "Feature", "geometry": {"type": "LineString", "coordinates": [[142.54977206837555, 67.1197967747361], [142.5544371732821, 67.11694990080068]]}, "properties": {"source": "20329180", "target": "20342561"}}, {"type": "Feature", "geometry": {"type": "LineString", "coordinates": [[142.52941524416394, 67.12033315835755], [142.55965590989086, 67.12368883588252]]}, "properties": {"source": "35531666", "target": "1955124"}}, {"type": "Feature", "geometry": {"type": "LineString", "coordinates": [[142.55349280735817, 67.12111075239972], [142.5363759559238, 67.12642829534863]]}, "properties": {"source": "28116729", "target": "27177113"}}, {"type": "Feature", "geometry": {"type": "LineString", "coordinates": [[142.55349280735817, 67.12111075239972], [142.5532090666253, 67.12304372904482]]}, "properties": {"source": "28116729", "target": "32944083"}}, {"type": "Feature", "geometry": {"type": "LineString", "coordinates": [[142.5254524546317, 67.11687655597191], [142.53813871933045, 67.11849096270922]]}, "properties": {"source": "19231969", "target": "18107762"}}, {"type": "Feature", "geometry": {"type": "LineString", "coordinates": [[142.54988263310526, 67.12360893749295], [142.53919183172098, 67.11853470550878]]}, "properties": {"source": "1893128", "target": "18799724"}}, {"type": "Feature", "geometry": {"type": "LineString", "coordinates": [[142.54988263310526, 67.12360893749295], [142.5322854970957, 67.12864810523753]]}, "properties": {"source": "1893128", "target": "15843287"}}, {"type": "Feature", "geometry": {"type": "LineString", "coordinates": [[142.53814936179367, 67.1182050565125], [142.53641342903177, 67.12417223651937]]}, "properties": {"source": "30167587", "target": "28373853"}}, {"type": "Feature", "geometry": {"type": "LineString", "coordinates": [[142.55648057233475, 67.12432062255242], [142.53112685656453, 67.11647755815414]]}, "properties": {"source": "17570186", "target": "19376253"}}, {"type": "Feature", "geometry": {"type": "LineString", "coordinates": [[142.55648057233475, 67.12432062255242], [142.54977206837555, 67.1197967747361]]}, "properties": {"source": "17570186", "target": "20329180"}}, {"type": "Feature", "geometry": {"type": "LineString", "coordinates": [[142.55648057233475, 67.12432062255242], [142.53548393004058, 67.1243519073329]]}, "properties": {"source": "17570186", "target": "18188673"}}, {"type": "Feature", "geometry": {"type": "LineString", "coordinates": [[142.55648057233475, 67.12432062255242], [142.5544371732821, 67.11694990080068]]}, "properties": {"source": "17570186", "target": "20342561"}}, {"type": "Feature", "geometry": {"type": "LineString", "coordinates": [[142.55648057233475, 67.12432062255242], [142.52433328388236, 67.12744246382357]]}, "properties": {"source": "17570186", "target": "15797696"}}, {"type": "Feature", "geometry": {"type": "LineString", "coordinates": [[142.55510979688978, 67.1177529683758], [142.54478673863719, 67.1278673917414]]}, "properties": {"source": "33877003", "target": "31373109"}}, {"type": "Feature", "geometry": {"type": "LineString", "coordinates": [[142.55510979688978, 67.1177529683758], [142.54461285271498, 67.11810382533442]]}, "properties": {"source": "33877003", "target": "29496243"}}, {"type": "Feature", "geometry": {"type": "LineString", "coordinates": [[142.55510979688978, 67.1177529683758], [142.53359768536416, 67.11752823918705]]}, "properties": {"source": "33877003", "target": "34106997"}}, {"type": "Feature", "geometry": {"type": "LineString", "coordinates": [[142.55510979688978, 67.1177529683758], [142.5453000200336, 67.11697590692066]]}, "properties": {"source": "33877003", "target": "23067755"}}, {"type": "Feature", "geometry": {"type": "LineString", "coordinates": [[142.55510979688978, 67.1177529683758], [142.52829323797607, 67.122256595936]]}, "properties": {"source": "33877003", "target": "34702181"}}, {"type": "Feature", "geometry": {"type": "LineString", "coordinates": [[142.52479037555008, 67.11872639013815], [142.5494637160885, 67.1207546591839]]}, "properties": {"source": "30335767", "target": "32947995"}}, {"type": "Feature", "geometry": {"type": "LineString", "coordinates": [[142.52479037555008, 67.11872639013815], [142.53359768536416, 67.11752823918705]]}, "properties": {"source": "30335767", "target": "34106997"}}, {"type": "Feature", "geometry": {"type": "LineString", "coordinates": [[142.52479037555008, 67.11872639013815], [142.5363759559238, 67.12642829534863]]}, "properties": {"source": "30335767", "target": "27177113"}}, {"type": "Feature", "geometry": {"type": "LineString", "coordinates": [[142.52479037555008, 67.11872639013815], [142.5453000200336, 67.11697590692066]]}, "properties": {"source": "30335767", "target": "23067755"}}, {"type": "Feature", "geometry": {"type": "LineString", "coordinates": [[142.52479037555008, 67.11872639013815], [142.53908760953652, 67.12232517716463]]}, "properties": {"source": "30335767", "target": "32803764"}}, {"type": "Feature", "geometry": {"type": "LineString", "coordinates": [[142.52479037555008, 67.11872639013815], [142.52484262096658, 67.12592646507738]]}, "properties": {"source": "30335767", "target": "31141182"}}, {"type": "Feature", "geometry": {"type": "LineString", "coordinates": [[142.52479037555008, 67.11872639013815], [142.53447885831878, 67.11963269134552]]}, "properties": {"source": "30335767", "target": "879663"}}, {"type": "Feature", "geometry": {"type": "LineString", "coordinates": [[142.52479037555008, 67.11872639013815], [142.55263159499668, 67.11739565880507]]}, "properties": {"source": "30335767", "target": "12777480"}}, {"type": "Feature", "geometry": {"type": "LineString", "coordinates": [[142.52479037555008, 67.11872639013815], [142.547697792429, 67.12631539370116]]}, "properties": {"source": "30335767", "target": "25226188"}}, {"type": "Feature", "geometry": {"type": "LineString", "coordinates": [[142.52479037555008, 67.11872639013815], [142.5533996060563, 67.12106728752417]]}, "properties": {"source": "30335767", "target": "18375511"}}, {"type": "Feature", "geometry": {"type": "LineString", "coordinates": [[142.52479037555008, 67.11872639013815], [142.55349280735817, 67.12111075239972]]}, "properties": {"source": "30335767", "target": "28116729"}}, {"type": "Feature", "geometry": {"type": "LineString", "coordinates": [[142.52479037555008, 67.11872639013815], [142.55680167861004, 67.12346929777925]]}, "properties": {"source": "30335767", "target": "17412805"}}, {"type": "Feature", "geometry": {"type": "LineString", "coordinates": [[142.52479037555008, 67.11872639013815], [142.53230074251871, 67.11797391233998]]}, "properties": {"source": "30335767", "target": "20937445"}}, {"type": "Feature", "geometry": {"type": "LineString", "coordinates": [[142.52479037555008, 67.11872639013815], [142.54946087403744, 67.12819821112488]]}, "properties": {"source": "30335767", "target": "26889443"}}, {"type": "Feature", "geometry": {"type": "LineString", "coordinates": [[142.52479037555008, 67.11872639013815], [142.5293591308955, 67.11662358748949]]}, "properties": {"source": "30335767", "target": "29088586"}}, {"type": "Feature", "geometry": {"type": "LineString", "coordinates": [[142.52479037555008, 67.11872639013815], [142.52829323797607, 67.122256595936]]}, "properties": {"source": "30335767", "target": "34702181"}}, {"type": "Feature", "geometry": {"type": "LineString", "coordinates": [[142.53738091789586, 67.12532004866692], [142.5404305915784, 67.12180213250548]]}, "properties": {"source": "30087761", "target": "29470844"}}, {"type": "Feature", "geometry": {"type": "LineString", "coordinates": [[142.54023812892996, 67.12316179745105], [142.5359406372811, 67.11826897603827]]}, "properties": {"source": "398755", "target": "29974709"}}, {"type": "Feature", "geometry": {"type": "LineString", "coordinates": [[142.54023812892996, 67.12316179745105], [142.5511976557732, 67.12197752098467]]}, "properties": {"source": "398755", "target": "3194375"}}, {"type": "Feature", "geometry": {"type": "LineString", "coordinates": [[142.54023812892996, 67.12316179745105], [142.55758136544796, 67.12384590514661]]}, "properties": {"source": "398755", "target": "465454"}}, {"type": "Feature", "geometry": {"type": "LineString", "coordinates": [[142.53094435210562, 67.12793334207579], [142.55378106982135, 67.1254741760774]]}, "properties": {"source": "29995604", "target": "29474234"}}, {"type": "Feature", "geometry": {"type": "LineString", "coordinates": [[142.53094435210562, 67.12793334207579], [142.54907081470225, 67.11788692359626]]}, "properties": {"source": "29995604", "target": "28965790"}}, {"type": "Feature", "geometry": {"type": "LineString", "coordinates": [[142.55835959455595, 67.1187668438971], [142.5344913512073, 67.12859250882917]]}, "properties": {"source": "106228", "target": "20897322"}}, {"type": "Feature", "geometry": {"type": "LineString", "coordinates": [[142.55835959455595, 67.1187668438971], [142.53112685656453, 67.11647755815414]]}, "properties": {"source": "106228", "target": "19376253"}}, {"type": "Feature", "geometry": {"type": "LineString", "coordinates": [[142.55835959455595, 67.1187668438971], [142.54977206837555, 67.1197967747361]]}, "properties": {"source": "106228", "target": "20329180"}}, {"type": "Feature", "geometry": {"type": "LineString", "coordinates": [[142.5297574252221, 67.11868612927788], [142.54708277149047, 67.12810787085634]]}, "properties": {"source": "1801980", "target": "11422314"}}, {"type": "Feature", "geometry": {"type": "LineString", "coordinates": [[142.5297574252221, 67.11868612927788], [142.5466307499441, 67.1182427046172]]}, "properties": {"source": "1801980", "target": "15706685"}}, {"type": "Feature", "geometry": {"type": "LineString", "coordinates": [[142.5323337150241, 67.12377512416828], [142.53112685656453, 67.11647755815414]]}, "properties": {"source": "20308071", "target": "19376253"}}, {"type": "Feature", "geometry": {"type": "LineString", "coordinates": [[142.5323337150241, 67.12377512416828], [142.53642802364385, 67.125607900262]]}, "properties": {"source": "20308071", "target": "17259016"}}, {"type": "Feature", "geometry": {"type": "LineString", "coordinates": [[142.5323337150241, 67.12377512416828], [142.5466811768274, 67.12581400640907]]}, "properties": {"source": "20308071", "target": "25734057"}}, {"type": "Feature", "geometry": {"type": "LineString", "coordinates": [[142.52346388465423, 67.12739237402299], [142.54574491564387, 67.11897189515955]]}, "properties": {"source": "15818208", "target": "18085441"}}, {"type": "Feature", "geometry": {"type": "LineString", "coordinates": [[142.53530126442314, 67.11734937141972], [142.5453000200336, 67.11697590692066]]}, "properties": {"source": "25440845", "target": "23067755"}}, {"type": "Feature", "geometry": {"type": "LineString", "coordinates": [[142.54878595825926, 67.12752974362851], [142.55521898498426, 67.127413451425]]}, "properties": {"source": "13642534", "target": "13642532"}}, {"type": "Feature", "geometry": {"type": "LineString", "coordinates": [[142.54755866897756, 67.1228221589616], [142.55895598881682, 67.12008338739209]]}, "properties": {"source": "2300085", "target": "20262041"}}, {"type": "Feature", "geometry": {"type": "LineString", "coordinates": [[142.54755866897756, 67.1228221589616], [142.53813871933045, 67.11849096270922]]}, "properties": {"source": "2300085", "target": "18107762"}}, {"type": "Feature", "geometry": {"type": "LineString", "coordinates": [[142.54755866897756, 67.1228221589616], [142.54692261423872, 67.12196727898603]]}, "properties": {"source": "2300085", "target": "19231905"}}, {"type": "Feature", "geometry": {"type": "LineString", "coordinates": [[142.54755866897756, 67.1228221589616], [142.5254524546317, 67.11687655597191]]}, "properties": {"source": "2300085", "target": "19231969"}}, {"type": "Feature", "geometry": {"type": "LineString", "coordinates": [[142.5435152139346, 67.12603393629534], [142.5484278126421, 67.12360181346769]]}, "properties": {"source": "22713680", "target": "25361808"}}, {"type": "Feature", "geometry": {"type": "LineString", "coordinates": [[142.5435152139346, 67.12603393629534], [142.547697792429, 67.12631539370116]]}, "properties": {"source": "22713680", "target": "25226188"}}, {"type": "Feature", "geometry": {"type": "LineString", "coordinates": [[142.5435152139346, 67.12603393629534], [142.56049145110848, 67.12297732165956]]}, "properties": {"source": "22713680", "target": "24830034"}}, {"type": "Feature", "geometry": {"type": "LineString", "coordinates": [[142.5435152139346, 67.12603393629534], [142.55283426713032, 67.12826832760032]]}, "properties": {"source": "22713680", "target": "2370444"}}, {"type": "Feature", "geometry": {"type": "LineString", "coordinates": [[142.53955087059143, 67.11806615707846], [142.53112685656453, 67.11647755815414]]}, "properties": {"source": "18683525", "target": "19376253"}}, {"type": "Feature", "geometry": {"type": "LineString", "coordinates": [[142.55895598881682, 67.12008338739209], [142.5254524546317, 67.11687655597191]]}, "properties": {"source": "20262041", "target": "19231969"}}, {"type": "Feature", "geometry": {"type": "LineString", "coordinates": [[142.55895598881682, 67.12008338739209], [142.55553593892398, 67.12132408190412]]}, "properties": {"source": "20262041", "target": "19172335"}}, {"type": "Feature", "geometry": {"type": "LineString", "coordinates": [[142.5261784048983, 67.12549102294233], [142.5344913512073, 67.12859250882917]]}, "properties": {"source": "13538784", "target": "20897322"}}, {"type": "Feature", "geometry": {"type": "LineString", "coordinates": [[142.5261784048983, 67.12549102294233], [142.53112685656453, 67.11647755815414]]}, "properties": {"source": "13538784", "target": "19376253"}}, {"type": "Feature", "geometry": {"type": "LineString", "coordinates": [[142.5261784048983, 67.12549102294233], [142.54977206837555, 67.1197967747361]]}, "properties": {"source": "13538784", "target": "20329180"}}, {"type": "Feature", "geometry": {"type": "LineString", "coordinates": [[142.54878595825926, 67.12752974362851], [142.54612966231485, 67.12453298734992]]}, "properties": {"source": "13642534", "target": "13643013"}}, {"type": "Feature", "geometry": {"type": "LineString", "coordinates": [[142.53252040934785, 67.12009166251529], [142.5247352389602, 67.11679406810437]]}, "properties": {"source": "23452865", "target": "2506264"}}, {"type": "Feature", "geometry": {"type": "LineString", "coordinates": [[142.53252040934785, 67.12009166251529], [142.55416352264854, 67.11908902333293]]}, "properties": {"source": "23452865", "target": "25488120"}}, {"type": "Feature", "geometry": {"type": "LineString", "coordinates": [[142.52725024895562, 67.12327141235843], [142.5442587728354, 67.11794792639333]]}, "properties": {"source": "24795953", "target": "28425890"}}, {"type": "Feature", "geometry": {"type": "LineString", "coordinates": [[142.52725024895562, 67.12327141235843], [142.54578102513022, 67.12735196825875]]}, "properties": {"source": "24795953", "target": "28935678"}}, {"type": "Feature", "geometry": {"type": "LineString", "coordinates": [[142.52725024895562, 67.12327141235843], [142.5484278126421, 67.12360181346769]]}, "properties": {"source": "24795953", "target": "25361808"}}, {"type": "Feature", "geometry": {"type": "LineString", "coordinates": [[142.52725024895562, 67.12327141235843], [142.56049145110848, 67.12297732165956]]}, "properties": {"source": "24795953", "target": "24830034"}}, {"type": "Feature", "geometry": {"type": "LineString", "coordinates": [[142.5511976557732, 67.12197752098467], [142.55758136544796, 67.12384590514661]]}, "properties": {"source": "3194375", "target": "465454"}}, {"type": "Feature", "geometry": {"type": "LineString", "coordinates": [[142.5511976557732, 67.12197752098467], [142.53548239080516, 67.12445490631093]]}, "properties": {"source": "3194375", "target": "17860682"}}, {"type": "Feature", "geometry": {"type": "LineString", "coordinates": [[142.5379423192485, 67.12626644271462], [142.54289524628575, 67.1234548055072]]}, "properties": {"source": "6341869", "target": "3329439"}}, {"type": "Feature", "geometry": {"type": "LineString", "coordinates": [[142.5379423192485, 67.12626644271462], [142.52493211024608, 67.12007312423438]]}, "properties": {"source": "6341869", "target": "7739141"}}, {"type": "Feature", "geometry": {"type": "LineString", "coordinates": [[142.5268066927913, 67.11914956153733], [142.53548393004058, 67.1243519073329]]}, "properties": {"source": "16049447", "target": "18188673"}}, {"type": "Feature", "geometry": {"type": "LineString", "coordinates": [[142.52941524416394, 67.12033315835755], [142.52479037555008, 67.11872639013815]]}, "properties": {"source": "35531666", "target": "30335767"}}, {"type": "Feature", "geometry": {"type": "LineString", "coordinates": [[142.52941524416394, 67.12033315835755], [142.55510979688978, 67.1177529683758]]}, "properties": {"source": "35531666", "target": "33877003"}}, {"type": "Feature", "geometry": {"type": "LineString", "coordinates": [[142.52941524416394, 67.12033315835755], [142.5494637160885, 67.1207546591839]]}, "properties": {"source": "35531666", "target": "32947995"}}, {"type": "Feature", "geometry": {"type": "LineString", "coordinates": [[142.52941524416394, 67.12033315835755], [142.54461285271498, 67.11810382533442]]}, "properties": {"source": "35531666", "target": "29496243"}}, {"type": "Feature", "geometry": {"type": "LineString", "coordinates": [[142.52941524416394, 67.12033315835755], [142.52829323797607, 67.122256595936]]}, "properties": {"source": "35531666", "target": "34702181"}}, {"type": "Feature", "geometry": {"type": "LineString", "coordinates": [[142.52661654302267, 67.11746440953316], [142.55680167861004, 67.12346929777925]]}, "properties": {"source": "1901360", "target": "17412805"}}, {"type": "Feature", "geometry": {"type": "LineString", "coordinates": [[142.54692261423872, 67.12196727898603], [142.55895598881682, 67.12008338739209]]}, "properties": {"source": "19231905", "target": "20262041"}}, {"type": "Feature", "geometry": {"type": "LineString", "coordinates": [[142.54692261423872, 67.12196727898603], [142.53813871933045, 67.11849096270922]]}, "properties": {"source": "19231905", "target": "18107762"}}, {"type": "Feature", "geometry": {"type": "LineString", "coordinates": [[142.54692261423872, 67.12196727898603], [142.5254524546317, 67.11687655597191]]}, "properties": {"source": "19231905", "target": "19231969"}}, {"type": "Feature", "geometry": {"type": "LineString", "coordinates": [[142.55024763556185, 67.1181859348873], [142.5503094121966, 67.11781983521975]]}, "properties": {"source": "17343399", "target": "16251102"}}, {"type": "Feature", "geometry": {"type": "LineString", "coordinates": [[142.55024763556185, 67.1181859348873], [142.52748174581194, 67.11645699752022]]}, "properties": {"source": "17343399", "target": "17832087"}}, {"type": "Feature", "geometry": {"type": "LineString", "coordinates": [[142.55024763556185, 67.1181859348873], [142.54988263310526, 67.12360893749295]]}, "properties": {"source": "17343399", "target": "1893128"}}, {"type": "Feature", "geometry": {"type": "LineString", "coordinates": [[142.55024763556185, 67.1181859348873], [142.53929543504034, 67.12077759515371]]}, "properties": {"source": "17343399", "target": "18193378"}}, {"type": "Feature", "geometry": {"type": "LineString", "coordinates": [[142.55024763556185, 67.1181859348873], [142.53576168631133, 67.12409927171875]]}, "properties": {"source": "17343399", "target": "14830774"}}, {"type": "Feature", "geometry": {"type": "LineString", "coordinates": [[142.55024763556185, 67.1181859348873], [142.53840916316898, 67.12535466836887]]}, "properties": {"source": "17343399", "target": "25028045"}}, {"type": "Feature", "geometry": {"type": "LineString", "coordinates": [[142.55024763556185, 67.1181859348873], [142.54660857786035, 67.12583435959354]]}, "properties": {"source": "17343399", "target": "2462973"}}, {"type": "Feature", "geometry": {"type": "LineString", "coordinates": [[142.5510394700171, 67.11664948876499], [142.54478673863719, 67.1278673917414]]}, "properties": {"source": "33791522", "target": "31373109"}}, {"type": "Feature", "geometry": {"type": "LineString", "coordinates": [[142.5510394700171, 67.11664948876499], [142.52680098731156, 67.1234243731569]]}, "properties": {"source": "33791522", "target": "34214641"}}, {"type": "Feature", "geometry": {"type": "LineString", "coordinates": [[142.5510394700171, 67.11664948876499], [142.5593442503597, 67.1202265778146]]}, "properties": {"source": "33791522", "target": "34329905"}}, {"type": "Feature", "geometry": {"type": "LineString", "coordinates": [[142.5510394700171, 67.11664948876499], [142.53358004676528, 67.11940141120456]]}, "properties": {"source": "33791522", "target": "34615701"}}, {"type": "Feature", "geometry": {"type": "LineString", "coordinates": [[142.54692261423872, 67.12196727898603], [142.55965590989086, 67.12368883588252]]}, "properties": {"source": "19231905", "target": "1955124"}}, {"type": "Feature", "geometry": {"type": "LineString", "coordinates": [[142.52887609133995, 67.11870323108205], [142.5344913512073, 67.12859250882917]]}, "properties": {"source": "29359270", "target": "20897322"}}, {"type": "Feature", "geometry": {"type": "LineString", "coordinates": [[142.52887609133995, 67.11870323108205], [142.53908760953652, 67.12232517716463]]}, "properties": {"source": "29359270", "target": "32803764"}}, {"type": "Feature", "geometry": {"type": "LineString", "coordinates": [[142.52887609133995, 67.11870323108205], [142.52484262096658, 67.12592646507738]]}, "properties": {"source": "29359270", "target": "31141182"}}, {"type": "Feature", "geometry": {"type": "LineString", "coordinates": [[142.52887609133995, 67.11870323108205], [142.5430816365144, 67.12006794822608]]}, "properties": {"source": "29359270", "target": "26631743"}}, {"type": "Feature", "geometry": {"type": "LineString", "coordinates": [[142.52887609133995, 67.11870323108205], [142.53447885831878, 67.11963269134552]]}, "properties": {"source": "29359270", "target": "879663"}}, {"type": "Feature", "geometry": {"type": "LineString", "coordinates": [[142.52887609133995, 67.11870323108205], [142.52661654302267, 67.11746440953316]]}, "properties": {"source": "29359270", "target": "1901360"}}, {"type": "Feature", "geometry": {"type": "LineString", "coordinates": [[142.52887609133995, 67.11870323108205], [142.55680167861004, 67.12346929777925]]}, "properties": {"source": "29359270", "target": "17412805"}}, {"type": "Feature", "geometry": {"type": "LineString", "coordinates": [[142.52887609133995, 67.11870323108205], [142.54946087403744, 67.12819821112488]]}, "properties": {"source": "29359270", "target": "26889443"}}, {"type": "Feature", "geometry": {"type": "LineString", "coordinates": [[142.52887609133995, 67.11870323108205], [142.52806930392882, 67.12291323477122]]}, "properties": {"source": "29359270", "target": "815791"}}, {"type": "Feature", "geometry": {"type": "LineString", "coordinates": [[142.52887609133995, 67.11870323108205], [142.55367034434744, 67.12346782644137]]}, "properties": {"source": "29359270", "target": "15794580"}}, {"type": "Feature", "geometry": {"type": "LineString", "coordinates": [[142.52887609133995, 67.11870323108205], [142.54832494739645, 67.118193842033]]}, "properties": {"source": "29359270", "target": "25033448"}}, {"type": "Feature", "geometry": {"type": "LineString", "coordinates": [[142.54372005831948, 67.12229316160497], [142.54478673863719, 67.1278673917414]]}, "properties": {"source": "31133972", "target": "31373109"}}, {"type": "Feature", "geometry": {"type": "LineString", "coordinates": [[142.54372005831948, 67.12229316160497], [142.5442587728354, 67.11794792639333]]}, "properties": {"source": "31133972", "target": "28425890"}}, {"type": "Feature", "geometry": {"type": "LineString", "coordinates": [[142.54372005831948, 67.12229316160497], [142.53660475940126, 67.11988454798447]]}, "properties": {"source": "31133972", "target": "31145051"}}, {"type": "Feature", "geometry": {"type": "LineString", "coordinates": [[142.54372005831948, 67.12229316160497], [142.52588583338172, 67.12045488529066]]}, "properties": {"source": "31133972", "target": "30303064"}}, {"type": "Feature", "geometry": {"type": "LineString", "coordinates": [[142.54372005831948, 67.12229316160497], [142.5398947358771, 67.12508216525903]]}, "properties": {"source": "31133972", "target": "31570028"}}, {"type": "Feature", "geometry": {"type": "LineString", "coordinates": [[142.5494637160885, 67.1207546591839], [142.5533996060563, 67.12106728752417]]}, "properties": {"source": "32947995", "target": "18375511"}}, {"type": "Feature", "geometry": {"type": "LineString", "coordinates": [[142.5494637160885, 67.1207546591839], [142.5532090666253, 67.12304372904482]]}, "properties": {"source": "32947995", "target": "32944083"}}, {"type": "Feature", "geometry": {"type": "LineString", "coordinates": [[142.5494637160885, 67.1207546591839], [142.53230074251871, 67.11797391233998]]}, "properties": {"source": "32947995", "target": "20937445"}}, {"type": "Feature", "geometry": {"type": "LineString", "coordinates": [[142.5494637160885, 67.1207546591839], [142.53609213781067, 67.11798407010063]]}, "properties": {"source": "32947995", "target": "306119"}}, {"type": "Feature", "geometry": {"type": "LineString", "coordinates": [[142.54461285271498, 67.11810382533442], [142.52479037555008, 67.11872639013815]]}, "properties": {"source": "29496243", "target": "30335767"}}, {"type": "Feature", "geometry": {"type": "LineString", "coordinates": [[142.54461285271498, 67.11810382533442], [142.5494637160885, 67.1207546591839]]}, "properties": {"source": "29496243", "target": "32947995"}}, {"type": "Feature", "geometry": {"type": "LineString", "coordinates": [[142.54461285271498, 67.11810382533442], [142.53359768536416, 67.11752823918705]]}, "properties": {"source": "29496243", "target": "34106997"}}, {"type": "Feature", "geometry": {"type": "LineString", "coordinates": [[142.54461285271498, 67.11810382533442], [142.5363759559238, 67.12642829534863]]}, "properties": {"source": "29496243", "target": "27177113"}}, {"type": "Feature", "geometry": {"type": "LineString", "coordinates": [[142.54461285271498, 67.11810382533442], [142.5453000200336, 67.11697590692066]]}, "properties": {"source": "29496243", "target": "23067755"}}, {"type": "Feature", "geometry": {"type": "LineString", "coordinates": [[142.55982763254048, 67.11848343156078], [142.53840916316898, 67.12535466836887]]}, "properties": {"source": "3467730", "target": "25028045"}}, {"type": "Feature", "geometry": {"type": "LineString", "coordinates": [[142.55982763254048, 67.11848343156078], [142.54660857786035, 67.12583435959354]]}, "properties": {"source": "3467730", "target": "2462973"}}, {"type": "Feature", "geometry": {"type": "LineString", "coordinates": [[142.55982763254048, 67.11848343156078], [142.54289524628575, 67.1234548055072]]}, "properties": {"source": "3467730", "target": "3329439"}}, {"type": "Feature", "geometry": {"type": "LineString", "coordinates": [[142.54878595825926, 67.12752974362851], [142.5476707228425, 67.12870273247249]]}, "properties": {"source": "13642534", "target": "16280115"}}, {"type": "Feature", "geometry": {"type": "LineString", "coordinates": [[142.54878595825926, 67.12752974362851], [142.5268066927913, 67.11914956153733]]}, "properties": {"source": "13642534", "target": "16049447"}}, {"type": "Feature", "geometry": {"type": "LineString", "coordinates": [[142.54461285271498, 67.11810382533442], [142.52829323797607, 67.122256595936]]}, "properties": {"source": "29496243", "target": "34702181"}}, {"type": "Feature", "geometry": {"type": "LineString", "coordinates": [[142.54461285271498, 67.11810382533442], [142.55965590989086, 67.12368883588252]]}, "properties": {"source": "29496243", "target": "1955124"}}, {"type": "Feature", "geometry": {"type": "LineString", "coordinates": [[142.5396422965793, 67.12169812405854], [142.53840916316898, 67.12535466836887]]}, "properties": {"source": "13547091", "target": "25028045"}}, {"type": "Feature", "geometry": {"type": "LineString", "coordinates": [[142.5396422965793, 67.12169812405854], [142.55982763254048, 67.11848343156078]]}, "properties": {"source": "13547091", "target": "3467730"}}, {"type": "Feature", "geometry": {"type": "LineString", "coordinates": [[142.5396422965793, 67.12169812405854], [142.52493211024608, 67.12007312423438]]}, "properties": {"source": "13547091", "target": "7739141"}}, {"type": "Feature", "geometry": {"type": "LineString", "coordinates": [[142.5426702806323, 67.12066284810145], [142.54478673863719, 67.1278673917414]]}, "properties": {"source": "27071425", "target": "31373109"}}, {"type": "Feature", "geometry": {"type": "LineString", "coordinates": [[142.5426702806323, 67.12066284810145], [142.5442587728354, 67.11794792639333]]}, "properties": {"source": "27071425", "target": "28425890"}}, {"type": "Feature", "geometry": {"type": "LineString", "coordinates": [[142.5426702806323, 67.12066284810145], [142.5463545311042, 67.12110063775317]]}, "properties": {"source": "27071425", "target": "26843910"}}, {"type": "Feature", "geometry": {"type": "LineString", "coordinates": [[142.5426702806323, 67.12066284810145], [142.54578102513022, 67.12735196825875]]}, "properties": {"source": "27071425", "target": "28935678"}}, {"type": "Feature", "geometry": {"type": "LineString", "coordinates": [[142.5426702806323, 67.12066284810145], [142.52588583338172, 67.12045488529066]]}, "properties": {"source": "27071425", "target": "30303064"}}, {"type": "Feature", "geometry": {"type": "LineString", "coordinates": [[142.5426702806323, 67.12066284810145], [142.53814936179367, 67.1182050565125]]}, "properties": {"source": "27071425", "target": "30167587"}}, {"type": "Feature", "geometry": {"type": "LineString", "coordinates": [[142.5426702806323, 67.12066284810145], [142.5284939201435, 67.12201329019695]]}, "properties": {"source": "27071425", "target": "31327708"}}, {"type": "Feature", "geometry": {"type": "LineString", "coordinates": [[142.52661654302267, 67.11746440953316], [142.52479037555008, 67.11872639013815]]}, "properties": {"source": "1901360", "target": "30335767"}}, {"type": "Feature", "geometry": {"type": "LineString", "coordinates": [[142.52661654302267, 67.11746440953316], [142.5344913512073, 67.12859250882917]]}, "properties": {"source": "1901360", "target": "20897322"}}, {"type": "Feature", "geometry": {"type": "LineString", "coordinates": [[142.52661654302267, 67.11746440953316], [142.53908760953652, 67.12232517716463]]}, "properties": {"source": "1901360", "target": "32803764"}}, {"type": "Feature", "geometry": {"type": "LineString", "coordinates": [[142.52661654302267, 67.11746440953316], [142.52484262096658, 67.12592646507738]]}, "properties": {"source": "1901360", "target": "31141182"}}, {"type": "Feature", "geometry": {"type": "LineString", "coordinates": [[142.52661654302267, 67.11746440953316], [142.5430816365144, 67.12006794822608]]}, "properties": {"source": "1901360", "target": "26631743"}}, {"type": "Feature", "geometry": {"type": "LineString", "coordinates": [[142.52661654302267, 67.11746440953316], [142.53447885831878, 67.11963269134552]]}, "properties": {"source": "1901360", "target": "879663"}}, {"type": "Feature", "geometry": {"type": "LineString", "coordinates": [[142.54353992355522, 67.12104539106761], [142.54692261423872, 67.12196727898603]]}, "properties": {"source": "19231642", "target": "19231905"}}, {"type": "Feature", "geometry": {"type": "LineString", "coordinates": [[142.54353992355522, 67.12104539106761], [142.5254524546317, 67.11687655597191]]}, "properties": {"source": "19231642", "target": "19231969"}}, {"type": "Feature", "geometry": {"type": "LineString", "coordinates": [[142.52711649808566, 67.12310044610665], [142.55510979688978, 67.1177529683758]]}, "properties": {"source": "33148519", "target": "33877003"}}, {"type": "Feature", "geometry": {"type": "LineString", "coordinates": [[142.52711649808566, 67.12310044610665], [142.53359768536416, 67.11752823918705]]}, "properties": {"source": "33148519", "target": "34106997"}}, {"type": "Feature", "geometry": {"type": "LineString", "coordinates": [[142.52711649808566, 67.12310044610665], [142.5432981928239, 67.12611849242789]]}, "properties": {"source": "33148519", "target": "9034757"}}, {"type": "Feature", "geometry": {"type": "LineString", "coordinates": [[142.56040740152525, 67.12647468641728], [142.55895598881682, 67.12008338739209]]}, "properties": {"source": "12986865", "target": "20262041"}}, {"type": "Feature", "geometry": {"type": "LineString", "coordinates": [[142.56040740152525, 67.12647468641728], [142.53813871933045, 67.11849096270922]]}, "properties": {"source": "12986865", "target": "18107762"}}, {"type": "Feature", "geometry": {"type": "LineString", "coordinates": [[142.56040740152525, 67.12647468641728], [142.54692261423872, 67.12196727898603]]}, "properties": {"source": "12986865", "target": "19231905"}}, {"type": "Feature", "geometry": {"type": "LineString", "coordinates": [[142.56040740152525, 67.12647468641728], [142.5254524546317, 67.11687655597191]]}, "properties": {"source": "12986865", "target": "19231969"}}, {"type": "Feature", "geometry": {"type": "LineString", "coordinates": [[142.55982763254048, 67.11848343156078], [142.5379423192485, 67.12626644271462]]}, "properties": {"source": "3467730", "target": "6341869"}}, {"type": "Feature", "geometry": {"type": "LineString", "coordinates": [[142.5448958028818, 67.1214454253346], [142.543486212846, 67.12083370207255]]}, "properties": {"source": "22241567", "target": "15790869"}}, {"type": "Feature", "geometry": {"type": "LineString", "coordinates": [[142.5448958028818, 67.1214454253346], [142.55835059677742, 67.12593164476621]]}, "properties": {"source": "22241567", "target": "22535499"}}, {"type": "Feature", "geometry": {"type": "LineString", "coordinates": [[142.5593442503597, 67.1202265778146], [142.54478673863719, 67.1278673917414]]}, "properties": {"source": "34329905", "target": "31373109"}}, {"type": "Feature", "geometry": {"type": "LineString", "coordinates": [[142.5593442503597, 67.1202265778146], [142.52680098731156, 67.1234243731569]]}, "properties": {"source": "34329905", "target": "34214641"}}, {"type": "Feature", "geometry": {"type": "LineString", "coordinates": [[142.5593442503597, 67.1202265778146], [142.54423499994436, 67.12531764808708]]}, "properties": {"source": "34329905", "target": "36131823"}}, {"type": "Feature", "geometry": {"type": "LineString", "coordinates": [[142.52711649808566, 67.12310044610665], [142.52829323797607, 67.122256595936]]}, "properties": {"source": "33148519", "target": "34702181"}}, {"type": "Feature", "geometry": {"type": "LineString", "coordinates": [[142.52728379758224, 67.12786766964302], [142.5484278126421, 67.12360181346769]]}, "properties": {"source": "22728455", "target": "25361808"}}, {"type": "Feature", "geometry": {"type": "LineString", "coordinates": [[142.5237576343622, 67.1221194158272], [142.55525626033443, 67.11813190523965]]}, "properties": {"source": "3321961", "target": "306118"}}, {"type": "Feature", "geometry": {"type": "LineString", "coordinates": [[142.53671906318033, 67.12190430389897], [142.5297574252221, 67.11868612927788]]}, "properties": {"source": "18248241", "target": "1801980"}}, {"type": "Feature", "geometry": {"type": "LineString", "coordinates": [[142.53671906318033, 67.12190430389897], [142.5466307499441, 67.1182427046172]]}, "properties": {"source": "18248241", "target": "15706685"}}, {"type": "Feature", "geometry": {"type": "LineString", "coordinates": [[142.5454479674346, 67.12378835055796], [142.5453000200336, 67.11697590692066]]}, "properties": {"source": "12376948", "target": "23067755"}}, {"type": "Feature", "geometry": {"type": "LineString", "coordinates": [[142.5454479674346, 67.12378835055796], [142.53530126442314, 67.11734937141972]]}, "properties": {"source": "12376948", "target": "25440845"}}, {"type": "Feature", "geometry": {"type": "LineString", "coordinates": [[142.56012795824017, 67.12252970453861], [142.54999689488534, 67.12862729202315]]}, "properties": {"source": "1780640", "target": "10300870"}}, {"type": "Feature", "geometry": {"type": "LineString", "coordinates": [[142.55171608686896, 67.11873561341815], [142.53413776521518, 67.12204369059428]]}, "properties": {"source": "8526585", "target": "24271"}}, {"type": "Feature", "geometry": {"type": "LineString", "coordinates": [[142.54218126546567, 67.12084522019151], [142.5379423192485, 67.12626644271462]]}, "properties": {"source": "6563635", "target": "6341869"}}, {"type": "Feature", "geometry": {"type": "LineString", "coordinates": [[142.52822612012346, 67.12110844173688], [142.5379423192485, 67.12626644271462]]}, "properties": {"source": "6458629", "target": "6341869"}}, {"type": "Feature", "geometry": {"type": "LineString", "coordinates": [[142.5344913512073, 67.12859250882917], [142.53112685656453, 67.11647755815414]]}, "properties": {"source": "20897322", "target": "19376253"}}, {"type": "Feature", "geometry": {"type": "LineString", "coordinates": [[142.5344913512073, 67.12859250882917], [142.54977206837555, 67.1197967747361]]}, "properties": {"source": "20897322", "target": "20329180"}}, {"type": "Feature", "geometry": {"type": "LineString", "coordinates": [[142.5344913512073, 67.12859250882917], [142.53548393004058, 67.1243519073329]]}, "properties": {"source": "20897322", "target": "18188673"}}, {"type": "Feature", "geometry": {"type": "LineString", "coordinates": [[142.5344913512073, 67.12859250882917], [142.5544371732821, 67.11694990080068]]}, "properties": {"source": "20897322", "target": "20342561"}}, {"type": "Feature", "geometry": {"type": "LineString", "coordinates": [[142.5344913512073, 67.12859250882917], [142.53908760953652, 67.12232517716463]]}, "properties": {"source": "20897322", "target": "32803764"}}, {"type": "Feature", "geometry": {"type": "LineString", "coordinates": [[142.54218126546567, 67.12084522019151], [142.52822612012346, 67.12110844173688]]}, "properties": {"source": "6563635", "target": "6458629"}}, {"type": "Feature", "geometry": {"type": "LineString", "coordinates": [[142.55648057233475, 67.12432062255242], [142.5438958067674, 67.12461141647319]]}, "properties": {"source": "17570186", "target": "18168493"}}, {"type": "Feature", "geometry": {"type": "LineString", "coordinates": [[142.55648057233475, 67.12432062255242], [142.54878595825926, 67.12752974362851]]}, "properties": {"source": "17570186", "target": "13642534"}}, {"type": "Feature", "geometry": {"type": "LineString", "coordinates": [[142.54708277149047, 67.12810787085634], [142.5344913512073, 67.12859250882917]]}, "properties": {"source": "11422314", "target": "20897322"}}, {"type": "Feature", "geometry": {"type": "LineString", "coordinates": [[142.54708277149047, 67.12810787085634], [142.53112685656453, 67.11647755815414]]}, "properties": {"source": "11422314", "target": "19376253"}}, {"type": "Feature", "geometry": {"type": "LineString", "coordinates": [[142.54708277149047, 67.12810787085634], [142.54977206837555, 67.1197967747361]]}, "properties": {"source": "11422314", "target": "20329180"}}, {"type": "Feature", "geometry": {"type": "LineString", "coordinates": [[142.54708277149047, 67.12810787085634], [142.5261784048983, 67.12549102294233]]}, "properties": {"source": "11422314", "target": "13538784"}}, {"type": "Feature", "geometry": {"type": "LineString", "coordinates": [[142.54708277149047, 67.12810787085634], [142.5359406372811, 67.11826897603827]]}, "properties": {"source": "11422314", "target": "29974709"}}, {"type": "Feature", "geometry": {"type": "LineString", "coordinates": [[142.54708277149047, 67.12810787085634], [142.53409378831822, 67.1258087549293]]}, "properties": {"source": "11422314", "target": "820112"}}, {"type": "Feature", "geometry": {"type": "LineString", "coordinates": [[142.5359406372811, 67.11826897603827], [142.5261784048983, 67.12549102294233]]}, "properties": {"source": "29974709", "target": "13538784"}}, {"type": "Feature", "geometry": {"type": "LineString", "coordinates": [[142.5359406372811, 67.11826897603827], [142.53252040934785, 67.12009166251529]]}, "properties": {"source": "29974709", "target": "23452865"}}, {"type": "Feature", "geometry": {"type": "LineString", "coordinates": [[142.5359406372811, 67.11826897603827], [142.5511976557732, 67.12197752098467]]}, "properties": {"source": "29974709", "target": "3194375"}}, {"type": "Feature", "geometry": {"type": "LineString", "coordinates": [[142.5359406372811, 67.11826897603827], [142.5247352389602, 67.11679406810437]]}, "properties": {"source": "29974709", "target": "2506264"}}, {"type": "Feature", "geometry": {"type": "LineString", "coordinates": [[142.5359406372811, 67.11826897603827], [142.55758136544796, 67.12384590514661]]}, "properties": {"source": "29974709", "target": "465454"}}, {"type": "Feature", "geometry": {"type": "LineString", "coordinates": [[142.52433328388236, 67.12744246382357], [142.53548393004058, 67.1243519073329]]}, "properties": {"source": "15797696", "target": "18188673"}}, {"type": "Feature", "geometry": {"type": "LineString", "coordinates": [[142.52433328388236, 67.12744246382357], [142.54643670480306, 67.12794733012348]]}, "properties": {"source": "15797696", "target": "18168482"}}, {"type": "Feature", "geometry": {"type": "LineString", "coordinates": [[142.52433328388236, 67.12744246382357], [142.52745735018004, 67.1171088138855]]}, "properties": {"source": "15797696", "target": "17981449"}}, {"type": "Feature", "geometry": {"type": "LineString", "coordinates": [[142.53207730910862, 67.1192142878498], [142.55895598881682, 67.12008338739209]]}, "properties": {"source": "19309099", "target": "20262041"}}, {"type": "Feature", "geometry": {"type": "LineString", "coordinates": [[142.53207730910862, 67.1192142878498], [142.53813871933045, 67.11849096270922]]}, "properties": {"source": "19309099", "target": "18107762"}}, {"type": "Feature", "geometry": {"type": "LineString", "coordinates": [[142.53207730910862, 67.1192142878498], [142.54692261423872, 67.12196727898603]]}, "properties": {"source": "19309099", "target": "19231905"}}, {"type": "Feature", "geometry": {"type": "LineString", "coordinates": [[142.53207730910862, 67.1192142878498], [142.5254524546317, 67.11687655597191]]}, "properties": {"source": "19309099", "target": "19231969"}}, {"type": "Feature", "geometry": {"type": "LineString", "coordinates": [[142.53207730910862, 67.1192142878498], [142.54353992355522, 67.12104539106761]]}, "properties": {"source": "19309099", "target": "19231642"}}, {"type": "Feature", "geometry": {"type": "LineString", "coordinates": [[142.53207730910862, 67.1192142878498], [142.56040740152525, 67.12647468641728]]}, "properties": {"source": "19309099", "target": "12986865"}}, {"type": "Feature", "geometry": {"type": "LineString", "coordinates": [[142.53207730910862, 67.1192142878498], [142.54755866897756, 67.1228221589616]]}, "properties": {"source": "19309099", "target": "2300085"}}, {"type": "Feature", "geometry": {"type": "LineString", "coordinates": [[142.53207730910862, 67.1192142878498], [142.55553593892398, 67.12132408190412]]}, "properties": {"source": "19309099", "target": "19172335"}}, {"type": "Feature", "geometry": {"type": "LineString", "coordinates": [[142.54196108554044, 67.11747536745877], [142.55510979688978, 67.1177529683758]]}, "properties": {"source": "32033335", "target": "33877003"}}, {"type": "Feature", "geometry": {"type": "LineString", "coordinates": [[142.54196108554044, 67.11747536745877], [142.54478673863719, 67.1278673917414]]}, "properties": {"source": "32033335", "target": "31373109"}}, {"type": "Feature", "geometry": {"type": "LineString", "coordinates": [[142.53955087059143, 67.11806615707846], [142.53548393004058, 67.1243519073329]]}, "properties": {"source": "18683525", "target": "18188673"}}, {"type": "Feature", "geometry": {"type": "LineString", "coordinates": [[142.5479223595355, 67.12144289655014], [142.55034592485254, 67.1272546112136]]}, "properties": {"source": "23731868", "target": "18774025"}}, {"type": "Feature", "geometry": {"type": "LineString", "coordinates": [[142.5479223595355, 67.12144289655014], [142.543486212846, 67.12083370207255]]}, "properties": {"source": "23731868", "target": "15790869"}}, {"type": "Feature", "geometry": {"type": "LineString", "coordinates": [[142.5479223595355, 67.12144289655014], [142.55835059677742, 67.12593164476621]]}, "properties": {"source": "23731868", "target": "22535499"}}, {"type": "Feature", "geometry": {"type": "LineString", "coordinates": [[142.5247352389602, 67.11679406810437], [142.5511976557732, 67.12197752098467]]}, "properties": {"source": "2506264", "target": "3194375"}}, {"type": "Feature", "geometry": {"type": "LineString", "coordinates": [[142.53207730910862, 67.1192142878498], [142.55965590989086, 67.12368883588252]]}, "properties": {"source": "19309099", "target": "1955124"}}, {"type": "Feature", "geometry": {"type": "LineString", "coordinates": [[142.54196108554044, 67.11747536745877], [142.55251668858165, 67.12326998537065]]}, "properties": {"source": "32033335", "target": "3360822"}}, {"type": "Feature", "geometry": {"type": "LineString", "coordinates": [[142.54186753809967, 67.12798423655052], [142.53112685656453, 67.11647755815414]]}, "properties": {"source": "17242445", "target": "19376253"}}, {"type": "Feature", "geometry": {"type": "LineString", "coordinates": [[142.54186753809967, 67.12798423655052], [142.54977206837555, 67.1197967747361]]}, "properties": {"source": "17242445", "target": "20329180"}}, {"type": "Feature", "geometry": {"type": "LineString", "coordinates": [[142.54186753809967, 67.12798423655052], [142.53548393004058, 67.1243519073329]]}, "properties": {"source": "17242445", "target": "18188673"}}, {"type": "Feature", "geometry": {"type": "LineString", "coordinates": [[142.54186753809967, 67.12798423655052], [142.5544371732821, 67.11694990080068]]}, "properties": {"source": "17242445", "target": "20342561"}}, {"type": "Feature", "geometry": {"type": "LineString", "coordinates": [[142.54186753809967, 67.12798423655052], [142.54643670480306, 67.12794733012348]]}, "properties": {"source": "17242445", "target": "18168482"}}, {"type": "Feature", "geometry": {"type": "LineString", "coordinates": [[142.54186753809967, 67.12798423655052], [142.55034592485254, 67.1272546112136]]}, "properties": {"source": "17242445", "target": "18774025"}}, {"type": "Feature", "geometry": {"type": "LineString", "coordinates": [[142.54186753809967, 67.12798423655052], [142.543486212846, 67.12083370207255]]}, "properties": {"source": "17242445", "target": "15790869"}}, {"type": "Feature", "geometry": {"type": "LineString", "coordinates": [[142.54186753809967, 67.12798423655052], [142.52346388465423, 67.12739237402299]]}, "properties": {"source": "17242445", "target": "15818208"}}, {"type": "Feature", "geometry": {"type": "LineString", "coordinates": [[142.55895598881682, 67.12008338739209], [142.53813871933045, 67.11849096270922]]}, "properties": {"source": "20262041", "target": "18107762"}}, {"type": "Feature", "geometry": {"type": "LineString", "coordinates": [[142.52748174581194, 67.11645699752022], [142.53576168631133, 67.12409927171875]]}, "properties": {"source": "17832087", "target": "14830774"}}, {"type": "Feature", "geometry": {"type": "LineString", "coordinates": [[142.52748174581194, 67.11645699752022], [142.53919183172098, 67.11853470550878]]}, "properties": {"source": "17832087", "target": "18799724"}}, {"type": "Feature", "geometry": {"type": "LineString", "coordinates": [[142.52748174581194, 67.11645699752022], [142.5322854970957, 67.12864810523753]]}, "properties": {"source": "17832087", "target": "15843287"}}, {"type": "Feature", "geometry": {"type": "LineString", "coordinates": [[142.53358004676528, 67.11940141120456], [142.54478673863719, 67.1278673917414]]}, "properties": {"source": "34615701", "target": "31373109"}}, {"type": "Feature", "geometry": {"type": "LineString", "coordinates": [[142.53358004676528, 67.11940141120456], [142.52680098731156, 67.1234243731569]]}, "properties": {"source": "34615701", "target": "34214641"}}, {"type": "Feature", "geometry": {"type": "LineString", "coordinates": [[142.55895598881682, 67.12008338739209], [142.55965590989086, 67.12368883588252]]}, "properties": {"source": "20262041", "target": "1955124"}}, {"type": "Feature", "geometry": {"type": "LineString", "coordinates": [[142.54372005831948, 67.12229316160497], [142.5284939201435, 67.12201329019695]]}, "properties": {"source": "31133972", "target": "31327708"}}, {"type": "Feature", "geometry": {"type": "LineString", "coordinates": [[142.54372005831948, 67.12229316160497], [142.55378106982135, 67.1254741760774]]}, "properties": {"source": "31133972", "target": "29474234"}}, {"type": "Feature", "geometry": {"type": "LineString", "coordinates": [[142.54372005831948, 67.12229316160497], [142.5553346157526, 67.12338751455965]]}, "properties": {"source": "31133972", "target": "27405309"}}, {"type": "Feature", "geometry": {"type": "LineString", "coordinates": [[142.54372005831948, 67.12229316160497], [142.5404305915784, 67.12180213250548]]}, "properties": {"source": "31133972", "target": "29470844"}}, {"type": "Feature", "geometry": {"type": "LineString", "coordinates": [[142.54372005831948, 67.12229316160497], [142.54907081470225, 67.11788692359626]]}, "properties": {"source": "31133972", "target": "28965790"}}, {"type": "Feature", "geometry": {"type": "LineString", "coordinates": [[142.54372005831948, 67.12229316160497], [142.53094435210562, 67.12793334207579]]}, "properties": {"source": "31133972", "target": "29995604"}}, {"type": "Feature", "geometry": {"type": "LineString", "coordinates": [[142.52776853189334, 67.12011356703185], [142.53112685656453, 67.11647755815414]]}, "properties": {"source": "17899385", "target": "19376253"}}, {"type": "Feature", "geometry": {"type": "LineString", "coordinates": [[142.52776853189334, 67.12011356703185], [142.54977206837555, 67.1197967747361]]}, "properties": {"source": "17899385", "target": "20329180"}}, {"type": "Feature", "geometry": {"type": "LineString", "coordinates": [[142.52776853189334, 67.12011356703185], [142.53548393004058, 67.1243519073329]]}, "properties": {"source": "17899385", "target": "18188673"}}, {"type": "Feature", "geometry": {"type": "LineString", "coordinates": [[142.52776853189334, 67.12011356703185], [142.5544371732821, 67.11694990080068]]}, "properties": {"source": "17899385", "target": "20342561"}}, {"type": "Feature", "geometry": {"type": "LineString", "coordinates": [[142.52776853189334, 67.12011356703185], [142.54643670480306, 67.12794733012348]]}, "properties": {"source": "17899385", "target": "18168482"}}, {"type": "Feature", "geometry": {"type": "LineString", "coordinates": [[142.52776853189334, 67.12011356703185], [142.55034592485254, 67.1272546112136]]}, "properties": {"source": "17899385", "target": "18774025"}}, {"type": "Feature", "geometry": {"type": "LineString", "coordinates": [[142.52776853189334, 67.12011356703185], [142.5448958028818, 67.1214454253346]]}, "properties": {"source": "17899385", "target": "22241567"}}, {"type": "Feature", "geometry": {"type": "LineString", "coordinates": [[142.52776853189334, 67.12011356703185], [142.54186753809967, 67.12798423655052]]}, "properties": {"source": "17899385", "target": "17242445"}}, {"type": "Feature", "geometry": {"type": "LineString", "coordinates": [[142.52776853189334, 67.12011356703185], [142.5479223595355, 67.12144289655014]]}, "properties": {"source": "17899385", "target": "23731868"}}, {"type": "Feature", "geometry": {"type": "LineString", "coordinates": [[142.52776853189334, 67.12011356703185], [142.52745735018004, 67.1171088138855]]}, "properties": {"source": "17899385", "target": "17981449"}}, {"type": "Feature", "geometry": {"type": "LineString", "coordinates": [[142.53413776521518, 67.12204369059428], [142.55525626033443, 67.11813190523965]]}, "properties": {"source": "24271", "target": "306118"}}, {"type": "Feature", "geometry": {"type": "LineString", "coordinates": [[142.53413776521518, 67.12204369059428], [142.53033911457857, 67.1272793386092]]}, "properties": {"source": "24271", "target": "840998"}}, {"type": "Feature", "geometry": {"type": "LineString", "coordinates": [[142.53413776521518, 67.12204369059428], [142.54084091345663, 67.1244997850961]]}, "properties": {"source": "24271", "target": "306121"}}, {"type": "Feature", "geometry": {"type": "LineString", "coordinates": [[142.53033911457857, 67.1272793386092], [142.54084091345663, 67.1244997850961]]}, "properties": {"source": "840998", "target": "306121"}}, {"type": "Feature", "geometry": {"type": "LineString", "coordinates": [[142.54574491564387, 67.11897189515955], [142.55034592485254, 67.1272546112136]]}, "properties": {"source": "18085441", "target": "18774025"}}, {"type": "Feature", "geometry": {"type": "LineString", "coordinates": [[142.54574491564387, 67.11897189515955], [142.55835059677742, 67.12593164476621]]}, "properties": {"source": "18085441", "target": "22535499"}}, {"type": "Feature", "geometry": {"type": "LineString", "coordinates": [[142.543486212846, 67.12083370207255], [142.55034592485254, 67.1272546112136]]}, "properties": {"source": "15790869", "target": "18774025"}}, {"type": "Feature", "geometry": {"type": "LineString", "coordinates": [[142.52443473039614, 67.12676831445755], [142.52776853189334, 67.12011356703185]]}, "properties": {"source": "17331275", "target": "17899385"}}, {"type": "Feature", "geometry": {"type": "LineString", "coordinates": [[142.52443473039614, 67.12676831445755], [142.55034592485254, 67.1272546112136]]}, "properties": {"source": "17331275", "target": "18774025"}}, {"type": "Feature", "geometry": {"type": "LineString", "coordinates": [[142.52443473039614, 67.12676831445755], [142.54574491564387, 67.11897189515955]]}, "properties": {"source": "17331275", "target": "18085441"}}, {"type": "Feature", "geometry": {"type": "LineString", "coordinates": [[142.52443473039614, 67.12676831445755], [142.52346388465423, 67.12739237402299]]}, "properties": {"source": "17331275", "target": "15818208"}}, {"type": "Feature", "geometry": {"type": "LineString", "coordinates": [[142.53359768536416, 67.11752823918705], [142.55263159499668, 67.11739565880507]]}, "properties": {"source": "34106997", "target": "12777480"}}, {"type": "Feature", "geometry": {"type": "LineString", "coordinates": [[142.53359768536416, 67.11752823918705], [142.5532090666253, 67.12304372904482]]}, "properties": {"source": "34106997", "target": "32944083"}}, {"type": "Feature", "geometry": {"type": "LineString", "coordinates": [[142.53359768536416, 67.11752823918705], [142.53609213781067, 67.11798407010063]]}, "properties": {"source": "34106997", "target": "306119"}}, {"type": "Feature", "geometry": {"type": "LineString", "coordinates": [[142.5463545311042, 67.12110063775317], [142.5442587728354, 67.11794792639333]]}, "properties": {"source": "26843910", "target": "28425890"}}, {"type": "Feature", "geometry": {"type": "LineString", "coordinates": [[142.5463545311042, 67.12110063775317], [142.54578102513022, 67.12735196825875]]}, "properties": {"source": "26843910", "target": "28935678"}}, {"type": "Feature", "geometry": {"type": "LineString", "coordinates": [[142.52433328388236, 67.12744246382357], [142.5476707228425, 67.12870273247249]]}, "properties": {"source": "15797696", "target": "16280115"}}, {"type": "Feature", "geometry": {"type": "LineString", "coordinates": [[142.52433328388236, 67.12744246382357], [142.5268066927913, 67.11914956153733]]}, "properties": {"source": "15797696", "target": "16049447"}}, {"type": "Feature", "geometry": {"type": "LineString", "coordinates": [[142.53929543504034, 67.12077759515371], [142.54988263310526, 67.12360893749295]]}, "properties": {"source": "18193378", "target": "1893128"}}, {"type": "Feature", "geometry": {"type": "LineString", "coordinates": [[142.53929543504034, 67.12077759515371], [142.53576168631133, 67.12409927171875]]}, "properties": {"source": "18193378", "target": "14830774"}}, {"type": "Feature", "geometry": {"type": "LineString", "coordinates": [[142.53929543504034, 67.12077759515371], [142.53919183172098, 67.11853470550878]]}, "properties": {"source": "18193378", "target": "18799724"}}, {"type": "Feature", "geometry": {"type": "LineString", "coordinates": [[142.54423499994436, 67.12531764808708], [142.52680098731156, 67.1234243731569]]}, "properties": {"source": "36131823", "target": "34214641"}}, {"type": "Feature", "geometry": {"type": "LineString", "coordinates": [[142.52440659263561, 67.12147912278748], [142.5442587728354, 67.11794792639333]]}, "properties": {"source": "30287713", "target": "28425890"}}, {"type": "Feature", "geometry": {"type": "LineString", "coordinates": [[142.52440659263561, 67.12147912278748], [142.52680098731156, 67.1234243731569]]}, "properties": {"source": "30287713", "target": "34214641"}}, {"type": "Feature", "geometry": {"type": "LineString", "coordinates": [[142.52440659263561, 67.12147912278748], [142.5398947358771, 67.12508216525903]]}, "properties": {"source": "30287713", "target": "31570028"}}, {"type": "Feature", "geometry": {"type": "LineString", "coordinates": [[142.52440659263561, 67.12147912278748], [142.55788996399525, 67.12363733309445]]}, "properties": {"source": "30287713", "target": "34844398"}}, {"type": "Feature", "geometry": {"type": "LineString", "coordinates": [[142.52440659263561, 67.12147912278748], [142.53357224283076, 67.12583445377548]]}, "properties": {"source": "30287713", "target": "30055936"}}, {"type": "Feature", "geometry": {"type": "LineString", "coordinates": [[142.52440659263561, 67.12147912278748], [142.52473406017134, 67.1228690176962]]}, "properties": {"source": "30287713", "target": "33633484"}}, {"type": "Feature", "geometry": {"type": "LineString", "coordinates": [[142.5413854586809, 67.11928057403593], [142.52479037555008, 67.11872639013815]]}, "properties": {"source": "30312854", "target": "30335767"}}, {"type": "Feature", "geometry": {"type": "LineString", "coordinates": [[142.5413854586809, 67.11928057403593], [142.52941524416394, 67.12033315835755]]}, "properties": {"source": "30312854", "target": "35531666"}}, {"type": "Feature", "geometry": {"type": "LineString", "coordinates": [[142.5413854586809, 67.11928057403593], [142.55510979688978, 67.1177529683758]]}, "properties": {"source": "30312854", "target": "33877003"}}, {"type": "Feature", "geometry": {"type": "LineString", "coordinates": [[142.5413854586809, 67.11928057403593], [142.52829323797607, 67.122256595936]]}, "properties": {"source": "30312854", "target": "34702181"}}]}