{"type": "FeatureCollection", "features": [{"type": "Feature", "geometry": {"type": "LineString", "coordinates": [[102.4008425991604, 59.93240648120971], [102.40128392130521, 59.91887744953853]]}, "properties": {"source": "31199185", "target": "25684799"}}, {"type": "Feature", "geometry": {"type": "LineString", "coordinates": [[102.4008425991604, 59.93240648120971], [102.40408909020795, 59.92549850059409]]}, "properties": {"source": "31199185", "target": "31963638"}}, {"type": "Feature", "geometry": {"type": "LineString", "coordinates": [[102.4008425991604, 59.93240648120971], [102.45042587201124, 59.91811740520227]]}, "properties": {"source": "31199185", "target": "29069005"}}, {"type": "Feature", "geometry": {"type": "LineString", "coordinates": [[102.4008425991604, 59.93240648120971], [102.40372743047777, 59.9283899373828]]}, "properties": {"source": "31199185", "target": "29341303"}}, {"type": "Feature", "geometry": {"type": "LineString", "coordinates": [[102.4008425991604, 59.93240648120971], [102.46554577657889, 59.91172223058487]]}, "properties": {"source": "31199185", "target": "35524662"}}, {"type": "Feature", "geometry": {"type": "LineString", "coordinates": [[102.4008425991604, 59.93240648120971], [102.4183754548119, 59.93178828622838]]}, "properties": {"source": "31199185", "target": "26870323"}}, {"type": "Feature", "geometry": {"type": "LineString", "coordinates": [[102.4008425991604, 59.93240648120971], [102.42181796760218, 59.91878841455036]]}, "properties": {"source": "31199185", "target": "33656533"}}, {"type": "Feature", "geometry": {"type": "LineString", "coordinates": [[102.4008425991604, 59.93240648120971], [102.45058558269909, 59.90825648166195]]}, "properties": {"source": "31199185", "target": "34386995"}}, {"type": "Feature", "geometry": {"type": "LineString", "coordinates": [[102.40186954334047, 59.928769089379315], [102.41310247153882, 59.91223709111695]]}, "properties": {"source": "9840035", "target": "7728119"}}, {"type": "Feature", "geometry": {"type": "LineString", "coordinates": [[102.40186954334047, 59.928769089379315], [102.4249159669352, 59.919751624706024]]}, "properties": {"source": "9840035", "target": "9036235"}}, {"type": "Feature", "geometry": {"type": "LineString", "coordinates": [[102.40186954334047, 59.928769089379315], [102.44153945341685, 59.925632372085616]]}, "properties": {"source": "9840035", "target": "9820929"}}, {"type": "Feature", "geometry": {"type": "LineString", "coordinates": [[102.40186954334047, 59.928769089379315], [102.44435563092173, 59.910635497595905]]}, "properties": {"source": "9840035", "target": "7574749"}}, {"type": "Feature", "geometry": {"type": "LineString", "coordinates": [[102.40186954334047, 59.928769089379315], [102.41447892603031, 59.91478758295611]]}, "properties": {"source": "9840035", "target": "9921367"}}, {"type": "Feature", "geometry": {"type": "LineString", "coordinates": [[102.40186954334047, 59.928769089379315], [102.46545840642631, 59.9250386380955]]}, "properties": {"source": "9840035", "target": "9899500"}}, {"type": "Feature", "geometry": {"type": "LineString", "coordinates": [[102.40186954334047, 59.928769089379315], [102.46367992981743, 59.91651446566853]]}, "properties": {"source": "9840035", "target": "9844910"}}, {"type": "Feature", "geometry": {"type": "LineString", "coordinates": [[102.40186954334047, 59.928769089379315], [102.40670289241422, 59.92014965666152]]}, "properties": {"source": "9840035", "target": "9934477"}}, {"type": "Feature", "geometry": {"type": "LineString", "coordinates": [[102.40094903355418, 59.91235723677623], [102.44456771327896, 59.91151686749453]]}, "properties": {"source": "25965323", "target": "26191920"}}, {"type": "Feature", "geometry": {"type": "LineString", "coordinates": [[102.40094903355418, 59.91235723677623], [102.4164258049143, 59.9268502403898]]}, "properties": {"source": "25965323", "target": "25507544"}}, {"type": "Feature", "geometry": {"type": "LineString", "coordinates": [[102.40094903355418, 59.91235723677623], [102.41432858418204, 59.91284855256721]]}, "properties": {"source": "25965323", "target": "23675252"}}, {"type": "Feature", "geometry": {"type": "LineString", "coordinates": [[102.40094903355418, 59.91235723677623], [102.4590928273862, 59.91732764114127]]}, "properties": {"source": "25965323", "target": "26628034"}}, {"type": "Feature", "geometry": {"type": "LineString", "coordinates": [[102.40094903355418, 59.91235723677623], [102.47216571298304, 59.91925659313003]]}, "properties": {"source": "25965323", "target": "13604280"}}, {"type": "Feature", "geometry": {"type": "LineString", "coordinates": [[102.4356610789381, 59.92989803216447], [102.46428718918219, 59.925700769499386]]}, "properties": {"source": "17667961", "target": "23015660"}}, {"type": "Feature", "geometry": {"type": "LineString", "coordinates": [[102.4356610789381, 59.92989803216447], [102.41115695175637, 59.921667345972836]]}, "properties": {"source": "17667961", "target": "22307585"}}, {"type": "Feature", "geometry": {"type": "LineString", "coordinates": [[102.4356610789381, 59.92989803216447], [102.41104758989229, 59.93298744464015]]}, "properties": {"source": "17667961", "target": "22926554"}}, {"type": "Feature", "geometry": {"type": "LineString", "coordinates": [[102.4356610789381, 59.92989803216447], [102.40734213396098, 59.93070554766848]]}, "properties": {"source": "17667961", "target": "21894831"}}, {"type": "Feature", "geometry": {"type": "LineString", "coordinates": [[102.4356610789381, 59.92989803216447], [102.43912782916641, 59.9299954245208]]}, "properties": {"source": "17667961", "target": "22908925"}}, {"type": "Feature", "geometry": {"type": "LineString", "coordinates": [[102.4356610789381, 59.92989803216447], [102.42423596296044, 59.92397484351328]]}, "properties": {"source": "17667961", "target": "17189105"}}, {"type": "Feature", "geometry": {"type": "LineString", "coordinates": [[102.4356610789381, 59.92989803216447], [102.45652408388673, 59.92306164601435]]}, "properties": {"source": "17667961", "target": "1714988"}}, {"type": "Feature", "geometry": {"type": "LineString", "coordinates": [[102.4356610789381, 59.92989803216447], [102.4012340305145, 59.910128740177925]]}, "properties": {"source": "17667961", "target": "17318786"}}, {"type": "Feature", "geometry": {"type": "LineString", "coordinates": [[102.41583872536165, 59.927286082770166], [102.42888923216219, 59.93177419818268]]}, "properties": {"source": "1541763", "target": "6413277"}}, {"type": "Feature", "geometry": {"type": "LineString", "coordinates": [[102.40821095020658, 59.921593166134585], [102.4015969958142, 59.91821166004681]]}, "properties": {"source": "2293854", "target": "25583758"}}, {"type": "Feature", "geometry": {"type": "LineString", "coordinates": [[102.40821095020658, 59.921593166134585], [102.41855459879349, 59.91626487850155]]}, "properties": {"source": "2293854", "target": "21348745"}}, {"type": "Feature", "geometry": {"type": "LineString", "coordinates": [[102.40821095020658, 59.921593166134585], [102.45237489593268, 59.921107039397725]]}, "properties": {"source": "2293854", "target": "25362786"}}, {"type": "Feature", "geometry": {"type": "LineString", "coordinates": [[102.41696666250351, 59.909150523641884], [102.43121087665355, 59.910984990913335]]}, "properties": {"source": "23484622", "target": "23159290"}}, {"type": "Feature", "geometry": {"type": "LineString", "coordinates": [[102.41696666250351, 59.909150523641884], [102.43930448380377, 59.915157002349034]]}, "properties": {"source": "23484622", "target": "26134996"}}, {"type": "Feature", "geometry": {"type": "LineString", "coordinates": [[102.41696666250351, 59.909150523641884], [102.46611273067452, 59.91893501809878]]}, "properties": {"source": "23484622", "target": "22632364"}}, {"type": "Feature", "geometry": {"type": "LineString", "coordinates": [[102.43930448380377, 59.915157002349034], [102.43121087665355, 59.910984990913335]]}, "properties": {"source": "26134996", "target": "23159290"}}, {"type": "Feature", "geometry": {"type": "LineString", "coordinates": [[102.43930448380377, 59.915157002349034], [102.46611273067452, 59.91893501809878]]}, "properties": {"source": "26134996", "target": "22632364"}}, {"type": "Feature", "geometry": {"type": "LineString", "coordinates": [[102.46747140116082, 59.93168991206721], [102.41067192779155, 59.9278699621608]]}, "properties": {"source": "2313540", "target": "27969314"}}, {"type": "Feature", "geometry": {"type": "LineString", "coordinates": [[102.46747140116082, 59.93168991206721], [102.42878592032594, 59.93023707170481]]}, "properties": {"source": "2313540", "target": "23348155"}}, {"type": "Feature", "geometry": {"type": "LineString", "coordinates": [[102.46747140116082, 59.93168991206721], [102.40628233451429, 59.9126385801366]]}, "properties": {"source": "2313540", "target": "25614093"}}, {"type": "Feature", "geometry": {"type": "LineString", "coordinates": [[102.43169853753494, 59.91541093722664], [102.4221759669116, 59.92728905783986]]}, "properties": {"source": "12350901", "target": "16637055"}}, {"type": "Feature", "geometry": {"type": "LineString", "coordinates": [[102.43169853753494, 59.91541093722664], [102.45117977586676, 59.92845890153396]]}, "properties": {"source": "12350901", "target": "13356291"}}, {"type": "Feature", "geometry": {"type": "LineString", "coordinates": [[102.43169853753494, 59.91541093722664], [102.41447892603031, 59.91478758295611]]}, "properties": {"source": "12350901", "target": "9921367"}}, {"type": "Feature", "geometry": {"type": "LineString", "coordinates": [[102.4180094895101, 59.929899335088734], [102.43900263728233, 59.93286835270116]]}, "properties": {"source": "1343667", "target": "1545771"}}, {"type": "Feature", "geometry": {"type": "LineString", "coordinates": [[102.46554577657889, 59.91172223058487], [102.42181796760218, 59.91878841455036]]}, "properties": {"source": "35524662", "target": "33656533"}}, {"type": "Feature", "geometry": {"type": "LineString", "coordinates": [[102.40402777585058, 59.933242312747524], [102.42132677657446, 59.920005059779115]]}, "properties": {"source": "22463706", "target": "22907796"}}, {"type": "Feature", "geometry": {"type": "LineString", "coordinates": [[102.40402777585058, 59.933242312747524], [102.43744326369506, 59.90937995259884]]}, "properties": {"source": "22463706", "target": "23210467"}}, {"type": "Feature", "geometry": {"type": "LineString", "coordinates": [[102.40691980112484, 59.932679176767735], [102.42033534152449, 59.92927343845204]]}, "properties": {"source": "11542711", "target": "28424751"}}, {"type": "Feature", "geometry": {"type": "LineString", "coordinates": [[102.40691980112484, 59.932679176767735], [102.43922376789072, 59.93289067491828]]}, "properties": {"source": "11542711", "target": "26250745"}}, {"type": "Feature", "geometry": {"type": "LineString", "coordinates": [[102.40691980112484, 59.932679176767735], [102.4015969958142, 59.91821166004681]]}, "properties": {"source": "11542711", "target": "25583758"}}, {"type": "Feature", "geometry": {"type": "LineString", "coordinates": [[102.40691980112484, 59.932679176767735], [102.45035832375777, 59.92269266720484]]}, "properties": {"source": "11542711", "target": "6151135"}}, {"type": "Feature", "geometry": {"type": "LineString", "coordinates": [[102.40691980112484, 59.932679176767735], [102.41310247153882, 59.91223709111695]]}, "properties": {"source": "11542711", "target": "7728119"}}, {"type": "Feature", "geometry": {"type": "LineString", "coordinates": [[102.40691980112484, 59.932679176767735], [102.47054540090238, 59.919472099736254]]}, "properties": {"source": "11542711", "target": "16252506"}}, {"type": "Feature", "geometry": {"type": "LineString", "coordinates": [[102.40691980112484, 59.932679176767735], [102.41455088840524, 59.919322570122944]]}, "properties": {"source": "11542711", "target": "13280888"}}, {"type": "Feature", "geometry": {"type": "LineString", "coordinates": [[102.40691980112484, 59.932679176767735], [102.41738882528819, 59.92407926829705]]}, "properties": {"source": "11542711", "target": "13244476"}}, {"type": "Feature", "geometry": {"type": "LineString", "coordinates": [[102.42593322236246, 59.925189882782135], [102.41044870100734, 59.91037669612824]]}, "properties": {"source": "24933555", "target": "25135051"}}, {"type": "Feature", "geometry": {"type": "LineString", "coordinates": [[102.42593322236246, 59.925189882782135], [102.43392493029734, 59.92208943546656]]}, "properties": {"source": "24933555", "target": "25178503"}}, {"type": "Feature", "geometry": {"type": "LineString", "coordinates": [[102.42593322236246, 59.925189882782135], [102.45377016537674, 59.933250318527215]]}, "properties": {"source": "24933555", "target": "25135041"}}, {"type": "Feature", "geometry": {"type": "LineString", "coordinates": [[102.42593322236246, 59.925189882782135], [102.40409235513533, 59.914576972744655]]}, "properties": {"source": "24933555", "target": "25040008"}}, {"type": "Feature", "geometry": {"type": "LineString", "coordinates": [[102.42593322236246, 59.925189882782135], [102.46573540748483, 59.923981063287]]}, "properties": {"source": "24933555", "target": "25712913"}}, {"type": "Feature", "geometry": {"type": "LineString", "coordinates": [[102.40502959331934, 59.92340833366502], [102.45611160819863, 59.92819414821213]]}, "properties": {"source": "27247820", "target": "29343927"}}, {"type": "Feature", "geometry": {"type": "LineString", "coordinates": [[102.40502959331934, 59.92340833366502], [102.39694127204262, 59.928108977815086]]}, "properties": {"source": "27247820", "target": "28552305"}}, {"type": "Feature", "geometry": {"type": "LineString", "coordinates": [[102.40502959331934, 59.92340833366502], [102.4688792934686, 59.92431315238282]]}, "properties": {"source": "27247820", "target": "30325549"}}, {"type": "Feature", "geometry": {"type": "LineString", "coordinates": [[102.40502959331934, 59.92340833366502], [102.41067192779155, 59.9278699621608]]}, "properties": {"source": "27247820", "target": "27969314"}}, {"type": "Feature", "geometry": {"type": "LineString", "coordinates": [[102.40502959331934, 59.92340833366502], [102.42310604366895, 59.92294563581471]]}, "properties": {"source": "27247820", "target": "30362445"}}, {"type": "Feature", "geometry": {"type": "LineString", "coordinates": [[102.40502959331934, 59.92340833366502], [102.44558693404412, 59.92915328017341]]}, "properties": {"source": "27247820", "target": "30357181"}}, {"type": "Feature", "geometry": {"type": "LineString", "coordinates": [[102.40502959331934, 59.92340833366502], [102.469913257163, 59.91847410997775]]}, "properties": {"source": "27247820", "target": "27787060"}}, {"type": "Feature", "geometry": {"type": "LineString", "coordinates": [[102.40502959331934, 59.92340833366502], [102.44924141591616, 59.919752386977024]]}, "properties": {"source": "27247820", "target": "22361480"}}, {"type": "Feature", "geometry": {"type": "LineString", "coordinates": [[102.41715457049531, 59.92696393042034], [102.40934937797311, 59.910400254096714]]}, "properties": {"source": "27019562", "target": "28419659"}}, {"type": "Feature", "geometry": {"type": "LineString", "coordinates": [[102.41715457049531, 59.92696393042034], [102.46475998675311, 59.930309276919886]]}, "properties": {"source": "27019562", "target": "27731853"}}, {"type": "Feature", "geometry": {"type": "LineString", "coordinates": [[102.41715457049531, 59.92696393042034], [102.42116531431748, 59.92322868588302]]}, "properties": {"source": "27019562", "target": "24520060"}}, {"type": "Feature", "geometry": {"type": "LineString", "coordinates": [[102.41715457049531, 59.92696393042034], [102.42878592032594, 59.93023707170481]]}, "properties": {"source": "27019562", "target": "23348155"}}, {"type": "Feature", "geometry": {"type": "LineString", "coordinates": [[102.41715457049531, 59.92696393042034], [102.39907316163976, 59.923366503586735]]}, "properties": {"source": "27019562", "target": "25396618"}}, {"type": "Feature", "geometry": {"type": "LineString", "coordinates": [[102.41715457049531, 59.92696393042034], [102.43489372769488, 59.908998239938256]]}, "properties": {"source": "27019562", "target": "18583347"}}, {"type": "Feature", "geometry": {"type": "LineString", "coordinates": [[102.41715457049531, 59.92696393042034], [102.42835425198814, 59.91253009985975]]}, "properties": {"source": "27019562", "target": "28209639"}}, {"type": "Feature", "geometry": {"type": "LineString", "coordinates": [[102.41715457049531, 59.92696393042034], [102.45244282080108, 59.92640726161116]]}, "properties": {"source": "27019562", "target": "24393777"}}, {"type": "Feature", "geometry": {"type": "LineString", "coordinates": [[102.39907642682476, 59.91202953095822], [102.45231104008519, 59.913431978052245]]}, "properties": {"source": "23001808", "target": "25076499"}}, {"type": "Feature", "geometry": {"type": "LineString", "coordinates": [[102.46428718918219, 59.925700769499386], [102.4198862892892, 59.92924862621469]]}, "properties": {"source": "23015660", "target": "23996852"}}, {"type": "Feature", "geometry": {"type": "LineString", "coordinates": [[102.46428718918219, 59.925700769499386], [102.43392493029734, 59.92208943546656]]}, "properties": {"source": "23015660", "target": "25178503"}}, {"type": "Feature", "geometry": {"type": "LineString", "coordinates": [[102.46428718918219, 59.925700769499386], [102.43487062709835, 59.93142973857586]]}, "properties": {"source": "23015660", "target": "25805770"}}, {"type": "Feature", "geometry": {"type": "LineString", "coordinates": [[102.46428718918219, 59.925700769499386], [102.40409235513533, 59.914576972744655]]}, "properties": {"source": "23015660", "target": "25040008"}}, {"type": "Feature", "geometry": {"type": "LineString", "coordinates": [[102.46428718918219, 59.925700769499386], [102.46473786970023, 59.93017473839721]]}, "properties": {"source": "23015660", "target": "25619005"}}, {"type": "Feature", "geometry": {"type": "LineString", "coordinates": [[102.46428718918219, 59.925700769499386], [102.43620739402797, 59.93077616132955]]}, "properties": {"source": "23015660", "target": "23676959"}}, {"type": "Feature", "geometry": {"type": "LineString", "coordinates": [[102.46428718918219, 59.925700769499386], [102.40734213396098, 59.93070554766848]]}, "properties": {"source": "23015660", "target": "21894831"}}, {"type": "Feature", "geometry": {"type": "LineString", "coordinates": [[102.46428718918219, 59.925700769499386], [102.43912782916641, 59.9299954245208]]}, "properties": {"source": "23015660", "target": "22908925"}}, {"type": "Feature", "geometry": {"type": "LineString", "coordinates": [[102.42310604366895, 59.92294563581471], [102.40158025864713, 59.92798023559935]]}, "properties": {"source": "30362445", "target": "29983621"}}, {"type": "Feature", "geometry": {"type": "LineString", "coordinates": [[102.42310604366895, 59.92294563581471], [102.41067192779155, 59.9278699621608]]}, "properties": {"source": "30362445", "target": "27969314"}}, {"type": "Feature", "geometry": {"type": "LineString", "coordinates": [[102.42310604366895, 59.92294563581471], [102.469913257163, 59.91847410997775]]}, "properties": {"source": "30362445", "target": "27787060"}}, {"type": "Feature", "geometry": {"type": "LineString", "coordinates": [[102.42310604366895, 59.92294563581471], [102.40317895246363, 59.929756990361895]]}, "properties": {"source": "30362445", "target": "34035303"}}, {"type": "Feature", "geometry": {"type": "LineString", "coordinates": [[102.46574745518728, 59.92157385026036], [102.45377016537674, 59.933250318527215]]}, "properties": {"source": "20654061", "target": "25135041"}}, {"type": "Feature", "geometry": {"type": "LineString", "coordinates": [[102.46574745518728, 59.92157385026036], [102.42332846378446, 59.92545954329171]]}, "properties": {"source": "20654061", "target": "18141113"}}, {"type": "Feature", "geometry": {"type": "LineString", "coordinates": [[102.46574745518728, 59.92157385026036], [102.43286848305473, 59.93120189876231]]}, "properties": {"source": "20654061", "target": "18349868"}}, {"type": "Feature", "geometry": {"type": "LineString", "coordinates": [[102.4134976823637, 59.929510097795585], [102.4008425991604, 59.93240648120971]]}, "properties": {"source": "30347404", "target": "31199185"}}, {"type": "Feature", "geometry": {"type": "LineString", "coordinates": [[102.4134976823637, 59.929510097795585], [102.40408909020795, 59.92549850059409]]}, "properties": {"source": "30347404", "target": "31963638"}}, {"type": "Feature", "geometry": {"type": "LineString", "coordinates": [[102.4134976823637, 59.929510097795585], [102.45042587201124, 59.91811740520227]]}, "properties": {"source": "30347404", "target": "29069005"}}, {"type": "Feature", "geometry": {"type": "LineString", "coordinates": [[102.4134976823637, 59.929510097795585], [102.40372743047777, 59.9283899373828]]}, "properties": {"source": "30347404", "target": "29341303"}}, {"type": "Feature", "geometry": {"type": "LineString", "coordinates": [[102.4134976823637, 59.929510097795585], [102.46554577657889, 59.91172223058487]]}, "properties": {"source": "30347404", "target": "35524662"}}, {"type": "Feature", "geometry": {"type": "LineString", "coordinates": [[102.4134976823637, 59.929510097795585], [102.4183754548119, 59.93178828622838]]}, "properties": {"source": "30347404", "target": "26870323"}}, {"type": "Feature", "geometry": {"type": "LineString", "coordinates": [[102.4134976823637, 59.929510097795585], [102.42181796760218, 59.91878841455036]]}, "properties": {"source": "30347404", "target": "33656533"}}, {"type": "Feature", "geometry": {"type": "LineString", "coordinates": [[102.4134976823637, 59.929510097795585], [102.45058558269909, 59.90825648166195]]}, "properties": {"source": "30347404", "target": "34386995"}}, {"type": "Feature", "geometry": {"type": "LineString", "coordinates": [[102.43878921399573, 59.91862067584388], [102.4198862892892, 59.92924862621469]]}, "properties": {"source": "17926774", "target": "23996852"}}, {"type": "Feature", "geometry": {"type": "LineString", "coordinates": [[102.43878921399573, 59.91862067584388], [102.46574745518728, 59.92157385026036]]}, "properties": {"source": "17926774", "target": "20654061"}}, {"type": "Feature", "geometry": {"type": "LineString", "coordinates": [[102.43878921399573, 59.91862067584388], [102.43206615130924, 59.91768605500641]]}, "properties": {"source": "17926774", "target": "18069754"}}, {"type": "Feature", "geometry": {"type": "LineString", "coordinates": [[102.43878921399573, 59.91862067584388], [102.40438422109747, 59.9120930166946]]}, "properties": {"source": "17926774", "target": "21306608"}}, {"type": "Feature", "geometry": {"type": "LineString", "coordinates": [[102.43878921399573, 59.91862067584388], [102.42332846378446, 59.92545954329171]]}, "properties": {"source": "17926774", "target": "18141113"}}, {"type": "Feature", "geometry": {"type": "LineString", "coordinates": [[102.43878921399573, 59.91862067584388], [102.442847143314, 59.91204121945819]]}, "properties": {"source": "17926774", "target": "10255230"}}, {"type": "Feature", "geometry": {"type": "LineString", "coordinates": [[102.43878921399573, 59.91862067584388], [102.43808987572129, 59.91900996560291]]}, "properties": {"source": "17926774", "target": "20928787"}}, {"type": "Feature", "geometry": {"type": "LineString", "coordinates": [[102.43878921399573, 59.91862067584388], [102.43286848305473, 59.93120189876231]]}, "properties": {"source": "17926774", "target": "18349868"}}, {"type": "Feature", "geometry": {"type": "LineString", "coordinates": [[102.45110583298214, 59.924801999285336], [102.42332846378446, 59.92545954329171]]}, "properties": {"source": "12347362", "target": "18141113"}}, {"type": "Feature", "geometry": {"type": "LineString", "coordinates": [[102.43200131853013, 59.92403980476686], [102.45611160819863, 59.92819414821213]]}, "properties": {"source": "35416916", "target": "29343927"}}, {"type": "Feature", "geometry": {"type": "LineString", "coordinates": [[102.43200131853013, 59.92403980476686], [102.43427875965693, 59.912410003773175]]}, "properties": {"source": "35416916", "target": "29417037"}}, {"type": "Feature", "geometry": {"type": "LineString", "coordinates": [[102.43200131853013, 59.92403980476686], [102.4688792934686, 59.92431315238282]]}, "properties": {"source": "35416916", "target": "30325549"}}, {"type": "Feature", "geometry": {"type": "LineString", "coordinates": [[102.43200131853013, 59.92403980476686], [102.42310604366895, 59.92294563581471]]}, "properties": {"source": "35416916", "target": "30362445"}}, {"type": "Feature", "geometry": {"type": "LineString", "coordinates": [[102.43200131853013, 59.92403980476686], [102.44276023014311, 59.92876068651452]]}, "properties": {"source": "35416916", "target": "34736796"}}, {"type": "Feature", "geometry": {"type": "LineString", "coordinates": [[102.43200131853013, 59.92403980476686], [102.46221615182014, 59.91957984210815]]}, "properties": {"source": "35416916", "target": "35182527"}}, {"type": "Feature", "geometry": {"type": "LineString", "coordinates": [[102.46046083900808, 59.92740287532048], [102.42332846378446, 59.92545954329171]]}, "properties": {"source": "17794166", "target": "18141113"}}, {"type": "Feature", "geometry": {"type": "LineString", "coordinates": [[102.46046083900808, 59.92740287532048], [102.4522346368849, 59.92976213876213]]}, "properties": {"source": "17794166", "target": "17285123"}}, {"type": "Feature", "geometry": {"type": "LineString", "coordinates": [[102.45921553714078, 59.92075631122279], [102.46398423038079, 59.916979554280616]]}, "properties": {"source": "6351382", "target": "632475"}}, {"type": "Feature", "geometry": {"type": "LineString", "coordinates": [[102.45921553714078, 59.92075631122279], [102.46447148147797, 59.91633928577723]]}, "properties": {"source": "6351382", "target": "552152"}}, {"type": "Feature", "geometry": {"type": "LineString", "coordinates": [[102.44423863743503, 59.91535330688825], [102.40409235513533, 59.914576972744655]]}, "properties": {"source": "28113400", "target": "25040008"}}, {"type": "Feature", "geometry": {"type": "LineString", "coordinates": [[102.44423863743503, 59.91535330688825], [102.45702815273927, 59.923874143127804]]}, "properties": {"source": "28113400", "target": "25996362"}}, {"type": "Feature", "geometry": {"type": "LineString", "coordinates": [[102.45378044383142, 59.9149617924633], [102.45652408388673, 59.92306164601435]]}, "properties": {"source": "1642263", "target": "1714988"}}, {"type": "Feature", "geometry": {"type": "LineString", "coordinates": [[102.44921176687751, 59.911891311448855], [102.39694127204262, 59.928108977815086]]}, "properties": {"source": "25911211", "target": "28552305"}}, {"type": "Feature", "geometry": {"type": "LineString", "coordinates": [[102.44921176687751, 59.911891311448855], [102.44924141591616, 59.919752386977024]]}, "properties": {"source": "25911211", "target": "22361480"}}, {"type": "Feature", "geometry": {"type": "LineString", "coordinates": [[102.4015969958142, 59.91821166004681], [102.41528908814206, 59.930256586875444]]}, "properties": {"source": "25583758", "target": "24059084"}}, {"type": "Feature", "geometry": {"type": "LineString", "coordinates": [[102.4015969958142, 59.91821166004681], [102.4107584166199, 59.921752026961485]]}, "properties": {"source": "25583758", "target": "25121115"}}, {"type": "Feature", "geometry": {"type": "LineString", "coordinates": [[102.4015969958142, 59.91821166004681], [102.41455088840524, 59.919322570122944]]}, "properties": {"source": "25583758", "target": "13280888"}}, {"type": "Feature", "geometry": {"type": "LineString", "coordinates": [[102.4015969958142, 59.91821166004681], [102.41738882528819, 59.92407926829705]]}, "properties": {"source": "25583758", "target": "13244476"}}, {"type": "Feature", "geometry": {"type": "LineString", "coordinates": [[102.4015969958142, 59.91821166004681], [102.42436072463244, 59.913164057912226]]}, "properties": {"source": "25583758", "target": "23293536"}}, {"type": "Feature", "geometry": {"type": "LineString", "coordinates": [[102.4015969958142, 59.91821166004681], [102.44586972050689, 59.90893488445279]]}, "properties": {"source": "25583758", "target": "16117849"}}, {"type": "Feature", "geometry": {"type": "LineString", "coordinates": [[102.4015969958142, 59.91821166004681], [102.41855459879349, 59.91626487850155]]}, "properties": {"source": "25583758", "target": "21348745"}}, {"type": "Feature", "geometry": {"type": "LineString", "coordinates": [[102.4015969958142, 59.91821166004681], [102.450205110274, 59.929289144016664]]}, "properties": {"source": "25583758", "target": "15871311"}}, {"type": "Feature", "geometry": {"type": "LineString", "coordinates": [[102.4015969958142, 59.91821166004681], [102.47126096899325, 59.926524558253874]]}, "properties": {"source": "25583758", "target": "24142972"}}, {"type": "Feature", "geometry": {"type": "LineString", "coordinates": [[102.4015969958142, 59.91821166004681], [102.42446650885603, 59.9249214521906]]}, "properties": {"source": "25583758", "target": "25231392"}}, {"type": "Feature", "geometry": {"type": "LineString", "coordinates": [[102.4015969958142, 59.91821166004681], [102.43479759419318, 59.92599461865085]]}, "properties": {"source": "25583758", "target": "23565684"}}, {"type": "Feature", "geometry": {"type": "LineString", "coordinates": [[102.4015969958142, 59.91821166004681], [102.45237489593268, 59.921107039397725]]}, "properties": {"source": "25583758", "target": "25362786"}}, {"type": "Feature", "geometry": {"type": "LineString", "coordinates": [[102.45035832375777, 59.92269266720484], [102.42033534152449, 59.92927343845204]]}, "properties": {"source": "6151135", "target": "28424751"}}, {"type": "Feature", "geometry": {"type": "LineString", "coordinates": [[102.40367031746558, 59.9319408225541], [102.45391719948458, 59.914316100501836]]}, "properties": {"source": "18148449", "target": "25789592"}}, {"type": "Feature", "geometry": {"type": "LineString", "coordinates": [[102.40367031746558, 59.9319408225541], [102.42443784105825, 59.913057385873884]]}, "properties": {"source": "18148449", "target": "2799212"}}, {"type": "Feature", "geometry": {"type": "LineString", "coordinates": [[102.40367031746558, 59.9319408225541], [102.47018143064616, 59.92261653705927]]}, "properties": {"source": "18148449", "target": "11474482"}}, {"type": "Feature", "geometry": {"type": "LineString", "coordinates": [[102.4469988720769, 59.90820051246811], [102.41109062347198, 59.92985334552752]]}, "properties": {"source": "22255407", "target": "20911913"}}, {"type": "Feature", "geometry": {"type": "LineString", "coordinates": [[102.4469988720769, 59.90820051246811], [102.43201814376715, 59.915802761956755]]}, "properties": {"source": "22255407", "target": "23480212"}}, {"type": "Feature", "geometry": {"type": "LineString", "coordinates": [[102.4469988720769, 59.90820051246811], [102.45742558058919, 59.92566345528874]]}, "properties": {"source": "22255407", "target": "12913946"}}, {"type": "Feature", "geometry": {"type": "LineString", "coordinates": [[102.43968198434146, 59.92571707927915], [102.41310247153882, 59.91223709111695]]}, "properties": {"source": "9823979", "target": "7728119"}}, {"type": "Feature", "geometry": {"type": "LineString", "coordinates": [[102.43968198434146, 59.92571707927915], [102.40149377479719, 59.93293266458711]]}, "properties": {"source": "9823979", "target": "4518866"}}, {"type": "Feature", "geometry": {"type": "LineString", "coordinates": [[102.43968198434146, 59.92571707927915], [102.45873876460348, 59.930969376754675]]}, "properties": {"source": "9823979", "target": "7724830"}}, {"type": "Feature", "geometry": {"type": "LineString", "coordinates": [[102.43968198434146, 59.92571707927915], [102.40186954334047, 59.928769089379315]]}, "properties": {"source": "9823979", "target": "9840035"}}, {"type": "Feature", "geometry": {"type": "LineString", "coordinates": [[102.43968198434146, 59.92571707927915], [102.4249159669352, 59.919751624706024]]}, "properties": {"source": "9823979", "target": "9036235"}}, {"type": "Feature", "geometry": {"type": "LineString", "coordinates": [[102.43968198434146, 59.92571707927915], [102.44153945341685, 59.925632372085616]]}, "properties": {"source": "9823979", "target": "9820929"}}, {"type": "Feature", "geometry": {"type": "LineString", "coordinates": [[102.43968198434146, 59.92571707927915], [102.44435563092173, 59.910635497595905]]}, "properties": {"source": "9823979", "target": "7574749"}}, {"type": "Feature", "geometry": {"type": "LineString", "coordinates": [[102.43968198434146, 59.92571707927915], [102.41447892603031, 59.91478758295611]]}, "properties": {"source": "9823979", "target": "9921367"}}, {"type": "Feature", "geometry": {"type": "LineString", "coordinates": [[102.43968198434146, 59.92571707927915], [102.46545840642631, 59.9250386380955]]}, "properties": {"source": "9823979", "target": "9899500"}}, {"type": "Feature", "geometry": {"type": "LineString", "coordinates": [[102.43968198434146, 59.92571707927915], [102.44657667884445, 59.93114907668463]]}, "properties": {"source": "9823979", "target": "7636653"}}, {"type": "Feature", "geometry": {"type": "LineString", "coordinates": [[102.4198862892892, 59.92924862621469], [102.42436072463244, 59.913164057912226]]}, "properties": {"source": "23996852", "target": "23293536"}}, {"type": "Feature", "geometry": {"type": "LineString", "coordinates": [[102.4198862892892, 59.92924862621469], [102.43912782916641, 59.9299954245208]]}, "properties": {"source": "23996852", "target": "22908925"}}, {"type": "Feature", "geometry": {"type": "LineString", "coordinates": [[102.4198862892892, 59.92924862621469], [102.42332846378446, 59.92545954329171]]}, "properties": {"source": "23996852", "target": "18141113"}}, {"type": "Feature", "geometry": {"type": "LineString", "coordinates": [[102.40367031746558, 59.9319408225541], [102.44835267428806, 59.92338255457646]]}, "properties": {"source": "18148449", "target": "12171919"}}, {"type": "Feature", "geometry": {"type": "LineString", "coordinates": [[102.40367031746558, 59.9319408225541], [102.45808828730588, 59.92104590713339]]}, "properties": {"source": "18148449", "target": "1143742"}}, {"type": "Feature", "geometry": {"type": "LineString", "coordinates": [[102.45095523842645, 59.91613949048548], [102.43922376789072, 59.93289067491828]]}, "properties": {"source": "23343012", "target": "26250745"}}, {"type": "Feature", "geometry": {"type": "LineString", "coordinates": [[102.45095523842645, 59.91613949048548], [102.4198862892892, 59.92924862621469]]}, "properties": {"source": "23343012", "target": "23996852"}}, {"type": "Feature", "geometry": {"type": "LineString", "coordinates": [[102.45095523842645, 59.91613949048548], [102.43392493029734, 59.92208943546656]]}, "properties": {"source": "23343012", "target": "25178503"}}, {"type": "Feature", "geometry": {"type": "LineString", "coordinates": [[102.45095523842645, 59.91613949048548], [102.43487062709835, 59.93142973857586]]}, "properties": {"source": "23343012", "target": "25805770"}}, {"type": "Feature", "geometry": {"type": "LineString", "coordinates": [[102.45095523842645, 59.91613949048548], [102.40409235513533, 59.914576972744655]]}, "properties": {"source": "23343012", "target": "25040008"}}, {"type": "Feature", "geometry": {"type": "LineString", "coordinates": [[102.45095523842645, 59.91613949048548], [102.46473786970023, 59.93017473839721]]}, "properties": {"source": "23343012", "target": "25619005"}}, {"type": "Feature", "geometry": {"type": "LineString", "coordinates": [[102.45095523842645, 59.91613949048548], [102.45702815273927, 59.923874143127804]]}, "properties": {"source": "23343012", "target": "25996362"}}, {"type": "Feature", "geometry": {"type": "LineString", "coordinates": [[102.45095523842645, 59.91613949048548], [102.43620739402797, 59.93077616132955]]}, "properties": {"source": "23343012", "target": "23676959"}}, {"type": "Feature", "geometry": {"type": "LineString", "coordinates": [[102.45095523842645, 59.91613949048548], [102.40734213396098, 59.93070554766848]]}, "properties": {"source": "23343012", "target": "21894831"}}, {"type": "Feature", "geometry": {"type": "LineString", "coordinates": [[102.45808916974215, 59.928481202140176], [102.42033534152449, 59.92927343845204]]}, "properties": {"source": "25619406", "target": "28424751"}}, {"type": "Feature", "geometry": {"type": "LineString", "coordinates": [[102.45808916974215, 59.928481202140176], [102.43922376789072, 59.93289067491828]]}, "properties": {"source": "25619406", "target": "26250745"}}, {"type": "Feature", "geometry": {"type": "LineString", "coordinates": [[102.40934937797311, 59.910400254096714], [102.45377016537674, 59.933250318527215]]}, "properties": {"source": "28419659", "target": "25135041"}}, {"type": "Feature", "geometry": {"type": "LineString", "coordinates": [[102.40934937797311, 59.910400254096714], [102.46573540748483, 59.923981063287]]}, "properties": {"source": "28419659", "target": "25712913"}}, {"type": "Feature", "geometry": {"type": "LineString", "coordinates": [[102.40934937797311, 59.910400254096714], [102.39694127204262, 59.928108977815086]]}, "properties": {"source": "28419659", "target": "28552305"}}, {"type": "Feature", "geometry": {"type": "LineString", "coordinates": [[102.40878501403256, 59.924116588877084], [102.43206615130924, 59.91768605500641]]}, "properties": {"source": "17927941", "target": "18069754"}}, {"type": "Feature", "geometry": {"type": "LineString", "coordinates": [[102.40878501403256, 59.924116588877084], [102.43878921399573, 59.91862067584388]]}, "properties": {"source": "17927941", "target": "17926774"}}, {"type": "Feature", "geometry": {"type": "LineString", "coordinates": [[102.40878501403256, 59.924116588877084], [102.40438422109747, 59.9120930166946]]}, "properties": {"source": "17927941", "target": "21306608"}}, {"type": "Feature", "geometry": {"type": "LineString", "coordinates": [[102.40878501403256, 59.924116588877084], [102.42332846378446, 59.92545954329171]]}, "properties": {"source": "17927941", "target": "18141113"}}, {"type": "Feature", "geometry": {"type": "LineString", "coordinates": [[102.40878501403256, 59.924116588877084], [102.45144729215224, 59.92160438840777]]}, "properties": {"source": "17927941", "target": "18375520"}}, {"type": "Feature", "geometry": {"type": "LineString", "coordinates": [[102.40878501403256, 59.924116588877084], [102.442847143314, 59.91204121945819]]}, "properties": {"source": "17927941", "target": "10255230"}}, {"type": "Feature", "geometry": {"type": "LineString", "coordinates": [[102.40878501403256, 59.924116588877084], [102.43808987572129, 59.91900996560291]]}, "properties": {"source": "17927941", "target": "20928787"}}, {"type": "Feature", "geometry": {"type": "LineString", "coordinates": [[102.40878501403256, 59.924116588877084], [102.43286848305473, 59.93120189876231]]}, "properties": {"source": "17927941", "target": "18349868"}}, {"type": "Feature", "geometry": {"type": "LineString", "coordinates": [[102.40878501403256, 59.924116588877084], [102.46046083900808, 59.92740287532048]]}, "properties": {"source": "17927941", "target": "17794166"}}, {"type": "Feature", "geometry": {"type": "LineString", "coordinates": [[102.43364967893763, 59.91103640181176], [102.45507065092852, 59.915354160862066]]}, "properties": {"source": "26116055", "target": "26808473"}}, {"type": "Feature", "geometry": {"type": "LineString", "coordinates": [[102.43364967893763, 59.91103640181176], [102.40934937797311, 59.910400254096714]]}, "properties": {"source": "26116055", "target": "28419659"}}, {"type": "Feature", "geometry": {"type": "LineString", "coordinates": [[102.4356610789381, 59.92989803216447], [102.45378044383142, 59.9149617924633]]}, "properties": {"source": "17667961", "target": "1642263"}}, {"type": "Feature", "geometry": {"type": "LineString", "coordinates": [[102.4356610789381, 59.92989803216447], [102.40943440133282, 59.91908737475066]]}, "properties": {"source": "17667961", "target": "1514579"}}, {"type": "Feature", "geometry": {"type": "LineString", "coordinates": [[102.45244282080108, 59.92640726161116], [102.42116531431748, 59.92322868588302]]}, "properties": {"source": "24393777", "target": "24520060"}}, {"type": "Feature", "geometry": {"type": "LineString", "coordinates": [[102.45244282080108, 59.92640726161116], [102.42878592032594, 59.93023707170481]]}, "properties": {"source": "24393777", "target": "23348155"}}, {"type": "Feature", "geometry": {"type": "LineString", "coordinates": [[102.45244282080108, 59.92640726161116], [102.43489372769488, 59.908998239938256]]}, "properties": {"source": "24393777", "target": "18583347"}}, {"type": "Feature", "geometry": {"type": "LineString", "coordinates": [[102.46729048945474, 59.929299000672955], [102.41528908814206, 59.930256586875444]]}, "properties": {"source": "25215298", "target": "24059084"}}, {"type": "Feature", "geometry": {"type": "LineString", "coordinates": [[102.46729048945474, 59.929299000672955], [102.4107584166199, 59.921752026961485]]}, "properties": {"source": "25215298", "target": "25121115"}}, {"type": "Feature", "geometry": {"type": "LineString", "coordinates": [[102.46729048945474, 59.929299000672955], [102.41455088840524, 59.919322570122944]]}, "properties": {"source": "25215298", "target": "13280888"}}, {"type": "Feature", "geometry": {"type": "LineString", "coordinates": [[102.46729048945474, 59.929299000672955], [102.41738882528819, 59.92407926829705]]}, "properties": {"source": "25215298", "target": "13244476"}}, {"type": "Feature", "geometry": {"type": "LineString", "coordinates": [[102.46729048945474, 59.929299000672955], [102.44797669895303, 59.920445155443815]]}, "properties": {"source": "25215298", "target": "23293498"}}, {"type": "Feature", "geometry": {"type": "LineString", "coordinates": [[102.46729048945474, 59.929299000672955], [102.42436072463244, 59.913164057912226]]}, "properties": {"source": "25215298", "target": "23293536"}}, {"type": "Feature", "geometry": {"type": "LineString", "coordinates": [[102.46729048945474, 59.929299000672955], [102.43937799765678, 59.91502830195266]]}, "properties": {"source": "25215298", "target": "16117117"}}, {"type": "Feature", "geometry": {"type": "LineString", "coordinates": [[102.46729048945474, 59.929299000672955], [102.40783049949914, 59.91877424499809]]}, "properties": {"source": "25215298", "target": "25134794"}}, {"type": "Feature", "geometry": {"type": "LineString", "coordinates": [[102.46729048945474, 59.929299000672955], [102.40691980112484, 59.932679176767735]]}, "properties": {"source": "25215298", "target": "11542711"}}, {"type": "Feature", "geometry": {"type": "LineString", "coordinates": [[102.46729048945474, 59.929299000672955], [102.47106336170083, 59.932059608309785]]}, "properties": {"source": "25215298", "target": "13073800"}}, {"type": "Feature", "geometry": {"type": "LineString", "coordinates": [[102.46729048945474, 59.929299000672955], [102.44955471497735, 59.931792630325006]]}, "properties": {"source": "25215298", "target": "16121192"}}, {"type": "Feature", "geometry": {"type": "LineString", "coordinates": [[102.46729048945474, 59.929299000672955], [102.40073043599142, 59.925190778172805]]}, "properties": {"source": "25215298", "target": "16126203"}}, {"type": "Feature", "geometry": {"type": "LineString", "coordinates": [[102.46729048945474, 59.929299000672955], [102.44586972050689, 59.90893488445279]]}, "properties": {"source": "25215298", "target": "16117849"}}, {"type": "Feature", "geometry": {"type": "LineString", "coordinates": [[102.46729048945474, 59.929299000672955], [102.450205110274, 59.929289144016664]]}, "properties": {"source": "25215298", "target": "15871311"}}, {"type": "Feature", "geometry": {"type": "LineString", "coordinates": [[102.46729048945474, 59.929299000672955], [102.42759293994499, 59.909761729258605]]}, "properties": {"source": "25215298", "target": "16034494"}}, {"type": "Feature", "geometry": {"type": "LineString", "coordinates": [[102.46729048945474, 59.929299000672955], [102.47126096899325, 59.926524558253874]]}, "properties": {"source": "25215298", "target": "24142972"}}, {"type": "Feature", "geometry": {"type": "LineString", "coordinates": [[102.42033534152449, 59.92927343845204], [102.450205110274, 59.929289144016664]]}, "properties": {"source": "28424751", "target": "15871311"}}, {"type": "Feature", "geometry": {"type": "LineString", "coordinates": [[102.42033534152449, 59.92927343845204], [102.42446650885603, 59.9249214521906]]}, "properties": {"source": "28424751", "target": "25231392"}}, {"type": "Feature", "geometry": {"type": "LineString", "coordinates": [[102.42033534152449, 59.92927343845204], [102.46850000618417, 59.92483453495484]]}, "properties": {"source": "28424751", "target": "16110828"}}, {"type": "Feature", "geometry": {"type": "LineString", "coordinates": [[102.42033534152449, 59.92927343845204], [102.45110583298214, 59.924801999285336]]}, "properties": {"source": "28424751", "target": "12347362"}}, {"type": "Feature", "geometry": {"type": "LineString", "coordinates": [[102.43922376789072, 59.93289067491828], [102.4000238402258, 59.917777136493086]]}, "properties": {"source": "26250745", "target": "26250778"}}, {"type": "Feature", "geometry": {"type": "LineString", "coordinates": [[102.43922376789072, 59.93289067491828], [102.45702815273927, 59.923874143127804]]}, "properties": {"source": "26250745", "target": "25996362"}}, {"type": "Feature", "geometry": {"type": "LineString", "coordinates": [[102.4015969958142, 59.91821166004681], [102.42033534152449, 59.92927343845204]]}, "properties": {"source": "25583758", "target": "28424751"}}, {"type": "Feature", "geometry": {"type": "LineString", "coordinates": [[102.4015969958142, 59.91821166004681], [102.43922376789072, 59.93289067491828]]}, "properties": {"source": "25583758", "target": "26250745"}}, {"type": "Feature", "geometry": {"type": "LineString", "coordinates": [[102.4015969958142, 59.91821166004681], [102.47157645175503, 59.92569359453253]]}, "properties": {"source": "25583758", "target": "30360528"}}, {"type": "Feature", "geometry": {"type": "LineString", "coordinates": [[102.4015969958142, 59.91821166004681], [102.39876097951907, 59.918353730346354]]}, "properties": {"source": "25583758", "target": "30747423"}}, {"type": "Feature", "geometry": {"type": "LineString", "coordinates": [[102.4015969958142, 59.91821166004681], [102.4198862892892, 59.92924862621469]]}, "properties": {"source": "25583758", "target": "23996852"}}, {"type": "Feature", "geometry": {"type": "LineString", "coordinates": [[102.4015969958142, 59.91821166004681], [102.45377016537674, 59.933250318527215]]}, "properties": {"source": "25583758", "target": "25135041"}}, {"type": "Feature", "geometry": {"type": "LineString", "coordinates": [[102.4015969958142, 59.91821166004681], [102.44459224318183, 59.923864448393985]]}, "properties": {"source": "25583758", "target": "26014440"}}, {"type": "Feature", "geometry": {"type": "LineString", "coordinates": [[102.4015969958142, 59.91821166004681], [102.44857086768633, 59.915403603892216]]}, "properties": {"source": "25583758", "target": "24202563"}}, {"type": "Feature", "geometry": {"type": "LineString", "coordinates": [[102.4015969958142, 59.91821166004681], [102.45236853219643, 59.919067215531186]]}, "properties": {"source": "25583758", "target": "28822089"}}, {"type": "Feature", "geometry": {"type": "LineString", "coordinates": [[102.4015969958142, 59.91821166004681], [102.47054540090238, 59.919472099736254]]}, "properties": {"source": "25583758", "target": "16252506"}}, {"type": "Feature", "geometry": {"type": "LineString", "coordinates": [[102.43364967893763, 59.91103640181176], [102.40158025864713, 59.92798023559935]]}, "properties": {"source": "26116055", "target": "29983621"}}, {"type": "Feature", "geometry": {"type": "LineString", "coordinates": [[102.43364967893763, 59.91103640181176], [102.46573540748483, 59.923981063287]]}, "properties": {"source": "26116055", "target": "25712913"}}, {"type": "Feature", "geometry": {"type": "LineString", "coordinates": [[102.43364967893763, 59.91103640181176], [102.45611160819863, 59.92819414821213]]}, "properties": {"source": "26116055", "target": "29343927"}}, {"type": "Feature", "geometry": {"type": "LineString", "coordinates": [[102.43364967893763, 59.91103640181176], [102.39694127204262, 59.928108977815086]]}, "properties": {"source": "26116055", "target": "28552305"}}, {"type": "Feature", "geometry": {"type": "LineString", "coordinates": [[102.43364967893763, 59.91103640181176], [102.41067192779155, 59.9278699621608]]}, "properties": {"source": "26116055", "target": "27969314"}}, {"type": "Feature", "geometry": {"type": "LineString", "coordinates": [[102.43364967893763, 59.91103640181176], [102.469913257163, 59.91847410997775]]}, "properties": {"source": "26116055", "target": "27787060"}}, {"type": "Feature", "geometry": {"type": "LineString", "coordinates": [[102.43364967893763, 59.91103640181176], [102.4663432041358, 59.91971260631432]]}, "properties": {"source": "26116055", "target": "25762284"}}, {"type": "Feature", "geometry": {"type": "LineString", "coordinates": [[102.39730084339516, 59.91766880229888], [102.45035832375777, 59.92269266720484]]}, "properties": {"source": "9809057", "target": "6151135"}}, {"type": "Feature", "geometry": {"type": "LineString", "coordinates": [[102.39730084339516, 59.91766880229888], [102.41310247153882, 59.91223709111695]]}, "properties": {"source": "9809057", "target": "7728119"}}, {"type": "Feature", "geometry": {"type": "LineString", "coordinates": [[102.39730084339516, 59.91766880229888], [102.40149377479719, 59.93293266458711]]}, "properties": {"source": "9809057", "target": "4518866"}}, {"type": "Feature", "geometry": {"type": "LineString", "coordinates": [[102.39730084339516, 59.91766880229888], [102.43968198434146, 59.92571707927915]]}, "properties": {"source": "9809057", "target": "9823979"}}, {"type": "Feature", "geometry": {"type": "LineString", "coordinates": [[102.39730084339516, 59.91766880229888], [102.45873876460348, 59.930969376754675]]}, "properties": {"source": "9809057", "target": "7724830"}}, {"type": "Feature", "geometry": {"type": "LineString", "coordinates": [[102.39730084339516, 59.91766880229888], [102.40186954334047, 59.928769089379315]]}, "properties": {"source": "9809057", "target": "9840035"}}, {"type": "Feature", "geometry": {"type": "LineString", "coordinates": [[102.39730084339516, 59.91766880229888], [102.4249159669352, 59.919751624706024]]}, "properties": {"source": "9809057", "target": "9036235"}}, {"type": "Feature", "geometry": {"type": "LineString", "coordinates": [[102.39730084339516, 59.91766880229888], [102.44153945341685, 59.925632372085616]]}, "properties": {"source": "9809057", "target": "9820929"}}, {"type": "Feature", "geometry": {"type": "LineString", "coordinates": [[102.39730084339516, 59.91766880229888], [102.46545840642631, 59.9250386380955]]}, "properties": {"source": "9809057", "target": "9899500"}}, {"type": "Feature", "geometry": {"type": "LineString", "coordinates": [[102.40832764693823, 59.91225290582018], [102.40409235513533, 59.914576972744655]]}, "properties": {"source": "21853325", "target": "25040008"}}, {"type": "Feature", "geometry": {"type": "LineString", "coordinates": [[102.40832764693823, 59.91225290582018], [102.43744326369506, 59.90937995259884]]}, "properties": {"source": "21853325", "target": "23210467"}}, {"type": "Feature", "geometry": {"type": "LineString", "coordinates": [[102.45789908570532, 59.91233881820216], [102.41855459879349, 59.91626487850155]]}, "properties": {"source": "1866470", "target": "21348745"}}, {"type": "Feature", "geometry": {"type": "LineString", "coordinates": [[102.45789908570532, 59.91233881820216], [102.46593021910206, 59.920524366765775]]}, "properties": {"source": "1866470", "target": "1809344"}}, {"type": "Feature", "geometry": {"type": "LineString", "coordinates": [[102.45789908570532, 59.91233881820216], [102.45814064143815, 59.91748769974947]]}, "properties": {"source": "1866470", "target": "18012760"}}, {"type": "Feature", "geometry": {"type": "LineString", "coordinates": [[102.4382548485491, 59.933024696583615], [102.44110874033476, 59.92571447324461]]}, "properties": {"source": "22702248", "target": "23568658"}}, {"type": "Feature", "geometry": {"type": "LineString", "coordinates": [[102.4382548485491, 59.933024696583615], [102.44579931405178, 59.92140169662444]]}, "properties": {"source": "22702248", "target": "21029865"}}, {"type": "Feature", "geometry": {"type": "LineString", "coordinates": [[102.4382548485491, 59.933024696583615], [102.42635962319639, 59.91912623256192]]}, "properties": {"source": "22702248", "target": "20434644"}}, {"type": "Feature", "geometry": {"type": "LineString", "coordinates": [[102.43479759419318, 59.92599461865085], [102.4198862892892, 59.92924862621469]]}, "properties": {"source": "23565684", "target": "23996852"}}, {"type": "Feature", "geometry": {"type": "LineString", "coordinates": [[102.42276362118378, 59.93045832504784], [102.41495925160922, 59.92918285116309]]}, "properties": {"source": "550052", "target": "4825980"}}, {"type": "Feature", "geometry": {"type": "LineString", "coordinates": [[102.43108077546486, 59.92921866602626], [102.42310843017134, 59.9320912411051]]}, "properties": {"source": "1948944", "target": "23630452"}}, {"type": "Feature", "geometry": {"type": "LineString", "coordinates": [[102.41495925160922, 59.92918285116309], [102.44674143358623, 59.916024450930834]]}, "properties": {"source": "4825980", "target": "539077"}}, {"type": "Feature", "geometry": {"type": "LineString", "coordinates": [[102.39918364014221, 59.91930135108069], [102.46386481895257, 59.91267836741859]]}, "properties": {"source": "14635914", "target": "18190711"}}, {"type": "Feature", "geometry": {"type": "LineString", "coordinates": [[102.39918364014221, 59.91930135108069], [102.46615850680791, 59.92793935206538]]}, "properties": {"source": "14635914", "target": "12718015"}}, {"type": "Feature", "geometry": {"type": "LineString", "coordinates": [[102.39918364014221, 59.91930135108069], [102.41361162235455, 59.914984016074754]]}, "properties": {"source": "14635914", "target": "18616054"}}, {"type": "Feature", "geometry": {"type": "LineString", "coordinates": [[102.39918364014221, 59.91930135108069], [102.4457005174524, 59.90978880753147]]}, "properties": {"source": "14635914", "target": "17798230"}}, {"type": "Feature", "geometry": {"type": "LineString", "coordinates": [[102.45680691303272, 59.91954373985894], [102.42436072463244, 59.913164057912226]]}, "properties": {"source": "25619514", "target": "23293536"}}, {"type": "Feature", "geometry": {"type": "LineString", "coordinates": [[102.45680691303272, 59.91954373985894], [102.43912782916641, 59.9299954245208]]}, "properties": {"source": "25619514", "target": "22908925"}}, {"type": "Feature", "geometry": {"type": "LineString", "coordinates": [[102.45680691303272, 59.91954373985894], [102.43675763525135, 59.93264731327568]]}, "properties": {"source": "25619514", "target": "25432160"}}, {"type": "Feature", "geometry": {"type": "LineString", "coordinates": [[102.40409235513533, 59.914576972744655], [102.43922376789072, 59.93289067491828]]}, "properties": {"source": "25040008", "target": "26250745"}}, {"type": "Feature", "geometry": {"type": "LineString", "coordinates": [[102.40409235513533, 59.914576972744655], [102.45377016537674, 59.933250318527215]]}, "properties": {"source": "25040008", "target": "25135041"}}, {"type": "Feature", "geometry": {"type": "LineString", "coordinates": [[102.40409235513533, 59.914576972744655], [102.46473786970023, 59.93017473839721]]}, "properties": {"source": "25040008", "target": "25619005"}}, {"type": "Feature", "geometry": {"type": "LineString", "coordinates": [[102.40409235513533, 59.914576972744655], [102.42132677657446, 59.920005059779115]]}, "properties": {"source": "25040008", "target": "22907796"}}, {"type": "Feature", "geometry": {"type": "LineString", "coordinates": [[102.40409235513533, 59.914576972744655], [102.45702815273927, 59.923874143127804]]}, "properties": {"source": "25040008", "target": "25996362"}}, {"type": "Feature", "geometry": {"type": "LineString", "coordinates": [[102.40409235513533, 59.914576972744655], [102.43744326369506, 59.90937995259884]]}, "properties": {"source": "25040008", "target": "23210467"}}, {"type": "Feature", "geometry": {"type": "LineString", "coordinates": [[102.40409235513533, 59.914576972744655], [102.40734213396098, 59.93070554766848]]}, "properties": {"source": "25040008", "target": "21894831"}}, {"type": "Feature", "geometry": {"type": "LineString", "coordinates": [[102.40409235513533, 59.914576972744655], [102.43912782916641, 59.9299954245208]]}, "properties": {"source": "25040008", "target": "22908925"}}, {"type": "Feature", "geometry": {"type": "LineString", "coordinates": [[102.46473786970023, 59.93017473839721], [102.43922376789072, 59.93289067491828]]}, "properties": {"source": "25619005", "target": "26250745"}}, {"type": "Feature", "geometry": {"type": "LineString", "coordinates": [[102.46473786970023, 59.93017473839721], [102.43487062709835, 59.93142973857586]]}, "properties": {"source": "25619005", "target": "25805770"}}, {"type": "Feature", "geometry": {"type": "LineString", "coordinates": [[102.46473786970023, 59.93017473839721], [102.4000238402258, 59.917777136493086]]}, "properties": {"source": "25619005", "target": "26250778"}}, {"type": "Feature", "geometry": {"type": "LineString", "coordinates": [[102.46473786970023, 59.93017473839721], [102.45702815273927, 59.923874143127804]]}, "properties": {"source": "25619005", "target": "25996362"}}, {"type": "Feature", "geometry": {"type": "LineString", "coordinates": [[102.46473786970023, 59.93017473839721], [102.43912782916641, 59.9299954245208]]}, "properties": {"source": "25619005", "target": "22908925"}}, {"type": "Feature", "geometry": {"type": "LineString", "coordinates": [[102.41044870100734, 59.91037669612824], [102.46574745518728, 59.92157385026036]]}, "properties": {"source": "25135051", "target": "20654061"}}, {"type": "Feature", "geometry": {"type": "LineString", "coordinates": [[102.41044870100734, 59.91037669612824], [102.43744326369506, 59.90937995259884]]}, "properties": {"source": "25135051", "target": "23210467"}}, {"type": "Feature", "geometry": {"type": "LineString", "coordinates": [[102.41044870100734, 59.91037669612824], [102.41528908814206, 59.930256586875444]]}, "properties": {"source": "25135051", "target": "24059084"}}, {"type": "Feature", "geometry": {"type": "LineString", "coordinates": [[102.41044870100734, 59.91037669612824], [102.4107584166199, 59.921752026961485]]}, "properties": {"source": "25135051", "target": "25121115"}}, {"type": "Feature", "geometry": {"type": "LineString", "coordinates": [[102.41044870100734, 59.91037669612824], [102.45817195845336, 59.93288236273739]]}, "properties": {"source": "25135051", "target": "22603197"}}, {"type": "Feature", "geometry": {"type": "LineString", "coordinates": [[102.41044870100734, 59.91037669612824], [102.42436072463244, 59.913164057912226]]}, "properties": {"source": "25135051", "target": "23293536"}}, {"type": "Feature", "geometry": {"type": "LineString", "coordinates": [[102.41044870100734, 59.91037669612824], [102.40783049949914, 59.91877424499809]]}, "properties": {"source": "25135051", "target": "25134794"}}, {"type": "Feature", "geometry": {"type": "LineString", "coordinates": [[102.41044870100734, 59.91037669612824], [102.442847143314, 59.91204121945819]]}, "properties": {"source": "25135051", "target": "10255230"}}, {"type": "Feature", "geometry": {"type": "LineString", "coordinates": [[102.41044870100734, 59.91037669612824], [102.44454919268878, 59.92595604665763]]}, "properties": {"source": "25135051", "target": "22517421"}}, {"type": "Feature", "geometry": {"type": "LineString", "coordinates": [[102.41044870100734, 59.91037669612824], [102.47126096899325, 59.926524558253874]]}, "properties": {"source": "25135051", "target": "24142972"}}, {"type": "Feature", "geometry": {"type": "LineString", "coordinates": [[102.41044870100734, 59.91037669612824], [102.47181872713844, 59.917752964982654]]}, "properties": {"source": "25135051", "target": "22396350"}}, {"type": "Feature", "geometry": {"type": "LineString", "coordinates": [[102.4198862892892, 59.92924862621469], [102.43922376789072, 59.93289067491828]]}, "properties": {"source": "23996852", "target": "26250745"}}, {"type": "Feature", "geometry": {"type": "LineString", "coordinates": [[102.4198862892892, 59.92924862621469], [102.43487062709835, 59.93142973857586]]}, "properties": {"source": "23996852", "target": "25805770"}}, {"type": "Feature", "geometry": {"type": "LineString", "coordinates": [[102.4198862892892, 59.92924862621469], [102.46473786970023, 59.93017473839721]]}, "properties": {"source": "23996852", "target": "25619005"}}, {"type": "Feature", "geometry": {"type": "LineString", "coordinates": [[102.4198862892892, 59.92924862621469], [102.4000238402258, 59.917777136493086]]}, "properties": {"source": "23996852", "target": "26250778"}}, {"type": "Feature", "geometry": {"type": "LineString", "coordinates": [[102.4198862892892, 59.92924862621469], [102.46574745518728, 59.92157385026036]]}, "properties": {"source": "23996852", "target": "20654061"}}, {"type": "Feature", "geometry": {"type": "LineString", "coordinates": [[102.42770501747168, 59.91687964510115], [102.46574745518728, 59.92157385026036]]}, "properties": {"source": "25005226", "target": "20654061"}}, {"type": "Feature", "geometry": {"type": "LineString", "coordinates": [[102.42770501747168, 59.91687964510115], [102.42436072463244, 59.913164057912226]]}, "properties": {"source": "25005226", "target": "23293536"}}, {"type": "Feature", "geometry": {"type": "LineString", "coordinates": [[102.42770501747168, 59.91687964510115], [102.42332846378446, 59.92545954329171]]}, "properties": {"source": "25005226", "target": "18141113"}}, {"type": "Feature", "geometry": {"type": "LineString", "coordinates": [[102.42770501747168, 59.91687964510115], [102.43479759419318, 59.92599461865085]]}, "properties": {"source": "25005226", "target": "23565684"}}, {"type": "Feature", "geometry": {"type": "LineString", "coordinates": [[102.42132677657446, 59.920005059779115], [102.45377016537674, 59.933250318527215]]}, "properties": {"source": "22907796", "target": "25135041"}}, {"type": "Feature", "geometry": {"type": "LineString", "coordinates": [[102.42132677657446, 59.920005059779115], [102.4469988720769, 59.90820051246811]]}, "properties": {"source": "22907796", "target": "22255407"}}, {"type": "Feature", "geometry": {"type": "LineString", "coordinates": [[102.42132677657446, 59.920005059779115], [102.43744326369506, 59.90937995259884]]}, "properties": {"source": "22907796", "target": "23210467"}}, {"type": "Feature", "geometry": {"type": "LineString", "coordinates": [[102.42132677657446, 59.920005059779115], [102.41109062347198, 59.92985334552752]]}, "properties": {"source": "22907796", "target": "20911913"}}, {"type": "Feature", "geometry": {"type": "LineString", "coordinates": [[102.45702815273927, 59.923874143127804], [102.4000238402258, 59.917777136493086]]}, "properties": {"source": "25996362", "target": "26250778"}}, {"type": "Feature", "geometry": {"type": "LineString", "coordinates": [[102.44810116572916, 59.93159699374425], [102.45035832375777, 59.92269266720484]]}, "properties": {"source": "9814451", "target": "6151135"}}, {"type": "Feature", "geometry": {"type": "LineString", "coordinates": [[102.44810116572916, 59.93159699374425], [102.41310247153882, 59.91223709111695]]}, "properties": {"source": "9814451", "target": "7728119"}}, {"type": "Feature", "geometry": {"type": "LineString", "coordinates": [[102.44810116572916, 59.93159699374425], [102.40149377479719, 59.93293266458711]]}, "properties": {"source": "9814451", "target": "4518866"}}, {"type": "Feature", "geometry": {"type": "LineString", "coordinates": [[102.44810116572916, 59.93159699374425], [102.43968198434146, 59.92571707927915]]}, "properties": {"source": "9814451", "target": "9823979"}}, {"type": "Feature", "geometry": {"type": "LineString", "coordinates": [[102.44810116572916, 59.93159699374425], [102.45873876460348, 59.930969376754675]]}, "properties": {"source": "9814451", "target": "7724830"}}, {"type": "Feature", "geometry": {"type": "LineString", "coordinates": [[102.44810116572916, 59.93159699374425], [102.40186954334047, 59.928769089379315]]}, "properties": {"source": "9814451", "target": "9840035"}}, {"type": "Feature", "geometry": {"type": "LineString", "coordinates": [[102.44810116572916, 59.93159699374425], [102.4249159669352, 59.919751624706024]]}, "properties": {"source": "9814451", "target": "9036235"}}, {"type": "Feature", "geometry": {"type": "LineString", "coordinates": [[102.40368744048925, 59.919140518799196], [102.45525772292723, 59.93011138507444]]}, "properties": {"source": "3325024", "target": "484997"}}, {"type": "Feature", "geometry": {"type": "LineString", "coordinates": [[102.40368744048925, 59.919140518799196], [102.45651050146074, 59.91305006014015]]}, "properties": {"source": "3325024", "target": "535430"}}, {"type": "Feature", "geometry": {"type": "LineString", "coordinates": [[102.40368744048925, 59.919140518799196], [102.44674143358623, 59.916024450930834]]}, "properties": {"source": "3325024", "target": "539077"}}, {"type": "Feature", "geometry": {"type": "LineString", "coordinates": [[102.40368744048925, 59.919140518799196], [102.42276362118378, 59.93045832504784]]}, "properties": {"source": "3325024", "target": "550052"}}, {"type": "Feature", "geometry": {"type": "LineString", "coordinates": [[102.40368744048925, 59.919140518799196], [102.40928355461108, 59.92191742610332]]}, "properties": {"source": "3325024", "target": "41955"}}, {"type": "Feature", "geometry": {"type": "LineString", "coordinates": [[102.42759293994499, 59.909761729258605], [102.42033534152449, 59.92927343845204]]}, "properties": {"source": "16034494", "target": "28424751"}}, {"type": "Feature", "geometry": {"type": "LineString", "coordinates": [[102.42759293994499, 59.909761729258605], [102.43922376789072, 59.93289067491828]]}, "properties": {"source": "16034494", "target": "26250745"}}, {"type": "Feature", "geometry": {"type": "LineString", "coordinates": [[102.42759293994499, 59.909761729258605], [102.4015969958142, 59.91821166004681]]}, "properties": {"source": "16034494", "target": "25583758"}}, {"type": "Feature", "geometry": {"type": "LineString", "coordinates": [[102.42759293994499, 59.909761729258605], [102.41310247153882, 59.91223709111695]]}, "properties": {"source": "16034494", "target": "7728119"}}, {"type": "Feature", "geometry": {"type": "LineString", "coordinates": [[102.42759293994499, 59.909761729258605], [102.47054540090238, 59.919472099736254]]}, "properties": {"source": "16034494", "target": "16252506"}}, {"type": "Feature", "geometry": {"type": "LineString", "coordinates": [[102.42759293994499, 59.909761729258605], [102.46574745518728, 59.92157385026036]]}, "properties": {"source": "16034494", "target": "20654061"}}, {"type": "Feature", "geometry": {"type": "LineString", "coordinates": [[102.4029684599306, 59.92464422368624], [102.41447892603031, 59.91478758295611]]}, "properties": {"source": "9869795", "target": "9921367"}}, {"type": "Feature", "geometry": {"type": "LineString", "coordinates": [[102.4029684599306, 59.92464422368624], [102.46545840642631, 59.9250386380955]]}, "properties": {"source": "9869795", "target": "9899500"}}, {"type": "Feature", "geometry": {"type": "LineString", "coordinates": [[102.44913804094136, 59.9227328241148], [102.40934937797311, 59.910400254096714]]}, "properties": {"source": "30808440", "target": "28419659"}}, {"type": "Feature", "geometry": {"type": "LineString", "coordinates": [[102.44913804094136, 59.9227328241148], [102.40158025864713, 59.92798023559935]]}, "properties": {"source": "30808440", "target": "29983621"}}, {"type": "Feature", "geometry": {"type": "LineString", "coordinates": [[102.44913804094136, 59.9227328241148], [102.45611160819863, 59.92819414821213]]}, "properties": {"source": "30808440", "target": "29343927"}}, {"type": "Feature", "geometry": {"type": "LineString", "coordinates": [[102.45244282080108, 59.92640726161116], [102.42835425198814, 59.91253009985975]]}, "properties": {"source": "24393777", "target": "28209639"}}, {"type": "Feature", "geometry": {"type": "LineString", "coordinates": [[102.44699156310617, 59.91059230287574], [102.44435563092173, 59.910635497595905]]}, "properties": {"source": "6559581", "target": "7574749"}}, {"type": "Feature", "geometry": {"type": "LineString", "coordinates": [[102.44699156310617, 59.91059230287574], [102.40762137013502, 59.91259861243185]]}, "properties": {"source": "6559581", "target": "8474790"}}, {"type": "Feature", "geometry": {"type": "LineString", "coordinates": [[102.44699156310617, 59.91059230287574], [102.45921553714078, 59.92075631122279]]}, "properties": {"source": "6559581", "target": "6351382"}}, {"type": "Feature", "geometry": {"type": "LineString", "coordinates": [[102.44699156310617, 59.91059230287574], [102.46398423038079, 59.916979554280616]]}, "properties": {"source": "6559581", "target": "632475"}}, {"type": "Feature", "geometry": {"type": "LineString", "coordinates": [[102.43900263728233, 59.93286835270116], [102.42888923216219, 59.93177419818268]]}, "properties": {"source": "1545771", "target": "6413277"}}, {"type": "Feature", "geometry": {"type": "LineString", "coordinates": [[102.47018143064616, 59.92261653705927], [102.46473786970023, 59.93017473839721]]}, "properties": {"source": "11474482", "target": "25619005"}}, {"type": "Feature", "geometry": {"type": "LineString", "coordinates": [[102.47018143064616, 59.92261653705927], [102.45391719948458, 59.914316100501836]]}, "properties": {"source": "11474482", "target": "25789592"}}, {"type": "Feature", "geometry": {"type": "LineString", "coordinates": [[102.47018143064616, 59.92261653705927], [102.46234769961097, 59.917369338556384]]}, "properties": {"source": "11474482", "target": "12423078"}}, {"type": "Feature", "geometry": {"type": "LineString", "coordinates": [[102.43538722764629, 59.93059101339567], [102.42310843017134, 59.9320912411051]]}, "properties": {"source": "1968639", "target": "23630452"}}, {"type": "Feature", "geometry": {"type": "LineString", "coordinates": [[102.43538722764629, 59.93059101339567], [102.43108077546486, 59.92921866602626]]}, "properties": {"source": "1968639", "target": "1948944"}}, {"type": "Feature", "geometry": {"type": "LineString", "coordinates": [[102.43538722764629, 59.93059101339567], [102.42328962205636, 59.9323464109857]]}, "properties": {"source": "1968639", "target": "1806285"}}, {"type": "Feature", "geometry": {"type": "LineString", "coordinates": [[102.42888923216219, 59.93177419818268], [102.4482722532926, 59.91670726218668]]}, "properties": {"source": "6413277", "target": "4161403"}}, {"type": "Feature", "geometry": {"type": "LineString", "coordinates": [[102.43825233093179, 59.92623301185202], [102.42443784105825, 59.913057385873884]]}, "properties": {"source": "27220612", "target": "2799212"}}, {"type": "Feature", "geometry": {"type": "LineString", "coordinates": [[102.45065421539965, 59.92495386715113], [102.42443784105825, 59.913057385873884]]}, "properties": {"source": "3437203", "target": "2799212"}}, {"type": "Feature", "geometry": {"type": "LineString", "coordinates": [[102.45065421539965, 59.92495386715113], [102.43236254622832, 59.920696686049496]]}, "properties": {"source": "3437203", "target": "291755"}}, {"type": "Feature", "geometry": {"type": "LineString", "coordinates": [[102.45507065092852, 59.915354160862066], [102.39694127204262, 59.928108977815086]]}, "properties": {"source": "26808473", "target": "28552305"}}, {"type": "Feature", "geometry": {"type": "LineString", "coordinates": [[102.45507065092852, 59.915354160862066], [102.45702815273927, 59.923874143127804]]}, "properties": {"source": "26808473", "target": "25996362"}}, {"type": "Feature", "geometry": {"type": "LineString", "coordinates": [[102.45507065092852, 59.915354160862066], [102.41067192779155, 59.9278699621608]]}, "properties": {"source": "26808473", "target": "27969314"}}, {"type": "Feature", "geometry": {"type": "LineString", "coordinates": [[102.45507065092852, 59.915354160862066], [102.469913257163, 59.91847410997775]]}, "properties": {"source": "26808473", "target": "27787060"}}, {"type": "Feature", "geometry": {"type": "LineString", "coordinates": [[102.45507065092852, 59.915354160862066], [102.45679913088742, 59.92470297074421]]}, "properties": {"source": "26808473", "target": "28419686"}}, {"type": "Feature", "geometry": {"type": "LineString", "coordinates": [[102.45507065092852, 59.915354160862066], [102.41723456065648, 59.91579672288705]]}, "properties": {"source": "26808473", "target": "28603123"}}, {"type": "Feature", "geometry": {"type": "LineString", "coordinates": [[102.45507065092852, 59.915354160862066], [102.42116531431748, 59.92322868588302]]}, "properties": {"source": "26808473", "target": "24520060"}}, {"type": "Feature", "geometry": {"type": "LineString", "coordinates": [[102.45507065092852, 59.915354160862066], [102.40783049949914, 59.91877424499809]]}, "properties": {"source": "26808473", "target": "25134794"}}, {"type": "Feature", "geometry": {"type": "LineString", "coordinates": [[102.45507065092852, 59.915354160862066], [102.42593322236246, 59.925189882782135]]}, "properties": {"source": "26808473", "target": "24933555"}}, {"type": "Feature", "geometry": {"type": "LineString", "coordinates": [[102.45507065092852, 59.915354160862066], [102.40355966912995, 59.917369773638214]]}, "properties": {"source": "26808473", "target": "25649238"}}, {"type": "Feature", "geometry": {"type": "LineString", "coordinates": [[102.45507065092852, 59.915354160862066], [102.39907316163976, 59.923366503586735]]}, "properties": {"source": "26808473", "target": "25396618"}}, {"type": "Feature", "geometry": {"type": "LineString", "coordinates": [[102.45507065092852, 59.915354160862066], [102.4663432041358, 59.91971260631432]]}, "properties": {"source": "26808473", "target": "25762284"}}, {"type": "Feature", "geometry": {"type": "LineString", "coordinates": [[102.45507065092852, 59.915354160862066], [102.43335868501805, 59.913355505406]]}, "properties": {"source": "26808473", "target": "12390773"}}, {"type": "Feature", "geometry": {"type": "LineString", "coordinates": [[102.45507065092852, 59.915354160862066], [102.42446650885603, 59.9249214521906]]}, "properties": {"source": "26808473", "target": "25231392"}}, {"type": "Feature", "geometry": {"type": "LineString", "coordinates": [[102.40934937797311, 59.910400254096714], [102.40158025864713, 59.92798023559935]]}, "properties": {"source": "28419659", "target": "29983621"}}, {"type": "Feature", "geometry": {"type": "LineString", "coordinates": [[102.40934937797311, 59.910400254096714], [102.43392493029734, 59.92208943546656]]}, "properties": {"source": "28419659", "target": "25178503"}}, {"type": "Feature", "geometry": {"type": "LineString", "coordinates": [[102.40372743047777, 59.9283899373828], [102.40408909020795, 59.92549850059409]]}, "properties": {"source": "29341303", "target": "31963638"}}, {"type": "Feature", "geometry": {"type": "LineString", "coordinates": [[102.40372743047777, 59.9283899373828], [102.46554577657889, 59.91172223058487]]}, "properties": {"source": "29341303", "target": "35524662"}}, {"type": "Feature", "geometry": {"type": "LineString", "coordinates": [[102.40372743047777, 59.9283899373828], [102.4183754548119, 59.93178828622838]]}, "properties": {"source": "29341303", "target": "26870323"}}, {"type": "Feature", "geometry": {"type": "LineString", "coordinates": [[102.44231531033131, 59.91941120530937], [102.42033534152449, 59.92927343845204]]}, "properties": {"source": "25619459", "target": "28424751"}}, {"type": "Feature", "geometry": {"type": "LineString", "coordinates": [[102.44231531033131, 59.91941120530937], [102.43922376789072, 59.93289067491828]]}, "properties": {"source": "25619459", "target": "26250745"}}, {"type": "Feature", "geometry": {"type": "LineString", "coordinates": [[102.44231531033131, 59.91941120530937], [102.43487062709835, 59.93142973857586]]}, "properties": {"source": "25619459", "target": "25805770"}}, {"type": "Feature", "geometry": {"type": "LineString", "coordinates": [[102.44231531033131, 59.91941120530937], [102.4000238402258, 59.917777136493086]]}, "properties": {"source": "25619459", "target": "26250778"}}, {"type": "Feature", "geometry": {"type": "LineString", "coordinates": [[102.44231531033131, 59.91941120530937], [102.40755589358042, 59.91965178067127]]}, "properties": {"source": "25619459", "target": "26179786"}}, {"type": "Feature", "geometry": {"type": "LineString", "coordinates": [[102.44231531033131, 59.91941120530937], [102.45378044383142, 59.9149617924633]]}, "properties": {"source": "25619459", "target": "1642263"}}, {"type": "Feature", "geometry": {"type": "LineString", "coordinates": [[102.44231531033131, 59.91941120530937], [102.44413931647745, 59.932000639906605]]}, "properties": {"source": "25619459", "target": "22553119"}}, {"type": "Feature", "geometry": {"type": "LineString", "coordinates": [[102.45391719948458, 59.914316100501836], [102.46473786970023, 59.93017473839721]]}, "properties": {"source": "25789592", "target": "25619005"}}, {"type": "Feature", "geometry": {"type": "LineString", "coordinates": [[102.45391719948458, 59.914316100501836], [102.44835267428806, 59.92338255457646]]}, "properties": {"source": "25789592", "target": "12171919"}}, {"type": "Feature", "geometry": {"type": "LineString", "coordinates": [[102.46514759320354, 59.911255418632365], [102.42132677657446, 59.920005059779115]]}, "properties": {"source": "21452685", "target": "22907796"}}, {"type": "Feature", "geometry": {"type": "LineString", "coordinates": [[102.46514759320354, 59.911255418632365], [102.4469988720769, 59.90820051246811]]}, "properties": {"source": "21452685", "target": "22255407"}}, {"type": "Feature", "geometry": {"type": "LineString", "coordinates": [[102.46514759320354, 59.911255418632365], [102.41109062347198, 59.92985334552752]]}, "properties": {"source": "21452685", "target": "20911913"}}, {"type": "Feature", "geometry": {"type": "LineString", "coordinates": [[102.46514759320354, 59.911255418632365], [102.40402777585058, 59.933242312747524]]}, "properties": {"source": "21452685", "target": "22463706"}}, {"type": "Feature", "geometry": {"type": "LineString", "coordinates": [[102.4122856056826, 59.924314637828516], [102.46263894581506, 59.91109483287934]]}, "properties": {"source": "28166778", "target": "25847540"}}, {"type": "Feature", "geometry": {"type": "LineString", "coordinates": [[102.4122856056826, 59.924314637828516], [102.43937799765678, 59.91502830195266]]}, "properties": {"source": "28166778", "target": "16117117"}}, {"type": "Feature", "geometry": {"type": "LineString", "coordinates": [[102.4122856056826, 59.924314637828516], [102.40783049949914, 59.91877424499809]]}, "properties": {"source": "28166778", "target": "25134794"}}, {"type": "Feature", "geometry": {"type": "LineString", "coordinates": [[102.4122856056826, 59.924314637828516], [102.40691980112484, 59.932679176767735]]}, "properties": {"source": "28166778", "target": "11542711"}}, {"type": "Feature", "geometry": {"type": "LineString", "coordinates": [[102.4122856056826, 59.924314637828516], [102.46905285137927, 59.914062775562]]}, "properties": {"source": "28166778", "target": "26228886"}}, {"type": "Feature", "geometry": {"type": "LineString", "coordinates": [[102.4122856056826, 59.924314637828516], [102.47106336170083, 59.932059608309785]]}, "properties": {"source": "28166778", "target": "13073800"}}, {"type": "Feature", "geometry": {"type": "LineString", "coordinates": [[102.4122856056826, 59.924314637828516], [102.44955471497735, 59.931792630325006]]}, "properties": {"source": "28166778", "target": "16121192"}}, {"type": "Feature", "geometry": {"type": "LineString", "coordinates": [[102.4122856056826, 59.924314637828516], [102.40073043599142, 59.925190778172805]]}, "properties": {"source": "28166778", "target": "16126203"}}, {"type": "Feature", "geometry": {"type": "LineString", "coordinates": [[102.4122856056826, 59.924314637828516], [102.41359117299271, 59.93251647315415]]}, "properties": {"source": "28166778", "target": "25956835"}}, {"type": "Feature", "geometry": {"type": "LineString", "coordinates": [[102.4122856056826, 59.924314637828516], [102.44586972050689, 59.90893488445279]]}, "properties": {"source": "28166778", "target": "16117849"}}, {"type": "Feature", "geometry": {"type": "LineString", "coordinates": [[102.4122856056826, 59.924314637828516], [102.450205110274, 59.929289144016664]]}, "properties": {"source": "28166778", "target": "15871311"}}, {"type": "Feature", "geometry": {"type": "LineString", "coordinates": [[102.4122856056826, 59.924314637828516], [102.42759293994499, 59.909761729258605]]}, "properties": {"source": "28166778", "target": "16034494"}}, {"type": "Feature", "geometry": {"type": "LineString", "coordinates": [[102.4122856056826, 59.924314637828516], [102.44793568333768, 59.91574362099696]]}, "properties": {"source": "28166778", "target": "16097516"}}, {"type": "Feature", "geometry": {"type": "LineString", "coordinates": [[102.4122856056826, 59.924314637828516], [102.42925324723586, 59.90884204211817]]}, "properties": {"source": "28166778", "target": "25815734"}}, {"type": "Feature", "geometry": {"type": "LineString", "coordinates": [[102.4122856056826, 59.924314637828516], [102.42446650885603, 59.9249214521906]]}, "properties": {"source": "28166778", "target": "25231392"}}, {"type": "Feature", "geometry": {"type": "LineString", "coordinates": [[102.4122856056826, 59.924314637828516], [102.40755589358042, 59.91965178067127]]}, "properties": {"source": "28166778", "target": "26179786"}}, {"type": "Feature", "geometry": {"type": "LineString", "coordinates": [[102.46150981544724, 59.91868042202522], [102.4198862892892, 59.92924862621469]]}, "properties": {"source": "23868573", "target": "23996852"}}, {"type": "Feature", "geometry": {"type": "LineString", "coordinates": [[102.46150981544724, 59.91868042202522], [102.44459224318183, 59.923864448393985]]}, "properties": {"source": "23868573", "target": "26014440"}}, {"type": "Feature", "geometry": {"type": "LineString", "coordinates": [[102.46150981544724, 59.91868042202522], [102.42770501747168, 59.91687964510115]]}, "properties": {"source": "23868573", "target": "25005226"}}, {"type": "Feature", "geometry": {"type": "LineString", "coordinates": [[102.40381133992867, 59.91642146532482], [102.43922376789072, 59.93289067491828]]}, "properties": {"source": "25262647", "target": "26250745"}}, {"type": "Feature", "geometry": {"type": "LineString", "coordinates": [[102.40381133992867, 59.91642146532482], [102.43487062709835, 59.93142973857586]]}, "properties": {"source": "25262647", "target": "25805770"}}, {"type": "Feature", "geometry": {"type": "LineString", "coordinates": [[102.40381133992867, 59.91642146532482], [102.45680691303272, 59.91954373985894]]}, "properties": {"source": "25262647", "target": "25619514"}}, {"type": "Feature", "geometry": {"type": "LineString", "coordinates": [[102.40381133992867, 59.91642146532482], [102.4000238402258, 59.917777136493086]]}, "properties": {"source": "25262647", "target": "26250778"}}, {"type": "Feature", "geometry": {"type": "LineString", "coordinates": [[102.40381133992867, 59.91642146532482], [102.45808916974215, 59.928481202140176]]}, "properties": {"source": "25262647", "target": "25619406"}}, {"type": "Feature", "geometry": {"type": "LineString", "coordinates": [[102.40381133992867, 59.91642146532482], [102.44231531033131, 59.91941120530937]]}, "properties": {"source": "25262647", "target": "25619459"}}, {"type": "Feature", "geometry": {"type": "LineString", "coordinates": [[102.44551392316009, 59.920333801263865], [102.41044870100734, 59.91037669612824]]}, "properties": {"source": "13130287", "target": "25135051"}}, {"type": "Feature", "geometry": {"type": "LineString", "coordinates": [[102.44551392316009, 59.920333801263865], [102.43487062709835, 59.93142973857586]]}, "properties": {"source": "13130287", "target": "25805770"}}, {"type": "Feature", "geometry": {"type": "LineString", "coordinates": [[102.44551392316009, 59.920333801263865], [102.45377016537674, 59.933250318527215]]}, "properties": {"source": "13130287", "target": "25135041"}}, {"type": "Feature", "geometry": {"type": "LineString", "coordinates": [[102.44551392316009, 59.920333801263865], [102.40783049949914, 59.91877424499809]]}, "properties": {"source": "13130287", "target": "25134794"}}, {"type": "Feature", "geometry": {"type": "LineString", "coordinates": [[102.44551392316009, 59.920333801263865], [102.45130639129837, 59.910487385699426]]}, "properties": {"source": "13130287", "target": "18053542"}}, {"type": "Feature", "geometry": {"type": "LineString", "coordinates": [[102.44551392316009, 59.920333801263865], [102.47126096899325, 59.926524558253874]]}, "properties": {"source": "13130287", "target": "24142972"}}, {"type": "Feature", "geometry": {"type": "LineString", "coordinates": [[102.41188370877762, 59.92465868917556], [102.42310843017134, 59.9320912411051]]}, "properties": {"source": "21152118", "target": "23630452"}}, {"type": "Feature", "geometry": {"type": "LineString", "coordinates": [[102.44454919268878, 59.92595604665763], [102.43744326369506, 59.90937995259884]]}, "properties": {"source": "22517421", "target": "23210467"}}, {"type": "Feature", "geometry": {"type": "LineString", "coordinates": [[102.44454919268878, 59.92595604665763], [102.42835425198814, 59.91253009985975]]}, "properties": {"source": "22517421", "target": "28209639"}}, {"type": "Feature", "geometry": {"type": "LineString", "coordinates": [[102.44454919268878, 59.92595604665763], [102.44924141591616, 59.919752386977024]]}, "properties": {"source": "22517421", "target": "22361480"}}, {"type": "Feature", "geometry": {"type": "LineString", "coordinates": [[102.44454919268878, 59.92595604665763], [102.44752017332928, 59.91359403080142]]}, "properties": {"source": "22517421", "target": "20495135"}}, {"type": "Feature", "geometry": {"type": "LineString", "coordinates": [[102.44454919268878, 59.92595604665763], [102.45517123621954, 59.93285056546475]]}, "properties": {"source": "22517421", "target": "18087384"}}, {"type": "Feature", "geometry": {"type": "LineString", "coordinates": [[102.46367992981743, 59.91651446566853], [102.44153945341685, 59.925632372085616]]}, "properties": {"source": "9844910", "target": "9820929"}}, {"type": "Feature", "geometry": {"type": "LineString", "coordinates": [[102.46367992981743, 59.91651446566853], [102.40701540369895, 59.92390137915392]]}, "properties": {"source": "9844910", "target": "9820802"}}, {"type": "Feature", "geometry": {"type": "LineString", "coordinates": [[102.44586972050689, 59.90893488445279], [102.43922376789072, 59.93289067491828]]}, "properties": {"source": "16117849", "target": "26250745"}}, {"type": "Feature", "geometry": {"type": "LineString", "coordinates": [[102.44586972050689, 59.90893488445279], [102.39876097951907, 59.918353730346354]]}, "properties": {"source": "16117849", "target": "30747423"}}, {"type": "Feature", "geometry": {"type": "LineString", "coordinates": [[102.44586972050689, 59.90893488445279], [102.47054540090238, 59.919472099736254]]}, "properties": {"source": "16117849", "target": "16252506"}}, {"type": "Feature", "geometry": {"type": "LineString", "coordinates": [[102.41855459879349, 59.91626487850155], [102.46593021910206, 59.920524366765775]]}, "properties": {"source": "21348745", "target": "1809344"}}, {"type": "Feature", "geometry": {"type": "LineString", "coordinates": [[102.41855459879349, 59.91626487850155], [102.45814064143815, 59.91748769974947]]}, "properties": {"source": "21348745", "target": "18012760"}}, {"type": "Feature", "geometry": {"type": "LineString", "coordinates": [[102.43808987572129, 59.91900996560291], [102.42132677657446, 59.920005059779115]]}, "properties": {"source": "20928787", "target": "22907796"}}, {"type": "Feature", "geometry": {"type": "LineString", "coordinates": [[102.43808987572129, 59.91900996560291], [102.43744326369506, 59.90937995259884]]}, "properties": {"source": "20928787", "target": "23210467"}}, {"type": "Feature", "geometry": {"type": "LineString", "coordinates": [[102.40670289241422, 59.92014965666152], [102.44153945341685, 59.925632372085616]]}, "properties": {"source": "9934477", "target": "9820929"}}, {"type": "Feature", "geometry": {"type": "LineString", "coordinates": [[102.40670289241422, 59.92014965666152], [102.40762137013502, 59.91259861243185]]}, "properties": {"source": "9934477", "target": "8474790"}}, {"type": "Feature", "geometry": {"type": "LineString", "coordinates": [[102.4590928273862, 59.91732764114127], [102.44456771327896, 59.91151686749453]]}, "properties": {"source": "26628034", "target": "26191920"}}, {"type": "Feature", "geometry": {"type": "LineString", "coordinates": [[102.4590928273862, 59.91732764114127], [102.44748294031467, 59.91630061986385]]}, "properties": {"source": "26628034", "target": "31381177"}}, {"type": "Feature", "geometry": {"type": "LineString", "coordinates": [[102.45790087946114, 59.913396741836564], [102.4221759669116, 59.92728905783986]]}, "properties": {"source": "14290957", "target": "16637055"}}, {"type": "Feature", "geometry": {"type": "LineString", "coordinates": [[102.43003339248293, 59.920314229835725], [102.44287655112362, 59.91790241398152]]}, "properties": {"source": "385086", "target": "393418"}}, {"type": "Feature", "geometry": {"type": "LineString", "coordinates": [[102.43003339248293, 59.920314229835725], [102.46487889149796, 59.9290082763177]]}, "properties": {"source": "385086", "target": "381231"}}, {"type": "Feature", "geometry": {"type": "LineString", "coordinates": [[102.43003339248293, 59.920314229835725], [102.40368744048925, 59.919140518799196]]}, "properties": {"source": "385086", "target": "3325024"}}, {"type": "Feature", "geometry": {"type": "LineString", "coordinates": [[102.43003339248293, 59.920314229835725], [102.45525772292723, 59.93011138507444]]}, "properties": {"source": "385086", "target": "484997"}}, {"type": "Feature", "geometry": {"type": "LineString", "coordinates": [[102.43003339248293, 59.920314229835725], [102.45651050146074, 59.91305006014015]]}, "properties": {"source": "385086", "target": "535430"}}, {"type": "Feature", "geometry": {"type": "LineString", "coordinates": [[102.43003339248293, 59.920314229835725], [102.44674143358623, 59.916024450930834]]}, "properties": {"source": "385086", "target": "539077"}}, {"type": "Feature", "geometry": {"type": "LineString", "coordinates": [[102.43003339248293, 59.920314229835725], [102.40248179364193, 59.928193772508536]]}, "properties": {"source": "385086", "target": "581559"}}, {"type": "Feature", "geometry": {"type": "LineString", "coordinates": [[102.4012340305145, 59.910128740177925], [102.46428718918219, 59.925700769499386]]}, "properties": {"source": "17318786", "target": "23015660"}}, {"type": "Feature", "geometry": {"type": "LineString", "coordinates": [[102.4012340305145, 59.910128740177925], [102.41104758989229, 59.93298744464015]]}, "properties": {"source": "17318786", "target": "22926554"}}, {"type": "Feature", "geometry": {"type": "LineString", "coordinates": [[102.4012340305145, 59.910128740177925], [102.45378044383142, 59.9149617924633]]}, "properties": {"source": "17318786", "target": "1642263"}}, {"type": "Feature", "geometry": {"type": "LineString", "coordinates": [[102.46150981544724, 59.91868042202522], [102.43922376789072, 59.93289067491828]]}, "properties": {"source": "23868573", "target": "26250745"}}, {"type": "Feature", "geometry": {"type": "LineString", "coordinates": [[102.46150981544724, 59.91868042202522], [102.4015969958142, 59.91821166004681]]}, "properties": {"source": "23868573", "target": "25583758"}}, {"type": "Feature", "geometry": {"type": "LineString", "coordinates": [[102.46150981544724, 59.91868042202522], [102.41044870100734, 59.91037669612824]]}, "properties": {"source": "23868573", "target": "25135051"}}, {"type": "Feature", "geometry": {"type": "LineString", "coordinates": [[102.45604823847981, 59.917689638735766], [102.43922376789072, 59.93289067491828]]}, "properties": {"source": "32288147", "target": "26250745"}}, {"type": "Feature", "geometry": {"type": "LineString", "coordinates": [[102.45604823847981, 59.917689638735766], [102.4000238402258, 59.917777136493086]]}, "properties": {"source": "32288147", "target": "26250778"}}, {"type": "Feature", "geometry": {"type": "LineString", "coordinates": [[102.45604823847981, 59.917689638735766], [102.4508678814961, 59.9102720739742]]}, "properties": {"source": "32288147", "target": "17240414"}}, {"type": "Feature", "geometry": {"type": "LineString", "coordinates": [[102.45604823847981, 59.917689638735766], [102.45679913088742, 59.92470297074421]]}, "properties": {"source": "32288147", "target": "28419686"}}, {"type": "Feature", "geometry": {"type": "LineString", "coordinates": [[102.45507065092852, 59.915354160862066], [102.41044870100734, 59.91037669612824]]}, "properties": {"source": "26808473", "target": "25135051"}}, {"type": "Feature", "geometry": {"type": "LineString", "coordinates": [[102.45507065092852, 59.915354160862066], [102.40934937797311, 59.910400254096714]]}, "properties": {"source": "26808473", "target": "28419659"}}, {"type": "Feature", "geometry": {"type": "LineString", "coordinates": [[102.45507065092852, 59.915354160862066], [102.40158025864713, 59.92798023559935]]}, "properties": {"source": "26808473", "target": "29983621"}}, {"type": "Feature", "geometry": {"type": "LineString", "coordinates": [[102.45507065092852, 59.915354160862066], [102.43392493029734, 59.92208943546656]]}, "properties": {"source": "26808473", "target": "25178503"}}, {"type": "Feature", "geometry": {"type": "LineString", "coordinates": [[102.45507065092852, 59.915354160862066], [102.45377016537674, 59.933250318527215]]}, "properties": {"source": "26808473", "target": "25135041"}}, {"type": "Feature", "geometry": {"type": "LineString", "coordinates": [[102.45507065092852, 59.915354160862066], [102.40409235513533, 59.914576972744655]]}, "properties": {"source": "26808473", "target": "25040008"}}, {"type": "Feature", "geometry": {"type": "LineString", "coordinates": [[102.45507065092852, 59.915354160862066], [102.46573540748483, 59.923981063287]]}, "properties": {"source": "26808473", "target": "25712913"}}, {"type": "Feature", "geometry": {"type": "LineString", "coordinates": [[102.45507065092852, 59.915354160862066], [102.45611160819863, 59.92819414821213]]}, "properties": {"source": "26808473", "target": "29343927"}}, {"type": "Feature", "geometry": {"type": "LineString", "coordinates": [[102.45507065092852, 59.915354160862066], [102.44857086768633, 59.915403603892216]]}, "properties": {"source": "26808473", "target": "24202563"}}, {"type": "Feature", "geometry": {"type": "LineString", "coordinates": [[102.40094903355418, 59.91235723677623], [102.40544153122772, 59.92129429129618]]}, "properties": {"source": "25965323", "target": "25980158"}}, {"type": "Feature", "geometry": {"type": "LineString", "coordinates": [[102.40094903355418, 59.91235723677623], [102.46917951406647, 59.90876516684763]]}, "properties": {"source": "25965323", "target": "25906369"}}, {"type": "Feature", "geometry": {"type": "LineString", "coordinates": [[102.40094903355418, 59.91235723677623], [102.4697982788158, 59.92147032240477]]}, "properties": {"source": "25965323", "target": "28107590"}}, {"type": "Feature", "geometry": {"type": "LineString", "coordinates": [[102.43392493029734, 59.92208943546656], [102.46473786970023, 59.93017473839721]]}, "properties": {"source": "25178503", "target": "25619005"}}, {"type": "Feature", "geometry": {"type": "LineString", "coordinates": [[102.43392493029734, 59.92208943546656], [102.44857086768633, 59.915403603892216]]}, "properties": {"source": "25178503", "target": "24202563"}}, {"type": "Feature", "geometry": {"type": "LineString", "coordinates": [[102.43392493029734, 59.92208943546656], [102.4000238402258, 59.917777136493086]]}, "properties": {"source": "25178503", "target": "26250778"}}, {"type": "Feature", "geometry": {"type": "LineString", "coordinates": [[102.43392493029734, 59.92208943546656], [102.42132677657446, 59.920005059779115]]}, "properties": {"source": "25178503", "target": "22907796"}}, {"type": "Feature", "geometry": {"type": "LineString", "coordinates": [[102.43392493029734, 59.92208943546656], [102.45702815273927, 59.923874143127804]]}, "properties": {"source": "25178503", "target": "25996362"}}, {"type": "Feature", "geometry": {"type": "LineString", "coordinates": [[102.43392493029734, 59.92208943546656], [102.43744326369506, 59.90937995259884]]}, "properties": {"source": "25178503", "target": "23210467"}}, {"type": "Feature", "geometry": {"type": "LineString", "coordinates": [[102.43392493029734, 59.92208943546656], [102.40734213396098, 59.93070554766848]]}, "properties": {"source": "25178503", "target": "21894831"}}, {"type": "Feature", "geometry": {"type": "LineString", "coordinates": [[102.43392493029734, 59.92208943546656], [102.43912782916641, 59.9299954245208]]}, "properties": {"source": "25178503", "target": "22908925"}}, {"type": "Feature", "geometry": {"type": "LineString", "coordinates": [[102.43487062709835, 59.93142973857586], [102.43922376789072, 59.93289067491828]]}, "properties": {"source": "25805770", "target": "26250745"}}, {"type": "Feature", "geometry": {"type": "LineString", "coordinates": [[102.43487062709835, 59.93142973857586], [102.4000238402258, 59.917777136493086]]}, "properties": {"source": "25805770", "target": "26250778"}}, {"type": "Feature", "geometry": {"type": "LineString", "coordinates": [[102.43487062709835, 59.93142973857586], [102.42436072463244, 59.913164057912226]]}, "properties": {"source": "25805770", "target": "23293536"}}, {"type": "Feature", "geometry": {"type": "LineString", "coordinates": [[102.43487062709835, 59.93142973857586], [102.43912782916641, 59.9299954245208]]}, "properties": {"source": "25805770", "target": "22908925"}}, {"type": "Feature", "geometry": {"type": "LineString", "coordinates": [[102.45377016537674, 59.933250318527215], [102.43744326369506, 59.90937995259884]]}, "properties": {"source": "25135041", "target": "23210467"}}, {"type": "Feature", "geometry": {"type": "LineString", "coordinates": [[102.45377016537674, 59.933250318527215], [102.42436072463244, 59.913164057912226]]}, "properties": {"source": "25135041", "target": "23293536"}}, {"type": "Feature", "geometry": {"type": "LineString", "coordinates": [[102.45377016537674, 59.933250318527215], [102.42332846378446, 59.92545954329171]]}, "properties": {"source": "25135041", "target": "18141113"}}, {"type": "Feature", "geometry": {"type": "LineString", "coordinates": [[102.45680691303272, 59.91954373985894], [102.42033534152449, 59.92927343845204]]}, "properties": {"source": "25619514", "target": "28424751"}}, {"type": "Feature", "geometry": {"type": "LineString", "coordinates": [[102.45672921795244, 59.9150036331164], [102.42770501747168, 59.91687964510115]]}, "properties": {"source": "27906458", "target": "25005226"}}, {"type": "Feature", "geometry": {"type": "LineString", "coordinates": [[102.45672921795244, 59.9150036331164], [102.42101202703304, 59.91666923031187]]}, "properties": {"source": "27906458", "target": "26850506"}}, {"type": "Feature", "geometry": {"type": "LineString", "coordinates": [[102.45672921795244, 59.9150036331164], [102.4107584166199, 59.921752026961485]]}, "properties": {"source": "27906458", "target": "25121115"}}, {"type": "Feature", "geometry": {"type": "LineString", "coordinates": [[102.45672921795244, 59.9150036331164], [102.42992111469681, 59.93191701349083]]}, "properties": {"source": "27906458", "target": "26250720"}}, {"type": "Feature", "geometry": {"type": "LineString", "coordinates": [[102.45672921795244, 59.9150036331164], [102.46263894581506, 59.91109483287934]]}, "properties": {"source": "27906458", "target": "25847540"}}, {"type": "Feature", "geometry": {"type": "LineString", "coordinates": [[102.45672921795244, 59.9150036331164], [102.41359117299271, 59.93251647315415]]}, "properties": {"source": "27906458", "target": "25956835"}}, {"type": "Feature", "geometry": {"type": "LineString", "coordinates": [[102.45611160819863, 59.92819414821213], [102.40934937797311, 59.910400254096714]]}, "properties": {"source": "29343927", "target": "28419659"}}, {"type": "Feature", "geometry": {"type": "LineString", "coordinates": [[102.45611160819863, 59.92819414821213], [102.40158025864713, 59.92798023559935]]}, "properties": {"source": "29343927", "target": "29983621"}}, {"type": "Feature", "geometry": {"type": "LineString", "coordinates": [[102.45611160819863, 59.92819414821213], [102.39694127204262, 59.928108977815086]]}, "properties": {"source": "29343927", "target": "28552305"}}, {"type": "Feature", "geometry": {"type": "LineString", "coordinates": [[102.45611160819863, 59.92819414821213], [102.45702815273927, 59.923874143127804]]}, "properties": {"source": "29343927", "target": "25996362"}}, {"type": "Feature", "geometry": {"type": "LineString", "coordinates": [[102.45611160819863, 59.92819414821213], [102.41067192779155, 59.9278699621608]]}, "properties": {"source": "29343927", "target": "27969314"}}, {"type": "Feature", "geometry": {"type": "LineString", "coordinates": [[102.45611160819863, 59.92819414821213], [102.42310604366895, 59.92294563581471]]}, "properties": {"source": "29343927", "target": "30362445"}}, {"type": "Feature", "geometry": {"type": "LineString", "coordinates": [[102.45611160819863, 59.92819414821213], [102.44558693404412, 59.92915328017341]]}, "properties": {"source": "29343927", "target": "30357181"}}, {"type": "Feature", "geometry": {"type": "LineString", "coordinates": [[102.45611160819863, 59.92819414821213], [102.469913257163, 59.91847410997775]]}, "properties": {"source": "29343927", "target": "27787060"}}, {"type": "Feature", "geometry": {"type": "LineString", "coordinates": [[102.45611160819863, 59.92819414821213], [102.44276023014311, 59.92876068651452]]}, "properties": {"source": "29343927", "target": "34736796"}}, {"type": "Feature", "geometry": {"type": "LineString", "coordinates": [[102.45611160819863, 59.92819414821213], [102.41723456065648, 59.91579672288705]]}, "properties": {"source": "29343927", "target": "28603123"}}, {"type": "Feature", "geometry": {"type": "LineString", "coordinates": [[102.47054540090238, 59.919472099736254], [102.450205110274, 59.929289144016664]]}, "properties": {"source": "16252506", "target": "15871311"}}, {"type": "Feature", "geometry": {"type": "LineString", "coordinates": [[102.47054540090238, 59.919472099736254], [102.46850000618417, 59.92483453495484]]}, "properties": {"source": "16252506", "target": "16110828"}}, {"type": "Feature", "geometry": {"type": "LineString", "coordinates": [[102.39694127204262, 59.928108977815086], [102.41067192779155, 59.9278699621608]]}, "properties": {"source": "28552305", "target": "27969314"}}, {"type": "Feature", "geometry": {"type": "LineString", "coordinates": [[102.39694127204262, 59.928108977815086], [102.44924141591616, 59.919752386977024]]}, "properties": {"source": "28552305", "target": "22361480"}}, {"type": "Feature", "geometry": {"type": "LineString", "coordinates": [[102.39694127204262, 59.928108977815086], [102.40894658533358, 59.91753990107229]]}, "properties": {"source": "28552305", "target": "3503892"}}, {"type": "Feature", "geometry": {"type": "LineString", "coordinates": [[102.43427875965693, 59.912410003773175], [102.45507065092852, 59.915354160862066]]}, "properties": {"source": "29417037", "target": "26808473"}}, {"type": "Feature", "geometry": {"type": "LineString", "coordinates": [[102.43427875965693, 59.912410003773175], [102.40934937797311, 59.910400254096714]]}, "properties": {"source": "29417037", "target": "28419659"}}, {"type": "Feature", "geometry": {"type": "LineString", "coordinates": [[102.43427875965693, 59.912410003773175], [102.40158025864713, 59.92798023559935]]}, "properties": {"source": "29417037", "target": "29983621"}}, {"type": "Feature", "geometry": {"type": "LineString", "coordinates": [[102.43427875965693, 59.912410003773175], [102.45611160819863, 59.92819414821213]]}, "properties": {"source": "29417037", "target": "29343927"}}, {"type": "Feature", "geometry": {"type": "LineString", "coordinates": [[102.43427875965693, 59.912410003773175], [102.39694127204262, 59.928108977815086]]}, "properties": {"source": "29417037", "target": "28552305"}}, {"type": "Feature", "geometry": {"type": "LineString", "coordinates": [[102.43427875965693, 59.912410003773175], [102.4688792934686, 59.92431315238282]]}, "properties": {"source": "29417037", "target": "30325549"}}, {"type": "Feature", "geometry": {"type": "LineString", "coordinates": [[102.43427875965693, 59.912410003773175], [102.41067192779155, 59.9278699621608]]}, "properties": {"source": "29417037", "target": "27969314"}}, {"type": "Feature", "geometry": {"type": "LineString", "coordinates": [[102.43427875965693, 59.912410003773175], [102.42310604366895, 59.92294563581471]]}, "properties": {"source": "29417037", "target": "30362445"}}, {"type": "Feature", "geometry": {"type": "LineString", "coordinates": [[102.43427875965693, 59.912410003773175], [102.44558693404412, 59.92915328017341]]}, "properties": {"source": "29417037", "target": "30357181"}}, {"type": "Feature", "geometry": {"type": "LineString", "coordinates": [[102.43427875965693, 59.912410003773175], [102.469913257163, 59.91847410997775]]}, "properties": {"source": "29417037", "target": "27787060"}}, {"type": "Feature", "geometry": {"type": "LineString", "coordinates": [[102.43427875965693, 59.912410003773175], [102.44913804094136, 59.9227328241148]]}, "properties": {"source": "29417037", "target": "30808440"}}, {"type": "Feature", "geometry": {"type": "LineString", "coordinates": [[102.46665049712675, 59.91986315141804], [102.45652408388673, 59.92306164601435]]}, "properties": {"source": "18170687", "target": "1714988"}}, {"type": "Feature", "geometry": {"type": "LineString", "coordinates": [[102.46665049712675, 59.91986315141804], [102.4012340305145, 59.910128740177925]]}, "properties": {"source": "18170687", "target": "17318786"}}, {"type": "Feature", "geometry": {"type": "LineString", "coordinates": [[102.46665049712675, 59.91986315141804], [102.45378044383142, 59.9149617924633]]}, "properties": {"source": "18170687", "target": "1642263"}}, {"type": "Feature", "geometry": {"type": "LineString", "coordinates": [[102.46665049712675, 59.91986315141804], [102.40943440133282, 59.91908737475066]]}, "properties": {"source": "18170687", "target": "1514579"}}, {"type": "Feature", "geometry": {"type": "LineString", "coordinates": [[102.40544153122772, 59.92129429129618], [102.43922376789072, 59.93289067491828]]}, "properties": {"source": "25980158", "target": "26250745"}}, {"type": "Feature", "geometry": {"type": "LineString", "coordinates": [[102.40544153122772, 59.92129429129618], [102.43392493029734, 59.92208943546656]]}, "properties": {"source": "25980158", "target": "25178503"}}, {"type": "Feature", "geometry": {"type": "LineString", "coordinates": [[102.40544153122772, 59.92129429129618], [102.43487062709835, 59.93142973857586]]}, "properties": {"source": "25980158", "target": "25805770"}}, {"type": "Feature", "geometry": {"type": "LineString", "coordinates": [[102.40544153122772, 59.92129429129618], [102.40409235513533, 59.914576972744655]]}, "properties": {"source": "25980158", "target": "25040008"}}, {"type": "Feature", "geometry": {"type": "LineString", "coordinates": [[102.40544153122772, 59.92129429129618], [102.46473786970023, 59.93017473839721]]}, "properties": {"source": "25980158", "target": "25619005"}}, {"type": "Feature", "geometry": {"type": "LineString", "coordinates": [[102.40544153122772, 59.92129429129618], [102.4000238402258, 59.917777136493086]]}, "properties": {"source": "25980158", "target": "26250778"}}, {"type": "Feature", "geometry": {"type": "LineString", "coordinates": [[102.40544153122772, 59.92129429129618], [102.45702815273927, 59.923874143127804]]}, "properties": {"source": "25980158", "target": "25996362"}}, {"type": "Feature", "geometry": {"type": "LineString", "coordinates": [[102.40544153122772, 59.92129429129618], [102.43620739402797, 59.93077616132955]]}, "properties": {"source": "25980158", "target": "23676959"}}, {"type": "Feature", "geometry": {"type": "LineString", "coordinates": [[102.40544153122772, 59.92129429129618], [102.46428718918219, 59.925700769499386]]}, "properties": {"source": "25980158", "target": "23015660"}}, {"type": "Feature", "geometry": {"type": "LineString", "coordinates": [[102.41104758989229, 59.93298744464015], [102.4198862892892, 59.92924862621469]]}, "properties": {"source": "22926554", "target": "23996852"}}, {"type": "Feature", "geometry": {"type": "LineString", "coordinates": [[102.41104758989229, 59.93298744464015], [102.43392493029734, 59.92208943546656]]}, "properties": {"source": "22926554", "target": "25178503"}}, {"type": "Feature", "geometry": {"type": "LineString", "coordinates": [[102.41104758989229, 59.93298744464015], [102.43487062709835, 59.93142973857586]]}, "properties": {"source": "22926554", "target": "25805770"}}, {"type": "Feature", "geometry": {"type": "LineString", "coordinates": [[102.44657667884445, 59.93114907668463], [102.45921553714078, 59.92075631122279]]}, "properties": {"source": "7636653", "target": "6351382"}}, {"type": "Feature", "geometry": {"type": "LineString", "coordinates": [[102.44657667884445, 59.93114907668463], [102.46398423038079, 59.916979554280616]]}, "properties": {"source": "7636653", "target": "632475"}}, {"type": "Feature", "geometry": {"type": "LineString", "coordinates": [[102.44657667884445, 59.93114907668463], [102.44699156310617, 59.91059230287574]]}, "properties": {"source": "7636653", "target": "6559581"}}, {"type": "Feature", "geometry": {"type": "LineString", "coordinates": [[102.41625564487481, 59.909030807978084], [102.40158025864713, 59.92798023559935]]}, "properties": {"source": "28668486", "target": "29983621"}}, {"type": "Feature", "geometry": {"type": "LineString", "coordinates": [[102.41625564487481, 59.909030807978084], [102.45611160819863, 59.92819414821213]]}, "properties": {"source": "28668486", "target": "29343927"}}, {"type": "Feature", "geometry": {"type": "LineString", "coordinates": [[102.41625564487481, 59.909030807978084], [102.42310604366895, 59.92294563581471]]}, "properties": {"source": "28668486", "target": "30362445"}}, {"type": "Feature", "geometry": {"type": "LineString", "coordinates": [[102.41625564487481, 59.909030807978084], [102.44558693404412, 59.92915328017341]]}, "properties": {"source": "28668486", "target": "30357181"}}, {"type": "Feature", "geometry": {"type": "LineString", "coordinates": [[102.41625564487481, 59.909030807978084], [102.44276023014311, 59.92876068651452]]}, "properties": {"source": "28668486", "target": "34736796"}}, {"type": "Feature", "geometry": {"type": "LineString", "coordinates": [[102.41625564487481, 59.909030807978084], [102.41723456065648, 59.91579672288705]]}, "properties": {"source": "28668486", "target": "28603123"}}, {"type": "Feature", "geometry": {"type": "LineString", "coordinates": [[102.41625564487481, 59.909030807978084], [102.39864387891458, 59.92089523801192]]}, "properties": {"source": "28668486", "target": "20758638"}}, {"type": "Feature", "geometry": {"type": "LineString", "coordinates": [[102.43937799765678, 59.91502830195266], [102.42033534152449, 59.92927343845204]]}, "properties": {"source": "16117117", "target": "28424751"}}, {"type": "Feature", "geometry": {"type": "LineString", "coordinates": [[102.43937799765678, 59.91502830195266], [102.43922376789072, 59.93289067491828]]}, "properties": {"source": "16117117", "target": "26250745"}}, {"type": "Feature", "geometry": {"type": "LineString", "coordinates": [[102.43937799765678, 59.91502830195266], [102.4015969958142, 59.91821166004681]]}, "properties": {"source": "16117117", "target": "25583758"}}, {"type": "Feature", "geometry": {"type": "LineString", "coordinates": [[102.43937799765678, 59.91502830195266], [102.41310247153882, 59.91223709111695]]}, "properties": {"source": "16117117", "target": "7728119"}}, {"type": "Feature", "geometry": {"type": "LineString", "coordinates": [[102.43937799765678, 59.91502830195266], [102.47157645175503, 59.92569359453253]]}, "properties": {"source": "16117117", "target": "30360528"}}, {"type": "Feature", "geometry": {"type": "LineString", "coordinates": [[102.41625564487481, 59.909030807978084], [102.45583034950357, 59.914512447277005]]}, "properties": {"source": "28668486", "target": "25576718"}}, {"type": "Feature", "geometry": {"type": "LineString", "coordinates": [[102.42375332557265, 59.91202500779774], [102.41986818293037, 59.90977035311751]]}, "properties": {"source": "21854026", "target": "2154098"}}, {"type": "Feature", "geometry": {"type": "LineString", "coordinates": [[102.4508678814961, 59.9102720739742], [102.43922376789072, 59.93289067491828]]}, "properties": {"source": "17240414", "target": "26250745"}}, {"type": "Feature", "geometry": {"type": "LineString", "coordinates": [[102.4508678814961, 59.9102720739742], [102.4221759669116, 59.92728905783986]]}, "properties": {"source": "17240414", "target": "16637055"}}, {"type": "Feature", "geometry": {"type": "LineString", "coordinates": [[102.4221759669116, 59.92728905783986], [102.41396071648575, 59.91094520978318]]}, "properties": {"source": "16637055", "target": "12420936"}}, {"type": "Feature", "geometry": {"type": "LineString", "coordinates": [[102.41115695175637, 59.921667345972836], [102.4198862892892, 59.92924862621469]]}, "properties": {"source": "22307585", "target": "23996852"}}, {"type": "Feature", "geometry": {"type": "LineString", "coordinates": [[102.41115695175637, 59.921667345972836], [102.43392493029734, 59.92208943546656]]}, "properties": {"source": "22307585", "target": "25178503"}}, {"type": "Feature", "geometry": {"type": "LineString", "coordinates": [[102.41115695175637, 59.921667345972836], [102.40409235513533, 59.914576972744655]]}, "properties": {"source": "22307585", "target": "25040008"}}, {"type": "Feature", "geometry": {"type": "LineString", "coordinates": [[102.41115695175637, 59.921667345972836], [102.46473786970023, 59.93017473839721]]}, "properties": {"source": "22307585", "target": "25619005"}}, {"type": "Feature", "geometry": {"type": "LineString", "coordinates": [[102.41115695175637, 59.921667345972836], [102.43620739402797, 59.93077616132955]]}, "properties": {"source": "22307585", "target": "23676959"}}, {"type": "Feature", "geometry": {"type": "LineString", "coordinates": [[102.41115695175637, 59.921667345972836], [102.46428718918219, 59.925700769499386]]}, "properties": {"source": "22307585", "target": "23015660"}}, {"type": "Feature", "geometry": {"type": "LineString", "coordinates": [[102.41115695175637, 59.921667345972836], [102.41104758989229, 59.93298744464015]]}, "properties": {"source": "22307585", "target": "22926554"}}, {"type": "Feature", "geometry": {"type": "LineString", "coordinates": [[102.41115695175637, 59.921667345972836], [102.45095523842645, 59.91613949048548]]}, "properties": {"source": "22307585", "target": "23343012"}}, {"type": "Feature", "geometry": {"type": "LineString", "coordinates": [[102.41115695175637, 59.921667345972836], [102.45808916974215, 59.928481202140176]]}, "properties": {"source": "22307585", "target": "25619406"}}, {"type": "Feature", "geometry": {"type": "LineString", "coordinates": [[102.41115695175637, 59.921667345972836], [102.40734213396098, 59.93070554766848]]}, "properties": {"source": "22307585", "target": "21894831"}}, {"type": "Feature", "geometry": {"type": "LineString", "coordinates": [[102.41115695175637, 59.921667345972836], [102.42423596296044, 59.92397484351328]]}, "properties": {"source": "22307585", "target": "17189105"}}, {"type": "Feature", "geometry": {"type": "LineString", "coordinates": [[102.41115695175637, 59.921667345972836], [102.45652408388673, 59.92306164601435]]}, "properties": {"source": "22307585", "target": "1714988"}}, {"type": "Feature", "geometry": {"type": "LineString", "coordinates": [[102.44875158519966, 59.92499763373846], [102.39876097951907, 59.918353730346354]]}, "properties": {"source": "17284308", "target": "30747423"}}, {"type": "Feature", "geometry": {"type": "LineString", "coordinates": [[102.45019252834652, 59.923161068428314], [102.4198862892892, 59.92924862621469]]}, "properties": {"source": "22886092", "target": "23996852"}}, {"type": "Feature", "geometry": {"type": "LineString", "coordinates": [[102.45019252834652, 59.923161068428314], [102.43392493029734, 59.92208943546656]]}, "properties": {"source": "22886092", "target": "25178503"}}, {"type": "Feature", "geometry": {"type": "LineString", "coordinates": [[102.45019252834652, 59.923161068428314], [102.45680691303272, 59.91954373985894]]}, "properties": {"source": "22886092", "target": "25619514"}}, {"type": "Feature", "geometry": {"type": "LineString", "coordinates": [[102.45019252834652, 59.923161068428314], [102.40409235513533, 59.914576972744655]]}, "properties": {"source": "22886092", "target": "25040008"}}, {"type": "Feature", "geometry": {"type": "LineString", "coordinates": [[102.45019252834652, 59.923161068428314], [102.46473786970023, 59.93017473839721]]}, "properties": {"source": "22886092", "target": "25619005"}}, {"type": "Feature", "geometry": {"type": "LineString", "coordinates": [[102.45019252834652, 59.923161068428314], [102.43620739402797, 59.93077616132955]]}, "properties": {"source": "22886092", "target": "23676959"}}, {"type": "Feature", "geometry": {"type": "LineString", "coordinates": [[102.45019252834652, 59.923161068428314], [102.46428718918219, 59.925700769499386]]}, "properties": {"source": "22886092", "target": "23015660"}}, {"type": "Feature", "geometry": {"type": "LineString", "coordinates": [[102.45019252834652, 59.923161068428314], [102.41104758989229, 59.93298744464015]]}, "properties": {"source": "22886092", "target": "22926554"}}, {"type": "Feature", "geometry": {"type": "LineString", "coordinates": [[102.45019252834652, 59.923161068428314], [102.45808916974215, 59.928481202140176]]}, "properties": {"source": "22886092", "target": "25619406"}}, {"type": "Feature", "geometry": {"type": "LineString", "coordinates": [[102.43335868501805, 59.913355505406], [102.41044870100734, 59.91037669612824]]}, "properties": {"source": "12390773", "target": "25135051"}}, {"type": "Feature", "geometry": {"type": "LineString", "coordinates": [[102.43335868501805, 59.913355505406], [102.40934937797311, 59.910400254096714]]}, "properties": {"source": "12390773", "target": "28419659"}}, {"type": "Feature", "geometry": {"type": "LineString", "coordinates": [[102.43335868501805, 59.913355505406], [102.46573540748483, 59.923981063287]]}, "properties": {"source": "12390773", "target": "25712913"}}, {"type": "Feature", "geometry": {"type": "LineString", "coordinates": [[102.43335868501805, 59.913355505406], [102.4688792934686, 59.92431315238282]]}, "properties": {"source": "12390773", "target": "30325549"}}, {"type": "Feature", "geometry": {"type": "LineString", "coordinates": [[102.43335868501805, 59.913355505406], [102.43744326369506, 59.90937995259884]]}, "properties": {"source": "12390773", "target": "23210467"}}, {"type": "Feature", "geometry": {"type": "LineString", "coordinates": [[102.43335868501805, 59.913355505406], [102.44276023014311, 59.92876068651452]]}, "properties": {"source": "12390773", "target": "34736796"}}, {"type": "Feature", "geometry": {"type": "LineString", "coordinates": [[102.40203588533478, 59.919959936843824], [102.43538722764629, 59.93059101339567]]}, "properties": {"source": "29856290", "target": "1968639"}}, {"type": "Feature", "geometry": {"type": "LineString", "coordinates": [[102.40203588533478, 59.919959936843824], [102.43108077546486, 59.92921866602626]]}, "properties": {"source": "29856290", "target": "1948944"}}, {"type": "Feature", "geometry": {"type": "LineString", "coordinates": [[102.43620739402797, 59.93077616132955], [102.43922376789072, 59.93289067491828]]}, "properties": {"source": "23676959", "target": "26250745"}}, {"type": "Feature", "geometry": {"type": "LineString", "coordinates": [[102.43620739402797, 59.93077616132955], [102.4198862892892, 59.92924862621469]]}, "properties": {"source": "23676959", "target": "23996852"}}, {"type": "Feature", "geometry": {"type": "LineString", "coordinates": [[102.43620739402797, 59.93077616132955], [102.43392493029734, 59.92208943546656]]}, "properties": {"source": "23676959", "target": "25178503"}}, {"type": "Feature", "geometry": {"type": "LineString", "coordinates": [[102.43620739402797, 59.93077616132955], [102.43487062709835, 59.93142973857586]]}, "properties": {"source": "23676959", "target": "25805770"}}, {"type": "Feature", "geometry": {"type": "LineString", "coordinates": [[102.43620739402797, 59.93077616132955], [102.40409235513533, 59.914576972744655]]}, "properties": {"source": "23676959", "target": "25040008"}}, {"type": "Feature", "geometry": {"type": "LineString", "coordinates": [[102.43620739402797, 59.93077616132955], [102.46473786970023, 59.93017473839721]]}, "properties": {"source": "23676959", "target": "25619005"}}, {"type": "Feature", "geometry": {"type": "LineString", "coordinates": [[102.43620739402797, 59.93077616132955], [102.4000238402258, 59.917777136493086]]}, "properties": {"source": "23676959", "target": "26250778"}}, {"type": "Feature", "geometry": {"type": "LineString", "coordinates": [[102.43620739402797, 59.93077616132955], [102.45702815273927, 59.923874143127804]]}, "properties": {"source": "23676959", "target": "25996362"}}, {"type": "Feature", "geometry": {"type": "LineString", "coordinates": [[102.43620739402797, 59.93077616132955], [102.40734213396098, 59.93070554766848]]}, "properties": {"source": "23676959", "target": "21894831"}}, {"type": "Feature", "geometry": {"type": "LineString", "coordinates": [[102.43620739402797, 59.93077616132955], [102.43912782916641, 59.9299954245208]]}, "properties": {"source": "23676959", "target": "22908925"}}, {"type": "Feature", "geometry": {"type": "LineString", "coordinates": [[102.41678992021099, 59.9137470830745], [102.42310843017134, 59.9320912411051]]}, "properties": {"source": "27732137", "target": "23630452"}}, {"type": "Feature", "geometry": {"type": "LineString", "coordinates": [[102.41678992021099, 59.9137470830745], [102.46475998675311, 59.930309276919886]]}, "properties": {"source": "27732137", "target": "27731853"}}, {"type": "Feature", "geometry": {"type": "LineString", "coordinates": [[102.41678992021099, 59.9137470830745], [102.40128392130521, 59.91887744953853]]}, "properties": {"source": "27732137", "target": "25684799"}}, {"type": "Feature", "geometry": {"type": "LineString", "coordinates": [[102.41678992021099, 59.9137470830745], [102.40408909020795, 59.92549850059409]]}, "properties": {"source": "27732137", "target": "31963638"}}, {"type": "Feature", "geometry": {"type": "LineString", "coordinates": [[102.45808916974215, 59.928481202140176], [102.47157645175503, 59.92569359453253]]}, "properties": {"source": "25619406", "target": "30360528"}}, {"type": "Feature", "geometry": {"type": "LineString", "coordinates": [[102.45808916974215, 59.928481202140176], [102.39876097951907, 59.918353730346354]]}, "properties": {"source": "25619406", "target": "30747423"}}, {"type": "Feature", "geometry": {"type": "LineString", "coordinates": [[102.45808916974215, 59.928481202140176], [102.4198862892892, 59.92924862621469]]}, "properties": {"source": "25619406", "target": "23996852"}}, {"type": "Feature", "geometry": {"type": "LineString", "coordinates": [[102.45808916974215, 59.928481202140176], [102.43487062709835, 59.93142973857586]]}, "properties": {"source": "25619406", "target": "25805770"}}, {"type": "Feature", "geometry": {"type": "LineString", "coordinates": [[102.45808916974215, 59.928481202140176], [102.46428718918219, 59.925700769499386]]}, "properties": {"source": "25619406", "target": "23015660"}}, {"type": "Feature", "geometry": {"type": "LineString", "coordinates": [[102.45808916974215, 59.928481202140176], [102.44231531033131, 59.91941120530937]]}, "properties": {"source": "25619406", "target": "25619459"}}, {"type": "Feature", "geometry": {"type": "LineString", "coordinates": [[102.45808916974215, 59.928481202140176], [102.43912782916641, 59.9299954245208]]}, "properties": {"source": "25619406", "target": "22908925"}}, {"type": "Feature", "geometry": {"type": "LineString", "coordinates": [[102.41738882528819, 59.92407926829705], [102.42033534152449, 59.92927343845204]]}, "properties": {"source": "13244476", "target": "28424751"}}, {"type": "Feature", "geometry": {"type": "LineString", "coordinates": [[102.41738882528819, 59.92407926829705], [102.43922376789072, 59.93289067491828]]}, "properties": {"source": "13244476", "target": "26250745"}}, {"type": "Feature", "geometry": {"type": "LineString", "coordinates": [[102.41738882528819, 59.92407926829705], [102.41310247153882, 59.91223709111695]]}, "properties": {"source": "13244476", "target": "7728119"}}, {"type": "Feature", "geometry": {"type": "LineString", "coordinates": [[102.41738882528819, 59.92407926829705], [102.47157645175503, 59.92569359453253]]}, "properties": {"source": "13244476", "target": "30360528"}}, {"type": "Feature", "geometry": {"type": "LineString", "coordinates": [[102.41738882528819, 59.92407926829705], [102.47054540090238, 59.919472099736254]]}, "properties": {"source": "13244476", "target": "16252506"}}, {"type": "Feature", "geometry": {"type": "LineString", "coordinates": [[102.41738882528819, 59.92407926829705], [102.41455088840524, 59.919322570122944]]}, "properties": {"source": "13244476", "target": "13280888"}}, {"type": "Feature", "geometry": {"type": "LineString", "coordinates": [[102.41738882528819, 59.92407926829705], [102.45110583298214, 59.924801999285336]]}, "properties": {"source": "13244476", "target": "12347362"}}, {"type": "Feature", "geometry": {"type": "LineString", "coordinates": [[102.44435563092173, 59.910635497595905], [102.45117977586676, 59.92845890153396]]}, "properties": {"source": "7574749", "target": "13356291"}}, {"type": "Feature", "geometry": {"type": "LineString", "coordinates": [[102.44435563092173, 59.910635497595905], [102.41447892603031, 59.91478758295611]]}, "properties": {"source": "7574749", "target": "9921367"}}, {"type": "Feature", "geometry": {"type": "LineString", "coordinates": [[102.44558693404412, 59.92915328017341], [102.469913257163, 59.91847410997775]]}, "properties": {"source": "30357181", "target": "27787060"}}, {"type": "Feature", "geometry": {"type": "LineString", "coordinates": [[102.44558693404412, 59.92915328017341], [102.46975713684816, 59.908229211134326]]}, "properties": {"source": "30357181", "target": "24397031"}}, {"type": "Feature", "geometry": {"type": "LineString", "coordinates": [[102.469913257163, 59.91847410997775], [102.39694127204262, 59.928108977815086]]}, "properties": {"source": "27787060", "target": "28552305"}}, {"type": "Feature", "geometry": {"type": "LineString", "coordinates": [[102.469913257163, 59.91847410997775], [102.41067192779155, 59.9278699621608]]}, "properties": {"source": "27787060", "target": "27969314"}}, {"type": "Feature", "geometry": {"type": "LineString", "coordinates": [[102.40128392130521, 59.91887744953853], [102.42310843017134, 59.9320912411051]]}, "properties": {"source": "25684799", "target": "23630452"}}, {"type": "Feature", "geometry": {"type": "LineString", "coordinates": [[102.4160263702309, 59.9279162431648], [102.45117977586676, 59.92845890153396]]}, "properties": {"source": "17064499", "target": "13356291"}}, {"type": "Feature", "geometry": {"type": "LineString", "coordinates": [[102.4160263702309, 59.9279162431648], [102.46033670012315, 59.92815441785292]]}, "properties": {"source": "17064499", "target": "16146464"}}, {"type": "Feature", "geometry": {"type": "LineString", "coordinates": [[102.4160263702309, 59.9279162431648], [102.43947653402734, 59.91896399719036]]}, "properties": {"source": "17064499", "target": "17254275"}}, {"type": "Feature", "geometry": {"type": "LineString", "coordinates": [[102.4160263702309, 59.9279162431648], [102.46063914210038, 59.92700220182169]]}, "properties": {"source": "17064499", "target": "11022625"}}, {"type": "Feature", "geometry": {"type": "LineString", "coordinates": [[102.4160263702309, 59.9279162431648], [102.46175317395932, 59.91201479031399]]}, "properties": {"source": "17064499", "target": "15705314"}}, {"type": "Feature", "geometry": {"type": "LineString", "coordinates": [[102.4160263702309, 59.9279162431648], [102.45790087946114, 59.913396741836564]]}, "properties": {"source": "17064499", "target": "14290957"}}, {"type": "Feature", "geometry": {"type": "LineString", "coordinates": [[102.4160263702309, 59.9279162431648], [102.45195458472654, 59.91365541585819]]}, "properties": {"source": "17064499", "target": "15984862"}}, {"type": "Feature", "geometry": {"type": "LineString", "coordinates": [[102.4160263702309, 59.9279162431648], [102.41396071648575, 59.91094520978318]]}, "properties": {"source": "17064499", "target": "12420936"}}, {"type": "Feature", "geometry": {"type": "LineString", "coordinates": [[102.44921176687751, 59.911891311448855], [102.45948648665944, 59.92634525817678]]}, "properties": {"source": "25911211", "target": "36111312"}}, {"type": "Feature", "geometry": {"type": "LineString", "coordinates": [[102.44921176687751, 59.911891311448855], [102.41787412770731, 59.926043882955895]]}, "properties": {"source": "25911211", "target": "34398923"}}, {"type": "Feature", "geometry": {"type": "LineString", "coordinates": [[102.44921176687751, 59.911891311448855], [102.40894658533358, 59.91753990107229]]}, "properties": {"source": "25911211", "target": "3503892"}}, {"type": "Feature", "geometry": {"type": "LineString", "coordinates": [[102.46033670012315, 59.92815441785292], [102.43150915483261, 59.932443323638836]]}, "properties": {"source": "16146464", "target": "14429615"}}, {"type": "Feature", "geometry": {"type": "LineString", "coordinates": [[102.41447892603031, 59.91478758295611], [102.40670289241422, 59.92014965666152]]}, "properties": {"source": "9921367", "target": "9934477"}}, {"type": "Feature", "geometry": {"type": "LineString", "coordinates": [[102.41447892603031, 59.91478758295611], [102.40762137013502, 59.91259861243185]]}, "properties": {"source": "9921367", "target": "8474790"}}, {"type": "Feature", "geometry": {"type": "LineString", "coordinates": [[102.41447892603031, 59.91478758295611], [102.41396071648575, 59.91094520978318]]}, "properties": {"source": "9921367", "target": "12420936"}}, {"type": "Feature", "geometry": {"type": "LineString", "coordinates": [[102.40408909020795, 59.92549850059409], [102.46475998675311, 59.930309276919886]]}, "properties": {"source": "31963638", "target": "27731853"}}, {"type": "Feature", "geometry": {"type": "LineString", "coordinates": [[102.40408909020795, 59.92549850059409], [102.42181796760218, 59.91878841455036]]}, "properties": {"source": "31963638", "target": "33656533"}}, {"type": "Feature", "geometry": {"type": "LineString", "coordinates": [[102.41109062347198, 59.92985334552752], [102.42310843017134, 59.9320912411051]]}, "properties": {"source": "20911913", "target": "23630452"}}, {"type": "Feature", "geometry": {"type": "LineString", "coordinates": [[102.41109062347198, 59.92985334552752], [102.45742558058919, 59.92566345528874]]}, "properties": {"source": "20911913", "target": "12913946"}}, {"type": "Feature", "geometry": {"type": "LineString", "coordinates": [[102.46665049712675, 59.91986315141804], [102.46428718918219, 59.925700769499386]]}, "properties": {"source": "18170687", "target": "23015660"}}, {"type": "Feature", "geometry": {"type": "LineString", "coordinates": [[102.46665049712675, 59.91986315141804], [102.41115695175637, 59.921667345972836]]}, "properties": {"source": "18170687", "target": "22307585"}}, {"type": "Feature", "geometry": {"type": "LineString", "coordinates": [[102.46665049712675, 59.91986315141804], [102.41104758989229, 59.93298744464015]]}, "properties": {"source": "18170687", "target": "22926554"}}, {"type": "Feature", "geometry": {"type": "LineString", "coordinates": [[102.46665049712675, 59.91986315141804], [102.45095523842645, 59.91613949048548]]}, "properties": {"source": "18170687", "target": "23343012"}}, {"type": "Feature", "geometry": {"type": "LineString", "coordinates": [[102.46665049712675, 59.91986315141804], [102.40734213396098, 59.93070554766848]]}, "properties": {"source": "18170687", "target": "21894831"}}, {"type": "Feature", "geometry": {"type": "LineString", "coordinates": [[102.40874151185955, 59.92785790292896], [102.41109062347198, 59.92985334552752]]}, "properties": {"source": "23460615", "target": "20911913"}}, {"type": "Feature", "geometry": {"type": "LineString", "coordinates": [[102.40874151185955, 59.92785790292896], [102.46386481895257, 59.91267836741859]]}, "properties": {"source": "23460615", "target": "18190711"}}, {"type": "Feature", "geometry": {"type": "LineString", "coordinates": [[102.40874151185955, 59.92785790292896], [102.46514759320354, 59.911255418632365]]}, "properties": {"source": "23460615", "target": "21452685"}}, {"type": "Feature", "geometry": {"type": "LineString", "coordinates": [[102.4180094895101, 59.929899335088734], [102.42888923216219, 59.93177419818268]]}, "properties": {"source": "1343667", "target": "6413277"}}, {"type": "Feature", "geometry": {"type": "LineString", "coordinates": [[102.42429398566634, 59.92154027541396], [102.44857086768633, 59.915403603892216]]}, "properties": {"source": "187973", "target": "24202563"}}, {"type": "Feature", "geometry": {"type": "LineString", "coordinates": [[102.42429398566634, 59.92154027541396], [102.44698214947078, 59.916168796995095]]}, "properties": {"source": "187973", "target": "22596383"}}, {"type": "Feature", "geometry": {"type": "LineString", "coordinates": [[102.42429398566634, 59.92154027541396], [102.42255294446494, 59.91443030689169]]}, "properties": {"source": "187973", "target": "15870770"}}, {"type": "Feature", "geometry": {"type": "LineString", "coordinates": [[102.45237489593268, 59.921107039397725], [102.41855459879349, 59.91626487850155]]}, "properties": {"source": "25362786", "target": "21348745"}}, {"type": "Feature", "geometry": {"type": "LineString", "coordinates": [[102.40886757775036, 59.92395084797715], [102.43900263728233, 59.93286835270116]]}, "properties": {"source": "1440556", "target": "1545771"}}, {"type": "Feature", "geometry": {"type": "LineString", "coordinates": [[102.40886757775036, 59.92395084797715], [102.42888923216219, 59.93177419818268]]}, "properties": {"source": "1440556", "target": "6413277"}}, {"type": "Feature", "geometry": {"type": "LineString", "coordinates": [[102.44035884034435, 59.928981300194806], [102.40408909020795, 59.92549850059409]]}, "properties": {"source": "6516513", "target": "31963638"}}, {"type": "Feature", "geometry": {"type": "LineString", "coordinates": [[102.44035884034435, 59.928981300194806], [102.46554577657889, 59.91172223058487]]}, "properties": {"source": "6516513", "target": "35524662"}}, {"type": "Feature", "geometry": {"type": "LineString", "coordinates": [[102.44035884034435, 59.928981300194806], [102.45742558058919, 59.92566345528874]]}, "properties": {"source": "6516513", "target": "12913946"}}, {"type": "Feature", "geometry": {"type": "LineString", "coordinates": [[102.47216571298304, 59.91925659313003], [102.43808987572129, 59.91900996560291]]}, "properties": {"source": "13604280", "target": "20928787"}}, {"type": "Feature", "geometry": {"type": "LineString", "coordinates": [[102.47216571298304, 59.91925659313003], [102.45256236083077, 59.90905758690974]]}, "properties": {"source": "13604280", "target": "16254369"}}, {"type": "Feature", "geometry": {"type": "LineString", "coordinates": [[102.4481246492116, 59.911354407367384], [102.46593021910206, 59.920524366765775]]}, "properties": {"source": "1330911", "target": "1809344"}}, {"type": "Feature", "geometry": {"type": "LineString", "coordinates": [[102.4481246492116, 59.911354407367384], [102.45814064143815, 59.91748769974947]]}, "properties": {"source": "1330911", "target": "18012760"}}, {"type": "Feature", "geometry": {"type": "LineString", "coordinates": [[102.39995478338352, 59.93222883220788], [102.42310604366895, 59.92294563581471]]}, "properties": {"source": "29773469", "target": "30362445"}}, {"type": "Feature", "geometry": {"type": "LineString", "coordinates": [[102.39995478338352, 59.93222883220788], [102.40317895246363, 59.929756990361895]]}, "properties": {"source": "29773469", "target": "34035303"}}, {"type": "Feature", "geometry": {"type": "LineString", "coordinates": [[102.4142990976552, 59.93115372803804], [102.45659894274127, 59.9236203213121]]}, "properties": {"source": "17062353", "target": "18050327"}}, {"type": "Feature", "geometry": {"type": "LineString", "coordinates": [[102.41248571290487, 59.92524332995916], [102.4469988720769, 59.90820051246811]]}, "properties": {"source": "13127397", "target": "22255407"}}, {"type": "Feature", "geometry": {"type": "LineString", "coordinates": [[102.41248571290487, 59.92524332995916], [102.41109062347198, 59.92985334552752]]}, "properties": {"source": "13127397", "target": "20911913"}}, {"type": "Feature", "geometry": {"type": "LineString", "coordinates": [[102.41361162235455, 59.914984016074754], [102.46386481895257, 59.91267836741859]]}, "properties": {"source": "18616054", "target": "18190711"}}, {"type": "Feature", "geometry": {"type": "LineString", "coordinates": [[102.41361162235455, 59.914984016074754], [102.46615850680791, 59.92793935206538]]}, "properties": {"source": "18616054", "target": "12718015"}}, {"type": "Feature", "geometry": {"type": "LineString", "coordinates": [[102.43702401683805, 59.9204901826499], [102.4015969958142, 59.91821166004681]]}, "properties": {"source": "11199807", "target": "25583758"}}, {"type": "Feature", "geometry": {"type": "LineString", "coordinates": [[102.43702401683805, 59.9204901826499], [102.41855459879349, 59.91626487850155]]}, "properties": {"source": "11199807", "target": "21348745"}}, {"type": "Feature", "geometry": {"type": "LineString", "coordinates": [[102.43702401683805, 59.9204901826499], [102.41003825050541, 59.92871036925176]]}, "properties": {"source": "11199807", "target": "1871815"}}, {"type": "Feature", "geometry": {"type": "LineString", "coordinates": [[102.41551754283608, 59.92409714598263], [102.44558693404412, 59.92915328017341]]}, "properties": {"source": "28635990", "target": "30357181"}}, {"type": "Feature", "geometry": {"type": "LineString", "coordinates": [[102.41551754283608, 59.92409714598263], [102.46975713684816, 59.908229211134326]]}, "properties": {"source": "28635990", "target": "24397031"}}, {"type": "Feature", "geometry": {"type": "LineString", "coordinates": [[102.45411033644427, 59.90834900374911], [102.41715457049531, 59.92696393042034]]}, "properties": {"source": "28963393", "target": "27019562"}}, {"type": "Feature", "geometry": {"type": "LineString", "coordinates": [[102.45411033644427, 59.90834900374911], [102.43489372769488, 59.908998239938256]]}, "properties": {"source": "28963393", "target": "18583347"}}, {"type": "Feature", "geometry": {"type": "LineString", "coordinates": [[102.45411033644427, 59.90834900374911], [102.42835425198814, 59.91253009985975]]}, "properties": {"source": "28963393", "target": "28209639"}}, {"type": "Feature", "geometry": {"type": "LineString", "coordinates": [[102.41583872536165, 59.927286082770166], [102.42495054645173, 59.92567948661791]]}, "properties": {"source": "1541763", "target": "2907790"}}, {"type": "Feature", "geometry": {"type": "LineString", "coordinates": [[102.41583872536165, 59.927286082770166], [102.43900263728233, 59.93286835270116]]}, "properties": {"source": "1541763", "target": "1545771"}}, {"type": "Feature", "geometry": {"type": "LineString", "coordinates": [[102.41551754283608, 59.92409714598263], [102.43511474685937, 59.92905974548647]]}, "properties": {"source": "28635990", "target": "23342059"}}, {"type": "Feature", "geometry": {"type": "LineString", "coordinates": [[102.44459224318183, 59.923864448393985], [102.41359117299271, 59.93251647315415]]}, "properties": {"source": "26014440", "target": "25956835"}}, {"type": "Feature", "geometry": {"type": "LineString", "coordinates": [[102.44459224318183, 59.923864448393985], [102.42925324723586, 59.90884204211817]]}, "properties": {"source": "26014440", "target": "25815734"}}, {"type": "Feature", "geometry": {"type": "LineString", "coordinates": [[102.43511474685937, 59.92905974548647], [102.43392493029734, 59.92208943546656]]}, "properties": {"source": "23342059", "target": "25178503"}}, {"type": "Feature", "geometry": {"type": "LineString", "coordinates": [[102.43511474685937, 59.92905974548647], [102.45377016537674, 59.933250318527215]]}, "properties": {"source": "23342059", "target": "25135041"}}, {"type": "Feature", "geometry": {"type": "LineString", "coordinates": [[102.43511474685937, 59.92905974548647], [102.40409235513533, 59.914576972744655]]}, "properties": {"source": "23342059", "target": "25040008"}}, {"type": "Feature", "geometry": {"type": "LineString", "coordinates": [[102.43511474685937, 59.92905974548647], [102.46573540748483, 59.923981063287]]}, "properties": {"source": "23342059", "target": "25712913"}}, {"type": "Feature", "geometry": {"type": "LineString", "coordinates": [[102.43511474685937, 59.92905974548647], [102.42132677657446, 59.920005059779115]]}, "properties": {"source": "23342059", "target": "22907796"}}, {"type": "Feature", "geometry": {"type": "LineString", "coordinates": [[102.43511474685937, 59.92905974548647], [102.43744326369506, 59.90937995259884]]}, "properties": {"source": "23342059", "target": "23210467"}}, {"type": "Feature", "geometry": {"type": "LineString", "coordinates": [[102.43511474685937, 59.92905974548647], [102.40438422109747, 59.9120930166946]]}, "properties": {"source": "23342059", "target": "21306608"}}, {"type": "Feature", "geometry": {"type": "LineString", "coordinates": [[102.43511474685937, 59.92905974548647], [102.40402777585058, 59.933242312747524]]}, "properties": {"source": "23342059", "target": "22463706"}}, {"type": "Feature", "geometry": {"type": "LineString", "coordinates": [[102.43511474685937, 59.92905974548647], [102.44454919268878, 59.92595604665763]]}, "properties": {"source": "23342059", "target": "22517421"}}, {"type": "Feature", "geometry": {"type": "LineString", "coordinates": [[102.43511474685937, 59.92905974548647], [102.43808987572129, 59.91900996560291]]}, "properties": {"source": "23342059", "target": "20928787"}}, {"type": "Feature", "geometry": {"type": "LineString", "coordinates": [[102.43511474685937, 59.92905974548647], [102.42028443649315, 59.90936149299846]]}, "properties": {"source": "23342059", "target": "13616708"}}, {"type": "Feature", "geometry": {"type": "LineString", "coordinates": [[102.43511474685937, 59.92905974548647], [102.44924141591616, 59.919752386977024]]}, "properties": {"source": "23342059", "target": "22361480"}}, {"type": "Feature", "geometry": {"type": "LineString", "coordinates": [[102.43511474685937, 59.92905974548647], [102.44698214947078, 59.916168796995095]]}, "properties": {"source": "23342059", "target": "22596383"}}, {"type": "Feature", "geometry": {"type": "LineString", "coordinates": [[102.43511474685937, 59.92905974548647], [102.40832764693823, 59.91225290582018]]}, "properties": {"source": "23342059", "target": "21853325"}}, {"type": "Feature", "geometry": {"type": "LineString", "coordinates": [[102.46473786970023, 59.93017473839721], [102.44835267428806, 59.92338255457646]]}, "properties": {"source": "25619005", "target": "12171919"}}, {"type": "Feature", "geometry": {"type": "LineString", "coordinates": [[102.41789148567824, 59.916512249393804], [102.45507065092852, 59.915354160862066]]}, "properties": {"source": "28591452", "target": "26808473"}}, {"type": "Feature", "geometry": {"type": "LineString", "coordinates": [[102.41789148567824, 59.916512249393804], [102.40934937797311, 59.910400254096714]]}, "properties": {"source": "28591452", "target": "28419659"}}, {"type": "Feature", "geometry": {"type": "LineString", "coordinates": [[102.41789148567824, 59.916512249393804], [102.40158025864713, 59.92798023559935]]}, "properties": {"source": "28591452", "target": "29983621"}}, {"type": "Feature", "geometry": {"type": "LineString", "coordinates": [[102.41789148567824, 59.916512249393804], [102.46573540748483, 59.923981063287]]}, "properties": {"source": "28591452", "target": "25712913"}}, {"type": "Feature", "geometry": {"type": "LineString", "coordinates": [[102.41789148567824, 59.916512249393804], [102.45611160819863, 59.92819414821213]]}, "properties": {"source": "28591452", "target": "29343927"}}, {"type": "Feature", "geometry": {"type": "LineString", "coordinates": [[102.41789148567824, 59.916512249393804], [102.39694127204262, 59.928108977815086]]}, "properties": {"source": "28591452", "target": "28552305"}}, {"type": "Feature", "geometry": {"type": "LineString", "coordinates": [[102.41789148567824, 59.916512249393804], [102.43427875965693, 59.912410003773175]]}, "properties": {"source": "28591452", "target": "29417037"}}, {"type": "Feature", "geometry": {"type": "LineString", "coordinates": [[102.41789148567824, 59.916512249393804], [102.45702815273927, 59.923874143127804]]}, "properties": {"source": "28591452", "target": "25996362"}}, {"type": "Feature", "geometry": {"type": "LineString", "coordinates": [[102.41789148567824, 59.916512249393804], [102.4688792934686, 59.92431315238282]]}, "properties": {"source": "28591452", "target": "30325549"}}, {"type": "Feature", "geometry": {"type": "LineString", "coordinates": [[102.41789148567824, 59.916512249393804], [102.41067192779155, 59.9278699621608]]}, "properties": {"source": "28591452", "target": "27969314"}}, {"type": "Feature", "geometry": {"type": "LineString", "coordinates": [[102.41789148567824, 59.916512249393804], [102.42310604366895, 59.92294563581471]]}, "properties": {"source": "28591452", "target": "30362445"}}, {"type": "Feature", "geometry": {"type": "LineString", "coordinates": [[102.41789148567824, 59.916512249393804], [102.44558693404412, 59.92915328017341]]}, "properties": {"source": "28591452", "target": "30357181"}}, {"type": "Feature", "geometry": {"type": "LineString", "coordinates": [[102.41789148567824, 59.916512249393804], [102.469913257163, 59.91847410997775]]}, "properties": {"source": "28591452", "target": "27787060"}}, {"type": "Feature", "geometry": {"type": "LineString", "coordinates": [[102.41789148567824, 59.916512249393804], [102.45114924007657, 59.92732858745579]]}, "properties": {"source": "28591452", "target": "25809401"}}, {"type": "Feature", "geometry": {"type": "LineString", "coordinates": [[102.41789148567824, 59.916512249393804], [102.44913804094136, 59.9227328241148]]}, "properties": {"source": "28591452", "target": "30808440"}}, {"type": "Feature", "geometry": {"type": "LineString", "coordinates": [[102.46679319520246, 59.90941587496073], [102.4221759669116, 59.92728905783986]]}, "properties": {"source": "16137695", "target": "16637055"}}, {"type": "Feature", "geometry": {"type": "LineString", "coordinates": [[102.46679319520246, 59.90941587496073], [102.42977061192016, 59.92362254301803]]}, "properties": {"source": "16137695", "target": "16637062"}}, {"type": "Feature", "geometry": {"type": "LineString", "coordinates": [[102.46679319520246, 59.90941587496073], [102.43947653402734, 59.91896399719036]]}, "properties": {"source": "16137695", "target": "17254275"}}, {"type": "Feature", "geometry": {"type": "LineString", "coordinates": [[102.46679319520246, 59.90941587496073], [102.45790087946114, 59.913396741836564]]}, "properties": {"source": "16137695", "target": "14290957"}}, {"type": "Feature", "geometry": {"type": "LineString", "coordinates": [[102.41455088840524, 59.919322570122944], [102.43922376789072, 59.93289067491828]]}, "properties": {"source": "13280888", "target": "26250745"}}, {"type": "Feature", "geometry": {"type": "LineString", "coordinates": [[102.41455088840524, 59.919322570122944], [102.39876097951907, 59.918353730346354]]}, "properties": {"source": "13280888", "target": "30747423"}}, {"type": "Feature", "geometry": {"type": "LineString", "coordinates": [[102.41455088840524, 59.919322570122944], [102.45110583298214, 59.924801999285336]]}, "properties": {"source": "13280888", "target": "12347362"}}, {"type": "Feature", "geometry": {"type": "LineString", "coordinates": [[102.44153945341685, 59.925632372085616], [102.40762137013502, 59.91259861243185]]}, "properties": {"source": "9820929", "target": "8474790"}}, {"type": "Feature", "geometry": {"type": "LineString", "coordinates": [[102.42977061192016, 59.92362254301803], [102.4508678814961, 59.9102720739742]]}, "properties": {"source": "16637062", "target": "17240414"}}, {"type": "Feature", "geometry": {"type": "LineString", "coordinates": [[102.42977061192016, 59.92362254301803], [102.4221759669116, 59.92728905783986]]}, "properties": {"source": "16637062", "target": "16637055"}}, {"type": "Feature", "geometry": {"type": "LineString", "coordinates": [[102.42977061192016, 59.92362254301803], [102.45790087946114, 59.913396741836564]]}, "properties": {"source": "16637062", "target": "14290957"}}, {"type": "Feature", "geometry": {"type": "LineString", "coordinates": [[102.39804964777323, 59.92280292922294], [102.4198862892892, 59.92924862621469]]}, "properties": {"source": "20691197", "target": "23996852"}}, {"type": "Feature", "geometry": {"type": "LineString", "coordinates": [[102.39804964777323, 59.92280292922294], [102.40409235513533, 59.914576972744655]]}, "properties": {"source": "20691197", "target": "25040008"}}, {"type": "Feature", "geometry": {"type": "LineString", "coordinates": [[102.40651428530748, 59.91744887108281], [102.41396071648575, 59.91094520978318]]}, "properties": {"source": "16637054", "target": "12420936"}}, {"type": "Feature", "geometry": {"type": "LineString", "coordinates": [[102.45873876460348, 59.930969376754675], [102.42033534152449, 59.92927343845204]]}, "properties": {"source": "7724830", "target": "28424751"}}, {"type": "Feature", "geometry": {"type": "LineString", "coordinates": [[102.45873876460348, 59.930969376754675], [102.41310247153882, 59.91223709111695]]}, "properties": {"source": "7724830", "target": "7728119"}}, {"type": "Feature", "geometry": {"type": "LineString", "coordinates": [[102.44456771327896, 59.91151686749453], [102.45354137445815, 59.92808621796705]]}, "properties": {"source": "26191920", "target": "23904735"}}, {"type": "Feature", "geometry": {"type": "LineString", "coordinates": [[102.42028443649315, 59.90936149299846], [102.45506822008923, 59.92701094920406]]}, "properties": {"source": "13616708", "target": "13616714"}}, {"type": "Feature", "geometry": {"type": "LineString", "coordinates": [[102.42028443649315, 59.90936149299846], [102.46697746509454, 59.923231242577884]]}, "properties": {"source": "13616708", "target": "13616704"}}, {"type": "Feature", "geometry": {"type": "LineString", "coordinates": [[102.42028443649315, 59.90936149299846], [102.43093690815937, 59.92358970915399]]}, "properties": {"source": "13616708", "target": "14762446"}}, {"type": "Feature", "geometry": {"type": "LineString", "coordinates": [[102.42028443649315, 59.90936149299846], [102.46902068624462, 59.928401678121446]]}, "properties": {"source": "13616708", "target": "15724333"}}, {"type": "Feature", "geometry": {"type": "LineString", "coordinates": [[102.43201814376715, 59.915802761956755], [102.42310843017134, 59.9320912411051]]}, "properties": {"source": "23480212", "target": "23630452"}}, {"type": "Feature", "geometry": {"type": "LineString", "coordinates": [[102.43201814376715, 59.915802761956755], [102.46475998675311, 59.930309276919886]]}, "properties": {"source": "23480212", "target": "27731853"}}, {"type": "Feature", "geometry": {"type": "LineString", "coordinates": [[102.450205110274, 59.929289144016664], [102.43922376789072, 59.93289067491828]]}, "properties": {"source": "15871311", "target": "26250745"}}, {"type": "Feature", "geometry": {"type": "LineString", "coordinates": [[102.44875158519966, 59.92499763373846], [102.4122856056826, 59.924314637828516]]}, "properties": {"source": "17284308", "target": "28166778"}}, {"type": "Feature", "geometry": {"type": "LineString", "coordinates": [[102.44875158519966, 59.92499763373846], [102.42033534152449, 59.92927343845204]]}, "properties": {"source": "17284308", "target": "28424751"}}, {"type": "Feature", "geometry": {"type": "LineString", "coordinates": [[102.44875158519966, 59.92499763373846], [102.43922376789072, 59.93289067491828]]}, "properties": {"source": "17284308", "target": "26250745"}}, {"type": "Feature", "geometry": {"type": "LineString", "coordinates": [[102.44875158519966, 59.92499763373846], [102.4015969958142, 59.91821166004681]]}, "properties": {"source": "17284308", "target": "25583758"}}, {"type": "Feature", "geometry": {"type": "LineString", "coordinates": [[102.44875158519966, 59.92499763373846], [102.45035832375777, 59.92269266720484]]}, "properties": {"source": "17284308", "target": "6151135"}}, {"type": "Feature", "geometry": {"type": "LineString", "coordinates": [[102.44875158519966, 59.92499763373846], [102.46729048945474, 59.929299000672955]]}, "properties": {"source": "17284308", "target": "25215298"}}, {"type": "Feature", "geometry": {"type": "LineString", "coordinates": [[102.44875158519966, 59.92499763373846], [102.41310247153882, 59.91223709111695]]}, "properties": {"source": "17284308", "target": "7728119"}}, {"type": "Feature", "geometry": {"type": "LineString", "coordinates": [[102.44875158519966, 59.92499763373846], [102.47157645175503, 59.92569359453253]]}, "properties": {"source": "17284308", "target": "30360528"}}, {"type": "Feature", "geometry": {"type": "LineString", "coordinates": [[102.4268275966449, 59.911290102861514], [102.43236254622832, 59.920696686049496]]}, "properties": {"source": "374928", "target": "291755"}}, {"type": "Feature", "geometry": {"type": "LineString", "coordinates": [[102.40119980298124, 59.92956650540512], [102.40317895246363, 59.929756990361895]]}, "properties": {"source": "13133467", "target": "34035303"}}, {"type": "Feature", "geometry": {"type": "LineString", "coordinates": [[102.43150915483261, 59.932443323638836], [102.44093097918426, 59.92007642763684]]}, "properties": {"source": "14429615", "target": "14694284"}}, {"type": "Feature", "geometry": {"type": "LineString", "coordinates": [[102.46263100866776, 59.91157249949249], [102.46234769961097, 59.917369338556384]]}, "properties": {"source": "13073600", "target": "12423078"}}, {"type": "Feature", "geometry": {"type": "LineString", "coordinates": [[102.4160752860713, 59.90821538718674], [102.46593021910206, 59.920524366765775]]}, "properties": {"source": "1380140", "target": "1809344"}}, {"type": "Feature", "geometry": {"type": "LineString", "coordinates": [[102.45881141200073, 59.92127804423011], [102.43093690815937, 59.92358970915399]]}, "properties": {"source": "17355440", "target": "14762446"}}, {"type": "Feature", "geometry": {"type": "LineString", "coordinates": [[102.47109390005937, 59.92814589739112], [102.45231104008519, 59.913431978052245]]}, "properties": {"source": "27406534", "target": "25076499"}}, {"type": "Feature", "geometry": {"type": "LineString", "coordinates": [[102.42956453503814, 59.91692158318942], [102.43206615130924, 59.91768605500641]]}, "properties": {"source": "18753500", "target": "18069754"}}, {"type": "Feature", "geometry": {"type": "LineString", "coordinates": [[102.42986710353529, 59.932580486161896], [102.41127838869164, 59.91497668687728]]}, "properties": {"source": "1564605", "target": "1604510"}}, {"type": "Feature", "geometry": {"type": "LineString", "coordinates": [[102.41273681295229, 59.92506394027231], [102.45921553714078, 59.92075631122279]]}, "properties": {"source": "60323", "target": "6351382"}}, {"type": "Feature", "geometry": {"type": "LineString", "coordinates": [[102.42580920584726, 59.90837192693155], [102.46615850680791, 59.92793935206538]]}, "properties": {"source": "12470865", "target": "12718015"}}, {"type": "Feature", "geometry": {"type": "LineString", "coordinates": [[102.44005160235696, 59.92869527513693], [102.46234769961097, 59.917369338556384]]}, "properties": {"source": "3640842", "target": "12423078"}}, {"type": "Feature", "geometry": {"type": "LineString", "coordinates": [[102.44005160235696, 59.92869527513693], [102.46263100866776, 59.91157249949249]]}, "properties": {"source": "3640842", "target": "13073600"}}, {"type": "Feature", "geometry": {"type": "LineString", "coordinates": [[102.46583595838615, 59.923278908049255], [102.46574745518728, 59.92157385026036]]}, "properties": {"source": "17845745", "target": "20654061"}}, {"type": "Feature", "geometry": {"type": "LineString", "coordinates": [[102.46583595838615, 59.923278908049255], [102.43206615130924, 59.91768605500641]]}, "properties": {"source": "17845745", "target": "18069754"}}, {"type": "Feature", "geometry": {"type": "LineString", "coordinates": [[102.46583595838615, 59.923278908049255], [102.43878921399573, 59.91862067584388]]}, "properties": {"source": "17845745", "target": "17926774"}}, {"type": "Feature", "geometry": {"type": "LineString", "coordinates": [[102.46729048945474, 59.929299000672955], [102.43922376789072, 59.93289067491828]]}, "properties": {"source": "25215298", "target": "26250745"}}, {"type": "Feature", "geometry": {"type": "LineString", "coordinates": [[102.46729048945474, 59.929299000672955], [102.4015969958142, 59.91821166004681]]}, "properties": {"source": "25215298", "target": "25583758"}}, {"type": "Feature", "geometry": {"type": "LineString", "coordinates": [[102.46729048945474, 59.929299000672955], [102.47157645175503, 59.92569359453253]]}, "properties": {"source": "25215298", "target": "30360528"}}, {"type": "Feature", "geometry": {"type": "LineString", "coordinates": [[102.46729048945474, 59.929299000672955], [102.41044870100734, 59.91037669612824]]}, "properties": {"source": "25215298", "target": "25135051"}}, {"type": "Feature", "geometry": {"type": "LineString", "coordinates": [[102.46729048945474, 59.929299000672955], [102.4198862892892, 59.92924862621469]]}, "properties": {"source": "25215298", "target": "23996852"}}, {"type": "Feature", "geometry": {"type": "LineString", "coordinates": [[102.46729048945474, 59.929299000672955], [102.45377016537674, 59.933250318527215]]}, "properties": {"source": "25215298", "target": "25135041"}}, {"type": "Feature", "geometry": {"type": "LineString", "coordinates": [[102.46729048945474, 59.929299000672955], [102.45680691303272, 59.91954373985894]]}, "properties": {"source": "25215298", "target": "25619514"}}, {"type": "Feature", "geometry": {"type": "LineString", "coordinates": [[102.46729048945474, 59.929299000672955], [102.45672921795244, 59.9150036331164]]}, "properties": {"source": "25215298", "target": "27906458"}}, {"type": "Feature", "geometry": {"type": "LineString", "coordinates": [[102.46729048945474, 59.929299000672955], [102.44459224318183, 59.923864448393985]]}, "properties": {"source": "25215298", "target": "26014440"}}, {"type": "Feature", "geometry": {"type": "LineString", "coordinates": [[102.46729048945474, 59.929299000672955], [102.44857086768633, 59.915403603892216]]}, "properties": {"source": "25215298", "target": "24202563"}}, {"type": "Feature", "geometry": {"type": "LineString", "coordinates": [[102.46729048945474, 59.929299000672955], [102.45236853219643, 59.919067215531186]]}, "properties": {"source": "25215298", "target": "28822089"}}, {"type": "Feature", "geometry": {"type": "LineString", "coordinates": [[102.46729048945474, 59.929299000672955], [102.47054540090238, 59.919472099736254]]}, "properties": {"source": "25215298", "target": "16252506"}}, {"type": "Feature", "geometry": {"type": "LineString", "coordinates": [[102.46729048945474, 59.929299000672955], [102.42770501747168, 59.91687964510115]]}, "properties": {"source": "25215298", "target": "25005226"}}, {"type": "Feature", "geometry": {"type": "LineString", "coordinates": [[102.46729048945474, 59.929299000672955], [102.42101202703304, 59.91666923031187]]}, "properties": {"source": "25215298", "target": "26850506"}}, {"type": "Feature", "geometry": {"type": "LineString", "coordinates": [[102.46729048945474, 59.929299000672955], [102.46574745518728, 59.92157385026036]]}, "properties": {"source": "25215298", "target": "20654061"}}, {"type": "Feature", "geometry": {"type": "LineString", "coordinates": [[102.46729048945474, 59.929299000672955], [102.4508678814961, 59.9102720739742]]}, "properties": {"source": "25215298", "target": "17240414"}}, {"type": "Feature", "geometry": {"type": "LineString", "coordinates": [[102.42584626061256, 59.92353213657458], [102.42770501747168, 59.91687964510115]]}, "properties": {"source": "18136509", "target": "25005226"}}, {"type": "Feature", "geometry": {"type": "LineString", "coordinates": [[102.42584626061256, 59.92353213657458], [102.46574745518728, 59.92157385026036]]}, "properties": {"source": "18136509", "target": "20654061"}}, {"type": "Feature", "geometry": {"type": "LineString", "coordinates": [[102.42584626061256, 59.92353213657458], [102.41528908814206, 59.930256586875444]]}, "properties": {"source": "18136509", "target": "24059084"}}, {"type": "Feature", "geometry": {"type": "LineString", "coordinates": [[102.42584626061256, 59.92353213657458], [102.4107584166199, 59.921752026961485]]}, "properties": {"source": "18136509", "target": "25121115"}}, {"type": "Feature", "geometry": {"type": "LineString", "coordinates": [[102.42584626061256, 59.92353213657458], [102.42436072463244, 59.913164057912226]]}, "properties": {"source": "18136509", "target": "23293536"}}, {"type": "Feature", "geometry": {"type": "LineString", "coordinates": [[102.42584626061256, 59.92353213657458], [102.45130639129837, 59.910487385699426]]}, "properties": {"source": "18136509", "target": "18053542"}}, {"type": "Feature", "geometry": {"type": "LineString", "coordinates": [[102.42584626061256, 59.92353213657458], [102.43286848305473, 59.93120189876231]]}, "properties": {"source": "18136509", "target": "18349868"}}, {"type": "Feature", "geometry": {"type": "LineString", "coordinates": [[102.45144729215224, 59.92160438840777], [102.45817195845336, 59.93288236273739]]}, "properties": {"source": "18375520", "target": "22603197"}}, {"type": "Feature", "geometry": {"type": "LineString", "coordinates": [[102.45144729215224, 59.92160438840777], [102.43878921399573, 59.91862067584388]]}, "properties": {"source": "18375520", "target": "17926774"}}, {"type": "Feature", "geometry": {"type": "LineString", "coordinates": [[102.45144729215224, 59.92160438840777], [102.40438422109747, 59.9120930166946]]}, "properties": {"source": "18375520", "target": "21306608"}}, {"type": "Feature", "geometry": {"type": "LineString", "coordinates": [[102.45144729215224, 59.92160438840777], [102.40402777585058, 59.933242312747524]]}, "properties": {"source": "18375520", "target": "22463706"}}, {"type": "Feature", "geometry": {"type": "LineString", "coordinates": [[102.45144729215224, 59.92160438840777], [102.42332846378446, 59.92545954329171]]}, "properties": {"source": "18375520", "target": "18141113"}}, {"type": "Feature", "geometry": {"type": "LineString", "coordinates": [[102.45144729215224, 59.92160438840777], [102.43808987572129, 59.91900996560291]]}, "properties": {"source": "18375520", "target": "20928787"}}, {"type": "Feature", "geometry": {"type": "LineString", "coordinates": [[102.45144729215224, 59.92160438840777], [102.47181872713844, 59.917752964982654]]}, "properties": {"source": "18375520", "target": "22396350"}}, {"type": "Feature", "geometry": {"type": "LineString", "coordinates": [[102.45144729215224, 59.92160438840777], [102.46046083900808, 59.92740287532048]]}, "properties": {"source": "18375520", "target": "17794166"}}, {"type": "Feature", "geometry": {"type": "LineString", "coordinates": [[102.44955471497735, 59.931792630325006], [102.42033534152449, 59.92927343845204]]}, "properties": {"source": "16121192", "target": "28424751"}}, {"type": "Feature", "geometry": {"type": "LineString", "coordinates": [[102.40544153122772, 59.92129429129618], [102.45095523842645, 59.91613949048548]]}, "properties": {"source": "25980158", "target": "23343012"}}, {"type": "Feature", "geometry": {"type": "LineString", "coordinates": [[102.40544153122772, 59.92129429129618], [102.4130086576086, 59.9288427988203]]}, "properties": {"source": "25980158", "target": "25620002"}}, {"type": "Feature", "geometry": {"type": "LineString", "coordinates": [[102.40544153122772, 59.92129429129618], [102.42200002625441, 59.923755413142445]]}, "properties": {"source": "25980158", "target": "23447946"}}, {"type": "Feature", "geometry": {"type": "LineString", "coordinates": [[102.4130086576086, 59.9288427988203], [102.42033534152449, 59.92927343845204]]}, "properties": {"source": "25620002", "target": "28424751"}}, {"type": "Feature", "geometry": {"type": "LineString", "coordinates": [[102.4130086576086, 59.9288427988203], [102.43922376789072, 59.93289067491828]]}, "properties": {"source": "25620002", "target": "26250745"}}, {"type": "Feature", "geometry": {"type": "LineString", "coordinates": [[102.4130086576086, 59.9288427988203], [102.4198862892892, 59.92924862621469]]}, "properties": {"source": "25620002", "target": "23996852"}}, {"type": "Feature", "geometry": {"type": "LineString", "coordinates": [[102.4130086576086, 59.9288427988203], [102.43487062709835, 59.93142973857586]]}, "properties": {"source": "25620002", "target": "25805770"}}, {"type": "Feature", "geometry": {"type": "LineString", "coordinates": [[102.4130086576086, 59.9288427988203], [102.45680691303272, 59.91954373985894]]}, "properties": {"source": "25620002", "target": "25619514"}}, {"type": "Feature", "geometry": {"type": "LineString", "coordinates": [[102.4130086576086, 59.9288427988203], [102.4000238402258, 59.917777136493086]]}, "properties": {"source": "25620002", "target": "26250778"}}, {"type": "Feature", "geometry": {"type": "LineString", "coordinates": [[102.4130086576086, 59.9288427988203], [102.45808916974215, 59.928481202140176]]}, "properties": {"source": "25620002", "target": "25619406"}}, {"type": "Feature", "geometry": {"type": "LineString", "coordinates": [[102.4130086576086, 59.9288427988203], [102.44231531033131, 59.91941120530937]]}, "properties": {"source": "25620002", "target": "25619459"}}, {"type": "Feature", "geometry": {"type": "LineString", "coordinates": [[102.4130086576086, 59.9288427988203], [102.45130639129837, 59.910487385699426]]}, "properties": {"source": "25620002", "target": "18053542"}}, {"type": "Feature", "geometry": {"type": "LineString", "coordinates": [[102.4130086576086, 59.9288427988203], [102.40381133992867, 59.91642146532482]]}, "properties": {"source": "25620002", "target": "25262647"}}, {"type": "Feature", "geometry": {"type": "LineString", "coordinates": [[102.4130086576086, 59.9288427988203], [102.44551392316009, 59.920333801263865]]}, "properties": {"source": "25620002", "target": "13130287"}}, {"type": "Feature", "geometry": {"type": "LineString", "coordinates": [[102.46917951406647, 59.90876516684763], [102.4343764669257, 59.90969895299935]]}, "properties": {"source": "25906369", "target": "30820064"}}, {"type": "Feature", "geometry": {"type": "LineString", "coordinates": [[102.46917951406647, 59.90876516684763], [102.4697982788158, 59.92147032240477]]}, "properties": {"source": "25906369", "target": "28107590"}}, {"type": "Feature", "geometry": {"type": "LineString", "coordinates": [[102.39925819316454, 59.92803108143541], [102.43015059564857, 59.924908386969136]]}, "properties": {"source": "198428", "target": "18512834"}}, {"type": "Feature", "geometry": {"type": "LineString", "coordinates": [[102.39925819316454, 59.92803108143541], [102.45144342778605, 59.914931607168796]]}, "properties": {"source": "198428", "target": "1961401"}}, {"type": "Feature", "geometry": {"type": "LineString", "coordinates": [[102.44616024408793, 59.914986181087585], [102.4382548485491, 59.933024696583615]]}, "properties": {"source": "19395450", "target": "22702248"}}, {"type": "Feature", "geometry": {"type": "LineString", "coordinates": [[102.44616024408793, 59.914986181087585], [102.42635962319639, 59.91912623256192]]}, "properties": {"source": "19395450", "target": "20434644"}}, {"type": "Feature", "geometry": {"type": "LineString", "coordinates": [[102.45659894274127, 59.9236203213121], [102.40367031746558, 59.9319408225541]]}, "properties": {"source": "18050327", "target": "18148449"}}, {"type": "Feature", "geometry": {"type": "LineString", "coordinates": [[102.44711974410222, 59.921796925920205], [102.42415935573769, 59.9259120708838]]}, "properties": {"source": "765523", "target": "11441504"}}, {"type": "Feature", "geometry": {"type": "LineString", "coordinates": [[102.41986818293037, 59.90977035311751], [102.4469988720769, 59.90820051246811]]}, "properties": {"source": "2154098", "target": "22255407"}}, {"type": "Feature", "geometry": {"type": "LineString", "coordinates": [[102.430830385761, 59.92660706574061], [102.46033670012315, 59.92815441785292]]}, "properties": {"source": "11517592", "target": "16146464"}}, {"type": "Feature", "geometry": {"type": "LineString", "coordinates": [[102.430830385761, 59.92660706574061], [102.44093097918426, 59.92007642763684]]}, "properties": {"source": "11517592", "target": "14694284"}}, {"type": "Feature", "geometry": {"type": "LineString", "coordinates": [[102.39864387891458, 59.92089523801192], [102.41723456065648, 59.91579672288705]]}, "properties": {"source": "20758638", "target": "28603123"}}, {"type": "Feature", "geometry": {"type": "LineString", "coordinates": [[102.42175019640473, 59.92692842219867], [102.41855459879349, 59.91626487850155]]}, "properties": {"source": "18684783", "target": "21348745"}}, {"type": "Feature", "geometry": {"type": "LineString", "coordinates": [[102.42175019640473, 59.92692842219867], [102.41003825050541, 59.92871036925176]]}, "properties": {"source": "18684783", "target": "1871815"}}, {"type": "Feature", "geometry": {"type": "LineString", "coordinates": [[102.4268275966449, 59.911290102861514], [102.45065421539965, 59.92495386715113]]}, "properties": {"source": "374928", "target": "3437203"}}, {"type": "Feature", "geometry": {"type": "LineString", "coordinates": [[102.46050946452215, 59.9304023005873], [102.43015059564857, 59.924908386969136]]}, "properties": {"source": "1703502", "target": "18512834"}}, {"type": "Feature", "geometry": {"type": "LineString", "coordinates": [[102.46050946452215, 59.9304023005873], [102.45144342778605, 59.914931607168796]]}, "properties": {"source": "1703502", "target": "1961401"}}, {"type": "Feature", "geometry": {"type": "LineString", "coordinates": [[102.45058558269909, 59.90825648166195], [102.40408909020795, 59.92549850059409]]}, "properties": {"source": "34386995", "target": "31963638"}}, {"type": "Feature", "geometry": {"type": "LineString", "coordinates": [[102.4122856056826, 59.924314637828516], [102.4000238402258, 59.917777136493086]]}, "properties": {"source": "28166778", "target": "26250778"}}, {"type": "Feature", "geometry": {"type": "LineString", "coordinates": [[102.4122856056826, 59.924314637828516], [102.4343764669257, 59.90969895299935]]}, "properties": {"source": "28166778", "target": "30820064"}}, {"type": "Feature", "geometry": {"type": "LineString", "coordinates": [[102.4122856056826, 59.924314637828516], [102.40149377479719, 59.93293266458711]]}, "properties": {"source": "28166778", "target": "4518866"}}, {"type": "Feature", "geometry": {"type": "LineString", "coordinates": [[102.4122856056826, 59.924314637828516], [102.42770501747168, 59.91687964510115]]}, "properties": {"source": "28166778", "target": "25005226"}}, {"type": "Feature", "geometry": {"type": "LineString", "coordinates": [[102.4122856056826, 59.924314637828516], [102.42101202703304, 59.91666923031187]]}, "properties": {"source": "28166778", "target": "26850506"}}, {"type": "Feature", "geometry": {"type": "LineString", "coordinates": [[102.4122856056826, 59.924314637828516], [102.4508678814961, 59.9102720739742]]}, "properties": {"source": "28166778", "target": "17240414"}}, {"type": "Feature", "geometry": {"type": "LineString", "coordinates": [[102.4122856056826, 59.924314637828516], [102.45873876460348, 59.930969376754675]]}, "properties": {"source": "28166778", "target": "7724830"}}, {"type": "Feature", "geometry": {"type": "LineString", "coordinates": [[102.4122856056826, 59.924314637828516], [102.4107584166199, 59.921752026961485]]}, "properties": {"source": "28166778", "target": "25121115"}}, {"type": "Feature", "geometry": {"type": "LineString", "coordinates": [[102.4122856056826, 59.924314637828516], [102.41455088840524, 59.919322570122944]]}, "properties": {"source": "28166778", "target": "13280888"}}, {"type": "Feature", "geometry": {"type": "LineString", "coordinates": [[102.4122856056826, 59.924314637828516], [102.42031930928556, 59.91701243428288]]}, "properties": {"source": "28166778", "target": "31136216"}}, {"type": "Feature", "geometry": {"type": "LineString", "coordinates": [[102.4122856056826, 59.924314637828516], [102.45808916974215, 59.928481202140176]]}, "properties": {"source": "28166778", "target": "25619406"}}, {"type": "Feature", "geometry": {"type": "LineString", "coordinates": [[102.4122856056826, 59.924314637828516], [102.41738882528819, 59.92407926829705]]}, "properties": {"source": "28166778", "target": "13244476"}}, {"type": "Feature", "geometry": {"type": "LineString", "coordinates": [[102.4122856056826, 59.924314637828516], [102.4130086576086, 59.9288427988203]]}, "properties": {"source": "28166778", "target": "25620002"}}, {"type": "Feature", "geometry": {"type": "LineString", "coordinates": [[102.4122856056826, 59.924314637828516], [102.43859091917795, 59.931389798287526]]}, "properties": {"source": "28166778", "target": "25806474"}}, {"type": "Feature", "geometry": {"type": "LineString", "coordinates": [[102.4122856056826, 59.924314637828516], [102.42992111469681, 59.93191701349083]]}, "properties": {"source": "28166778", "target": "26250720"}}, {"type": "Feature", "geometry": {"type": "LineString", "coordinates": [[102.4122856056826, 59.924314637828516], [102.44231531033131, 59.91941120530937]]}, "properties": {"source": "28166778", "target": "25619459"}}, {"type": "Feature", "geometry": {"type": "LineString", "coordinates": [[102.42443341431851, 59.9147610251879], [102.442847143314, 59.91204121945819]]}, "properties": {"source": "5478385", "target": "10255230"}}, {"type": "Feature", "geometry": {"type": "LineString", "coordinates": [[102.40783049949914, 59.91877424499809], [102.42033534152449, 59.92927343845204]]}, "properties": {"source": "25134794", "target": "28424751"}}, {"type": "Feature", "geometry": {"type": "LineString", "coordinates": [[102.40783049949914, 59.91877424499809], [102.45377016537674, 59.933250318527215]]}, "properties": {"source": "25134794", "target": "25135041"}}, {"type": "Feature", "geometry": {"type": "LineString", "coordinates": [[102.40783049949914, 59.91877424499809], [102.44857086768633, 59.915403603892216]]}, "properties": {"source": "25134794", "target": "24202563"}}, {"type": "Feature", "geometry": {"type": "LineString", "coordinates": [[102.40783049949914, 59.91877424499809], [102.442847143314, 59.91204121945819]]}, "properties": {"source": "25134794", "target": "10255230"}}, {"type": "Feature", "geometry": {"type": "LineString", "coordinates": [[102.40783049949914, 59.91877424499809], [102.47126096899325, 59.926524558253874]]}, "properties": {"source": "25134794", "target": "24142972"}}, {"type": "Feature", "geometry": {"type": "LineString", "coordinates": [[102.40438422109747, 59.9120930166946], [102.44857086768633, 59.915403603892216]]}, "properties": {"source": "21306608", "target": "24202563"}}, {"type": "Feature", "geometry": {"type": "LineString", "coordinates": [[102.40438422109747, 59.9120930166946], [102.42132677657446, 59.920005059779115]]}, "properties": {"source": "21306608", "target": "22907796"}}, {"type": "Feature", "geometry": {"type": "LineString", "coordinates": [[102.40438422109747, 59.9120930166946], [102.43744326369506, 59.90937995259884]]}, "properties": {"source": "21306608", "target": "23210467"}}, {"type": "Feature", "geometry": {"type": "LineString", "coordinates": [[102.40438422109747, 59.9120930166946], [102.42332846378446, 59.92545954329171]]}, "properties": {"source": "21306608", "target": "18141113"}}, {"type": "Feature", "geometry": {"type": "LineString", "coordinates": [[102.40438422109747, 59.9120930166946], [102.43808987572129, 59.91900996560291]]}, "properties": {"source": "21306608", "target": "20928787"}}, {"type": "Feature", "geometry": {"type": "LineString", "coordinates": [[102.40438422109747, 59.9120930166946], [102.47126096899325, 59.926524558253874]]}, "properties": {"source": "21306608", "target": "24142972"}}, {"type": "Feature", "geometry": {"type": "LineString", "coordinates": [[102.46554577657889, 59.91172223058487], [102.40158025864713, 59.92798023559935]]}, "properties": {"source": "35524662", "target": "29983621"}}, {"type": "Feature", "geometry": {"type": "LineString", "coordinates": [[102.46554577657889, 59.91172223058487], [102.46475998675311, 59.930309276919886]]}, "properties": {"source": "35524662", "target": "27731853"}}, {"type": "Feature", "geometry": {"type": "LineString", "coordinates": [[102.46554577657889, 59.91172223058487], [102.41678992021099, 59.9137470830745]]}, "properties": {"source": "35524662", "target": "27732137"}}, {"type": "Feature", "geometry": {"type": "LineString", "coordinates": [[102.46554577657889, 59.91172223058487], [102.40408909020795, 59.92549850059409]]}, "properties": {"source": "35524662", "target": "31963638"}}, {"type": "Feature", "geometry": {"type": "LineString", "coordinates": [[102.4164258049143, 59.9268502403898], [102.44456771327896, 59.91151686749453]]}, "properties": {"source": "25507544", "target": "26191920"}}, {"type": "Feature", "geometry": {"type": "LineString", "coordinates": [[102.4164258049143, 59.9268502403898], [102.41432858418204, 59.91284855256721]]}, "properties": {"source": "25507544", "target": "23675252"}}, {"type": "Feature", "geometry": {"type": "LineString", "coordinates": [[102.4164258049143, 59.9268502403898], [102.4590928273862, 59.91732764114127]]}, "properties": {"source": "25507544", "target": "26628034"}}, {"type": "Feature", "geometry": {"type": "LineString", "coordinates": [[102.4164258049143, 59.9268502403898], [102.44318970830926, 59.92104144866413]]}, "properties": {"source": "25507544", "target": "29355903"}}, {"type": "Feature", "geometry": {"type": "LineString", "coordinates": [[102.46175317395932, 59.91201479031399], [102.4221759669116, 59.92728905783986]]}, "properties": {"source": "15705314", "target": "16637055"}}, {"type": "Feature", "geometry": {"type": "LineString", "coordinates": [[102.46175317395932, 59.91201479031399], [102.46679319520246, 59.90941587496073]]}, "properties": {"source": "15705314", "target": "16137695"}}, {"type": "Feature", "geometry": {"type": "LineString", "coordinates": [[102.46175317395932, 59.91201479031399], [102.42977061192016, 59.92362254301803]]}, "properties": {"source": "15705314", "target": "16637062"}}, {"type": "Feature", "geometry": {"type": "LineString", "coordinates": [[102.46175317395932, 59.91201479031399], [102.43947653402734, 59.91896399719036]]}, "properties": {"source": "15705314", "target": "17254275"}}, {"type": "Feature", "geometry": {"type": "LineString", "coordinates": [[102.41862518215453, 59.9170332545157], [102.4469988720769, 59.90820051246811]]}, "properties": {"source": "18265836", "target": "22255407"}}, {"type": "Feature", "geometry": {"type": "LineString", "coordinates": [[102.41862518215453, 59.9170332545157], [102.41109062347198, 59.92985334552752]]}, "properties": {"source": "18265836", "target": "20911913"}}, {"type": "Feature", "geometry": {"type": "LineString", "coordinates": [[102.41862518215453, 59.9170332545157], [102.46514759320354, 59.911255418632365]]}, "properties": {"source": "18265836", "target": "21452685"}}, {"type": "Feature", "geometry": {"type": "LineString", "coordinates": [[102.42443784105825, 59.913057385873884], [102.45391719948458, 59.914316100501836]]}, "properties": {"source": "2799212", "target": "25789592"}}, {"type": "Feature", "geometry": {"type": "LineString", "coordinates": [[102.42443784105825, 59.913057385873884], [102.43236254622832, 59.920696686049496]]}, "properties": {"source": "2799212", "target": "291755"}}, {"type": "Feature", "geometry": {"type": "LineString", "coordinates": [[102.44793568333768, 59.91574362099696], [102.42033534152449, 59.92927343845204]]}, "properties": {"source": "16097516", "target": "28424751"}}, {"type": "Feature", "geometry": {"type": "LineString", "coordinates": [[102.44793568333768, 59.91574362099696], [102.41310247153882, 59.91223709111695]]}, "properties": {"source": "16097516", "target": "7728119"}}, {"type": "Feature", "geometry": {"type": "LineString", "coordinates": [[102.44793568333768, 59.91574362099696], [102.47054540090238, 59.919472099736254]]}, "properties": {"source": "16097516", "target": "16252506"}}, {"type": "Feature", "geometry": {"type": "LineString", "coordinates": [[102.45035832375777, 59.92269266720484], [102.44153945341685, 59.925632372085616]]}, "properties": {"source": "6151135", "target": "9820929"}}, {"type": "Feature", "geometry": {"type": "LineString", "coordinates": [[102.45035832375777, 59.92269266720484], [102.41738882528819, 59.92407926829705]]}, "properties": {"source": "6151135", "target": "13244476"}}, {"type": "Feature", "geometry": {"type": "LineString", "coordinates": [[102.45035832375777, 59.92269266720484], [102.45679913088742, 59.92470297074421]]}, "properties": {"source": "6151135", "target": "28419686"}}, {"type": "Feature", "geometry": {"type": "LineString", "coordinates": [[102.45035832375777, 59.92269266720484], [102.46545840642631, 59.9250386380955]]}, "properties": {"source": "6151135", "target": "9899500"}}, {"type": "Feature", "geometry": {"type": "LineString", "coordinates": [[102.45035832375777, 59.92269266720484], [102.43937799765678, 59.91502830195266]]}, "properties": {"source": "6151135", "target": "16117117"}}, {"type": "Feature", "geometry": {"type": "LineString", "coordinates": [[102.45035832375777, 59.92269266720484], [102.42443341431851, 59.9147610251879]]}, "properties": {"source": "6151135", "target": "5478385"}}, {"type": "Feature", "geometry": {"type": "LineString", "coordinates": [[102.45035832375777, 59.92269266720484], [102.44955471497735, 59.931792630325006]]}, "properties": {"source": "6151135", "target": "16121192"}}, {"type": "Feature", "geometry": {"type": "LineString", "coordinates": [[102.45035832375777, 59.92269266720484], [102.40073043599142, 59.925190778172805]]}, "properties": {"source": "6151135", "target": "16126203"}}, {"type": "Feature", "geometry": {"type": "LineString", "coordinates": [[102.45035832375777, 59.92269266720484], [102.46367992981743, 59.91651446566853]]}, "properties": {"source": "6151135", "target": "9844910"}}, {"type": "Feature", "geometry": {"type": "LineString", "coordinates": [[102.45035832375777, 59.92269266720484], [102.44586972050689, 59.90893488445279]]}, "properties": {"source": "6151135", "target": "16117849"}}, {"type": "Feature", "geometry": {"type": "LineString", "coordinates": [[102.45035832375777, 59.92269266720484], [102.450205110274, 59.929289144016664]]}, "properties": {"source": "6151135", "target": "15871311"}}, {"type": "Feature", "geometry": {"type": "LineString", "coordinates": [[102.45035832375777, 59.92269266720484], [102.42759293994499, 59.909761729258605]]}, "properties": {"source": "6151135", "target": "16034494"}}, {"type": "Feature", "geometry": {"type": "LineString", "coordinates": [[102.45035832375777, 59.92269266720484], [102.44793568333768, 59.91574362099696]]}, "properties": {"source": "6151135", "target": "16097516"}}, {"type": "Feature", "geometry": {"type": "LineString", "coordinates": [[102.45035832375777, 59.92269266720484], [102.46850000618417, 59.92483453495484]]}, "properties": {"source": "6151135", "target": "16110828"}}, {"type": "Feature", "geometry": {"type": "LineString", "coordinates": [[102.45035832375777, 59.92269266720484], [102.45110583298214, 59.924801999285336]]}, "properties": {"source": "6151135", "target": "12347362"}}, {"type": "Feature", "geometry": {"type": "LineString", "coordinates": [[102.46729048945474, 59.929299000672955], [102.42033534152449, 59.92927343845204]]}, "properties": {"source": "25215298", "target": "28424751"}}, {"type": "Feature", "geometry": {"type": "LineString", "coordinates": [[102.44287655112362, 59.91790241398152], [102.45525772292723, 59.93011138507444]]}, "properties": {"source": "393418", "target": "484997"}}, {"type": "Feature", "geometry": {"type": "LineString", "coordinates": [[102.44287655112362, 59.91790241398152], [102.45651050146074, 59.91305006014015]]}, "properties": {"source": "393418", "target": "535430"}}, {"type": "Feature", "geometry": {"type": "LineString", "coordinates": [[102.44287655112362, 59.91790241398152], [102.44674143358623, 59.916024450930834]]}, "properties": {"source": "393418", "target": "539077"}}, {"type": "Feature", "geometry": {"type": "LineString", "coordinates": [[102.44287655112362, 59.91790241398152], [102.40248179364193, 59.928193772508536]]}, "properties": {"source": "393418", "target": "581559"}}, {"type": "Feature", "geometry": {"type": "LineString", "coordinates": [[102.44287655112362, 59.91790241398152], [102.42276362118378, 59.93045832504784]]}, "properties": {"source": "393418", "target": "550052"}}, {"type": "Feature", "geometry": {"type": "LineString", "coordinates": [[102.44287655112362, 59.91790241398152], [102.40928355461108, 59.92191742610332]]}, "properties": {"source": "393418", "target": "41955"}}, {"type": "Feature", "geometry": {"type": "LineString", "coordinates": [[102.47106336170083, 59.932059608309785], [102.42033534152449, 59.92927343845204]]}, "properties": {"source": "13073800", "target": "28424751"}}, {"type": "Feature", "geometry": {"type": "LineString", "coordinates": [[102.47106336170083, 59.932059608309785], [102.43922376789072, 59.93289067491828]]}, "properties": {"source": "13073800", "target": "26250745"}}, {"type": "Feature", "geometry": {"type": "LineString", "coordinates": [[102.47106336170083, 59.932059608309785], [102.4015969958142, 59.91821166004681]]}, "properties": {"source": "13073800", "target": "25583758"}}, {"type": "Feature", "geometry": {"type": "LineString", "coordinates": [[102.47106336170083, 59.932059608309785], [102.45035832375777, 59.92269266720484]]}, "properties": {"source": "13073800", "target": "6151135"}}, {"type": "Feature", "geometry": {"type": "LineString", "coordinates": [[102.47106336170083, 59.932059608309785], [102.41310247153882, 59.91223709111695]]}, "properties": {"source": "13073800", "target": "7728119"}}, {"type": "Feature", "geometry": {"type": "LineString", "coordinates": [[102.47106336170083, 59.932059608309785], [102.47054540090238, 59.919472099736254]]}, "properties": {"source": "13073800", "target": "16252506"}}, {"type": "Feature", "geometry": {"type": "LineString", "coordinates": [[102.47106336170083, 59.932059608309785], [102.41455088840524, 59.919322570122944]]}, "properties": {"source": "13073800", "target": "13280888"}}, {"type": "Feature", "geometry": {"type": "LineString", "coordinates": [[102.47106336170083, 59.932059608309785], [102.41738882528819, 59.92407926829705]]}, "properties": {"source": "13073800", "target": "13244476"}}, {"type": "Feature", "geometry": {"type": "LineString", "coordinates": [[102.40210395500219, 59.930342705997546], [102.4221759669116, 59.92728905783986]]}, "properties": {"source": "1181411", "target": "16637055"}}, {"type": "Feature", "geometry": {"type": "LineString", "coordinates": [[102.40210395500219, 59.930342705997546], [102.4160263702309, 59.9279162431648]]}, "properties": {"source": "1181411", "target": "17064499"}}, {"type": "Feature", "geometry": {"type": "LineString", "coordinates": [[102.40734213396098, 59.93070554766848], [102.4198862892892, 59.92924862621469]]}, "properties": {"source": "21894831", "target": "23996852"}}, {"type": "Feature", "geometry": {"type": "LineString", "coordinates": [[102.40734213396098, 59.93070554766848], [102.45652408388673, 59.92306164601435]]}, "properties": {"source": "21894831", "target": "1714988"}}, {"type": "Feature", "geometry": {"type": "LineString", "coordinates": [[102.46545840642631, 59.9250386380955], [102.44153945341685, 59.925632372085616]]}, "properties": {"source": "9899500", "target": "9820929"}}, {"type": "Feature", "geometry": {"type": "LineString", "coordinates": [[102.46545840642631, 59.9250386380955], [102.41447892603031, 59.91478758295611]]}, "properties": {"source": "9899500", "target": "9921367"}}, {"type": "Feature", "geometry": {"type": "LineString", "coordinates": [[102.46545840642631, 59.9250386380955], [102.46367992981743, 59.91651446566853]]}, "properties": {"source": "9899500", "target": "9844910"}}, {"type": "Feature", "geometry": {"type": "LineString", "coordinates": [[102.46545840642631, 59.9250386380955], [102.40670289241422, 59.92014965666152]]}, "properties": {"source": "9899500", "target": "9934477"}}, {"type": "Feature", "geometry": {"type": "LineString", "coordinates": [[102.46545840642631, 59.9250386380955], [102.40701540369895, 59.92390137915392]]}, "properties": {"source": "9899500", "target": "9820802"}}, {"type": "Feature", "geometry": {"type": "LineString", "coordinates": [[102.43947653402734, 59.91896399719036], [102.4221759669116, 59.92728905783986]]}, "properties": {"source": "17254275", "target": "16637055"}}, {"type": "Feature", "geometry": {"type": "LineString", "coordinates": [[102.43947653402734, 59.91896399719036], [102.42977061192016, 59.92362254301803]]}, "properties": {"source": "17254275", "target": "16637062"}}, {"type": "Feature", "geometry": {"type": "LineString", "coordinates": [[102.43947653402734, 59.91896399719036], [102.45790087946114, 59.913396741836564]]}, "properties": {"source": "17254275", "target": "14290957"}}, {"type": "Feature", "geometry": {"type": "LineString", "coordinates": [[102.40094903355418, 59.91235723677623], [102.43922376789072, 59.93289067491828]]}, "properties": {"source": "25965323", "target": "26250745"}}, {"type": "Feature", "geometry": {"type": "LineString", "coordinates": [[102.40094903355418, 59.91235723677623], [102.4000238402258, 59.917777136493086]]}, "properties": {"source": "25965323", "target": "26250778"}}, {"type": "Feature", "geometry": {"type": "LineString", "coordinates": [[102.40094903355418, 59.91235723677623], [102.45702815273927, 59.923874143127804]]}, "properties": {"source": "25965323", "target": "25996362"}}, {"type": "Feature", "geometry": {"type": "LineString", "coordinates": [[102.40878501403256, 59.924116588877084], [102.4198862892892, 59.92924862621469]]}, "properties": {"source": "17927941", "target": "23996852"}}, {"type": "Feature", "geometry": {"type": "LineString", "coordinates": [[102.40878501403256, 59.924116588877084], [102.46574745518728, 59.92157385026036]]}, "properties": {"source": "17927941", "target": "20654061"}}, {"type": "Feature", "geometry": {"type": "LineString", "coordinates": [[102.40878501403256, 59.924116588877084], [102.41528908814206, 59.930256586875444]]}, "properties": {"source": "17927941", "target": "24059084"}}, {"type": "Feature", "geometry": {"type": "LineString", "coordinates": [[102.43675763525135, 59.93264731327568], [102.4000238402258, 59.917777136493086]]}, "properties": {"source": "25432160", "target": "26250778"}}, {"type": "Feature", "geometry": {"type": "LineString", "coordinates": [[102.43675763525135, 59.93264731327568], [102.46574745518728, 59.92157385026036]]}, "properties": {"source": "25432160", "target": "20654061"}}, {"type": "Feature", "geometry": {"type": "LineString", "coordinates": [[102.43675763525135, 59.93264731327568], [102.42992111469681, 59.93191701349083]]}, "properties": {"source": "25432160", "target": "26250720"}}, {"type": "Feature", "geometry": {"type": "LineString", "coordinates": [[102.43675763525135, 59.93264731327568], [102.46850000618417, 59.92483453495484]]}, "properties": {"source": "25432160", "target": "16110828"}}, {"type": "Feature", "geometry": {"type": "LineString", "coordinates": [[102.39907316163976, 59.923366503586735], [102.40934937797311, 59.910400254096714]]}, "properties": {"source": "25396618", "target": "28419659"}}, {"type": "Feature", "geometry": {"type": "LineString", "coordinates": [[102.39907316163976, 59.923366503586735], [102.40158025864713, 59.92798023559935]]}, "properties": {"source": "25396618", "target": "29983621"}}, {"type": "Feature", "geometry": {"type": "LineString", "coordinates": [[102.39907316163976, 59.923366503586735], [102.46573540748483, 59.923981063287]]}, "properties": {"source": "25396618", "target": "25712913"}}, {"type": "Feature", "geometry": {"type": "LineString", "coordinates": [[102.39907316163976, 59.923366503586735], [102.46475998675311, 59.930309276919886]]}, "properties": {"source": "25396618", "target": "27731853"}}, {"type": "Feature", "geometry": {"type": "LineString", "coordinates": [[102.39907316163976, 59.923366503586735], [102.41678992021099, 59.9137470830745]]}, "properties": {"source": "25396618", "target": "27732137"}}, {"type": "Feature", "geometry": {"type": "LineString", "coordinates": [[102.39907316163976, 59.923366503586735], [102.4008425991604, 59.93240648120971]]}, "properties": {"source": "25396618", "target": "31199185"}}, {"type": "Feature", "geometry": {"type": "LineString", "coordinates": [[102.39907316163976, 59.923366503586735], [102.42116531431748, 59.92322868588302]]}, "properties": {"source": "25396618", "target": "24520060"}}, {"type": "Feature", "geometry": {"type": "LineString", "coordinates": [[102.40073043599142, 59.925190778172805], [102.42033534152449, 59.92927343845204]]}, "properties": {"source": "16126203", "target": "28424751"}}, {"type": "Feature", "geometry": {"type": "LineString", "coordinates": [[102.40073043599142, 59.925190778172805], [102.43922376789072, 59.93289067491828]]}, "properties": {"source": "16126203", "target": "26250745"}}, {"type": "Feature", "geometry": {"type": "LineString", "coordinates": [[102.40073043599142, 59.925190778172805], [102.4015969958142, 59.91821166004681]]}, "properties": {"source": "16126203", "target": "25583758"}}, {"type": "Feature", "geometry": {"type": "LineString", "coordinates": [[102.40073043599142, 59.925190778172805], [102.41310247153882, 59.91223709111695]]}, "properties": {"source": "16126203", "target": "7728119"}}, {"type": "Feature", "geometry": {"type": "LineString", "coordinates": [[102.40073043599142, 59.925190778172805], [102.47054540090238, 59.919472099736254]]}, "properties": {"source": "16126203", "target": "16252506"}}, {"type": "Feature", "geometry": {"type": "LineString", "coordinates": [[102.44913804094136, 59.9227328241148], [102.39694127204262, 59.928108977815086]]}, "properties": {"source": "30808440", "target": "28552305"}}, {"type": "Feature", "geometry": {"type": "LineString", "coordinates": [[102.44913804094136, 59.9227328241148], [102.41067192779155, 59.9278699621608]]}, "properties": {"source": "30808440", "target": "27969314"}}, {"type": "Feature", "geometry": {"type": "LineString", "coordinates": [[102.44913804094136, 59.9227328241148], [102.42310604366895, 59.92294563581471]]}, "properties": {"source": "30808440", "target": "30362445"}}, {"type": "Feature", "geometry": {"type": "LineString", "coordinates": [[102.44913804094136, 59.9227328241148], [102.44558693404412, 59.92915328017341]]}, "properties": {"source": "30808440", "target": "30357181"}}, {"type": "Feature", "geometry": {"type": "LineString", "coordinates": [[102.44913804094136, 59.9227328241148], [102.469913257163, 59.91847410997775]]}, "properties": {"source": "30808440", "target": "27787060"}}, {"type": "Feature", "geometry": {"type": "LineString", "coordinates": [[102.44913804094136, 59.9227328241148], [102.44276023014311, 59.92876068651452]]}, "properties": {"source": "30808440", "target": "34736796"}}, {"type": "Feature", "geometry": {"type": "LineString", "coordinates": [[102.44913804094136, 59.9227328241148], [102.41723456065648, 59.91579672288705]]}, "properties": {"source": "30808440", "target": "28603123"}}, {"type": "Feature", "geometry": {"type": "LineString", "coordinates": [[102.44913804094136, 59.9227328241148], [102.41625564487481, 59.909030807978084]]}, "properties": {"source": "30808440", "target": "28668486"}}, {"type": "Feature", "geometry": {"type": "LineString", "coordinates": [[102.44913804094136, 59.9227328241148], [102.44423863743503, 59.91535330688825]]}, "properties": {"source": "30808440", "target": "28113400"}}, {"type": "Feature", "geometry": {"type": "LineString", "coordinates": [[102.4008425991604, 59.93240648120971], [102.40158025864713, 59.92798023559935]]}, "properties": {"source": "31199185", "target": "29983621"}}, {"type": "Feature", "geometry": {"type": "LineString", "coordinates": [[102.4008425991604, 59.93240648120971], [102.46475998675311, 59.930309276919886]]}, "properties": {"source": "31199185", "target": "27731853"}}, {"type": "Feature", "geometry": {"type": "LineString", "coordinates": [[102.4008425991604, 59.93240648120971], [102.40203588533478, 59.919959936843824]]}, "properties": {"source": "31199185", "target": "29856290"}}, {"type": "Feature", "geometry": {"type": "LineString", "coordinates": [[102.4008425991604, 59.93240648120971], [102.41678992021099, 59.9137470830745]]}, "properties": {"source": "31199185", "target": "27732137"}}, {"type": "Feature", "geometry": {"type": "LineString", "coordinates": [[102.41678992021099, 59.9137470830745], [102.43201814376715, 59.915802761956755]]}, "properties": {"source": "27732137", "target": "23480212"}}, {"type": "Feature", "geometry": {"type": "LineString", "coordinates": [[102.41678992021099, 59.9137470830745], [102.4183754548119, 59.93178828622838]]}, "properties": {"source": "27732137", "target": "26870323"}}, {"type": "Feature", "geometry": {"type": "LineString", "coordinates": [[102.4469988720769, 59.90820051246811], [102.42310843017134, 59.9320912411051]]}, "properties": {"source": "22255407", "target": "23630452"}}, {"type": "Feature", "geometry": {"type": "LineString", "coordinates": [[102.46917951406647, 59.90876516684763], [102.44456771327896, 59.91151686749453]]}, "properties": {"source": "25906369", "target": "26191920"}}, {"type": "Feature", "geometry": {"type": "LineString", "coordinates": [[102.46917951406647, 59.90876516684763], [102.42028443649315, 59.90936149299846]]}, "properties": {"source": "25906369", "target": "13616708"}}, {"type": "Feature", "geometry": {"type": "LineString", "coordinates": [[102.46917951406647, 59.90876516684763], [102.4164258049143, 59.9268502403898]]}, "properties": {"source": "25906369", "target": "25507544"}}, {"type": "Feature", "geometry": {"type": "LineString", "coordinates": [[102.46917951406647, 59.90876516684763], [102.41432858418204, 59.91284855256721]]}, "properties": {"source": "25906369", "target": "23675252"}}, {"type": "Feature", "geometry": {"type": "LineString", "coordinates": [[102.46917951406647, 59.90876516684763], [102.4590928273862, 59.91732764114127]]}, "properties": {"source": "25906369", "target": "26628034"}}, {"type": "Feature", "geometry": {"type": "LineString", "coordinates": [[102.46917951406647, 59.90876516684763], [102.44318970830926, 59.92104144866413]]}, "properties": {"source": "25906369", "target": "29355903"}}, {"type": "Feature", "geometry": {"type": "LineString", "coordinates": [[102.46917951406647, 59.90876516684763], [102.40832209812817, 59.9316033464265]]}, "properties": {"source": "25906369", "target": "13007551"}}, {"type": "Feature", "geometry": {"type": "LineString", "coordinates": [[102.46917951406647, 59.90876516684763], [102.45354137445815, 59.92808621796705]]}, "properties": {"source": "25906369", "target": "23904735"}}, {"type": "Feature", "geometry": {"type": "LineString", "coordinates": [[102.46917951406647, 59.90876516684763], [102.42621657532868, 59.920071983906084]]}, "properties": {"source": "25906369", "target": "12515780"}}, {"type": "Feature", "geometry": {"type": "LineString", "coordinates": [[102.43859091917795, 59.931389798287526], [102.42033534152449, 59.92927343845204]]}, "properties": {"source": "25806474", "target": "28424751"}}, {"type": "Feature", "geometry": {"type": "LineString", "coordinates": [[102.43859091917795, 59.931389798287526], [102.43922376789072, 59.93289067491828]]}, "properties": {"source": "25806474", "target": "26250745"}}, {"type": "Feature", "geometry": {"type": "LineString", "coordinates": [[102.43859091917795, 59.931389798287526], [102.47157645175503, 59.92569359453253]]}, "properties": {"source": "25806474", "target": "30360528"}}, {"type": "Feature", "geometry": {"type": "LineString", "coordinates": [[102.43859091917795, 59.931389798287526], [102.39876097951907, 59.918353730346354]]}, "properties": {"source": "25806474", "target": "30747423"}}, {"type": "Feature", "geometry": {"type": "LineString", "coordinates": [[102.43859091917795, 59.931389798287526], [102.45604823847981, 59.917689638735766]]}, "properties": {"source": "25806474", "target": "32288147"}}, {"type": "Feature", "geometry": {"type": "LineString", "coordinates": [[102.43859091917795, 59.931389798287526], [102.45672921795244, 59.9150036331164]]}, "properties": {"source": "25806474", "target": "27906458"}}, {"type": "Feature", "geometry": {"type": "LineString", "coordinates": [[102.43859091917795, 59.931389798287526], [102.44459224318183, 59.923864448393985]]}, "properties": {"source": "25806474", "target": "26014440"}}, {"type": "Feature", "geometry": {"type": "LineString", "coordinates": [[102.42059337148561, 59.92123842260732], [102.41678992021099, 59.9137470830745]]}, "properties": {"source": "24834646", "target": "27732137"}}, {"type": "Feature", "geometry": {"type": "LineString", "coordinates": [[102.42059337148561, 59.92123842260732], [102.4469988720769, 59.90820051246811]]}, "properties": {"source": "24834646", "target": "22255407"}}, {"type": "Feature", "geometry": {"type": "LineString", "coordinates": [[102.42059337148561, 59.92123842260732], [102.39907642682476, 59.91202953095822]]}, "properties": {"source": "24834646", "target": "23001808"}}, {"type": "Feature", "geometry": {"type": "LineString", "coordinates": [[102.42059337148561, 59.92123842260732], [102.43744326369506, 59.90937995259884]]}, "properties": {"source": "24834646", "target": "23210467"}}, {"type": "Feature", "geometry": {"type": "LineString", "coordinates": [[102.42059337148561, 59.92123842260732], [102.41109062347198, 59.92985334552752]]}, "properties": {"source": "24834646", "target": "20911913"}}, {"type": "Feature", "geometry": {"type": "LineString", "coordinates": [[102.42059337148561, 59.92123842260732], [102.45817195845336, 59.93288236273739]]}, "properties": {"source": "24834646", "target": "22603197"}}, {"type": "Feature", "geometry": {"type": "LineString", "coordinates": [[102.42059337148561, 59.92123842260732], [102.43757491539776, 59.923281199452305]]}, "properties": {"source": "24834646", "target": "22015258"}}, {"type": "Feature", "geometry": {"type": "LineString", "coordinates": [[102.42059337148561, 59.92123842260732], [102.40402777585058, 59.933242312747524]]}, "properties": {"source": "24834646", "target": "22463706"}}, {"type": "Feature", "geometry": {"type": "LineString", "coordinates": [[102.42059337148561, 59.92123842260732], [102.46560133448378, 59.93102031932504]]}, "properties": {"source": "24834646", "target": "22588083"}}, {"type": "Feature", "geometry": {"type": "LineString", "coordinates": [[102.42059337148561, 59.92123842260732], [102.42878592032594, 59.93023707170481]]}, "properties": {"source": "24834646", "target": "23348155"}}, {"type": "Feature", "geometry": {"type": "LineString", "coordinates": [[102.42059337148561, 59.92123842260732], [102.43201814376715, 59.915802761956755]]}, "properties": {"source": "24834646", "target": "23480212"}}, {"type": "Feature", "geometry": {"type": "LineString", "coordinates": [[102.42059337148561, 59.92123842260732], [102.47181872713844, 59.917752964982654]]}, "properties": {"source": "24834646", "target": "22396350"}}, {"type": "Feature", "geometry": {"type": "LineString", "coordinates": [[102.42059337148561, 59.92123842260732], [102.40832764693823, 59.91225290582018]]}, "properties": {"source": "24834646", "target": "21853325"}}, {"type": "Feature", "geometry": {"type": "LineString", "coordinates": [[102.43392493029734, 59.92208943546656], [102.43922376789072, 59.93289067491828]]}, "properties": {"source": "25178503", "target": "26250745"}}, {"type": "Feature", "geometry": {"type": "LineString", "coordinates": [[102.43392493029734, 59.92208943546656], [102.43487062709835, 59.93142973857586]]}, "properties": {"source": "25178503", "target": "25805770"}}, {"type": "Feature", "geometry": {"type": "LineString", "coordinates": [[102.43392493029734, 59.92208943546656], [102.40409235513533, 59.914576972744655]]}, "properties": {"source": "25178503", "target": "25040008"}}, {"type": "Feature", "geometry": {"type": "LineString", "coordinates": [[102.45525772292723, 59.93011138507444], [102.40248179364193, 59.928193772508536]]}, "properties": {"source": "484997", "target": "581559"}}, {"type": "Feature", "geometry": {"type": "LineString", "coordinates": [[102.45525772292723, 59.93011138507444], [102.41495925160922, 59.92918285116309]]}, "properties": {"source": "484997", "target": "4825980"}}, {"type": "Feature", "geometry": {"type": "LineString", "coordinates": [[102.45525772292723, 59.93011138507444], [102.40928355461108, 59.92191742610332]]}, "properties": {"source": "484997", "target": "41955"}}, {"type": "Feature", "geometry": {"type": "LineString", "coordinates": [[102.4183754548119, 59.93178828622838], [102.46475998675311, 59.930309276919886]]}, "properties": {"source": "26870323", "target": "27731853"}}, {"type": "Feature", "geometry": {"type": "LineString", "coordinates": [[102.4183754548119, 59.93178828622838], [102.40408909020795, 59.92549850059409]]}, "properties": {"source": "26870323", "target": "31963638"}}, {"type": "Feature", "geometry": {"type": "LineString", "coordinates": [[102.43286848305473, 59.93120189876231], [102.40518627696684, 59.91094815106686]]}, "properties": {"source": "18349868", "target": "1040636"}}, {"type": "Feature", "geometry": {"type": "LineString", "coordinates": [[102.47126096899325, 59.926524558253874], [102.45377016537674, 59.933250318527215]]}, "properties": {"source": "24142972", "target": "25135041"}}, {"type": "Feature", "geometry": {"type": "LineString", "coordinates": [[102.4555814045898, 59.914988501006064], [102.46473786970023, 59.93017473839721]]}, "properties": {"source": "11823833", "target": "25619005"}}, {"type": "Feature", "geometry": {"type": "LineString", "coordinates": [[102.4555814045898, 59.914988501006064], [102.40367031746558, 59.9319408225541]]}, "properties": {"source": "11823833", "target": "18148449"}}, {"type": "Feature", "geometry": {"type": "LineString", "coordinates": [[102.4555814045898, 59.914988501006064], [102.45391719948458, 59.914316100501836]]}, "properties": {"source": "11823833", "target": "25789592"}}, {"type": "Feature", "geometry": {"type": "LineString", "coordinates": [[102.4555814045898, 59.914988501006064], [102.40189842878664, 59.91336462733378]]}, "properties": {"source": "11823833", "target": "30179810"}}, {"type": "Feature", "geometry": {"type": "LineString", "coordinates": [[102.4555814045898, 59.914988501006064], [102.42443784105825, 59.913057385873884]]}, "properties": {"source": "11823833", "target": "2799212"}}, {"type": "Feature", "geometry": {"type": "LineString", "coordinates": [[102.4555814045898, 59.914988501006064], [102.45554008186411, 59.931174064370936]]}, "properties": {"source": "11823833", "target": "2715649"}}, {"type": "Feature", "geometry": {"type": "LineString", "coordinates": [[102.44321220623902, 59.9263647248208], [102.45065421539965, 59.92495386715113]]}, "properties": {"source": "381682", "target": "3437203"}}, {"type": "Feature", "geometry": {"type": "LineString", "coordinates": [[102.44321220623902, 59.9263647248208], [102.43236254622832, 59.920696686049496]]}, "properties": {"source": "381682", "target": "291755"}}, {"type": "Feature", "geometry": {"type": "LineString", "coordinates": [[102.45092904457914, 59.9258401678059], [102.40367031746558, 59.9319408225541]]}, "properties": {"source": "11718481", "target": "18148449"}}, {"type": "Feature", "geometry": {"type": "LineString", "coordinates": [[102.41310247153882, 59.91223709111695], [102.44586972050689, 59.90893488445279]]}, "properties": {"source": "7728119", "target": "16117849"}}, {"type": "Feature", "geometry": {"type": "LineString", "coordinates": [[102.41310247153882, 59.91223709111695], [102.450205110274, 59.929289144016664]]}, "properties": {"source": "7728119", "target": "15871311"}}, {"type": "Feature", "geometry": {"type": "LineString", "coordinates": [[102.41310247153882, 59.91223709111695], [102.40701540369895, 59.92390137915392]]}, "properties": {"source": "7728119", "target": "9820802"}}, {"type": "Feature", "geometry": {"type": "LineString", "coordinates": [[102.41310247153882, 59.91223709111695], [102.46850000618417, 59.92483453495484]]}, "properties": {"source": "7728119", "target": "16110828"}}, {"type": "Feature", "geometry": {"type": "LineString", "coordinates": [[102.41310247153882, 59.91223709111695], [102.45110583298214, 59.924801999285336]]}, "properties": {"source": "7728119", "target": "12347362"}}, {"type": "Feature", "geometry": {"type": "LineString", "coordinates": [[102.47157645175503, 59.92569359453253], [102.43922376789072, 59.93289067491828]]}, "properties": {"source": "30360528", "target": "26250745"}}, {"type": "Feature", "geometry": {"type": "LineString", "coordinates": [[102.47157645175503, 59.92569359453253], [102.39876097951907, 59.918353730346354]]}, "properties": {"source": "30360528", "target": "30747423"}}, {"type": "Feature", "geometry": {"type": "LineString", "coordinates": [[102.47157645175503, 59.92569359453253], [102.45604823847981, 59.917689638735766]]}, "properties": {"source": "30360528", "target": "32288147"}}, {"type": "Feature", "geometry": {"type": "LineString", "coordinates": [[102.47157645175503, 59.92569359453253], [102.47054540090238, 59.919472099736254]]}, "properties": {"source": "30360528", "target": "16252506"}}, {"type": "Feature", "geometry": {"type": "LineString", "coordinates": [[102.47157645175503, 59.92569359453253], [102.4000238402258, 59.917777136493086]]}, "properties": {"source": "30360528", "target": "26250778"}}, {"type": "Feature", "geometry": {"type": "LineString", "coordinates": [[102.47157645175503, 59.92569359453253], [102.4508678814961, 59.9102720739742]]}, "properties": {"source": "30360528", "target": "17240414"}}, {"type": "Feature", "geometry": {"type": "LineString", "coordinates": [[102.47157645175503, 59.92569359453253], [102.41455088840524, 59.919322570122944]]}, "properties": {"source": "30360528", "target": "13280888"}}, {"type": "Feature", "geometry": {"type": "LineString", "coordinates": [[102.47157645175503, 59.92569359453253], [102.45679913088742, 59.92470297074421]]}, "properties": {"source": "30360528", "target": "28419686"}}, {"type": "Feature", "geometry": {"type": "LineString", "coordinates": [[102.47157645175503, 59.92569359453253], [102.46263894581506, 59.91109483287934]]}, "properties": {"source": "30360528", "target": "25847540"}}, {"type": "Feature", "geometry": {"type": "LineString", "coordinates": [[102.47157645175503, 59.92569359453253], [102.44586972050689, 59.90893488445279]]}, "properties": {"source": "30360528", "target": "16117849"}}, {"type": "Feature", "geometry": {"type": "LineString", "coordinates": [[102.47157645175503, 59.92569359453253], [102.450205110274, 59.929289144016664]]}, "properties": {"source": "30360528", "target": "15871311"}}, {"type": "Feature", "geometry": {"type": "LineString", "coordinates": [[102.41153668251104, 59.919132630734936], [102.40128392130521, 59.91887744953853]]}, "properties": {"source": "26207901", "target": "25684799"}}, {"type": "Feature", "geometry": {"type": "LineString", "coordinates": [[102.41153668251104, 59.919132630734936], [102.4008425991604, 59.93240648120971]]}, "properties": {"source": "26207901", "target": "31199185"}}, {"type": "Feature", "geometry": {"type": "LineString", "coordinates": [[102.41153668251104, 59.919132630734936], [102.40408909020795, 59.92549850059409]]}, "properties": {"source": "26207901", "target": "31963638"}}, {"type": "Feature", "geometry": {"type": "LineString", "coordinates": [[102.41153668251104, 59.919132630734936], [102.45042587201124, 59.91811740520227]]}, "properties": {"source": "26207901", "target": "29069005"}}, {"type": "Feature", "geometry": {"type": "LineString", "coordinates": [[102.41153668251104, 59.919132630734936], [102.40372743047777, 59.9283899373828]]}, "properties": {"source": "26207901", "target": "29341303"}}, {"type": "Feature", "geometry": {"type": "LineString", "coordinates": [[102.41153668251104, 59.919132630734936], [102.40402777585058, 59.933242312747524]]}, "properties": {"source": "26207901", "target": "22463706"}}, {"type": "Feature", "geometry": {"type": "LineString", "coordinates": [[102.41153668251104, 59.919132630734936], [102.39907316163976, 59.923366503586735]]}, "properties": {"source": "26207901", "target": "25396618"}}, {"type": "Feature", "geometry": {"type": "LineString", "coordinates": [[102.41153668251104, 59.919132630734936], [102.43201814376715, 59.915802761956755]]}, "properties": {"source": "26207901", "target": "23480212"}}, {"type": "Feature", "geometry": {"type": "LineString", "coordinates": [[102.41153668251104, 59.919132630734936], [102.45231104008519, 59.913431978052245]]}, "properties": {"source": "26207901", "target": "25076499"}}, {"type": "Feature", "geometry": {"type": "LineString", "coordinates": [[102.40874151185955, 59.92785790292896], [102.42310843017134, 59.9320912411051]]}, "properties": {"source": "23460615", "target": "23630452"}}, {"type": "Feature", "geometry": {"type": "LineString", "coordinates": [[102.40874151185955, 59.92785790292896], [102.42132677657446, 59.920005059779115]]}, "properties": {"source": "23460615", "target": "22907796"}}, {"type": "Feature", "geometry": {"type": "LineString", "coordinates": [[102.40874151185955, 59.92785790292896], [102.46475998675311, 59.930309276919886]]}, "properties": {"source": "23460615", "target": "27731853"}}, {"type": "Feature", "geometry": {"type": "LineString", "coordinates": [[102.40874151185955, 59.92785790292896], [102.41678992021099, 59.9137470830745]]}, "properties": {"source": "23460615", "target": "27732137"}}, {"type": "Feature", "geometry": {"type": "LineString", "coordinates": [[102.40874151185955, 59.92785790292896], [102.4469988720769, 59.90820051246811]]}, "properties": {"source": "23460615", "target": "22255407"}}, {"type": "Feature", "geometry": {"type": "LineString", "coordinates": [[102.40874151185955, 59.92785790292896], [102.40128392130521, 59.91887744953853]]}, "properties": {"source": "23460615", "target": "25684799"}}, {"type": "Feature", "geometry": {"type": "LineString", "coordinates": [[102.40874151185955, 59.92785790292896], [102.44393543816221, 59.927069716687924]]}, "properties": {"source": "23460615", "target": "23443878"}}, {"type": "Feature", "geometry": {"type": "LineString", "coordinates": [[102.44393543816221, 59.927069716687924], [102.41109062347198, 59.92985334552752]]}, "properties": {"source": "23443878", "target": "20911913"}}, {"type": "Feature", "geometry": {"type": "LineString", "coordinates": [[102.44393543816221, 59.927069716687924], [102.46514759320354, 59.911255418632365]]}, "properties": {"source": "23443878", "target": "21452685"}}, {"type": "Feature", "geometry": {"type": "LineString", "coordinates": [[102.44393543816221, 59.927069716687924], [102.40402777585058, 59.933242312747524]]}, "properties": {"source": "23443878", "target": "22463706"}}, {"type": "Feature", "geometry": {"type": "LineString", "coordinates": [[102.44393543816221, 59.927069716687924], [102.45742558058919, 59.92566345528874]]}, "properties": {"source": "23443878", "target": "12913946"}}, {"type": "Feature", "geometry": {"type": "LineString", "coordinates": [[102.46475998675311, 59.930309276919886], [102.42310843017134, 59.9320912411051]]}, "properties": {"source": "27731853", "target": "23630452"}}, {"type": "Feature", "geometry": {"type": "LineString", "coordinates": [[102.40203588533478, 59.919959936843824], [102.40158025864713, 59.92798023559935]]}, "properties": {"source": "29856290", "target": "29983621"}}, {"type": "Feature", "geometry": {"type": "LineString", "coordinates": [[102.40203588533478, 59.919959936843824], [102.42310843017134, 59.9320912411051]]}, "properties": {"source": "29856290", "target": "23630452"}}, {"type": "Feature", "geometry": {"type": "LineString", "coordinates": [[102.40203588533478, 59.919959936843824], [102.46475998675311, 59.930309276919886]]}, "properties": {"source": "29856290", "target": "27731853"}}, {"type": "Feature", "geometry": {"type": "LineString", "coordinates": [[102.40203588533478, 59.919959936843824], [102.41678992021099, 59.9137470830745]]}, "properties": {"source": "29856290", "target": "27732137"}}, {"type": "Feature", "geometry": {"type": "LineString", "coordinates": [[102.40203588533478, 59.919959936843824], [102.40128392130521, 59.91887744953853]]}, "properties": {"source": "29856290", "target": "25684799"}}, {"type": "Feature", "geometry": {"type": "LineString", "coordinates": [[102.40203588533478, 59.919959936843824], [102.40408909020795, 59.92549850059409]]}, "properties": {"source": "29856290", "target": "31963638"}}, {"type": "Feature", "geometry": {"type": "LineString", "coordinates": [[102.40203588533478, 59.919959936843824], [102.45042587201124, 59.91811740520227]]}, "properties": {"source": "29856290", "target": "29069005"}}, {"type": "Feature", "geometry": {"type": "LineString", "coordinates": [[102.40203588533478, 59.919959936843824], [102.40372743047777, 59.9283899373828]]}, "properties": {"source": "29856290", "target": "29341303"}}, {"type": "Feature", "geometry": {"type": "LineString", "coordinates": [[102.40203588533478, 59.919959936843824], [102.46554577657889, 59.91172223058487]]}, "properties": {"source": "29856290", "target": "35524662"}}, {"type": "Feature", "geometry": {"type": "LineString", "coordinates": [[102.40203588533478, 59.919959936843824], [102.4183754548119, 59.93178828622838]]}, "properties": {"source": "29856290", "target": "26870323"}}, {"type": "Feature", "geometry": {"type": "LineString", "coordinates": [[102.44393543816221, 59.927069716687924], [102.41862518215453, 59.9170332545157]]}, "properties": {"source": "23443878", "target": "18265836"}}, {"type": "Feature", "geometry": {"type": "LineString", "coordinates": [[102.44793568333768, 59.91574362099696], [102.46850000618417, 59.92483453495484]]}, "properties": {"source": "16097516", "target": "16110828"}}, {"type": "Feature", "geometry": {"type": "LineString", "coordinates": [[102.42925324723586, 59.90884204211817], [102.42033534152449, 59.92927343845204]]}, "properties": {"source": "25815734", "target": "28424751"}}, {"type": "Feature", "geometry": {"type": "LineString", "coordinates": [[102.42925324723586, 59.90884204211817], [102.43922376789072, 59.93289067491828]]}, "properties": {"source": "25815734", "target": "26250745"}}, {"type": "Feature", "geometry": {"type": "LineString", "coordinates": [[102.42925324723586, 59.90884204211817], [102.47157645175503, 59.92569359453253]]}, "properties": {"source": "25815734", "target": "30360528"}}, {"type": "Feature", "geometry": {"type": "LineString", "coordinates": [[102.42925324723586, 59.90884204211817], [102.39876097951907, 59.918353730346354]]}, "properties": {"source": "25815734", "target": "30747423"}}, {"type": "Feature", "geometry": {"type": "LineString", "coordinates": [[102.42925324723586, 59.90884204211817], [102.45604823847981, 59.917689638735766]]}, "properties": {"source": "25815734", "target": "32288147"}}, {"type": "Feature", "geometry": {"type": "LineString", "coordinates": [[102.42925324723586, 59.90884204211817], [102.43479759419318, 59.92599461865085]]}, "properties": {"source": "25815734", "target": "23565684"}}, {"type": "Feature", "geometry": {"type": "LineString", "coordinates": [[102.42423596296044, 59.92397484351328], [102.40734213396098, 59.93070554766848]]}, "properties": {"source": "17189105", "target": "21894831"}}, {"type": "Feature", "geometry": {"type": "LineString", "coordinates": [[102.42423596296044, 59.92397484351328], [102.45652408388673, 59.92306164601435]]}, "properties": {"source": "17189105", "target": "1714988"}}, {"type": "Feature", "geometry": {"type": "LineString", "coordinates": [[102.42423596296044, 59.92397484351328], [102.45378044383142, 59.9149617924633]]}, "properties": {"source": "17189105", "target": "1642263"}}, {"type": "Feature", "geometry": {"type": "LineString", "coordinates": [[102.42446650885603, 59.9249214521906], [102.43922376789072, 59.93289067491828]]}, "properties": {"source": "25231392", "target": "26250745"}}, {"type": "Feature", "geometry": {"type": "LineString", "coordinates": [[102.42446650885603, 59.9249214521906], [102.45679913088742, 59.92470297074421]]}, "properties": {"source": "25231392", "target": "28419686"}}, {"type": "Feature", "geometry": {"type": "LineString", "coordinates": [[102.40701540369895, 59.92390137915392], [102.44153945341685, 59.925632372085616]]}, "properties": {"source": "9820802", "target": "9820929"}}, {"type": "Feature", "geometry": {"type": "LineString", "coordinates": [[102.41432858418204, 59.91284855256721], [102.44456771327896, 59.91151686749453]]}, "properties": {"source": "23675252", "target": "26191920"}}, {"type": "Feature", "geometry": {"type": "LineString", "coordinates": [[102.41432858418204, 59.91284855256721], [102.4590928273862, 59.91732764114127]]}, "properties": {"source": "23675252", "target": "26628034"}}, {"type": "Feature", "geometry": {"type": "LineString", "coordinates": [[102.41432858418204, 59.91284855256721], [102.45354137445815, 59.92808621796705]]}, "properties": {"source": "23675252", "target": "23904735"}}, {"type": "Feature", "geometry": {"type": "LineString", "coordinates": [[102.41127838869164, 59.91497668687728], [102.46593021910206, 59.920524366765775]]}, "properties": {"source": "1604510", "target": "1809344"}}, {"type": "Feature", "geometry": {"type": "LineString", "coordinates": [[102.41127838869164, 59.91497668687728], [102.4160752860713, 59.90821538718674]]}, "properties": {"source": "1604510", "target": "1380140"}}, {"type": "Feature", "geometry": {"type": "LineString", "coordinates": [[102.44110874033476, 59.92571447324461], [102.44579931405178, 59.92140169662444]]}, "properties": {"source": "23568658", "target": "21029865"}}, {"type": "Feature", "geometry": {"type": "LineString", "coordinates": [[102.44137837958135, 59.927713157891816], [102.42028443649315, 59.90936149299846]]}, "properties": {"source": "16039754", "target": "13616708"}}, {"type": "Feature", "geometry": {"type": "LineString", "coordinates": [[102.44137837958135, 59.927713157891816], [102.42621657532868, 59.920071983906084]]}, "properties": {"source": "16039754", "target": "12515780"}}, {"type": "Feature", "geometry": {"type": "LineString", "coordinates": [[102.40628233451429, 59.9126385801366], [102.41067192779155, 59.9278699621608]]}, "properties": {"source": "25614093", "target": "27969314"}}, {"type": "Feature", "geometry": {"type": "LineString", "coordinates": [[102.45144342778605, 59.914931607168796], [102.43015059564857, 59.924908386969136]]}, "properties": {"source": "1961401", "target": "18512834"}}, {"type": "Feature", "geometry": {"type": "LineString", "coordinates": [[102.45683030279247, 59.91503380995778], [102.46914384022466, 59.927576336583]]}, "properties": {"source": "35783201", "target": "31554087"}}, {"type": "Feature", "geometry": {"type": "LineString", "coordinates": [[102.45683030279247, 59.91503380995778], [102.40317895246363, 59.929756990361895]]}, "properties": {"source": "35783201", "target": "34035303"}}, {"type": "Feature", "geometry": {"type": "LineString", "coordinates": [[102.42823501918633, 59.90921387328976], [102.42415935573769, 59.9259120708838]]}, "properties": {"source": "16719034", "target": "11441504"}}, {"type": "Feature", "geometry": {"type": "LineString", "coordinates": [[102.42823501918633, 59.90921387328976], [102.42198761067192, 59.9273061273678]]}, "properties": {"source": "16719034", "target": "20643802"}}, {"type": "Feature", "geometry": {"type": "LineString", "coordinates": [[102.42255294446494, 59.91443030689169], [102.44857086768633, 59.915403603892216]]}, "properties": {"source": "15870770", "target": "24202563"}}, {"type": "Feature", "geometry": {"type": "LineString", "coordinates": [[102.42255294446494, 59.91443030689169], [102.44698214947078, 59.916168796995095]]}, "properties": {"source": "15870770", "target": "22596383"}}, {"type": "Feature", "geometry": {"type": "LineString", "coordinates": [[102.43335868501805, 59.913355505406], [102.45144729215224, 59.92160438840777]]}, "properties": {"source": "12390773", "target": "18375520"}}, {"type": "Feature", "geometry": {"type": "LineString", "coordinates": [[102.40368744048925, 59.919140518799196], [102.40203588533478, 59.919959936843824]]}, "properties": {"source": "3325024", "target": "29856290"}}, {"type": "Feature", "geometry": {"type": "LineString", "coordinates": [[102.40368744048925, 59.919140518799196], [102.46487889149796, 59.9290082763177]]}, "properties": {"source": "3325024", "target": "381231"}}, {"type": "Feature", "geometry": {"type": "LineString", "coordinates": [[102.4343764669257, 59.90969895299935], [102.44318970830926, 59.92104144866413]]}, "properties": {"source": "30820064", "target": "29355903"}}, {"type": "Feature", "geometry": {"type": "LineString", "coordinates": [[102.4343764669257, 59.90969895299935], [102.42621657532868, 59.920071983906084]]}, "properties": {"source": "30820064", "target": "12515780"}}, {"type": "Feature", "geometry": {"type": "LineString", "coordinates": [[102.40149377479719, 59.93293266458711], [102.42033534152449, 59.92927343845204]]}, "properties": {"source": "4518866", "target": "28424751"}}, {"type": "Feature", "geometry": {"type": "LineString", "coordinates": [[102.40149377479719, 59.93293266458711], [102.41310247153882, 59.91223709111695]]}, "properties": {"source": "4518866", "target": "7728119"}}, {"type": "Feature", "geometry": {"type": "LineString", "coordinates": [[102.40149377479719, 59.93293266458711], [102.47157645175503, 59.92569359453253]]}, "properties": {"source": "4518866", "target": "30360528"}}, {"type": "Feature", "geometry": {"type": "LineString", "coordinates": [[102.40149377479719, 59.93293266458711], [102.39876097951907, 59.918353730346354]]}, "properties": {"source": "4518866", "target": "30747423"}}, {"type": "Feature", "geometry": {"type": "LineString", "coordinates": [[102.40149377479719, 59.93293266458711], [102.45604823847981, 59.917689638735766]]}, "properties": {"source": "4518866", "target": "32288147"}}, {"type": "Feature", "geometry": {"type": "LineString", "coordinates": [[102.40149377479719, 59.93293266458711], [102.45236853219643, 59.919067215531186]]}, "properties": {"source": "4518866", "target": "28822089"}}, {"type": "Feature", "geometry": {"type": "LineString", "coordinates": [[102.40149377479719, 59.93293266458711], [102.4249159669352, 59.919751624706024]]}, "properties": {"source": "4518866", "target": "9036235"}}, {"type": "Feature", "geometry": {"type": "LineString", "coordinates": [[102.40149377479719, 59.93293266458711], [102.44153945341685, 59.925632372085616]]}, "properties": {"source": "4518866", "target": "9820929"}}, {"type": "Feature", "geometry": {"type": "LineString", "coordinates": [[102.40149377479719, 59.93293266458711], [102.42415935573769, 59.9259120708838]]}, "properties": {"source": "4518866", "target": "11441504"}}, {"type": "Feature", "geometry": {"type": "LineString", "coordinates": [[102.40149377479719, 59.93293266458711], [102.41884784448803, 59.91478630479689]]}, "properties": {"source": "4518866", "target": "50870"}}, {"type": "Feature", "geometry": {"type": "LineString", "coordinates": [[102.42770501747168, 59.91687964510115], [102.43922376789072, 59.93289067491828]]}, "properties": {"source": "25005226", "target": "26250745"}}, {"type": "Feature", "geometry": {"type": "LineString", "coordinates": [[102.42770501747168, 59.91687964510115], [102.4198862892892, 59.92924862621469]]}, "properties": {"source": "25005226", "target": "23996852"}}, {"type": "Feature", "geometry": {"type": "LineString", "coordinates": [[102.42770501747168, 59.91687964510115], [102.45377016537674, 59.933250318527215]]}, "properties": {"source": "25005226", "target": "25135041"}}, {"type": "Feature", "geometry": {"type": "LineString", "coordinates": [[102.42770501747168, 59.91687964510115], [102.44857086768633, 59.915403603892216]]}, "properties": {"source": "25005226", "target": "24202563"}}, {"type": "Feature", "geometry": {"type": "LineString", "coordinates": [[102.4555814045898, 59.914988501006064], [102.44835267428806, 59.92338255457646]]}, "properties": {"source": "11823833", "target": "12171919"}}, {"type": "Feature", "geometry": {"type": "LineString", "coordinates": [[102.4251336899656, 59.91215324354239], [102.41310247153882, 59.91223709111695]]}, "properties": {"source": "841582", "target": "7728119"}}, {"type": "Feature", "geometry": {"type": "LineString", "coordinates": [[102.4251336899656, 59.91215324354239], [102.45604823847981, 59.917689638735766]]}, "properties": {"source": "841582", "target": "32288147"}}, {"type": "Feature", "geometry": {"type": "LineString", "coordinates": [[102.4251336899656, 59.91215324354239], [102.43968198434146, 59.92571707927915]]}, "properties": {"source": "841582", "target": "9823979"}}, {"type": "Feature", "geometry": {"type": "LineString", "coordinates": [[102.4251336899656, 59.91215324354239], [102.4249159669352, 59.919751624706024]]}, "properties": {"source": "841582", "target": "9036235"}}, {"type": "Feature", "geometry": {"type": "LineString", "coordinates": [[102.4251336899656, 59.91215324354239], [102.44153945341685, 59.925632372085616]]}, "properties": {"source": "841582", "target": "9820929"}}, {"type": "Feature", "geometry": {"type": "LineString", "coordinates": [[102.4251336899656, 59.91215324354239], [102.39730084339516, 59.91766880229888]]}, "properties": {"source": "841582", "target": "9809057"}}, {"type": "Feature", "geometry": {"type": "LineString", "coordinates": [[102.42495054645173, 59.92567948661791], [102.40149377479719, 59.93293266458711]]}, "properties": {"source": "2907790", "target": "4518866"}}, {"type": "Feature", "geometry": {"type": "LineString", "coordinates": [[102.42495054645173, 59.92567948661791], [102.42415935573769, 59.9259120708838]]}, "properties": {"source": "2907790", "target": "11441504"}}, {"type": "Feature", "geometry": {"type": "LineString", "coordinates": [[102.42495054645173, 59.92567948661791], [102.43900263728233, 59.93286835270116]]}, "properties": {"source": "2907790", "target": "1545771"}}, {"type": "Feature", "geometry": {"type": "LineString", "coordinates": [[102.42495054645173, 59.92567948661791], [102.4180094895101, 59.929899335088734]]}, "properties": {"source": "2907790", "target": "1343667"}}, {"type": "Feature", "geometry": {"type": "LineString", "coordinates": [[102.42495054645173, 59.92567948661791], [102.40886757775036, 59.92395084797715]]}, "properties": {"source": "2907790", "target": "1440556"}}, {"type": "Feature", "geometry": {"type": "LineString", "coordinates": [[102.42495054645173, 59.92567948661791], [102.42198761067192, 59.9273061273678]]}, "properties": {"source": "2907790", "target": "20643802"}}, {"type": "Feature", "geometry": {"type": "LineString", "coordinates": [[102.42495054645173, 59.92567948661791], [102.4482722532926, 59.91670726218668]]}, "properties": {"source": "2907790", "target": "4161403"}}, {"type": "Feature", "geometry": {"type": "LineString", "coordinates": [[102.46221615182014, 59.91957984210815], [102.40158025864713, 59.92798023559935]]}, "properties": {"source": "35182527", "target": "29983621"}}, {"type": "Feature", "geometry": {"type": "LineString", "coordinates": [[102.46221615182014, 59.91957984210815], [102.42310604366895, 59.92294563581471]]}, "properties": {"source": "35182527", "target": "30362445"}}, {"type": "Feature", "geometry": {"type": "LineString", "coordinates": [[102.45554008186411, 59.931174064370936], [102.40367031746558, 59.9319408225541]]}, "properties": {"source": "2715649", "target": "18148449"}}, {"type": "Feature", "geometry": {"type": "LineString", "coordinates": [[102.45554008186411, 59.931174064370936], [102.45391719948458, 59.914316100501836]]}, "properties": {"source": "2715649", "target": "25789592"}}, {"type": "Feature", "geometry": {"type": "LineString", "coordinates": [[102.45554008186411, 59.931174064370936], [102.40189842878664, 59.91336462733378]]}, "properties": {"source": "2715649", "target": "30179810"}}, {"type": "Feature", "geometry": {"type": "LineString", "coordinates": [[102.45554008186411, 59.931174064370936], [102.42443784105825, 59.913057385873884]]}, "properties": {"source": "2715649", "target": "2799212"}}, {"type": "Feature", "geometry": {"type": "LineString", "coordinates": [[102.40832209812817, 59.9316033464265], [102.4343764669257, 59.90969895299935]]}, "properties": {"source": "13007551", "target": "30820064"}}, {"type": "Feature", "geometry": {"type": "LineString", "coordinates": [[102.40832209812817, 59.9316033464265], [102.4697982788158, 59.92147032240477]]}, "properties": {"source": "13007551", "target": "28107590"}}, {"type": "Feature", "geometry": {"type": "LineString", "coordinates": [[102.40832209812817, 59.9316033464265], [102.44137837958135, 59.927713157891816]]}, "properties": {"source": "13007551", "target": "16039754"}}, {"type": "Feature", "geometry": {"type": "LineString", "coordinates": [[102.46914384022466, 59.927576336583], [102.42310604366895, 59.92294563581471]]}, "properties": {"source": "31554087", "target": "30362445"}}, {"type": "Feature", "geometry": {"type": "LineString", "coordinates": [[102.46914384022466, 59.927576336583], [102.40317895246363, 59.929756990361895]]}, "properties": {"source": "31554087", "target": "34035303"}}, {"type": "Feature", "geometry": {"type": "LineString", "coordinates": [[102.46914384022466, 59.927576336583], [102.39995478338352, 59.93222883220788]]}, "properties": {"source": "31554087", "target": "29773469"}}, {"type": "Feature", "geometry": {"type": "LineString", "coordinates": [[102.46914384022466, 59.927576336583], [102.40119980298124, 59.92956650540512]]}, "properties": {"source": "31554087", "target": "13133467"}}, {"type": "Feature", "geometry": {"type": "LineString", "coordinates": [[102.41771917236503, 59.9306440369693], [102.46473786970023, 59.93017473839721]]}, "properties": {"source": "23206100", "target": "25619005"}}, {"type": "Feature", "geometry": {"type": "LineString", "coordinates": [[102.41771917236503, 59.9306440369693], [102.40367031746558, 59.9319408225541]]}, "properties": {"source": "23206100", "target": "18148449"}}, {"type": "Feature", "geometry": {"type": "LineString", "coordinates": [[102.41771917236503, 59.9306440369693], [102.45391719948458, 59.914316100501836]]}, "properties": {"source": "23206100", "target": "25789592"}}, {"type": "Feature", "geometry": {"type": "LineString", "coordinates": [[102.41771917236503, 59.9306440369693], [102.40189842878664, 59.91336462733378]]}, "properties": {"source": "23206100", "target": "30179810"}}, {"type": "Feature", "geometry": {"type": "LineString", "coordinates": [[102.41771917236503, 59.9306440369693], [102.4059423545134, 59.9301883985121]]}, "properties": {"source": "23206100", "target": "22529402"}}, {"type": "Feature", "geometry": {"type": "LineString", "coordinates": [[102.4060037999252, 59.91750893398137], [102.45354137445815, 59.92808621796705]]}, "properties": {"source": "26167913", "target": "23904735"}}, {"type": "Feature", "geometry": {"type": "LineString", "coordinates": [[102.4060037999252, 59.91750893398137], [102.42621657532868, 59.920071983906084]]}, "properties": {"source": "26167913", "target": "12515780"}}, {"type": "Feature", "geometry": {"type": "LineString", "coordinates": [[102.45114924007657, 59.92732858745579], [102.45507065092852, 59.915354160862066]]}, "properties": {"source": "25809401", "target": "26808473"}}, {"type": "Feature", "geometry": {"type": "LineString", "coordinates": [[102.45114924007657, 59.92732858745579], [102.40934937797311, 59.910400254096714]]}, "properties": {"source": "25809401", "target": "28419659"}}, {"type": "Feature", "geometry": {"type": "LineString", "coordinates": [[102.45114924007657, 59.92732858745579], [102.46573540748483, 59.923981063287]]}, "properties": {"source": "25809401", "target": "25712913"}}, {"type": "Feature", "geometry": {"type": "LineString", "coordinates": [[102.45114924007657, 59.92732858745579], [102.45611160819863, 59.92819414821213]]}, "properties": {"source": "25809401", "target": "29343927"}}, {"type": "Feature", "geometry": {"type": "LineString", "coordinates": [[102.45114924007657, 59.92732858745579], [102.39694127204262, 59.928108977815086]]}, "properties": {"source": "25809401", "target": "28552305"}}, {"type": "Feature", "geometry": {"type": "LineString", "coordinates": [[102.45114924007657, 59.92732858745579], [102.43427875965693, 59.912410003773175]]}, "properties": {"source": "25809401", "target": "29417037"}}, {"type": "Feature", "geometry": {"type": "LineString", "coordinates": [[102.45114924007657, 59.92732858745579], [102.45702815273927, 59.923874143127804]]}, "properties": {"source": "25809401", "target": "25996362"}}, {"type": "Feature", "geometry": {"type": "LineString", "coordinates": [[102.45114924007657, 59.92732858745579], [102.41067192779155, 59.9278699621608]]}, "properties": {"source": "25809401", "target": "27969314"}}, {"type": "Feature", "geometry": {"type": "LineString", "coordinates": [[102.45114924007657, 59.92732858745579], [102.469913257163, 59.91847410997775]]}, "properties": {"source": "25809401", "target": "27787060"}}, {"type": "Feature", "geometry": {"type": "LineString", "coordinates": [[102.45114924007657, 59.92732858745579], [102.43364967893763, 59.91103640181176]]}, "properties": {"source": "25809401", "target": "26116055"}}, {"type": "Feature", "geometry": {"type": "LineString", "coordinates": [[102.45114924007657, 59.92732858745579], [102.42593322236246, 59.925189882782135]]}, "properties": {"source": "25809401", "target": "24933555"}}, {"type": "Feature", "geometry": {"type": "LineString", "coordinates": [[102.45114924007657, 59.92732858745579], [102.40355966912995, 59.917369773638214]]}, "properties": {"source": "25809401", "target": "25649238"}}, {"type": "Feature", "geometry": {"type": "LineString", "coordinates": [[102.45114924007657, 59.92732858745579], [102.4663432041358, 59.91971260631432]]}, "properties": {"source": "25809401", "target": "25762284"}}, {"type": "Feature", "geometry": {"type": "LineString", "coordinates": [[102.45114924007657, 59.92732858745579], [102.43511474685937, 59.92905974548647]]}, "properties": {"source": "25809401", "target": "23342059"}}, {"type": "Feature", "geometry": {"type": "LineString", "coordinates": [[102.45808828730588, 59.92104590713339], [102.46473786970023, 59.93017473839721]]}, "properties": {"source": "1143742", "target": "25619005"}}, {"type": "Feature", "geometry": {"type": "LineString", "coordinates": [[102.45808828730588, 59.92104590713339], [102.45391719948458, 59.914316100501836]]}, "properties": {"source": "1143742", "target": "25789592"}}, {"type": "Feature", "geometry": {"type": "LineString", "coordinates": [[102.45948648665944, 59.92634525817678], [102.39694127204262, 59.928108977815086]]}, "properties": {"source": "36111312", "target": "28552305"}}, {"type": "Feature", "geometry": {"type": "LineString", "coordinates": [[102.45948648665944, 59.92634525817678], [102.41787412770731, 59.926043882955895]]}, "properties": {"source": "36111312", "target": "34398923"}}, {"type": "Feature", "geometry": {"type": "LineString", "coordinates": [[102.45948648665944, 59.92634525817678], [102.40894658533358, 59.91753990107229]]}, "properties": {"source": "36111312", "target": "3503892"}}, {"type": "Feature", "geometry": {"type": "LineString", "coordinates": [[102.41787412770731, 59.926043882955895], [102.39694127204262, 59.928108977815086]]}, "properties": {"source": "34398923", "target": "28552305"}}, {"type": "Feature", "geometry": {"type": "LineString", "coordinates": [[102.41787412770731, 59.926043882955895], [102.40894658533358, 59.91753990107229]]}, "properties": {"source": "34398923", "target": "3503892"}}, {"type": "Feature", "geometry": {"type": "LineString", "coordinates": [[102.44752017332928, 59.91359403080142], [102.44924141591616, 59.919752386977024]]}, "properties": {"source": "20495135", "target": "22361480"}}, {"type": "Feature", "geometry": {"type": "LineString", "coordinates": [[102.42328962205636, 59.9323464109857], [102.42310843017134, 59.9320912411051]]}, "properties": {"source": "1806285", "target": "23630452"}}, {"type": "Feature", "geometry": {"type": "LineString", "coordinates": [[102.42328962205636, 59.9323464109857], [102.43108077546486, 59.92921866602626]]}, "properties": {"source": "1806285", "target": "1948944"}}, {"type": "Feature", "geometry": {"type": "LineString", "coordinates": [[102.43093690815937, 59.92358970915399], [102.46697746509454, 59.923231242577884]]}, "properties": {"source": "14762446", "target": "13616704"}}, {"type": "Feature", "geometry": {"type": "LineString", "coordinates": [[102.4142990976552, 59.93115372803804], [102.40367031746558, 59.9319408225541]]}, "properties": {"source": "17062353", "target": "18148449"}}, {"type": "Feature", "geometry": {"type": "LineString", "coordinates": [[102.4142990976552, 59.93115372803804], [102.45092904457914, 59.9258401678059]]}, "properties": {"source": "17062353", "target": "11718481"}}, {"type": "Feature", "geometry": {"type": "LineString", "coordinates": [[102.44558693404412, 59.92915328017341], [102.40158025864713, 59.92798023559935]]}, "properties": {"source": "30357181", "target": "29983621"}}, {"type": "Feature", "geometry": {"type": "LineString", "coordinates": [[102.44558693404412, 59.92915328017341], [102.39694127204262, 59.928108977815086]]}, "properties": {"source": "30357181", "target": "28552305"}}, {"type": "Feature", "geometry": {"type": "LineString", "coordinates": [[102.44558693404412, 59.92915328017341], [102.41067192779155, 59.9278699621608]]}, "properties": {"source": "30357181", "target": "27969314"}}, {"type": "Feature", "geometry": {"type": "LineString", "coordinates": [[102.39730084339516, 59.91766880229888], [102.46367992981743, 59.91651446566853]]}, "properties": {"source": "9809057", "target": "9844910"}}, {"type": "Feature", "geometry": {"type": "LineString", "coordinates": [[102.44797669895303, 59.920445155443815], [102.41044870100734, 59.91037669612824]]}, "properties": {"source": "23293498", "target": "25135051"}}, {"type": "Feature", "geometry": {"type": "LineString", "coordinates": [[102.44797669895303, 59.920445155443815], [102.4198862892892, 59.92924862621469]]}, "properties": {"source": "23293498", "target": "23996852"}}, {"type": "Feature", "geometry": {"type": "LineString", "coordinates": [[102.44797669895303, 59.920445155443815], [102.45377016537674, 59.933250318527215]]}, "properties": {"source": "23293498", "target": "25135041"}}, {"type": "Feature", "geometry": {"type": "LineString", "coordinates": [[102.44797669895303, 59.920445155443815], [102.44857086768633, 59.915403603892216]]}, "properties": {"source": "23293498", "target": "24202563"}}, {"type": "Feature", "geometry": {"type": "LineString", "coordinates": [[102.44797669895303, 59.920445155443815], [102.42770501747168, 59.91687964510115]]}, "properties": {"source": "23293498", "target": "25005226"}}, {"type": "Feature", "geometry": {"type": "LineString", "coordinates": [[102.44797669895303, 59.920445155443815], [102.41528908814206, 59.930256586875444]]}, "properties": {"source": "23293498", "target": "24059084"}}, {"type": "Feature", "geometry": {"type": "LineString", "coordinates": [[102.44797669895303, 59.920445155443815], [102.4107584166199, 59.921752026961485]]}, "properties": {"source": "23293498", "target": "25121115"}}, {"type": "Feature", "geometry": {"type": "LineString", "coordinates": [[102.44797669895303, 59.920445155443815], [102.43206615130924, 59.91768605500641]]}, "properties": {"source": "23293498", "target": "18069754"}}, {"type": "Feature", "geometry": {"type": "LineString", "coordinates": [[102.44797669895303, 59.920445155443815], [102.42436072463244, 59.913164057912226]]}, "properties": {"source": "23293498", "target": "23293536"}}, {"type": "Feature", "geometry": {"type": "LineString", "coordinates": [[102.44797669895303, 59.920445155443815], [102.40783049949914, 59.91877424499809]]}, "properties": {"source": "23293498", "target": "25134794"}}, {"type": "Feature", "geometry": {"type": "LineString", "coordinates": [[102.44797669895303, 59.920445155443815], [102.42584626061256, 59.92353213657458]]}, "properties": {"source": "23293498", "target": "18136509"}}, {"type": "Feature", "geometry": {"type": "LineString", "coordinates": [[102.4134976823637, 59.929510097795585], [102.40158025864713, 59.92798023559935]]}, "properties": {"source": "30347404", "target": "29983621"}}, {"type": "Feature", "geometry": {"type": "LineString", "coordinates": [[102.4134976823637, 59.929510097795585], [102.46475998675311, 59.930309276919886]]}, "properties": {"source": "30347404", "target": "27731853"}}, {"type": "Feature", "geometry": {"type": "LineString", "coordinates": [[102.4134976823637, 59.929510097795585], [102.40203588533478, 59.919959936843824]]}, "properties": {"source": "30347404", "target": "29856290"}}, {"type": "Feature", "geometry": {"type": "LineString", "coordinates": [[102.4134976823637, 59.929510097795585], [102.41678992021099, 59.9137470830745]]}, "properties": {"source": "30347404", "target": "27732137"}}, {"type": "Feature", "geometry": {"type": "LineString", "coordinates": [[102.44318970830926, 59.92104144866413], [102.44456771327896, 59.91151686749453]]}, "properties": {"source": "29355903", "target": "26191920"}}, {"type": "Feature", "geometry": {"type": "LineString", "coordinates": [[102.44698214947078, 59.916168796995095], [102.43744326369506, 59.90937995259884]]}, "properties": {"source": "22596383", "target": "23210467"}}, {"type": "Feature", "geometry": {"type": "LineString", "coordinates": [[102.46398423038079, 59.916979554280616], [102.40762137013502, 59.91259861243185]]}, "properties": {"source": "632475", "target": "8474790"}}, {"type": "Feature", "geometry": {"type": "LineString", "coordinates": [[102.46398423038079, 59.916979554280616], [102.46447148147797, 59.91633928577723]]}, "properties": {"source": "632475", "target": "552152"}}, {"type": "Feature", "geometry": {"type": "LineString", "coordinates": [[102.40248179364193, 59.928193772508536], [102.42276362118378, 59.93045832504784]]}, "properties": {"source": "581559", "target": "550052"}}, {"type": "Feature", "geometry": {"type": "LineString", "coordinates": [[102.40248179364193, 59.928193772508536], [102.41495925160922, 59.92918285116309]]}, "properties": {"source": "581559", "target": "4825980"}}, {"type": "Feature", "geometry": {"type": "LineString", "coordinates": [[102.46697746509454, 59.923231242577884], [102.46902068624462, 59.928401678121446]]}, "properties": {"source": "13616704", "target": "15724333"}}, {"type": "Feature", "geometry": {"type": "LineString", "coordinates": [[102.46697746509454, 59.923231242577884], [102.45507400473383, 59.92993987016426]]}, "properties": {"source": "13616704", "target": "899694"}}, {"type": "Feature", "geometry": {"type": "LineString", "coordinates": [[102.41181276541283, 59.93333537669888], [102.46473786970023, 59.93017473839721]]}, "properties": {"source": "1012305", "target": "25619005"}}, {"type": "Feature", "geometry": {"type": "LineString", "coordinates": [[102.41181276541283, 59.93333537669888], [102.40367031746558, 59.9319408225541]]}, "properties": {"source": "1012305", "target": "18148449"}}, {"type": "Feature", "geometry": {"type": "LineString", "coordinates": [[102.41181276541283, 59.93333537669888], [102.45391719948458, 59.914316100501836]]}, "properties": {"source": "1012305", "target": "25789592"}}, {"type": "Feature", "geometry": {"type": "LineString", "coordinates": [[102.41181276541283, 59.93333537669888], [102.40189842878664, 59.91336462733378]]}, "properties": {"source": "1012305", "target": "30179810"}}, {"type": "Feature", "geometry": {"type": "LineString", "coordinates": [[102.41181276541283, 59.93333537669888], [102.4555814045898, 59.914988501006064]]}, "properties": {"source": "1012305", "target": "11823833"}}, {"type": "Feature", "geometry": {"type": "LineString", "coordinates": [[102.4015969958142, 59.91821166004681], [102.42770501747168, 59.91687964510115]]}, "properties": {"source": "25583758", "target": "25005226"}}, {"type": "Feature", "geometry": {"type": "LineString", "coordinates": [[102.4015969958142, 59.91821166004681], [102.46574745518728, 59.92157385026036]]}, "properties": {"source": "25583758", "target": "20654061"}}, {"type": "Feature", "geometry": {"type": "LineString", "coordinates": [[102.4015969958142, 59.91821166004681], [102.4508678814961, 59.9102720739742]]}, "properties": {"source": "25583758", "target": "17240414"}}, {"type": "Feature", "geometry": {"type": "LineString", "coordinates": [[102.43859091917795, 59.931389798287526], [102.45236853219643, 59.919067215531186]]}, "properties": {"source": "25806474", "target": "28822089"}}, {"type": "Feature", "geometry": {"type": "LineString", "coordinates": [[102.43859091917795, 59.931389798287526], [102.42101202703304, 59.91666923031187]]}, "properties": {"source": "25806474", "target": "26850506"}}, {"type": "Feature", "geometry": {"type": "LineString", "coordinates": [[102.43859091917795, 59.931389798287526], [102.41528908814206, 59.930256586875444]]}, "properties": {"source": "25806474", "target": "24059084"}}, {"type": "Feature", "geometry": {"type": "LineString", "coordinates": [[102.43859091917795, 59.931389798287526], [102.42436072463244, 59.913164057912226]]}, "properties": {"source": "25806474", "target": "23293536"}}, {"type": "Feature", "geometry": {"type": "LineString", "coordinates": [[102.43859091917795, 59.931389798287526], [102.43675763525135, 59.93264731327568]]}, "properties": {"source": "25806474", "target": "25432160"}}, {"type": "Feature", "geometry": {"type": "LineString", "coordinates": [[102.43206615130924, 59.91768605500641], [102.4198862892892, 59.92924862621469]]}, "properties": {"source": "18069754", "target": "23996852"}}, {"type": "Feature", "geometry": {"type": "LineString", "coordinates": [[102.43206615130924, 59.91768605500641], [102.44857086768633, 59.915403603892216]]}, "properties": {"source": "18069754", "target": "24202563"}}, {"type": "Feature", "geometry": {"type": "LineString", "coordinates": [[102.43206615130924, 59.91768605500641], [102.42770501747168, 59.91687964510115]]}, "properties": {"source": "18069754", "target": "25005226"}}, {"type": "Feature", "geometry": {"type": "LineString", "coordinates": [[102.43206615130924, 59.91768605500641], [102.46574745518728, 59.92157385026036]]}, "properties": {"source": "18069754", "target": "20654061"}}, {"type": "Feature", "geometry": {"type": "LineString", "coordinates": [[102.43206615130924, 59.91768605500641], [102.41528908814206, 59.930256586875444]]}, "properties": {"source": "18069754", "target": "24059084"}}, {"type": "Feature", "geometry": {"type": "LineString", "coordinates": [[102.43206615130924, 59.91768605500641], [102.4107584166199, 59.921752026961485]]}, "properties": {"source": "18069754", "target": "25121115"}}, {"type": "Feature", "geometry": {"type": "LineString", "coordinates": [[102.43206615130924, 59.91768605500641], [102.43286848305473, 59.93120189876231]]}, "properties": {"source": "18069754", "target": "18349868"}}, {"type": "Feature", "geometry": {"type": "LineString", "coordinates": [[102.4697982788158, 59.92147032240477], [102.4343764669257, 59.90969895299935]]}, "properties": {"source": "28107590", "target": "30820064"}}, {"type": "Feature", "geometry": {"type": "LineString", "coordinates": [[102.4697982788158, 59.92147032240477], [102.44456771327896, 59.91151686749453]]}, "properties": {"source": "28107590", "target": "26191920"}}, {"type": "Feature", "geometry": {"type": "LineString", "coordinates": [[102.4697982788158, 59.92147032240477], [102.42028443649315, 59.90936149299846]]}, "properties": {"source": "28107590", "target": "13616708"}}, {"type": "Feature", "geometry": {"type": "LineString", "coordinates": [[102.4697982788158, 59.92147032240477], [102.4164258049143, 59.9268502403898]]}, "properties": {"source": "28107590", "target": "25507544"}}, {"type": "Feature", "geometry": {"type": "LineString", "coordinates": [[102.40073043599142, 59.925190778172805], [102.43286848305473, 59.93120189876231]]}, "properties": {"source": "16126203", "target": "18349868"}}, {"type": "Feature", "geometry": {"type": "LineString", "coordinates": [[102.40073043599142, 59.925190778172805], [102.40518627696684, 59.91094815106686]]}, "properties": {"source": "16126203", "target": "1040636"}}, {"type": "Feature", "geometry": {"type": "LineString", "coordinates": [[102.46063914210038, 59.92700220182169], [102.4221759669116, 59.92728905783986]]}, "properties": {"source": "11022625", "target": "16637055"}}, {"type": "Feature", "geometry": {"type": "LineString", "coordinates": [[102.46063914210038, 59.92700220182169], [102.4122134297877, 59.915108555730114]]}, "properties": {"source": "11022625", "target": "16201163"}}, {"type": "Feature", "geometry": {"type": "LineString", "coordinates": [[102.46063914210038, 59.92700220182169], [102.46679319520246, 59.90941587496073]]}, "properties": {"source": "11022625", "target": "16137695"}}, {"type": "Feature", "geometry": {"type": "LineString", "coordinates": [[102.46063914210038, 59.92700220182169], [102.42977061192016, 59.92362254301803]]}, "properties": {"source": "11022625", "target": "16637062"}}, {"type": "Feature", "geometry": {"type": "LineString", "coordinates": [[102.46063914210038, 59.92700220182169], [102.44435563092173, 59.910635497595905]]}, "properties": {"source": "11022625", "target": "7574749"}}, {"type": "Feature", "geometry": {"type": "LineString", "coordinates": [[102.46063914210038, 59.92700220182169], [102.45117977586676, 59.92845890153396]]}, "properties": {"source": "11022625", "target": "13356291"}}, {"type": "Feature", "geometry": {"type": "LineString", "coordinates": [[102.46063914210038, 59.92700220182169], [102.41447892603031, 59.91478758295611]]}, "properties": {"source": "11022625", "target": "9921367"}}, {"type": "Feature", "geometry": {"type": "LineString", "coordinates": [[102.46063914210038, 59.92700220182169], [102.43947653402734, 59.91896399719036]]}, "properties": {"source": "11022625", "target": "17254275"}}, {"type": "Feature", "geometry": {"type": "LineString", "coordinates": [[102.46487889149796, 59.9290082763177], [102.40203588533478, 59.919959936843824]]}, "properties": {"source": "381231", "target": "29856290"}}, {"type": "Feature", "geometry": {"type": "LineString", "coordinates": [[102.46487889149796, 59.9290082763177], [102.45525772292723, 59.93011138507444]]}, "properties": {"source": "381231", "target": "484997"}}, {"type": "Feature", "geometry": {"type": "LineString", "coordinates": [[102.46487889149796, 59.9290082763177], [102.45651050146074, 59.91305006014015]]}, "properties": {"source": "381231", "target": "535430"}}, {"type": "Feature", "geometry": {"type": "LineString", "coordinates": [[102.46487889149796, 59.9290082763177], [102.44674143358623, 59.916024450930834]]}, "properties": {"source": "381231", "target": "539077"}}, {"type": "Feature", "geometry": {"type": "LineString", "coordinates": [[102.46487889149796, 59.9290082763177], [102.40248179364193, 59.928193772508536]]}, "properties": {"source": "381231", "target": "581559"}}, {"type": "Feature", "geometry": {"type": "LineString", "coordinates": [[102.46487889149796, 59.9290082763177], [102.42276362118378, 59.93045832504784]]}, "properties": {"source": "381231", "target": "550052"}}, {"type": "Feature", "geometry": {"type": "LineString", "coordinates": [[102.4688792934686, 59.92431315238282], [102.39694127204262, 59.928108977815086]]}, "properties": {"source": "30325549", "target": "28552305"}}, {"type": "Feature", "geometry": {"type": "LineString", "coordinates": [[102.4688792934686, 59.92431315238282], [102.41067192779155, 59.9278699621608]]}, "properties": {"source": "30325549", "target": "27969314"}}, {"type": "Feature", "geometry": {"type": "LineString", "coordinates": [[102.4688792934686, 59.92431315238282], [102.42310604366895, 59.92294563581471]]}, "properties": {"source": "30325549", "target": "30362445"}}, {"type": "Feature", "geometry": {"type": "LineString", "coordinates": [[102.4688792934686, 59.92431315238282], [102.44558693404412, 59.92915328017341]]}, "properties": {"source": "30325549", "target": "30357181"}}, {"type": "Feature", "geometry": {"type": "LineString", "coordinates": [[102.4688792934686, 59.92431315238282], [102.469913257163, 59.91847410997775]]}, "properties": {"source": "30325549", "target": "27787060"}}, {"type": "Feature", "geometry": {"type": "LineString", "coordinates": [[102.4688792934686, 59.92431315238282], [102.44913804094136, 59.9227328241148]]}, "properties": {"source": "30325549", "target": "30808440"}}, {"type": "Feature", "geometry": {"type": "LineString", "coordinates": [[102.4688792934686, 59.92431315238282], [102.44276023014311, 59.92876068651452]]}, "properties": {"source": "30325549", "target": "34736796"}}, {"type": "Feature", "geometry": {"type": "LineString", "coordinates": [[102.4688792934686, 59.92431315238282], [102.45679913088742, 59.92470297074421]]}, "properties": {"source": "30325549", "target": "28419686"}}, {"type": "Feature", "geometry": {"type": "LineString", "coordinates": [[102.4688792934686, 59.92431315238282], [102.41723456065648, 59.91579672288705]]}, "properties": {"source": "30325549", "target": "28603123"}}, {"type": "Feature", "geometry": {"type": "LineString", "coordinates": [[102.4688792934686, 59.92431315238282], [102.41625564487481, 59.909030807978084]]}, "properties": {"source": "30325549", "target": "28668486"}}, {"type": "Feature", "geometry": {"type": "LineString", "coordinates": [[102.4688792934686, 59.92431315238282], [102.46221615182014, 59.91957984210815]]}, "properties": {"source": "30325549", "target": "35182527"}}, {"type": "Feature", "geometry": {"type": "LineString", "coordinates": [[102.4688792934686, 59.92431315238282], [102.44423863743503, 59.91535330688825]]}, "properties": {"source": "30325549", "target": "28113400"}}, {"type": "Feature", "geometry": {"type": "LineString", "coordinates": [[102.42101202703304, 59.91666923031187], [102.42033534152449, 59.92927343845204]]}, "properties": {"source": "26850506", "target": "28424751"}}, {"type": "Feature", "geometry": {"type": "LineString", "coordinates": [[102.42101202703304, 59.91666923031187], [102.43922376789072, 59.93289067491828]]}, "properties": {"source": "26850506", "target": "26250745"}}, {"type": "Feature", "geometry": {"type": "LineString", "coordinates": [[102.42101202703304, 59.91666923031187], [102.4015969958142, 59.91821166004681]]}, "properties": {"source": "26850506", "target": "25583758"}}, {"type": "Feature", "geometry": {"type": "LineString", "coordinates": [[102.42101202703304, 59.91666923031187], [102.47157645175503, 59.92569359453253]]}, "properties": {"source": "26850506", "target": "30360528"}}, {"type": "Feature", "geometry": {"type": "LineString", "coordinates": [[102.42878592032594, 59.93023707170481], [102.42116531431748, 59.92322868588302]]}, "properties": {"source": "23348155", "target": "24520060"}}, {"type": "Feature", "geometry": {"type": "LineString", "coordinates": [[102.42878592032594, 59.93023707170481], [102.43489372769488, 59.908998239938256]]}, "properties": {"source": "23348155", "target": "18583347"}}, {"type": "Feature", "geometry": {"type": "LineString", "coordinates": [[102.42878592032594, 59.93023707170481], [102.45517123621954, 59.93285056546475]]}, "properties": {"source": "23348155", "target": "18087384"}}, {"type": "Feature", "geometry": {"type": "LineString", "coordinates": [[102.4254255225718, 59.930945447215905], [102.4221759669116, 59.92728905783986]]}, "properties": {"source": "17913229", "target": "16637055"}}, {"type": "Feature", "geometry": {"type": "LineString", "coordinates": [[102.4254255225718, 59.930945447215905], [102.4122134297877, 59.915108555730114]]}, "properties": {"source": "17913229", "target": "16201163"}}, {"type": "Feature", "geometry": {"type": "LineString", "coordinates": [[102.4254255225718, 59.930945447215905], [102.46679319520246, 59.90941587496073]]}, "properties": {"source": "17913229", "target": "16137695"}}, {"type": "Feature", "geometry": {"type": "LineString", "coordinates": [[102.4254255225718, 59.930945447215905], [102.42977061192016, 59.92362254301803]]}, "properties": {"source": "17913229", "target": "16637062"}}, {"type": "Feature", "geometry": {"type": "LineString", "coordinates": [[102.4254255225718, 59.930945447215905], [102.45117977586676, 59.92845890153396]]}, "properties": {"source": "17913229", "target": "13356291"}}, {"type": "Feature", "geometry": {"type": "LineString", "coordinates": [[102.4254255225718, 59.930945447215905], [102.46033670012315, 59.92815441785292]]}, "properties": {"source": "17913229", "target": "16146464"}}, {"type": "Feature", "geometry": {"type": "LineString", "coordinates": [[102.4254255225718, 59.930945447215905], [102.43947653402734, 59.91896399719036]]}, "properties": {"source": "17913229", "target": "17254275"}}, {"type": "Feature", "geometry": {"type": "LineString", "coordinates": [[102.4254255225718, 59.930945447215905], [102.46175317395932, 59.91201479031399]]}, "properties": {"source": "17913229", "target": "15705314"}}, {"type": "Feature", "geometry": {"type": "LineString", "coordinates": [[102.43675763525135, 59.93264731327568], [102.43922376789072, 59.93289067491828]]}, "properties": {"source": "25432160", "target": "26250745"}}, {"type": "Feature", "geometry": {"type": "LineString", "coordinates": [[102.43675763525135, 59.93264731327568], [102.4015969958142, 59.91821166004681]]}, "properties": {"source": "25432160", "target": "25583758"}}, {"type": "Feature", "geometry": {"type": "LineString", "coordinates": [[102.43675763525135, 59.93264731327568], [102.43487062709835, 59.93142973857586]]}, "properties": {"source": "25432160", "target": "25805770"}}, {"type": "Feature", "geometry": {"type": "LineString", "coordinates": [[102.43675763525135, 59.93264731327568], [102.44459224318183, 59.923864448393985]]}, "properties": {"source": "25432160", "target": "26014440"}}, {"type": "Feature", "geometry": {"type": "LineString", "coordinates": [[102.4254255225718, 59.930945447215905], [102.4160263702309, 59.9279162431648]]}, "properties": {"source": "17913229", "target": "17064499"}}, {"type": "Feature", "geometry": {"type": "LineString", "coordinates": [[102.4697982788158, 59.92147032240477], [102.41432858418204, 59.91284855256721]]}, "properties": {"source": "28107590", "target": "23675252"}}, {"type": "Feature", "geometry": {"type": "LineString", "coordinates": [[102.4697982788158, 59.92147032240477], [102.4590928273862, 59.91732764114127]]}, "properties": {"source": "28107590", "target": "26628034"}}, {"type": "Feature", "geometry": {"type": "LineString", "coordinates": [[102.4697982788158, 59.92147032240477], [102.44318970830926, 59.92104144866413]]}, "properties": {"source": "28107590", "target": "29355903"}}, {"type": "Feature", "geometry": {"type": "LineString", "coordinates": [[102.4697982788158, 59.92147032240477], [102.45354137445815, 59.92808621796705]]}, "properties": {"source": "28107590", "target": "23904735"}}, {"type": "Feature", "geometry": {"type": "LineString", "coordinates": [[102.4697982788158, 59.92147032240477], [102.42621657532868, 59.920071983906084]]}, "properties": {"source": "28107590", "target": "12515780"}}, {"type": "Feature", "geometry": {"type": "LineString", "coordinates": [[102.45817195845336, 59.93288236273739], [102.43392493029734, 59.92208943546656]]}, "properties": {"source": "22603197", "target": "25178503"}}, {"type": "Feature", "geometry": {"type": "LineString", "coordinates": [[102.45817195845336, 59.93288236273739], [102.45377016537674, 59.933250318527215]]}, "properties": {"source": "22603197", "target": "25135041"}}, {"type": "Feature", "geometry": {"type": "LineString", "coordinates": [[102.45817195845336, 59.93288236273739], [102.40409235513533, 59.914576972744655]]}, "properties": {"source": "22603197", "target": "25040008"}}, {"type": "Feature", "geometry": {"type": "LineString", "coordinates": [[102.45817195845336, 59.93288236273739], [102.44857086768633, 59.915403603892216]]}, "properties": {"source": "22603197", "target": "24202563"}}, {"type": "Feature", "geometry": {"type": "LineString", "coordinates": [[102.45817195845336, 59.93288236273739], [102.43744326369506, 59.90937995259884]]}, "properties": {"source": "22603197", "target": "23210467"}}, {"type": "Feature", "geometry": {"type": "LineString", "coordinates": [[102.45817195845336, 59.93288236273739], [102.40438422109747, 59.9120930166946]]}, "properties": {"source": "22603197", "target": "21306608"}}, {"type": "Feature", "geometry": {"type": "LineString", "coordinates": [[102.45817195845336, 59.93288236273739], [102.43808987572129, 59.91900996560291]]}, "properties": {"source": "22603197", "target": "20928787"}}, {"type": "Feature", "geometry": {"type": "LineString", "coordinates": [[102.45817195845336, 59.93288236273739], [102.44698214947078, 59.916168796995095]]}, "properties": {"source": "22603197", "target": "22596383"}}, {"type": "Feature", "geometry": {"type": "LineString", "coordinates": [[102.45817195845336, 59.93288236273739], [102.40832764693823, 59.91225290582018]]}, "properties": {"source": "22603197", "target": "21853325"}}, {"type": "Feature", "geometry": {"type": "LineString", "coordinates": [[102.45042587201124, 59.91811740520227], [102.40158025864713, 59.92798023559935]]}, "properties": {"source": "29069005", "target": "29983621"}}, {"type": "Feature", "geometry": {"type": "LineString", "coordinates": [[102.45817195845336, 59.93288236273739], [102.43511474685937, 59.92905974548647]]}, "properties": {"source": "22603197", "target": "23342059"}}, {"type": "Feature", "geometry": {"type": "LineString", "coordinates": [[102.41188370877762, 59.92465868917556], [102.43538722764629, 59.93059101339567]]}, "properties": {"source": "21152118", "target": "1968639"}}, {"type": "Feature", "geometry": {"type": "LineString", "coordinates": [[102.41188370877762, 59.92465868917556], [102.4382548485491, 59.933024696583615]]}, "properties": {"source": "21152118", "target": "22702248"}}, {"type": "Feature", "geometry": {"type": "LineString", "coordinates": [[102.41188370877762, 59.92465868917556], [102.43108077546486, 59.92921866602626]]}, "properties": {"source": "21152118", "target": "1948944"}}, {"type": "Feature", "geometry": {"type": "LineString", "coordinates": [[102.41188370877762, 59.92465868917556], [102.42328962205636, 59.9323464109857]]}, "properties": {"source": "21152118", "target": "1806285"}}, {"type": "Feature", "geometry": {"type": "LineString", "coordinates": [[102.41188370877762, 59.92465868917556], [102.44110874033476, 59.92571447324461]]}, "properties": {"source": "21152118", "target": "23568658"}}, {"type": "Feature", "geometry": {"type": "LineString", "coordinates": [[102.41188370877762, 59.92465868917556], [102.44579931405178, 59.92140169662444]]}, "properties": {"source": "21152118", "target": "21029865"}}, {"type": "Feature", "geometry": {"type": "LineString", "coordinates": [[102.43121087665355, 59.910984990913335], [102.39694127204262, 59.928108977815086]]}, "properties": {"source": "23159290", "target": "28552305"}}, {"type": "Feature", "geometry": {"type": "LineString", "coordinates": [[102.43121087665355, 59.910984990913335], [102.44921176687751, 59.911891311448855]]}, "properties": {"source": "23159290", "target": "25911211"}}, {"type": "Feature", "geometry": {"type": "LineString", "coordinates": [[102.43121087665355, 59.910984990913335], [102.44752017332928, 59.91359403080142]]}, "properties": {"source": "23159290", "target": "20495135"}}, {"type": "Feature", "geometry": {"type": "LineString", "coordinates": [[102.43121087665355, 59.910984990913335], [102.46611273067452, 59.91893501809878]]}, "properties": {"source": "23159290", "target": "22632364"}}, {"type": "Feature", "geometry": {"type": "LineString", "coordinates": [[102.3990944984854, 59.913582108944254], [102.41855459879349, 59.91626487850155]]}, "properties": {"source": "18110191", "target": "21348745"}}, {"type": "Feature", "geometry": {"type": "LineString", "coordinates": [[102.3990944984854, 59.913582108944254], [102.41003825050541, 59.92871036925176]]}, "properties": {"source": "18110191", "target": "1871815"}}, {"type": "Feature", "geometry": {"type": "LineString", "coordinates": [[102.3990944984854, 59.913582108944254], [102.45814064143815, 59.91748769974947]]}, "properties": {"source": "18110191", "target": "18012760"}}, {"type": "Feature", "geometry": {"type": "LineString", "coordinates": [[102.3990944984854, 59.913582108944254], [102.45789908570532, 59.91233881820216]]}, "properties": {"source": "18110191", "target": "1866470"}}, {"type": "Feature", "geometry": {"type": "LineString", "coordinates": [[102.3990944984854, 59.913582108944254], [102.43015059564857, 59.924908386969136]]}, "properties": {"source": "18110191", "target": "18512834"}}, {"type": "Feature", "geometry": {"type": "LineString", "coordinates": [[102.3990944984854, 59.913582108944254], [102.4481246492116, 59.911354407367384]]}, "properties": {"source": "18110191", "target": "1330911"}}, {"type": "Feature", "geometry": {"type": "LineString", "coordinates": [[102.46729048945474, 59.929299000672955], [102.44793568333768, 59.91574362099696]]}, "properties": {"source": "25215298", "target": "16097516"}}, {"type": "Feature", "geometry": {"type": "LineString", "coordinates": [[102.46729048945474, 59.929299000672955], [102.46150981544724, 59.91868042202522]]}, "properties": {"source": "25215298", "target": "23868573"}}, {"type": "Feature", "geometry": {"type": "LineString", "coordinates": [[102.46729048945474, 59.929299000672955], [102.43479759419318, 59.92599461865085]]}, "properties": {"source": "25215298", "target": "23565684"}}, {"type": "Feature", "geometry": {"type": "LineString", "coordinates": [[102.41310247153882, 59.91223709111695], [102.42033534152449, 59.92927343845204]]}, "properties": {"source": "7728119", "target": "28424751"}}, {"type": "Feature", "geometry": {"type": "LineString", "coordinates": [[102.41310247153882, 59.91223709111695], [102.47157645175503, 59.92569359453253]]}, "properties": {"source": "7728119", "target": "30360528"}}, {"type": "Feature", "geometry": {"type": "LineString", "coordinates": [[102.41310247153882, 59.91223709111695], [102.39876097951907, 59.918353730346354]]}, "properties": {"source": "7728119", "target": "30747423"}}, {"type": "Feature", "geometry": {"type": "LineString", "coordinates": [[102.41310247153882, 59.91223709111695], [102.45604823847981, 59.917689638735766]]}, "properties": {"source": "7728119", "target": "32288147"}}, {"type": "Feature", "geometry": {"type": "LineString", "coordinates": [[102.41310247153882, 59.91223709111695], [102.45236853219643, 59.919067215531186]]}, "properties": {"source": "7728119", "target": "28822089"}}, {"type": "Feature", "geometry": {"type": "LineString", "coordinates": [[102.41310247153882, 59.91223709111695], [102.47054540090238, 59.919472099736254]]}, "properties": {"source": "7728119", "target": "16252506"}}, {"type": "Feature", "geometry": {"type": "LineString", "coordinates": [[102.41310247153882, 59.91223709111695], [102.4508678814961, 59.9102720739742]]}, "properties": {"source": "7728119", "target": "17240414"}}, {"type": "Feature", "geometry": {"type": "LineString", "coordinates": [[102.41310247153882, 59.91223709111695], [102.4249159669352, 59.919751624706024]]}, "properties": {"source": "7728119", "target": "9036235"}}, {"type": "Feature", "geometry": {"type": "LineString", "coordinates": [[102.41310247153882, 59.91223709111695], [102.41455088840524, 59.919322570122944]]}, "properties": {"source": "7728119", "target": "13280888"}}, {"type": "Feature", "geometry": {"type": "LineString", "coordinates": [[102.41310247153882, 59.91223709111695], [102.44153945341685, 59.925632372085616]]}, "properties": {"source": "7728119", "target": "9820929"}}, {"type": "Feature", "geometry": {"type": "LineString", "coordinates": [[102.41310247153882, 59.91223709111695], [102.45679913088742, 59.92470297074421]]}, "properties": {"source": "7728119", "target": "28419686"}}, {"type": "Feature", "geometry": {"type": "LineString", "coordinates": [[102.41310247153882, 59.91223709111695], [102.46545840642631, 59.9250386380955]]}, "properties": {"source": "7728119", "target": "9899500"}}, {"type": "Feature", "geometry": {"type": "LineString", "coordinates": [[102.41310247153882, 59.91223709111695], [102.46367992981743, 59.91651446566853]]}, "properties": {"source": "7728119", "target": "9844910"}}, {"type": "Feature", "geometry": {"type": "LineString", "coordinates": [[102.41789148567824, 59.916512249393804], [102.44276023014311, 59.92876068651452]]}, "properties": {"source": "28591452", "target": "34736796"}}, {"type": "Feature", "geometry": {"type": "LineString", "coordinates": [[102.41789148567824, 59.916512249393804], [102.45679913088742, 59.92470297074421]]}, "properties": {"source": "28591452", "target": "28419686"}}, {"type": "Feature", "geometry": {"type": "LineString", "coordinates": [[102.41789148567824, 59.916512249393804], [102.41723456065648, 59.91579672288705]]}, "properties": {"source": "28591452", "target": "28603123"}}, {"type": "Feature", "geometry": {"type": "LineString", "coordinates": [[102.41789148567824, 59.916512249393804], [102.43364967893763, 59.91103640181176]]}, "properties": {"source": "28591452", "target": "26116055"}}, {"type": "Feature", "geometry": {"type": "LineString", "coordinates": [[102.41789148567824, 59.916512249393804], [102.40502959331934, 59.92340833366502]]}, "properties": {"source": "28591452", "target": "27247820"}}, {"type": "Feature", "geometry": {"type": "LineString", "coordinates": [[102.41789148567824, 59.916512249393804], [102.4663432041358, 59.91971260631432]]}, "properties": {"source": "28591452", "target": "25762284"}}, {"type": "Feature", "geometry": {"type": "LineString", "coordinates": [[102.41789148567824, 59.916512249393804], [102.43335868501805, 59.913355505406]]}, "properties": {"source": "28591452", "target": "12390773"}}, {"type": "Feature", "geometry": {"type": "LineString", "coordinates": [[102.41789148567824, 59.916512249393804], [102.46221615182014, 59.91957984210815]]}, "properties": {"source": "28591452", "target": "35182527"}}, {"type": "Feature", "geometry": {"type": "LineString", "coordinates": [[102.41789148567824, 59.916512249393804], [102.44423863743503, 59.91535330688825]]}, "properties": {"source": "28591452", "target": "28113400"}}, {"type": "Feature", "geometry": {"type": "LineString", "coordinates": [[102.41789148567824, 59.916512249393804], [102.42129214516166, 59.91691195740569]]}, "properties": {"source": "28591452", "target": "26863024"}}, {"type": "Feature", "geometry": {"type": "LineString", "coordinates": [[102.46573540748483, 59.923981063287], [102.43392493029734, 59.92208943546656]]}, "properties": {"source": "25712913", "target": "25178503"}}, {"type": "Feature", "geometry": {"type": "LineString", "coordinates": [[102.46573540748483, 59.923981063287], [102.40409235513533, 59.914576972744655]]}, "properties": {"source": "25712913", "target": "25040008"}}, {"type": "Feature", "geometry": {"type": "LineString", "coordinates": [[102.46573540748483, 59.923981063287], [102.44857086768633, 59.915403603892216]]}, "properties": {"source": "25712913", "target": "24202563"}}, {"type": "Feature", "geometry": {"type": "LineString", "coordinates": [[102.46573540748483, 59.923981063287], [102.39694127204262, 59.928108977815086]]}, "properties": {"source": "25712913", "target": "28552305"}}, {"type": "Feature", "geometry": {"type": "LineString", "coordinates": [[102.46573540748483, 59.923981063287], [102.45702815273927, 59.923874143127804]]}, "properties": {"source": "25712913", "target": "25996362"}}, {"type": "Feature", "geometry": {"type": "LineString", "coordinates": [[102.46573540748483, 59.923981063287], [102.41067192779155, 59.9278699621608]]}, "properties": {"source": "25712913", "target": "27969314"}}, {"type": "Feature", "geometry": {"type": "LineString", "coordinates": [[102.46583595838615, 59.923278908049255], [102.43286848305473, 59.93120189876231]]}, "properties": {"source": "17845745", "target": "18349868"}}, {"type": "Feature", "geometry": {"type": "LineString", "coordinates": [[102.46023604211734, 59.923689664424685], [102.40149377479719, 59.93293266458711]]}, "properties": {"source": "5520657", "target": "4518866"}}, {"type": "Feature", "geometry": {"type": "LineString", "coordinates": [[102.46023604211734, 59.923689664424685], [102.42415935573769, 59.9259120708838]]}, "properties": {"source": "5520657", "target": "11441504"}}, {"type": "Feature", "geometry": {"type": "LineString", "coordinates": [[102.46023604211734, 59.923689664424685], [102.41884784448803, 59.91478630479689]]}, "properties": {"source": "5520657", "target": "50870"}}, {"type": "Feature", "geometry": {"type": "LineString", "coordinates": [[102.46023604211734, 59.923689664424685], [102.44711974410222, 59.921796925920205]]}, "properties": {"source": "5520657", "target": "765523"}}, {"type": "Feature", "geometry": {"type": "LineString", "coordinates": [[102.40943440133282, 59.91908737475066], [102.42423596296044, 59.92397484351328]]}, "properties": {"source": "1514579", "target": "17189105"}}, {"type": "Feature", "geometry": {"type": "LineString", "coordinates": [[102.40943440133282, 59.91908737475066], [102.45652408388673, 59.92306164601435]]}, "properties": {"source": "1514579", "target": "1714988"}}, {"type": "Feature", "geometry": {"type": "LineString", "coordinates": [[102.4317910012117, 59.930173269882175], [102.42033534152449, 59.92927343845204]]}, "properties": {"source": "13072342", "target": "28424751"}}, {"type": "Feature", "geometry": {"type": "LineString", "coordinates": [[102.4317910012117, 59.930173269882175], [102.41455088840524, 59.919322570122944]]}, "properties": {"source": "13072342", "target": "13280888"}}, {"type": "Feature", "geometry": {"type": "LineString", "coordinates": [[102.4317910012117, 59.930173269882175], [102.41738882528819, 59.92407926829705]]}, "properties": {"source": "13072342", "target": "13244476"}}, {"type": "Feature", "geometry": {"type": "LineString", "coordinates": [[102.43825233093179, 59.92623301185202], [102.40367031746558, 59.9319408225541]]}, "properties": {"source": "27220612", "target": "18148449"}}, {"type": "Feature", "geometry": {"type": "LineString", "coordinates": [[102.43825233093179, 59.92623301185202], [102.45391719948458, 59.914316100501836]]}, "properties": {"source": "27220612", "target": "25789592"}}, {"type": "Feature", "geometry": {"type": "LineString", "coordinates": [[102.43825233093179, 59.92623301185202], [102.40189842878664, 59.91336462733378]]}, "properties": {"source": "27220612", "target": "30179810"}}, {"type": "Feature", "geometry": {"type": "LineString", "coordinates": [[102.42992111469681, 59.93191701349083], [102.45604823847981, 59.917689638735766]]}, "properties": {"source": "26250720", "target": "32288147"}}, {"type": "Feature", "geometry": {"type": "LineString", "coordinates": [[102.42992111469681, 59.93191701349083], [102.45236853219643, 59.919067215531186]]}, "properties": {"source": "26250720", "target": "28822089"}}, {"type": "Feature", "geometry": {"type": "LineString", "coordinates": [[102.42992111469681, 59.93191701349083], [102.4000238402258, 59.917777136493086]]}, "properties": {"source": "26250720", "target": "26250778"}}, {"type": "Feature", "geometry": {"type": "LineString", "coordinates": [[102.44955471497735, 59.931792630325006], [102.43922376789072, 59.93289067491828]]}, "properties": {"source": "16121192", "target": "26250745"}}, {"type": "Feature", "geometry": {"type": "LineString", "coordinates": [[102.44955471497735, 59.931792630325006], [102.4015969958142, 59.91821166004681]]}, "properties": {"source": "16121192", "target": "25583758"}}, {"type": "Feature", "geometry": {"type": "LineString", "coordinates": [[102.44955471497735, 59.931792630325006], [102.41310247153882, 59.91223709111695]]}, "properties": {"source": "16121192", "target": "7728119"}}, {"type": "Feature", "geometry": {"type": "LineString", "coordinates": [[102.44955471497735, 59.931792630325006], [102.47157645175503, 59.92569359453253]]}, "properties": {"source": "16121192", "target": "30360528"}}, {"type": "Feature", "geometry": {"type": "LineString", "coordinates": [[102.44955471497735, 59.931792630325006], [102.39876097951907, 59.918353730346354]]}, "properties": {"source": "16121192", "target": "30747423"}}, {"type": "Feature", "geometry": {"type": "LineString", "coordinates": [[102.44955471497735, 59.931792630325006], [102.47054540090238, 59.919472099736254]]}, "properties": {"source": "16121192", "target": "16252506"}}, {"type": "Feature", "geometry": {"type": "LineString", "coordinates": [[102.45130639129837, 59.910487385699426], [102.43487062709835, 59.93142973857586]]}, "properties": {"source": "18053542", "target": "25805770"}}, {"type": "Feature", "geometry": {"type": "LineString", "coordinates": [[102.45130639129837, 59.910487385699426], [102.46574745518728, 59.92157385026036]]}, "properties": {"source": "18053542", "target": "20654061"}}, {"type": "Feature", "geometry": {"type": "LineString", "coordinates": [[102.45130639129837, 59.910487385699426], [102.43206615130924, 59.91768605500641]]}, "properties": {"source": "18053542", "target": "18069754"}}, {"type": "Feature", "geometry": {"type": "LineString", "coordinates": [[102.45130639129837, 59.910487385699426], [102.43286848305473, 59.93120189876231]]}, "properties": {"source": "18053542", "target": "18349868"}}, {"type": "Feature", "geometry": {"type": "LineString", "coordinates": [[102.45130639129837, 59.910487385699426], [102.46046083900808, 59.92740287532048]]}, "properties": {"source": "18053542", "target": "17794166"}}, {"type": "Feature", "geometry": {"type": "LineString", "coordinates": [[102.45130639129837, 59.910487385699426], [102.44752017332928, 59.91359403080142]]}, "properties": {"source": "18053542", "target": "20495135"}}, {"type": "Feature", "geometry": {"type": "LineString", "coordinates": [[102.45130639129837, 59.910487385699426], [102.4522346368849, 59.92976213876213]]}, "properties": {"source": "18053542", "target": "17285123"}}, {"type": "Feature", "geometry": {"type": "LineString", "coordinates": [[102.42878592032594, 59.93023707170481], [102.42310843017134, 59.9320912411051]]}, "properties": {"source": "23348155", "target": "23630452"}}, {"type": "Feature", "geometry": {"type": "LineString", "coordinates": [[102.42878592032594, 59.93023707170481], [102.40874151185955, 59.92785790292896]]}, "properties": {"source": "23348155", "target": "23460615"}}, {"type": "Feature", "geometry": {"type": "LineString", "coordinates": [[102.42878592032594, 59.93023707170481], [102.44393543816221, 59.927069716687924]]}, "properties": {"source": "23348155", "target": "23443878"}}, {"type": "Feature", "geometry": {"type": "LineString", "coordinates": [[102.42101202703304, 59.91666923031187], [102.39876097951907, 59.918353730346354]]}, "properties": {"source": "26850506", "target": "30747423"}}, {"type": "Feature", "geometry": {"type": "LineString", "coordinates": [[102.42101202703304, 59.91666923031187], [102.45604823847981, 59.917689638735766]]}, "properties": {"source": "26850506", "target": "32288147"}}, {"type": "Feature", "geometry": {"type": "LineString", "coordinates": [[102.42101202703304, 59.91666923031187], [102.43487062709835, 59.93142973857586]]}, "properties": {"source": "26850506", "target": "25805770"}}, {"type": "Feature", "geometry": {"type": "LineString", "coordinates": [[102.42101202703304, 59.91666923031187], [102.44459224318183, 59.923864448393985]]}, "properties": {"source": "26850506", "target": "26014440"}}, {"type": "Feature", "geometry": {"type": "LineString", "coordinates": [[102.42101202703304, 59.91666923031187], [102.4000238402258, 59.917777136493086]]}, "properties": {"source": "26850506", "target": "26250778"}}, {"type": "Feature", "geometry": {"type": "LineString", "coordinates": [[102.42101202703304, 59.91666923031187], [102.42770501747168, 59.91687964510115]]}, "properties": {"source": "26850506", "target": "25005226"}}, {"type": "Feature", "geometry": {"type": "LineString", "coordinates": [[102.42101202703304, 59.91666923031187], [102.4107584166199, 59.921752026961485]]}, "properties": {"source": "26850506", "target": "25121115"}}, {"type": "Feature", "geometry": {"type": "LineString", "coordinates": [[102.42101202703304, 59.91666923031187], [102.42992111469681, 59.93191701349083]]}, "properties": {"source": "26850506", "target": "26250720"}}, {"type": "Feature", "geometry": {"type": "LineString", "coordinates": [[102.42101202703304, 59.91666923031187], [102.46263894581506, 59.91109483287934]]}, "properties": {"source": "26850506", "target": "25847540"}}, {"type": "Feature", "geometry": {"type": "LineString", "coordinates": [[102.42101202703304, 59.91666923031187], [102.41359117299271, 59.93251647315415]]}, "properties": {"source": "26850506", "target": "25956835"}}, {"type": "Feature", "geometry": {"type": "LineString", "coordinates": [[102.44393543816221, 59.927069716687924], [102.42310843017134, 59.9320912411051]]}, "properties": {"source": "23443878", "target": "23630452"}}, {"type": "Feature", "geometry": {"type": "LineString", "coordinates": [[102.44393543816221, 59.927069716687924], [102.42132677657446, 59.920005059779115]]}, "properties": {"source": "23443878", "target": "22907796"}}, {"type": "Feature", "geometry": {"type": "LineString", "coordinates": [[102.44393543816221, 59.927069716687924], [102.46475998675311, 59.930309276919886]]}, "properties": {"source": "23443878", "target": "27731853"}}, {"type": "Feature", "geometry": {"type": "LineString", "coordinates": [[102.44393543816221, 59.927069716687924], [102.41678992021099, 59.9137470830745]]}, "properties": {"source": "23443878", "target": "27732137"}}, {"type": "Feature", "geometry": {"type": "LineString", "coordinates": [[102.44393543816221, 59.927069716687924], [102.4469988720769, 59.90820051246811]]}, "properties": {"source": "23443878", "target": "22255407"}}, {"type": "Feature", "geometry": {"type": "LineString", "coordinates": [[102.44393543816221, 59.927069716687924], [102.40128392130521, 59.91887744953853]]}, "properties": {"source": "23443878", "target": "25684799"}}, {"type": "Feature", "geometry": {"type": "LineString", "coordinates": [[102.43878921399573, 59.91862067584388], [102.46046083900808, 59.92740287532048]]}, "properties": {"source": "17926774", "target": "17794166"}}, {"type": "Feature", "geometry": {"type": "LineString", "coordinates": [[102.42116531431748, 59.92322868588302], [102.46573540748483, 59.923981063287]]}, "properties": {"source": "24520060", "target": "25712913"}}, {"type": "Feature", "geometry": {"type": "LineString", "coordinates": [[102.42116531431748, 59.92322868588302], [102.44454919268878, 59.92595604665763]]}, "properties": {"source": "24520060", "target": "22517421"}}, {"type": "Feature", "geometry": {"type": "LineString", "coordinates": [[102.42116531431748, 59.92322868588302], [102.43489372769488, 59.908998239938256]]}, "properties": {"source": "24520060", "target": "18583347"}}, {"type": "Feature", "geometry": {"type": "LineString", "coordinates": [[102.42116531431748, 59.92322868588302], [102.42835425198814, 59.91253009985975]]}, "properties": {"source": "24520060", "target": "28209639"}}, {"type": "Feature", "geometry": {"type": "LineString", "coordinates": [[102.42116531431748, 59.92322868588302], [102.45506822008923, 59.92701094920406]]}, "properties": {"source": "24520060", "target": "13616714"}}, {"type": "Feature", "geometry": {"type": "LineString", "coordinates": [[102.46386481895257, 59.91267836741859], [102.42132677657446, 59.920005059779115]]}, "properties": {"source": "18190711", "target": "22907796"}}, {"type": "Feature", "geometry": {"type": "LineString", "coordinates": [[102.46386481895257, 59.91267836741859], [102.4469988720769, 59.90820051246811]]}, "properties": {"source": "18190711", "target": "22255407"}}, {"type": "Feature", "geometry": {"type": "LineString", "coordinates": [[102.46386481895257, 59.91267836741859], [102.41109062347198, 59.92985334552752]]}, "properties": {"source": "18190711", "target": "20911913"}}, {"type": "Feature", "geometry": {"type": "LineString", "coordinates": [[102.46386481895257, 59.91267836741859], [102.46514759320354, 59.911255418632365]]}, "properties": {"source": "18190711", "target": "21452685"}}, {"type": "Feature", "geometry": {"type": "LineString", "coordinates": [[102.46386481895257, 59.91267836741859], [102.46615850680791, 59.92793935206538]]}, "properties": {"source": "18190711", "target": "12718015"}}, {"type": "Feature", "geometry": {"type": "LineString", "coordinates": [[102.40372743047777, 59.9283899373828], [102.40158025864713, 59.92798023559935]]}, "properties": {"source": "29341303", "target": "29983621"}}, {"type": "Feature", "geometry": {"type": "LineString", "coordinates": [[102.40372743047777, 59.9283899373828], [102.42310843017134, 59.9320912411051]]}, "properties": {"source": "29341303", "target": "23630452"}}, {"type": "Feature", "geometry": {"type": "LineString", "coordinates": [[102.40372743047777, 59.9283899373828], [102.46475998675311, 59.930309276919886]]}, "properties": {"source": "29341303", "target": "27731853"}}, {"type": "Feature", "geometry": {"type": "LineString", "coordinates": [[102.40372743047777, 59.9283899373828], [102.41678992021099, 59.9137470830745]]}, "properties": {"source": "29341303", "target": "27732137"}}, {"type": "Feature", "geometry": {"type": "LineString", "coordinates": [[102.46386481895257, 59.91267836741859], [102.44393543816221, 59.927069716687924]]}, "properties": {"source": "18190711", "target": "23443878"}}, {"type": "Feature", "geometry": {"type": "LineString", "coordinates": [[102.42593322236246, 59.925189882782135], [102.45702815273927, 59.923874143127804]]}, "properties": {"source": "24933555", "target": "25996362"}}, {"type": "Feature", "geometry": {"type": "LineString", "coordinates": [[102.42593322236246, 59.925189882782135], [102.42116531431748, 59.92322868588302]]}, "properties": {"source": "24933555", "target": "24520060"}}, {"type": "Feature", "geometry": {"type": "LineString", "coordinates": [[102.42593322236246, 59.925189882782135], [102.44454919268878, 59.92595604665763]]}, "properties": {"source": "24933555", "target": "22517421"}}, {"type": "Feature", "geometry": {"type": "LineString", "coordinates": [[102.46905285137927, 59.914062775562], [102.42033534152449, 59.92927343845204]]}, "properties": {"source": "26228886", "target": "28424751"}}, {"type": "Feature", "geometry": {"type": "LineString", "coordinates": [[102.46905285137927, 59.914062775562], [102.43922376789072, 59.93289067491828]]}, "properties": {"source": "26228886", "target": "26250745"}}, {"type": "Feature", "geometry": {"type": "LineString", "coordinates": [[102.46905285137927, 59.914062775562], [102.47157645175503, 59.92569359453253]]}, "properties": {"source": "26228886", "target": "30360528"}}, {"type": "Feature", "geometry": {"type": "LineString", "coordinates": [[102.46905285137927, 59.914062775562], [102.39876097951907, 59.918353730346354]]}, "properties": {"source": "26228886", "target": "30747423"}}, {"type": "Feature", "geometry": {"type": "LineString", "coordinates": [[102.46905285137927, 59.914062775562], [102.45604823847981, 59.917689638735766]]}, "properties": {"source": "26228886", "target": "32288147"}}, {"type": "Feature", "geometry": {"type": "LineString", "coordinates": [[102.46905285137927, 59.914062775562], [102.45672921795244, 59.9150036331164]]}, "properties": {"source": "26228886", "target": "27906458"}}, {"type": "Feature", "geometry": {"type": "LineString", "coordinates": [[102.46905285137927, 59.914062775562], [102.45236853219643, 59.919067215531186]]}, "properties": {"source": "26228886", "target": "28822089"}}, {"type": "Feature", "geometry": {"type": "LineString", "coordinates": [[102.46905285137927, 59.914062775562], [102.42101202703304, 59.91666923031187]]}, "properties": {"source": "26228886", "target": "26850506"}}, {"type": "Feature", "geometry": {"type": "LineString", "coordinates": [[102.46905285137927, 59.914062775562], [102.42992111469681, 59.93191701349083]]}, "properties": {"source": "26228886", "target": "26250720"}}, {"type": "Feature", "geometry": {"type": "LineString", "coordinates": [[102.40355966912995, 59.917369773638214], [102.46573540748483, 59.923981063287]]}, "properties": {"source": "25649238", "target": "25712913"}}, {"type": "Feature", "geometry": {"type": "LineString", "coordinates": [[102.40355966912995, 59.917369773638214], [102.45702815273927, 59.923874143127804]]}, "properties": {"source": "25649238", "target": "25996362"}}, {"type": "Feature", "geometry": {"type": "LineString", "coordinates": [[102.40355966912995, 59.917369773638214], [102.42116531431748, 59.92322868588302]]}, "properties": {"source": "25649238", "target": "24520060"}}, {"type": "Feature", "geometry": {"type": "LineString", "coordinates": [[102.40355966912995, 59.917369773638214], [102.41715457049531, 59.92696393042034]]}, "properties": {"source": "25649238", "target": "27019562"}}, {"type": "Feature", "geometry": {"type": "LineString", "coordinates": [[102.44810116572916, 59.93159699374425], [102.44153945341685, 59.925632372085616]]}, "properties": {"source": "9814451", "target": "9820929"}}, {"type": "Feature", "geometry": {"type": "LineString", "coordinates": [[102.44810116572916, 59.93159699374425], [102.44435563092173, 59.910635497595905]]}, "properties": {"source": "9814451", "target": "7574749"}}, {"type": "Feature", "geometry": {"type": "LineString", "coordinates": [[102.44810116572916, 59.93159699374425], [102.41447892603031, 59.91478758295611]]}, "properties": {"source": "9814451", "target": "9921367"}}, {"type": "Feature", "geometry": {"type": "LineString", "coordinates": [[102.44810116572916, 59.93159699374425], [102.46545840642631, 59.9250386380955]]}, "properties": {"source": "9814451", "target": "9899500"}}, {"type": "Feature", "geometry": {"type": "LineString", "coordinates": [[102.44810116572916, 59.93159699374425], [102.39730084339516, 59.91766880229888]]}, "properties": {"source": "9814451", "target": "9809057"}}, {"type": "Feature", "geometry": {"type": "LineString", "coordinates": [[102.44810116572916, 59.93159699374425], [102.44657667884445, 59.93114907668463]]}, "properties": {"source": "9814451", "target": "7636653"}}, {"type": "Feature", "geometry": {"type": "LineString", "coordinates": [[102.44810116572916, 59.93159699374425], [102.42443341431851, 59.9147610251879]]}, "properties": {"source": "9814451", "target": "5478385"}}, {"type": "Feature", "geometry": {"type": "LineString", "coordinates": [[102.44810116572916, 59.93159699374425], [102.46367992981743, 59.91651446566853]]}, "properties": {"source": "9814451", "target": "9844910"}}, {"type": "Feature", "geometry": {"type": "LineString", "coordinates": [[102.44810116572916, 59.93159699374425], [102.40670289241422, 59.92014965666152]]}, "properties": {"source": "9814451", "target": "9934477"}}, {"type": "Feature", "geometry": {"type": "LineString", "coordinates": [[102.44810116572916, 59.93159699374425], [102.4029684599306, 59.92464422368624]]}, "properties": {"source": "9814451", "target": "9869795"}}, {"type": "Feature", "geometry": {"type": "LineString", "coordinates": [[102.44810116572916, 59.93159699374425], [102.40762137013502, 59.91259861243185]]}, "properties": {"source": "9814451", "target": "8474790"}}, {"type": "Feature", "geometry": {"type": "LineString", "coordinates": [[102.44810116572916, 59.93159699374425], [102.4251336899656, 59.91215324354239]]}, "properties": {"source": "9814451", "target": "841582"}}, {"type": "Feature", "geometry": {"type": "LineString", "coordinates": [[102.44810116572916, 59.93159699374425], [102.40701540369895, 59.92390137915392]]}, "properties": {"source": "9814451", "target": "9820802"}}, {"type": "Feature", "geometry": {"type": "LineString", "coordinates": [[102.4688792934686, 59.92431315238282], [102.40934937797311, 59.910400254096714]]}, "properties": {"source": "30325549", "target": "28419659"}}, {"type": "Feature", "geometry": {"type": "LineString", "coordinates": [[102.4688792934686, 59.92431315238282], [102.40158025864713, 59.92798023559935]]}, "properties": {"source": "30325549", "target": "29983621"}}, {"type": "Feature", "geometry": {"type": "LineString", "coordinates": [[102.4688792934686, 59.92431315238282], [102.45611160819863, 59.92819414821213]]}, "properties": {"source": "30325549", "target": "29343927"}}, {"type": "Feature", "geometry": {"type": "LineString", "coordinates": [[102.39804964777323, 59.92280292922294], [102.43620739402797, 59.93077616132955]]}, "properties": {"source": "20691197", "target": "23676959"}}, {"type": "Feature", "geometry": {"type": "LineString", "coordinates": [[102.39804964777323, 59.92280292922294], [102.46428718918219, 59.925700769499386]]}, "properties": {"source": "20691197", "target": "23015660"}}, {"type": "Feature", "geometry": {"type": "LineString", "coordinates": [[102.39804964777323, 59.92280292922294], [102.41115695175637, 59.921667345972836]]}, "properties": {"source": "20691197", "target": "22307585"}}, {"type": "Feature", "geometry": {"type": "LineString", "coordinates": [[102.39804964777323, 59.92280292922294], [102.41104758989229, 59.93298744464015]]}, "properties": {"source": "20691197", "target": "22926554"}}, {"type": "Feature", "geometry": {"type": "LineString", "coordinates": [[102.39804964777323, 59.92280292922294], [102.45095523842645, 59.91613949048548]]}, "properties": {"source": "20691197", "target": "23343012"}}, {"type": "Feature", "geometry": {"type": "LineString", "coordinates": [[102.39804964777323, 59.92280292922294], [102.46665049712675, 59.91986315141804]]}, "properties": {"source": "20691197", "target": "18170687"}}, {"type": "Feature", "geometry": {"type": "LineString", "coordinates": [[102.39804964777323, 59.92280292922294], [102.40734213396098, 59.93070554766848]]}, "properties": {"source": "20691197", "target": "21894831"}}, {"type": "Feature", "geometry": {"type": "LineString", "coordinates": [[102.39804964777323, 59.92280292922294], [102.4356610789381, 59.92989803216447]]}, "properties": {"source": "20691197", "target": "17667961"}}, {"type": "Feature", "geometry": {"type": "LineString", "coordinates": [[102.39804964777323, 59.92280292922294], [102.42200002625441, 59.923755413142445]]}, "properties": {"source": "20691197", "target": "23447946"}}, {"type": "Feature", "geometry": {"type": "LineString", "coordinates": [[102.39804964777323, 59.92280292922294], [102.42423596296044, 59.92397484351328]]}, "properties": {"source": "20691197", "target": "17189105"}}, {"type": "Feature", "geometry": {"type": "LineString", "coordinates": [[102.39804964777323, 59.92280292922294], [102.45652408388673, 59.92306164601435]]}, "properties": {"source": "20691197", "target": "1714988"}}, {"type": "Feature", "geometry": {"type": "LineString", "coordinates": [[102.39804964777323, 59.92280292922294], [102.4012340305145, 59.910128740177925]]}, "properties": {"source": "20691197", "target": "17318786"}}, {"type": "Feature", "geometry": {"type": "LineString", "coordinates": [[102.42031930928556, 59.91701243428288], [102.42033534152449, 59.92927343845204]]}, "properties": {"source": "31136216", "target": "28424751"}}, {"type": "Feature", "geometry": {"type": "LineString", "coordinates": [[102.42031930928556, 59.91701243428288], [102.45035832375777, 59.92269266720484]]}, "properties": {"source": "31136216", "target": "6151135"}}, {"type": "Feature", "geometry": {"type": "LineString", "coordinates": [[102.42031930928556, 59.91701243428288], [102.41310247153882, 59.91223709111695]]}, "properties": {"source": "31136216", "target": "7728119"}}, {"type": "Feature", "geometry": {"type": "LineString", "coordinates": [[102.42031930928556, 59.91701243428288], [102.47157645175503, 59.92569359453253]]}, "properties": {"source": "31136216", "target": "30360528"}}, {"type": "Feature", "geometry": {"type": "LineString", "coordinates": [[102.40128392130521, 59.91887744953853], [102.46475998675311, 59.930309276919886]]}, "properties": {"source": "25684799", "target": "27731853"}}, {"type": "Feature", "geometry": {"type": "LineString", "coordinates": [[102.40128392130521, 59.91887744953853], [102.4469988720769, 59.90820051246811]]}, "properties": {"source": "25684799", "target": "22255407"}}, {"type": "Feature", "geometry": {"type": "LineString", "coordinates": [[102.40128392130521, 59.91887744953853], [102.43201814376715, 59.915802761956755]]}, "properties": {"source": "25684799", "target": "23480212"}}, {"type": "Feature", "geometry": {"type": "LineString", "coordinates": [[102.4060037999252, 59.91750893398137], [102.4343764669257, 59.90969895299935]]}, "properties": {"source": "26167913", "target": "30820064"}}, {"type": "Feature", "geometry": {"type": "LineString", "coordinates": [[102.4060037999252, 59.91750893398137], [102.46917951406647, 59.90876516684763]]}, "properties": {"source": "26167913", "target": "25906369"}}, {"type": "Feature", "geometry": {"type": "LineString", "coordinates": [[102.4060037999252, 59.91750893398137], [102.4697982788158, 59.92147032240477]]}, "properties": {"source": "26167913", "target": "28107590"}}, {"type": "Feature", "geometry": {"type": "LineString", "coordinates": [[102.4060037999252, 59.91750893398137], [102.40094903355418, 59.91235723677623]]}, "properties": {"source": "26167913", "target": "25965323"}}, {"type": "Feature", "geometry": {"type": "LineString", "coordinates": [[102.4060037999252, 59.91750893398137], [102.44456771327896, 59.91151686749453]]}, "properties": {"source": "26167913", "target": "26191920"}}, {"type": "Feature", "geometry": {"type": "LineString", "coordinates": [[102.4060037999252, 59.91750893398137], [102.42028443649315, 59.90936149299846]]}, "properties": {"source": "26167913", "target": "13616708"}}, {"type": "Feature", "geometry": {"type": "LineString", "coordinates": [[102.4060037999252, 59.91750893398137], [102.4164258049143, 59.9268502403898]]}, "properties": {"source": "26167913", "target": "25507544"}}, {"type": "Feature", "geometry": {"type": "LineString", "coordinates": [[102.4060037999252, 59.91750893398137], [102.41432858418204, 59.91284855256721]]}, "properties": {"source": "26167913", "target": "23675252"}}, {"type": "Feature", "geometry": {"type": "LineString", "coordinates": [[102.4060037999252, 59.91750893398137], [102.4590928273862, 59.91732764114127]]}, "properties": {"source": "26167913", "target": "26628034"}}, {"type": "Feature", "geometry": {"type": "LineString", "coordinates": [[102.4060037999252, 59.91750893398137], [102.44924141591616, 59.919752386977024]]}, "properties": {"source": "26167913", "target": "22361480"}}, {"type": "Feature", "geometry": {"type": "LineString", "coordinates": [[102.4060037999252, 59.91750893398137], [102.44318970830926, 59.92104144866413]]}, "properties": {"source": "26167913", "target": "29355903"}}, {"type": "Feature", "geometry": {"type": "LineString", "coordinates": [[102.4060037999252, 59.91750893398137], [102.40832209812817, 59.9316033464265]]}, "properties": {"source": "26167913", "target": "13007551"}}, {"type": "Feature", "geometry": {"type": "LineString", "coordinates": [[102.4060037999252, 59.91750893398137], [102.43511474685937, 59.92905974548647]]}, "properties": {"source": "26167913", "target": "23342059"}}, {"type": "Feature", "geometry": {"type": "LineString", "coordinates": [[102.42375332557265, 59.91202500779774], [102.42059337148561, 59.92123842260732]]}, "properties": {"source": "21854026", "target": "24834646"}}, {"type": "Feature", "geometry": {"type": "LineString", "coordinates": [[102.42375332557265, 59.91202500779774], [102.42310843017134, 59.9320912411051]]}, "properties": {"source": "21854026", "target": "23630452"}}, {"type": "Feature", "geometry": {"type": "LineString", "coordinates": [[102.42375332557265, 59.91202500779774], [102.41153668251104, 59.919132630734936]]}, "properties": {"source": "21854026", "target": "26207901"}}, {"type": "Feature", "geometry": {"type": "LineString", "coordinates": [[102.42375332557265, 59.91202500779774], [102.40874151185955, 59.92785790292896]]}, "properties": {"source": "21854026", "target": "23460615"}}, {"type": "Feature", "geometry": {"type": "LineString", "coordinates": [[102.42375332557265, 59.91202500779774], [102.42132677657446, 59.920005059779115]]}, "properties": {"source": "21854026", "target": "22907796"}}, {"type": "Feature", "geometry": {"type": "LineString", "coordinates": [[102.42375332557265, 59.91202500779774], [102.4469988720769, 59.90820051246811]]}, "properties": {"source": "21854026", "target": "22255407"}}, {"type": "Feature", "geometry": {"type": "LineString", "coordinates": [[102.42375332557265, 59.91202500779774], [102.39907642682476, 59.91202953095822]]}, "properties": {"source": "21854026", "target": "23001808"}}, {"type": "Feature", "geometry": {"type": "LineString", "coordinates": [[102.42375332557265, 59.91202500779774], [102.40128392130521, 59.91887744953853]]}, "properties": {"source": "21854026", "target": "25684799"}}, {"type": "Feature", "geometry": {"type": "LineString", "coordinates": [[102.42375332557265, 59.91202500779774], [102.41109062347198, 59.92985334552752]]}, "properties": {"source": "21854026", "target": "20911913"}}, {"type": "Feature", "geometry": {"type": "LineString", "coordinates": [[102.42375332557265, 59.91202500779774], [102.46386481895257, 59.91267836741859]]}, "properties": {"source": "21854026", "target": "18190711"}}, {"type": "Feature", "geometry": {"type": "LineString", "coordinates": [[102.42375332557265, 59.91202500779774], [102.46514759320354, 59.911255418632365]]}, "properties": {"source": "21854026", "target": "21452685"}}, {"type": "Feature", "geometry": {"type": "LineString", "coordinates": [[102.42375332557265, 59.91202500779774], [102.46080320363308, 59.925910072530485]]}, "properties": {"source": "21854026", "target": "16148327"}}, {"type": "Feature", "geometry": {"type": "LineString", "coordinates": [[102.42375332557265, 59.91202500779774], [102.45742558058919, 59.92566345528874]]}, "properties": {"source": "21854026", "target": "12913946"}}, {"type": "Feature", "geometry": {"type": "LineString", "coordinates": [[102.42375332557265, 59.91202500779774], [102.41248571290487, 59.92524332995916]]}, "properties": {"source": "21854026", "target": "13127397"}}, {"type": "Feature", "geometry": {"type": "LineString", "coordinates": [[102.42375332557265, 59.91202500779774], [102.44393543816221, 59.927069716687924]]}, "properties": {"source": "21854026", "target": "23443878"}}, {"type": "Feature", "geometry": {"type": "LineString", "coordinates": [[102.42375332557265, 59.91202500779774], [102.41862518215453, 59.9170332545157]]}, "properties": {"source": "21854026", "target": "18265836"}}, {"type": "Feature", "geometry": {"type": "LineString", "coordinates": [[102.46487889149796, 59.9290082763177], [102.40928355461108, 59.92191742610332]]}, "properties": {"source": "381231", "target": "41955"}}, {"type": "Feature", "geometry": {"type": "LineString", "coordinates": [[102.4663432041358, 59.91971260631432], [102.39694127204262, 59.928108977815086]]}, "properties": {"source": "25762284", "target": "28552305"}}, {"type": "Feature", "geometry": {"type": "LineString", "coordinates": [[102.4663432041358, 59.91971260631432], [102.45702815273927, 59.923874143127804]]}, "properties": {"source": "25762284", "target": "25996362"}}, {"type": "Feature", "geometry": {"type": "LineString", "coordinates": [[102.4663432041358, 59.91971260631432], [102.41067192779155, 59.9278699621608]]}, "properties": {"source": "25762284", "target": "27969314"}}, {"type": "Feature", "geometry": {"type": "LineString", "coordinates": [[102.4663432041358, 59.91971260631432], [102.469913257163, 59.91847410997775]]}, "properties": {"source": "25762284", "target": "27787060"}}, {"type": "Feature", "geometry": {"type": "LineString", "coordinates": [[102.41359117299271, 59.93251647315415], [102.42033534152449, 59.92927343845204]]}, "properties": {"source": "25956835", "target": "28424751"}}, {"type": "Feature", "geometry": {"type": "LineString", "coordinates": [[102.41359117299271, 59.93251647315415], [102.43922376789072, 59.93289067491828]]}, "properties": {"source": "25956835", "target": "26250745"}}, {"type": "Feature", "geometry": {"type": "LineString", "coordinates": [[102.41359117299271, 59.93251647315415], [102.47157645175503, 59.92569359453253]]}, "properties": {"source": "25956835", "target": "30360528"}}, {"type": "Feature", "geometry": {"type": "LineString", "coordinates": [[102.41359117299271, 59.93251647315415], [102.39876097951907, 59.918353730346354]]}, "properties": {"source": "25956835", "target": "30747423"}}, {"type": "Feature", "geometry": {"type": "LineString", "coordinates": [[102.41359117299271, 59.93251647315415], [102.45604823847981, 59.917689638735766]]}, "properties": {"source": "25956835", "target": "32288147"}}, {"type": "Feature", "geometry": {"type": "LineString", "coordinates": [[102.41359117299271, 59.93251647315415], [102.45236853219643, 59.919067215531186]]}, "properties": {"source": "25956835", "target": "28822089"}}, {"type": "Feature", "geometry": {"type": "LineString", "coordinates": [[102.442847143314, 59.91204121945819], [102.45377016537674, 59.933250318527215]]}, "properties": {"source": "10255230", "target": "25135041"}}, {"type": "Feature", "geometry": {"type": "LineString", "coordinates": [[102.442847143314, 59.91204121945819], [102.44857086768633, 59.915403603892216]]}, "properties": {"source": "10255230", "target": "24202563"}}, {"type": "Feature", "geometry": {"type": "LineString", "coordinates": [[102.442847143314, 59.91204121945819], [102.45679913088742, 59.92470297074421]]}, "properties": {"source": "10255230", "target": "28419686"}}, {"type": "Feature", "geometry": {"type": "LineString", "coordinates": [[102.442847143314, 59.91204121945819], [102.42332846378446, 59.92545954329171]]}, "properties": {"source": "10255230", "target": "18141113"}}, {"type": "Feature", "geometry": {"type": "LineString", "coordinates": [[102.442847143314, 59.91204121945819], [102.47126096899325, 59.926524558253874]]}, "properties": {"source": "10255230", "target": "24142972"}}, {"type": "Feature", "geometry": {"type": "LineString", "coordinates": [[102.40158025864713, 59.92798023559935], [102.40408909020795, 59.92549850059409]]}, "properties": {"source": "29983621", "target": "31963638"}}, {"type": "Feature", "geometry": {"type": "LineString", "coordinates": [[102.40158025864713, 59.92798023559935], [102.4183754548119, 59.93178828622838]]}, "properties": {"source": "29983621", "target": "26870323"}}, {"type": "Feature", "geometry": {"type": "LineString", "coordinates": [[102.40158025864713, 59.92798023559935], [102.40628233451429, 59.9126385801366]]}, "properties": {"source": "29983621", "target": "25614093"}}, {"type": "Feature", "geometry": {"type": "LineString", "coordinates": [[102.42059337148561, 59.92123842260732], [102.41044870100734, 59.91037669612824]]}, "properties": {"source": "24834646", "target": "25135051"}}, {"type": "Feature", "geometry": {"type": "LineString", "coordinates": [[102.42059337148561, 59.92123842260732], [102.45507065092852, 59.915354160862066]]}, "properties": {"source": "24834646", "target": "26808473"}}, {"type": "Feature", "geometry": {"type": "LineString", "coordinates": [[102.42059337148561, 59.92123842260732], [102.43392493029734, 59.92208943546656]]}, "properties": {"source": "24834646", "target": "25178503"}}, {"type": "Feature", "geometry": {"type": "LineString", "coordinates": [[102.42059337148561, 59.92123842260732], [102.45377016537674, 59.933250318527215]]}, "properties": {"source": "24834646", "target": "25135041"}}, {"type": "Feature", "geometry": {"type": "LineString", "coordinates": [[102.42059337148561, 59.92123842260732], [102.46573540748483, 59.923981063287]]}, "properties": {"source": "24834646", "target": "25712913"}}, {"type": "Feature", "geometry": {"type": "LineString", "coordinates": [[102.42059337148561, 59.92123842260732], [102.42310843017134, 59.9320912411051]]}, "properties": {"source": "24834646", "target": "23630452"}}, {"type": "Feature", "geometry": {"type": "LineString", "coordinates": [[102.42059337148561, 59.92123842260732], [102.40874151185955, 59.92785790292896]]}, "properties": {"source": "24834646", "target": "23460615"}}, {"type": "Feature", "geometry": {"type": "LineString", "coordinates": [[102.42059337148561, 59.92123842260732], [102.42132677657446, 59.920005059779115]]}, "properties": {"source": "24834646", "target": "22907796"}}, {"type": "Feature", "geometry": {"type": "LineString", "coordinates": [[102.42059337148561, 59.92123842260732], [102.45702815273927, 59.923874143127804]]}, "properties": {"source": "24834646", "target": "25996362"}}, {"type": "Feature", "geometry": {"type": "LineString", "coordinates": [[102.42059337148561, 59.92123842260732], [102.46475998675311, 59.930309276919886]]}, "properties": {"source": "24834646", "target": "27731853"}}, {"type": "Feature", "geometry": {"type": "LineString", "coordinates": [[102.42059337148561, 59.92123842260732], [102.40203588533478, 59.919959936843824]]}, "properties": {"source": "24834646", "target": "29856290"}}, {"type": "Feature", "geometry": {"type": "LineString", "coordinates": [[102.42059337148561, 59.92123842260732], [102.43511474685937, 59.92905974548647]]}, "properties": {"source": "24834646", "target": "23342059"}}, {"type": "Feature", "geometry": {"type": "LineString", "coordinates": [[102.42059337148561, 59.92123842260732], [102.44393543816221, 59.927069716687924]]}, "properties": {"source": "24834646", "target": "23443878"}}, {"type": "Feature", "geometry": {"type": "LineString", "coordinates": [[102.43937799765678, 59.91502830195266], [102.39876097951907, 59.918353730346354]]}, "properties": {"source": "16117117", "target": "30747423"}}, {"type": "Feature", "geometry": {"type": "LineString", "coordinates": [[102.43937799765678, 59.91502830195266], [102.47054540090238, 59.919472099736254]]}, "properties": {"source": "16117117", "target": "16252506"}}, {"type": "Feature", "geometry": {"type": "LineString", "coordinates": [[102.43937799765678, 59.91502830195266], [102.44793568333768, 59.91574362099696]]}, "properties": {"source": "16117117", "target": "16097516"}}, {"type": "Feature", "geometry": {"type": "LineString", "coordinates": [[102.40189842878664, 59.91336462733378], [102.46473786970023, 59.93017473839721]]}, "properties": {"source": "30179810", "target": "25619005"}}, {"type": "Feature", "geometry": {"type": "LineString", "coordinates": [[102.40189842878664, 59.91336462733378], [102.45391719948458, 59.914316100501836]]}, "properties": {"source": "30179810", "target": "25789592"}}, {"type": "Feature", "geometry": {"type": "LineString", "coordinates": [[102.40189842878664, 59.91336462733378], [102.42443784105825, 59.913057385873884]]}, "properties": {"source": "30179810", "target": "2799212"}}, {"type": "Feature", "geometry": {"type": "LineString", "coordinates": [[102.40189842878664, 59.91336462733378], [102.47018143064616, 59.92261653705927]]}, "properties": {"source": "30179810", "target": "11474482"}}, {"type": "Feature", "geometry": {"type": "LineString", "coordinates": [[102.40189842878664, 59.91336462733378], [102.44835267428806, 59.92338255457646]]}, "properties": {"source": "30179810", "target": "12171919"}}, {"type": "Feature", "geometry": {"type": "LineString", "coordinates": [[102.40189842878664, 59.91336462733378], [102.45808828730588, 59.92104590713339]]}, "properties": {"source": "30179810", "target": "1143742"}}, {"type": "Feature", "geometry": {"type": "LineString", "coordinates": [[102.42443341431851, 59.9147610251879], [102.41310247153882, 59.91223709111695]]}, "properties": {"source": "5478385", "target": "7728119"}}, {"type": "Feature", "geometry": {"type": "LineString", "coordinates": [[102.42443341431851, 59.9147610251879], [102.47157645175503, 59.92569359453253]]}, "properties": {"source": "5478385", "target": "30360528"}}, {"type": "Feature", "geometry": {"type": "LineString", "coordinates": [[102.42443341431851, 59.9147610251879], [102.39876097951907, 59.918353730346354]]}, "properties": {"source": "5478385", "target": "30747423"}}, {"type": "Feature", "geometry": {"type": "LineString", "coordinates": [[102.42443341431851, 59.9147610251879], [102.45604823847981, 59.917689638735766]]}, "properties": {"source": "5478385", "target": "32288147"}}, {"type": "Feature", "geometry": {"type": "LineString", "coordinates": [[102.42443341431851, 59.9147610251879], [102.45236853219643, 59.919067215531186]]}, "properties": {"source": "5478385", "target": "28822089"}}, {"type": "Feature", "geometry": {"type": "LineString", "coordinates": [[102.42443341431851, 59.9147610251879], [102.4343764669257, 59.90969895299935]]}, "properties": {"source": "5478385", "target": "30820064"}}, {"type": "Feature", "geometry": {"type": "LineString", "coordinates": [[102.42443341431851, 59.9147610251879], [102.4249159669352, 59.919751624706024]]}, "properties": {"source": "5478385", "target": "9036235"}}, {"type": "Feature", "geometry": {"type": "LineString", "coordinates": [[102.42031930928556, 59.91701243428288], [102.39876097951907, 59.918353730346354]]}, "properties": {"source": "31136216", "target": "30747423"}}, {"type": "Feature", "geometry": {"type": "LineString", "coordinates": [[102.42031930928556, 59.91701243428288], [102.45604823847981, 59.917689638735766]]}, "properties": {"source": "31136216", "target": "32288147"}}, {"type": "Feature", "geometry": {"type": "LineString", "coordinates": [[102.42031930928556, 59.91701243428288], [102.45672921795244, 59.9150036331164]]}, "properties": {"source": "31136216", "target": "27906458"}}, {"type": "Feature", "geometry": {"type": "LineString", "coordinates": [[102.42031930928556, 59.91701243428288], [102.45236853219643, 59.919067215531186]]}, "properties": {"source": "31136216", "target": "28822089"}}, {"type": "Feature", "geometry": {"type": "LineString", "coordinates": [[102.42031930928556, 59.91701243428288], [102.4343764669257, 59.90969895299935]]}, "properties": {"source": "31136216", "target": "30820064"}}, {"type": "Feature", "geometry": {"type": "LineString", "coordinates": [[102.42031930928556, 59.91701243428288], [102.40149377479719, 59.93293266458711]]}, "properties": {"source": "31136216", "target": "4518866"}}, {"type": "Feature", "geometry": {"type": "LineString", "coordinates": [[102.42031930928556, 59.91701243428288], [102.45873876460348, 59.930969376754675]]}, "properties": {"source": "31136216", "target": "7724830"}}, {"type": "Feature", "geometry": {"type": "LineString", "coordinates": [[102.42031930928556, 59.91701243428288], [102.42443341431851, 59.9147610251879]]}, "properties": {"source": "31136216", "target": "5478385"}}, {"type": "Feature", "geometry": {"type": "LineString", "coordinates": [[102.42031930928556, 59.91701243428288], [102.4251336899656, 59.91215324354239]]}, "properties": {"source": "31136216", "target": "841582"}}, {"type": "Feature", "geometry": {"type": "LineString", "coordinates": [[102.44276023014311, 59.92876068651452], [102.40158025864713, 59.92798023559935]]}, "properties": {"source": "34736796", "target": "29983621"}}, {"type": "Feature", "geometry": {"type": "LineString", "coordinates": [[102.44276023014311, 59.92876068651452], [102.39694127204262, 59.928108977815086]]}, "properties": {"source": "34736796", "target": "28552305"}}, {"type": "Feature", "geometry": {"type": "LineString", "coordinates": [[102.44276023014311, 59.92876068651452], [102.42310604366895, 59.92294563581471]]}, "properties": {"source": "34736796", "target": "30362445"}}, {"type": "Feature", "geometry": {"type": "LineString", "coordinates": [[102.44276023014311, 59.92876068651452], [102.44558693404412, 59.92915328017341]]}, "properties": {"source": "34736796", "target": "30357181"}}, {"type": "Feature", "geometry": {"type": "LineString", "coordinates": [[102.44276023014311, 59.92876068651452], [102.41723456065648, 59.91579672288705]]}, "properties": {"source": "34736796", "target": "28603123"}}, {"type": "Feature", "geometry": {"type": "LineString", "coordinates": [[102.44276023014311, 59.92876068651452], [102.46221615182014, 59.91957984210815]]}, "properties": {"source": "34736796", "target": "35182527"}}, {"type": "Feature", "geometry": {"type": "LineString", "coordinates": [[102.40367031746558, 59.9319408225541], [102.46473786970023, 59.93017473839721]]}, "properties": {"source": "18148449", "target": "25619005"}}, {"type": "Feature", "geometry": {"type": "LineString", "coordinates": [[102.45035832375777, 59.92269266720484], [102.41310247153882, 59.91223709111695]]}, "properties": {"source": "6151135", "target": "7728119"}}, {"type": "Feature", "geometry": {"type": "LineString", "coordinates": [[102.45035832375777, 59.92269266720484], [102.47157645175503, 59.92569359453253]]}, "properties": {"source": "6151135", "target": "30360528"}}, {"type": "Feature", "geometry": {"type": "LineString", "coordinates": [[102.45035832375777, 59.92269266720484], [102.39876097951907, 59.918353730346354]]}, "properties": {"source": "6151135", "target": "30747423"}}, {"type": "Feature", "geometry": {"type": "LineString", "coordinates": [[102.45035832375777, 59.92269266720484], [102.45604823847981, 59.917689638735766]]}, "properties": {"source": "6151135", "target": "32288147"}}, {"type": "Feature", "geometry": {"type": "LineString", "coordinates": [[102.45035832375777, 59.92269266720484], [102.45672921795244, 59.9150036331164]]}, "properties": {"source": "6151135", "target": "27906458"}}, {"type": "Feature", "geometry": {"type": "LineString", "coordinates": [[102.45035832375777, 59.92269266720484], [102.45236853219643, 59.919067215531186]]}, "properties": {"source": "6151135", "target": "28822089"}}, {"type": "Feature", "geometry": {"type": "LineString", "coordinates": [[102.45035832375777, 59.92269266720484], [102.47054540090238, 59.919472099736254]]}, "properties": {"source": "6151135", "target": "16252506"}}, {"type": "Feature", "geometry": {"type": "LineString", "coordinates": [[102.45035832375777, 59.92269266720484], [102.4343764669257, 59.90969895299935]]}, "properties": {"source": "6151135", "target": "30820064"}}, {"type": "Feature", "geometry": {"type": "LineString", "coordinates": [[102.45035832375777, 59.92269266720484], [102.40149377479719, 59.93293266458711]]}, "properties": {"source": "6151135", "target": "4518866"}}, {"type": "Feature", "geometry": {"type": "LineString", "coordinates": [[102.45035832375777, 59.92269266720484], [102.42101202703304, 59.91666923031187]]}, "properties": {"source": "6151135", "target": "26850506"}}, {"type": "Feature", "geometry": {"type": "LineString", "coordinates": [[102.45035832375777, 59.92269266720484], [102.43968198434146, 59.92571707927915]]}, "properties": {"source": "6151135", "target": "9823979"}}, {"type": "Feature", "geometry": {"type": "LineString", "coordinates": [[102.45035832375777, 59.92269266720484], [102.4508678814961, 59.9102720739742]]}, "properties": {"source": "6151135", "target": "17240414"}}, {"type": "Feature", "geometry": {"type": "LineString", "coordinates": [[102.45035832375777, 59.92269266720484], [102.45873876460348, 59.930969376754675]]}, "properties": {"source": "6151135", "target": "7724830"}}, {"type": "Feature", "geometry": {"type": "LineString", "coordinates": [[102.45035832375777, 59.92269266720484], [102.40186954334047, 59.928769089379315]]}, "properties": {"source": "6151135", "target": "9840035"}}, {"type": "Feature", "geometry": {"type": "LineString", "coordinates": [[102.45035832375777, 59.92269266720484], [102.4249159669352, 59.919751624706024]]}, "properties": {"source": "6151135", "target": "9036235"}}, {"type": "Feature", "geometry": {"type": "LineString", "coordinates": [[102.45035832375777, 59.92269266720484], [102.41455088840524, 59.919322570122944]]}, "properties": {"source": "6151135", "target": "13280888"}}, {"type": "Feature", "geometry": {"type": "LineString", "coordinates": [[102.40934937797311, 59.910400254096714], [102.45702815273927, 59.923874143127804]]}, "properties": {"source": "28419659", "target": "25996362"}}, {"type": "Feature", "geometry": {"type": "LineString", "coordinates": [[102.40934937797311, 59.910400254096714], [102.41067192779155, 59.9278699621608]]}, "properties": {"source": "28419659", "target": "27969314"}}, {"type": "Feature", "geometry": {"type": "LineString", "coordinates": [[102.40934937797311, 59.910400254096714], [102.42310604366895, 59.92294563581471]]}, "properties": {"source": "28419659", "target": "30362445"}}, {"type": "Feature", "geometry": {"type": "LineString", "coordinates": [[102.40934937797311, 59.910400254096714], [102.44558693404412, 59.92915328017341]]}, "properties": {"source": "28419659", "target": "30357181"}}, {"type": "Feature", "geometry": {"type": "LineString", "coordinates": [[102.40934937797311, 59.910400254096714], [102.469913257163, 59.91847410997775]]}, "properties": {"source": "28419659", "target": "27787060"}}, {"type": "Feature", "geometry": {"type": "LineString", "coordinates": [[102.40934937797311, 59.910400254096714], [102.45679913088742, 59.92470297074421]]}, "properties": {"source": "28419659", "target": "28419686"}}, {"type": "Feature", "geometry": {"type": "LineString", "coordinates": [[102.40934937797311, 59.910400254096714], [102.4663432041358, 59.91971260631432]]}, "properties": {"source": "28419659", "target": "25762284"}}, {"type": "Feature", "geometry": {"type": "LineString", "coordinates": [[102.40934937797311, 59.910400254096714], [102.42446650885603, 59.9249214521906]]}, "properties": {"source": "28419659", "target": "25231392"}}, {"type": "Feature", "geometry": {"type": "LineString", "coordinates": [[102.40934937797311, 59.910400254096714], [102.44423863743503, 59.91535330688825]]}, "properties": {"source": "28419659", "target": "28113400"}}, {"type": "Feature", "geometry": {"type": "LineString", "coordinates": [[102.40934937797311, 59.910400254096714], [102.42129214516166, 59.91691195740569]]}, "properties": {"source": "28419659", "target": "26863024"}}, {"type": "Feature", "geometry": {"type": "LineString", "coordinates": [[102.40158025864713, 59.92798023559935], [102.46475998675311, 59.930309276919886]]}, "properties": {"source": "29983621", "target": "27731853"}}, {"type": "Feature", "geometry": {"type": "LineString", "coordinates": [[102.40158025864713, 59.92798023559935], [102.41678992021099, 59.9137470830745]]}, "properties": {"source": "29983621", "target": "27732137"}}, {"type": "Feature", "geometry": {"type": "LineString", "coordinates": [[102.40158025864713, 59.92798023559935], [102.41067192779155, 59.9278699621608]]}, "properties": {"source": "29983621", "target": "27969314"}}, {"type": "Feature", "geometry": {"type": "LineString", "coordinates": [[102.46665049712675, 59.91986315141804], [102.4356610789381, 59.92989803216447]]}, "properties": {"source": "18170687", "target": "17667961"}}, {"type": "Feature", "geometry": {"type": "LineString", "coordinates": [[102.46665049712675, 59.91986315141804], [102.43912782916641, 59.9299954245208]]}, "properties": {"source": "18170687", "target": "22908925"}}, {"type": "Feature", "geometry": {"type": "LineString", "coordinates": [[102.46665049712675, 59.91986315141804], [102.42423596296044, 59.92397484351328]]}, "properties": {"source": "18170687", "target": "17189105"}}, {"type": "Feature", "geometry": {"type": "LineString", "coordinates": [[102.41115695175637, 59.921667345972836], [102.4012340305145, 59.910128740177925]]}, "properties": {"source": "22307585", "target": "17318786"}}, {"type": "Feature", "geometry": {"type": "LineString", "coordinates": [[102.40651428530748, 59.91744887108281], [102.4508678814961, 59.9102720739742]]}, "properties": {"source": "16637054", "target": "17240414"}}, {"type": "Feature", "geometry": {"type": "LineString", "coordinates": [[102.40651428530748, 59.91744887108281], [102.4221759669116, 59.92728905783986]]}, "properties": {"source": "16637054", "target": "16637055"}}, {"type": "Feature", "geometry": {"type": "LineString", "coordinates": [[102.40651428530748, 59.91744887108281], [102.4122134297877, 59.915108555730114]]}, "properties": {"source": "16637054", "target": "16201163"}}, {"type": "Feature", "geometry": {"type": "LineString", "coordinates": [[102.40651428530748, 59.91744887108281], [102.46679319520246, 59.90941587496073]]}, "properties": {"source": "16637054", "target": "16137695"}}, {"type": "Feature", "geometry": {"type": "LineString", "coordinates": [[102.40651428530748, 59.91744887108281], [102.42977061192016, 59.92362254301803]]}, "properties": {"source": "16637054", "target": "16637062"}}, {"type": "Feature", "geometry": {"type": "LineString", "coordinates": [[102.40651428530748, 59.91744887108281], [102.45117977586676, 59.92845890153396]]}, "properties": {"source": "16637054", "target": "13356291"}}, {"type": "Feature", "geometry": {"type": "LineString", "coordinates": [[102.40651428530748, 59.91744887108281], [102.46033670012315, 59.92815441785292]]}, "properties": {"source": "16637054", "target": "16146464"}}, {"type": "Feature", "geometry": {"type": "LineString", "coordinates": [[102.40651428530748, 59.91744887108281], [102.43947653402734, 59.91896399719036]]}, "properties": {"source": "16637054", "target": "17254275"}}, {"type": "Feature", "geometry": {"type": "LineString", "coordinates": [[102.40651428530748, 59.91744887108281], [102.40210395500219, 59.930342705997546]]}, "properties": {"source": "16637054", "target": "1181411"}}, {"type": "Feature", "geometry": {"type": "LineString", "coordinates": [[102.40651428530748, 59.91744887108281], [102.4254255225718, 59.930945447215905]]}, "properties": {"source": "16637054", "target": "17913229"}}, {"type": "Feature", "geometry": {"type": "LineString", "coordinates": [[102.40651428530748, 59.91744887108281], [102.46063914210038, 59.92700220182169]]}, "properties": {"source": "16637054", "target": "11022625"}}, {"type": "Feature", "geometry": {"type": "LineString", "coordinates": [[102.40651428530748, 59.91744887108281], [102.46175317395932, 59.91201479031399]]}, "properties": {"source": "16637054", "target": "15705314"}}, {"type": "Feature", "geometry": {"type": "LineString", "coordinates": [[102.40651428530748, 59.91744887108281], [102.45790087946114, 59.913396741836564]]}, "properties": {"source": "16637054", "target": "14290957"}}, {"type": "Feature", "geometry": {"type": "LineString", "coordinates": [[102.40651428530748, 59.91744887108281], [102.45195458472654, 59.91365541585819]]}, "properties": {"source": "16637054", "target": "15984862"}}, {"type": "Feature", "geometry": {"type": "LineString", "coordinates": [[102.40651428530748, 59.91744887108281], [102.4160263702309, 59.9279162431648]]}, "properties": {"source": "16637054", "target": "17064499"}}, {"type": "Feature", "geometry": {"type": "LineString", "coordinates": [[102.41104758989229, 59.93298744464015], [102.40409235513533, 59.914576972744655]]}, "properties": {"source": "22926554", "target": "25040008"}}, {"type": "Feature", "geometry": {"type": "LineString", "coordinates": [[102.41104758989229, 59.93298744464015], [102.46473786970023, 59.93017473839721]]}, "properties": {"source": "22926554", "target": "25619005"}}, {"type": "Feature", "geometry": {"type": "LineString", "coordinates": [[102.41104758989229, 59.93298744464015], [102.43620739402797, 59.93077616132955]]}, "properties": {"source": "22926554", "target": "23676959"}}, {"type": "Feature", "geometry": {"type": "LineString", "coordinates": [[102.41104758989229, 59.93298744464015], [102.46428718918219, 59.925700769499386]]}, "properties": {"source": "22926554", "target": "23015660"}}, {"type": "Feature", "geometry": {"type": "LineString", "coordinates": [[102.41104758989229, 59.93298744464015], [102.40734213396098, 59.93070554766848]]}, "properties": {"source": "22926554", "target": "21894831"}}, {"type": "Feature", "geometry": {"type": "LineString", "coordinates": [[102.41528908814206, 59.930256586875444], [102.43922376789072, 59.93289067491828]]}, "properties": {"source": "24059084", "target": "26250745"}}, {"type": "Feature", "geometry": {"type": "LineString", "coordinates": [[102.41528908814206, 59.930256586875444], [102.43487062709835, 59.93142973857586]]}, "properties": {"source": "24059084", "target": "25805770"}}, {"type": "Feature", "geometry": {"type": "LineString", "coordinates": [[102.41528908814206, 59.930256586875444], [102.45377016537674, 59.933250318527215]]}, "properties": {"source": "24059084", "target": "25135041"}}, {"type": "Feature", "geometry": {"type": "LineString", "coordinates": [[102.41528908814206, 59.930256586875444], [102.42770501747168, 59.91687964510115]]}, "properties": {"source": "24059084", "target": "25005226"}}, {"type": "Feature", "geometry": {"type": "LineString", "coordinates": [[102.41528908814206, 59.930256586875444], [102.46574745518728, 59.92157385026036]]}, "properties": {"source": "24059084", "target": "20654061"}}, {"type": "Feature", "geometry": {"type": "LineString", "coordinates": [[102.4122134297877, 59.915108555730114], [102.4508678814961, 59.9102720739742]]}, "properties": {"source": "16201163", "target": "17240414"}}, {"type": "Feature", "geometry": {"type": "LineString", "coordinates": [[102.40186954334047, 59.928769089379315], [102.4029684599306, 59.92464422368624]]}, "properties": {"source": "9840035", "target": "9869795"}}, {"type": "Feature", "geometry": {"type": "LineString", "coordinates": [[102.40186954334047, 59.928769089379315], [102.40701540369895, 59.92390137915392]]}, "properties": {"source": "9840035", "target": "9820802"}}, {"type": "Feature", "geometry": {"type": "LineString", "coordinates": [[102.46033670012315, 59.92815441785292], [102.45790087946114, 59.913396741836564]]}, "properties": {"source": "16146464", "target": "14290957"}}, {"type": "Feature", "geometry": {"type": "LineString", "coordinates": [[102.46033670012315, 59.92815441785292], [102.45195458472654, 59.91365541585819]]}, "properties": {"source": "16146464", "target": "15984862"}}, {"type": "Feature", "geometry": {"type": "LineString", "coordinates": [[102.46033670012315, 59.92815441785292], [102.44093097918426, 59.92007642763684]]}, "properties": {"source": "16146464", "target": "14694284"}}, {"type": "Feature", "geometry": {"type": "LineString", "coordinates": [[102.4122856056826, 59.924314637828516], [102.46850000618417, 59.92483453495484]]}, "properties": {"source": "28166778", "target": "16110828"}}, {"type": "Feature", "geometry": {"type": "LineString", "coordinates": [[102.4122856056826, 59.924314637828516], [102.45110583298214, 59.924801999285336]]}, "properties": {"source": "28166778", "target": "12347362"}}, {"type": "Feature", "geometry": {"type": "LineString", "coordinates": [[102.4122856056826, 59.924314637828516], [102.4317910012117, 59.930173269882175]]}, "properties": {"source": "28166778", "target": "13072342"}}, {"type": "Feature", "geometry": {"type": "LineString", "coordinates": [[102.42033534152449, 59.92927343845204], [102.43922376789072, 59.93289067491828]]}, "properties": {"source": "28424751", "target": "26250745"}}, {"type": "Feature", "geometry": {"type": "LineString", "coordinates": [[102.42033534152449, 59.92927343845204], [102.47157645175503, 59.92569359453253]]}, "properties": {"source": "28424751", "target": "30360528"}}, {"type": "Feature", "geometry": {"type": "LineString", "coordinates": [[102.42033534152449, 59.92927343845204], [102.39876097951907, 59.918353730346354]]}, "properties": {"source": "28424751", "target": "30747423"}}, {"type": "Feature", "geometry": {"type": "LineString", "coordinates": [[102.42033534152449, 59.92927343845204], [102.45604823847981, 59.917689638735766]]}, "properties": {"source": "28424751", "target": "32288147"}}, {"type": "Feature", "geometry": {"type": "LineString", "coordinates": [[102.42033534152449, 59.92927343845204], [102.43487062709835, 59.93142973857586]]}, "properties": {"source": "28424751", "target": "25805770"}}, {"type": "Feature", "geometry": {"type": "LineString", "coordinates": [[102.42033534152449, 59.92927343845204], [102.45377016537674, 59.933250318527215]]}, "properties": {"source": "28424751", "target": "25135041"}}, {"type": "Feature", "geometry": {"type": "LineString", "coordinates": [[102.42033534152449, 59.92927343845204], [102.47054540090238, 59.919472099736254]]}, "properties": {"source": "28424751", "target": "16252506"}}, {"type": "Feature", "geometry": {"type": "LineString", "coordinates": [[102.42033534152449, 59.92927343845204], [102.4000238402258, 59.917777136493086]]}, "properties": {"source": "28424751", "target": "26250778"}}, {"type": "Feature", "geometry": {"type": "LineString", "coordinates": [[102.42033534152449, 59.92927343845204], [102.4508678814961, 59.9102720739742]]}, "properties": {"source": "28424751", "target": "17240414"}}, {"type": "Feature", "geometry": {"type": "LineString", "coordinates": [[102.42033534152449, 59.92927343845204], [102.41455088840524, 59.919322570122944]]}, "properties": {"source": "28424751", "target": "13280888"}}, {"type": "Feature", "geometry": {"type": "LineString", "coordinates": [[102.42033534152449, 59.92927343845204], [102.45679913088742, 59.92470297074421]]}, "properties": {"source": "28424751", "target": "28419686"}}, {"type": "Feature", "geometry": {"type": "LineString", "coordinates": [[102.42033534152449, 59.92927343845204], [102.46263894581506, 59.91109483287934]]}, "properties": {"source": "28424751", "target": "25847540"}}, {"type": "Feature", "geometry": {"type": "LineString", "coordinates": [[102.42033534152449, 59.92927343845204], [102.44586972050689, 59.90893488445279]]}, "properties": {"source": "28424751", "target": "16117849"}}, {"type": "Feature", "geometry": {"type": "LineString", "coordinates": [[102.4122856056826, 59.924314637828516], [102.42033534152449, 59.92927343845204]]}, "properties": {"source": "28166778", "target": "28424751"}}, {"type": "Feature", "geometry": {"type": "LineString", "coordinates": [[102.4122856056826, 59.924314637828516], [102.43922376789072, 59.93289067491828]]}, "properties": {"source": "28166778", "target": "26250745"}}, {"type": "Feature", "geometry": {"type": "LineString", "coordinates": [[102.4122856056826, 59.924314637828516], [102.4015969958142, 59.91821166004681]]}, "properties": {"source": "28166778", "target": "25583758"}}, {"type": "Feature", "geometry": {"type": "LineString", "coordinates": [[102.4122856056826, 59.924314637828516], [102.45035832375777, 59.92269266720484]]}, "properties": {"source": "28166778", "target": "6151135"}}, {"type": "Feature", "geometry": {"type": "LineString", "coordinates": [[102.4122856056826, 59.924314637828516], [102.46729048945474, 59.929299000672955]]}, "properties": {"source": "28166778", "target": "25215298"}}, {"type": "Feature", "geometry": {"type": "LineString", "coordinates": [[102.4122856056826, 59.924314637828516], [102.47157645175503, 59.92569359453253]]}, "properties": {"source": "28166778", "target": "30360528"}}, {"type": "Feature", "geometry": {"type": "LineString", "coordinates": [[102.4122856056826, 59.924314637828516], [102.39876097951907, 59.918353730346354]]}, "properties": {"source": "28166778", "target": "30747423"}}, {"type": "Feature", "geometry": {"type": "LineString", "coordinates": [[102.4122856056826, 59.924314637828516], [102.41044870100734, 59.91037669612824]]}, "properties": {"source": "28166778", "target": "25135051"}}, {"type": "Feature", "geometry": {"type": "LineString", "coordinates": [[102.4122856056826, 59.924314637828516], [102.45604823847981, 59.917689638735766]]}, "properties": {"source": "28166778", "target": "32288147"}}, {"type": "Feature", "geometry": {"type": "LineString", "coordinates": [[102.4122856056826, 59.924314637828516], [102.43487062709835, 59.93142973857586]]}, "properties": {"source": "28166778", "target": "25805770"}}, {"type": "Feature", "geometry": {"type": "LineString", "coordinates": [[102.4122856056826, 59.924314637828516], [102.45377016537674, 59.933250318527215]]}, "properties": {"source": "28166778", "target": "25135041"}}, {"type": "Feature", "geometry": {"type": "LineString", "coordinates": [[102.4122856056826, 59.924314637828516], [102.45680691303272, 59.91954373985894]]}, "properties": {"source": "28166778", "target": "25619514"}}, {"type": "Feature", "geometry": {"type": "LineString", "coordinates": [[102.4122856056826, 59.924314637828516], [102.45672921795244, 59.9150036331164]]}, "properties": {"source": "28166778", "target": "27906458"}}, {"type": "Feature", "geometry": {"type": "LineString", "coordinates": [[102.4122856056826, 59.924314637828516], [102.44459224318183, 59.923864448393985]]}, "properties": {"source": "28166778", "target": "26014440"}}, {"type": "Feature", "geometry": {"type": "LineString", "coordinates": [[102.4122856056826, 59.924314637828516], [102.45236853219643, 59.919067215531186]]}, "properties": {"source": "28166778", "target": "28822089"}}, {"type": "Feature", "geometry": {"type": "LineString", "coordinates": [[102.4122856056826, 59.924314637828516], [102.47054540090238, 59.919472099736254]]}, "properties": {"source": "28166778", "target": "16252506"}}, {"type": "Feature", "geometry": {"type": "LineString", "coordinates": [[102.40355966912995, 59.917369773638214], [102.44454919268878, 59.92595604665763]]}, "properties": {"source": "25649238", "target": "22517421"}}, {"type": "Feature", "geometry": {"type": "LineString", "coordinates": [[102.40355966912995, 59.917369773638214], [102.43121087665355, 59.910984990913335]]}, "properties": {"source": "25649238", "target": "23159290"}}, {"type": "Feature", "geometry": {"type": "LineString", "coordinates": [[102.40355966912995, 59.917369773638214], [102.42835425198814, 59.91253009985975]]}, "properties": {"source": "25649238", "target": "28209639"}}, {"type": "Feature", "geometry": {"type": "LineString", "coordinates": [[102.46560133448378, 59.93102031932504], [102.42310843017134, 59.9320912411051]]}, "properties": {"source": "22588083", "target": "23630452"}}, {"type": "Feature", "geometry": {"type": "LineString", "coordinates": [[102.46560133448378, 59.93102031932504], [102.41153668251104, 59.919132630734936]]}, "properties": {"source": "22588083", "target": "26207901"}}, {"type": "Feature", "geometry": {"type": "LineString", "coordinates": [[102.46560133448378, 59.93102031932504], [102.40874151185955, 59.92785790292896]]}, "properties": {"source": "22588083", "target": "23460615"}}, {"type": "Feature", "geometry": {"type": "LineString", "coordinates": [[102.46560133448378, 59.93102031932504], [102.42132677657446, 59.920005059779115]]}, "properties": {"source": "22588083", "target": "22907796"}}, {"type": "Feature", "geometry": {"type": "LineString", "coordinates": [[102.46560133448378, 59.93102031932504], [102.39907642682476, 59.91202953095822]]}, "properties": {"source": "22588083", "target": "23001808"}}, {"type": "Feature", "geometry": {"type": "LineString", "coordinates": [[102.46560133448378, 59.93102031932504], [102.40128392130521, 59.91887744953853]]}, "properties": {"source": "22588083", "target": "25684799"}}, {"type": "Feature", "geometry": {"type": "LineString", "coordinates": [[102.46560133448378, 59.93102031932504], [102.46080320363308, 59.925910072530485]]}, "properties": {"source": "22588083", "target": "16148327"}}, {"type": "Feature", "geometry": {"type": "LineString", "coordinates": [[102.46560133448378, 59.93102031932504], [102.43201814376715, 59.915802761956755]]}, "properties": {"source": "22588083", "target": "23480212"}}, {"type": "Feature", "geometry": {"type": "LineString", "coordinates": [[102.44287655112362, 59.91790241398152], [102.40203588533478, 59.919959936843824]]}, "properties": {"source": "393418", "target": "29856290"}}, {"type": "Feature", "geometry": {"type": "LineString", "coordinates": [[102.44287655112362, 59.91790241398152], [102.46487889149796, 59.9290082763177]]}, "properties": {"source": "393418", "target": "381231"}}, {"type": "Feature", "geometry": {"type": "LineString", "coordinates": [[102.44287655112362, 59.91790241398152], [102.40368744048925, 59.919140518799196]]}, "properties": {"source": "393418", "target": "3325024"}}, {"type": "Feature", "geometry": {"type": "LineString", "coordinates": [[102.40355966912995, 59.917369773638214], [102.45583034950357, 59.914512447277005]]}, "properties": {"source": "25649238", "target": "25576718"}}, {"type": "Feature", "geometry": {"type": "LineString", "coordinates": [[102.46560133448378, 59.93102031932504], [102.44393543816221, 59.927069716687924]]}, "properties": {"source": "22588083", "target": "23443878"}}, {"type": "Feature", "geometry": {"type": "LineString", "coordinates": [[102.45042587201124, 59.91811740520227], [102.42310843017134, 59.9320912411051]]}, "properties": {"source": "29069005", "target": "23630452"}}, {"type": "Feature", "geometry": {"type": "LineString", "coordinates": [[102.45042587201124, 59.91811740520227], [102.46475998675311, 59.930309276919886]]}, "properties": {"source": "29069005", "target": "27731853"}}, {"type": "Feature", "geometry": {"type": "LineString", "coordinates": [[102.45042587201124, 59.91811740520227], [102.41678992021099, 59.9137470830745]]}, "properties": {"source": "29069005", "target": "27732137"}}, {"type": "Feature", "geometry": {"type": "LineString", "coordinates": [[102.45042587201124, 59.91811740520227], [102.40128392130521, 59.91887744953853]]}, "properties": {"source": "29069005", "target": "25684799"}}, {"type": "Feature", "geometry": {"type": "LineString", "coordinates": [[102.45042587201124, 59.91811740520227], [102.40408909020795, 59.92549850059409]]}, "properties": {"source": "29069005", "target": "31963638"}}, {"type": "Feature", "geometry": {"type": "LineString", "coordinates": [[102.45042587201124, 59.91811740520227], [102.40372743047777, 59.9283899373828]]}, "properties": {"source": "29069005", "target": "29341303"}}, {"type": "Feature", "geometry": {"type": "LineString", "coordinates": [[102.45042587201124, 59.91811740520227], [102.46554577657889, 59.91172223058487]]}, "properties": {"source": "29069005", "target": "35524662"}}, {"type": "Feature", "geometry": {"type": "LineString", "coordinates": [[102.45042587201124, 59.91811740520227], [102.4183754548119, 59.93178828622838]]}, "properties": {"source": "29069005", "target": "26870323"}}, {"type": "Feature", "geometry": {"type": "LineString", "coordinates": [[102.41723456065648, 59.91579672288705], [102.40158025864713, 59.92798023559935]]}, "properties": {"source": "28603123", "target": "29983621"}}, {"type": "Feature", "geometry": {"type": "LineString", "coordinates": [[102.41723456065648, 59.91579672288705], [102.42310604366895, 59.92294563581471]]}, "properties": {"source": "28603123", "target": "30362445"}}, {"type": "Feature", "geometry": {"type": "LineString", "coordinates": [[102.41723456065648, 59.91579672288705], [102.44558693404412, 59.92915328017341]]}, "properties": {"source": "28603123", "target": "30357181"}}, {"type": "Feature", "geometry": {"type": "LineString", "coordinates": [[102.42992111469681, 59.93191701349083], [102.42033534152449, 59.92927343845204]]}, "properties": {"source": "26250720", "target": "28424751"}}, {"type": "Feature", "geometry": {"type": "LineString", "coordinates": [[102.42992111469681, 59.93191701349083], [102.43922376789072, 59.93289067491828]]}, "properties": {"source": "26250720", "target": "26250745"}}, {"type": "Feature", "geometry": {"type": "LineString", "coordinates": [[102.42992111469681, 59.93191701349083], [102.47157645175503, 59.92569359453253]]}, "properties": {"source": "26250720", "target": "30360528"}}, {"type": "Feature", "geometry": {"type": "LineString", "coordinates": [[102.42992111469681, 59.93191701349083], [102.39876097951907, 59.918353730346354]]}, "properties": {"source": "26250720", "target": "30747423"}}, {"type": "Feature", "geometry": {"type": "LineString", "coordinates": [[102.41723456065648, 59.91579672288705], [102.45583034950357, 59.914512447277005]]}, "properties": {"source": "28603123", "target": "25576718"}}, {"type": "Feature", "geometry": {"type": "LineString", "coordinates": [[102.40210395500219, 59.930342705997546], [102.4122134297877, 59.915108555730114]]}, "properties": {"source": "1181411", "target": "16201163"}}, {"type": "Feature", "geometry": {"type": "LineString", "coordinates": [[102.40210395500219, 59.930342705997546], [102.46679319520246, 59.90941587496073]]}, "properties": {"source": "1181411", "target": "16137695"}}, {"type": "Feature", "geometry": {"type": "LineString", "coordinates": [[102.40210395500219, 59.930342705997546], [102.42977061192016, 59.92362254301803]]}, "properties": {"source": "1181411", "target": "16637062"}}, {"type": "Feature", "geometry": {"type": "LineString", "coordinates": [[102.40210395500219, 59.930342705997546], [102.44435563092173, 59.910635497595905]]}, "properties": {"source": "1181411", "target": "7574749"}}, {"type": "Feature", "geometry": {"type": "LineString", "coordinates": [[102.40210395500219, 59.930342705997546], [102.45117977586676, 59.92845890153396]]}, "properties": {"source": "1181411", "target": "13356291"}}, {"type": "Feature", "geometry": {"type": "LineString", "coordinates": [[102.40210395500219, 59.930342705997546], [102.41447892603031, 59.91478758295611]]}, "properties": {"source": "1181411", "target": "9921367"}}, {"type": "Feature", "geometry": {"type": "LineString", "coordinates": [[102.40210395500219, 59.930342705997546], [102.43947653402734, 59.91896399719036]]}, "properties": {"source": "1181411", "target": "17254275"}}, {"type": "Feature", "geometry": {"type": "LineString", "coordinates": [[102.46080320363308, 59.925910072530485], [102.42132677657446, 59.920005059779115]]}, "properties": {"source": "16148327", "target": "22907796"}}, {"type": "Feature", "geometry": {"type": "LineString", "coordinates": [[102.46080320363308, 59.925910072530485], [102.4469988720769, 59.90820051246811]]}, "properties": {"source": "16148327", "target": "22255407"}}, {"type": "Feature", "geometry": {"type": "LineString", "coordinates": [[102.46080320363308, 59.925910072530485], [102.41109062347198, 59.92985334552752]]}, "properties": {"source": "16148327", "target": "20911913"}}, {"type": "Feature", "geometry": {"type": "LineString", "coordinates": [[102.46080320363308, 59.925910072530485], [102.46386481895257, 59.91267836741859]]}, "properties": {"source": "16148327", "target": "18190711"}}, {"type": "Feature", "geometry": {"type": "LineString", "coordinates": [[102.46080320363308, 59.925910072530485], [102.46514759320354, 59.911255418632365]]}, "properties": {"source": "16148327", "target": "21452685"}}, {"type": "Feature", "geometry": {"type": "LineString", "coordinates": [[102.46080320363308, 59.925910072530485], [102.40402777585058, 59.933242312747524]]}, "properties": {"source": "16148327", "target": "22463706"}}, {"type": "Feature", "geometry": {"type": "LineString", "coordinates": [[102.42584626061256, 59.92353213657458], [102.4198862892892, 59.92924862621469]]}, "properties": {"source": "18136509", "target": "23996852"}}, {"type": "Feature", "geometry": {"type": "LineString", "coordinates": [[102.42584626061256, 59.92353213657458], [102.44857086768633, 59.915403603892216]]}, "properties": {"source": "18136509", "target": "24202563"}}, {"type": "Feature", "geometry": {"type": "LineString", "coordinates": [[102.46080320363308, 59.925910072530485], [102.41862518215453, 59.9170332545157]]}, "properties": {"source": "16148327", "target": "18265836"}}, {"type": "Feature", "geometry": {"type": "LineString", "coordinates": [[102.41715457049531, 59.92696393042034], [102.42129214516166, 59.91691195740569]]}, "properties": {"source": "27019562", "target": "26863024"}}, {"type": "Feature", "geometry": {"type": "LineString", "coordinates": [[102.44657667884445, 59.93114907668463], [102.40186954334047, 59.928769089379315]]}, "properties": {"source": "7636653", "target": "9840035"}}, {"type": "Feature", "geometry": {"type": "LineString", "coordinates": [[102.44657667884445, 59.93114907668463], [102.44435563092173, 59.910635497595905]]}, "properties": {"source": "7636653", "target": "7574749"}}, {"type": "Feature", "geometry": {"type": "LineString", "coordinates": [[102.44657667884445, 59.93114907668463], [102.41447892603031, 59.91478758295611]]}, "properties": {"source": "7636653", "target": "9921367"}}, {"type": "Feature", "geometry": {"type": "LineString", "coordinates": [[102.44657667884445, 59.93114907668463], [102.40670289241422, 59.92014965666152]]}, "properties": {"source": "7636653", "target": "9934477"}}, {"type": "Feature", "geometry": {"type": "LineString", "coordinates": [[102.44657667884445, 59.93114907668463], [102.4029684599306, 59.92464422368624]]}, "properties": {"source": "7636653", "target": "9869795"}}, {"type": "Feature", "geometry": {"type": "LineString", "coordinates": [[102.44657667884445, 59.93114907668463], [102.40762137013502, 59.91259861243185]]}, "properties": {"source": "7636653", "target": "8474790"}}, {"type": "Feature", "geometry": {"type": "LineString", "coordinates": [[102.42200002625441, 59.923755413142445], [102.43922376789072, 59.93289067491828]]}, "properties": {"source": "23447946", "target": "26250745"}}, {"type": "Feature", "geometry": {"type": "LineString", "coordinates": [[102.42200002625441, 59.923755413142445], [102.4198862892892, 59.92924862621469]]}, "properties": {"source": "23447946", "target": "23996852"}}, {"type": "Feature", "geometry": {"type": "LineString", "coordinates": [[102.42200002625441, 59.923755413142445], [102.43392493029734, 59.92208943546656]]}, "properties": {"source": "23447946", "target": "25178503"}}, {"type": "Feature", "geometry": {"type": "LineString", "coordinates": [[102.42200002625441, 59.923755413142445], [102.43487062709835, 59.93142973857586]]}, "properties": {"source": "23447946", "target": "25805770"}}, {"type": "Feature", "geometry": {"type": "LineString", "coordinates": [[102.42200002625441, 59.923755413142445], [102.45680691303272, 59.91954373985894]]}, "properties": {"source": "23447946", "target": "25619514"}}, {"type": "Feature", "geometry": {"type": "LineString", "coordinates": [[102.42200002625441, 59.923755413142445], [102.46473786970023, 59.93017473839721]]}, "properties": {"source": "23447946", "target": "25619005"}}, {"type": "Feature", "geometry": {"type": "LineString", "coordinates": [[102.42200002625441, 59.923755413142445], [102.4000238402258, 59.917777136493086]]}, "properties": {"source": "23447946", "target": "26250778"}}, {"type": "Feature", "geometry": {"type": "LineString", "coordinates": [[102.42200002625441, 59.923755413142445], [102.45702815273927, 59.923874143127804]]}, "properties": {"source": "23447946", "target": "25996362"}}, {"type": "Feature", "geometry": {"type": "LineString", "coordinates": [[102.42200002625441, 59.923755413142445], [102.43620739402797, 59.93077616132955]]}, "properties": {"source": "23447946", "target": "23676959"}}, {"type": "Feature", "geometry": {"type": "LineString", "coordinates": [[102.43511474685937, 59.92905974548647], [102.46975713684816, 59.908229211134326]]}, "properties": {"source": "23342059", "target": "24397031"}}, {"type": "Feature", "geometry": {"type": "LineString", "coordinates": [[102.44857086768633, 59.915403603892216], [102.45377016537674, 59.933250318527215]]}, "properties": {"source": "24202563", "target": "25135041"}}, {"type": "Feature", "geometry": {"type": "LineString", "coordinates": [[102.44857086768633, 59.915403603892216], [102.43744326369506, 59.90937995259884]]}, "properties": {"source": "24202563", "target": "23210467"}}, {"type": "Feature", "geometry": {"type": "LineString", "coordinates": [[102.44857086768633, 59.915403603892216], [102.43808987572129, 59.91900996560291]]}, "properties": {"source": "24202563", "target": "20928787"}}, {"type": "Feature", "geometry": {"type": "LineString", "coordinates": [[102.44857086768633, 59.915403603892216], [102.47126096899325, 59.926524558253874]]}, "properties": {"source": "24202563", "target": "24142972"}}, {"type": "Feature", "geometry": {"type": "LineString", "coordinates": [[102.44857086768633, 59.915403603892216], [102.44698214947078, 59.916168796995095]]}, "properties": {"source": "24202563", "target": "22596383"}}, {"type": "Feature", "geometry": {"type": "LineString", "coordinates": [[102.45236853219643, 59.919067215531186], [102.42033534152449, 59.92927343845204]]}, "properties": {"source": "28822089", "target": "28424751"}}, {"type": "Feature", "geometry": {"type": "LineString", "coordinates": [[102.45236853219643, 59.919067215531186], [102.47157645175503, 59.92569359453253]]}, "properties": {"source": "28822089", "target": "30360528"}}, {"type": "Feature", "geometry": {"type": "LineString", "coordinates": [[102.45236853219643, 59.919067215531186], [102.39876097951907, 59.918353730346354]]}, "properties": {"source": "28822089", "target": "30747423"}}, {"type": "Feature", "geometry": {"type": "LineString", "coordinates": [[102.45236853219643, 59.919067215531186], [102.45604823847981, 59.917689638735766]]}, "properties": {"source": "28822089", "target": "32288147"}}, {"type": "Feature", "geometry": {"type": "LineString", "coordinates": [[102.45236853219643, 59.919067215531186], [102.45679913088742, 59.92470297074421]]}, "properties": {"source": "28822089", "target": "28419686"}}, {"type": "Feature", "geometry": {"type": "LineString", "coordinates": [[102.45236853219643, 59.919067215531186], [102.46263894581506, 59.91109483287934]]}, "properties": {"source": "28822089", "target": "25847540"}}, {"type": "Feature", "geometry": {"type": "LineString", "coordinates": [[102.47054540090238, 59.919472099736254], [102.43922376789072, 59.93289067491828]]}, "properties": {"source": "16252506", "target": "26250745"}}, {"type": "Feature", "geometry": {"type": "LineString", "coordinates": [[102.47054540090238, 59.919472099736254], [102.39876097951907, 59.918353730346354]]}, "properties": {"source": "16252506", "target": "30747423"}}, {"type": "Feature", "geometry": {"type": "LineString", "coordinates": [[102.47054540090238, 59.919472099736254], [102.45604823847981, 59.917689638735766]]}, "properties": {"source": "16252506", "target": "32288147"}}, {"type": "Feature", "geometry": {"type": "LineString", "coordinates": [[102.47054540090238, 59.919472099736254], [102.41455088840524, 59.919322570122944]]}, "properties": {"source": "16252506", "target": "13280888"}}, {"type": "Feature", "geometry": {"type": "LineString", "coordinates": [[102.3990944984854, 59.913582108944254], [102.46050946452215, 59.9304023005873]]}, "properties": {"source": "18110191", "target": "1703502"}}, {"type": "Feature", "geometry": {"type": "LineString", "coordinates": [[102.45651050146074, 59.91305006014015], [102.45525772292723, 59.93011138507444]]}, "properties": {"source": "535430", "target": "484997"}}, {"type": "Feature", "geometry": {"type": "LineString", "coordinates": [[102.45651050146074, 59.91305006014015], [102.44674143358623, 59.916024450930834]]}, "properties": {"source": "535430", "target": "539077"}}, {"type": "Feature", "geometry": {"type": "LineString", "coordinates": [[102.45651050146074, 59.91305006014015], [102.41495925160922, 59.92918285116309]]}, "properties": {"source": "535430", "target": "4825980"}}, {"type": "Feature", "geometry": {"type": "LineString", "coordinates": [[102.45231104008519, 59.913431978052245], [102.46475998675311, 59.930309276919886]]}, "properties": {"source": "25076499", "target": "27731853"}}, {"type": "Feature", "geometry": {"type": "LineString", "coordinates": [[102.45231104008519, 59.913431978052245], [102.41678992021099, 59.9137470830745]]}, "properties": {"source": "25076499", "target": "27732137"}}, {"type": "Feature", "geometry": {"type": "LineString", "coordinates": [[102.45231104008519, 59.913431978052245], [102.40128392130521, 59.91887744953853]]}, "properties": {"source": "25076499", "target": "25684799"}}, {"type": "Feature", "geometry": {"type": "LineString", "coordinates": [[102.47181872713844, 59.917752964982654], [102.45377016537674, 59.933250318527215]]}, "properties": {"source": "22396350", "target": "25135041"}}, {"type": "Feature", "geometry": {"type": "LineString", "coordinates": [[102.47181872713844, 59.917752964982654], [102.40409235513533, 59.914576972744655]]}, "properties": {"source": "22396350", "target": "25040008"}}, {"type": "Feature", "geometry": {"type": "LineString", "coordinates": [[102.47181872713844, 59.917752964982654], [102.43744326369506, 59.90937995259884]]}, "properties": {"source": "22396350", "target": "23210467"}}, {"type": "Feature", "geometry": {"type": "LineString", "coordinates": [[102.45195458472654, 59.91365541585819], [102.4221759669116, 59.92728905783986]]}, "properties": {"source": "15984862", "target": "16637055"}}, {"type": "Feature", "geometry": {"type": "LineString", "coordinates": [[102.45195458472654, 59.91365541585819], [102.46679319520246, 59.90941587496073]]}, "properties": {"source": "15984862", "target": "16137695"}}, {"type": "Feature", "geometry": {"type": "LineString", "coordinates": [[102.45195458472654, 59.91365541585819], [102.42977061192016, 59.92362254301803]]}, "properties": {"source": "15984862", "target": "16637062"}}, {"type": "Feature", "geometry": {"type": "LineString", "coordinates": [[102.41003825050541, 59.92871036925176], [102.41855459879349, 59.91626487850155]]}, "properties": {"source": "1871815", "target": "21348745"}}, {"type": "Feature", "geometry": {"type": "LineString", "coordinates": [[102.41003825050541, 59.92871036925176], [102.46593021910206, 59.920524366765775]]}, "properties": {"source": "1871815", "target": "1809344"}}, {"type": "Feature", "geometry": {"type": "LineString", "coordinates": [[102.47181872713844, 59.917752964982654], [102.43511474685937, 59.92905974548647]]}, "properties": {"source": "22396350", "target": "23342059"}}, {"type": "Feature", "geometry": {"type": "LineString", "coordinates": [[102.41003825050541, 59.92871036925176], [102.45814064143815, 59.91748769974947]]}, "properties": {"source": "1871815", "target": "18012760"}}, {"type": "Feature", "geometry": {"type": "LineString", "coordinates": [[102.41003825050541, 59.92871036925176], [102.45789908570532, 59.91233881820216]]}, "properties": {"source": "1871815", "target": "1866470"}}, {"type": "Feature", "geometry": {"type": "LineString", "coordinates": [[102.42415935573769, 59.9259120708838], [102.42198761067192, 59.9273061273678]]}, "properties": {"source": "11441504", "target": "20643802"}}, {"type": "Feature", "geometry": {"type": "LineString", "coordinates": [[102.42415935573769, 59.9259120708838], [102.41884784448803, 59.91478630479689]]}, "properties": {"source": "11441504", "target": "50870"}}, {"type": "Feature", "geometry": {"type": "LineString", "coordinates": [[102.40755589358042, 59.91965178067127], [102.42033534152449, 59.92927343845204]]}, "properties": {"source": "26179786", "target": "28424751"}}, {"type": "Feature", "geometry": {"type": "LineString", "coordinates": [[102.40755589358042, 59.91965178067127], [102.43922376789072, 59.93289067491828]]}, "properties": {"source": "26179786", "target": "26250745"}}, {"type": "Feature", "geometry": {"type": "LineString", "coordinates": [[102.40755589358042, 59.91965178067127], [102.47157645175503, 59.92569359453253]]}, "properties": {"source": "26179786", "target": "30360528"}}, {"type": "Feature", "geometry": {"type": "LineString", "coordinates": [[102.40755589358042, 59.91965178067127], [102.39876097951907, 59.918353730346354]]}, "properties": {"source": "26179786", "target": "30747423"}}, {"type": "Feature", "geometry": {"type": "LineString", "coordinates": [[102.40755589358042, 59.91965178067127], [102.45604823847981, 59.917689638735766]]}, "properties": {"source": "26179786", "target": "32288147"}}, {"type": "Feature", "geometry": {"type": "LineString", "coordinates": [[102.43489372769488, 59.908998239938256], [102.42835425198814, 59.91253009985975]]}, "properties": {"source": "18583347", "target": "28209639"}}, {"type": "Feature", "geometry": {"type": "LineString", "coordinates": [[102.43489372769488, 59.908998239938256], [102.45517123621954, 59.93285056546475]]}, "properties": {"source": "18583347", "target": "18087384"}}, {"type": "Feature", "geometry": {"type": "LineString", "coordinates": [[102.46593021910206, 59.920524366765775], [102.45814064143815, 59.91748769974947]]}, "properties": {"source": "1809344", "target": "18012760"}}, {"type": "Feature", "geometry": {"type": "LineString", "coordinates": [[102.45506822008923, 59.92701094920406], [102.46697746509454, 59.923231242577884]]}, "properties": {"source": "13616714", "target": "13616704"}}, {"type": "Feature", "geometry": {"type": "LineString", "coordinates": [[102.45506822008923, 59.92701094920406], [102.43093690815937, 59.92358970915399]]}, "properties": {"source": "13616714", "target": "14762446"}}, {"type": "Feature", "geometry": {"type": "LineString", "coordinates": [[102.45506822008923, 59.92701094920406], [102.46902068624462, 59.928401678121446]]}, "properties": {"source": "13616714", "target": "15724333"}}, {"type": "Feature", "geometry": {"type": "LineString", "coordinates": [[102.45506822008923, 59.92701094920406], [102.45507400473383, 59.92993987016426]]}, "properties": {"source": "13616714", "target": "899694"}}, {"type": "Feature", "geometry": {"type": "LineString", "coordinates": [[102.45873876460348, 59.930969376754675], [102.47157645175503, 59.92569359453253]]}, "properties": {"source": "7724830", "target": "30360528"}}, {"type": "Feature", "geometry": {"type": "LineString", "coordinates": [[102.45873876460348, 59.930969376754675], [102.39876097951907, 59.918353730346354]]}, "properties": {"source": "7724830", "target": "30747423"}}, {"type": "Feature", "geometry": {"type": "LineString", "coordinates": [[102.45873876460348, 59.930969376754675], [102.45604823847981, 59.917689638735766]]}, "properties": {"source": "7724830", "target": "32288147"}}, {"type": "Feature", "geometry": {"type": "LineString", "coordinates": [[102.45873876460348, 59.930969376754675], [102.45236853219643, 59.919067215531186]]}, "properties": {"source": "7724830", "target": "28822089"}}, {"type": "Feature", "geometry": {"type": "LineString", "coordinates": [[102.45873876460348, 59.930969376754675], [102.4343764669257, 59.90969895299935]]}, "properties": {"source": "7724830", "target": "30820064"}}, {"type": "Feature", "geometry": {"type": "LineString", "coordinates": [[102.45873876460348, 59.930969376754675], [102.40149377479719, 59.93293266458711]]}, "properties": {"source": "7724830", "target": "4518866"}}, {"type": "Feature", "geometry": {"type": "LineString", "coordinates": [[102.45873876460348, 59.930969376754675], [102.4249159669352, 59.919751624706024]]}, "properties": {"source": "7724830", "target": "9036235"}}, {"type": "Feature", "geometry": {"type": "LineString", "coordinates": [[102.45873876460348, 59.930969376754675], [102.44153945341685, 59.925632372085616]]}, "properties": {"source": "7724830", "target": "9820929"}}, {"type": "Feature", "geometry": {"type": "LineString", "coordinates": [[102.4160263702309, 59.9279162431648], [102.4508678814961, 59.9102720739742]]}, "properties": {"source": "17064499", "target": "17240414"}}, {"type": "Feature", "geometry": {"type": "LineString", "coordinates": [[102.4160263702309, 59.9279162431648], [102.4221759669116, 59.92728905783986]]}, "properties": {"source": "17064499", "target": "16637055"}}, {"type": "Feature", "geometry": {"type": "LineString", "coordinates": [[102.4160263702309, 59.9279162431648], [102.4122134297877, 59.915108555730114]]}, "properties": {"source": "17064499", "target": "16201163"}}, {"type": "Feature", "geometry": {"type": "LineString", "coordinates": [[102.4160263702309, 59.9279162431648], [102.46679319520246, 59.90941587496073]]}, "properties": {"source": "17064499", "target": "16137695"}}, {"type": "Feature", "geometry": {"type": "LineString", "coordinates": [[102.4160263702309, 59.9279162431648], [102.42977061192016, 59.92362254301803]]}, "properties": {"source": "17064499", "target": "16637062"}}, {"type": "Feature", "geometry": {"type": "LineString", "coordinates": [[102.4029684599306, 59.92464422368624], [102.40670289241422, 59.92014965666152]]}, "properties": {"source": "9869795", "target": "9934477"}}, {"type": "Feature", "geometry": {"type": "LineString", "coordinates": [[102.4029684599306, 59.92464422368624], [102.40762137013502, 59.91259861243185]]}, "properties": {"source": "9869795", "target": "8474790"}}, {"type": "Feature", "geometry": {"type": "LineString", "coordinates": [[102.45525772292723, 59.93011138507444], [102.44674143358623, 59.916024450930834]]}, "properties": {"source": "484997", "target": "539077"}}, {"type": "Feature", "geometry": {"type": "LineString", "coordinates": [[102.40874151185955, 59.92785790292896], [102.40402777585058, 59.933242312747524]]}, "properties": {"source": "23460615", "target": "22463706"}}, {"type": "Feature", "geometry": {"type": "LineString", "coordinates": [[102.40874151185955, 59.92785790292896], [102.43201814376715, 59.915802761956755]]}, "properties": {"source": "23460615", "target": "23480212"}}, {"type": "Feature", "geometry": {"type": "LineString", "coordinates": [[102.40874151185955, 59.92785790292896], [102.45231104008519, 59.913431978052245]]}, "properties": {"source": "23460615", "target": "25076499"}}, {"type": "Feature", "geometry": {"type": "LineString", "coordinates": [[102.4343764669257, 59.90969895299935], [102.42033534152449, 59.92927343845204]]}, "properties": {"source": "30820064", "target": "28424751"}}, {"type": "Feature", "geometry": {"type": "LineString", "coordinates": [[102.4343764669257, 59.90969895299935], [102.41310247153882, 59.91223709111695]]}, "properties": {"source": "30820064", "target": "7728119"}}, {"type": "Feature", "geometry": {"type": "LineString", "coordinates": [[102.4343764669257, 59.90969895299935], [102.47157645175503, 59.92569359453253]]}, "properties": {"source": "30820064", "target": "30360528"}}, {"type": "Feature", "geometry": {"type": "LineString", "coordinates": [[102.4343764669257, 59.90969895299935], [102.39876097951907, 59.918353730346354]]}, "properties": {"source": "30820064", "target": "30747423"}}, {"type": "Feature", "geometry": {"type": "LineString", "coordinates": [[102.4343764669257, 59.90969895299935], [102.45604823847981, 59.917689638735766]]}, "properties": {"source": "30820064", "target": "32288147"}}, {"type": "Feature", "geometry": {"type": "LineString", "coordinates": [[102.4343764669257, 59.90969895299935], [102.45236853219643, 59.919067215531186]]}, "properties": {"source": "30820064", "target": "28822089"}}, {"type": "Feature", "geometry": {"type": "LineString", "coordinates": [[102.4343764669257, 59.90969895299935], [102.40149377479719, 59.93293266458711]]}, "properties": {"source": "30820064", "target": "4518866"}}, {"type": "Feature", "geometry": {"type": "LineString", "coordinates": [[102.4343764669257, 59.90969895299935], [102.44456771327896, 59.91151686749453]]}, "properties": {"source": "30820064", "target": "26191920"}}, {"type": "Feature", "geometry": {"type": "LineString", "coordinates": [[102.4343764669257, 59.90969895299935], [102.42028443649315, 59.90936149299846]]}, "properties": {"source": "30820064", "target": "13616708"}}, {"type": "Feature", "geometry": {"type": "LineString", "coordinates": [[102.4249159669352, 59.919751624706024], [102.46367992981743, 59.91651446566853]]}, "properties": {"source": "9036235", "target": "9844910"}}, {"type": "Feature", "geometry": {"type": "LineString", "coordinates": [[102.4249159669352, 59.919751624706024], [102.40701540369895, 59.92390137915392]]}, "properties": {"source": "9036235", "target": "9820802"}}, {"type": "Feature", "geometry": {"type": "LineString", "coordinates": [[102.46679319520246, 59.90941587496073], [102.4508678814961, 59.9102720739742]]}, "properties": {"source": "16137695", "target": "17240414"}}, {"type": "Feature", "geometry": {"type": "LineString", "coordinates": [[102.40874151185955, 59.92785790292896], [102.41862518215453, 59.9170332545157]]}, "properties": {"source": "23460615", "target": "18265836"}}, {"type": "Feature", "geometry": {"type": "LineString", "coordinates": [[102.39876097951907, 59.918353730346354], [102.43922376789072, 59.93289067491828]]}, "properties": {"source": "30747423", "target": "26250745"}}, {"type": "Feature", "geometry": {"type": "LineString", "coordinates": [[102.39876097951907, 59.918353730346354], [102.45604823847981, 59.917689638735766]]}, "properties": {"source": "30747423", "target": "32288147"}}, {"type": "Feature", "geometry": {"type": "LineString", "coordinates": [[102.39876097951907, 59.918353730346354], [102.4000238402258, 59.917777136493086]]}, "properties": {"source": "30747423", "target": "26250778"}}, {"type": "Feature", "geometry": {"type": "LineString", "coordinates": [[102.39876097951907, 59.918353730346354], [102.4508678814961, 59.9102720739742]]}, "properties": {"source": "30747423", "target": "17240414"}}, {"type": "Feature", "geometry": {"type": "LineString", "coordinates": [[102.39876097951907, 59.918353730346354], [102.45679913088742, 59.92470297074421]]}, "properties": {"source": "30747423", "target": "28419686"}}, {"type": "Feature", "geometry": {"type": "LineString", "coordinates": [[102.39876097951907, 59.918353730346354], [102.450205110274, 59.929289144016664]]}, "properties": {"source": "30747423", "target": "15871311"}}, {"type": "Feature", "geometry": {"type": "LineString", "coordinates": [[102.41044870100734, 59.91037669612824], [102.42033534152449, 59.92927343845204]]}, "properties": {"source": "25135051", "target": "28424751"}}, {"type": "Feature", "geometry": {"type": "LineString", "coordinates": [[102.41044870100734, 59.91037669612824], [102.4015969958142, 59.91821166004681]]}, "properties": {"source": "25135051", "target": "25583758"}}, {"type": "Feature", "geometry": {"type": "LineString", "coordinates": [[102.41044870100734, 59.91037669612824], [102.40934937797311, 59.910400254096714]]}, "properties": {"source": "25135051", "target": "28419659"}}, {"type": "Feature", "geometry": {"type": "LineString", "coordinates": [[102.41044870100734, 59.91037669612824], [102.45377016537674, 59.933250318527215]]}, "properties": {"source": "25135051", "target": "25135041"}}, {"type": "Feature", "geometry": {"type": "LineString", "coordinates": [[102.41044870100734, 59.91037669612824], [102.40409235513533, 59.914576972744655]]}, "properties": {"source": "25135051", "target": "25040008"}}, {"type": "Feature", "geometry": {"type": "LineString", "coordinates": [[102.41044870100734, 59.91037669612824], [102.46573540748483, 59.923981063287]]}, "properties": {"source": "25135051", "target": "25712913"}}, {"type": "Feature", "geometry": {"type": "LineString", "coordinates": [[102.41044870100734, 59.91037669612824], [102.44857086768633, 59.915403603892216]]}, "properties": {"source": "25135051", "target": "24202563"}}, {"type": "Feature", "geometry": {"type": "LineString", "coordinates": [[102.41044870100734, 59.91037669612824], [102.42770501747168, 59.91687964510115]]}, "properties": {"source": "25135051", "target": "25005226"}}, {"type": "Feature", "geometry": {"type": "LineString", "coordinates": [[102.41044870100734, 59.91037669612824], [102.42132677657446, 59.920005059779115]]}, "properties": {"source": "25135051", "target": "22907796"}}, {"type": "Feature", "geometry": {"type": "LineString", "coordinates": [[102.41044870100734, 59.91037669612824], [102.43511474685937, 59.92905974548647]]}, "properties": {"source": "25135051", "target": "23342059"}}, {"type": "Feature", "geometry": {"type": "LineString", "coordinates": [[102.45680691303272, 59.91954373985894], [102.43922376789072, 59.93289067491828]]}, "properties": {"source": "25619514", "target": "26250745"}}, {"type": "Feature", "geometry": {"type": "LineString", "coordinates": [[102.45680691303272, 59.91954373985894], [102.47157645175503, 59.92569359453253]]}, "properties": {"source": "25619514", "target": "30360528"}}, {"type": "Feature", "geometry": {"type": "LineString", "coordinates": [[102.45680691303272, 59.91954373985894], [102.39876097951907, 59.918353730346354]]}, "properties": {"source": "25619514", "target": "30747423"}}, {"type": "Feature", "geometry": {"type": "LineString", "coordinates": [[102.45680691303272, 59.91954373985894], [102.4198862892892, 59.92924862621469]]}, "properties": {"source": "25619514", "target": "23996852"}}, {"type": "Feature", "geometry": {"type": "LineString", "coordinates": [[102.45680691303272, 59.91954373985894], [102.45604823847981, 59.917689638735766]]}, "properties": {"source": "25619514", "target": "32288147"}}, {"type": "Feature", "geometry": {"type": "LineString", "coordinates": [[102.45680691303272, 59.91954373985894], [102.43392493029734, 59.92208943546656]]}, "properties": {"source": "25619514", "target": "25178503"}}, {"type": "Feature", "geometry": {"type": "LineString", "coordinates": [[102.45680691303272, 59.91954373985894], [102.43487062709835, 59.93142973857586]]}, "properties": {"source": "25619514", "target": "25805770"}}, {"type": "Feature", "geometry": {"type": "LineString", "coordinates": [[102.45680691303272, 59.91954373985894], [102.46473786970023, 59.93017473839721]]}, "properties": {"source": "25619514", "target": "25619005"}}, {"type": "Feature", "geometry": {"type": "LineString", "coordinates": [[102.45680691303272, 59.91954373985894], [102.42770501747168, 59.91687964510115]]}, "properties": {"source": "25619514", "target": "25005226"}}, {"type": "Feature", "geometry": {"type": "LineString", "coordinates": [[102.45680691303272, 59.91954373985894], [102.43620739402797, 59.93077616132955]]}, "properties": {"source": "25619514", "target": "23676959"}}, {"type": "Feature", "geometry": {"type": "LineString", "coordinates": [[102.45680691303272, 59.91954373985894], [102.46428718918219, 59.925700769499386]]}, "properties": {"source": "25619514", "target": "23015660"}}, {"type": "Feature", "geometry": {"type": "LineString", "coordinates": [[102.45680691303272, 59.91954373985894], [102.41104758989229, 59.93298744464015]]}, "properties": {"source": "25619514", "target": "22926554"}}, {"type": "Feature", "geometry": {"type": "LineString", "coordinates": [[102.45680691303272, 59.91954373985894], [102.41528908814206, 59.930256586875444]]}, "properties": {"source": "25619514", "target": "24059084"}}, {"type": "Feature", "geometry": {"type": "LineString", "coordinates": [[102.45680691303272, 59.91954373985894], [102.4107584166199, 59.921752026961485]]}, "properties": {"source": "25619514", "target": "25121115"}}, {"type": "Feature", "geometry": {"type": "LineString", "coordinates": [[102.45680691303272, 59.91954373985894], [102.45095523842645, 59.91613949048548]]}, "properties": {"source": "25619514", "target": "23343012"}}, {"type": "Feature", "geometry": {"type": "LineString", "coordinates": [[102.45680691303272, 59.91954373985894], [102.44231531033131, 59.91941120530937]]}, "properties": {"source": "25619514", "target": "25619459"}}, {"type": "Feature", "geometry": {"type": "LineString", "coordinates": [[102.43427875965693, 59.912410003773175], [102.44276023014311, 59.92876068651452]]}, "properties": {"source": "29417037", "target": "34736796"}}, {"type": "Feature", "geometry": {"type": "LineString", "coordinates": [[102.43427875965693, 59.912410003773175], [102.41723456065648, 59.91579672288705]]}, "properties": {"source": "29417037", "target": "28603123"}}, {"type": "Feature", "geometry": {"type": "LineString", "coordinates": [[102.43427875965693, 59.912410003773175], [102.43364967893763, 59.91103640181176]]}, "properties": {"source": "29417037", "target": "26116055"}}, {"type": "Feature", "geometry": {"type": "LineString", "coordinates": [[102.43427875965693, 59.912410003773175], [102.40502959331934, 59.92340833366502]]}, "properties": {"source": "29417037", "target": "27247820"}}, {"type": "Feature", "geometry": {"type": "LineString", "coordinates": [[102.43427875965693, 59.912410003773175], [102.41625564487481, 59.909030807978084]]}, "properties": {"source": "29417037", "target": "28668486"}}, {"type": "Feature", "geometry": {"type": "LineString", "coordinates": [[102.43427875965693, 59.912410003773175], [102.46221615182014, 59.91957984210815]]}, "properties": {"source": "29417037", "target": "35182527"}}, {"type": "Feature", "geometry": {"type": "LineString", "coordinates": [[102.43427875965693, 59.912410003773175], [102.42129214516166, 59.91691195740569]]}, "properties": {"source": "29417037", "target": "26863024"}}, {"type": "Feature", "geometry": {"type": "LineString", "coordinates": [[102.41153668251104, 59.919132630734936], [102.40158025864713, 59.92798023559935]]}, "properties": {"source": "26207901", "target": "29983621"}}, {"type": "Feature", "geometry": {"type": "LineString", "coordinates": [[102.41153668251104, 59.919132630734936], [102.42310843017134, 59.9320912411051]]}, "properties": {"source": "26207901", "target": "23630452"}}, {"type": "Feature", "geometry": {"type": "LineString", "coordinates": [[102.41153668251104, 59.919132630734936], [102.40874151185955, 59.92785790292896]]}, "properties": {"source": "26207901", "target": "23460615"}}, {"type": "Feature", "geometry": {"type": "LineString", "coordinates": [[102.41153668251104, 59.919132630734936], [102.46475998675311, 59.930309276919886]]}, "properties": {"source": "26207901", "target": "27731853"}}, {"type": "Feature", "geometry": {"type": "LineString", "coordinates": [[102.41153668251104, 59.919132630734936], [102.40203588533478, 59.919959936843824]]}, "properties": {"source": "26207901", "target": "29856290"}}, {"type": "Feature", "geometry": {"type": "LineString", "coordinates": [[102.41153668251104, 59.919132630734936], [102.41678992021099, 59.9137470830745]]}, "properties": {"source": "26207901", "target": "27732137"}}, {"type": "Feature", "geometry": {"type": "LineString", "coordinates": [[102.41153668251104, 59.919132630734936], [102.4469988720769, 59.90820051246811]]}, "properties": {"source": "26207901", "target": "22255407"}}, {"type": "Feature", "geometry": {"type": "LineString", "coordinates": [[102.41153668251104, 59.919132630734936], [102.39907642682476, 59.91202953095822]]}, "properties": {"source": "26207901", "target": "23001808"}}, {"type": "Feature", "geometry": {"type": "LineString", "coordinates": [[102.41153668251104, 59.919132630734936], [102.44393543816221, 59.927069716687924]]}, "properties": {"source": "26207901", "target": "23443878"}}, {"type": "Feature", "geometry": {"type": "LineString", "coordinates": [[102.44435563092173, 59.910635497595905], [102.40670289241422, 59.92014965666152]]}, "properties": {"source": "7574749", "target": "9934477"}}, {"type": "Feature", "geometry": {"type": "LineString", "coordinates": [[102.44435563092173, 59.910635497595905], [102.4029684599306, 59.92464422368624]]}, "properties": {"source": "7574749", "target": "9869795"}}, {"type": "Feature", "geometry": {"type": "LineString", "coordinates": [[102.44435563092173, 59.910635497595905], [102.40762137013502, 59.91259861243185]]}, "properties": {"source": "7574749", "target": "8474790"}}, {"type": "Feature", "geometry": {"type": "LineString", "coordinates": [[102.44435563092173, 59.910635497595905], [102.45921553714078, 59.92075631122279]]}, "properties": {"source": "7574749", "target": "6351382"}}, {"type": "Feature", "geometry": {"type": "LineString", "coordinates": [[102.44435563092173, 59.910635497595905], [102.46398423038079, 59.916979554280616]]}, "properties": {"source": "7574749", "target": "632475"}}, {"type": "Feature", "geometry": {"type": "LineString", "coordinates": [[102.45117977586676, 59.92845890153396], [102.4221759669116, 59.92728905783986]]}, "properties": {"source": "13356291", "target": "16637055"}}, {"type": "Feature", "geometry": {"type": "LineString", "coordinates": [[102.45117977586676, 59.92845890153396], [102.46679319520246, 59.90941587496073]]}, "properties": {"source": "13356291", "target": "16137695"}}, {"type": "Feature", "geometry": {"type": "LineString", "coordinates": [[102.45117977586676, 59.92845890153396], [102.42977061192016, 59.92362254301803]]}, "properties": {"source": "13356291", "target": "16637062"}}, {"type": "Feature", "geometry": {"type": "LineString", "coordinates": [[102.45117977586676, 59.92845890153396], [102.41447892603031, 59.91478758295611]]}, "properties": {"source": "13356291", "target": "9921367"}}, {"type": "Feature", "geometry": {"type": "LineString", "coordinates": [[102.45117977586676, 59.92845890153396], [102.43947653402734, 59.91896399719036]]}, "properties": {"source": "13356291", "target": "17254275"}}, {"type": "Feature", "geometry": {"type": "LineString", "coordinates": [[102.45117977586676, 59.92845890153396], [102.41396071648575, 59.91094520978318]]}, "properties": {"source": "13356291", "target": "12420936"}}, {"type": "Feature", "geometry": {"type": "LineString", "coordinates": [[102.46033670012315, 59.92815441785292], [102.4508678814961, 59.9102720739742]]}, "properties": {"source": "16146464", "target": "17240414"}}, {"type": "Feature", "geometry": {"type": "LineString", "coordinates": [[102.46033670012315, 59.92815441785292], [102.4221759669116, 59.92728905783986]]}, "properties": {"source": "16146464", "target": "16637055"}}, {"type": "Feature", "geometry": {"type": "LineString", "coordinates": [[102.46033670012315, 59.92815441785292], [102.46679319520246, 59.90941587496073]]}, "properties": {"source": "16146464", "target": "16137695"}}, {"type": "Feature", "geometry": {"type": "LineString", "coordinates": [[102.46033670012315, 59.92815441785292], [102.42977061192016, 59.92362254301803]]}, "properties": {"source": "16146464", "target": "16637062"}}, {"type": "Feature", "geometry": {"type": "LineString", "coordinates": [[102.46033670012315, 59.92815441785292], [102.43947653402734, 59.91896399719036]]}, "properties": {"source": "16146464", "target": "17254275"}}, {"type": "Feature", "geometry": {"type": "LineString", "coordinates": [[102.46263894581506, 59.91109483287934], [102.43922376789072, 59.93289067491828]]}, "properties": {"source": "25847540", "target": "26250745"}}, {"type": "Feature", "geometry": {"type": "LineString", "coordinates": [[102.46263894581506, 59.91109483287934], [102.39876097951907, 59.918353730346354]]}, "properties": {"source": "25847540", "target": "30747423"}}, {"type": "Feature", "geometry": {"type": "LineString", "coordinates": [[102.46263894581506, 59.91109483287934], [102.45604823847981, 59.917689638735766]]}, "properties": {"source": "25847540", "target": "32288147"}}, {"type": "Feature", "geometry": {"type": "LineString", "coordinates": [[102.46263894581506, 59.91109483287934], [102.45506822008923, 59.92701094920406]]}, "properties": {"source": "25847540", "target": "13616714"}}, {"type": "Feature", "geometry": {"type": "LineString", "coordinates": [[102.46263894581506, 59.91109483287934], [102.46697746509454, 59.923231242577884]]}, "properties": {"source": "25847540", "target": "13616704"}}, {"type": "Feature", "geometry": {"type": "LineString", "coordinates": [[102.43757491539776, 59.923281199452305], [102.42310843017134, 59.9320912411051]]}, "properties": {"source": "22015258", "target": "23630452"}}, {"type": "Feature", "geometry": {"type": "LineString", "coordinates": [[102.43757491539776, 59.923281199452305], [102.41153668251104, 59.919132630734936]]}, "properties": {"source": "22015258", "target": "26207901"}}, {"type": "Feature", "geometry": {"type": "LineString", "coordinates": [[102.43757491539776, 59.923281199452305], [102.40874151185955, 59.92785790292896]]}, "properties": {"source": "22015258", "target": "23460615"}}, {"type": "Feature", "geometry": {"type": "LineString", "coordinates": [[102.43757491539776, 59.923281199452305], [102.42132677657446, 59.920005059779115]]}, "properties": {"source": "22015258", "target": "22907796"}}, {"type": "Feature", "geometry": {"type": "LineString", "coordinates": [[102.43757491539776, 59.923281199452305], [102.4469988720769, 59.90820051246811]]}, "properties": {"source": "22015258", "target": "22255407"}}, {"type": "Feature", "geometry": {"type": "LineString", "coordinates": [[102.43757491539776, 59.923281199452305], [102.39907642682476, 59.91202953095822]]}, "properties": {"source": "22015258", "target": "23001808"}}, {"type": "Feature", "geometry": {"type": "LineString", "coordinates": [[102.43757491539776, 59.923281199452305], [102.40128392130521, 59.91887744953853]]}, "properties": {"source": "22015258", "target": "25684799"}}, {"type": "Feature", "geometry": {"type": "LineString", "coordinates": [[102.43757491539776, 59.923281199452305], [102.46514759320354, 59.911255418632365]]}, "properties": {"source": "22015258", "target": "21452685"}}, {"type": "Feature", "geometry": {"type": "LineString", "coordinates": [[102.43757491539776, 59.923281199452305], [102.46080320363308, 59.925910072530485]]}, "properties": {"source": "22015258", "target": "16148327"}}, {"type": "Feature", "geometry": {"type": "LineString", "coordinates": [[102.40502959331934, 59.92340833366502], [102.40934937797311, 59.910400254096714]]}, "properties": {"source": "27247820", "target": "28419659"}}, {"type": "Feature", "geometry": {"type": "LineString", "coordinates": [[102.43757491539776, 59.923281199452305], [102.44393543816221, 59.927069716687924]]}, "properties": {"source": "22015258", "target": "23443878"}}, {"type": "Feature", "geometry": {"type": "LineString", "coordinates": [[102.4122134297877, 59.915108555730114], [102.4221759669116, 59.92728905783986]]}, "properties": {"source": "16201163", "target": "16637055"}}, {"type": "Feature", "geometry": {"type": "LineString", "coordinates": [[102.4122134297877, 59.915108555730114], [102.46679319520246, 59.90941587496073]]}, "properties": {"source": "16201163", "target": "16137695"}}, {"type": "Feature", "geometry": {"type": "LineString", "coordinates": [[102.4122134297877, 59.915108555730114], [102.42977061192016, 59.92362254301803]]}, "properties": {"source": "16201163", "target": "16637062"}}, {"type": "Feature", "geometry": {"type": "LineString", "coordinates": [[102.4122134297877, 59.915108555730114], [102.45117977586676, 59.92845890153396]]}, "properties": {"source": "16201163", "target": "13356291"}}, {"type": "Feature", "geometry": {"type": "LineString", "coordinates": [[102.4122134297877, 59.915108555730114], [102.46033670012315, 59.92815441785292]]}, "properties": {"source": "16201163", "target": "16146464"}}, {"type": "Feature", "geometry": {"type": "LineString", "coordinates": [[102.4122134297877, 59.915108555730114], [102.43947653402734, 59.91896399719036]]}, "properties": {"source": "16201163", "target": "17254275"}}, {"type": "Feature", "geometry": {"type": "LineString", "coordinates": [[102.4122134297877, 59.915108555730114], [102.46175317395932, 59.91201479031399]]}, "properties": {"source": "16201163", "target": "15705314"}}, {"type": "Feature", "geometry": {"type": "LineString", "coordinates": [[102.4122134297877, 59.915108555730114], [102.45790087946114, 59.913396741836564]]}, "properties": {"source": "16201163", "target": "14290957"}}, {"type": "Feature", "geometry": {"type": "LineString", "coordinates": [[102.4122134297877, 59.915108555730114], [102.45195458472654, 59.91365541585819]]}, "properties": {"source": "16201163", "target": "15984862"}}, {"type": "Feature", "geometry": {"type": "LineString", "coordinates": [[102.4107584166199, 59.921752026961485], [102.43922376789072, 59.93289067491828]]}, "properties": {"source": "25121115", "target": "26250745"}}, {"type": "Feature", "geometry": {"type": "LineString", "coordinates": [[102.4107584166199, 59.921752026961485], [102.45377016537674, 59.933250318527215]]}, "properties": {"source": "25121115", "target": "25135041"}}, {"type": "Feature", "geometry": {"type": "LineString", "coordinates": [[102.4107584166199, 59.921752026961485], [102.46574745518728, 59.92157385026036]]}, "properties": {"source": "25121115", "target": "20654061"}}, {"type": "Feature", "geometry": {"type": "LineString", "coordinates": [[102.4107584166199, 59.921752026961485], [102.42436072463244, 59.913164057912226]]}, "properties": {"source": "25121115", "target": "23293536"}}, {"type": "Feature", "geometry": {"type": "LineString", "coordinates": [[102.4249159669352, 59.919751624706024], [102.45604823847981, 59.917689638735766]]}, "properties": {"source": "9036235", "target": "32288147"}}, {"type": "Feature", "geometry": {"type": "LineString", "coordinates": [[102.4249159669352, 59.919751624706024], [102.44153945341685, 59.925632372085616]]}, "properties": {"source": "9036235", "target": "9820929"}}, {"type": "Feature", "geometry": {"type": "LineString", "coordinates": [[102.4249159669352, 59.919751624706024], [102.46545840642631, 59.9250386380955]]}, "properties": {"source": "9036235", "target": "9899500"}}, {"type": "Feature", "geometry": {"type": "LineString", "coordinates": [[102.46573540748483, 59.923981063287], [102.43744326369506, 59.90937995259884]]}, "properties": {"source": "25712913", "target": "23210467"}}, {"type": "Feature", "geometry": {"type": "LineString", "coordinates": [[102.46573540748483, 59.923981063287], [102.469913257163, 59.91847410997775]]}, "properties": {"source": "25712913", "target": "27787060"}}, {"type": "Feature", "geometry": {"type": "LineString", "coordinates": [[102.46573540748483, 59.923981063287], [102.45679913088742, 59.92470297074421]]}, "properties": {"source": "25712913", "target": "28419686"}}, {"type": "Feature", "geometry": {"type": "LineString", "coordinates": [[102.46573540748483, 59.923981063287], [102.42446650885603, 59.9249214521906]]}, "properties": {"source": "25712913", "target": "25231392"}}, {"type": "Feature", "geometry": {"type": "LineString", "coordinates": [[102.45672921795244, 59.9150036331164], [102.42033534152449, 59.92927343845204]]}, "properties": {"source": "27906458", "target": "28424751"}}, {"type": "Feature", "geometry": {"type": "LineString", "coordinates": [[102.45672921795244, 59.9150036331164], [102.4015969958142, 59.91821166004681]]}, "properties": {"source": "27906458", "target": "25583758"}}, {"type": "Feature", "geometry": {"type": "LineString", "coordinates": [[102.45672921795244, 59.9150036331164], [102.47157645175503, 59.92569359453253]]}, "properties": {"source": "27906458", "target": "30360528"}}, {"type": "Feature", "geometry": {"type": "LineString", "coordinates": [[102.45672921795244, 59.9150036331164], [102.39876097951907, 59.918353730346354]]}, "properties": {"source": "27906458", "target": "30747423"}}, {"type": "Feature", "geometry": {"type": "LineString", "coordinates": [[102.45672921795244, 59.9150036331164], [102.45604823847981, 59.917689638735766]]}, "properties": {"source": "27906458", "target": "32288147"}}, {"type": "Feature", "geometry": {"type": "LineString", "coordinates": [[102.45672921795244, 59.9150036331164], [102.43487062709835, 59.93142973857586]]}, "properties": {"source": "27906458", "target": "25805770"}}, {"type": "Feature", "geometry": {"type": "LineString", "coordinates": [[102.45672921795244, 59.9150036331164], [102.44459224318183, 59.923864448393985]]}, "properties": {"source": "27906458", "target": "26014440"}}, {"type": "Feature", "geometry": {"type": "LineString", "coordinates": [[102.45672921795244, 59.9150036331164], [102.45236853219643, 59.919067215531186]]}, "properties": {"source": "27906458", "target": "28822089"}}, {"type": "Feature", "geometry": {"type": "LineString", "coordinates": [[102.45672921795244, 59.9150036331164], [102.4000238402258, 59.917777136493086]]}, "properties": {"source": "27906458", "target": "26250778"}}, {"type": "Feature", "geometry": {"type": "LineString", "coordinates": [[102.45672921795244, 59.9150036331164], [102.4343764669257, 59.90969895299935]]}, "properties": {"source": "27906458", "target": "30820064"}}, {"type": "Feature", "geometry": {"type": "LineString", "coordinates": [[102.45672921795244, 59.9150036331164], [102.40149377479719, 59.93293266458711]]}, "properties": {"source": "27906458", "target": "4518866"}}, {"type": "Feature", "geometry": {"type": "LineString", "coordinates": [[102.46573540748483, 59.923981063287], [102.45583034950357, 59.914512447277005]]}, "properties": {"source": "25712913", "target": "25576718"}}, {"type": "Feature", "geometry": {"type": "LineString", "coordinates": [[102.39907642682476, 59.91202953095822], [102.42310843017134, 59.9320912411051]]}, "properties": {"source": "23001808", "target": "23630452"}}, {"type": "Feature", "geometry": {"type": "LineString", "coordinates": [[102.39907642682476, 59.91202953095822], [102.40874151185955, 59.92785790292896]]}, "properties": {"source": "23001808", "target": "23460615"}}, {"type": "Feature", "geometry": {"type": "LineString", "coordinates": [[102.39907642682476, 59.91202953095822], [102.42132677657446, 59.920005059779115]]}, "properties": {"source": "23001808", "target": "22907796"}}, {"type": "Feature", "geometry": {"type": "LineString", "coordinates": [[102.39907642682476, 59.91202953095822], [102.4469988720769, 59.90820051246811]]}, "properties": {"source": "23001808", "target": "22255407"}}, {"type": "Feature", "geometry": {"type": "LineString", "coordinates": [[102.39907642682476, 59.91202953095822], [102.40128392130521, 59.91887744953853]]}, "properties": {"source": "23001808", "target": "25684799"}}, {"type": "Feature", "geometry": {"type": "LineString", "coordinates": [[102.39907642682476, 59.91202953095822], [102.41109062347198, 59.92985334552752]]}, "properties": {"source": "23001808", "target": "20911913"}}, {"type": "Feature", "geometry": {"type": "LineString", "coordinates": [[102.39907642682476, 59.91202953095822], [102.46386481895257, 59.91267836741859]]}, "properties": {"source": "23001808", "target": "18190711"}}, {"type": "Feature", "geometry": {"type": "LineString", "coordinates": [[102.39907642682476, 59.91202953095822], [102.46514759320354, 59.911255418632365]]}, "properties": {"source": "23001808", "target": "21452685"}}, {"type": "Feature", "geometry": {"type": "LineString", "coordinates": [[102.39907642682476, 59.91202953095822], [102.40402777585058, 59.933242312747524]]}, "properties": {"source": "23001808", "target": "22463706"}}, {"type": "Feature", "geometry": {"type": "LineString", "coordinates": [[102.39907642682476, 59.91202953095822], [102.43201814376715, 59.915802761956755]]}, "properties": {"source": "23001808", "target": "23480212"}}, {"type": "Feature", "geometry": {"type": "LineString", "coordinates": [[102.43968198434146, 59.92571707927915], [102.46367992981743, 59.91651446566853]]}, "properties": {"source": "9823979", "target": "9844910"}}, {"type": "Feature", "geometry": {"type": "LineString", "coordinates": [[102.43968198434146, 59.92571707927915], [102.40670289241422, 59.92014965666152]]}, "properties": {"source": "9823979", "target": "9934477"}}, {"type": "Feature", "geometry": {"type": "LineString", "coordinates": [[102.43968198434146, 59.92571707927915], [102.4029684599306, 59.92464422368624]]}, "properties": {"source": "9823979", "target": "9869795"}}, {"type": "Feature", "geometry": {"type": "LineString", "coordinates": [[102.43968198434146, 59.92571707927915], [102.40701540369895, 59.92390137915392]]}, "properties": {"source": "9823979", "target": "9820802"}}, {"type": "Feature", "geometry": {"type": "LineString", "coordinates": [[102.39907642682476, 59.91202953095822], [102.44393543816221, 59.927069716687924]]}, "properties": {"source": "23001808", "target": "23443878"}}, {"type": "Feature", "geometry": {"type": "LineString", "coordinates": [[102.39907642682476, 59.91202953095822], [102.41862518215453, 59.9170332545157]]}, "properties": {"source": "23001808", "target": "18265836"}}, {"type": "Feature", "geometry": {"type": "LineString", "coordinates": [[102.45611160819863, 59.92819414821213], [102.4663432041358, 59.91971260631432]]}, "properties": {"source": "29343927", "target": "25762284"}}, {"type": "Feature", "geometry": {"type": "LineString", "coordinates": [[102.45611160819863, 59.92819414821213], [102.46221615182014, 59.91957984210815]]}, "properties": {"source": "29343927", "target": "35182527"}}, {"type": "Feature", "geometry": {"type": "LineString", "coordinates": [[102.45611160819863, 59.92819414821213], [102.42129214516166, 59.91691195740569]]}, "properties": {"source": "29343927", "target": "26863024"}}, {"type": "Feature", "geometry": {"type": "LineString", "coordinates": [[102.44459224318183, 59.923864448393985], [102.42033534152449, 59.92927343845204]]}, "properties": {"source": "26014440", "target": "28424751"}}, {"type": "Feature", "geometry": {"type": "LineString", "coordinates": [[102.44459224318183, 59.923864448393985], [102.43922376789072, 59.93289067491828]]}, "properties": {"source": "26014440", "target": "26250745"}}, {"type": "Feature", "geometry": {"type": "LineString", "coordinates": [[102.44459224318183, 59.923864448393985], [102.47157645175503, 59.92569359453253]]}, "properties": {"source": "26014440", "target": "30360528"}}, {"type": "Feature", "geometry": {"type": "LineString", "coordinates": [[102.44459224318183, 59.923864448393985], [102.39876097951907, 59.918353730346354]]}, "properties": {"source": "26014440", "target": "30747423"}}, {"type": "Feature", "geometry": {"type": "LineString", "coordinates": [[102.44459224318183, 59.923864448393985], [102.45604823847981, 59.917689638735766]]}, "properties": {"source": "26014440", "target": "32288147"}}, {"type": "Feature", "geometry": {"type": "LineString", "coordinates": [[102.44459224318183, 59.923864448393985], [102.43487062709835, 59.93142973857586]]}, "properties": {"source": "26014440", "target": "25805770"}}, {"type": "Feature", "geometry": {"type": "LineString", "coordinates": [[102.44459224318183, 59.923864448393985], [102.44857086768633, 59.915403603892216]]}, "properties": {"source": "26014440", "target": "24202563"}}, {"type": "Feature", "geometry": {"type": "LineString", "coordinates": [[102.44459224318183, 59.923864448393985], [102.45236853219643, 59.919067215531186]]}, "properties": {"source": "26014440", "target": "28822089"}}, {"type": "Feature", "geometry": {"type": "LineString", "coordinates": [[102.44459224318183, 59.923864448393985], [102.42770501747168, 59.91687964510115]]}, "properties": {"source": "26014440", "target": "25005226"}}, {"type": "Feature", "geometry": {"type": "LineString", "coordinates": [[102.44459224318183, 59.923864448393985], [102.41528908814206, 59.930256586875444]]}, "properties": {"source": "26014440", "target": "24059084"}}, {"type": "Feature", "geometry": {"type": "LineString", "coordinates": [[102.44459224318183, 59.923864448393985], [102.4107584166199, 59.921752026961485]]}, "properties": {"source": "26014440", "target": "25121115"}}, {"type": "Feature", "geometry": {"type": "LineString", "coordinates": [[102.44459224318183, 59.923864448393985], [102.42992111469681, 59.93191701349083]]}, "properties": {"source": "26014440", "target": "26250720"}}, {"type": "Feature", "geometry": {"type": "LineString", "coordinates": [[102.44459224318183, 59.923864448393985], [102.46263894581506, 59.91109483287934]]}, "properties": {"source": "26014440", "target": "25847540"}}]}