{"type": "FeatureCollection", "features": [{"type": "Feature", "geometry": {"type": "LineString", "coordinates": [[154.6850240701715, 68.52955467236026], [154.6890269578799, 68.53585254077802]]}, "properties": {"source": "856475", "target": "1389568"}}, {"type": "Feature", "geometry": {"type": "LineString", "coordinates": [[154.6850240701715, 68.52955467236026], [154.69190026490395, 68.53009265659858]]}, "properties": {"source": "856475", "target": "13591831"}}, {"type": "Feature", "geometry": {"type": "LineString", "coordinates": [[154.6850240701715, 68.52955467236026], [154.7058288193699, 68.53386632198902]]}, "properties": {"source": "856475", "target": "17895777"}}, {"type": "Feature", "geometry": {"type": "LineString", "coordinates": [[154.6850240701715, 68.52955467236026], [154.69017810289625, 68.53113660495697]]}, "properties": {"source": "856475", "target": "13060189"}}, {"type": "Feature", "geometry": {"type": "LineString", "coordinates": [[154.6850240701715, 68.52955467236026], [154.68633344872563, 68.5345975076855]]}, "properties": {"source": "856475", "target": "945262"}}, {"type": "Feature", "geometry": {"type": "LineString", "coordinates": [[154.6850240701715, 68.52955467236026], [154.68601778106222, 68.5289831108926]]}, "properties": {"source": "856475", "target": "16109263"}}, {"type": "Feature", "geometry": {"type": "LineString", "coordinates": [[154.6850240701715, 68.52955467236026], [154.70406218143677, 68.53041056896399]]}, "properties": {"source": "856475", "target": "15808375"}}, {"type": "Feature", "geometry": {"type": "LineString", "coordinates": [[154.6850240701715, 68.52955467236026], [154.69554449782578, 68.53143784693734]]}, "properties": {"source": "856475", "target": "568216"}}, {"type": "Feature", "geometry": {"type": "LineString", "coordinates": [[154.6850240701715, 68.52955467236026], [154.69586168768632, 68.5337965125697]]}, "properties": {"source": "856475", "target": "8070816"}}, {"type": "Feature", "geometry": {"type": "LineString", "coordinates": [[154.6850240701715, 68.52955467236026], [154.689176935874, 68.53573230919451]]}, "properties": {"source": "856475", "target": "948229"}}, {"type": "Feature", "geometry": {"type": "LineString", "coordinates": [[154.6850240701715, 68.52955467236026], [154.68714539741762, 68.53277973814781]]}, "properties": {"source": "856475", "target": "1041179"}}, {"type": "Feature", "geometry": {"type": "LineString", "coordinates": [[154.6850240701715, 68.52955467236026], [154.691611980721, 68.53448626517064]]}, "properties": {"source": "856475", "target": "616290"}}, {"type": "Feature", "geometry": {"type": "LineString", "coordinates": [[154.6850240701715, 68.52955467236026], [154.70354191218308, 68.52920568675808]]}, "properties": {"source": "856475", "target": "7231086"}}, {"type": "Feature", "geometry": {"type": "LineString", "coordinates": [[154.6850240701715, 68.52955467236026], [154.6978509750342, 68.530278363631]]}, "properties": {"source": "856475", "target": "6202745"}}, {"type": "Feature", "geometry": {"type": "LineString", "coordinates": [[154.6850240701715, 68.52955467236026], [154.69793348299976, 68.53187464353397]]}, "properties": {"source": "856475", "target": "1182947"}}, {"type": "Feature", "geometry": {"type": "LineString", "coordinates": [[154.6850240701715, 68.52955467236026], [154.70055974965766, 68.53206681891584]]}, "properties": {"source": "856475", "target": "836268"}}, {"type": "Feature", "geometry": {"type": "LineString", "coordinates": [[154.69436463455287, 68.5283655952349], [154.6950018620172, 68.53021230527574]]}, "properties": {"source": "839127", "target": "910618"}}, {"type": "Feature", "geometry": {"type": "LineString", "coordinates": [[154.69436463455287, 68.5283655952349], [154.69453813804978, 68.53331768082424]]}, "properties": {"source": "839127", "target": "98213"}}, {"type": "Feature", "geometry": {"type": "LineString", "coordinates": [[154.69436463455287, 68.5283655952349], [154.68633344872563, 68.5345975076855]]}, "properties": {"source": "839127", "target": "945262"}}, {"type": "Feature", "geometry": {"type": "LineString", "coordinates": [[154.69436463455287, 68.5283655952349], [154.68714539741762, 68.53277973814781]]}, "properties": {"source": "839127", "target": "1041179"}}, {"type": "Feature", "geometry": {"type": "LineString", "coordinates": [[154.69436463455287, 68.5283655952349], [154.69793348299976, 68.53187464353397]]}, "properties": {"source": "839127", "target": "1182947"}}, {"type": "Feature", "geometry": {"type": "LineString", "coordinates": [[154.69436463455287, 68.5283655952349], [154.70055974965766, 68.53206681891584]]}, "properties": {"source": "839127", "target": "836268"}}, {"type": "Feature", "geometry": {"type": "LineString", "coordinates": [[154.69898592497537, 68.53245998564245], [154.69838926203022, 68.53216241473342]]}, "properties": {"source": "85385", "target": "723435"}}, {"type": "Feature", "geometry": {"type": "LineString", "coordinates": [[154.69898592497537, 68.53245998564245], [154.70335902687248, 68.5350548135273]]}, "properties": {"source": "85385", "target": "939963"}}, {"type": "Feature", "geometry": {"type": "LineString", "coordinates": [[154.69898592497537, 68.53245998564245], [154.69453813804978, 68.53331768082424]]}, "properties": {"source": "85385", "target": "98213"}}, {"type": "Feature", "geometry": {"type": "LineString", "coordinates": [[154.69898592497537, 68.53245998564245], [154.68633344872563, 68.5345975076855]]}, "properties": {"source": "85385", "target": "945262"}}, {"type": "Feature", "geometry": {"type": "LineString", "coordinates": [[154.69819203908423, 68.53543717617606], [154.70335902687248, 68.5350548135273]]}, "properties": {"source": "984791", "target": "939963"}}, {"type": "Feature", "geometry": {"type": "LineString", "coordinates": [[154.69819203908423, 68.53543717617606], [154.69898592497537, 68.53245998564245]]}, "properties": {"source": "984791", "target": "85385"}}, {"type": "Feature", "geometry": {"type": "LineString", "coordinates": [[154.69819203908423, 68.53543717617606], [154.69453813804978, 68.53331768082424]]}, "properties": {"source": "984791", "target": "98213"}}, {"type": "Feature", "geometry": {"type": "LineString", "coordinates": [[154.69819203908423, 68.53543717617606], [154.68633344872563, 68.5345975076855]]}, "properties": {"source": "984791", "target": "945262"}}, {"type": "Feature", "geometry": {"type": "LineString", "coordinates": [[154.69819203908423, 68.53543717617606], [154.70728640633547, 68.53115661825186]]}, "properties": {"source": "984791", "target": "90529"}}, {"type": "Feature", "geometry": {"type": "LineString", "coordinates": [[154.68575217942293, 68.53503482199929], [154.68957728501078, 68.53057105963669]]}, "properties": {"source": "18124339", "target": "28397130"}}, {"type": "Feature", "geometry": {"type": "LineString", "coordinates": [[154.7073315352053, 68.53112016272371], [154.68753589471373, 68.53591979934427]]}, "properties": {"source": "26262937", "target": "2293907"}}, {"type": "Feature", "geometry": {"type": "LineString", "coordinates": [[154.7073315352053, 68.53112016272371], [154.7011934406794, 68.52920324796744]]}, "properties": {"source": "26262937", "target": "25731999"}}, {"type": "Feature", "geometry": {"type": "LineString", "coordinates": [[154.7073315352053, 68.53112016272371], [154.68801252360396, 68.5292324563332]]}, "properties": {"source": "26262937", "target": "25224257"}}, {"type": "Feature", "geometry": {"type": "LineString", "coordinates": [[154.7073315352053, 68.53112016272371], [154.69934934052316, 68.53587292460574]]}, "properties": {"source": "26262937", "target": "28650003"}}, {"type": "Feature", "geometry": {"type": "LineString", "coordinates": [[154.7073315352053, 68.53112016272371], [154.68575217942293, 68.53503482199929]]}, "properties": {"source": "26262937", "target": "18124339"}}, {"type": "Feature", "geometry": {"type": "LineString", "coordinates": [[154.7073315352053, 68.53112016272371], [154.69391398756255, 68.53095695494028]]}, "properties": {"source": "26262937", "target": "19537414"}}, {"type": "Feature", "geometry": {"type": "LineString", "coordinates": [[154.7073315352053, 68.53112016272371], [154.7051814930751, 68.53011324892756]]}, "properties": {"source": "26262937", "target": "17556866"}}, {"type": "Feature", "geometry": {"type": "LineString", "coordinates": [[154.7073315352053, 68.53112016272371], [154.6890269578799, 68.53585254077802]]}, "properties": {"source": "26262937", "target": "1389568"}}, {"type": "Feature", "geometry": {"type": "LineString", "coordinates": [[154.7073315352053, 68.53112016272371], [154.69190026490395, 68.53009265659858]]}, "properties": {"source": "26262937", "target": "13591831"}}, {"type": "Feature", "geometry": {"type": "LineString", "coordinates": [[154.7073315352053, 68.53112016272371], [154.70632864265514, 68.52980785084875]]}, "properties": {"source": "26262937", "target": "20694863"}}, {"type": "Feature", "geometry": {"type": "LineString", "coordinates": [[154.7073315352053, 68.53112016272371], [154.6952119919295, 68.53283789740954]]}, "properties": {"source": "26262937", "target": "27039054"}}, {"type": "Feature", "geometry": {"type": "LineString", "coordinates": [[154.7073315352053, 68.53112016272371], [154.7058288193699, 68.53386632198902]]}, "properties": {"source": "26262937", "target": "17895777"}}, {"type": "Feature", "geometry": {"type": "LineString", "coordinates": [[154.7073315352053, 68.53112016272371], [154.69017810289625, 68.53113660495697]]}, "properties": {"source": "26262937", "target": "13060189"}}, {"type": "Feature", "geometry": {"type": "LineString", "coordinates": [[154.7073315352053, 68.53112016272371], [154.70650146301273, 68.53231514731013]]}, "properties": {"source": "26262937", "target": "23604341"}}, {"type": "Feature", "geometry": {"type": "LineString", "coordinates": [[154.7073315352053, 68.53112016272371], [154.68601778106222, 68.5289831108926]]}, "properties": {"source": "26262937", "target": "16109263"}}, {"type": "Feature", "geometry": {"type": "LineString", "coordinates": [[154.7073315352053, 68.53112016272371], [154.70406218143677, 68.53041056896399]]}, "properties": {"source": "26262937", "target": "15808375"}}, {"type": "Feature", "geometry": {"type": "LineString", "coordinates": [[154.70281685732817, 68.53136562333233], [154.69491398873708, 68.53493510676967]]}, "properties": {"source": "1872357", "target": "27917540"}}, {"type": "Feature", "geometry": {"type": "LineString", "coordinates": [[154.70281685732817, 68.53136562333233], [154.7011934406794, 68.52920324796744]]}, "properties": {"source": "1872357", "target": "25731999"}}, {"type": "Feature", "geometry": {"type": "LineString", "coordinates": [[154.70281685732817, 68.53136562333233], [154.69391398756255, 68.53095695494028]]}, "properties": {"source": "1872357", "target": "19537414"}}, {"type": "Feature", "geometry": {"type": "LineString", "coordinates": [[154.6842203097508, 68.53048346317803], [154.68957728501078, 68.53057105963669]]}, "properties": {"source": "3348680", "target": "28397130"}}, {"type": "Feature", "geometry": {"type": "LineString", "coordinates": [[154.6842203097508, 68.53048346317803], [154.69004157121276, 68.53116345046152]]}, "properties": {"source": "3348680", "target": "30155060"}}, {"type": "Feature", "geometry": {"type": "LineString", "coordinates": [[154.6842203097508, 68.53048346317803], [154.69837360806974, 68.53024931783906]]}, "properties": {"source": "3348680", "target": "3955636"}}, {"type": "Feature", "geometry": {"type": "LineString", "coordinates": [[154.6842203097508, 68.53048346317803], [154.7014051702604, 68.53471804153605]]}, "properties": {"source": "3348680", "target": "29008963"}}, {"type": "Feature", "geometry": {"type": "LineString", "coordinates": [[154.6842203097508, 68.53048346317803], [154.70350296054323, 68.52876581359962]]}, "properties": {"source": "3348680", "target": "4535636"}}, {"type": "Feature", "geometry": {"type": "LineString", "coordinates": [[154.69307083510654, 68.53582412171079], [154.69004157121276, 68.53116345046152]]}, "properties": {"source": "29662680", "target": "30155060"}}, {"type": "Feature", "geometry": {"type": "LineString", "coordinates": [[154.69307083510654, 68.53582412171079], [154.69491398873708, 68.53493510676967]]}, "properties": {"source": "29662680", "target": "27917540"}}, {"type": "Feature", "geometry": {"type": "LineString", "coordinates": [[154.69307083510654, 68.53582412171079], [154.69837360806974, 68.53024931783906]]}, "properties": {"source": "29662680", "target": "3955636"}}, {"type": "Feature", "geometry": {"type": "LineString", "coordinates": [[154.69307083510654, 68.53582412171079], [154.7014051702604, 68.53471804153605]]}, "properties": {"source": "29662680", "target": "29008963"}}, {"type": "Feature", "geometry": {"type": "LineString", "coordinates": [[154.69307083510654, 68.53582412171079], [154.70350296054323, 68.52876581359962]]}, "properties": {"source": "29662680", "target": "4535636"}}, {"type": "Feature", "geometry": {"type": "LineString", "coordinates": [[154.69554449782578, 68.53143784693734], [154.69004157121276, 68.53116345046152]]}, "properties": {"source": "568216", "target": "30155060"}}, {"type": "Feature", "geometry": {"type": "LineString", "coordinates": [[154.69554449782578, 68.53143784693734], [154.69837360806974, 68.53024931783906]]}, "properties": {"source": "568216", "target": "3955636"}}, {"type": "Feature", "geometry": {"type": "LineString", "coordinates": [[154.69554449782578, 68.53143784693734], [154.7014051702604, 68.53471804153605]]}, "properties": {"source": "568216", "target": "29008963"}}, {"type": "Feature", "geometry": {"type": "LineString", "coordinates": [[154.68753589471373, 68.53591979934427], [154.7014051702604, 68.53471804153605]]}, "properties": {"source": "2293907", "target": "29008963"}}, {"type": "Feature", "geometry": {"type": "LineString", "coordinates": [[154.68753589471373, 68.53591979934427], [154.7011934406794, 68.52920324796744]]}, "properties": {"source": "2293907", "target": "25731999"}}, {"type": "Feature", "geometry": {"type": "LineString", "coordinates": [[154.68753589471373, 68.53591979934427], [154.68801252360396, 68.5292324563332]]}, "properties": {"source": "2293907", "target": "25224257"}}, {"type": "Feature", "geometry": {"type": "LineString", "coordinates": [[154.68753589471373, 68.53591979934427], [154.69934934052316, 68.53587292460574]]}, "properties": {"source": "2293907", "target": "28650003"}}, {"type": "Feature", "geometry": {"type": "LineString", "coordinates": [[154.68753589471373, 68.53591979934427], [154.68575217942293, 68.53503482199929]]}, "properties": {"source": "2293907", "target": "18124339"}}, {"type": "Feature", "geometry": {"type": "LineString", "coordinates": [[154.68753589471373, 68.53591979934427], [154.69391398756255, 68.53095695494028]]}, "properties": {"source": "2293907", "target": "19537414"}}, {"type": "Feature", "geometry": {"type": "LineString", "coordinates": [[154.68753589471373, 68.53591979934427], [154.70632864265514, 68.52980785084875]]}, "properties": {"source": "2293907", "target": "20694863"}}, {"type": "Feature", "geometry": {"type": "LineString", "coordinates": [[154.68753589471373, 68.53591979934427], [154.68615262784732, 68.53439645886442]]}, "properties": {"source": "2293907", "target": "22140734"}}, {"type": "Feature", "geometry": {"type": "LineString", "coordinates": [[154.68753589471373, 68.53591979934427], [154.70281685732817, 68.53136562333233]]}, "properties": {"source": "2293907", "target": "1872357"}}, {"type": "Feature", "geometry": {"type": "LineString", "coordinates": [[154.68753589471373, 68.53591979934427], [154.69890397511432, 68.53452900381023]]}, "properties": {"source": "2293907", "target": "18707665"}}, {"type": "Feature", "geometry": {"type": "LineString", "coordinates": [[154.7011934406794, 68.52920324796744], [154.68957728501078, 68.53057105963669]]}, "properties": {"source": "25731999", "target": "28397130"}}, {"type": "Feature", "geometry": {"type": "LineString", "coordinates": [[154.7011934406794, 68.52920324796744], [154.70596111039356, 68.52988394998349]]}, "properties": {"source": "25731999", "target": "24883556"}}, {"type": "Feature", "geometry": {"type": "LineString", "coordinates": [[154.7011934406794, 68.52920324796744], [154.69491398873708, 68.53493510676967]]}, "properties": {"source": "25731999", "target": "27917540"}}, {"type": "Feature", "geometry": {"type": "LineString", "coordinates": [[154.7011934406794, 68.52920324796744], [154.68801252360396, 68.5292324563332]]}, "properties": {"source": "25731999", "target": "25224257"}}, {"type": "Feature", "geometry": {"type": "LineString", "coordinates": [[154.7011934406794, 68.52920324796744], [154.69391398756255, 68.53095695494028]]}, "properties": {"source": "25731999", "target": "19537414"}}, {"type": "Feature", "geometry": {"type": "LineString", "coordinates": [[154.7011934406794, 68.52920324796744], [154.70632864265514, 68.52980785084875]]}, "properties": {"source": "25731999", "target": "20694863"}}, {"type": "Feature", "geometry": {"type": "LineString", "coordinates": [[154.69554449782578, 68.53143784693734], [154.70350296054323, 68.52876581359962]]}, "properties": {"source": "568216", "target": "4535636"}}, {"type": "Feature", "geometry": {"type": "LineString", "coordinates": [[154.69554449782578, 68.53143784693734], [154.69586168768632, 68.5337965125697]]}, "properties": {"source": "568216", "target": "8070816"}}, {"type": "Feature", "geometry": {"type": "LineString", "coordinates": [[154.69554449782578, 68.53143784693734], [154.691611980721, 68.53448626517064]]}, "properties": {"source": "568216", "target": "616290"}}, {"type": "Feature", "geometry": {"type": "LineString", "coordinates": [[154.690807194946, 68.53134418145771], [154.69004157121276, 68.53116345046152]]}, "properties": {"source": "17852144", "target": "30155060"}}, {"type": "Feature", "geometry": {"type": "LineString", "coordinates": [[154.690807194946, 68.53134418145771], [154.70596111039356, 68.52988394998349]]}, "properties": {"source": "17852144", "target": "24883556"}}, {"type": "Feature", "geometry": {"type": "LineString", "coordinates": [[154.690807194946, 68.53134418145771], [154.69837360806974, 68.53024931783906]]}, "properties": {"source": "17852144", "target": "3955636"}}, {"type": "Feature", "geometry": {"type": "LineString", "coordinates": [[154.690807194946, 68.53134418145771], [154.70323853519898, 68.53399725453633]]}, "properties": {"source": "17852144", "target": "17949605"}}, {"type": "Feature", "geometry": {"type": "LineString", "coordinates": [[154.69586168768632, 68.5337965125697], [154.68601778106222, 68.5289831108926]]}, "properties": {"source": "8070816", "target": "16109263"}}, {"type": "Feature", "geometry": {"type": "LineString", "coordinates": [[154.69586168768632, 68.5337965125697], [154.691611980721, 68.53448626517064]]}, "properties": {"source": "8070816", "target": "616290"}}, {"type": "Feature", "geometry": {"type": "LineString", "coordinates": [[154.69586168768632, 68.5337965125697], [154.68593522704197, 68.53373152130061]]}, "properties": {"source": "8070816", "target": "9683902"}}, {"type": "Feature", "geometry": {"type": "LineString", "coordinates": [[154.70372054405237, 68.53134585794169], [154.69141105298684, 68.53306209361048]]}, "properties": {"source": "309886", "target": "18238043"}}, {"type": "Feature", "geometry": {"type": "LineString", "coordinates": [[154.68814064125047, 68.5322773850103], [154.6850240701715, 68.52955467236026]]}, "properties": {"source": "913735", "target": "856475"}}, {"type": "Feature", "geometry": {"type": "LineString", "coordinates": [[154.68814064125047, 68.5322773850103], [154.70335902687248, 68.5350548135273]]}, "properties": {"source": "913735", "target": "939963"}}, {"type": "Feature", "geometry": {"type": "LineString", "coordinates": [[154.68814064125047, 68.5322773850103], [154.69898592497537, 68.53245998564245]]}, "properties": {"source": "913735", "target": "85385"}}, {"type": "Feature", "geometry": {"type": "LineString", "coordinates": [[154.68814064125047, 68.5322773850103], [154.69819203908423, 68.53543717617606]]}, "properties": {"source": "913735", "target": "984791"}}, {"type": "Feature", "geometry": {"type": "LineString", "coordinates": [[154.68814064125047, 68.5322773850103], [154.6950018620172, 68.53021230527574]]}, "properties": {"source": "913735", "target": "910618"}}, {"type": "Feature", "geometry": {"type": "LineString", "coordinates": [[154.68502535636065, 68.53476151645381], [154.6952119919295, 68.53283789740954]]}, "properties": {"source": "26490884", "target": "27039054"}}, {"type": "Feature", "geometry": {"type": "LineString", "coordinates": [[154.68502535636065, 68.53476151645381], [154.70650146301273, 68.53231514731013]]}, "properties": {"source": "26490884", "target": "23604341"}}, {"type": "Feature", "geometry": {"type": "LineString", "coordinates": [[154.68502535636065, 68.53476151645381], [154.70281685732817, 68.53136562333233]]}, "properties": {"source": "26490884", "target": "1872357"}}, {"type": "Feature", "geometry": {"type": "LineString", "coordinates": [[154.68502535636065, 68.53476151645381], [154.6842203097508, 68.53048346317803]]}, "properties": {"source": "26490884", "target": "3348680"}}, {"type": "Feature", "geometry": {"type": "LineString", "coordinates": [[154.68502535636065, 68.53476151645381], [154.69307083510654, 68.53582412171079]]}, "properties": {"source": "26490884", "target": "29662680"}}, {"type": "Feature", "geometry": {"type": "LineString", "coordinates": [[154.68502535636065, 68.53476151645381], [154.69890397511432, 68.53452900381023]]}, "properties": {"source": "26490884", "target": "18707665"}}, {"type": "Feature", "geometry": {"type": "LineString", "coordinates": [[154.70323853519898, 68.53399725453633], [154.69004157121276, 68.53116345046152]]}, "properties": {"source": "17949605", "target": "30155060"}}, {"type": "Feature", "geometry": {"type": "LineString", "coordinates": [[154.70323853519898, 68.53399725453633], [154.68601778106222, 68.5289831108926]]}, "properties": {"source": "17949605", "target": "16109263"}}, {"type": "Feature", "geometry": {"type": "LineString", "coordinates": [[154.70323853519898, 68.53399725453633], [154.70406218143677, 68.53041056896399]]}, "properties": {"source": "17949605", "target": "15808375"}}, {"type": "Feature", "geometry": {"type": "LineString", "coordinates": [[154.7014051702604, 68.53471804153605], [154.69004157121276, 68.53116345046152]]}, "properties": {"source": "29008963", "target": "30155060"}}, {"type": "Feature", "geometry": {"type": "LineString", "coordinates": [[154.7014051702604, 68.53471804153605], [154.70321225858066, 68.53091940135647]]}, "properties": {"source": "29008963", "target": "26591024"}}, {"type": "Feature", "geometry": {"type": "LineString", "coordinates": [[154.68753589471373, 68.53591979934427], [154.68957728501078, 68.53057105963669]]}, "properties": {"source": "2293907", "target": "28397130"}}, {"type": "Feature", "geometry": {"type": "LineString", "coordinates": [[154.68753589471373, 68.53591979934427], [154.70596111039356, 68.52988394998349]]}, "properties": {"source": "2293907", "target": "24883556"}}, {"type": "Feature", "geometry": {"type": "LineString", "coordinates": [[154.68753589471373, 68.53591979934427], [154.70326773269022, 68.53057257222642]]}, "properties": {"source": "2293907", "target": "2293977"}}, {"type": "Feature", "geometry": {"type": "LineString", "coordinates": [[154.68753589471373, 68.53591979934427], [154.69491398873708, 68.53493510676967]]}, "properties": {"source": "2293907", "target": "27917540"}}, {"type": "Feature", "geometry": {"type": "LineString", "coordinates": [[154.68753589471373, 68.53591979934427], [154.68502535636065, 68.53476151645381]]}, "properties": {"source": "2293907", "target": "26490884"}}, {"type": "Feature", "geometry": {"type": "LineString", "coordinates": [[154.69934934052316, 68.53587292460574], [154.68957728501078, 68.53057105963669]]}, "properties": {"source": "28650003", "target": "28397130"}}, {"type": "Feature", "geometry": {"type": "LineString", "coordinates": [[154.69934934052316, 68.53587292460574], [154.69004157121276, 68.53116345046152]]}, "properties": {"source": "28650003", "target": "30155060"}}, {"type": "Feature", "geometry": {"type": "LineString", "coordinates": [[154.69934934052316, 68.53587292460574], [154.70596111039356, 68.52988394998349]]}, "properties": {"source": "28650003", "target": "24883556"}}, {"type": "Feature", "geometry": {"type": "LineString", "coordinates": [[154.69934934052316, 68.53587292460574], [154.70326773269022, 68.53057257222642]]}, "properties": {"source": "28650003", "target": "2293977"}}, {"type": "Feature", "geometry": {"type": "LineString", "coordinates": [[154.69934934052316, 68.53587292460574], [154.69491398873708, 68.53493510676967]]}, "properties": {"source": "28650003", "target": "27917540"}}, {"type": "Feature", "geometry": {"type": "LineString", "coordinates": [[154.69934934052316, 68.53587292460574], [154.69837360806974, 68.53024931783906]]}, "properties": {"source": "28650003", "target": "3955636"}}, {"type": "Feature", "geometry": {"type": "LineString", "coordinates": [[154.69934934052316, 68.53587292460574], [154.68502535636065, 68.53476151645381]]}, "properties": {"source": "28650003", "target": "26490884"}}, {"type": "Feature", "geometry": {"type": "LineString", "coordinates": [[154.69934934052316, 68.53587292460574], [154.7014051702604, 68.53471804153605]]}, "properties": {"source": "28650003", "target": "29008963"}}, {"type": "Feature", "geometry": {"type": "LineString", "coordinates": [[154.69934934052316, 68.53587292460574], [154.70632864265514, 68.52980785084875]]}, "properties": {"source": "28650003", "target": "20694863"}}, {"type": "Feature", "geometry": {"type": "LineString", "coordinates": [[154.69934934052316, 68.53587292460574], [154.70350296054323, 68.52876581359962]]}, "properties": {"source": "28650003", "target": "4535636"}}, {"type": "Feature", "geometry": {"type": "LineString", "coordinates": [[154.69934934052316, 68.53587292460574], [154.70650146301273, 68.53231514731013]]}, "properties": {"source": "28650003", "target": "23604341"}}, {"type": "Feature", "geometry": {"type": "LineString", "coordinates": [[154.69934934052316, 68.53587292460574], [154.70321225858066, 68.53091940135647]]}, "properties": {"source": "28650003", "target": "26591024"}}, {"type": "Feature", "geometry": {"type": "LineString", "coordinates": [[154.69436463455287, 68.5283655952349], [154.69838926203022, 68.53216241473342]]}, "properties": {"source": "839127", "target": "723435"}}, {"type": "Feature", "geometry": {"type": "LineString", "coordinates": [[154.69436463455287, 68.5283655952349], [154.70335902687248, 68.5350548135273]]}, "properties": {"source": "839127", "target": "939963"}}, {"type": "Feature", "geometry": {"type": "LineString", "coordinates": [[154.69436463455287, 68.5283655952349], [154.69898592497537, 68.53245998564245]]}, "properties": {"source": "839127", "target": "85385"}}, {"type": "Feature", "geometry": {"type": "LineString", "coordinates": [[154.69436463455287, 68.5283655952349], [154.69819203908423, 68.53543717617606]]}, "properties": {"source": "839127", "target": "984791"}}, {"type": "Feature", "geometry": {"type": "LineString", "coordinates": [[154.7073889427146, 68.52831940057717], [154.7014051702604, 68.53471804153605]]}, "properties": {"source": "29902232", "target": "29008963"}}, {"type": "Feature", "geometry": {"type": "LineString", "coordinates": [[154.7073889427146, 68.52831940057717], [154.68801252360396, 68.5292324563332]]}, "properties": {"source": "29902232", "target": "25224257"}}, {"type": "Feature", "geometry": {"type": "LineString", "coordinates": [[154.7073889427146, 68.52831940057717], [154.69934934052316, 68.53587292460574]]}, "properties": {"source": "29902232", "target": "28650003"}}, {"type": "Feature", "geometry": {"type": "LineString", "coordinates": [[154.7073889427146, 68.52831940057717], [154.68575217942293, 68.53503482199929]]}, "properties": {"source": "29902232", "target": "18124339"}}, {"type": "Feature", "geometry": {"type": "LineString", "coordinates": [[154.7073889427146, 68.52831940057717], [154.7051814930751, 68.53011324892756]]}, "properties": {"source": "29902232", "target": "17556866"}}, {"type": "Feature", "geometry": {"type": "LineString", "coordinates": [[154.7073889427146, 68.52831940057717], [154.6890269578799, 68.53585254077802]]}, "properties": {"source": "29902232", "target": "1389568"}}, {"type": "Feature", "geometry": {"type": "LineString", "coordinates": [[154.7073889427146, 68.52831940057717], [154.69190026490395, 68.53009265659858]]}, "properties": {"source": "29902232", "target": "13591831"}}, {"type": "Feature", "geometry": {"type": "LineString", "coordinates": [[154.7073889427146, 68.52831940057717], [154.6952119919295, 68.53283789740954]]}, "properties": {"source": "29902232", "target": "27039054"}}, {"type": "Feature", "geometry": {"type": "LineString", "coordinates": [[154.7073889427146, 68.52831940057717], [154.7058288193699, 68.53386632198902]]}, "properties": {"source": "29902232", "target": "17895777"}}, {"type": "Feature", "geometry": {"type": "LineString", "coordinates": [[154.7073889427146, 68.52831940057717], [154.69017810289625, 68.53113660495697]]}, "properties": {"source": "29902232", "target": "13060189"}}, {"type": "Feature", "geometry": {"type": "LineString", "coordinates": [[154.7073889427146, 68.52831940057717], [154.70350296054323, 68.52876581359962]]}, "properties": {"source": "29902232", "target": "4535636"}}, {"type": "Feature", "geometry": {"type": "LineString", "coordinates": [[154.7073889427146, 68.52831940057717], [154.70650146301273, 68.53231514731013]]}, "properties": {"source": "29902232", "target": "23604341"}}, {"type": "Feature", "geometry": {"type": "LineString", "coordinates": [[154.7073889427146, 68.52831940057717], [154.68601778106222, 68.5289831108926]]}, "properties": {"source": "29902232", "target": "16109263"}}, {"type": "Feature", "geometry": {"type": "LineString", "coordinates": [[154.7073889427146, 68.52831940057717], [154.70406218143677, 68.53041056896399]]}, "properties": {"source": "29902232", "target": "15808375"}}, {"type": "Feature", "geometry": {"type": "LineString", "coordinates": [[154.7073889427146, 68.52831940057717], [154.70336724781225, 68.53205211149177]]}, "properties": {"source": "29902232", "target": "13029928"}}, {"type": "Feature", "geometry": {"type": "LineString", "coordinates": [[154.7073889427146, 68.52831940057717], [154.6842203097508, 68.53048346317803]]}, "properties": {"source": "29902232", "target": "3348680"}}, {"type": "Feature", "geometry": {"type": "LineString", "coordinates": [[154.70177894488523, 68.52995706501679], [154.69110991041032, 68.5324922906114]]}, "properties": {"source": "137104", "target": "25841942"}}, {"type": "Feature", "geometry": {"type": "LineString", "coordinates": [[154.70177894488523, 68.52995706501679], [154.68748252749532, 68.5336568347131]]}, "properties": {"source": "137104", "target": "22097641"}}, {"type": "Feature", "geometry": {"type": "LineString", "coordinates": [[154.69890397511432, 68.53452900381023], [154.70596111039356, 68.52988394998349]]}, "properties": {"source": "18707665", "target": "24883556"}}, {"type": "Feature", "geometry": {"type": "LineString", "coordinates": [[154.70688782606356, 68.53517026388673], [154.691611980721, 68.53448626517064]]}, "properties": {"source": "6052510", "target": "616290"}}, {"type": "Feature", "geometry": {"type": "LineString", "coordinates": [[154.70688782606356, 68.53517026388673], [154.68593522704197, 68.53373152130061]]}, "properties": {"source": "6052510", "target": "9683902"}}, {"type": "Feature", "geometry": {"type": "LineString", "coordinates": [[154.70688782606356, 68.53517026388673], [154.69352779875373, 68.53523449584134]]}, "properties": {"source": "6052510", "target": "609478"}}, {"type": "Feature", "geometry": {"type": "LineString", "coordinates": [[154.691611980721, 68.53448626517064], [154.69004157121276, 68.53116345046152]]}, "properties": {"source": "616290", "target": "30155060"}}, {"type": "Feature", "geometry": {"type": "LineString", "coordinates": [[154.695574732914, 68.534690975985], [154.6850240701715, 68.52955467236026]]}, "properties": {"source": "774174", "target": "856475"}}, {"type": "Feature", "geometry": {"type": "LineString", "coordinates": [[154.695574732914, 68.534690975985], [154.69838926203022, 68.53216241473342]]}, "properties": {"source": "774174", "target": "723435"}}, {"type": "Feature", "geometry": {"type": "LineString", "coordinates": [[154.695574732914, 68.534690975985], [154.70335902687248, 68.5350548135273]]}, "properties": {"source": "774174", "target": "939963"}}, {"type": "Feature", "geometry": {"type": "LineString", "coordinates": [[154.695574732914, 68.534690975985], [154.69436463455287, 68.5283655952349]]}, "properties": {"source": "774174", "target": "839127"}}, {"type": "Feature", "geometry": {"type": "LineString", "coordinates": [[154.695574732914, 68.534690975985], [154.69898592497537, 68.53245998564245]]}, "properties": {"source": "774174", "target": "85385"}}, {"type": "Feature", "geometry": {"type": "LineString", "coordinates": [[154.695574732914, 68.534690975985], [154.6937292919879, 68.53066989101623]]}, "properties": {"source": "774174", "target": "6781620"}}, {"type": "Feature", "geometry": {"type": "LineString", "coordinates": [[154.68731895123648, 68.53213692423037], [154.68714539741762, 68.53277973814781]]}, "properties": {"source": "2168705", "target": "1041179"}}, {"type": "Feature", "geometry": {"type": "LineString", "coordinates": [[154.69600236288284, 68.53126387185085], [154.68748252749532, 68.5336568347131]]}, "properties": {"source": "26238021", "target": "22097641"}}, {"type": "Feature", "geometry": {"type": "LineString", "coordinates": [[154.69600236288284, 68.53126387185085], [154.70463433299045, 68.53456212037054]]}, "properties": {"source": "26238021", "target": "23634147"}}, {"type": "Feature", "geometry": {"type": "LineString", "coordinates": [[154.6850240701715, 68.52955467236026], [154.69568969390747, 68.53531869841123]]}, "properties": {"source": "856475", "target": "11227"}}, {"type": "Feature", "geometry": {"type": "LineString", "coordinates": [[154.6850240701715, 68.52955467236026], [154.69352779875373, 68.53523449584134]]}, "properties": {"source": "856475", "target": "609478"}}, {"type": "Feature", "geometry": {"type": "LineString", "coordinates": [[154.6850240701715, 68.52955467236026], [154.7001196793857, 68.5341794283548]]}, "properties": {"source": "856475", "target": "1017245"}}, {"type": "Feature", "geometry": {"type": "LineString", "coordinates": [[154.70596111039356, 68.52988394998349], [154.69004157121276, 68.53116345046152]]}, "properties": {"source": "24883556", "target": "30155060"}}, {"type": "Feature", "geometry": {"type": "LineString", "coordinates": [[154.70596111039356, 68.52988394998349], [154.70323853519898, 68.53399725453633]]}, "properties": {"source": "24883556", "target": "17949605"}}, {"type": "Feature", "geometry": {"type": "LineString", "coordinates": [[154.70596111039356, 68.52988394998349], [154.7014051702604, 68.53471804153605]]}, "properties": {"source": "24883556", "target": "29008963"}}, {"type": "Feature", "geometry": {"type": "LineString", "coordinates": [[154.70596111039356, 68.52988394998349], [154.68601778106222, 68.5289831108926]]}, "properties": {"source": "24883556", "target": "16109263"}}, {"type": "Feature", "geometry": {"type": "LineString", "coordinates": [[154.70596111039356, 68.52988394998349], [154.70406218143677, 68.53041056896399]]}, "properties": {"source": "24883556", "target": "15808375"}}, {"type": "Feature", "geometry": {"type": "LineString", "coordinates": [[154.70326773269022, 68.53057257222642], [154.68957728501078, 68.53057105963669]]}, "properties": {"source": "2293977", "target": "28397130"}}, {"type": "Feature", "geometry": {"type": "LineString", "coordinates": [[154.70326773269022, 68.53057257222642], [154.70596111039356, 68.52988394998349]]}, "properties": {"source": "2293977", "target": "24883556"}}, {"type": "Feature", "geometry": {"type": "LineString", "coordinates": [[154.70326773269022, 68.53057257222642], [154.69491398873708, 68.53493510676967]]}, "properties": {"source": "2293977", "target": "27917540"}}, {"type": "Feature", "geometry": {"type": "LineString", "coordinates": [[154.70326773269022, 68.53057257222642], [154.70323853519898, 68.53399725453633]]}, "properties": {"source": "2293977", "target": "17949605"}}, {"type": "Feature", "geometry": {"type": "LineString", "coordinates": [[154.70326773269022, 68.53057257222642], [154.7014051702604, 68.53471804153605]]}, "properties": {"source": "2293977", "target": "29008963"}}, {"type": "Feature", "geometry": {"type": "LineString", "coordinates": [[154.70326773269022, 68.53057257222642], [154.7011934406794, 68.52920324796744]]}, "properties": {"source": "2293977", "target": "25731999"}}, {"type": "Feature", "geometry": {"type": "LineString", "coordinates": [[154.70326773269022, 68.53057257222642], [154.68801252360396, 68.5292324563332]]}, "properties": {"source": "2293977", "target": "25224257"}}, {"type": "Feature", "geometry": {"type": "LineString", "coordinates": [[154.70326773269022, 68.53057257222642], [154.68575217942293, 68.53503482199929]]}, "properties": {"source": "2293977", "target": "18124339"}}, {"type": "Feature", "geometry": {"type": "LineString", "coordinates": [[154.68814064125047, 68.5322773850103], [154.69453813804978, 68.53331768082424]]}, "properties": {"source": "913735", "target": "98213"}}, {"type": "Feature", "geometry": {"type": "LineString", "coordinates": [[154.68814064125047, 68.5322773850103], [154.68633344872563, 68.5345975076855]]}, "properties": {"source": "913735", "target": "945262"}}, {"type": "Feature", "geometry": {"type": "LineString", "coordinates": [[154.689176935874, 68.53573230919451], [154.70335902687248, 68.5350548135273]]}, "properties": {"source": "948229", "target": "939963"}}, {"type": "Feature", "geometry": {"type": "LineString", "coordinates": [[154.689176935874, 68.53573230919451], [154.69436463455287, 68.5283655952349]]}, "properties": {"source": "948229", "target": "839127"}}, {"type": "Feature", "geometry": {"type": "LineString", "coordinates": [[154.689176935874, 68.53573230919451], [154.69898592497537, 68.53245998564245]]}, "properties": {"source": "948229", "target": "85385"}}, {"type": "Feature", "geometry": {"type": "LineString", "coordinates": [[154.689176935874, 68.53573230919451], [154.69819203908423, 68.53543717617606]]}, "properties": {"source": "948229", "target": "984791"}}, {"type": "Feature", "geometry": {"type": "LineString", "coordinates": [[154.689176935874, 68.53573230919451], [154.6950018620172, 68.53021230527574]]}, "properties": {"source": "948229", "target": "910618"}}, {"type": "Feature", "geometry": {"type": "LineString", "coordinates": [[154.689176935874, 68.53573230919451], [154.69453813804978, 68.53331768082424]]}, "properties": {"source": "948229", "target": "98213"}}, {"type": "Feature", "geometry": {"type": "LineString", "coordinates": [[154.68714539741762, 68.53277973814781], [154.69838926203022, 68.53216241473342]]}, "properties": {"source": "1041179", "target": "723435"}}, {"type": "Feature", "geometry": {"type": "LineString", "coordinates": [[154.68714539741762, 68.53277973814781], [154.69898592497537, 68.53245998564245]]}, "properties": {"source": "1041179", "target": "85385"}}, {"type": "Feature", "geometry": {"type": "LineString", "coordinates": [[154.68714539741762, 68.53277973814781], [154.6937292919879, 68.53066989101623]]}, "properties": {"source": "1041179", "target": "6781620"}}, {"type": "Feature", "geometry": {"type": "LineString", "coordinates": [[154.68714539741762, 68.53277973814781], [154.68828909785947, 68.53169586590522]]}, "properties": {"source": "1041179", "target": "1457870"}}, {"type": "Feature", "geometry": {"type": "LineString", "coordinates": [[154.70177894488523, 68.52995706501679], [154.69838926203022, 68.53216241473342]]}, "properties": {"source": "137104", "target": "723435"}}, {"type": "Feature", "geometry": {"type": "LineString", "coordinates": [[154.70177894488523, 68.52995706501679], [154.7046535703587, 68.53401839563489]]}, "properties": {"source": "137104", "target": "4887984"}}, {"type": "Feature", "geometry": {"type": "LineString", "coordinates": [[154.70177894488523, 68.52995706501679], [154.70372054405237, 68.53134585794169]]}, "properties": {"source": "137104", "target": "309886"}}, {"type": "Feature", "geometry": {"type": "LineString", "coordinates": [[154.70177894488523, 68.52995706501679], [154.69533589328756, 68.52958591100654]]}, "properties": {"source": "137104", "target": "17738664"}}, {"type": "Feature", "geometry": {"type": "LineString", "coordinates": [[154.7007232478191, 68.53552182875706], [154.70354191218308, 68.52920568675808]]}, "properties": {"source": "18775220", "target": "7231086"}}, {"type": "Feature", "geometry": {"type": "LineString", "coordinates": [[154.7007232478191, 68.53552182875706], [154.6849766223982, 68.53110957436476]]}, "properties": {"source": "18775220", "target": "2369498"}}, {"type": "Feature", "geometry": {"type": "LineString", "coordinates": [[154.70687556295627, 68.53265600684261], [154.70244023782487, 68.53144606757022]]}, "properties": {"source": "223878", "target": "243159"}}, {"type": "Feature", "geometry": {"type": "LineString", "coordinates": [[154.70687556295627, 68.53265600684261], [154.68828909785947, 68.53169586590522]]}, "properties": {"source": "223878", "target": "1457870"}}, {"type": "Feature", "geometry": {"type": "LineString", "coordinates": [[154.7062417379006, 68.52979128445548], [154.69838926203022, 68.53216241473342]]}, "properties": {"source": "591227", "target": "723435"}}, {"type": "Feature", "geometry": {"type": "LineString", "coordinates": [[154.7062417379006, 68.52979128445548], [154.7046535703587, 68.53401839563489]]}, "properties": {"source": "591227", "target": "4887984"}}, {"type": "Feature", "geometry": {"type": "LineString", "coordinates": [[154.7062417379006, 68.52979128445548], [154.70372054405237, 68.53134585794169]]}, "properties": {"source": "591227", "target": "309886"}}, {"type": "Feature", "geometry": {"type": "LineString", "coordinates": [[154.6849766223982, 68.53110957436476], [154.70688782606356, 68.53517026388673]]}, "properties": {"source": "2369498", "target": "6052510"}}, {"type": "Feature", "geometry": {"type": "LineString", "coordinates": [[154.69548834529553, 68.53171182646284], [154.6870856936601, 68.5352530564144]]}, "properties": {"source": "1347656", "target": "3264500"}}, {"type": "Feature", "geometry": {"type": "LineString", "coordinates": [[154.7038671590023, 68.53335245588798], [154.6890269578799, 68.53585254077802]]}, "properties": {"source": "11480392", "target": "1389568"}}, {"type": "Feature", "geometry": {"type": "LineString", "coordinates": [[154.7038671590023, 68.53335245588798], [154.6965785074591, 68.53613306395664]]}, "properties": {"source": "11480392", "target": "1680762"}}, {"type": "Feature", "geometry": {"type": "LineString", "coordinates": [[154.69204450950156, 68.53270412884282], [154.70463433299045, 68.53456212037054]]}, "properties": {"source": "25309677", "target": "23634147"}}, {"type": "Feature", "geometry": {"type": "LineString", "coordinates": [[154.69644270657773, 68.52815026396783], [154.69568969390747, 68.53531869841123]]}, "properties": {"source": "15899813", "target": "11227"}}, {"type": "Feature", "geometry": {"type": "LineString", "coordinates": [[154.69644270657773, 68.52815026396783], [154.69829233368017, 68.5293887587948]]}, "properties": {"source": "15899813", "target": "15712920"}}, {"type": "Feature", "geometry": {"type": "LineString", "coordinates": [[154.68785161968066, 68.53178891359985], [154.7038671590023, 68.53335245588798]]}, "properties": {"source": "2219166", "target": "11480392"}}, {"type": "Feature", "geometry": {"type": "LineString", "coordinates": [[154.69204450950156, 68.53270412884282], [154.69600236288284, 68.53126387185085]]}, "properties": {"source": "25309677", "target": "26238021"}}, {"type": "Feature", "geometry": {"type": "LineString", "coordinates": [[154.69491398873708, 68.53493510676967], [154.69017810289625, 68.53113660495697]]}, "properties": {"source": "27917540", "target": "13060189"}}, {"type": "Feature", "geometry": {"type": "LineString", "coordinates": [[154.69491398873708, 68.53493510676967], [154.70650146301273, 68.53231514731013]]}, "properties": {"source": "27917540", "target": "23604341"}}, {"type": "Feature", "geometry": {"type": "LineString", "coordinates": [[154.69491398873708, 68.53493510676967], [154.70336724781225, 68.53205211149177]]}, "properties": {"source": "27917540", "target": "13029928"}}, {"type": "Feature", "geometry": {"type": "LineString", "coordinates": [[154.69491398873708, 68.53493510676967], [154.70321225858066, 68.53091940135647]]}, "properties": {"source": "27917540", "target": "26591024"}}, {"type": "Feature", "geometry": {"type": "LineString", "coordinates": [[154.69491398873708, 68.53493510676967], [154.68445300996194, 68.52876068479674]]}, "properties": {"source": "27917540", "target": "13487740"}}, {"type": "Feature", "geometry": {"type": "LineString", "coordinates": [[154.69491398873708, 68.53493510676967], [154.6992275290986, 68.53596000590434]]}, "properties": {"source": "27917540", "target": "31673707"}}, {"type": "Feature", "geometry": {"type": "LineString", "coordinates": [[154.69491398873708, 68.53493510676967], [154.6870856936601, 68.5352530564144]]}, "properties": {"source": "27917540", "target": "3264500"}}, {"type": "Feature", "geometry": {"type": "LineString", "coordinates": [[154.69837360806974, 68.53024931783906], [154.69004157121276, 68.53116345046152]]}, "properties": {"source": "3955636", "target": "30155060"}}, {"type": "Feature", "geometry": {"type": "LineString", "coordinates": [[154.69837360806974, 68.53024931783906], [154.70323853519898, 68.53399725453633]]}, "properties": {"source": "3955636", "target": "17949605"}}, {"type": "Feature", "geometry": {"type": "LineString", "coordinates": [[154.69837360806974, 68.53024931783906], [154.7014051702604, 68.53471804153605]]}, "properties": {"source": "3955636", "target": "29008963"}}, {"type": "Feature", "geometry": {"type": "LineString", "coordinates": [[154.69837360806974, 68.53024931783906], [154.7051814930751, 68.53011324892756]]}, "properties": {"source": "3955636", "target": "17556866"}}, {"type": "Feature", "geometry": {"type": "LineString", "coordinates": [[154.69837360806974, 68.53024931783906], [154.6890269578799, 68.53585254077802]]}, "properties": {"source": "3955636", "target": "1389568"}}, {"type": "Feature", "geometry": {"type": "LineString", "coordinates": [[154.69837360806974, 68.53024931783906], [154.70350296054323, 68.52876581359962]]}, "properties": {"source": "3955636", "target": "4535636"}}, {"type": "Feature", "geometry": {"type": "LineString", "coordinates": [[154.69837360806974, 68.53024931783906], [154.68601778106222, 68.5289831108926]]}, "properties": {"source": "3955636", "target": "16109263"}}, {"type": "Feature", "geometry": {"type": "LineString", "coordinates": [[154.69491398873708, 68.53493510676967], [154.68665186341508, 68.52870938629647]]}, "properties": {"source": "27917540", "target": "3112450"}}, {"type": "Feature", "geometry": {"type": "LineString", "coordinates": [[154.69491398873708, 68.53493510676967], [154.69548834529553, 68.53171182646284]]}, "properties": {"source": "27917540", "target": "1347656"}}, {"type": "Feature", "geometry": {"type": "LineString", "coordinates": [[154.69017810289625, 68.53113660495697], [154.70596111039356, 68.52988394998349]]}, "properties": {"source": "13060189", "target": "24883556"}}, {"type": "Feature", "geometry": {"type": "LineString", "coordinates": [[154.69017810289625, 68.53113660495697], [154.69837360806974, 68.53024931783906]]}, "properties": {"source": "13060189", "target": "3955636"}}, {"type": "Feature", "geometry": {"type": "LineString", "coordinates": [[154.69017810289625, 68.53113660495697], [154.70323853519898, 68.53399725453633]]}, "properties": {"source": "13060189", "target": "17949605"}}, {"type": "Feature", "geometry": {"type": "LineString", "coordinates": [[154.70350296054323, 68.52876581359962], [154.69004157121276, 68.53116345046152]]}, "properties": {"source": "4535636", "target": "30155060"}}, {"type": "Feature", "geometry": {"type": "LineString", "coordinates": [[154.70350296054323, 68.52876581359962], [154.7014051702604, 68.53471804153605]]}, "properties": {"source": "4535636", "target": "29008963"}}, {"type": "Feature", "geometry": {"type": "LineString", "coordinates": [[154.68633344872563, 68.5345975076855], [154.70335902687248, 68.5350548135273]]}, "properties": {"source": "945262", "target": "939963"}}, {"type": "Feature", "geometry": {"type": "LineString", "coordinates": [[154.70650146301273, 68.53231514731013], [154.69004157121276, 68.53116345046152]]}, "properties": {"source": "23604341", "target": "30155060"}}, {"type": "Feature", "geometry": {"type": "LineString", "coordinates": [[154.70650146301273, 68.53231514731013], [154.70596111039356, 68.52988394998349]]}, "properties": {"source": "23604341", "target": "24883556"}}, {"type": "Feature", "geometry": {"type": "LineString", "coordinates": [[154.70650146301273, 68.53231514731013], [154.7014051702604, 68.53471804153605]]}, "properties": {"source": "23604341", "target": "29008963"}}, {"type": "Feature", "geometry": {"type": "LineString", "coordinates": [[154.68601778106222, 68.5289831108926], [154.69004157121276, 68.53116345046152]]}, "properties": {"source": "16109263", "target": "30155060"}}, {"type": "Feature", "geometry": {"type": "LineString", "coordinates": [[154.70406218143677, 68.53041056896399], [154.69004157121276, 68.53116345046152]]}, "properties": {"source": "15808375", "target": "30155060"}}, {"type": "Feature", "geometry": {"type": "LineString", "coordinates": [[154.7046535703587, 68.53401839563489], [154.69838926203022, 68.53216241473342]]}, "properties": {"source": "4887984", "target": "723435"}}, {"type": "Feature", "geometry": {"type": "LineString", "coordinates": [[154.7046535703587, 68.53401839563489], [154.70372054405237, 68.53134585794169]]}, "properties": {"source": "4887984", "target": "309886"}}, {"type": "Feature", "geometry": {"type": "LineString", "coordinates": [[154.7046535703587, 68.53401839563489], [154.69141105298684, 68.53306209361048]]}, "properties": {"source": "4887984", "target": "18238043"}}, {"type": "Feature", "geometry": {"type": "LineString", "coordinates": [[154.70336724781225, 68.53205211149177], [154.69004157121276, 68.53116345046152]]}, "properties": {"source": "13029928", "target": "30155060"}}, {"type": "Feature", "geometry": {"type": "LineString", "coordinates": [[154.70336724781225, 68.53205211149177], [154.70596111039356, 68.52988394998349]]}, "properties": {"source": "13029928", "target": "24883556"}}, {"type": "Feature", "geometry": {"type": "LineString", "coordinates": [[154.69837360806974, 68.53024931783906], [154.70406218143677, 68.53041056896399]]}, "properties": {"source": "3955636", "target": "15808375"}}, {"type": "Feature", "geometry": {"type": "LineString", "coordinates": [[154.69837360806974, 68.53024931783906], [154.70336724781225, 68.53205211149177]]}, "properties": {"source": "3955636", "target": "13029928"}}, {"type": "Feature", "geometry": {"type": "LineString", "coordinates": [[154.69837360806974, 68.53024931783906], [154.69586168768632, 68.5337965125697]]}, "properties": {"source": "3955636", "target": "8070816"}}, {"type": "Feature", "geometry": {"type": "LineString", "coordinates": [[154.69837360806974, 68.53024931783906], [154.691611980721, 68.53448626517064]]}, "properties": {"source": "3955636", "target": "616290"}}, {"type": "Feature", "geometry": {"type": "LineString", "coordinates": [[154.69837360806974, 68.53024931783906], [154.69352779875373, 68.53523449584134]]}, "properties": {"source": "3955636", "target": "609478"}}, {"type": "Feature", "geometry": {"type": "LineString", "coordinates": [[154.68502535636065, 68.53476151645381], [154.68957728501078, 68.53057105963669]]}, "properties": {"source": "26490884", "target": "28397130"}}, {"type": "Feature", "geometry": {"type": "LineString", "coordinates": [[154.68502535636065, 68.53476151645381], [154.69004157121276, 68.53116345046152]]}, "properties": {"source": "26490884", "target": "30155060"}}, {"type": "Feature", "geometry": {"type": "LineString", "coordinates": [[154.68502535636065, 68.53476151645381], [154.70596111039356, 68.52988394998349]]}, "properties": {"source": "26490884", "target": "24883556"}}, {"type": "Feature", "geometry": {"type": "LineString", "coordinates": [[154.68502535636065, 68.53476151645381], [154.70326773269022, 68.53057257222642]]}, "properties": {"source": "26490884", "target": "2293977"}}, {"type": "Feature", "geometry": {"type": "LineString", "coordinates": [[154.68502535636065, 68.53476151645381], [154.69491398873708, 68.53493510676967]]}, "properties": {"source": "26490884", "target": "27917540"}}, {"type": "Feature", "geometry": {"type": "LineString", "coordinates": [[154.68502535636065, 68.53476151645381], [154.69837360806974, 68.53024931783906]]}, "properties": {"source": "26490884", "target": "3955636"}}, {"type": "Feature", "geometry": {"type": "LineString", "coordinates": [[154.68502535636065, 68.53476151645381], [154.7014051702604, 68.53471804153605]]}, "properties": {"source": "26490884", "target": "29008963"}}, {"type": "Feature", "geometry": {"type": "LineString", "coordinates": [[154.68502535636065, 68.53476151645381], [154.7011934406794, 68.52920324796744]]}, "properties": {"source": "26490884", "target": "25731999"}}, {"type": "Feature", "geometry": {"type": "LineString", "coordinates": [[154.68502535636065, 68.53476151645381], [154.68801252360396, 68.5292324563332]]}, "properties": {"source": "26490884", "target": "25224257"}}, {"type": "Feature", "geometry": {"type": "LineString", "coordinates": [[154.68502535636065, 68.53476151645381], [154.69391398756255, 68.53095695494028]]}, "properties": {"source": "26490884", "target": "19537414"}}, {"type": "Feature", "geometry": {"type": "LineString", "coordinates": [[154.68502535636065, 68.53476151645381], [154.70632864265514, 68.52980785084875]]}, "properties": {"source": "26490884", "target": "20694863"}}, {"type": "Feature", "geometry": {"type": "LineString", "coordinates": [[154.69391398756255, 68.53095695494028], [154.70596111039356, 68.52988394998349]]}, "properties": {"source": "19537414", "target": "24883556"}}, {"type": "Feature", "geometry": {"type": "LineString", "coordinates": [[154.69391398756255, 68.53095695494028], [154.69491398873708, 68.53493510676967]]}, "properties": {"source": "19537414", "target": "27917540"}}, {"type": "Feature", "geometry": {"type": "LineString", "coordinates": [[154.69391398756255, 68.53095695494028], [154.70323853519898, 68.53399725453633]]}, "properties": {"source": "19537414", "target": "17949605"}}, {"type": "Feature", "geometry": {"type": "LineString", "coordinates": [[154.69391398756255, 68.53095695494028], [154.69890397511432, 68.53452900381023]]}, "properties": {"source": "19537414", "target": "18707665"}}, {"type": "Feature", "geometry": {"type": "LineString", "coordinates": [[154.7051814930751, 68.53011324892756], [154.69004157121276, 68.53116345046152]]}, "properties": {"source": "17556866", "target": "30155060"}}, {"type": "Feature", "geometry": {"type": "LineString", "coordinates": [[154.7051814930751, 68.53011324892756], [154.70596111039356, 68.52988394998349]]}, "properties": {"source": "17556866", "target": "24883556"}}, {"type": "Feature", "geometry": {"type": "LineString", "coordinates": [[154.7051814930751, 68.53011324892756], [154.70323853519898, 68.53399725453633]]}, "properties": {"source": "17556866", "target": "17949605"}}, {"type": "Feature", "geometry": {"type": "LineString", "coordinates": [[154.7051814930751, 68.53011324892756], [154.6890269578799, 68.53585254077802]]}, "properties": {"source": "17556866", "target": "1389568"}}, {"type": "Feature", "geometry": {"type": "LineString", "coordinates": [[154.7051814930751, 68.53011324892756], [154.70406218143677, 68.53041056896399]]}, "properties": {"source": "17556866", "target": "15808375"}}, {"type": "Feature", "geometry": {"type": "LineString", "coordinates": [[154.6890269578799, 68.53585254077802], [154.69004157121276, 68.53116345046152]]}, "properties": {"source": "1389568", "target": "30155060"}}, {"type": "Feature", "geometry": {"type": "LineString", "coordinates": [[154.6890269578799, 68.53585254077802], [154.70596111039356, 68.52988394998349]]}, "properties": {"source": "1389568", "target": "24883556"}}, {"type": "Feature", "geometry": {"type": "LineString", "coordinates": [[154.6890269578799, 68.53585254077802], [154.70323853519898, 68.53399725453633]]}, "properties": {"source": "1389568", "target": "17949605"}}, {"type": "Feature", "geometry": {"type": "LineString", "coordinates": [[154.69190026490395, 68.53009265659858], [154.68957728501078, 68.53057105963669]]}, "properties": {"source": "13591831", "target": "28397130"}}, {"type": "Feature", "geometry": {"type": "LineString", "coordinates": [[154.69190026490395, 68.53009265659858], [154.69004157121276, 68.53116345046152]]}, "properties": {"source": "13591831", "target": "30155060"}}, {"type": "Feature", "geometry": {"type": "LineString", "coordinates": [[154.69190026490395, 68.53009265659858], [154.70596111039356, 68.52988394998349]]}, "properties": {"source": "13591831", "target": "24883556"}}, {"type": "Feature", "geometry": {"type": "LineString", "coordinates": [[154.69190026490395, 68.53009265659858], [154.69491398873708, 68.53493510676967]]}, "properties": {"source": "13591831", "target": "27917540"}}, {"type": "Feature", "geometry": {"type": "LineString", "coordinates": [[154.7073315352053, 68.53112016272371], [154.70336724781225, 68.53205211149177]]}, "properties": {"source": "26262937", "target": "13029928"}}, {"type": "Feature", "geometry": {"type": "LineString", "coordinates": [[154.7073315352053, 68.53112016272371], [154.6935026036847, 68.53474634232015]]}, "properties": {"source": "26262937", "target": "16249683"}}, {"type": "Feature", "geometry": {"type": "LineString", "coordinates": [[154.7073315352053, 68.53112016272371], [154.68615262784732, 68.53439645886442]]}, "properties": {"source": "26262937", "target": "22140734"}}, {"type": "Feature", "geometry": {"type": "LineString", "coordinates": [[154.7073315352053, 68.53112016272371], [154.70281685732817, 68.53136562333233]]}, "properties": {"source": "26262937", "target": "1872357"}}, {"type": "Feature", "geometry": {"type": "LineString", "coordinates": [[154.7073315352053, 68.53112016272371], [154.6842203097508, 68.53048346317803]]}, "properties": {"source": "26262937", "target": "3348680"}}, {"type": "Feature", "geometry": {"type": "LineString", "coordinates": [[154.7073315352053, 68.53112016272371], [154.690807194946, 68.53134418145771]]}, "properties": {"source": "26262937", "target": "17852144"}}, {"type": "Feature", "geometry": {"type": "LineString", "coordinates": [[154.7073315352053, 68.53112016272371], [154.69890397511432, 68.53452900381023]]}, "properties": {"source": "26262937", "target": "18707665"}}, {"type": "Feature", "geometry": {"type": "LineString", "coordinates": [[154.69004157121276, 68.53116345046152], [154.69352779875373, 68.53523449584134]]}, "properties": {"source": "30155060", "target": "609478"}}, {"type": "Feature", "geometry": {"type": "LineString", "coordinates": [[154.7073889427146, 68.52831940057717], [154.68957728501078, 68.53057105963669]]}, "properties": {"source": "29902232", "target": "28397130"}}, {"type": "Feature", "geometry": {"type": "LineString", "coordinates": [[154.7073889427146, 68.52831940057717], [154.69004157121276, 68.53116345046152]]}, "properties": {"source": "29902232", "target": "30155060"}}, {"type": "Feature", "geometry": {"type": "LineString", "coordinates": [[154.7073889427146, 68.52831940057717], [154.70596111039356, 68.52988394998349]]}, "properties": {"source": "29902232", "target": "24883556"}}, {"type": "Feature", "geometry": {"type": "LineString", "coordinates": [[154.7073889427146, 68.52831940057717], [154.70326773269022, 68.53057257222642]]}, "properties": {"source": "29902232", "target": "2293977"}}, {"type": "Feature", "geometry": {"type": "LineString", "coordinates": [[154.7073889427146, 68.52831940057717], [154.69491398873708, 68.53493510676967]]}, "properties": {"source": "29902232", "target": "27917540"}}, {"type": "Feature", "geometry": {"type": "LineString", "coordinates": [[154.7073889427146, 68.52831940057717], [154.69837360806974, 68.53024931783906]]}, "properties": {"source": "29902232", "target": "3955636"}}, {"type": "Feature", "geometry": {"type": "LineString", "coordinates": [[154.7073889427146, 68.52831940057717], [154.68502535636065, 68.53476151645381]]}, "properties": {"source": "29902232", "target": "26490884"}}, {"type": "Feature", "geometry": {"type": "LineString", "coordinates": [[154.7073889427146, 68.52831940057717], [154.70323853519898, 68.53399725453633]]}, "properties": {"source": "29902232", "target": "17949605"}}, {"type": "Feature", "geometry": {"type": "LineString", "coordinates": [[154.7011934406794, 68.52920324796744], [154.6952119919295, 68.53283789740954]]}, "properties": {"source": "25731999", "target": "27039054"}}, {"type": "Feature", "geometry": {"type": "LineString", "coordinates": [[154.7011934406794, 68.52920324796744], [154.70650146301273, 68.53231514731013]]}, "properties": {"source": "25731999", "target": "23604341"}}, {"type": "Feature", "geometry": {"type": "LineString", "coordinates": [[154.7011934406794, 68.52920324796744], [154.69890397511432, 68.53452900381023]]}, "properties": {"source": "25731999", "target": "18707665"}}, {"type": "Feature", "geometry": {"type": "LineString", "coordinates": [[154.7011934406794, 68.52920324796744], [154.70321225858066, 68.53091940135647]]}, "properties": {"source": "25731999", "target": "26591024"}}, {"type": "Feature", "geometry": {"type": "LineString", "coordinates": [[154.68801252360396, 68.5292324563332], [154.69004157121276, 68.53116345046152]]}, "properties": {"source": "25224257", "target": "30155060"}}, {"type": "Feature", "geometry": {"type": "LineString", "coordinates": [[154.68801252360396, 68.5292324563332], [154.70596111039356, 68.52988394998349]]}, "properties": {"source": "25224257", "target": "24883556"}}, {"type": "Feature", "geometry": {"type": "LineString", "coordinates": [[154.68801252360396, 68.5292324563332], [154.69491398873708, 68.53493510676967]]}, "properties": {"source": "25224257", "target": "27917540"}}, {"type": "Feature", "geometry": {"type": "LineString", "coordinates": [[154.68801252360396, 68.5292324563332], [154.7014051702604, 68.53471804153605]]}, "properties": {"source": "25224257", "target": "29008963"}}, {"type": "Feature", "geometry": {"type": "LineString", "coordinates": [[154.68801252360396, 68.5292324563332], [154.6915795093638, 68.5350924355246]]}, "properties": {"source": "25224257", "target": "14270896"}}, {"type": "Feature", "geometry": {"type": "LineString", "coordinates": [[154.68801252360396, 68.5292324563332], [154.69756870949084, 68.53045827539782]]}, "properties": {"source": "25224257", "target": "25800833"}}, {"type": "Feature", "geometry": {"type": "LineString", "coordinates": [[154.68801252360396, 68.5292324563332], [154.70580719020836, 68.52902156712022]]}, "properties": {"source": "25224257", "target": "196957"}}, {"type": "Feature", "geometry": {"type": "LineString", "coordinates": [[154.68801252360396, 68.5292324563332], [154.68669100843226, 68.52983824670031]]}, "properties": {"source": "25224257", "target": "35429384"}}, {"type": "Feature", "geometry": {"type": "LineString", "coordinates": [[154.69838926203022, 68.53216241473342], [154.70372054405237, 68.53134585794169]]}, "properties": {"source": "723435", "target": "309886"}}, {"type": "Feature", "geometry": {"type": "LineString", "coordinates": [[154.69838926203022, 68.53216241473342], [154.6937292919879, 68.53066989101623]]}, "properties": {"source": "723435", "target": "6781620"}}, {"type": "Feature", "geometry": {"type": "LineString", "coordinates": [[154.69838926203022, 68.53216241473342], [154.69568969390747, 68.53531869841123]]}, "properties": {"source": "723435", "target": "11227"}}, {"type": "Feature", "geometry": {"type": "LineString", "coordinates": [[154.69838926203022, 68.53216241473342], [154.69141105298684, 68.53306209361048]]}, "properties": {"source": "723435", "target": "18238043"}}, {"type": "Feature", "geometry": {"type": "LineString", "coordinates": [[154.68575217942293, 68.53503482199929], [154.69004157121276, 68.53116345046152]]}, "properties": {"source": "18124339", "target": "30155060"}}, {"type": "Feature", "geometry": {"type": "LineString", "coordinates": [[154.68575217942293, 68.53503482199929], [154.70596111039356, 68.52988394998349]]}, "properties": {"source": "18124339", "target": "24883556"}}, {"type": "Feature", "geometry": {"type": "LineString", "coordinates": [[154.68575217942293, 68.53503482199929], [154.69837360806974, 68.53024931783906]]}, "properties": {"source": "18124339", "target": "3955636"}}, {"type": "Feature", "geometry": {"type": "LineString", "coordinates": [[154.68575217942293, 68.53503482199929], [154.70323853519898, 68.53399725453633]]}, "properties": {"source": "18124339", "target": "17949605"}}, {"type": "Feature", "geometry": {"type": "LineString", "coordinates": [[154.68575217942293, 68.53503482199929], [154.69391398756255, 68.53095695494028]]}, "properties": {"source": "18124339", "target": "19537414"}}, {"type": "Feature", "geometry": {"type": "LineString", "coordinates": [[154.68575217942293, 68.53503482199929], [154.7058288193699, 68.53386632198902]]}, "properties": {"source": "18124339", "target": "17895777"}}, {"type": "Feature", "geometry": {"type": "LineString", "coordinates": [[154.6950018620172, 68.53021230527574], [154.70335902687248, 68.5350548135273]]}, "properties": {"source": "910618", "target": "939963"}}, {"type": "Feature", "geometry": {"type": "LineString", "coordinates": [[154.6950018620172, 68.53021230527574], [154.69898592497537, 68.53245998564245]]}, "properties": {"source": "910618", "target": "85385"}}, {"type": "Feature", "geometry": {"type": "LineString", "coordinates": [[154.6950018620172, 68.53021230527574], [154.69819203908423, 68.53543717617606]]}, "properties": {"source": "910618", "target": "984791"}}, {"type": "Feature", "geometry": {"type": "LineString", "coordinates": [[154.6950018620172, 68.53021230527574], [154.69453813804978, 68.53331768082424]]}, "properties": {"source": "910618", "target": "98213"}}, {"type": "Feature", "geometry": {"type": "LineString", "coordinates": [[154.6950018620172, 68.53021230527574], [154.68633344872563, 68.5345975076855]]}, "properties": {"source": "910618", "target": "945262"}}, {"type": "Feature", "geometry": {"type": "LineString", "coordinates": [[154.6950018620172, 68.53021230527574], [154.70055974965766, 68.53206681891584]]}, "properties": {"source": "910618", "target": "836268"}}, {"type": "Feature", "geometry": {"type": "LineString", "coordinates": [[154.6950018620172, 68.53021230527574], [154.70728640633547, 68.53115661825186]]}, "properties": {"source": "910618", "target": "90529"}}, {"type": "Feature", "geometry": {"type": "LineString", "coordinates": [[154.69453813804978, 68.53331768082424], [154.70335902687248, 68.5350548135273]]}, "properties": {"source": "98213", "target": "939963"}}, {"type": "Feature", "geometry": {"type": "LineString", "coordinates": [[154.69453813804978, 68.53331768082424], [154.68633344872563, 68.5345975076855]]}, "properties": {"source": "98213", "target": "945262"}}, {"type": "Feature", "geometry": {"type": "LineString", "coordinates": [[154.69453813804978, 68.53331768082424], [154.70728640633547, 68.53115661825186]]}, "properties": {"source": "98213", "target": "90529"}}, {"type": "Feature", "geometry": {"type": "LineString", "coordinates": [[154.7065757457492, 68.53492204924518], [154.69838926203022, 68.53216241473342]]}, "properties": {"source": "819498", "target": "723435"}}, {"type": "Feature", "geometry": {"type": "LineString", "coordinates": [[154.7065757457492, 68.53492204924518], [154.7046535703587, 68.53401839563489]]}, "properties": {"source": "819498", "target": "4887984"}}, {"type": "Feature", "geometry": {"type": "LineString", "coordinates": [[154.70170654423316, 68.53038728134516], [154.68593522704197, 68.53373152130061]]}, "properties": {"source": "8058422", "target": "9683902"}}, {"type": "Feature", "geometry": {"type": "LineString", "coordinates": [[154.70170654423316, 68.53038728134516], [154.68375738903086, 68.53161831303092]]}, "properties": {"source": "8058422", "target": "9660040"}}, {"type": "Feature", "geometry": {"type": "LineString", "coordinates": [[154.68375738903086, 68.53161831303092], [154.68593522704197, 68.53373152130061]]}, "properties": {"source": "9660040", "target": "9683902"}}, {"type": "Feature", "geometry": {"type": "LineString", "coordinates": [[154.69841846700365, 68.53418992906003], [154.70321225858066, 68.53091940135647]]}, "properties": {"source": "12378151", "target": "26591024"}}, {"type": "Feature", "geometry": {"type": "LineString", "coordinates": [[154.69841846700365, 68.53418992906003], [154.70071425908827, 68.52984768742277]]}, "properties": {"source": "12378151", "target": "20647936"}}, {"type": "Feature", "geometry": {"type": "LineString", "coordinates": [[154.70071425908827, 68.52984768742277], [154.70321225858066, 68.53091940135647]]}, "properties": {"source": "20647936", "target": "26591024"}}, {"type": "Feature", "geometry": {"type": "LineString", "coordinates": [[154.70021690334886, 68.52874092321665], [154.68445300996194, 68.52876068479674]]}, "properties": {"source": "484001", "target": "13487740"}}, {"type": "Feature", "geometry": {"type": "LineString", "coordinates": [[154.69872973308452, 68.5326525003509], [154.69819203908423, 68.53543717617606]]}, "properties": {"source": "870203", "target": "984791"}}, {"type": "Feature", "geometry": {"type": "LineString", "coordinates": [[154.70367501851064, 68.53412620816044], [154.70463433299045, 68.53456212037054]]}, "properties": {"source": "21283654", "target": "23634147"}}, {"type": "Feature", "geometry": {"type": "LineString", "coordinates": [[154.6926754060147, 68.53300860925373], [154.70335902687248, 68.5350548135273]]}, "properties": {"source": "721091", "target": "939963"}}, {"type": "Feature", "geometry": {"type": "LineString", "coordinates": [[154.68785161968066, 68.53178891359985], [154.6965785074591, 68.53613306395664]]}, "properties": {"source": "2219166", "target": "1680762"}}, {"type": "Feature", "geometry": {"type": "LineString", "coordinates": [[154.70216707693396, 68.52977322761942], [154.69600236288284, 68.53126387185085]]}, "properties": {"source": "2756908", "target": "26238021"}}, {"type": "Feature", "geometry": {"type": "LineString", "coordinates": [[154.699919705806, 68.5289422261113], [154.68665186341508, 68.52870938629647]]}, "properties": {"source": "460835", "target": "3112450"}}, {"type": "Feature", "geometry": {"type": "LineString", "coordinates": [[154.70336724781225, 68.53205211149177], [154.70323853519898, 68.53399725453633]]}, "properties": {"source": "13029928", "target": "17949605"}}, {"type": "Feature", "geometry": {"type": "LineString", "coordinates": [[154.6935026036847, 68.53474634232015], [154.68957728501078, 68.53057105963669]]}, "properties": {"source": "16249683", "target": "28397130"}}, {"type": "Feature", "geometry": {"type": "LineString", "coordinates": [[154.6935026036847, 68.53474634232015], [154.69004157121276, 68.53116345046152]]}, "properties": {"source": "16249683", "target": "30155060"}}, {"type": "Feature", "geometry": {"type": "LineString", "coordinates": [[154.6935026036847, 68.53474634232015], [154.7073889427146, 68.52831940057717]]}, "properties": {"source": "16249683", "target": "29902232"}}, {"type": "Feature", "geometry": {"type": "LineString", "coordinates": [[154.6935026036847, 68.53474634232015], [154.70596111039356, 68.52988394998349]]}, "properties": {"source": "16249683", "target": "24883556"}}, {"type": "Feature", "geometry": {"type": "LineString", "coordinates": [[154.6935026036847, 68.53474634232015], [154.70326773269022, 68.53057257222642]]}, "properties": {"source": "16249683", "target": "2293977"}}, {"type": "Feature", "geometry": {"type": "LineString", "coordinates": [[154.6935026036847, 68.53474634232015], [154.69837360806974, 68.53024931783906]]}, "properties": {"source": "16249683", "target": "3955636"}}, {"type": "Feature", "geometry": {"type": "LineString", "coordinates": [[154.6935026036847, 68.53474634232015], [154.70323853519898, 68.53399725453633]]}, "properties": {"source": "16249683", "target": "17949605"}}, {"type": "Feature", "geometry": {"type": "LineString", "coordinates": [[154.68466012614203, 68.52931074799713], [154.6850240701715, 68.52955467236026]]}, "properties": {"source": "914909", "target": "856475"}}, {"type": "Feature", "geometry": {"type": "LineString", "coordinates": [[154.68466012614203, 68.52931074799713], [154.70335902687248, 68.5350548135273]]}, "properties": {"source": "914909", "target": "939963"}}, {"type": "Feature", "geometry": {"type": "LineString", "coordinates": [[154.68466012614203, 68.52931074799713], [154.69436463455287, 68.5283655952349]]}, "properties": {"source": "914909", "target": "839127"}}, {"type": "Feature", "geometry": {"type": "LineString", "coordinates": [[154.68466012614203, 68.52931074799713], [154.69898592497537, 68.53245998564245]]}, "properties": {"source": "914909", "target": "85385"}}, {"type": "Feature", "geometry": {"type": "LineString", "coordinates": [[154.68466012614203, 68.52931074799713], [154.69819203908423, 68.53543717617606]]}, "properties": {"source": "914909", "target": "984791"}}, {"type": "Feature", "geometry": {"type": "LineString", "coordinates": [[154.68466012614203, 68.52931074799713], [154.6950018620172, 68.53021230527574]]}, "properties": {"source": "914909", "target": "910618"}}, {"type": "Feature", "geometry": {"type": "LineString", "coordinates": [[154.68466012614203, 68.52931074799713], [154.69453813804978, 68.53331768082424]]}, "properties": {"source": "914909", "target": "98213"}}, {"type": "Feature", "geometry": {"type": "LineString", "coordinates": [[154.68466012614203, 68.52931074799713], [154.68633344872563, 68.5345975076855]]}, "properties": {"source": "914909", "target": "945262"}}, {"type": "Feature", "geometry": {"type": "LineString", "coordinates": [[154.7073889427146, 68.52831940057717], [154.69307083510654, 68.53582412171079]]}, "properties": {"source": "29902232", "target": "29662680"}}, {"type": "Feature", "geometry": {"type": "LineString", "coordinates": [[154.7073889427146, 68.52831940057717], [154.69554449782578, 68.53143784693734]]}, "properties": {"source": "29902232", "target": "568216"}}, {"type": "Feature", "geometry": {"type": "LineString", "coordinates": [[154.7073889427146, 68.52831940057717], [154.690807194946, 68.53134418145771]]}, "properties": {"source": "29902232", "target": "17852144"}}, {"type": "Feature", "geometry": {"type": "LineString", "coordinates": [[154.7073889427146, 68.52831940057717], [154.6992275290986, 68.53596000590434]]}, "properties": {"source": "29902232", "target": "31673707"}}, {"type": "Feature", "geometry": {"type": "LineString", "coordinates": [[154.7073889427146, 68.52831940057717], [154.69352779875373, 68.53523449584134]]}, "properties": {"source": "29902232", "target": "609478"}}, {"type": "Feature", "geometry": {"type": "LineString", "coordinates": [[154.6850240701715, 68.52955467236026], [154.70323853519898, 68.53399725453633]]}, "properties": {"source": "856475", "target": "17949605"}}, {"type": "Feature", "geometry": {"type": "LineString", "coordinates": [[154.6850240701715, 68.52955467236026], [154.69838926203022, 68.53216241473342]]}, "properties": {"source": "856475", "target": "723435"}}, {"type": "Feature", "geometry": {"type": "LineString", "coordinates": [[154.6850240701715, 68.52955467236026], [154.70335902687248, 68.5350548135273]]}, "properties": {"source": "856475", "target": "939963"}}, {"type": "Feature", "geometry": {"type": "LineString", "coordinates": [[154.6850240701715, 68.52955467236026], [154.69436463455287, 68.5283655952349]]}, "properties": {"source": "856475", "target": "839127"}}, {"type": "Feature", "geometry": {"type": "LineString", "coordinates": [[154.6850240701715, 68.52955467236026], [154.69898592497537, 68.53245998564245]]}, "properties": {"source": "856475", "target": "85385"}}, {"type": "Feature", "geometry": {"type": "LineString", "coordinates": [[154.6850240701715, 68.52955467236026], [154.69819203908423, 68.53543717617606]]}, "properties": {"source": "856475", "target": "984791"}}, {"type": "Feature", "geometry": {"type": "LineString", "coordinates": [[154.6850240701715, 68.52955467236026], [154.68575217942293, 68.53503482199929]]}, "properties": {"source": "856475", "target": "18124339"}}, {"type": "Feature", "geometry": {"type": "LineString", "coordinates": [[154.6850240701715, 68.52955467236026], [154.6950018620172, 68.53021230527574]]}, "properties": {"source": "856475", "target": "910618"}}, {"type": "Feature", "geometry": {"type": "LineString", "coordinates": [[154.6850240701715, 68.52955467236026], [154.69453813804978, 68.53331768082424]]}, "properties": {"source": "856475", "target": "98213"}}, {"type": "Feature", "geometry": {"type": "LineString", "coordinates": [[154.6850240701715, 68.52955467236026], [154.7051814930751, 68.53011324892756]]}, "properties": {"source": "856475", "target": "17556866"}}, {"type": "Feature", "geometry": {"type": "LineString", "coordinates": [[154.7073889427146, 68.52831940057717], [154.69188174106898, 68.52871420822015]]}, "properties": {"source": "29902232", "target": "1036471"}}, {"type": "Feature", "geometry": {"type": "LineString", "coordinates": [[154.68957728501078, 68.53057105963669], [154.70336724781225, 68.53205211149177]]}, "properties": {"source": "28397130", "target": "13029928"}}, {"type": "Feature", "geometry": {"type": "LineString", "coordinates": [[154.68957728501078, 68.53057105963669], [154.69307083510654, 68.53582412171079]]}, "properties": {"source": "28397130", "target": "29662680"}}, {"type": "Feature", "geometry": {"type": "LineString", "coordinates": [[154.68957728501078, 68.53057105963669], [154.690807194946, 68.53134418145771]]}, "properties": {"source": "28397130", "target": "17852144"}}, {"type": "Feature", "geometry": {"type": "LineString", "coordinates": [[154.68957728501078, 68.53057105963669], [154.70321225858066, 68.53091940135647]]}, "properties": {"source": "28397130", "target": "26591024"}}, {"type": "Feature", "geometry": {"type": "LineString", "coordinates": [[154.68957728501078, 68.53057105963669], [154.6992275290986, 68.53596000590434]]}, "properties": {"source": "28397130", "target": "31673707"}}, {"type": "Feature", "geometry": {"type": "LineString", "coordinates": [[154.7073315352053, 68.53112016272371], [154.68957728501078, 68.53057105963669]]}, "properties": {"source": "26262937", "target": "28397130"}}, {"type": "Feature", "geometry": {"type": "LineString", "coordinates": [[154.7073315352053, 68.53112016272371], [154.69004157121276, 68.53116345046152]]}, "properties": {"source": "26262937", "target": "30155060"}}, {"type": "Feature", "geometry": {"type": "LineString", "coordinates": [[154.7073315352053, 68.53112016272371], [154.7073889427146, 68.52831940057717]]}, "properties": {"source": "26262937", "target": "29902232"}}, {"type": "Feature", "geometry": {"type": "LineString", "coordinates": [[154.7073315352053, 68.53112016272371], [154.70596111039356, 68.52988394998349]]}, "properties": {"source": "26262937", "target": "24883556"}}, {"type": "Feature", "geometry": {"type": "LineString", "coordinates": [[154.7073315352053, 68.53112016272371], [154.70326773269022, 68.53057257222642]]}, "properties": {"source": "26262937", "target": "2293977"}}, {"type": "Feature", "geometry": {"type": "LineString", "coordinates": [[154.7073315352053, 68.53112016272371], [154.69491398873708, 68.53493510676967]]}, "properties": {"source": "26262937", "target": "27917540"}}, {"type": "Feature", "geometry": {"type": "LineString", "coordinates": [[154.7073315352053, 68.53112016272371], [154.69837360806974, 68.53024931783906]]}, "properties": {"source": "26262937", "target": "3955636"}}, {"type": "Feature", "geometry": {"type": "LineString", "coordinates": [[154.7073315352053, 68.53112016272371], [154.68502535636065, 68.53476151645381]]}, "properties": {"source": "26262937", "target": "26490884"}}, {"type": "Feature", "geometry": {"type": "LineString", "coordinates": [[154.7073315352053, 68.53112016272371], [154.70323853519898, 68.53399725453633]]}, "properties": {"source": "26262937", "target": "17949605"}}, {"type": "Feature", "geometry": {"type": "LineString", "coordinates": [[154.7073315352053, 68.53112016272371], [154.7014051702604, 68.53471804153605]]}, "properties": {"source": "26262937", "target": "29008963"}}, {"type": "Feature", "geometry": {"type": "LineString", "coordinates": [[154.68957728501078, 68.53057105963669], [154.69188174106898, 68.52871420822015]]}, "properties": {"source": "28397130", "target": "1036471"}}, {"type": "Feature", "geometry": {"type": "LineString", "coordinates": [[154.6992275290986, 68.53596000590434], [154.7014051702604, 68.53471804153605]]}, "properties": {"source": "31673707", "target": "29008963"}}, {"type": "Feature", "geometry": {"type": "LineString", "coordinates": [[154.70055974965766, 68.53206681891584], [154.70335902687248, 68.5350548135273]]}, "properties": {"source": "836268", "target": "939963"}}, {"type": "Feature", "geometry": {"type": "LineString", "coordinates": [[154.70055974965766, 68.53206681891584], [154.69898592497537, 68.53245998564245]]}, "properties": {"source": "836268", "target": "85385"}}, {"type": "Feature", "geometry": {"type": "LineString", "coordinates": [[154.69568969390747, 68.53531869841123], [154.6937292919879, 68.53066989101623]]}, "properties": {"source": "11227", "target": "6781620"}}, {"type": "Feature", "geometry": {"type": "LineString", "coordinates": [[154.68669100843226, 68.52983824670031], [154.6884309124, 68.53356543927043]]}, "properties": {"source": "35429384", "target": "28078096"}}, {"type": "Feature", "geometry": {"type": "LineString", "coordinates": [[154.6884309124, 68.53356543927043], [154.69634559133425, 68.53252777243867]]}, "properties": {"source": "28078096", "target": "25800893"}}, {"type": "Feature", "geometry": {"type": "LineString", "coordinates": [[154.70297023730672, 68.53313846612187], [154.70463433299045, 68.53456212037054]]}, "properties": {"source": "1041465", "target": "23634147"}}, {"type": "Feature", "geometry": {"type": "LineString", "coordinates": [[154.70297023730672, 68.53313846612187], [154.69204450950156, 68.53270412884282]]}, "properties": {"source": "1041465", "target": "25309677"}}, {"type": "Feature", "geometry": {"type": "LineString", "coordinates": [[154.70297023730672, 68.53313846612187], [154.70216707693396, 68.52977322761942]]}, "properties": {"source": "1041465", "target": "2756908"}}, {"type": "Feature", "geometry": {"type": "LineString", "coordinates": [[154.7001196793857, 68.5341794283548], [154.6937292919879, 68.53066989101623]]}, "properties": {"source": "1017245", "target": "6781620"}}, {"type": "Feature", "geometry": {"type": "LineString", "coordinates": [[154.7001196793857, 68.5341794283548], [154.70244023782487, 68.53144606757022]]}, "properties": {"source": "1017245", "target": "243159"}}, {"type": "Feature", "geometry": {"type": "LineString", "coordinates": [[154.70728640633547, 68.53115661825186], [154.70335902687248, 68.5350548135273]]}, "properties": {"source": "90529", "target": "939963"}}, {"type": "Feature", "geometry": {"type": "LineString", "coordinates": [[154.69141105298684, 68.53306209361048], [154.68748252749532, 68.5336568347131]]}, "properties": {"source": "18238043", "target": "22097641"}}, {"type": "Feature", "geometry": {"type": "LineString", "coordinates": [[154.7007232478191, 68.53552182875706], [154.70688782606356, 68.53517026388673]]}, "properties": {"source": "18775220", "target": "6052510"}}, {"type": "Feature", "geometry": {"type": "LineString", "coordinates": [[154.68665186341508, 68.52870938629647], [154.6870856936601, 68.5352530564144]]}, "properties": {"source": "3112450", "target": "3264500"}}, {"type": "Feature", "geometry": {"type": "LineString", "coordinates": [[154.70297023730672, 68.53313846612187], [154.69600236288284, 68.53126387185085]]}, "properties": {"source": "1041465", "target": "26238021"}}, {"type": "Feature", "geometry": {"type": "LineString", "coordinates": [[154.70326773269022, 68.53057257222642], [154.69391398756255, 68.53095695494028]]}, "properties": {"source": "2293977", "target": "19537414"}}, {"type": "Feature", "geometry": {"type": "LineString", "coordinates": [[154.70326773269022, 68.53057257222642], [154.7051814930751, 68.53011324892756]]}, "properties": {"source": "2293977", "target": "17556866"}}, {"type": "Feature", "geometry": {"type": "LineString", "coordinates": [[154.70326773269022, 68.53057257222642], [154.6890269578799, 68.53585254077802]]}, "properties": {"source": "2293977", "target": "1389568"}}, {"type": "Feature", "geometry": {"type": "LineString", "coordinates": [[154.70326773269022, 68.53057257222642], [154.69190026490395, 68.53009265659858]]}, "properties": {"source": "2293977", "target": "13591831"}}, {"type": "Feature", "geometry": {"type": "LineString", "coordinates": [[154.70326773269022, 68.53057257222642], [154.70632864265514, 68.52980785084875]]}, "properties": {"source": "2293977", "target": "20694863"}}, {"type": "Feature", "geometry": {"type": "LineString", "coordinates": [[154.70326773269022, 68.53057257222642], [154.7058288193699, 68.53386632198902]]}, "properties": {"source": "2293977", "target": "17895777"}}, {"type": "Feature", "geometry": {"type": "LineString", "coordinates": [[154.70326773269022, 68.53057257222642], [154.69017810289625, 68.53113660495697]]}, "properties": {"source": "2293977", "target": "13060189"}}, {"type": "Feature", "geometry": {"type": "LineString", "coordinates": [[154.70326773269022, 68.53057257222642], [154.68601778106222, 68.5289831108926]]}, "properties": {"source": "2293977", "target": "16109263"}}, {"type": "Feature", "geometry": {"type": "LineString", "coordinates": [[154.70326773269022, 68.53057257222642], [154.70406218143677, 68.53041056896399]]}, "properties": {"source": "2293977", "target": "15808375"}}, {"type": "Feature", "geometry": {"type": "LineString", "coordinates": [[154.70326773269022, 68.53057257222642], [154.70336724781225, 68.53205211149177]]}, "properties": {"source": "2293977", "target": "13029928"}}, {"type": "Feature", "geometry": {"type": "LineString", "coordinates": [[154.70326773269022, 68.53057257222642], [154.690807194946, 68.53134418145771]]}, "properties": {"source": "2293977", "target": "17852144"}}, {"type": "Feature", "geometry": {"type": "LineString", "coordinates": [[154.70326773269022, 68.53057257222642], [154.69890397511432, 68.53452900381023]]}, "properties": {"source": "2293977", "target": "18707665"}}, {"type": "Feature", "geometry": {"type": "LineString", "coordinates": [[154.69491398873708, 68.53493510676967], [154.69004157121276, 68.53116345046152]]}, "properties": {"source": "27917540", "target": "30155060"}}, {"type": "Feature", "geometry": {"type": "LineString", "coordinates": [[154.69491398873708, 68.53493510676967], [154.70596111039356, 68.52988394998349]]}, "properties": {"source": "27917540", "target": "24883556"}}, {"type": "Feature", "geometry": {"type": "LineString", "coordinates": [[154.69491398873708, 68.53493510676967], [154.7014051702604, 68.53471804153605]]}, "properties": {"source": "27917540", "target": "29008963"}}, {"type": "Feature", "geometry": {"type": "LineString", "coordinates": [[154.70326773269022, 68.53057257222642], [154.69188174106898, 68.52871420822015]]}, "properties": {"source": "2293977", "target": "1036471"}}, {"type": "Feature", "geometry": {"type": "LineString", "coordinates": [[154.68957728501078, 68.53057105963669], [154.69004157121276, 68.53116345046152]]}, "properties": {"source": "28397130", "target": "30155060"}}, {"type": "Feature", "geometry": {"type": "LineString", "coordinates": [[154.68957728501078, 68.53057105963669], [154.70596111039356, 68.52988394998349]]}, "properties": {"source": "28397130", "target": "24883556"}}, {"type": "Feature", "geometry": {"type": "LineString", "coordinates": [[154.68957728501078, 68.53057105963669], [154.69491398873708, 68.53493510676967]]}, "properties": {"source": "28397130", "target": "27917540"}}, {"type": "Feature", "geometry": {"type": "LineString", "coordinates": [[154.68957728501078, 68.53057105963669], [154.69837360806974, 68.53024931783906]]}, "properties": {"source": "28397130", "target": "3955636"}}, {"type": "Feature", "geometry": {"type": "LineString", "coordinates": [[154.68957728501078, 68.53057105963669], [154.70323853519898, 68.53399725453633]]}, "properties": {"source": "28397130", "target": "17949605"}}, {"type": "Feature", "geometry": {"type": "LineString", "coordinates": [[154.68957728501078, 68.53057105963669], [154.7014051702604, 68.53471804153605]]}, "properties": {"source": "28397130", "target": "29008963"}}, {"type": "Feature", "geometry": {"type": "LineString", "coordinates": [[154.68957728501078, 68.53057105963669], [154.68801252360396, 68.5292324563332]]}, "properties": {"source": "28397130", "target": "25224257"}}, {"type": "Feature", "geometry": {"type": "LineString", "coordinates": [[154.68957728501078, 68.53057105963669], [154.7051814930751, 68.53011324892756]]}, "properties": {"source": "28397130", "target": "17556866"}}, {"type": "Feature", "geometry": {"type": "LineString", "coordinates": [[154.68957728501078, 68.53057105963669], [154.6890269578799, 68.53585254077802]]}, "properties": {"source": "28397130", "target": "1389568"}}, {"type": "Feature", "geometry": {"type": "LineString", "coordinates": [[154.68957728501078, 68.53057105963669], [154.6952119919295, 68.53283789740954]]}, "properties": {"source": "28397130", "target": "27039054"}}, {"type": "Feature", "geometry": {"type": "LineString", "coordinates": [[154.68957728501078, 68.53057105963669], [154.7058288193699, 68.53386632198902]]}, "properties": {"source": "28397130", "target": "17895777"}}, {"type": "Feature", "geometry": {"type": "LineString", "coordinates": [[154.68957728501078, 68.53057105963669], [154.69017810289625, 68.53113660495697]]}, "properties": {"source": "28397130", "target": "13060189"}}, {"type": "Feature", "geometry": {"type": "LineString", "coordinates": [[154.68957728501078, 68.53057105963669], [154.70350296054323, 68.52876581359962]]}, "properties": {"source": "28397130", "target": "4535636"}}, {"type": "Feature", "geometry": {"type": "LineString", "coordinates": [[154.68957728501078, 68.53057105963669], [154.70650146301273, 68.53231514731013]]}, "properties": {"source": "28397130", "target": "23604341"}}, {"type": "Feature", "geometry": {"type": "LineString", "coordinates": [[154.68957728501078, 68.53057105963669], [154.68601778106222, 68.5289831108926]]}, "properties": {"source": "28397130", "target": "16109263"}}, {"type": "Feature", "geometry": {"type": "LineString", "coordinates": [[154.68957728501078, 68.53057105963669], [154.70406218143677, 68.53041056896399]]}, "properties": {"source": "28397130", "target": "15808375"}}, {"type": "Feature", "geometry": {"type": "LineString", "coordinates": [[154.69190026490395, 68.53009265659858], [154.69837360806974, 68.53024931783906]]}, "properties": {"source": "13591831", "target": "3955636"}}, {"type": "Feature", "geometry": {"type": "LineString", "coordinates": [[154.69190026490395, 68.53009265659858], [154.70323853519898, 68.53399725453633]]}, "properties": {"source": "13591831", "target": "17949605"}}, {"type": "Feature", "geometry": {"type": "LineString", "coordinates": [[154.70632864265514, 68.52980785084875], [154.68957728501078, 68.53057105963669]]}, "properties": {"source": "20694863", "target": "28397130"}}, {"type": "Feature", "geometry": {"type": "LineString", "coordinates": [[154.70632864265514, 68.52980785084875], [154.70596111039356, 68.52988394998349]]}, "properties": {"source": "20694863", "target": "24883556"}}, {"type": "Feature", "geometry": {"type": "LineString", "coordinates": [[154.70632864265514, 68.52980785084875], [154.69491398873708, 68.53493510676967]]}, "properties": {"source": "20694863", "target": "27917540"}}, {"type": "Feature", "geometry": {"type": "LineString", "coordinates": [[154.70632864265514, 68.52980785084875], [154.68801252360396, 68.5292324563332]]}, "properties": {"source": "20694863", "target": "25224257"}}, {"type": "Feature", "geometry": {"type": "LineString", "coordinates": [[154.6952119919295, 68.53283789740954], [154.69004157121276, 68.53116345046152]]}, "properties": {"source": "27039054", "target": "30155060"}}, {"type": "Feature", "geometry": {"type": "LineString", "coordinates": [[154.6952119919295, 68.53283789740954], [154.69491398873708, 68.53493510676967]]}, "properties": {"source": "27039054", "target": "27917540"}}, {"type": "Feature", "geometry": {"type": "LineString", "coordinates": [[154.6952119919295, 68.53283789740954], [154.69837360806974, 68.53024931783906]]}, "properties": {"source": "27039054", "target": "3955636"}}, {"type": "Feature", "geometry": {"type": "LineString", "coordinates": [[154.6952119919295, 68.53283789740954], [154.7014051702604, 68.53471804153605]]}, "properties": {"source": "27039054", "target": "29008963"}}, {"type": "Feature", "geometry": {"type": "LineString", "coordinates": [[154.6952119919295, 68.53283789740954], [154.70350296054323, 68.52876581359962]]}, "properties": {"source": "27039054", "target": "4535636"}}, {"type": "Feature", "geometry": {"type": "LineString", "coordinates": [[154.7058288193699, 68.53386632198902], [154.69004157121276, 68.53116345046152]]}, "properties": {"source": "17895777", "target": "30155060"}}, {"type": "Feature", "geometry": {"type": "LineString", "coordinates": [[154.7058288193699, 68.53386632198902], [154.70596111039356, 68.52988394998349]]}, "properties": {"source": "17895777", "target": "24883556"}}, {"type": "Feature", "geometry": {"type": "LineString", "coordinates": [[154.7058288193699, 68.53386632198902], [154.69837360806974, 68.53024931783906]]}, "properties": {"source": "17895777", "target": "3955636"}}, {"type": "Feature", "geometry": {"type": "LineString", "coordinates": [[154.7058288193699, 68.53386632198902], [154.70323853519898, 68.53399725453633]]}, "properties": {"source": "17895777", "target": "17949605"}}, {"type": "Feature", "geometry": {"type": "LineString", "coordinates": [[154.69017810289625, 68.53113660495697], [154.69004157121276, 68.53116345046152]]}, "properties": {"source": "13060189", "target": "30155060"}}, {"type": "Feature", "geometry": {"type": "LineString", "coordinates": [[154.68731895123648, 68.53213692423037], [154.69793348299976, 68.53187464353397]]}, "properties": {"source": "2168705", "target": "1182947"}}, {"type": "Feature", "geometry": {"type": "LineString", "coordinates": [[154.68731895123648, 68.53213692423037], [154.69568969390747, 68.53531869841123]]}, "properties": {"source": "2168705", "target": "11227"}}, {"type": "Feature", "geometry": {"type": "LineString", "coordinates": [[154.68731895123648, 68.53213692423037], [154.70687556295627, 68.53265600684261]]}, "properties": {"source": "2168705", "target": "223878"}}, {"type": "Feature", "geometry": {"type": "LineString", "coordinates": [[154.68731895123648, 68.53213692423037], [154.70244023782487, 68.53144606757022]]}, "properties": {"source": "2168705", "target": "243159"}}, {"type": "Feature", "geometry": {"type": "LineString", "coordinates": [[154.68731895123648, 68.53213692423037], [154.68828909785947, 68.53169586590522]]}, "properties": {"source": "2168705", "target": "1457870"}}, {"type": "Feature", "geometry": {"type": "LineString", "coordinates": [[154.69533589328756, 68.52958591100654], [154.69838926203022, 68.53216241473342]]}, "properties": {"source": "17738664", "target": "723435"}}, {"type": "Feature", "geometry": {"type": "LineString", "coordinates": [[154.69533589328756, 68.52958591100654], [154.7046535703587, 68.53401839563489]]}, "properties": {"source": "17738664", "target": "4887984"}}, {"type": "Feature", "geometry": {"type": "LineString", "coordinates": [[154.69533589328756, 68.52958591100654], [154.70372054405237, 68.53134585794169]]}, "properties": {"source": "17738664", "target": "309886"}}, {"type": "Feature", "geometry": {"type": "LineString", "coordinates": [[154.69533589328756, 68.52958591100654], [154.68748252749532, 68.5336568347131]]}, "properties": {"source": "17738664", "target": "22097641"}}, {"type": "Feature", "geometry": {"type": "LineString", "coordinates": [[154.69110991041032, 68.5324922906114], [154.7046535703587, 68.53401839563489]]}, "properties": {"source": "25841942", "target": "4887984"}}, {"type": "Feature", "geometry": {"type": "LineString", "coordinates": [[154.69110991041032, 68.5324922906114], [154.70372054405237, 68.53134585794169]]}, "properties": {"source": "25841942", "target": "309886"}}, {"type": "Feature", "geometry": {"type": "LineString", "coordinates": [[154.69110991041032, 68.5324922906114], [154.68748252749532, 68.5336568347131]]}, "properties": {"source": "25841942", "target": "22097641"}}, {"type": "Feature", "geometry": {"type": "LineString", "coordinates": [[154.70354191218308, 68.52920568675808], [154.69586168768632, 68.5337965125697]]}, "properties": {"source": "7231086", "target": "8070816"}}, {"type": "Feature", "geometry": {"type": "LineString", "coordinates": [[154.70354191218308, 68.52920568675808], [154.70688782606356, 68.53517026388673]]}, "properties": {"source": "7231086", "target": "6052510"}}, {"type": "Feature", "geometry": {"type": "LineString", "coordinates": [[154.70354191218308, 68.52920568675808], [154.68593522704197, 68.53373152130061]]}, "properties": {"source": "7231086", "target": "9683902"}}, {"type": "Feature", "geometry": {"type": "LineString", "coordinates": [[154.69110991041032, 68.5324922906114], [154.69600236288284, 68.53126387185085]]}, "properties": {"source": "25841942", "target": "26238021"}}, {"type": "Feature", "geometry": {"type": "LineString", "coordinates": [[154.704826938096, 68.52871789098643], [154.69838926203022, 68.53216241473342]]}, "properties": {"source": "19765092", "target": "723435"}}, {"type": "Feature", "geometry": {"type": "LineString", "coordinates": [[154.704826938096, 68.52871789098643], [154.7046535703587, 68.53401839563489]]}, "properties": {"source": "19765092", "target": "4887984"}}, {"type": "Feature", "geometry": {"type": "LineString", "coordinates": [[154.704826938096, 68.52871789098643], [154.70372054405237, 68.53134585794169]]}, "properties": {"source": "19765092", "target": "309886"}}, {"type": "Feature", "geometry": {"type": "LineString", "coordinates": [[154.704826938096, 68.52871789098643], [154.70177894488523, 68.52995706501679]]}, "properties": {"source": "19765092", "target": "137104"}}, {"type": "Feature", "geometry": {"type": "LineString", "coordinates": [[154.704826938096, 68.52871789098643], [154.69533589328756, 68.52958591100654]]}, "properties": {"source": "19765092", "target": "17738664"}}, {"type": "Feature", "geometry": {"type": "LineString", "coordinates": [[154.704826938096, 68.52871789098643], [154.69110991041032, 68.5324922906114]]}, "properties": {"source": "19765092", "target": "25841942"}}, {"type": "Feature", "geometry": {"type": "LineString", "coordinates": [[154.704826938096, 68.52871789098643], [154.68748252749532, 68.5336568347131]]}, "properties": {"source": "19765092", "target": "22097641"}}, {"type": "Feature", "geometry": {"type": "LineString", "coordinates": [[154.68615262784732, 68.53439645886442], [154.68957728501078, 68.53057105963669]]}, "properties": {"source": "22140734", "target": "28397130"}}, {"type": "Feature", "geometry": {"type": "LineString", "coordinates": [[154.68615262784732, 68.53439645886442], [154.70596111039356, 68.52988394998349]]}, "properties": {"source": "22140734", "target": "24883556"}}, {"type": "Feature", "geometry": {"type": "LineString", "coordinates": [[154.68615262784732, 68.53439645886442], [154.70326773269022, 68.53057257222642]]}, "properties": {"source": "22140734", "target": "2293977"}}, {"type": "Feature", "geometry": {"type": "LineString", "coordinates": [[154.68615262784732, 68.53439645886442], [154.69491398873708, 68.53493510676967]]}, "properties": {"source": "22140734", "target": "27917540"}}, {"type": "Feature", "geometry": {"type": "LineString", "coordinates": [[154.68615262784732, 68.53439645886442], [154.68502535636065, 68.53476151645381]]}, "properties": {"source": "22140734", "target": "26490884"}}, {"type": "Feature", "geometry": {"type": "LineString", "coordinates": [[154.68615262784732, 68.53439645886442], [154.7011934406794, 68.52920324796744]]}, "properties": {"source": "22140734", "target": "25731999"}}, {"type": "Feature", "geometry": {"type": "LineString", "coordinates": [[154.70281685732817, 68.53136562333233], [154.70596111039356, 68.52988394998349]]}, "properties": {"source": "1872357", "target": "24883556"}}, {"type": "Feature", "geometry": {"type": "LineString", "coordinates": [[154.70281685732817, 68.53136562333233], [154.70326773269022, 68.53057257222642]]}, "properties": {"source": "1872357", "target": "2293977"}}, {"type": "Feature", "geometry": {"type": "LineString", "coordinates": [[154.704826938096, 68.52871789098643], [154.69600236288284, 68.53126387185085]]}, "properties": {"source": "19765092", "target": "26238021"}}, {"type": "Feature", "geometry": {"type": "LineString", "coordinates": [[154.69756870949084, 68.53045827539782], [154.6884309124, 68.53356543927043]]}, "properties": {"source": "25800833", "target": "28078096"}}, {"type": "Feature", "geometry": {"type": "LineString", "coordinates": [[154.69756870949084, 68.53045827539782], [154.69634559133425, 68.53252777243867]]}, "properties": {"source": "25800833", "target": "25800893"}}, {"type": "Feature", "geometry": {"type": "LineString", "coordinates": [[154.70580719020836, 68.52902156712022], [154.68669100843226, 68.52983824670031]]}, "properties": {"source": "196957", "target": "35429384"}}, {"type": "Feature", "geometry": {"type": "LineString", "coordinates": [[154.70580719020836, 68.52902156712022], [154.6884309124, 68.53356543927043]]}, "properties": {"source": "196957", "target": "28078096"}}, {"type": "Feature", "geometry": {"type": "LineString", "coordinates": [[154.70580719020836, 68.52902156712022], [154.69634559133425, 68.53252777243867]]}, "properties": {"source": "196957", "target": "25800893"}}, {"type": "Feature", "geometry": {"type": "LineString", "coordinates": [[154.69518220311835, 68.53337964732893], [154.70335902687248, 68.5350548135273]]}, "properties": {"source": "933740", "target": "939963"}}, {"type": "Feature", "geometry": {"type": "LineString", "coordinates": [[154.69518220311835, 68.53337964732893], [154.69819203908423, 68.53543717617606]]}, "properties": {"source": "933740", "target": "984791"}}, {"type": "Feature", "geometry": {"type": "LineString", "coordinates": [[154.69518220311835, 68.53337964732893], [154.69453813804978, 68.53331768082424]]}, "properties": {"source": "933740", "target": "98213"}}, {"type": "Feature", "geometry": {"type": "LineString", "coordinates": [[154.69518220311835, 68.53337964732893], [154.68633344872563, 68.5345975076855]]}, "properties": {"source": "933740", "target": "945262"}}, {"type": "Feature", "geometry": {"type": "LineString", "coordinates": [[154.69518220311835, 68.53337964732893], [154.7001196793857, 68.5341794283548]]}, "properties": {"source": "933740", "target": "1017245"}}, {"type": "Feature", "geometry": {"type": "LineString", "coordinates": [[154.69793348299976, 68.53187464353397], [154.69838926203022, 68.53216241473342]]}, "properties": {"source": "1182947", "target": "723435"}}, {"type": "Feature", "geometry": {"type": "LineString", "coordinates": [[154.69793348299976, 68.53187464353397], [154.6937292919879, 68.53066989101623]]}, "properties": {"source": "1182947", "target": "6781620"}}, {"type": "Feature", "geometry": {"type": "LineString", "coordinates": [[154.68445300996194, 68.52876068479674], [154.6870856936601, 68.5352530564144]]}, "properties": {"source": "13487740", "target": "3264500"}}, {"type": "Feature", "geometry": {"type": "LineString", "coordinates": [[154.6992275290986, 68.53596000590434], [154.69004157121276, 68.53116345046152]]}, "properties": {"source": "31673707", "target": "30155060"}}, {"type": "Feature", "geometry": {"type": "LineString", "coordinates": [[154.68445300996194, 68.52876068479674], [154.68665186341508, 68.52870938629647]]}, "properties": {"source": "13487740", "target": "3112450"}}, {"type": "Feature", "geometry": {"type": "LineString", "coordinates": [[154.68445300996194, 68.52876068479674], [154.69548834529553, 68.53171182646284]]}, "properties": {"source": "13487740", "target": "1347656"}}, {"type": "Feature", "geometry": {"type": "LineString", "coordinates": [[154.70354191218308, 68.52920568675808], [154.6849766223982, 68.53110957436476]]}, "properties": {"source": "7231086", "target": "2369498"}}, {"type": "Feature", "geometry": {"type": "LineString", "coordinates": [[154.6978509750342, 68.530278363631], [154.69004157121276, 68.53116345046152]]}, "properties": {"source": "6202745", "target": "30155060"}}, {"type": "Feature", "geometry": {"type": "LineString", "coordinates": [[154.6978509750342, 68.530278363631], [154.69837360806974, 68.53024931783906]]}, "properties": {"source": "6202745", "target": "3955636"}}, {"type": "Feature", "geometry": {"type": "LineString", "coordinates": [[154.6978509750342, 68.530278363631], [154.69586168768632, 68.5337965125697]]}, "properties": {"source": "6202745", "target": "8070816"}}, {"type": "Feature", "geometry": {"type": "LineString", "coordinates": [[154.6978509750342, 68.530278363631], [154.70688782606356, 68.53517026388673]]}, "properties": {"source": "6202745", "target": "6052510"}}, {"type": "Feature", "geometry": {"type": "LineString", "coordinates": [[154.6978509750342, 68.530278363631], [154.691611980721, 68.53448626517064]]}, "properties": {"source": "6202745", "target": "616290"}}, {"type": "Feature", "geometry": {"type": "LineString", "coordinates": [[154.69188174106898, 68.52871420822015], [154.69004157121276, 68.53116345046152]]}, "properties": {"source": "1036471", "target": "30155060"}}, {"type": "Feature", "geometry": {"type": "LineString", "coordinates": [[154.69188174106898, 68.52871420822015], [154.70596111039356, 68.52988394998349]]}, "properties": {"source": "1036471", "target": "24883556"}}, {"type": "Feature", "geometry": {"type": "LineString", "coordinates": [[154.69188174106898, 68.52871420822015], [154.70323853519898, 68.53399725453633]]}, "properties": {"source": "1036471", "target": "17949605"}}, {"type": "Feature", "geometry": {"type": "LineString", "coordinates": [[154.6915795093638, 68.5350924355246], [154.69756870949084, 68.53045827539782]]}, "properties": {"source": "14270896", "target": "25800833"}}, {"type": "Feature", "geometry": {"type": "LineString", "coordinates": [[154.6915795093638, 68.5350924355246], [154.70580719020836, 68.52902156712022]]}, "properties": {"source": "14270896", "target": "196957"}}, {"type": "Feature", "geometry": {"type": "LineString", "coordinates": [[154.6915795093638, 68.5350924355246], [154.68669100843226, 68.52983824670031]]}, "properties": {"source": "14270896", "target": "35429384"}}, {"type": "Feature", "geometry": {"type": "LineString", "coordinates": [[154.6915795093638, 68.5350924355246], [154.6884309124, 68.53356543927043]]}, "properties": {"source": "14270896", "target": "28078096"}}, {"type": "Feature", "geometry": {"type": "LineString", "coordinates": [[154.6915795093638, 68.5350924355246], [154.69634559133425, 68.53252777243867]]}, "properties": {"source": "14270896", "target": "25800893"}}, {"type": "Feature", "geometry": {"type": "LineString", "coordinates": [[154.69756870949084, 68.53045827539782], [154.70580719020836, 68.52902156712022]]}, "properties": {"source": "25800833", "target": "196957"}}, {"type": "Feature", "geometry": {"type": "LineString", "coordinates": [[154.69756870949084, 68.53045827539782], [154.68669100843226, 68.52983824670031]]}, "properties": {"source": "25800833", "target": "35429384"}}]}