{"type": "FeatureCollection", "features": [{"type": "Feature", "geometry": {"type": "LineString", "coordinates": [[141.82053606116057, 55.2809765125602], [141.85180442655945, 55.2849878587607]]}, "properties": {"source": "13637069", "target": "13539703"}}, {"type": "Feature", "geometry": {"type": "LineString", "coordinates": [[141.82053606116057, 55.2809765125602], [141.8566317814366, 55.27478228637095]]}, "properties": {"source": "13637069", "target": "15703214"}}, {"type": "Feature", "geometry": {"type": "LineString", "coordinates": [[141.82053606116057, 55.2809765125602], [141.7675762426747, 55.286342108923336]]}, "properties": {"source": "13637069", "target": "15990677"}}, {"type": "Feature", "geometry": {"type": "LineString", "coordinates": [[141.83724697204696, 55.2787112940854], [141.79475191437166, 55.271395493498346]]}, "properties": {"source": "26827213", "target": "26859062"}}, {"type": "Feature", "geometry": {"type": "LineString", "coordinates": [[141.83724697204696, 55.2787112940854], [141.84149201900016, 55.282169146200815]]}, "properties": {"source": "26827213", "target": "25571895"}}, {"type": "Feature", "geometry": {"type": "LineString", "coordinates": [[141.83057980608226, 55.27893059491136], [141.8004450768804, 55.27687456930893]]}, "properties": {"source": "25663771", "target": "25205355"}}, {"type": "Feature", "geometry": {"type": "LineString", "coordinates": [[141.83057980608226, 55.27893059491136], [141.7861269276924, 55.2768417984624]]}, "properties": {"source": "25663771", "target": "25154572"}}, {"type": "Feature", "geometry": {"type": "LineString", "coordinates": [[141.8135807642497, 55.27488869073942], [141.83852937157678, 55.27157343917109]]}, "properties": {"source": "367679", "target": "3872106"}}, {"type": "Feature", "geometry": {"type": "LineString", "coordinates": [[141.8135807642497, 55.27488869073942], [141.7982561648946, 55.2581741170482]]}, "properties": {"source": "367679", "target": "378266"}}, {"type": "Feature", "geometry": {"type": "LineString", "coordinates": [[141.82885653867288, 55.27573570280629], [141.77847913862092, 55.26564035364474]]}, "properties": {"source": "17152331", "target": "38845"}}, {"type": "Feature", "geometry": {"type": "LineString", "coordinates": [[141.82885653867288, 55.27573570280629], [141.82503449063552, 55.26728977127688]]}, "properties": {"source": "17152331", "target": "5118485"}}, {"type": "Feature", "geometry": {"type": "LineString", "coordinates": [[141.82885653867288, 55.27573570280629], [141.81105747870038, 55.268398249273844]]}, "properties": {"source": "17152331", "target": "4158972"}}, {"type": "Feature", "geometry": {"type": "LineString", "coordinates": [[141.82885653867288, 55.27573570280629], [141.76456995738255, 55.27263815646833]]}, "properties": {"source": "17152331", "target": "824998"}}, {"type": "Feature", "geometry": {"type": "LineString", "coordinates": [[141.82885653867288, 55.27573570280629], [141.83893436753175, 55.26952227685919]]}, "properties": {"source": "17152331", "target": "2562981"}}, {"type": "Feature", "geometry": {"type": "LineString", "coordinates": [[141.82885653867288, 55.27573570280629], [141.8411740476406, 55.28596520074548]]}, "properties": {"source": "17152331", "target": "645949"}}, {"type": "Feature", "geometry": {"type": "LineString", "coordinates": [[141.82885653867288, 55.27573570280629], [141.78488236534184, 55.27613012087964]]}, "properties": {"source": "17152331", "target": "1877658"}}, {"type": "Feature", "geometry": {"type": "LineString", "coordinates": [[141.8179237584385, 55.27415809684345], [141.84381928745267, 55.25891331103726]]}, "properties": {"source": "17278744", "target": "13624388"}}, {"type": "Feature", "geometry": {"type": "LineString", "coordinates": [[141.8179237584385, 55.27415809684345], [141.83352184413405, 55.265208275754276]]}, "properties": {"source": "17278744", "target": "16108847"}}, {"type": "Feature", "geometry": {"type": "LineString", "coordinates": [[141.8179237584385, 55.27415809684345], [141.8258529338309, 55.27309788944682]]}, "properties": {"source": "17278744", "target": "16145383"}}, {"type": "Feature", "geometry": {"type": "LineString", "coordinates": [[141.8179237584385, 55.27415809684345], [141.84306565473508, 55.28046365464665]]}, "properties": {"source": "17278744", "target": "17155056"}}, {"type": "Feature", "geometry": {"type": "LineString", "coordinates": [[141.79597167223022, 55.290017230019814], [141.83884158653785, 55.26585553114715]]}, "properties": {"source": "9138023", "target": "15750598"}}, {"type": "Feature", "geometry": {"type": "LineString", "coordinates": [[141.79597167223022, 55.290017230019814], [141.84862924333072, 55.258437354976905]]}, "properties": {"source": "9138023", "target": "14059110"}}, {"type": "Feature", "geometry": {"type": "LineString", "coordinates": [[141.79597167223022, 55.290017230019814], [141.8438417879534, 55.28733036447197]]}, "properties": {"source": "9138023", "target": "1317839"}}, {"type": "Feature", "geometry": {"type": "LineString", "coordinates": [[141.79597167223022, 55.290017230019814], [141.85450963655984, 55.27219547375742]]}, "properties": {"source": "9138023", "target": "15773846"}}, {"type": "Feature", "geometry": {"type": "LineString", "coordinates": [[141.79597167223022, 55.290017230019814], [141.8228439688301, 55.281117657243925]]}, "properties": {"source": "9138023", "target": "9248218"}}, {"type": "Feature", "geometry": {"type": "LineString", "coordinates": [[141.84545237697296, 55.26762307176773], [141.85403683770397, 55.28909126728978]]}, "properties": {"source": "14476957", "target": "1733621"}}, {"type": "Feature", "geometry": {"type": "LineString", "coordinates": [[141.84545237697296, 55.26762307176773], [141.83609031716196, 55.27082209017604]]}, "properties": {"source": "14476957", "target": "14948638"}}, {"type": "Feature", "geometry": {"type": "LineString", "coordinates": [[141.84545237697296, 55.26762307176773], [141.8560538306811, 55.28291760037632]]}, "properties": {"source": "14476957", "target": "168328"}}, {"type": "Feature", "geometry": {"type": "LineString", "coordinates": [[141.84545237697296, 55.26762307176773], [141.77937340159622, 55.28923935703513]]}, "properties": {"source": "14476957", "target": "16133971"}}, {"type": "Feature", "geometry": {"type": "LineString", "coordinates": [[141.84545237697296, 55.26762307176773], [141.81978756165097, 55.27263813872163]]}, "properties": {"source": "14476957", "target": "1605511"}}, {"type": "Feature", "geometry": {"type": "LineString", "coordinates": [[141.84545237697296, 55.26762307176773], [141.7897088593998, 55.26632723028578]]}, "properties": {"source": "14476957", "target": "13387102"}}, {"type": "Feature", "geometry": {"type": "LineString", "coordinates": [[141.8258529338309, 55.27309788944682], [141.79698765645196, 55.26812733437308]]}, "properties": {"source": "16145383", "target": "16862840"}}, {"type": "Feature", "geometry": {"type": "LineString", "coordinates": [[141.81414697003027, 55.2689982805732], [141.77424756294442, 55.2766071008173]]}, "properties": {"source": "1150192", "target": "12196783"}}, {"type": "Feature", "geometry": {"type": "LineString", "coordinates": [[141.81414697003027, 55.2689982805732], [141.78823654841517, 55.28667644162279]]}, "properties": {"source": "1150192", "target": "1177615"}}, {"type": "Feature", "geometry": {"type": "LineString", "coordinates": [[141.85979820411308, 55.28946194053479], [141.78334100258553, 55.26197614578261]]}, "properties": {"source": "2583623", "target": "25967954"}}, {"type": "Feature", "geometry": {"type": "LineString", "coordinates": [[141.85979820411308, 55.28946194053479], [141.76968527666503, 55.287511299100956]]}, "properties": {"source": "2583623", "target": "26651917"}}, {"type": "Feature", "geometry": {"type": "LineString", "coordinates": [[141.77757367224825, 55.259223886608424], [141.82427388039622, 55.262531704913684]]}, "properties": {"source": "22756899", "target": "24693132"}}, {"type": "Feature", "geometry": {"type": "LineString", "coordinates": [[141.77757367224825, 55.259223886608424], [141.81169014306295, 55.28872619088408]]}, "properties": {"source": "22756899", "target": "18406319"}}, {"type": "Feature", "geometry": {"type": "LineString", "coordinates": [[141.77757367224825, 55.259223886608424], [141.82695612114583, 55.27108388687009]]}, "properties": {"source": "22756899", "target": "21998391"}}, {"type": "Feature", "geometry": {"type": "LineString", "coordinates": [[141.77757367224825, 55.259223886608424], [141.8161821543884, 55.278800411292934]]}, "properties": {"source": "22756899", "target": "22111275"}}, {"type": "Feature", "geometry": {"type": "LineString", "coordinates": [[141.77757367224825, 55.259223886608424], [141.77360917876746, 55.270020483090335]]}, "properties": {"source": "22756899", "target": "25241806"}}, {"type": "Feature", "geometry": {"type": "LineString", "coordinates": [[141.79260742154804, 55.263900806767396], [141.8411740476406, 55.28596520074548]]}, "properties": {"source": "1366236", "target": "645949"}}, {"type": "Feature", "geometry": {"type": "LineString", "coordinates": [[141.79260742154804, 55.263900806767396], [141.78488236534184, 55.27613012087964]]}, "properties": {"source": "1366236", "target": "1877658"}}, {"type": "Feature", "geometry": {"type": "LineString", "coordinates": [[141.80236561679237, 55.26972993649592], [141.83852937157678, 55.27157343917109]]}, "properties": {"source": "1450706", "target": "3872106"}}, {"type": "Feature", "geometry": {"type": "LineString", "coordinates": [[141.80236561679237, 55.26972993649592], [141.81105747870038, 55.268398249273844]]}, "properties": {"source": "1450706", "target": "4158972"}}, {"type": "Feature", "geometry": {"type": "LineString", "coordinates": [[141.80236561679237, 55.26972993649592], [141.76456995738255, 55.27263815646833]]}, "properties": {"source": "1450706", "target": "824998"}}, {"type": "Feature", "geometry": {"type": "LineString", "coordinates": [[141.80236561679237, 55.26972993649592], [141.8411740476406, 55.28596520074548]]}, "properties": {"source": "1450706", "target": "645949"}}, {"type": "Feature", "geometry": {"type": "LineString", "coordinates": [[141.80236561679237, 55.26972993649592], [141.8563193773137, 55.262632324937286]]}, "properties": {"source": "1450706", "target": "847030"}}, {"type": "Feature", "geometry": {"type": "LineString", "coordinates": [[141.77082935243698, 55.27613273836786], [141.83852937157678, 55.27157343917109]]}, "properties": {"source": "507414", "target": "3872106"}}, {"type": "Feature", "geometry": {"type": "LineString", "coordinates": [[141.77082935243698, 55.27613273836786], [141.7982561648946, 55.2581741170482]]}, "properties": {"source": "507414", "target": "378266"}}, {"type": "Feature", "geometry": {"type": "LineString", "coordinates": [[141.78757569793618, 55.289896672344284], [141.81711660227154, 55.259224491342465]]}, "properties": {"source": "18755158", "target": "25050293"}}, {"type": "Feature", "geometry": {"type": "LineString", "coordinates": [[141.7728888575868, 55.274583999306586], [141.791495000061, 55.27161938684216]]}, "properties": {"source": "22149404", "target": "22567980"}}, {"type": "Feature", "geometry": {"type": "LineString", "coordinates": [[141.7728888575868, 55.274583999306586], [141.8051859817627, 55.2670595871442]]}, "properties": {"source": "22149404", "target": "22922628"}}, {"type": "Feature", "geometry": {"type": "LineString", "coordinates": [[141.7728888575868, 55.274583999306586], [141.8164094239546, 55.261293807430036]]}, "properties": {"source": "22149404", "target": "22545968"}}, {"type": "Feature", "geometry": {"type": "LineString", "coordinates": [[141.7728888575868, 55.274583999306586], [141.7978928762817, 55.26798231673921]]}, "properties": {"source": "22149404", "target": "22878718"}}, {"type": "Feature", "geometry": {"type": "LineString", "coordinates": [[141.7728888575868, 55.274583999306586], [141.83296487427356, 55.267424385180874]]}, "properties": {"source": "22149404", "target": "24427045"}}, {"type": "Feature", "geometry": {"type": "LineString", "coordinates": [[141.8262807783696, 55.27389174064521], [141.8004450768804, 55.27687456930893]]}, "properties": {"source": "24656821", "target": "25205355"}}, {"type": "Feature", "geometry": {"type": "LineString", "coordinates": [[141.81179457723778, 55.25876438659107], [141.8033890222194, 55.282330213677184]]}, "properties": {"source": "25816179", "target": "33117854"}}, {"type": "Feature", "geometry": {"type": "LineString", "coordinates": [[141.81179457723778, 55.25876438659107], [141.8196649782327, 55.268810630639436]]}, "properties": {"source": "25816179", "target": "6584869"}}, {"type": "Feature", "geometry": {"type": "LineString", "coordinates": [[141.81179457723778, 55.25876438659107], [141.83478434383323, 55.26041542554641]]}, "properties": {"source": "25816179", "target": "23296449"}}, {"type": "Feature", "geometry": {"type": "LineString", "coordinates": [[141.81179457723778, 55.25876438659107], [141.7975327339505, 55.28610084576836]]}, "properties": {"source": "25816179", "target": "18817337"}}, {"type": "Feature", "geometry": {"type": "LineString", "coordinates": [[141.78418750469604, 55.263322498744216], [141.76456995738255, 55.27263815646833]]}, "properties": {"source": "920220", "target": "824998"}}, {"type": "Feature", "geometry": {"type": "LineString", "coordinates": [[141.78418750469604, 55.263322498744216], [141.8411740476406, 55.28596520074548]]}, "properties": {"source": "920220", "target": "645949"}}, {"type": "Feature", "geometry": {"type": "LineString", "coordinates": [[141.78418750469604, 55.263322498744216], [141.8563193773137, 55.262632324937286]]}, "properties": {"source": "920220", "target": "847030"}}, {"type": "Feature", "geometry": {"type": "LineString", "coordinates": [[141.78418750469604, 55.263322498744216], [141.82961842857094, 55.287605854611385]]}, "properties": {"source": "920220", "target": "8072237"}}, {"type": "Feature", "geometry": {"type": "LineString", "coordinates": [[141.78418750469604, 55.263322498744216], [141.81126845071793, 55.261000937750055]]}, "properties": {"source": "920220", "target": "955696"}}, {"type": "Feature", "geometry": {"type": "LineString", "coordinates": [[141.7899997618319, 55.270189264457], [141.76456995738255, 55.27263815646833]]}, "properties": {"source": "1228275", "target": "824998"}}, {"type": "Feature", "geometry": {"type": "LineString", "coordinates": [[141.7899997618319, 55.270189264457], [141.8411740476406, 55.28596520074548]]}, "properties": {"source": "1228275", "target": "645949"}}, {"type": "Feature", "geometry": {"type": "LineString", "coordinates": [[141.7899997618319, 55.270189264457], [141.78488236534184, 55.27613012087964]]}, "properties": {"source": "1228275", "target": "1877658"}}, {"type": "Feature", "geometry": {"type": "LineString", "coordinates": [[141.79260742154804, 55.263900806767396], [141.83852937157678, 55.27157343917109]]}, "properties": {"source": "1366236", "target": "3872106"}}, {"type": "Feature", "geometry": {"type": "LineString", "coordinates": [[141.79260742154804, 55.263900806767396], [141.77847913862092, 55.26564035364474]]}, "properties": {"source": "1366236", "target": "38845"}}, {"type": "Feature", "geometry": {"type": "LineString", "coordinates": [[141.79260742154804, 55.263900806767396], [141.81105747870038, 55.268398249273844]]}, "properties": {"source": "1366236", "target": "4158972"}}, {"type": "Feature", "geometry": {"type": "LineString", "coordinates": [[141.79260742154804, 55.263900806767396], [141.76456995738255, 55.27263815646833]]}, "properties": {"source": "1366236", "target": "824998"}}, {"type": "Feature", "geometry": {"type": "LineString", "coordinates": [[141.84135279690793, 55.25974953910729], [141.83850675277677, 55.26501460461492]]}, "properties": {"source": "22305315", "target": "13059470"}}, {"type": "Feature", "geometry": {"type": "LineString", "coordinates": [[141.77573860099454, 55.25946987101332], [141.83852937157678, 55.27157343917109]]}, "properties": {"source": "1301899", "target": "3872106"}}, {"type": "Feature", "geometry": {"type": "LineString", "coordinates": [[141.79081668387272, 55.28963744357033], [141.83525444923282, 55.28046717950575]]}, "properties": {"source": "16130540", "target": "18723398"}}, {"type": "Feature", "geometry": {"type": "LineString", "coordinates": [[141.79081668387272, 55.28963744357033], [141.8377039677157, 55.26979513179195]]}, "properties": {"source": "16130540", "target": "1432778"}}, {"type": "Feature", "geometry": {"type": "LineString", "coordinates": [[141.79081668387272, 55.28963744357033], [141.83022210761766, 55.2674893963749]]}, "properties": {"source": "16130540", "target": "1817306"}}, {"type": "Feature", "geometry": {"type": "LineString", "coordinates": [[141.84214222043795, 55.28845164118344], [141.83852937157678, 55.27157343917109]]}, "properties": {"source": "2232038", "target": "3872106"}}, {"type": "Feature", "geometry": {"type": "LineString", "coordinates": [[141.84214222043795, 55.28845164118344], [141.81105747870038, 55.268398249273844]]}, "properties": {"source": "2232038", "target": "4158972"}}, {"type": "Feature", "geometry": {"type": "LineString", "coordinates": [[141.84021386849412, 55.26667987565152], [141.83852937157678, 55.27157343917109]]}, "properties": {"source": "2240876", "target": "3872106"}}, {"type": "Feature", "geometry": {"type": "LineString", "coordinates": [[141.84021386849412, 55.26667987565152], [141.81105747870038, 55.268398249273844]]}, "properties": {"source": "2240876", "target": "4158972"}}, {"type": "Feature", "geometry": {"type": "LineString", "coordinates": [[141.7910324609325, 55.28110164136373], [141.80970697282356, 55.269333759448784]]}, "properties": {"source": "19991193", "target": "1871377"}}, {"type": "Feature", "geometry": {"type": "LineString", "coordinates": [[141.78133600349946, 55.274898503785536], [141.83852937157678, 55.27157343917109]]}, "properties": {"source": "2849323", "target": "3872106"}}, {"type": "Feature", "geometry": {"type": "LineString", "coordinates": [[141.78133600349946, 55.274898503785536], [141.81105747870038, 55.268398249273844]]}, "properties": {"source": "2849323", "target": "4158972"}}, {"type": "Feature", "geometry": {"type": "LineString", "coordinates": [[141.86009454332304, 55.289698524143205], [141.83852937157678, 55.27157343917109]]}, "properties": {"source": "29844204", "target": "3872106"}}, {"type": "Feature", "geometry": {"type": "LineString", "coordinates": [[141.86009454332304, 55.289698524143205], [141.77847913862092, 55.26564035364474]]}, "properties": {"source": "29844204", "target": "38845"}}, {"type": "Feature", "geometry": {"type": "LineString", "coordinates": [[141.86009454332304, 55.289698524143205], [141.82503449063552, 55.26728977127688]]}, "properties": {"source": "29844204", "target": "5118485"}}, {"type": "Feature", "geometry": {"type": "LineString", "coordinates": [[141.86009454332304, 55.289698524143205], [141.81105747870038, 55.268398249273844]]}, "properties": {"source": "29844204", "target": "4158972"}}, {"type": "Feature", "geometry": {"type": "LineString", "coordinates": [[141.77847913862092, 55.26564035364474], [141.8603550600485, 55.26836811497071]]}, "properties": {"source": "38845", "target": "2144536"}}, {"type": "Feature", "geometry": {"type": "LineString", "coordinates": [[141.77847913862092, 55.26564035364474], [141.76472422043844, 55.259963863468]]}, "properties": {"source": "38845", "target": "10149554"}}, {"type": "Feature", "geometry": {"type": "LineString", "coordinates": [[141.77847913862092, 55.26564035364474], [141.8250331385421, 55.258936090648675]]}, "properties": {"source": "38845", "target": "1371802"}}, {"type": "Feature", "geometry": {"type": "LineString", "coordinates": [[141.77847913862092, 55.26564035364474], [141.84544987961038, 55.26062195504565]]}, "properties": {"source": "38845", "target": "1091734"}}, {"type": "Feature", "geometry": {"type": "LineString", "coordinates": [[141.77847913862092, 55.26564035364474], [141.84324255304165, 55.271498707817386]]}, "properties": {"source": "38845", "target": "2473475"}}, {"type": "Feature", "geometry": {"type": "LineString", "coordinates": [[141.77847913862092, 55.26564035364474], [141.78416571796856, 55.258903529589816]]}, "properties": {"source": "38845", "target": "1031426"}}, {"type": "Feature", "geometry": {"type": "LineString", "coordinates": [[141.77847913862092, 55.26564035364474], [141.77573860099454, 55.25946987101332]]}, "properties": {"source": "38845", "target": "1301899"}}, {"type": "Feature", "geometry": {"type": "LineString", "coordinates": [[141.77847913862092, 55.26564035364474], [141.84214222043795, 55.28845164118344]]}, "properties": {"source": "38845", "target": "2232038"}}, {"type": "Feature", "geometry": {"type": "LineString", "coordinates": [[141.77847913862092, 55.26564035364474], [141.84021386849412, 55.26667987565152]]}, "properties": {"source": "38845", "target": "2240876"}}, {"type": "Feature", "geometry": {"type": "LineString", "coordinates": [[141.77847913862092, 55.26564035364474], [141.79390180157668, 55.28867078219366]]}, "properties": {"source": "38845", "target": "1532350"}}, {"type": "Feature", "geometry": {"type": "LineString", "coordinates": [[141.77847913862092, 55.26564035364474], [141.8365842486486, 55.272979333266775]]}, "properties": {"source": "38845", "target": "236420"}}, {"type": "Feature", "geometry": {"type": "LineString", "coordinates": [[141.82503449063552, 55.26728977127688], [141.83852937157678, 55.27157343917109]]}, "properties": {"source": "5118485", "target": "3872106"}}, {"type": "Feature", "geometry": {"type": "LineString", "coordinates": [[141.82503449063552, 55.26728977127688], [141.77847913862092, 55.26564035364474]]}, "properties": {"source": "5118485", "target": "38845"}}, {"type": "Feature", "geometry": {"type": "LineString", "coordinates": [[141.82503449063552, 55.26728977127688], [141.81105747870038, 55.268398249273844]]}, "properties": {"source": "5118485", "target": "4158972"}}, {"type": "Feature", "geometry": {"type": "LineString", "coordinates": [[141.82503449063552, 55.26728977127688], [141.76456995738255, 55.27263815646833]]}, "properties": {"source": "5118485", "target": "824998"}}, {"type": "Feature", "geometry": {"type": "LineString", "coordinates": [[141.82503449063552, 55.26728977127688], [141.8411740476406, 55.28596520074548]]}, "properties": {"source": "5118485", "target": "645949"}}, {"type": "Feature", "geometry": {"type": "LineString", "coordinates": [[141.83893436753175, 55.26952227685919], [141.84214222043795, 55.28845164118344]]}, "properties": {"source": "2562981", "target": "2232038"}}, {"type": "Feature", "geometry": {"type": "LineString", "coordinates": [[141.83893436753175, 55.26952227685919], [141.84021386849412, 55.26667987565152]]}, "properties": {"source": "2562981", "target": "2240876"}}, {"type": "Feature", "geometry": {"type": "LineString", "coordinates": [[141.83893436753175, 55.26952227685919], [141.79390180157668, 55.28867078219366]]}, "properties": {"source": "2562981", "target": "1532350"}}, {"type": "Feature", "geometry": {"type": "LineString", "coordinates": [[141.83893436753175, 55.26952227685919], [141.81430555672068, 55.2747677873256]]}, "properties": {"source": "2562981", "target": "2389997"}}, {"type": "Feature", "geometry": {"type": "LineString", "coordinates": [[141.83893436753175, 55.26952227685919], [141.8365842486486, 55.272979333266775]]}, "properties": {"source": "2562981", "target": "236420"}}, {"type": "Feature", "geometry": {"type": "LineString", "coordinates": [[141.8411740476406, 55.28596520074548], [141.83852937157678, 55.27157343917109]]}, "properties": {"source": "645949", "target": "3872106"}}, {"type": "Feature", "geometry": {"type": "LineString", "coordinates": [[141.8411740476406, 55.28596520074548], [141.81105747870038, 55.268398249273844]]}, "properties": {"source": "645949", "target": "4158972"}}, {"type": "Feature", "geometry": {"type": "LineString", "coordinates": [[141.8411740476406, 55.28596520074548], [141.78133600349946, 55.274898503785536]]}, "properties": {"source": "645949", "target": "2849323"}}, {"type": "Feature", "geometry": {"type": "LineString", "coordinates": [[141.77144040598523, 55.281960726254994], [141.76456995738255, 55.27263815646833]]}, "properties": {"source": "949236", "target": "824998"}}, {"type": "Feature", "geometry": {"type": "LineString", "coordinates": [[141.77144040598523, 55.281960726254994], [141.8411740476406, 55.28596520074548]]}, "properties": {"source": "949236", "target": "645949"}}, {"type": "Feature", "geometry": {"type": "LineString", "coordinates": [[141.77144040598523, 55.281960726254994], [141.8554907637149, 55.259343025219636]]}, "properties": {"source": "949236", "target": "8172361"}}, {"type": "Feature", "geometry": {"type": "LineString", "coordinates": [[141.77144040598523, 55.281960726254994], [141.8563193773137, 55.262632324937286]]}, "properties": {"source": "949236", "target": "847030"}}, {"type": "Feature", "geometry": {"type": "LineString", "coordinates": [[141.77144040598523, 55.281960726254994], [141.82961842857094, 55.287605854611385]]}, "properties": {"source": "949236", "target": "8072237"}}, {"type": "Feature", "geometry": {"type": "LineString", "coordinates": [[141.77144040598523, 55.281960726254994], [141.8317059990958, 55.264434004012486]]}, "properties": {"source": "949236", "target": "933871"}}, {"type": "Feature", "geometry": {"type": "LineString", "coordinates": [[141.77144040598523, 55.281960726254994], [141.78418750469604, 55.263322498744216]]}, "properties": {"source": "949236", "target": "920220"}}, {"type": "Feature", "geometry": {"type": "LineString", "coordinates": [[141.77144040598523, 55.281960726254994], [141.81126845071793, 55.261000937750055]]}, "properties": {"source": "949236", "target": "955696"}}, {"type": "Feature", "geometry": {"type": "LineString", "coordinates": [[141.8587957250552, 55.265389571267804], [141.79475191437166, 55.271395493498346]]}, "properties": {"source": "26641072", "target": "26859062"}}, {"type": "Feature", "geometry": {"type": "LineString", "coordinates": [[141.8587957250552, 55.265389571267804], [141.84149201900016, 55.282169146200815]]}, "properties": {"source": "26641072", "target": "25571895"}}, {"type": "Feature", "geometry": {"type": "LineString", "coordinates": [[141.8587957250552, 55.265389571267804], [141.83097577666518, 55.28224918314592]]}, "properties": {"source": "26641072", "target": "2884174"}}, {"type": "Feature", "geometry": {"type": "LineString", "coordinates": [[141.8587957250552, 55.265389571267804], [141.85940263047837, 55.28513261789219]]}, "properties": {"source": "26641072", "target": "25402257"}}, {"type": "Feature", "geometry": {"type": "LineString", "coordinates": [[141.8587957250552, 55.265389571267804], [141.76843025192397, 55.25966385268987]]}, "properties": {"source": "26641072", "target": "2511700"}}, {"type": "Feature", "geometry": {"type": "LineString", "coordinates": [[141.8587957250552, 55.265389571267804], [141.85094772475514, 55.28262438559631]]}, "properties": {"source": "26641072", "target": "23367588"}}, {"type": "Feature", "geometry": {"type": "LineString", "coordinates": [[141.8587957250552, 55.265389571267804], [141.76517946685124, 55.27539281485802]]}, "properties": {"source": "26641072", "target": "25622846"}}, {"type": "Feature", "geometry": {"type": "LineString", "coordinates": [[141.82529296754393, 55.288941286233566], [141.7910324609325, 55.28110164136373]]}, "properties": {"source": "18873977", "target": "19991193"}}, {"type": "Feature", "geometry": {"type": "LineString", "coordinates": [[141.82529296754393, 55.288941286233566], [141.83410596789514, 55.281026087809764]]}, "properties": {"source": "18873977", "target": "2221419"}}, {"type": "Feature", "geometry": {"type": "LineString", "coordinates": [[141.84798432985303, 55.282439008582074], [141.81662013704204, 55.28960526414036]]}, "properties": {"source": "34819713", "target": "3507676"}}, {"type": "Feature", "geometry": {"type": "LineString", "coordinates": [[141.84798432985303, 55.282439008582074], [141.83358033845144, 55.26330654731508]]}, "properties": {"source": "34819713", "target": "3734204"}}, {"type": "Feature", "geometry": {"type": "LineString", "coordinates": [[141.84798432985303, 55.282439008582074], [141.82790167786914, 55.26160556207371]]}, "properties": {"source": "34819713", "target": "4375705"}}, {"type": "Feature", "geometry": {"type": "LineString", "coordinates": [[141.84798432985303, 55.282439008582074], [141.831061831442, 55.264687469136916]]}, "properties": {"source": "34819713", "target": "33224357"}}, {"type": "Feature", "geometry": {"type": "LineString", "coordinates": [[141.84798432985303, 55.282439008582074], [141.8082088090507, 55.27934184818882]]}, "properties": {"source": "34819713", "target": "3255106"}}, {"type": "Feature", "geometry": {"type": "LineString", "coordinates": [[141.77130552351105, 55.26923125937773], [141.83852937157678, 55.27157343917109]]}, "properties": {"source": "3421611", "target": "3872106"}}, {"type": "Feature", "geometry": {"type": "LineString", "coordinates": [[141.77130552351105, 55.26923125937773], [141.7982561648946, 55.2581741170482]]}, "properties": {"source": "3421611", "target": "378266"}}, {"type": "Feature", "geometry": {"type": "LineString", "coordinates": [[141.81336251672224, 55.28074920039681], [141.8313018527877, 55.27464351037101]]}, "properties": {"source": "19245438", "target": "1250206"}}, {"type": "Feature", "geometry": {"type": "LineString", "coordinates": [[141.81336251672224, 55.28074920039681], [141.77012610633, 55.267835594074285]]}, "properties": {"source": "19245438", "target": "2226058"}}, {"type": "Feature", "geometry": {"type": "LineString", "coordinates": [[141.81336251672224, 55.28074920039681], [141.7841628277605, 55.278963607663954]]}, "properties": {"source": "19245438", "target": "1385579"}}, {"type": "Feature", "geometry": {"type": "LineString", "coordinates": [[141.81336251672224, 55.28074920039681], [141.85000517294645, 55.26946719242869]]}, "properties": {"source": "19245438", "target": "2169922"}}, {"type": "Feature", "geometry": {"type": "LineString", "coordinates": [[141.83410596789514, 55.281026087809764], [141.7910324609325, 55.28110164136373]]}, "properties": {"source": "2221419", "target": "19991193"}}, {"type": "Feature", "geometry": {"type": "LineString", "coordinates": [[141.83410596789514, 55.281026087809764], [141.84149201900016, 55.282169146200815]]}, "properties": {"source": "2221419", "target": "25571895"}}, {"type": "Feature", "geometry": {"type": "LineString", "coordinates": [[141.83410596789514, 55.281026087809764], [141.79486190131786, 55.259060464084484]]}, "properties": {"source": "2221419", "target": "1033318"}}, {"type": "Feature", "geometry": {"type": "LineString", "coordinates": [[141.83410596789514, 55.281026087809764], [141.85000517294645, 55.26946719242869]]}, "properties": {"source": "2221419", "target": "2169922"}}, {"type": "Feature", "geometry": {"type": "LineString", "coordinates": [[141.7832194996888, 55.26968202444543], [141.83852937157678, 55.27157343917109]]}, "properties": {"source": "1968203", "target": "3872106"}}, {"type": "Feature", "geometry": {"type": "LineString", "coordinates": [[141.78017027785933, 55.266717974567555], [141.7910324609325, 55.28110164136373]]}, "properties": {"source": "24454511", "target": "19991193"}}, {"type": "Feature", "geometry": {"type": "LineString", "coordinates": [[141.78017027785933, 55.266717974567555], [141.84149201900016, 55.282169146200815]]}, "properties": {"source": "24454511", "target": "25571895"}}, {"type": "Feature", "geometry": {"type": "LineString", "coordinates": [[141.78017027785933, 55.266717974567555], [141.83410596789514, 55.281026087809764]]}, "properties": {"source": "24454511", "target": "2221419"}}, {"type": "Feature", "geometry": {"type": "LineString", "coordinates": [[141.78017027785933, 55.266717974567555], [141.8183982300523, 55.27906928690723]]}, "properties": {"source": "24454511", "target": "124839"}}, {"type": "Feature", "geometry": {"type": "LineString", "coordinates": [[141.78017027785933, 55.266717974567555], [141.77630224528087, 55.275750021070124]]}, "properties": {"source": "24454511", "target": "20839195"}}, {"type": "Feature", "geometry": {"type": "LineString", "coordinates": [[141.78017027785933, 55.266717974567555], [141.8313018527877, 55.27464351037101]]}, "properties": {"source": "24454511", "target": "1250206"}}, {"type": "Feature", "geometry": {"type": "LineString", "coordinates": [[141.78017027785933, 55.266717974567555], [141.77012610633, 55.267835594074285]]}, "properties": {"source": "24454511", "target": "2226058"}}, {"type": "Feature", "geometry": {"type": "LineString", "coordinates": [[141.85894327523692, 55.263739521883934], [141.7909833803571, 55.29028786238726]]}, "properties": {"source": "11512221", "target": "1143301"}}, {"type": "Feature", "geometry": {"type": "LineString", "coordinates": [[141.85894327523692, 55.263739521883934], [141.76508991626997, 55.26492530549402]]}, "properties": {"source": "11512221", "target": "6409406"}}, {"type": "Feature", "geometry": {"type": "LineString", "coordinates": [[141.83922691945247, 55.260679535878154], [141.78553500000658, 55.290188251093085]]}, "properties": {"source": "16108157", "target": "15931624"}}, {"type": "Feature", "geometry": {"type": "LineString", "coordinates": [[141.83922691945247, 55.260679535878154], [141.83506323360007, 55.28810529603247]]}, "properties": {"source": "16108157", "target": "15931640"}}, {"type": "Feature", "geometry": {"type": "LineString", "coordinates": [[141.83922691945247, 55.260679535878154], [141.81687824296404, 55.27930057459031]]}, "properties": {"source": "16108157", "target": "16156372"}}, {"type": "Feature", "geometry": {"type": "LineString", "coordinates": [[141.83922691945247, 55.260679535878154], [141.82172591910285, 55.27408752824891]]}, "properties": {"source": "16108157", "target": "17674605"}}, {"type": "Feature", "geometry": {"type": "LineString", "coordinates": [[141.83358033845144, 55.26330654731508], [141.83852937157678, 55.27157343917109]]}, "properties": {"source": "3734204", "target": "3872106"}}, {"type": "Feature", "geometry": {"type": "LineString", "coordinates": [[141.83358033845144, 55.26330654731508], [141.7982561648946, 55.2581741170482]]}, "properties": {"source": "3734204", "target": "378266"}}, {"type": "Feature", "geometry": {"type": "LineString", "coordinates": [[141.83358033845144, 55.26330654731508], [141.8459312761383, 55.286665925391105]]}, "properties": {"source": "3734204", "target": "424624"}}, {"type": "Feature", "geometry": {"type": "LineString", "coordinates": [[141.79378488356213, 55.28164168353719], [141.82548223812194, 55.28126004479283]]}, "properties": {"source": "15918889", "target": "5174507"}}, {"type": "Feature", "geometry": {"type": "LineString", "coordinates": [[141.79378488356213, 55.28164168353719], [141.79755967955623, 55.261122915850706]]}, "properties": {"source": "15918889", "target": "4133124"}}, {"type": "Feature", "geometry": {"type": "LineString", "coordinates": [[141.79378488356213, 55.28164168353719], [141.83969578144848, 55.26108022992551]]}, "properties": {"source": "15918889", "target": "7923363"}}, {"type": "Feature", "geometry": {"type": "LineString", "coordinates": [[141.82792733920053, 55.286711121412736], [141.78125045216484, 55.2639279030478]]}, "properties": {"source": "28604397", "target": "25852892"}}, {"type": "Feature", "geometry": {"type": "LineString", "coordinates": [[141.82792733920053, 55.286711121412736], [141.81087296118346, 55.27011692107098]]}, "properties": {"source": "28604397", "target": "2660819"}}, {"type": "Feature", "geometry": {"type": "LineString", "coordinates": [[141.76843025192397, 55.25966385268987], [141.78334100258553, 55.26197614578261]]}, "properties": {"source": "2511700", "target": "25967954"}}, {"type": "Feature", "geometry": {"type": "LineString", "coordinates": [[141.76843025192397, 55.25966385268987], [141.78017027785933, 55.266717974567555]]}, "properties": {"source": "2511700", "target": "24454511"}}, {"type": "Feature", "geometry": {"type": "LineString", "coordinates": [[141.83561353930224, 55.29020006642824], [141.83893436753175, 55.26952227685919]]}, "properties": {"source": "1164269", "target": "2562981"}}, {"type": "Feature", "geometry": {"type": "LineString", "coordinates": [[141.83561353930224, 55.29020006642824], [141.78488236534184, 55.27613012087964]]}, "properties": {"source": "1164269", "target": "1877658"}}, {"type": "Feature", "geometry": {"type": "LineString", "coordinates": [[141.83561353930224, 55.29020006642824], [141.8147082576915, 55.280932299621355]]}, "properties": {"source": "1164269", "target": "144217"}}, {"type": "Feature", "geometry": {"type": "LineString", "coordinates": [[141.78151152218607, 55.27342116355594], [141.85403683770397, 55.28909126728978]]}, "properties": {"source": "1103927", "target": "1733621"}}, {"type": "Feature", "geometry": {"type": "LineString", "coordinates": [[141.78151152218607, 55.27342116355594], [141.791495000061, 55.27161938684216]]}, "properties": {"source": "1103927", "target": "22567980"}}, {"type": "Feature", "geometry": {"type": "LineString", "coordinates": [[141.78151152218607, 55.27342116355594], [141.7893411644576, 55.2666992900011]]}, "properties": {"source": "1103927", "target": "19324908"}}, {"type": "Feature", "geometry": {"type": "LineString", "coordinates": [[141.78151152218607, 55.27342116355594], [141.8007198807145, 55.27161429268848]]}, "properties": {"source": "1103927", "target": "6570588"}}, {"type": "Feature", "geometry": {"type": "LineString", "coordinates": [[141.78151152218607, 55.27342116355594], [141.85894327523692, 55.263739521883934]]}, "properties": {"source": "1103927", "target": "11512221"}}, {"type": "Feature", "geometry": {"type": "LineString", "coordinates": [[141.78151152218607, 55.27342116355594], [141.849586201352, 55.27684324021098]]}, "properties": {"source": "1103927", "target": "6946193"}}, {"type": "Feature", "geometry": {"type": "LineString", "coordinates": [[141.78151152218607, 55.27342116355594], [141.83609031716196, 55.27082209017604]]}, "properties": {"source": "1103927", "target": "14948638"}}, {"type": "Feature", "geometry": {"type": "LineString", "coordinates": [[141.78151152218607, 55.27342116355594], [141.77372872828204, 55.270288816124136]]}, "properties": {"source": "1103927", "target": "502146"}}, {"type": "Feature", "geometry": {"type": "LineString", "coordinates": [[141.80281390307027, 55.27999769083601], [141.80555590151943, 55.26660561909894]]}, "properties": {"source": "11066465", "target": "3079674"}}, {"type": "Feature", "geometry": {"type": "LineString", "coordinates": [[141.80281390307027, 55.27999769083601], [141.83506323360007, 55.28810529603247]]}, "properties": {"source": "11066465", "target": "15931640"}}, {"type": "Feature", "geometry": {"type": "LineString", "coordinates": [[141.80281390307027, 55.27999769083601], [141.83525444923282, 55.28046717950575]]}, "properties": {"source": "11066465", "target": "18723398"}}, {"type": "Feature", "geometry": {"type": "LineString", "coordinates": [[141.80281390307027, 55.27999769083601], [141.84804437743003, 55.27925778400137]]}, "properties": {"source": "11066465", "target": "14303956"}}, {"type": "Feature", "geometry": {"type": "LineString", "coordinates": [[141.80281390307027, 55.27999769083601], [141.79378488356213, 55.28164168353719]]}, "properties": {"source": "11066465", "target": "15918889"}}, {"type": "Feature", "geometry": {"type": "LineString", "coordinates": [[141.8377039677157, 55.26979513179195], [141.83022210761766, 55.2674893963749]]}, "properties": {"source": "1432778", "target": "1817306"}}, {"type": "Feature", "geometry": {"type": "LineString", "coordinates": [[141.778220367576, 55.26627602937907], [141.7661663252823, 55.28830330954463]]}, "properties": {"source": "19418072", "target": "19171814"}}, {"type": "Feature", "geometry": {"type": "LineString", "coordinates": [[141.8028094694609, 55.27565552060044], [141.78488236534184, 55.27613012087964]]}, "properties": {"source": "15816515", "target": "1877658"}}, {"type": "Feature", "geometry": {"type": "LineString", "coordinates": [[141.8028094694609, 55.27565552060044], [141.78371301130363, 55.290197019543825]]}, "properties": {"source": "15816515", "target": "9562419"}}, {"type": "Feature", "geometry": {"type": "LineString", "coordinates": [[141.8028094694609, 55.27565552060044], [141.8403099760243, 55.26577013431485]]}, "properties": {"source": "15816515", "target": "9176304"}}, {"type": "Feature", "geometry": {"type": "LineString", "coordinates": [[141.8028094694609, 55.27565552060044], [141.83041654088134, 55.265700783398884]]}, "properties": {"source": "15816515", "target": "18337430"}}, {"type": "Feature", "geometry": {"type": "LineString", "coordinates": [[141.8028094694609, 55.27565552060044], [141.82338636230702, 55.27120596336884]]}, "properties": {"source": "15816515", "target": "1628927"}}, {"type": "Feature", "geometry": {"type": "LineString", "coordinates": [[141.78804728697088, 55.258178646078235], [141.83852937157678, 55.27157343917109]]}, "properties": {"source": "3683199", "target": "3872106"}}, {"type": "Feature", "geometry": {"type": "LineString", "coordinates": [[141.78804728697088, 55.258178646078235], [141.77847913862092, 55.26564035364474]]}, "properties": {"source": "3683199", "target": "38845"}}, {"type": "Feature", "geometry": {"type": "LineString", "coordinates": [[141.80281390307027, 55.27999769083601], [141.82108284338142, 55.28072506754843]]}, "properties": {"source": "11066465", "target": "25908964"}}, {"type": "Feature", "geometry": {"type": "LineString", "coordinates": [[141.817966532946, 55.284664715431006], [141.85403683770397, 55.28909126728978]]}, "properties": {"source": "109795", "target": "1733621"}}, {"type": "Feature", "geometry": {"type": "LineString", "coordinates": [[141.817966532946, 55.284664715431006], [141.7893411644576, 55.2666992900011]]}, "properties": {"source": "109795", "target": "19324908"}}, {"type": "Feature", "geometry": {"type": "LineString", "coordinates": [[141.817966532946, 55.284664715431006], [141.8007198807145, 55.27161429268848]]}, "properties": {"source": "109795", "target": "6570588"}}, {"type": "Feature", "geometry": {"type": "LineString", "coordinates": [[141.817966532946, 55.284664715431006], [141.85894327523692, 55.263739521883934]]}, "properties": {"source": "109795", "target": "11512221"}}, {"type": "Feature", "geometry": {"type": "LineString", "coordinates": [[141.817966532946, 55.284664715431006], [141.849586201352, 55.27684324021098]]}, "properties": {"source": "109795", "target": "6946193"}}, {"type": "Feature", "geometry": {"type": "LineString", "coordinates": [[141.817966532946, 55.284664715431006], [141.83609031716196, 55.27082209017604]]}, "properties": {"source": "109795", "target": "14948638"}}, {"type": "Feature", "geometry": {"type": "LineString", "coordinates": [[141.7892902718686, 55.26152215000862], [141.8319148415988, 55.26847270278107]]}, "properties": {"source": "581305", "target": "66355"}}, {"type": "Feature", "geometry": {"type": "LineString", "coordinates": [[141.81290235922967, 55.271447456931014], [141.77626553100504, 55.27455359951492]]}, "properties": {"source": "17264001", "target": "1518484"}}, {"type": "Feature", "geometry": {"type": "LineString", "coordinates": [[141.82735276512886, 55.25835218133159], [141.8322428794022, 55.28474910224233]]}, "properties": {"source": "18295872", "target": "18143969"}}, {"type": "Feature", "geometry": {"type": "LineString", "coordinates": [[141.81816789052652, 55.28998339838806], [141.83008069590858, 55.28314300582767]]}, "properties": {"source": "10369987", "target": "590752"}}, {"type": "Feature", "geometry": {"type": "LineString", "coordinates": [[141.84523315732343, 55.27834358349061], [141.8111895780903, 55.27683076691429]]}, "properties": {"source": "744558", "target": "1047145"}}, {"type": "Feature", "geometry": {"type": "LineString", "coordinates": [[141.8118773837187, 55.268794935568806], [141.7661663252823, 55.28830330954463]]}, "properties": {"source": "20485771", "target": "19171814"}}, {"type": "Feature", "geometry": {"type": "LineString", "coordinates": [[141.83695773202294, 55.26398619129931], [141.78416571796856, 55.258903529589816]]}, "properties": {"source": "9471777", "target": "1031426"}}, {"type": "Feature", "geometry": {"type": "LineString", "coordinates": [[141.78762289803115, 55.285447681532915], [141.77937340159622, 55.28923935703513]]}, "properties": {"source": "13649884", "target": "16133971"}}, {"type": "Feature", "geometry": {"type": "LineString", "coordinates": [[141.7797183185727, 55.28205356032362], [141.7966125261877, 55.272849828631436]]}, "properties": {"source": "1857302", "target": "8594570"}}, {"type": "Feature", "geometry": {"type": "LineString", "coordinates": [[141.85932045323642, 55.25879843847052], [141.78125045216484, 55.2639279030478]]}, "properties": {"source": "23847982", "target": "25852892"}}, {"type": "Feature", "geometry": {"type": "LineString", "coordinates": [[141.85932045323642, 55.25879843847052], [141.81087296118346, 55.27011692107098]]}, "properties": {"source": "23847982", "target": "2660819"}}, {"type": "Feature", "geometry": {"type": "LineString", "coordinates": [[141.85932045323642, 55.25879843847052], [141.78645716130666, 55.26379434535329]]}, "properties": {"source": "23847982", "target": "2414696"}}, {"type": "Feature", "geometry": {"type": "LineString", "coordinates": [[141.85422587798507, 55.2817353398259], [141.84862924333072, 55.258437354976905]]}, "properties": {"source": "15730061", "target": "14059110"}}, {"type": "Feature", "geometry": {"type": "LineString", "coordinates": [[141.85422587798507, 55.2817353398259], [141.82554704926764, 55.26523920171668]]}, "properties": {"source": "15730061", "target": "14059099"}}, {"type": "Feature", "geometry": {"type": "LineString", "coordinates": [[141.85422587798507, 55.2817353398259], [141.79671814251583, 55.28208278183132]]}, "properties": {"source": "15730061", "target": "15731683"}}, {"type": "Feature", "geometry": {"type": "LineString", "coordinates": [[141.85422587798507, 55.2817353398259], [141.7687166120201, 55.27548422250729]]}, "properties": {"source": "15730061", "target": "12510835"}}, {"type": "Feature", "geometry": {"type": "LineString", "coordinates": [[141.78488236534184, 55.27613012087964], [141.8250331385421, 55.258936090648675]]}, "properties": {"source": "1877658", "target": "1371802"}}, {"type": "Feature", "geometry": {"type": "LineString", "coordinates": [[141.78488236534184, 55.27613012087964], [141.84544987961038, 55.26062195504565]]}, "properties": {"source": "1877658", "target": "1091734"}}, {"type": "Feature", "geometry": {"type": "LineString", "coordinates": [[141.78488236534184, 55.27613012087964], [141.78416571796856, 55.258903529589816]]}, "properties": {"source": "1877658", "target": "1031426"}}, {"type": "Feature", "geometry": {"type": "LineString", "coordinates": [[141.78488236534184, 55.27613012087964], [141.77573860099454, 55.25946987101332]]}, "properties": {"source": "1877658", "target": "1301899"}}, {"type": "Feature", "geometry": {"type": "LineString", "coordinates": [[141.78488236534184, 55.27613012087964], [141.79390180157668, 55.28867078219366]]}, "properties": {"source": "1877658", "target": "1532350"}}, {"type": "Feature", "geometry": {"type": "LineString", "coordinates": [[141.78488236534184, 55.27613012087964], [141.83041654088134, 55.265700783398884]]}, "properties": {"source": "1877658", "target": "18337430"}}, {"type": "Feature", "geometry": {"type": "LineString", "coordinates": [[141.78488236534184, 55.27613012087964], [141.82338636230702, 55.27120596336884]]}, "properties": {"source": "1877658", "target": "1628927"}}, {"type": "Feature", "geometry": {"type": "LineString", "coordinates": [[141.78017027785933, 55.266717974567555], [141.78334100258553, 55.26197614578261]]}, "properties": {"source": "24454511", "target": "25967954"}}, {"type": "Feature", "geometry": {"type": "LineString", "coordinates": [[141.78017027785933, 55.266717974567555], [141.79475191437166, 55.271395493498346]]}, "properties": {"source": "24454511", "target": "26859062"}}, {"type": "Feature", "geometry": {"type": "LineString", "coordinates": [[141.83515743038976, 55.26694470571415], [141.84501889218427, 55.26883412515352]]}, "properties": {"source": "7248166", "target": "7789715"}}, {"type": "Feature", "geometry": {"type": "LineString", "coordinates": [[141.85403683770397, 55.28909126728978], [141.85894327523692, 55.263739521883934]]}, "properties": {"source": "1733621", "target": "11512221"}}, {"type": "Feature", "geometry": {"type": "LineString", "coordinates": [[141.85403683770397, 55.28909126728978], [141.83609031716196, 55.27082209017604]]}, "properties": {"source": "1733621", "target": "14948638"}}, {"type": "Feature", "geometry": {"type": "LineString", "coordinates": [[141.85403683770397, 55.28909126728978], [141.7909833803571, 55.29028786238726]]}, "properties": {"source": "1733621", "target": "1143301"}}, {"type": "Feature", "geometry": {"type": "LineString", "coordinates": [[141.85403683770397, 55.28909126728978], [141.8560538306811, 55.28291760037632]]}, "properties": {"source": "1733621", "target": "168328"}}, {"type": "Feature", "geometry": {"type": "LineString", "coordinates": [[141.85403683770397, 55.28909126728978], [141.77937340159622, 55.28923935703513]]}, "properties": {"source": "1733621", "target": "16133971"}}, {"type": "Feature", "geometry": {"type": "LineString", "coordinates": [[141.85403683770397, 55.28909126728978], [141.84786813790055, 55.26774443870288]]}, "properties": {"source": "1733621", "target": "12611151"}}, {"type": "Feature", "geometry": {"type": "LineString", "coordinates": [[141.82801225251575, 55.25868726923932], [141.80690583592525, 55.27621674441387]]}, "properties": {"source": "7078907", "target": "625135"}}, {"type": "Feature", "geometry": {"type": "LineString", "coordinates": [[141.79711498565808, 55.26437037241328], [141.83852937157678, 55.27157343917109]]}, "properties": {"source": "3070506", "target": "3872106"}}, {"type": "Feature", "geometry": {"type": "LineString", "coordinates": [[141.79711498565808, 55.26437037241328], [141.81105747870038, 55.268398249273844]]}, "properties": {"source": "3070506", "target": "4158972"}}, {"type": "Feature", "geometry": {"type": "LineString", "coordinates": [[141.79711498565808, 55.26437037241328], [141.8411740476406, 55.28596520074548]]}, "properties": {"source": "3070506", "target": "645949"}}, {"type": "Feature", "geometry": {"type": "LineString", "coordinates": [[141.79711498565808, 55.26437037241328], [141.78133600349946, 55.274898503785536]]}, "properties": {"source": "3070506", "target": "2849323"}}, {"type": "Feature", "geometry": {"type": "LineString", "coordinates": [[141.79711498565808, 55.26437037241328], [141.83864305239496, 55.259811682267326]]}, "properties": {"source": "3070506", "target": "572751"}}, {"type": "Feature", "geometry": {"type": "LineString", "coordinates": [[141.79711498565808, 55.26437037241328], [141.82760841083655, 55.25961092029709]]}, "properties": {"source": "3070506", "target": "2744477"}}, {"type": "Feature", "geometry": {"type": "LineString", "coordinates": [[141.79711498565808, 55.26437037241328], [141.83097577666518, 55.28224918314592]]}, "properties": {"source": "3070506", "target": "2884174"}}, {"type": "Feature", "geometry": {"type": "LineString", "coordinates": [[141.79711498565808, 55.26437037241328], [141.77236082548296, 55.29070408133889]]}, "properties": {"source": "3070506", "target": "424927"}}, {"type": "Feature", "geometry": {"type": "LineString", "coordinates": [[141.81126845071793, 55.261000937750055], [141.76456995738255, 55.27263815646833]]}, "properties": {"source": "955696", "target": "824998"}}, {"type": "Feature", "geometry": {"type": "LineString", "coordinates": [[141.81126845071793, 55.261000937750055], [141.8411740476406, 55.28596520074548]]}, "properties": {"source": "955696", "target": "645949"}}, {"type": "Feature", "geometry": {"type": "LineString", "coordinates": [[141.81126845071793, 55.261000937750055], [141.82961842857094, 55.287605854611385]]}, "properties": {"source": "955696", "target": "8072237"}}, {"type": "Feature", "geometry": {"type": "LineString", "coordinates": [[141.81126845071793, 55.261000937750055], [141.7864829275931, 55.28762252032935]]}, "properties": {"source": "955696", "target": "998869"}}, {"type": "Feature", "geometry": {"type": "LineString", "coordinates": [[141.81126845071793, 55.261000937750055], [141.8342981162565, 55.278140891459955]]}, "properties": {"source": "955696", "target": "7065312"}}, {"type": "Feature", "geometry": {"type": "LineString", "coordinates": [[141.81126845071793, 55.261000937750055], [141.83214328464197, 55.26238148744372]]}, "properties": {"source": "955696", "target": "6669681"}}, {"type": "Feature", "geometry": {"type": "LineString", "coordinates": [[141.81126845071793, 55.261000937750055], [141.8154304490974, 55.262444153109584]]}, "properties": {"source": "955696", "target": "8008152"}}, {"type": "Feature", "geometry": {"type": "LineString", "coordinates": [[141.7756381888359, 55.267666909396695], [141.82666279858626, 55.28628240240954]]}, "properties": {"source": "580385", "target": "1232601"}}, {"type": "Feature", "geometry": {"type": "LineString", "coordinates": [[141.7756381888359, 55.267666909396695], [141.86197638439728, 55.28817855814687]]}, "properties": {"source": "580385", "target": "1056485"}}, {"type": "Feature", "geometry": {"type": "LineString", "coordinates": [[141.7756381888359, 55.267666909396695], [141.8319148415988, 55.26847270278107]]}, "properties": {"source": "580385", "target": "66355"}}, {"type": "Feature", "geometry": {"type": "LineString", "coordinates": [[141.7756381888359, 55.267666909396695], [141.7887905254351, 55.25982155264592]]}, "properties": {"source": "580385", "target": "6613883"}}, {"type": "Feature", "geometry": {"type": "LineString", "coordinates": [[141.7756381888359, 55.267666909396695], [141.82985170687328, 55.28467676762966]]}, "properties": {"source": "580385", "target": "5417628"}}, {"type": "Feature", "geometry": {"type": "LineString", "coordinates": [[141.7756381888359, 55.267666909396695], [141.81925663860426, 55.26304047298434]]}, "properties": {"source": "580385", "target": "6619631"}}, {"type": "Feature", "geometry": {"type": "LineString", "coordinates": [[141.7756381888359, 55.267666909396695], [141.82865805183337, 55.26391229078369]]}, "properties": {"source": "580385", "target": "550142"}}, {"type": "Feature", "geometry": {"type": "LineString", "coordinates": [[141.8537614823823, 55.259736371188296], [141.85403683770397, 55.28909126728978]]}, "properties": {"source": "10996474", "target": "1733621"}}, {"type": "Feature", "geometry": {"type": "LineString", "coordinates": [[141.8537614823823, 55.259736371188296], [141.791495000061, 55.27161938684216]]}, "properties": {"source": "10996474", "target": "22567980"}}, {"type": "Feature", "geometry": {"type": "LineString", "coordinates": [[141.8537614823823, 55.259736371188296], [141.7893411644576, 55.2666992900011]]}, "properties": {"source": "10996474", "target": "19324908"}}, {"type": "Feature", "geometry": {"type": "LineString", "coordinates": [[141.8537614823823, 55.259736371188296], [141.8007198807145, 55.27161429268848]]}, "properties": {"source": "10996474", "target": "6570588"}}, {"type": "Feature", "geometry": {"type": "LineString", "coordinates": [[141.8537614823823, 55.259736371188296], [141.85894327523692, 55.263739521883934]]}, "properties": {"source": "10996474", "target": "11512221"}}, {"type": "Feature", "geometry": {"type": "LineString", "coordinates": [[141.8537614823823, 55.259736371188296], [141.849586201352, 55.27684324021098]]}, "properties": {"source": "10996474", "target": "6946193"}}, {"type": "Feature", "geometry": {"type": "LineString", "coordinates": [[141.8537614823823, 55.259736371188296], [141.83609031716196, 55.27082209017604]]}, "properties": {"source": "10996474", "target": "14948638"}}, {"type": "Feature", "geometry": {"type": "LineString", "coordinates": [[141.8537614823823, 55.259736371188296], [141.817966532946, 55.284664715431006]]}, "properties": {"source": "10996474", "target": "109795"}}, {"type": "Feature", "geometry": {"type": "LineString", "coordinates": [[141.8537614823823, 55.259736371188296], [141.78725236826563, 55.27462037572376]]}, "properties": {"source": "10996474", "target": "10362400"}}, {"type": "Feature", "geometry": {"type": "LineString", "coordinates": [[141.83764698600748, 55.26001480408837], [141.77268199460298, 55.28855774650408]]}, "properties": {"source": "2983189", "target": "10866608"}}, {"type": "Feature", "geometry": {"type": "LineString", "coordinates": [[141.83764698600748, 55.26001480408837], [141.79964530632242, 55.28268064084912]]}, "properties": {"source": "2983189", "target": "362009"}}, {"type": "Feature", "geometry": {"type": "LineString", "coordinates": [[141.82427388039622, 55.262531704913684], [141.83525444923282, 55.28046717950575]]}, "properties": {"source": "24693132", "target": "18723398"}}, {"type": "Feature", "geometry": {"type": "LineString", "coordinates": [[141.82427388039622, 55.262531704913684], [141.81169014306295, 55.28872619088408]]}, "properties": {"source": "24693132", "target": "18406319"}}, {"type": "Feature", "geometry": {"type": "LineString", "coordinates": [[141.82427388039622, 55.262531704913684], [141.82695612114583, 55.27108388687009]]}, "properties": {"source": "24693132", "target": "21998391"}}, {"type": "Feature", "geometry": {"type": "LineString", "coordinates": [[141.82427388039622, 55.262531704913684], [141.8161821543884, 55.278800411292934]]}, "properties": {"source": "24693132", "target": "22111275"}}, {"type": "Feature", "geometry": {"type": "LineString", "coordinates": [[141.82427388039622, 55.262531704913684], [141.77360917876746, 55.270020483090335]]}, "properties": {"source": "24693132", "target": "25241806"}}, {"type": "Feature", "geometry": {"type": "LineString", "coordinates": [[141.81169014306295, 55.28872619088408], [141.83525444923282, 55.28046717950575]]}, "properties": {"source": "18406319", "target": "18723398"}}, {"type": "Feature", "geometry": {"type": "LineString", "coordinates": [[141.81169014306295, 55.28872619088408], [141.82695612114583, 55.27108388687009]]}, "properties": {"source": "18406319", "target": "21998391"}}, {"type": "Feature", "geometry": {"type": "LineString", "coordinates": [[141.77588320418772, 55.26653194910298], [141.81087296118346, 55.27011692107098]]}, "properties": {"source": "3079814", "target": "2660819"}}, {"type": "Feature", "geometry": {"type": "LineString", "coordinates": [[141.77588320418772, 55.26653194910298], [141.82792733920053, 55.286711121412736]]}, "properties": {"source": "3079814", "target": "28604397"}}, {"type": "Feature", "geometry": {"type": "LineString", "coordinates": [[141.82270742822215, 55.26039540090851], [141.84065035763575, 55.27287098875992]]}, "properties": {"source": "3445198", "target": "3696304"}}, {"type": "Feature", "geometry": {"type": "LineString", "coordinates": [[141.82270742822215, 55.26039540090851], [141.78577155893265, 55.280632053155685]]}, "properties": {"source": "3445198", "target": "4167757"}}, {"type": "Feature", "geometry": {"type": "LineString", "coordinates": [[141.82270742822215, 55.26039540090851], [141.78871751820884, 55.290182740000574]]}, "properties": {"source": "3445198", "target": "1127069"}}, {"type": "Feature", "geometry": {"type": "LineString", "coordinates": [[141.82270742822215, 55.26039540090851], [141.8332309733339, 55.2834892532417]]}, "properties": {"source": "3445198", "target": "3233388"}}, {"type": "Feature", "geometry": {"type": "LineString", "coordinates": [[141.79402157850893, 55.28507681053115], [141.7966125261877, 55.272849828631436]]}, "properties": {"source": "86185", "target": "8594570"}}, {"type": "Feature", "geometry": {"type": "LineString", "coordinates": [[141.77236082548296, 55.29070408133889], [141.83864305239496, 55.259811682267326]]}, "properties": {"source": "424927", "target": "572751"}}, {"type": "Feature", "geometry": {"type": "LineString", "coordinates": [[141.77236082548296, 55.29070408133889], [141.81153084189026, 55.28146601058579]]}, "properties": {"source": "424927", "target": "5373323"}}, {"type": "Feature", "geometry": {"type": "LineString", "coordinates": [[141.83506323360007, 55.28810529603247], [141.81687824296404, 55.27930057459031]]}, "properties": {"source": "15931640", "target": "16156372"}}, {"type": "Feature", "geometry": {"type": "LineString", "coordinates": [[141.83506323360007, 55.28810529603247], [141.82172591910285, 55.27408752824891]]}, "properties": {"source": "15931640", "target": "17674605"}}, {"type": "Feature", "geometry": {"type": "LineString", "coordinates": [[141.83506323360007, 55.28810529603247], [141.82554704926764, 55.26523920171668]]}, "properties": {"source": "15931640", "target": "14059099"}}, {"type": "Feature", "geometry": {"type": "LineString", "coordinates": [[141.83506323360007, 55.28810529603247], [141.85450963655984, 55.27219547375742]]}, "properties": {"source": "15931640", "target": "15773846"}}, {"type": "Feature", "geometry": {"type": "LineString", "coordinates": [[141.84436528288006, 55.28149825589301], [141.82985170687328, 55.28467676762966]]}, "properties": {"source": "6049536", "target": "5417628"}}, {"type": "Feature", "geometry": {"type": "LineString", "coordinates": [[141.78339942679315, 55.269876421646856], [141.84436528288006, 55.28149825589301]]}, "properties": {"source": "6539567", "target": "6049536"}}, {"type": "Feature", "geometry": {"type": "LineString", "coordinates": [[141.78339942679315, 55.269876421646856], [141.8067269767252, 55.28854318331372]]}, "properties": {"source": "6539567", "target": "6908595"}}, {"type": "Feature", "geometry": {"type": "LineString", "coordinates": [[141.7730266860981, 55.26614232200738], [141.85466902086785, 55.26716877692583]]}, "properties": {"source": "2333421", "target": "1920643"}}, {"type": "Feature", "geometry": {"type": "LineString", "coordinates": [[141.81336251672224, 55.28074920039681], [141.7910324609325, 55.28110164136373]]}, "properties": {"source": "19245438", "target": "19991193"}}, {"type": "Feature", "geometry": {"type": "LineString", "coordinates": [[141.81336251672224, 55.28074920039681], [141.82529296754393, 55.288941286233566]]}, "properties": {"source": "19245438", "target": "18873977"}}, {"type": "Feature", "geometry": {"type": "LineString", "coordinates": [[141.81336251672224, 55.28074920039681], [141.8176178111446, 55.2766126619547]]}, "properties": {"source": "19245438", "target": "2237043"}}, {"type": "Feature", "geometry": {"type": "LineString", "coordinates": [[141.81336251672224, 55.28074920039681], [141.83410596789514, 55.281026087809764]]}, "properties": {"source": "19245438", "target": "2221419"}}, {"type": "Feature", "geometry": {"type": "LineString", "coordinates": [[141.81336251672224, 55.28074920039681], [141.8183982300523, 55.27906928690723]]}, "properties": {"source": "19245438", "target": "124839"}}, {"type": "Feature", "geometry": {"type": "LineString", "coordinates": [[141.81336251672224, 55.28074920039681], [141.77630224528087, 55.275750021070124]]}, "properties": {"source": "19245438", "target": "20839195"}}, {"type": "Feature", "geometry": {"type": "LineString", "coordinates": [[141.8094071657145, 55.269259451725674], [141.8403099760243, 55.26577013431485]]}, "properties": {"source": "9851665", "target": "9176304"}}, {"type": "Feature", "geometry": {"type": "LineString", "coordinates": [[141.7893411644576, 55.2666992900011], [141.778220367576, 55.26627602937907]]}, "properties": {"source": "19324908", "target": "19418072"}}, {"type": "Feature", "geometry": {"type": "LineString", "coordinates": [[141.7893411644576, 55.2666992900011], [141.85010002157492, 55.25987657538606]]}, "properties": {"source": "19324908", "target": "18886993"}}, {"type": "Feature", "geometry": {"type": "LineString", "coordinates": [[141.7893411644576, 55.2666992900011], [141.7661663252823, 55.28830330954463]]}, "properties": {"source": "19324908", "target": "19171814"}}, {"type": "Feature", "geometry": {"type": "LineString", "coordinates": [[141.83097577666518, 55.28224918314592], [141.83852937157678, 55.27157343917109]]}, "properties": {"source": "2884174", "target": "3872106"}}, {"type": "Feature", "geometry": {"type": "LineString", "coordinates": [[141.83097577666518, 55.28224918314592], [141.81105747870038, 55.268398249273844]]}, "properties": {"source": "2884174", "target": "4158972"}}, {"type": "Feature", "geometry": {"type": "LineString", "coordinates": [[141.83097577666518, 55.28224918314592], [141.78334100258553, 55.26197614578261]]}, "properties": {"source": "2884174", "target": "25967954"}}, {"type": "Feature", "geometry": {"type": "LineString", "coordinates": [[141.83097577666518, 55.28224918314592], [141.8411740476406, 55.28596520074548]]}, "properties": {"source": "2884174", "target": "645949"}}, {"type": "Feature", "geometry": {"type": "LineString", "coordinates": [[141.83097577666518, 55.28224918314592], [141.84149201900016, 55.282169146200815]]}, "properties": {"source": "2884174", "target": "25571895"}}, {"type": "Feature", "geometry": {"type": "LineString", "coordinates": [[141.76589416727836, 55.27064876850346], [141.79889078590986, 55.26166710759864]]}, "properties": {"source": "15706861", "target": "12405872"}}, {"type": "Feature", "geometry": {"type": "LineString", "coordinates": [[141.78125045216484, 55.2639279030478], [141.81087296118346, 55.27011692107098]]}, "properties": {"source": "25852892", "target": "2660819"}}, {"type": "Feature", "geometry": {"type": "LineString", "coordinates": [[141.78125045216484, 55.2639279030478], [141.78645716130666, 55.26379434535329]]}, "properties": {"source": "25852892", "target": "2414696"}}, {"type": "Feature", "geometry": {"type": "LineString", "coordinates": [[141.8250331385421, 55.258936090648675], [141.83852937157678, 55.27157343917109]]}, "properties": {"source": "1371802", "target": "3872106"}}, {"type": "Feature", "geometry": {"type": "LineString", "coordinates": [[141.8250331385421, 55.258936090648675], [141.81105747870038, 55.268398249273844]]}, "properties": {"source": "1371802", "target": "4158972"}}, {"type": "Feature", "geometry": {"type": "LineString", "coordinates": [[141.84544987961038, 55.26062195504565], [141.83852937157678, 55.27157343917109]]}, "properties": {"source": "1091734", "target": "3872106"}}, {"type": "Feature", "geometry": {"type": "LineString", "coordinates": [[141.78333301886613, 55.271948124835305], [141.81675078234582, 55.26968904455447]]}, "properties": {"source": "25394054", "target": "25817486"}}, {"type": "Feature", "geometry": {"type": "LineString", "coordinates": [[141.86197638439728, 55.28817855814687], [141.7966125261877, 55.272849828631436]]}, "properties": {"source": "1056485", "target": "8594570"}}, {"type": "Feature", "geometry": {"type": "LineString", "coordinates": [[141.86197638439728, 55.28817855814687], [141.82985170687328, 55.28467676762966]]}, "properties": {"source": "1056485", "target": "5417628"}}, {"type": "Feature", "geometry": {"type": "LineString", "coordinates": [[141.8313018527877, 55.27464351037101], [141.83852937157678, 55.27157343917109]]}, "properties": {"source": "1250206", "target": "3872106"}}, {"type": "Feature", "geometry": {"type": "LineString", "coordinates": [[141.77012610633, 55.267835594074285], [141.84149201900016, 55.282169146200815]]}, "properties": {"source": "2226058", "target": "25571895"}}, {"type": "Feature", "geometry": {"type": "LineString", "coordinates": [[141.77461279356538, 55.2742803567254], [141.83852937157678, 55.27157343917109]]}, "properties": {"source": "3050585", "target": "3872106"}}, {"type": "Feature", "geometry": {"type": "LineString", "coordinates": [[141.77461279356538, 55.2742803567254], [141.76968527666503, 55.287511299100956]]}, "properties": {"source": "3050585", "target": "26651917"}}, {"type": "Feature", "geometry": {"type": "LineString", "coordinates": [[141.77461279356538, 55.2742803567254], [141.79475191437166, 55.271395493498346]]}, "properties": {"source": "3050585", "target": "26859062"}}, {"type": "Feature", "geometry": {"type": "LineString", "coordinates": [[141.77461279356538, 55.2742803567254], [141.7982561648946, 55.2581741170482]]}, "properties": {"source": "3050585", "target": "378266"}}, {"type": "Feature", "geometry": {"type": "LineString", "coordinates": [[141.77461279356538, 55.2742803567254], [141.81662013704204, 55.28960526414036]]}, "properties": {"source": "3050585", "target": "3507676"}}, {"type": "Feature", "geometry": {"type": "LineString", "coordinates": [[141.8094071657145, 55.269259451725674], [141.81126845071793, 55.261000937750055]]}, "properties": {"source": "9851665", "target": "955696"}}, {"type": "Feature", "geometry": {"type": "LineString", "coordinates": [[141.8094071657145, 55.269259451725674], [141.7864829275931, 55.28762252032935]]}, "properties": {"source": "9851665", "target": "998869"}}, {"type": "Feature", "geometry": {"type": "LineString", "coordinates": [[141.8094071657145, 55.269259451725674], [141.8342981162565, 55.278140891459955]]}, "properties": {"source": "9851665", "target": "7065312"}}, {"type": "Feature", "geometry": {"type": "LineString", "coordinates": [[141.8094071657145, 55.269259451725674], [141.83214328464197, 55.26238148744372]]}, "properties": {"source": "9851665", "target": "6669681"}}, {"type": "Feature", "geometry": {"type": "LineString", "coordinates": [[141.8094071657145, 55.269259451725674], [141.8184561538347, 55.28790441525179]]}, "properties": {"source": "9851665", "target": "868271"}}, {"type": "Feature", "geometry": {"type": "LineString", "coordinates": [[141.8094071657145, 55.269259451725674], [141.8154304490974, 55.262444153109584]]}, "properties": {"source": "9851665", "target": "8008152"}}, {"type": "Feature", "geometry": {"type": "LineString", "coordinates": [[141.8094071657145, 55.269259451725674], [141.77573476608495, 55.28990709290818]]}, "properties": {"source": "9851665", "target": "887319"}}, {"type": "Feature", "geometry": {"type": "LineString", "coordinates": [[141.81968109227233, 55.266838319189205], [141.7832194996888, 55.26968202444543]]}, "properties": {"source": "18873839", "target": "1968203"}}, {"type": "Feature", "geometry": {"type": "LineString", "coordinates": [[141.81968109227233, 55.266838319189205], [141.80131506490886, 55.26835375414072]]}, "properties": {"source": "18873839", "target": "1212501"}}, {"type": "Feature", "geometry": {"type": "LineString", "coordinates": [[141.79486190131786, 55.259060464084484], [141.83852937157678, 55.27157343917109]]}, "properties": {"source": "1033318", "target": "3872106"}}, {"type": "Feature", "geometry": {"type": "LineString", "coordinates": [[141.79486190131786, 55.259060464084484], [141.79475191437166, 55.271395493498346]]}, "properties": {"source": "1033318", "target": "26859062"}}, {"type": "Feature", "geometry": {"type": "LineString", "coordinates": [[141.79486190131786, 55.259060464084484], [141.7910324609325, 55.28110164136373]]}, "properties": {"source": "1033318", "target": "19991193"}}, {"type": "Feature", "geometry": {"type": "LineString", "coordinates": [[141.80131506490886, 55.26835375414072], [141.7832194996888, 55.26968202444543]]}, "properties": {"source": "1212501", "target": "1968203"}}, {"type": "Feature", "geometry": {"type": "LineString", "coordinates": [[141.80131506490886, 55.26835375414072], [141.80621645648745, 55.28650062616693]]}, "properties": {"source": "1212501", "target": "11763415"}}, {"type": "Feature", "geometry": {"type": "LineString", "coordinates": [[141.76589416727836, 55.27064876850346], [141.78553500000658, 55.290188251093085]]}, "properties": {"source": "15706861", "target": "15931624"}}, {"type": "Feature", "geometry": {"type": "LineString", "coordinates": [[141.76589416727836, 55.27064876850346], [141.82554704926764, 55.26523920171668]]}, "properties": {"source": "15706861", "target": "14059099"}}, {"type": "Feature", "geometry": {"type": "LineString", "coordinates": [[141.83214328464197, 55.26238148744372], [141.82961842857094, 55.287605854611385]]}, "properties": {"source": "6669681", "target": "8072237"}}, {"type": "Feature", "geometry": {"type": "LineString", "coordinates": [[141.83214328464197, 55.26238148744372], [141.80690583592525, 55.27621674441387]]}, "properties": {"source": "6669681", "target": "625135"}}, {"type": "Feature", "geometry": {"type": "LineString", "coordinates": [[141.83867677029355, 55.25951433257271], [141.78371301130363, 55.290197019543825]]}, "properties": {"source": "731732", "target": "9562419"}}, {"type": "Feature", "geometry": {"type": "LineString", "coordinates": [[141.83867677029355, 55.25951433257271], [141.84436528288006, 55.28149825589301]]}, "properties": {"source": "731732", "target": "6049536"}}, {"type": "Feature", "geometry": {"type": "LineString", "coordinates": [[141.83867677029355, 55.25951433257271], [141.7966125261877, 55.272849828631436]]}, "properties": {"source": "731732", "target": "8594570"}}, {"type": "Feature", "geometry": {"type": "LineString", "coordinates": [[141.83867677029355, 55.25951433257271], [141.8067269767252, 55.28854318331372]]}, "properties": {"source": "731732", "target": "6908595"}}, {"type": "Feature", "geometry": {"type": "LineString", "coordinates": [[141.83867677029355, 55.25951433257271], [141.8319148415988, 55.26847270278107]]}, "properties": {"source": "731732", "target": "66355"}}, {"type": "Feature", "geometry": {"type": "LineString", "coordinates": [[141.83751093281018, 55.26076110235768], [141.81527539985774, 55.278084021213076]]}, "properties": {"source": "18742810", "target": "1114651"}}, {"type": "Feature", "geometry": {"type": "LineString", "coordinates": [[141.83751093281018, 55.26076110235768], [141.86110730135147, 55.28070801053542]]}, "properties": {"source": "18742810", "target": "13732476"}}, {"type": "Feature", "geometry": {"type": "LineString", "coordinates": [[141.80555590151943, 55.26660561909894], [141.844497768488, 55.28591133964696]]}, "properties": {"source": "3079674", "target": "18139930"}}, {"type": "Feature", "geometry": {"type": "LineString", "coordinates": [[141.80555590151943, 55.26660561909894], [141.79698765645196, 55.26812733437308]]}, "properties": {"source": "3079674", "target": "16862840"}}, {"type": "Feature", "geometry": {"type": "LineString", "coordinates": [[141.80555590151943, 55.26660561909894], [141.83884158653785, 55.26585553114715]]}, "properties": {"source": "3079674", "target": "15750598"}}, {"type": "Feature", "geometry": {"type": "LineString", "coordinates": [[141.80555590151943, 55.26660561909894], [141.84862924333072, 55.258437354976905]]}, "properties": {"source": "3079674", "target": "14059110"}}, {"type": "Feature", "geometry": {"type": "LineString", "coordinates": [[141.80555590151943, 55.26660561909894], [141.83033136376787, 55.26274335944811]]}, "properties": {"source": "3079674", "target": "302449"}}, {"type": "Feature", "geometry": {"type": "LineString", "coordinates": [[141.80555590151943, 55.26660561909894], [141.82172591910285, 55.27408752824891]]}, "properties": {"source": "3079674", "target": "17674605"}}, {"type": "Feature", "geometry": {"type": "LineString", "coordinates": [[141.80555590151943, 55.26660561909894], [141.82554704926764, 55.26523920171668]]}, "properties": {"source": "3079674", "target": "14059099"}}, {"type": "Feature", "geometry": {"type": "LineString", "coordinates": [[141.8173880018005, 55.25812053902382], [141.81662013704204, 55.28960526414036]]}, "properties": {"source": "13063204", "target": "3507676"}}, {"type": "Feature", "geometry": {"type": "LineString", "coordinates": [[141.8173880018005, 55.25812053902382], [141.7910324609325, 55.28110164136373]]}, "properties": {"source": "13063204", "target": "19991193"}}, {"type": "Feature", "geometry": {"type": "LineString", "coordinates": [[141.8173880018005, 55.25812053902382], [141.82529296754393, 55.288941286233566]]}, "properties": {"source": "13063204", "target": "18873977"}}, {"type": "Feature", "geometry": {"type": "LineString", "coordinates": [[141.8173880018005, 55.25812053902382], [141.85626031022338, 55.28229360009587]]}, "properties": {"source": "13063204", "target": "12412968"}}, {"type": "Feature", "geometry": {"type": "LineString", "coordinates": [[141.82736818003218, 55.260013804401254], [141.84436528288006, 55.28149825589301]]}, "properties": {"source": "739687", "target": "6049536"}}, {"type": "Feature", "geometry": {"type": "LineString", "coordinates": [[141.82736818003218, 55.260013804401254], [141.7966125261877, 55.272849828631436]]}, "properties": {"source": "739687", "target": "8594570"}}, {"type": "Feature", "geometry": {"type": "LineString", "coordinates": [[141.8519416068301, 55.27690285768152], [141.79470851682265, 55.271781802836415]]}, "properties": {"source": "18880669", "target": "18869237"}}, {"type": "Feature", "geometry": {"type": "LineString", "coordinates": [[141.76472422043844, 55.259963863468], [141.83852937157678, 55.27157343917109]]}, "properties": {"source": "10149554", "target": "3872106"}}, {"type": "Feature", "geometry": {"type": "LineString", "coordinates": [[141.76472422043844, 55.259963863468], [141.81105747870038, 55.268398249273844]]}, "properties": {"source": "10149554", "target": "4158972"}}, {"type": "Feature", "geometry": {"type": "LineString", "coordinates": [[141.7841628277605, 55.278963607663954], [141.83852937157678, 55.27157343917109]]}, "properties": {"source": "1385579", "target": "3872106"}}, {"type": "Feature", "geometry": {"type": "LineString", "coordinates": [[141.77937340159622, 55.28923935703513], [141.85010002157492, 55.25987657538606]]}, "properties": {"source": "16133971", "target": "18886993"}}, {"type": "Feature", "geometry": {"type": "LineString", "coordinates": [[141.79044207272761, 55.28977462969745], [141.8125903070495, 55.276857910230916]]}, "properties": {"source": "25779256", "target": "24964266"}}, {"type": "Feature", "geometry": {"type": "LineString", "coordinates": [[141.79044207272761, 55.28977462969745], [141.78125045216484, 55.2639279030478]]}, "properties": {"source": "25779256", "target": "25852892"}}, {"type": "Feature", "geometry": {"type": "LineString", "coordinates": [[141.79044207272761, 55.28977462969745], [141.81087296118346, 55.27011692107098]]}, "properties": {"source": "25779256", "target": "2660819"}}, {"type": "Feature", "geometry": {"type": "LineString", "coordinates": [[141.79044207272761, 55.28977462969745], [141.78373641322884, 55.265491577516315]]}, "properties": {"source": "25779256", "target": "2865684"}}, {"type": "Feature", "geometry": {"type": "LineString", "coordinates": [[141.79044207272761, 55.28977462969745], [141.82792733920053, 55.286711121412736]]}, "properties": {"source": "25779256", "target": "28604397"}}, {"type": "Feature", "geometry": {"type": "LineString", "coordinates": [[141.83751093281018, 55.26076110235768], [141.82554704926764, 55.26523920171668]]}, "properties": {"source": "18742810", "target": "14059099"}}, {"type": "Feature", "geometry": {"type": "LineString", "coordinates": [[141.83751093281018, 55.26076110235768], [141.80281390307027, 55.27999769083601]]}, "properties": {"source": "18742810", "target": "11066465"}}, {"type": "Feature", "geometry": {"type": "LineString", "coordinates": [[141.83751093281018, 55.26076110235768], [141.76589416727836, 55.27064876850346]]}, "properties": {"source": "18742810", "target": "15706861"}}, {"type": "Feature", "geometry": {"type": "LineString", "coordinates": [[141.83751093281018, 55.26076110235768], [141.8438417879534, 55.28733036447197]]}, "properties": {"source": "18742810", "target": "1317839"}}, {"type": "Feature", "geometry": {"type": "LineString", "coordinates": [[141.83751093281018, 55.26076110235768], [141.85450963655984, 55.27219547375742]]}, "properties": {"source": "18742810", "target": "15773846"}}, {"type": "Feature", "geometry": {"type": "LineString", "coordinates": [[141.83751093281018, 55.26076110235768], [141.80283045902758, 55.28718354361689]]}, "properties": {"source": "18742810", "target": "25614271"}}, {"type": "Feature", "geometry": {"type": "LineString", "coordinates": [[141.83751093281018, 55.26076110235768], [141.76739229196744, 55.2618834236342]]}, "properties": {"source": "18742810", "target": "11914150"}}, {"type": "Feature", "geometry": {"type": "LineString", "coordinates": [[141.77312897883002, 55.26667699769264], [141.7966125261877, 55.272849828631436]]}, "properties": {"source": "7948956", "target": "8594570"}}, {"type": "Feature", "geometry": {"type": "LineString", "coordinates": [[141.84065035763575, 55.27287098875992], [141.78577155893265, 55.280632053155685]]}, "properties": {"source": "3696304", "target": "4167757"}}, {"type": "Feature", "geometry": {"type": "LineString", "coordinates": [[141.84065035763575, 55.27287098875992], [141.8332309733339, 55.2834892532417]]}, "properties": {"source": "3696304", "target": "3233388"}}, {"type": "Feature", "geometry": {"type": "LineString", "coordinates": [[141.82108284338142, 55.28072506754843], [141.83525444923282, 55.28046717950575]]}, "properties": {"source": "25908964", "target": "18723398"}}, {"type": "Feature", "geometry": {"type": "LineString", "coordinates": [[141.81060451476037, 55.2897398135171], [141.83367990874098, 55.282792290954404]]}, "properties": {"source": "1608178", "target": "15705005"}}, {"type": "Feature", "geometry": {"type": "LineString", "coordinates": [[141.81060451476037, 55.2897398135171], [141.80076868938687, 55.26801264172403]]}, "properties": {"source": "1608178", "target": "22550246"}}, {"type": "Feature", "geometry": {"type": "LineString", "coordinates": [[141.78910445494074, 55.272387745652495], [141.77268199460298, 55.28855774650408]]}, "properties": {"source": "3278363", "target": "10866608"}}, {"type": "Feature", "geometry": {"type": "LineString", "coordinates": [[141.8109566141395, 55.27182840801683], [141.7966125261877, 55.272849828631436]]}, "properties": {"source": "847635", "target": "8594570"}}, {"type": "Feature", "geometry": {"type": "LineString", "coordinates": [[141.8433256605801, 55.26593299373988], [141.84873285636417, 55.27658058739661]]}, "properties": {"source": "3787961", "target": "17605454"}}, {"type": "Feature", "geometry": {"type": "LineString", "coordinates": [[141.849586201352, 55.27684324021098], [141.83273458821566, 55.26527134618665]]}, "properties": {"source": "6946193", "target": "12644323"}}, {"type": "Feature", "geometry": {"type": "LineString", "coordinates": [[141.849586201352, 55.27684324021098], [141.848546434865, 55.27536250886233]]}, "properties": {"source": "6946193", "target": "6649267"}}, {"type": "Feature", "geometry": {"type": "LineString", "coordinates": [[141.849586201352, 55.27684324021098], [141.84968804261774, 55.26187543829447]]}, "properties": {"source": "6946193", "target": "6280627"}}, {"type": "Feature", "geometry": {"type": "LineString", "coordinates": [[141.849586201352, 55.27684324021098], [141.7870600868061, 55.27704995137502]]}, "properties": {"source": "6946193", "target": "6397025"}}, {"type": "Feature", "geometry": {"type": "LineString", "coordinates": [[141.849586201352, 55.27684324021098], [141.79482998462947, 55.263713949709285]]}, "properties": {"source": "6946193", "target": "597926"}}, {"type": "Feature", "geometry": {"type": "LineString", "coordinates": [[141.85517864297702, 55.2684390054804], [141.83852937157678, 55.27157343917109]]}, "properties": {"source": "3158714", "target": "3872106"}}, {"type": "Feature", "geometry": {"type": "LineString", "coordinates": [[141.85517864297702, 55.2684390054804], [141.77847913862092, 55.26564035364474]]}, "properties": {"source": "3158714", "target": "38845"}}, {"type": "Feature", "geometry": {"type": "LineString", "coordinates": [[141.76843025192397, 55.25966385268987], [141.79475191437166, 55.271395493498346]]}, "properties": {"source": "2511700", "target": "26859062"}}, {"type": "Feature", "geometry": {"type": "LineString", "coordinates": [[141.76843025192397, 55.25966385268987], [141.84149201900016, 55.282169146200815]]}, "properties": {"source": "2511700", "target": "25571895"}}, {"type": "Feature", "geometry": {"type": "LineString", "coordinates": [[141.82695612114583, 55.27108388687009], [141.83525444923282, 55.28046717950575]]}, "properties": {"source": "21998391", "target": "18723398"}}, {"type": "Feature", "geometry": {"type": "LineString", "coordinates": [[141.82695612114583, 55.27108388687009], [141.8161821543884, 55.278800411292934]]}, "properties": {"source": "21998391", "target": "22111275"}}, {"type": "Feature", "geometry": {"type": "LineString", "coordinates": [[141.82695612114583, 55.27108388687009], [141.77360917876746, 55.270020483090335]]}, "properties": {"source": "21998391", "target": "25241806"}}, {"type": "Feature", "geometry": {"type": "LineString", "coordinates": [[141.769315231416, 55.267658088770006], [141.8004450768804, 55.27687456930893]]}, "properties": {"source": "25005607", "target": "25205355"}}, {"type": "Feature", "geometry": {"type": "LineString", "coordinates": [[141.83264316577436, 55.26067257966727], [141.78133600349946, 55.274898503785536]]}, "properties": {"source": "28442", "target": "2849323"}}, {"type": "Feature", "geometry": {"type": "LineString", "coordinates": [[141.83264316577436, 55.26067257966727], [141.79711498565808, 55.26437037241328]]}, "properties": {"source": "28442", "target": "3070506"}}, {"type": "Feature", "geometry": {"type": "LineString", "coordinates": [[141.83264316577436, 55.26067257966727], [141.79526142670687, 55.28808057599093]]}, "properties": {"source": "28442", "target": "27774481"}}, {"type": "Feature", "geometry": {"type": "LineString", "coordinates": [[141.77384620151673, 55.2677453977155], [141.78781734321052, 55.26668636028299]]}, "properties": {"source": "607241", "target": "2062468"}}, {"type": "Feature", "geometry": {"type": "LineString", "coordinates": [[141.79345863206544, 55.28207404833161], [141.81179457723778, 55.25876438659107]]}, "properties": {"source": "18660131", "target": "25816179"}}, {"type": "Feature", "geometry": {"type": "LineString", "coordinates": [[141.77980793648834, 55.274184196551246], [141.78645716130666, 55.26379434535329]]}, "properties": {"source": "3233570", "target": "2414696"}}, {"type": "Feature", "geometry": {"type": "LineString", "coordinates": [[141.81740314595766, 55.27018307441517], [141.76961960996562, 55.26569671866493]]}, "properties": {"source": "13536069", "target": "1629938"}}, {"type": "Feature", "geometry": {"type": "LineString", "coordinates": [[141.81740314595766, 55.27018307441517], [141.84324255304165, 55.271498707817386]]}, "properties": {"source": "13536069", "target": "2473475"}}, {"type": "Feature", "geometry": {"type": "LineString", "coordinates": [[141.79481333170025, 55.28277312535478], [141.79671814251583, 55.28208278183132]]}, "properties": {"source": "13375837", "target": "15731683"}}, {"type": "Feature", "geometry": {"type": "LineString", "coordinates": [[141.84114486043035, 55.28842998164495], [141.8111895780903, 55.27683076691429]]}, "properties": {"source": "582491", "target": "1047145"}}, {"type": "Feature", "geometry": {"type": "LineString", "coordinates": [[141.81397722163115, 55.258399592799236], [141.84149201900016, 55.282169146200815]]}, "properties": {"source": "25216133", "target": "25571895"}}, {"type": "Feature", "geometry": {"type": "LineString", "coordinates": [[141.81397722163115, 55.258399592799236], [141.8587957250552, 55.265389571267804]]}, "properties": {"source": "25216133", "target": "26641072"}}, {"type": "Feature", "geometry": {"type": "LineString", "coordinates": [[141.81397722163115, 55.258399592799236], [141.83410596789514, 55.281026087809764]]}, "properties": {"source": "25216133", "target": "2221419"}}, {"type": "Feature", "geometry": {"type": "LineString", "coordinates": [[141.81397722163115, 55.258399592799236], [141.8438849818839, 55.26621413901235]]}, "properties": {"source": "25216133", "target": "28006863"}}, {"type": "Feature", "geometry": {"type": "LineString", "coordinates": [[141.81397722163115, 55.258399592799236], [141.77630224528087, 55.275750021070124]]}, "properties": {"source": "25216133", "target": "20839195"}}, {"type": "Feature", "geometry": {"type": "LineString", "coordinates": [[141.81397722163115, 55.258399592799236], [141.77012610633, 55.267835594074285]]}, "properties": {"source": "25216133", "target": "2226058"}}, {"type": "Feature", "geometry": {"type": "LineString", "coordinates": [[141.81397722163115, 55.258399592799236], [141.85000517294645, 55.26946719242869]]}, "properties": {"source": "25216133", "target": "2169922"}}, {"type": "Feature", "geometry": {"type": "LineString", "coordinates": [[141.78360266252406, 55.27192757295681], [141.76456995738255, 55.27263815646833]]}, "properties": {"source": "868055", "target": "824998"}}, {"type": "Feature", "geometry": {"type": "LineString", "coordinates": [[141.78360266252406, 55.27192757295681], [141.8563193773137, 55.262632324937286]]}, "properties": {"source": "868055", "target": "847030"}}, {"type": "Feature", "geometry": {"type": "LineString", "coordinates": [[141.82801225251575, 55.25868726923932], [141.8411740476406, 55.28596520074548]]}, "properties": {"source": "7078907", "target": "645949"}}, {"type": "Feature", "geometry": {"type": "LineString", "coordinates": [[141.82801225251575, 55.25868726923932], [141.8563193773137, 55.262632324937286]]}, "properties": {"source": "7078907", "target": "847030"}}, {"type": "Feature", "geometry": {"type": "LineString", "coordinates": [[141.82801225251575, 55.25868726923932], [141.82961842857094, 55.287605854611385]]}, "properties": {"source": "7078907", "target": "8072237"}}, {"type": "Feature", "geometry": {"type": "LineString", "coordinates": [[141.82801225251575, 55.25868726923932], [141.81126845071793, 55.261000937750055]]}, "properties": {"source": "7078907", "target": "955696"}}, {"type": "Feature", "geometry": {"type": "LineString", "coordinates": [[141.82801225251575, 55.25868726923932], [141.8094071657145, 55.269259451725674]]}, "properties": {"source": "7078907", "target": "9851665"}}, {"type": "Feature", "geometry": {"type": "LineString", "coordinates": [[141.82801225251575, 55.25868726923932], [141.79711498565808, 55.26437037241328]]}, "properties": {"source": "7078907", "target": "3070506"}}, {"type": "Feature", "geometry": {"type": "LineString", "coordinates": [[141.82801225251575, 55.25868726923932], [141.77236082548296, 55.29070408133889]]}, "properties": {"source": "7078907", "target": "424927"}}, {"type": "Feature", "geometry": {"type": "LineString", "coordinates": [[141.81126845071793, 55.261000937750055], [141.77573476608495, 55.28990709290818]]}, "properties": {"source": "955696", "target": "887319"}}, {"type": "Feature", "geometry": {"type": "LineString", "coordinates": [[141.81126845071793, 55.261000937750055], [141.8403099760243, 55.26577013431485]]}, "properties": {"source": "955696", "target": "9176304"}}, {"type": "Feature", "geometry": {"type": "LineString", "coordinates": [[141.83864305239496, 55.259811682267326], [141.81105747870038, 55.268398249273844]]}, "properties": {"source": "572751", "target": "4158972"}}, {"type": "Feature", "geometry": {"type": "LineString", "coordinates": [[141.83864305239496, 55.259811682267326], [141.8411740476406, 55.28596520074548]]}, "properties": {"source": "572751", "target": "645949"}}, {"type": "Feature", "geometry": {"type": "LineString", "coordinates": [[141.82529296754393, 55.288941286233566], [141.8313018527877, 55.27464351037101]]}, "properties": {"source": "18873977", "target": "1250206"}}, {"type": "Feature", "geometry": {"type": "LineString", "coordinates": [[141.82529296754393, 55.288941286233566], [141.7841628277605, 55.278963607663954]]}, "properties": {"source": "18873977", "target": "1385579"}}, {"type": "Feature", "geometry": {"type": "LineString", "coordinates": [[141.82529296754393, 55.288941286233566], [141.79486190131786, 55.259060464084484]]}, "properties": {"source": "18873977", "target": "1033318"}}, {"type": "Feature", "geometry": {"type": "LineString", "coordinates": [[141.82529296754393, 55.288941286233566], [141.80968838402578, 55.26490052440657]]}, "properties": {"source": "18873977", "target": "10322733"}}, {"type": "Feature", "geometry": {"type": "LineString", "coordinates": [[141.82529296754393, 55.288941286233566], [141.80970697282356, 55.269333759448784]]}, "properties": {"source": "18873977", "target": "1871377"}}, {"type": "Feature", "geometry": {"type": "LineString", "coordinates": [[141.78868072868465, 55.280278760982554], [141.77012610633, 55.267835594074285]]}, "properties": {"source": "23617060", "target": "2226058"}}, {"type": "Feature", "geometry": {"type": "LineString", "coordinates": [[141.78868072868465, 55.280278760982554], [141.78911239703547, 55.26377067530542]]}, "properties": {"source": "23617060", "target": "1962751"}}, {"type": "Feature", "geometry": {"type": "LineString", "coordinates": [[141.78868072868465, 55.280278760982554], [141.81636209781192, 55.27261465262421]]}, "properties": {"source": "23617060", "target": "21981675"}}, {"type": "Feature", "geometry": {"type": "LineString", "coordinates": [[141.84862924333072, 55.258437354976905], [141.78553500000658, 55.290188251093085]]}, "properties": {"source": "14059110", "target": "15931624"}}, {"type": "Feature", "geometry": {"type": "LineString", "coordinates": [[141.84862924333072, 55.258437354976905], [141.83506323360007, 55.28810529603247]]}, "properties": {"source": "14059110", "target": "15931640"}}, {"type": "Feature", "geometry": {"type": "LineString", "coordinates": [[141.84862924333072, 55.258437354976905], [141.83884158653785, 55.26585553114715]]}, "properties": {"source": "14059110", "target": "15750598"}}, {"type": "Feature", "geometry": {"type": "LineString", "coordinates": [[141.84862924333072, 55.258437354976905], [141.82554704926764, 55.26523920171668]]}, "properties": {"source": "14059110", "target": "14059099"}}, {"type": "Feature", "geometry": {"type": "LineString", "coordinates": [[141.85517864297702, 55.2684390054804], [141.82503449063552, 55.26728977127688]]}, "properties": {"source": "3158714", "target": "5118485"}}, {"type": "Feature", "geometry": {"type": "LineString", "coordinates": [[141.85517864297702, 55.2684390054804], [141.81105747870038, 55.268398249273844]]}, "properties": {"source": "3158714", "target": "4158972"}}, {"type": "Feature", "geometry": {"type": "LineString", "coordinates": [[141.85517864297702, 55.2684390054804], [141.8411740476406, 55.28596520074548]]}, "properties": {"source": "3158714", "target": "645949"}}, {"type": "Feature", "geometry": {"type": "LineString", "coordinates": [[141.85517864297702, 55.2684390054804], [141.78133600349946, 55.274898503785536]]}, "properties": {"source": "3158714", "target": "2849323"}}, {"type": "Feature", "geometry": {"type": "LineString", "coordinates": [[141.85517864297702, 55.2684390054804], [141.83864305239496, 55.259811682267326]]}, "properties": {"source": "3158714", "target": "572751"}}, {"type": "Feature", "geometry": {"type": "LineString", "coordinates": [[141.85517864297702, 55.2684390054804], [141.83097577666518, 55.28224918314592]]}, "properties": {"source": "3158714", "target": "2884174"}}, {"type": "Feature", "geometry": {"type": "LineString", "coordinates": [[141.85517864297702, 55.2684390054804], [141.82801225251575, 55.25868726923932]]}, "properties": {"source": "3158714", "target": "7078907"}}, {"type": "Feature", "geometry": {"type": "LineString", "coordinates": [[141.85517864297702, 55.2684390054804], [141.79711498565808, 55.26437037241328]]}, "properties": {"source": "3158714", "target": "3070506"}}, {"type": "Feature", "geometry": {"type": "LineString", "coordinates": [[141.85517864297702, 55.2684390054804], [141.77236082548296, 55.29070408133889]]}, "properties": {"source": "3158714", "target": "424927"}}, {"type": "Feature", "geometry": {"type": "LineString", "coordinates": [[141.78371301130363, 55.290197019543825], [141.83014579735368, 55.27975968022277]]}, "properties": {"source": "9562419", "target": "13237720"}}, {"type": "Feature", "geometry": {"type": "LineString", "coordinates": [[141.77236082548296, 55.29070408133889], [141.83852937157678, 55.27157343917109]]}, "properties": {"source": "424927", "target": "3872106"}}, {"type": "Feature", "geometry": {"type": "LineString", "coordinates": [[141.77236082548296, 55.29070408133889], [141.81105747870038, 55.268398249273844]]}, "properties": {"source": "424927", "target": "4158972"}}, {"type": "Feature", "geometry": {"type": "LineString", "coordinates": [[141.77236082548296, 55.29070408133889], [141.76456995738255, 55.27263815646833]]}, "properties": {"source": "424927", "target": "824998"}}, {"type": "Feature", "geometry": {"type": "LineString", "coordinates": [[141.77236082548296, 55.29070408133889], [141.8411740476406, 55.28596520074548]]}, "properties": {"source": "424927", "target": "645949"}}, {"type": "Feature", "geometry": {"type": "LineString", "coordinates": [[141.77236082548296, 55.29070408133889], [141.8563193773137, 55.262632324937286]]}, "properties": {"source": "424927", "target": "847030"}}, {"type": "Feature", "geometry": {"type": "LineString", "coordinates": [[141.77236082548296, 55.29070408133889], [141.82961842857094, 55.287605854611385]]}, "properties": {"source": "424927", "target": "8072237"}}, {"type": "Feature", "geometry": {"type": "LineString", "coordinates": [[141.78725236826563, 55.27462037572376], [141.85403683770397, 55.28909126728978]]}, "properties": {"source": "10362400", "target": "1733621"}}, {"type": "Feature", "geometry": {"type": "LineString", "coordinates": [[141.78725236826563, 55.27462037572376], [141.7893411644576, 55.2666992900011]]}, "properties": {"source": "10362400", "target": "19324908"}}, {"type": "Feature", "geometry": {"type": "LineString", "coordinates": [[141.78725236826563, 55.27462037572376], [141.8007198807145, 55.27161429268848]]}, "properties": {"source": "10362400", "target": "6570588"}}, {"type": "Feature", "geometry": {"type": "LineString", "coordinates": [[141.78725236826563, 55.27462037572376], [141.85894327523692, 55.263739521883934]]}, "properties": {"source": "10362400", "target": "11512221"}}, {"type": "Feature", "geometry": {"type": "LineString", "coordinates": [[141.78725236826563, 55.27462037572376], [141.849586201352, 55.27684324021098]]}, "properties": {"source": "10362400", "target": "6946193"}}, {"type": "Feature", "geometry": {"type": "LineString", "coordinates": [[141.78725236826563, 55.27462037572376], [141.83609031716196, 55.27082209017604]]}, "properties": {"source": "10362400", "target": "14948638"}}, {"type": "Feature", "geometry": {"type": "LineString", "coordinates": [[141.8319148415988, 55.26847270278107], [141.84436528288006, 55.28149825589301]]}, "properties": {"source": "66355", "target": "6049536"}}, {"type": "Feature", "geometry": {"type": "LineString", "coordinates": [[141.8319148415988, 55.26847270278107], [141.7966125261877, 55.272849828631436]]}, "properties": {"source": "66355", "target": "8594570"}}, {"type": "Feature", "geometry": {"type": "LineString", "coordinates": [[141.83920141947362, 55.26238546647339], [141.8004450768804, 55.27687456930893]]}, "properties": {"source": "25324553", "target": "25205355"}}, {"type": "Feature", "geometry": {"type": "LineString", "coordinates": [[141.76456995738255, 55.27263815646833], [141.8250331385421, 55.258936090648675]]}, "properties": {"source": "824998", "target": "1371802"}}, {"type": "Feature", "geometry": {"type": "LineString", "coordinates": [[141.76456995738255, 55.27263815646833], [141.84544987961038, 55.26062195504565]]}, "properties": {"source": "824998", "target": "1091734"}}, {"type": "Feature", "geometry": {"type": "LineString", "coordinates": [[141.76456995738255, 55.27263815646833], [141.78416571796856, 55.258903529589816]]}, "properties": {"source": "824998", "target": "1031426"}}, {"type": "Feature", "geometry": {"type": "LineString", "coordinates": [[141.76456995738255, 55.27263815646833], [141.77573860099454, 55.25946987101332]]}, "properties": {"source": "824998", "target": "1301899"}}, {"type": "Feature", "geometry": {"type": "LineString", "coordinates": [[141.76456995738255, 55.27263815646833], [141.79390180157668, 55.28867078219366]]}, "properties": {"source": "824998", "target": "1532350"}}, {"type": "Feature", "geometry": {"type": "LineString", "coordinates": [[141.78334100258553, 55.26197614578261], [141.84149201900016, 55.282169146200815]]}, "properties": {"source": "25967954", "target": "25571895"}}, {"type": "Feature", "geometry": {"type": "LineString", "coordinates": [[141.78334100258553, 55.26197614578261], [141.7765598587115, 55.287059314219206]]}, "properties": {"source": "25967954", "target": "21523807"}}, {"type": "Feature", "geometry": {"type": "LineString", "coordinates": [[141.79484903968853, 55.28115741219496], [141.8033890222194, 55.282330213677184]]}, "properties": {"source": "27384816", "target": "33117854"}}, {"type": "Feature", "geometry": {"type": "LineString", "coordinates": [[141.79484903968853, 55.28115741219496], [141.85812392211665, 55.28624692999186]]}, "properties": {"source": "27384816", "target": "17558270"}}, {"type": "Feature", "geometry": {"type": "LineString", "coordinates": [[141.79484903968853, 55.28115741219496], [141.82513926980755, 55.276293407750956]]}, "properties": {"source": "27384816", "target": "18667073"}}, {"type": "Feature", "geometry": {"type": "LineString", "coordinates": [[141.79484903968853, 55.28115741219496], [141.8196649782327, 55.268810630639436]]}, "properties": {"source": "27384816", "target": "6584869"}}, {"type": "Feature", "geometry": {"type": "LineString", "coordinates": [[141.79484903968853, 55.28115741219496], [141.83478434383323, 55.26041542554641]]}, "properties": {"source": "27384816", "target": "23296449"}}, {"type": "Feature", "geometry": {"type": "LineString", "coordinates": [[141.79484903968853, 55.28115741219496], [141.79345863206544, 55.28207404833161]]}, "properties": {"source": "27384816", "target": "18660131"}}, {"type": "Feature", "geometry": {"type": "LineString", "coordinates": [[141.79484903968853, 55.28115741219496], [141.7975327339505, 55.28610084576836]]}, "properties": {"source": "27384816", "target": "18817337"}}, {"type": "Feature", "geometry": {"type": "LineString", "coordinates": [[141.8317059990958, 55.264434004012486], [141.76456995738255, 55.27263815646833]]}, "properties": {"source": "933871", "target": "824998"}}, {"type": "Feature", "geometry": {"type": "LineString", "coordinates": [[141.8317059990958, 55.264434004012486], [141.8411740476406, 55.28596520074548]]}, "properties": {"source": "933871", "target": "645949"}}, {"type": "Feature", "geometry": {"type": "LineString", "coordinates": [[141.8317059990958, 55.264434004012486], [141.8554907637149, 55.259343025219636]]}, "properties": {"source": "933871", "target": "8172361"}}, {"type": "Feature", "geometry": {"type": "LineString", "coordinates": [[141.8317059990958, 55.264434004012486], [141.8563193773137, 55.262632324937286]]}, "properties": {"source": "933871", "target": "847030"}}, {"type": "Feature", "geometry": {"type": "LineString", "coordinates": [[141.8317059990958, 55.264434004012486], [141.82961842857094, 55.287605854611385]]}, "properties": {"source": "933871", "target": "8072237"}}, {"type": "Feature", "geometry": {"type": "LineString", "coordinates": [[141.8317059990958, 55.264434004012486], [141.78418750469604, 55.263322498744216]]}, "properties": {"source": "933871", "target": "920220"}}, {"type": "Feature", "geometry": {"type": "LineString", "coordinates": [[141.8317059990958, 55.264434004012486], [141.81126845071793, 55.261000937750055]]}, "properties": {"source": "933871", "target": "955696"}}, {"type": "Feature", "geometry": {"type": "LineString", "coordinates": [[141.8317059990958, 55.264434004012486], [141.83864305239496, 55.259811682267326]]}, "properties": {"source": "933871", "target": "572751"}}, {"type": "Feature", "geometry": {"type": "LineString", "coordinates": [[141.8317059990958, 55.264434004012486], [141.8094071657145, 55.269259451725674]]}, "properties": {"source": "933871", "target": "9851665"}}, {"type": "Feature", "geometry": {"type": "LineString", "coordinates": [[141.86009454332304, 55.289698524143205], [141.83893436753175, 55.26952227685919]]}, "properties": {"source": "29844204", "target": "2562981"}}, {"type": "Feature", "geometry": {"type": "LineString", "coordinates": [[141.86009454332304, 55.289698524143205], [141.8411740476406, 55.28596520074548]]}, "properties": {"source": "29844204", "target": "645949"}}, {"type": "Feature", "geometry": {"type": "LineString", "coordinates": [[141.86009454332304, 55.289698524143205], [141.78488236534184, 55.27613012087964]]}, "properties": {"source": "29844204", "target": "1877658"}}, {"type": "Feature", "geometry": {"type": "LineString", "coordinates": [[141.86009454332304, 55.289698524143205], [141.78133600349946, 55.274898503785536]]}, "properties": {"source": "29844204", "target": "2849323"}}, {"type": "Feature", "geometry": {"type": "LineString", "coordinates": [[141.86009454332304, 55.289698524143205], [141.82760841083655, 55.25961092029709]]}, "properties": {"source": "29844204", "target": "2744477"}}, {"type": "Feature", "geometry": {"type": "LineString", "coordinates": [[141.86009454332304, 55.289698524143205], [141.83097577666518, 55.28224918314592]]}, "properties": {"source": "29844204", "target": "2884174"}}, {"type": "Feature", "geometry": {"type": "LineString", "coordinates": [[141.86009454332304, 55.289698524143205], [141.77498854763945, 55.26704380183038]]}, "properties": {"source": "29844204", "target": "2601871"}}, {"type": "Feature", "geometry": {"type": "LineString", "coordinates": [[141.86009454332304, 55.289698524143205], [141.7730266860981, 55.26614232200738]]}, "properties": {"source": "29844204", "target": "2333421"}}, {"type": "Feature", "geometry": {"type": "LineString", "coordinates": [[141.86009454332304, 55.289698524143205], [141.7832194996888, 55.26968202444543]]}, "properties": {"source": "29844204", "target": "1968203"}}, {"type": "Feature", "geometry": {"type": "LineString", "coordinates": [[141.81675078234582, 55.26968904455447], [141.83724697204696, 55.2787112940854]]}, "properties": {"source": "25817486", "target": "26827213"}}, {"type": "Feature", "geometry": {"type": "LineString", "coordinates": [[141.81675078234582, 55.26968904455447], [141.83057980608226, 55.27893059491136]]}, "properties": {"source": "25817486", "target": "25663771"}}, {"type": "Feature", "geometry": {"type": "LineString", "coordinates": [[141.81675078234582, 55.26968904455447], [141.78368405559212, 55.26640282498998]]}, "properties": {"source": "25817486", "target": "25335713"}}, {"type": "Feature", "geometry": {"type": "LineString", "coordinates": [[141.81397722163115, 55.258399592799236], [141.78334100258553, 55.26197614578261]]}, "properties": {"source": "25216133", "target": "25967954"}}, {"type": "Feature", "geometry": {"type": "LineString", "coordinates": [[141.81397722163115, 55.258399592799236], [141.76968527666503, 55.287511299100956]]}, "properties": {"source": "25216133", "target": "26651917"}}, {"type": "Feature", "geometry": {"type": "LineString", "coordinates": [[141.81397722163115, 55.258399592799236], [141.78017027785933, 55.266717974567555]]}, "properties": {"source": "25216133", "target": "24454511"}}, {"type": "Feature", "geometry": {"type": "LineString", "coordinates": [[141.81397722163115, 55.258399592799236], [141.79475191437166, 55.271395493498346]]}, "properties": {"source": "25216133", "target": "26859062"}}, {"type": "Feature", "geometry": {"type": "LineString", "coordinates": [[141.79402157850893, 55.28507681053115], [141.83704196049712, 55.28869310865048]]}, "properties": {"source": "86185", "target": "853858"}}, {"type": "Feature", "geometry": {"type": "LineString", "coordinates": [[141.8426735731627, 55.27032227031329], [141.82961842857094, 55.287605854611385]]}, "properties": {"source": "701866", "target": "8072237"}}, {"type": "Feature", "geometry": {"type": "LineString", "coordinates": [[141.8426735731627, 55.27032227031329], [141.82801225251575, 55.25868726923932]]}, "properties": {"source": "701866", "target": "7078907"}}, {"type": "Feature", "geometry": {"type": "LineString", "coordinates": [[141.8426735731627, 55.27032227031329], [141.8342981162565, 55.278140891459955]]}, "properties": {"source": "701866", "target": "7065312"}}, {"type": "Feature", "geometry": {"type": "LineString", "coordinates": [[141.8426735731627, 55.27032227031329], [141.8154304490974, 55.262444153109584]]}, "properties": {"source": "701866", "target": "8008152"}}, {"type": "Feature", "geometry": {"type": "LineString", "coordinates": [[141.76716297862964, 55.258959405249925], [141.76427560365937, 55.289812234444796]]}, "properties": {"source": "933562", "target": "8714689"}}, {"type": "Feature", "geometry": {"type": "LineString", "coordinates": [[141.76716297862964, 55.258959405249925], [141.78879226099605, 55.26997889229483]]}, "properties": {"source": "933562", "target": "997423"}}, {"type": "Feature", "geometry": {"type": "LineString", "coordinates": [[141.76716297862964, 55.258959405249925], [141.76922574838056, 55.26385931854469]]}, "properties": {"source": "933562", "target": "7158146"}}, {"type": "Feature", "geometry": {"type": "LineString", "coordinates": [[141.83041654088134, 55.265700783398884], [141.8403099760243, 55.26577013431485]]}, "properties": {"source": "18337430", "target": "9176304"}}, {"type": "Feature", "geometry": {"type": "LineString", "coordinates": [[141.7832194996888, 55.26968202444543], [141.78133600349946, 55.274898503785536]]}, "properties": {"source": "1968203", "target": "2849323"}}, {"type": "Feature", "geometry": {"type": "LineString", "coordinates": [[141.8007198807145, 55.27161429268848], [141.85894327523692, 55.263739521883934]]}, "properties": {"source": "6570588", "target": "11512221"}}, {"type": "Feature", "geometry": {"type": "LineString", "coordinates": [[141.8007198807145, 55.27161429268848], [141.7909833803571, 55.29028786238726]]}, "properties": {"source": "6570588", "target": "1143301"}}, {"type": "Feature", "geometry": {"type": "LineString", "coordinates": [[141.8007198807145, 55.27161429268848], [141.76508991626997, 55.26492530549402]]}, "properties": {"source": "6570588", "target": "6409406"}}, {"type": "Feature", "geometry": {"type": "LineString", "coordinates": [[141.8007198807145, 55.27161429268848], [141.84786813790055, 55.26774443870288]]}, "properties": {"source": "6570588", "target": "12611151"}}, {"type": "Feature", "geometry": {"type": "LineString", "coordinates": [[141.8007198807145, 55.27161429268848], [141.83273458821566, 55.26527134618665]]}, "properties": {"source": "6570588", "target": "12644323"}}, {"type": "Feature", "geometry": {"type": "LineString", "coordinates": [[141.8007198807145, 55.27161429268848], [141.84968804261774, 55.26187543829447]]}, "properties": {"source": "6570588", "target": "6280627"}}, {"type": "Feature", "geometry": {"type": "LineString", "coordinates": [[141.82760841083655, 55.25961092029709], [141.8411740476406, 55.28596520074548]]}, "properties": {"source": "2744477", "target": "645949"}}, {"type": "Feature", "geometry": {"type": "LineString", "coordinates": [[141.82760841083655, 55.25961092029709], [141.78133600349946, 55.274898503785536]]}, "properties": {"source": "2744477", "target": "2849323"}}, {"type": "Feature", "geometry": {"type": "LineString", "coordinates": [[141.82760841083655, 55.25961092029709], [141.7832194996888, 55.26968202444543]]}, "properties": {"source": "2744477", "target": "1968203"}}, {"type": "Feature", "geometry": {"type": "LineString", "coordinates": [[141.79493402086717, 55.2834833642966], [141.83751093281018, 55.26076110235768]]}, "properties": {"source": "15831283", "target": "18742810"}}, {"type": "Feature", "geometry": {"type": "LineString", "coordinates": [[141.79493402086717, 55.2834833642966], [141.80555590151943, 55.26660561909894]]}, "properties": {"source": "15831283", "target": "3079674"}}, {"type": "Feature", "geometry": {"type": "LineString", "coordinates": [[141.79493402086717, 55.2834833642966], [141.78553500000658, 55.290188251093085]]}, "properties": {"source": "15831283", "target": "15931624"}}, {"type": "Feature", "geometry": {"type": "LineString", "coordinates": [[141.79493402086717, 55.2834833642966], [141.83506323360007, 55.28810529603247]]}, "properties": {"source": "15831283", "target": "15931640"}}, {"type": "Feature", "geometry": {"type": "LineString", "coordinates": [[141.79493402086717, 55.2834833642966], [141.844497768488, 55.28591133964696]]}, "properties": {"source": "15831283", "target": "18139930"}}, {"type": "Feature", "geometry": {"type": "LineString", "coordinates": [[141.79493402086717, 55.2834833642966], [141.83922691945247, 55.260679535878154]]}, "properties": {"source": "15831283", "target": "16108157"}}, {"type": "Feature", "geometry": {"type": "LineString", "coordinates": [[141.85517864297702, 55.2684390054804], [141.81153084189026, 55.28146601058579]]}, "properties": {"source": "3158714", "target": "5373323"}}, {"type": "Feature", "geometry": {"type": "LineString", "coordinates": [[141.85517864297702, 55.2684390054804], [141.83264316577436, 55.26067257966727]]}, "properties": {"source": "3158714", "target": "28442"}}, {"type": "Feature", "geometry": {"type": "LineString", "coordinates": [[141.83609031716196, 55.27082209017604], [141.85894327523692, 55.263739521883934]]}, "properties": {"source": "14948638", "target": "11512221"}}, {"type": "Feature", "geometry": {"type": "LineString", "coordinates": [[141.83609031716196, 55.27082209017604], [141.7909833803571, 55.29028786238726]]}, "properties": {"source": "14948638", "target": "1143301"}}, {"type": "Feature", "geometry": {"type": "LineString", "coordinates": [[141.83609031716196, 55.27082209017604], [141.8560538306811, 55.28291760037632]]}, "properties": {"source": "14948638", "target": "168328"}}, {"type": "Feature", "geometry": {"type": "LineString", "coordinates": [[141.83609031716196, 55.27082209017604], [141.77937340159622, 55.28923935703513]]}, "properties": {"source": "14948638", "target": "16133971"}}, {"type": "Feature", "geometry": {"type": "LineString", "coordinates": [[141.83609031716196, 55.27082209017604], [141.84786813790055, 55.26774443870288]]}, "properties": {"source": "14948638", "target": "12611151"}}, {"type": "Feature", "geometry": {"type": "LineString", "coordinates": [[141.8438849818839, 55.26621413901235], [141.84149201900016, 55.282169146200815]]}, "properties": {"source": "28006863", "target": "25571895"}}, {"type": "Feature", "geometry": {"type": "LineString", "coordinates": [[141.8438849818839, 55.26621413901235], [141.8587957250552, 55.265389571267804]]}, "properties": {"source": "28006863", "target": "26641072"}}, {"type": "Feature", "geometry": {"type": "LineString", "coordinates": [[141.8438849818839, 55.26621413901235], [141.83097577666518, 55.28224918314592]]}, "properties": {"source": "28006863", "target": "2884174"}}, {"type": "Feature", "geometry": {"type": "LineString", "coordinates": [[141.8438849818839, 55.26621413901235], [141.85940263047837, 55.28513261789219]]}, "properties": {"source": "28006863", "target": "25402257"}}, {"type": "Feature", "geometry": {"type": "LineString", "coordinates": [[141.8438849818839, 55.26621413901235], [141.85979820411308, 55.28946194053479]]}, "properties": {"source": "28006863", "target": "2583623"}}, {"type": "Feature", "geometry": {"type": "LineString", "coordinates": [[141.8184561538347, 55.28790441525179], [141.76456995738255, 55.27263815646833]]}, "properties": {"source": "868271", "target": "824998"}}, {"type": "Feature", "geometry": {"type": "LineString", "coordinates": [[141.8184561538347, 55.28790441525179], [141.8563193773137, 55.262632324937286]]}, "properties": {"source": "868271", "target": "847030"}}, {"type": "Feature", "geometry": {"type": "LineString", "coordinates": [[141.8184561538347, 55.28790441525179], [141.81126845071793, 55.261000937750055]]}, "properties": {"source": "868271", "target": "955696"}}, {"type": "Feature", "geometry": {"type": "LineString", "coordinates": [[141.8184561538347, 55.28790441525179], [141.7864829275931, 55.28762252032935]]}, "properties": {"source": "868271", "target": "998869"}}, {"type": "Feature", "geometry": {"type": "LineString", "coordinates": [[141.76968527666503, 55.287511299100956], [141.79486190131786, 55.259060464084484]]}, "properties": {"source": "26651917", "target": "1033318"}}, {"type": "Feature", "geometry": {"type": "LineString", "coordinates": [[141.76968527666503, 55.287511299100956], [141.85940263047837, 55.28513261789219]]}, "properties": {"source": "26651917", "target": "25402257"}}, {"type": "Feature", "geometry": {"type": "LineString", "coordinates": [[141.76968527666503, 55.287511299100956], [141.8173880018005, 55.25812053902382]]}, "properties": {"source": "26651917", "target": "13063204"}}, {"type": "Feature", "geometry": {"type": "LineString", "coordinates": [[141.76968527666503, 55.287511299100956], [141.76843025192397, 55.25966385268987]]}, "properties": {"source": "26651917", "target": "2511700"}}, {"type": "Feature", "geometry": {"type": "LineString", "coordinates": [[141.76968527666503, 55.287511299100956], [141.85094772475514, 55.28262438559631]]}, "properties": {"source": "26651917", "target": "23367588"}}, {"type": "Feature", "geometry": {"type": "LineString", "coordinates": [[141.76968527666503, 55.287511299100956], [141.76517946685124, 55.27539281485802]]}, "properties": {"source": "26651917", "target": "25622846"}}, {"type": "Feature", "geometry": {"type": "LineString", "coordinates": [[141.76968527666503, 55.287511299100956], [141.83724697204696, 55.2787112940854]]}, "properties": {"source": "26651917", "target": "26827213"}}, {"type": "Feature", "geometry": {"type": "LineString", "coordinates": [[141.81763140137394, 55.28097966574049], [141.7705624588587, 55.28406815588943]]}, "properties": {"source": "1730274", "target": "2345596"}}, {"type": "Feature", "geometry": {"type": "LineString", "coordinates": [[141.81763140137394, 55.28097966574049], [141.82315453446512, 55.278752492021724]]}, "properties": {"source": "1730274", "target": "23200402"}}, {"type": "Feature", "geometry": {"type": "LineString", "coordinates": [[141.848546434865, 55.27536250886233], [141.8007198807145, 55.27161429268848]]}, "properties": {"source": "6649267", "target": "6570588"}}, {"type": "Feature", "geometry": {"type": "LineString", "coordinates": [[141.848546434865, 55.27536250886233], [141.76508991626997, 55.26492530549402]]}, "properties": {"source": "6649267", "target": "6409406"}}, {"type": "Feature", "geometry": {"type": "LineString", "coordinates": [[141.848546434865, 55.27536250886233], [141.84968804261774, 55.26187543829447]]}, "properties": {"source": "6649267", "target": "6280627"}}, {"type": "Feature", "geometry": {"type": "LineString", "coordinates": [[141.848546434865, 55.27536250886233], [141.7870600868061, 55.27704995137502]]}, "properties": {"source": "6649267", "target": "6397025"}}, {"type": "Feature", "geometry": {"type": "LineString", "coordinates": [[141.8487711371469, 55.268313228756355], [141.8004450768804, 55.27687456930893]]}, "properties": {"source": "25387598", "target": "25205355"}}, {"type": "Feature", "geometry": {"type": "LineString", "coordinates": [[141.8487711371469, 55.268313228756355], [141.769315231416, 55.267658088770006]]}, "properties": {"source": "25387598", "target": "25005607"}}, {"type": "Feature", "geometry": {"type": "LineString", "coordinates": [[141.77588320418772, 55.26653194910298], [141.78125045216484, 55.2639279030478]]}, "properties": {"source": "3079814", "target": "25852892"}}, {"type": "Feature", "geometry": {"type": "LineString", "coordinates": [[141.79711498565808, 55.26437037241328], [141.81153084189026, 55.28146601058579]]}, "properties": {"source": "3070506", "target": "5373323"}}, {"type": "Feature", "geometry": {"type": "LineString", "coordinates": [[141.79711498565808, 55.26437037241328], [141.8532369443427, 55.280640447857365]]}, "properties": {"source": "3070506", "target": "1876213"}}, {"type": "Feature", "geometry": {"type": "LineString", "coordinates": [[141.78553500000658, 55.290188251093085], [141.83506323360007, 55.28810529603247]]}, "properties": {"source": "15931624", "target": "15931640"}}, {"type": "Feature", "geometry": {"type": "LineString", "coordinates": [[141.78553500000658, 55.290188251093085], [141.81687824296404, 55.27930057459031]]}, "properties": {"source": "15931624", "target": "16156372"}}, {"type": "Feature", "geometry": {"type": "LineString", "coordinates": [[141.78553500000658, 55.290188251093085], [141.82172591910285, 55.27408752824891]]}, "properties": {"source": "15931624", "target": "17674605"}}, {"type": "Feature", "geometry": {"type": "LineString", "coordinates": [[141.78553500000658, 55.290188251093085], [141.82554704926764, 55.26523920171668]]}, "properties": {"source": "15931624", "target": "14059099"}}, {"type": "Feature", "geometry": {"type": "LineString", "coordinates": [[141.78553500000658, 55.290188251093085], [141.85450963655984, 55.27219547375742]]}, "properties": {"source": "15931624", "target": "15773846"}}, {"type": "Feature", "geometry": {"type": "LineString", "coordinates": [[141.84862924333072, 55.258437354976905], [141.76589416727836, 55.27064876850346]]}, "properties": {"source": "14059110", "target": "15706861"}}, {"type": "Feature", "geometry": {"type": "LineString", "coordinates": [[141.84862924333072, 55.258437354976905], [141.79671814251583, 55.28208278183132]]}, "properties": {"source": "14059110", "target": "15731683"}}, {"type": "Feature", "geometry": {"type": "LineString", "coordinates": [[141.84862924333072, 55.258437354976905], [141.79889078590986, 55.26166710759864]]}, "properties": {"source": "14059110", "target": "12405872"}}, {"type": "Feature", "geometry": {"type": "LineString", "coordinates": [[141.8082565132765, 55.26175723271862], [141.78553500000658, 55.290188251093085]]}, "properties": {"source": "16687067", "target": "15931624"}}, {"type": "Feature", "geometry": {"type": "LineString", "coordinates": [[141.8082565132765, 55.26175723271862], [141.83506323360007, 55.28810529603247]]}, "properties": {"source": "16687067", "target": "15931640"}}, {"type": "Feature", "geometry": {"type": "LineString", "coordinates": [[141.8082565132765, 55.26175723271862], [141.83922691945247, 55.260679535878154]]}, "properties": {"source": "16687067", "target": "16108157"}}, {"type": "Feature", "geometry": {"type": "LineString", "coordinates": [[141.8082565132765, 55.26175723271862], [141.81687824296404, 55.27930057459031]]}, "properties": {"source": "16687067", "target": "16156372"}}, {"type": "Feature", "geometry": {"type": "LineString", "coordinates": [[141.8082565132765, 55.26175723271862], [141.78988607497325, 55.26192050110306]]}, "properties": {"source": "16687067", "target": "10919008"}}, {"type": "Feature", "geometry": {"type": "LineString", "coordinates": [[141.8082565132765, 55.26175723271862], [141.86125180326195, 55.27853871769622]]}, "properties": {"source": "16687067", "target": "9645161"}}, {"type": "Feature", "geometry": {"type": "LineString", "coordinates": [[141.79044207272761, 55.28977462969745], [141.78645716130666, 55.26379434535329]]}, "properties": {"source": "25779256", "target": "2414696"}}, {"type": "Feature", "geometry": {"type": "LineString", "coordinates": [[141.79044207272761, 55.28977462969745], [141.85932045323642, 55.25879843847052]]}, "properties": {"source": "25779256", "target": "23847982"}}, {"type": "Feature", "geometry": {"type": "LineString", "coordinates": [[141.79044207272761, 55.28977462969745], [141.77588320418772, 55.26653194910298]]}, "properties": {"source": "25779256", "target": "3079814"}}, {"type": "Feature", "geometry": {"type": "LineString", "coordinates": [[141.8125903070495, 55.276857910230916], [141.78125045216484, 55.2639279030478]]}, "properties": {"source": "24964266", "target": "25852892"}}, {"type": "Feature", "geometry": {"type": "LineString", "coordinates": [[141.8125903070495, 55.276857910230916], [141.81087296118346, 55.27011692107098]]}, "properties": {"source": "24964266", "target": "2660819"}}, {"type": "Feature", "geometry": {"type": "LineString", "coordinates": [[141.8125903070495, 55.276857910230916], [141.78373641322884, 55.265491577516315]]}, "properties": {"source": "24964266", "target": "2865684"}}, {"type": "Feature", "geometry": {"type": "LineString", "coordinates": [[141.8125903070495, 55.276857910230916], [141.82792733920053, 55.286711121412736]]}, "properties": {"source": "24964266", "target": "28604397"}}, {"type": "Feature", "geometry": {"type": "LineString", "coordinates": [[141.85422587798507, 55.2817353398259], [141.79481333170025, 55.28277312535478]]}, "properties": {"source": "15730061", "target": "13375837"}}, {"type": "Feature", "geometry": {"type": "LineString", "coordinates": [[141.79311398818106, 55.261071158870166], [141.83864305239496, 55.259811682267326]]}, "properties": {"source": "5442693", "target": "572751"}}, {"type": "Feature", "geometry": {"type": "LineString", "coordinates": [[141.79311398818106, 55.261071158870166], [141.82548223812194, 55.28126004479283]]}, "properties": {"source": "5442693", "target": "5174507"}}, {"type": "Feature", "geometry": {"type": "LineString", "coordinates": [[141.79311398818106, 55.261071158870166], [141.8045222958129, 55.27021024438481]]}, "properties": {"source": "5442693", "target": "41110"}}, {"type": "Feature", "geometry": {"type": "LineString", "coordinates": [[141.79311398818106, 55.261071158870166], [141.79755967955623, 55.261122915850706]]}, "properties": {"source": "5442693", "target": "4133124"}}, {"type": "Feature", "geometry": {"type": "LineString", "coordinates": [[141.8483263418151, 55.28660814806456], [141.80248573306147, 55.2643387919083]]}, "properties": {"source": "9533863", "target": "8349179"}}, {"type": "Feature", "geometry": {"type": "LineString", "coordinates": [[141.8483263418151, 55.28660814806456], [141.76427560365937, 55.289812234444796]]}, "properties": {"source": "9533863", "target": "8714689"}}, {"type": "Feature", "geometry": {"type": "LineString", "coordinates": [[141.8483263418151, 55.28660814806456], [141.78879226099605, 55.26997889229483]]}, "properties": {"source": "9533863", "target": "997423"}}, {"type": "Feature", "geometry": {"type": "LineString", "coordinates": [[141.8483263418151, 55.28660814806456], [141.76922574838056, 55.26385931854469]]}, "properties": {"source": "9533863", "target": "7158146"}}, {"type": "Feature", "geometry": {"type": "LineString", "coordinates": [[141.82961842857094, 55.287605854611385], [141.8154304490974, 55.262444153109584]]}, "properties": {"source": "8072237", "target": "8008152"}}, {"type": "Feature", "geometry": {"type": "LineString", "coordinates": [[141.79484903968853, 55.28115741219496], [141.78334100258553, 55.26197614578261]]}, "properties": {"source": "27384816", "target": "25967954"}}, {"type": "Feature", "geometry": {"type": "LineString", "coordinates": [[141.79484903968853, 55.28115741219496], [141.81179457723778, 55.25876438659107]]}, "properties": {"source": "27384816", "target": "25816179"}}, {"type": "Feature", "geometry": {"type": "LineString", "coordinates": [[141.79484903968853, 55.28115741219496], [141.791495000061, 55.27161938684216]]}, "properties": {"source": "27384816", "target": "22567980"}}, {"type": "Feature", "geometry": {"type": "LineString", "coordinates": [[141.79484903968853, 55.28115741219496], [141.7876747189801, 55.28595924132965]]}, "properties": {"source": "27384816", "target": "8140890"}}, {"type": "Feature", "geometry": {"type": "LineString", "coordinates": [[141.79484903968853, 55.28115741219496], [141.84650972094124, 55.26751135981125]]}, "properties": {"source": "27384816", "target": "8175974"}}, {"type": "Feature", "geometry": {"type": "LineString", "coordinates": [[141.79484903968853, 55.28115741219496], [141.8051859817627, 55.2670595871442]]}, "properties": {"source": "27384816", "target": "22922628"}}, {"type": "Feature", "geometry": {"type": "LineString", "coordinates": [[141.8317059990958, 55.264434004012486], [141.77573476608495, 55.28990709290818]]}, "properties": {"source": "933871", "target": "887319"}}, {"type": "Feature", "geometry": {"type": "LineString", "coordinates": [[141.8317059990958, 55.264434004012486], [141.8403099760243, 55.26577013431485]]}, "properties": {"source": "933871", "target": "9176304"}}, {"type": "Feature", "geometry": {"type": "LineString", "coordinates": [[141.8317059990958, 55.264434004012486], [141.8176560788309, 55.28538883011531]]}, "properties": {"source": "933871", "target": "837265"}}, {"type": "Feature", "geometry": {"type": "LineString", "coordinates": [[141.81179457723778, 55.25876438659107], [141.78334100258553, 55.26197614578261]]}, "properties": {"source": "25816179", "target": "25967954"}}, {"type": "Feature", "geometry": {"type": "LineString", "coordinates": [[141.81179457723778, 55.25876438659107], [141.791495000061, 55.27161938684216]]}, "properties": {"source": "25816179", "target": "22567980"}}, {"type": "Feature", "geometry": {"type": "LineString", "coordinates": [[141.81179457723778, 55.25876438659107], [141.7876747189801, 55.28595924132965]]}, "properties": {"source": "25816179", "target": "8140890"}}, {"type": "Feature", "geometry": {"type": "LineString", "coordinates": [[141.81179457723778, 55.25876438659107], [141.84650972094124, 55.26751135981125]]}, "properties": {"source": "25816179", "target": "8175974"}}, {"type": "Feature", "geometry": {"type": "LineString", "coordinates": [[141.81179457723778, 55.25876438659107], [141.8051859817627, 55.2670595871442]]}, "properties": {"source": "25816179", "target": "22922628"}}, {"type": "Feature", "geometry": {"type": "LineString", "coordinates": [[141.81179457723778, 55.25876438659107], [141.8164094239546, 55.261293807430036]]}, "properties": {"source": "25816179", "target": "22545968"}}, {"type": "Feature", "geometry": {"type": "LineString", "coordinates": [[141.79390180157668, 55.28867078219366], [141.83852937157678, 55.27157343917109]]}, "properties": {"source": "1532350", "target": "3872106"}}, {"type": "Feature", "geometry": {"type": "LineString", "coordinates": [[141.85094772475514, 55.28262438559631], [141.78334100258553, 55.26197614578261]]}, "properties": {"source": "23367588", "target": "25967954"}}, {"type": "Feature", "geometry": {"type": "LineString", "coordinates": [[141.85094772475514, 55.28262438559631], [141.84149201900016, 55.282169146200815]]}, "properties": {"source": "23367588", "target": "25571895"}}, {"type": "Feature", "geometry": {"type": "LineString", "coordinates": [[141.8161821543884, 55.278800411292934], [141.83525444923282, 55.28046717950575]]}, "properties": {"source": "22111275", "target": "18723398"}}, {"type": "Feature", "geometry": {"type": "LineString", "coordinates": [[141.8161821543884, 55.278800411292934], [141.77360917876746, 55.270020483090335]]}, "properties": {"source": "22111275", "target": "25241806"}}, {"type": "Feature", "geometry": {"type": "LineString", "coordinates": [[141.81978756165097, 55.27263813872163], [141.77937340159622, 55.28923935703513]]}, "properties": {"source": "1605511", "target": "16133971"}}, {"type": "Feature", "geometry": {"type": "LineString", "coordinates": [[141.85180442655945, 55.2849878587607], [141.83367990874098, 55.282792290954404]]}, "properties": {"source": "13539703", "target": "15705005"}}, {"type": "Feature", "geometry": {"type": "LineString", "coordinates": [[141.84313075431692, 55.28042462856847], [141.7832194996888, 55.26968202444543]]}, "properties": {"source": "18289038", "target": "1968203"}}, {"type": "Feature", "geometry": {"type": "LineString", "coordinates": [[141.84313075431692, 55.28042462856847], [141.77984186247733, 55.27848334243083]]}, "properties": {"source": "18289038", "target": "17855968"}}, {"type": "Feature", "geometry": {"type": "LineString", "coordinates": [[141.84313075431692, 55.28042462856847], [141.8156812695927, 55.2905886646635]]}, "properties": {"source": "18289038", "target": "17851994"}}, {"type": "Feature", "geometry": {"type": "LineString", "coordinates": [[141.84313075431692, 55.28042462856847], [141.79470851682265, 55.271781802836415]]}, "properties": {"source": "18289038", "target": "18869237"}}, {"type": "Feature", "geometry": {"type": "LineString", "coordinates": [[141.84313075431692, 55.28042462856847], [141.81968109227233, 55.266838319189205]]}, "properties": {"source": "18289038", "target": "18873839"}}, {"type": "Feature", "geometry": {"type": "LineString", "coordinates": [[141.84313075431692, 55.28042462856847], [141.80131506490886, 55.26835375414072]]}, "properties": {"source": "18289038", "target": "1212501"}}, {"type": "Feature", "geometry": {"type": "LineString", "coordinates": [[141.84313075431692, 55.28042462856847], [141.8519416068301, 55.27690285768152]]}, "properties": {"source": "18289038", "target": "18880669"}}, {"type": "Feature", "geometry": {"type": "LineString", "coordinates": [[141.84804437743003, 55.27925778400137], [141.83525444923282, 55.28046717950575]]}, "properties": {"source": "14303956", "target": "18723398"}}, {"type": "Feature", "geometry": {"type": "LineString", "coordinates": [[141.84804437743003, 55.27925778400137], [141.82574299379684, 55.27203019901806]]}, "properties": {"source": "14303956", "target": "16057426"}}, {"type": "Feature", "geometry": {"type": "LineString", "coordinates": [[141.84804437743003, 55.27925778400137], [141.79081668387272, 55.28963744357033]]}, "properties": {"source": "14303956", "target": "16130540"}}, {"type": "Feature", "geometry": {"type": "LineString", "coordinates": [[141.84804437743003, 55.27925778400137], [141.8377039677157, 55.26979513179195]]}, "properties": {"source": "14303956", "target": "1432778"}}, {"type": "Feature", "geometry": {"type": "LineString", "coordinates": [[141.84804437743003, 55.27925778400137], [141.83022210761766, 55.2674893963749]]}, "properties": {"source": "14303956", "target": "1817306"}}, {"type": "Feature", "geometry": {"type": "LineString", "coordinates": [[141.84804437743003, 55.27925778400137], [141.83015680331818, 55.280206608716085]]}, "properties": {"source": "14303956", "target": "18223056"}}, {"type": "Feature", "geometry": {"type": "LineString", "coordinates": [[141.78911239703547, 55.26377067530542], [141.7910324609325, 55.28110164136373]]}, "properties": {"source": "1962751", "target": "19991193"}}, {"type": "Feature", "geometry": {"type": "LineString", "coordinates": [[141.78911239703547, 55.26377067530542], [141.82529296754393, 55.288941286233566]]}, "properties": {"source": "1962751", "target": "18873977"}}, {"type": "Feature", "geometry": {"type": "LineString", "coordinates": [[141.78911239703547, 55.26377067530542], [141.8176178111446, 55.2766126619547]]}, "properties": {"source": "1962751", "target": "2237043"}}, {"type": "Feature", "geometry": {"type": "LineString", "coordinates": [[141.76968527666503, 55.287511299100956], [141.83175675312748, 55.270373350774406]]}, "properties": {"source": "26651917", "target": "24869720"}}, {"type": "Feature", "geometry": {"type": "LineString", "coordinates": [[141.76968527666503, 55.287511299100956], [141.83247402030707, 55.28043722688001]]}, "properties": {"source": "26651917", "target": "2623572"}}, {"type": "Feature", "geometry": {"type": "LineString", "coordinates": [[141.8554907637149, 55.259343025219636], [141.83852937157678, 55.27157343917109]]}, "properties": {"source": "8172361", "target": "3872106"}}, {"type": "Feature", "geometry": {"type": "LineString", "coordinates": [[141.8554907637149, 55.259343025219636], [141.77847913862092, 55.26564035364474]]}, "properties": {"source": "8172361", "target": "38845"}}, {"type": "Feature", "geometry": {"type": "LineString", "coordinates": [[141.8554907637149, 55.259343025219636], [141.82503449063552, 55.26728977127688]]}, "properties": {"source": "8172361", "target": "5118485"}}, {"type": "Feature", "geometry": {"type": "LineString", "coordinates": [[141.8554907637149, 55.259343025219636], [141.81105747870038, 55.268398249273844]]}, "properties": {"source": "8172361", "target": "4158972"}}, {"type": "Feature", "geometry": {"type": "LineString", "coordinates": [[141.8554907637149, 55.259343025219636], [141.76456995738255, 55.27263815646833]]}, "properties": {"source": "8172361", "target": "824998"}}, {"type": "Feature", "geometry": {"type": "LineString", "coordinates": [[141.8554907637149, 55.259343025219636], [141.8411740476406, 55.28596520074548]]}, "properties": {"source": "8172361", "target": "645949"}}, {"type": "Feature", "geometry": {"type": "LineString", "coordinates": [[141.8554907637149, 55.259343025219636], [141.8563193773137, 55.262632324937286]]}, "properties": {"source": "8172361", "target": "847030"}}, {"type": "Feature", "geometry": {"type": "LineString", "coordinates": [[141.81169014306295, 55.28872619088408], [141.8161821543884, 55.278800411292934]]}, "properties": {"source": "18406319", "target": "22111275"}}, {"type": "Feature", "geometry": {"type": "LineString", "coordinates": [[141.81169014306295, 55.28872619088408], [141.77360917876746, 55.270020483090335]]}, "properties": {"source": "18406319", "target": "25241806"}}, {"type": "Feature", "geometry": {"type": "LineString", "coordinates": [[141.8106557728595, 55.28342577916868], [141.8459312761383, 55.286665925391105]]}, "properties": {"source": "15289809", "target": "424624"}}, {"type": "Feature", "geometry": {"type": "LineString", "coordinates": [[141.8106557728595, 55.28342577916868], [141.81285048810048, 55.26487023150922]]}, "properties": {"source": "15289809", "target": "1716455"}}, {"type": "Feature", "geometry": {"type": "LineString", "coordinates": [[141.82574541312397, 55.276781364179314], [141.78371301130363, 55.290197019543825]]}, "properties": {"source": "868111", "target": "9562419"}}, {"type": "Feature", "geometry": {"type": "LineString", "coordinates": [[141.82574541312397, 55.276781364179314], [141.7966125261877, 55.272849828631436]]}, "properties": {"source": "868111", "target": "8594570"}}, {"type": "Feature", "geometry": {"type": "LineString", "coordinates": [[141.82574541312397, 55.276781364179314], [141.79402157850893, 55.28507681053115]]}, "properties": {"source": "868111", "target": "86185"}}, {"type": "Feature", "geometry": {"type": "LineString", "coordinates": [[141.85914215543414, 55.280159344725035], [141.817966532946, 55.284664715431006]]}, "properties": {"source": "22475773", "target": "109795"}}, {"type": "Feature", "geometry": {"type": "LineString", "coordinates": [[141.85914215543414, 55.280159344725035], [141.78725236826563, 55.27462037572376]]}, "properties": {"source": "22475773", "target": "10362400"}}, {"type": "Feature", "geometry": {"type": "LineString", "coordinates": [[141.85914215543414, 55.280159344725035], [141.84786813790055, 55.26774443870288]]}, "properties": {"source": "22475773", "target": "12611151"}}, {"type": "Feature", "geometry": {"type": "LineString", "coordinates": [[141.85914215543414, 55.280159344725035], [141.83273458821566, 55.26527134618665]]}, "properties": {"source": "22475773", "target": "12644323"}}, {"type": "Feature", "geometry": {"type": "LineString", "coordinates": [[141.85914215543414, 55.280159344725035], [141.778220367576, 55.26627602937907]]}, "properties": {"source": "22475773", "target": "19418072"}}, {"type": "Feature", "geometry": {"type": "LineString", "coordinates": [[141.85914215543414, 55.280159344725035], [141.8014583988362, 55.28336126994316]]}, "properties": {"source": "22475773", "target": "19224713"}}, {"type": "Feature", "geometry": {"type": "LineString", "coordinates": [[141.85914215543414, 55.280159344725035], [141.7892649307376, 55.26909510112969]]}, "properties": {"source": "22475773", "target": "202184"}}, {"type": "Feature", "geometry": {"type": "LineString", "coordinates": [[141.8067269767252, 55.28854318331372], [141.78371301130363, 55.290197019543825]]}, "properties": {"source": "6908595", "target": "9562419"}}, {"type": "Feature", "geometry": {"type": "LineString", "coordinates": [[141.8067269767252, 55.28854318331372], [141.84436528288006, 55.28149825589301]]}, "properties": {"source": "6908595", "target": "6049536"}}, {"type": "Feature", "geometry": {"type": "LineString", "coordinates": [[141.8563193773137, 55.262632324937286], [141.83864305239496, 55.259811682267326]]}, "properties": {"source": "847030", "target": "572751"}}, {"type": "Feature", "geometry": {"type": "LineString", "coordinates": [[141.8563193773137, 55.262632324937286], [141.81153084189026, 55.28146601058579]]}, "properties": {"source": "847030", "target": "5373323"}}, {"type": "Feature", "geometry": {"type": "LineString", "coordinates": [[141.8563193773137, 55.262632324937286], [141.7864829275931, 55.28762252032935]]}, "properties": {"source": "847030", "target": "998869"}}, {"type": "Feature", "geometry": {"type": "LineString", "coordinates": [[141.8563193773137, 55.262632324937286], [141.8342981162565, 55.278140891459955]]}, "properties": {"source": "847030", "target": "7065312"}}, {"type": "Feature", "geometry": {"type": "LineString", "coordinates": [[141.8563193773137, 55.262632324937286], [141.83214328464197, 55.26238148744372]]}, "properties": {"source": "847030", "target": "6669681"}}, {"type": "Feature", "geometry": {"type": "LineString", "coordinates": [[141.8563193773137, 55.262632324937286], [141.8154304490974, 55.262444153109584]]}, "properties": {"source": "847030", "target": "8008152"}}, {"type": "Feature", "geometry": {"type": "LineString", "coordinates": [[141.7982561648946, 55.2581741170482], [141.83852937157678, 55.27157343917109]]}, "properties": {"source": "378266", "target": "3872106"}}, {"type": "Feature", "geometry": {"type": "LineString", "coordinates": [[141.7687166120201, 55.27548422250729], [141.8041017014724, 55.2817517685089]]}, "properties": {"source": "12510835", "target": "14288941"}}, {"type": "Feature", "geometry": {"type": "LineString", "coordinates": [[141.8340774601371, 55.26056215851732], [141.77424756294442, 55.2766071008173]]}, "properties": {"source": "1696000", "target": "12196783"}}, {"type": "Feature", "geometry": {"type": "LineString", "coordinates": [[141.7892649307376, 55.26909510112969], [141.791495000061, 55.27161938684216]]}, "properties": {"source": "202184", "target": "22567980"}}, {"type": "Feature", "geometry": {"type": "LineString", "coordinates": [[141.7892649307376, 55.26909510112969], [141.7893411644576, 55.2666992900011]]}, "properties": {"source": "202184", "target": "19324908"}}, {"type": "Feature", "geometry": {"type": "LineString", "coordinates": [[141.83497933026797, 55.27720094707992], [141.78781734321052, 55.26668636028299]]}, "properties": {"source": "7625282", "target": "2062468"}}, {"type": "Feature", "geometry": {"type": "LineString", "coordinates": [[141.7675762426747, 55.286342108923336], [141.83367990874098, 55.282792290954404]]}, "properties": {"source": "15990677", "target": "15705005"}}, {"type": "Feature", "geometry": {"type": "LineString", "coordinates": [[141.79577816551785, 55.26491792780541], [141.84873285636417, 55.27658058739661]]}, "properties": {"source": "13789000", "target": "17605454"}}, {"type": "Feature", "geometry": {"type": "LineString", "coordinates": [[141.76649648511568, 55.26982992028236], [141.7893411644576, 55.2666992900011]]}, "properties": {"source": "11600558", "target": "19324908"}}, {"type": "Feature", "geometry": {"type": "LineString", "coordinates": [[141.76649648511568, 55.26982992028236], [141.77937340159622, 55.28923935703513]]}, "properties": {"source": "11600558", "target": "16133971"}}, {"type": "Feature", "geometry": {"type": "LineString", "coordinates": [[141.8566317814366, 55.27478228637095], [141.83367990874098, 55.282792290954404]]}, "properties": {"source": "15703214", "target": "15705005"}}, {"type": "Feature", "geometry": {"type": "LineString", "coordinates": [[141.8566317814366, 55.27478228637095], [141.85180442655945, 55.2849878587607]]}, "properties": {"source": "15703214", "target": "13539703"}}, {"type": "Feature", "geometry": {"type": "LineString", "coordinates": [[141.82338636230702, 55.27120596336884], [141.8403099760243, 55.26577013431485]]}, "properties": {"source": "1628927", "target": "9176304"}}, {"type": "Feature", "geometry": {"type": "LineString", "coordinates": [[141.79671814251583, 55.28208278183132], [141.82554704926764, 55.26523920171668]]}, "properties": {"source": "15731683", "target": "14059099"}}, {"type": "Feature", "geometry": {"type": "LineString", "coordinates": [[141.83015680331818, 55.280206608716085], [141.83525444923282, 55.28046717950575]]}, "properties": {"source": "18223056", "target": "18723398"}}, {"type": "Feature", "geometry": {"type": "LineString", "coordinates": [[141.83015680331818, 55.280206608716085], [141.79081668387272, 55.28963744357033]]}, "properties": {"source": "18223056", "target": "16130540"}}, {"type": "Feature", "geometry": {"type": "LineString", "coordinates": [[141.83015680331818, 55.280206608716085], [141.8377039677157, 55.26979513179195]]}, "properties": {"source": "18223056", "target": "1432778"}}, {"type": "Feature", "geometry": {"type": "LineString", "coordinates": [[141.78017027785933, 55.266717974567555], [141.7841628277605, 55.278963607663954]]}, "properties": {"source": "24454511", "target": "1385579"}}, {"type": "Feature", "geometry": {"type": "LineString", "coordinates": [[141.78017027785933, 55.266717974567555], [141.79486190131786, 55.259060464084484]]}, "properties": {"source": "24454511", "target": "1033318"}}, {"type": "Feature", "geometry": {"type": "LineString", "coordinates": [[141.78017027785933, 55.266717974567555], [141.8173880018005, 55.25812053902382]]}, "properties": {"source": "24454511", "target": "13063204"}}, {"type": "Feature", "geometry": {"type": "LineString", "coordinates": [[141.78017027785933, 55.266717974567555], [141.85000517294645, 55.26946719242869]]}, "properties": {"source": "24454511", "target": "2169922"}}, {"type": "Feature", "geometry": {"type": "LineString", "coordinates": [[141.78017027785933, 55.266717974567555], [141.85094772475514, 55.28262438559631]]}, "properties": {"source": "24454511", "target": "23367588"}}, {"type": "Feature", "geometry": {"type": "LineString", "coordinates": [[141.78017027785933, 55.266717974567555], [141.83724697204696, 55.2787112940854]]}, "properties": {"source": "24454511", "target": "26827213"}}, {"type": "Feature", "geometry": {"type": "LineString", "coordinates": [[141.78017027785933, 55.266717974567555], [141.80968838402578, 55.26490052440657]]}, "properties": {"source": "24454511", "target": "10322733"}}, {"type": "Feature", "geometry": {"type": "LineString", "coordinates": [[141.79475191437166, 55.271395493498346], [141.78334100258553, 55.26197614578261]]}, "properties": {"source": "26859062", "target": "25967954"}}, {"type": "Feature", "geometry": {"type": "LineString", "coordinates": [[141.79475191437166, 55.271395493498346], [141.84149201900016, 55.282169146200815]]}, "properties": {"source": "26859062", "target": "25571895"}}, {"type": "Feature", "geometry": {"type": "LineString", "coordinates": [[141.82574299379684, 55.27203019901806], [141.83525444923282, 55.28046717950575]]}, "properties": {"source": "16057426", "target": "18723398"}}, {"type": "Feature", "geometry": {"type": "LineString", "coordinates": [[141.82574299379684, 55.27203019901806], [141.79081668387272, 55.28963744357033]]}, "properties": {"source": "16057426", "target": "16130540"}}, {"type": "Feature", "geometry": {"type": "LineString", "coordinates": [[141.82574299379684, 55.27203019901806], [141.8377039677157, 55.26979513179195]]}, "properties": {"source": "16057426", "target": "1432778"}}, {"type": "Feature", "geometry": {"type": "LineString", "coordinates": [[141.82574299379684, 55.27203019901806], [141.83022210761766, 55.2674893963749]]}, "properties": {"source": "16057426", "target": "1817306"}}, {"type": "Feature", "geometry": {"type": "LineString", "coordinates": [[141.82574299379684, 55.27203019901806], [141.78915905044875, 55.271541358617554]]}, "properties": {"source": "16057426", "target": "13420009"}}, {"type": "Feature", "geometry": {"type": "LineString", "coordinates": [[141.83273458821566, 55.26527134618665], [141.7893411644576, 55.2666992900011]]}, "properties": {"source": "12644323", "target": "19324908"}}, {"type": "Feature", "geometry": {"type": "LineString", "coordinates": [[141.84135279690793, 55.25974953910729], [141.78334100258553, 55.26197614578261]]}, "properties": {"source": "22305315", "target": "25967954"}}, {"type": "Feature", "geometry": {"type": "LineString", "coordinates": [[141.78911239703547, 55.26377067530542], [141.83410596789514, 55.281026087809764]]}, "properties": {"source": "1962751", "target": "2221419"}}, {"type": "Feature", "geometry": {"type": "LineString", "coordinates": [[141.8438417879534, 55.28733036447197], [141.78553500000658, 55.290188251093085]]}, "properties": {"source": "1317839", "target": "15931624"}}, {"type": "Feature", "geometry": {"type": "LineString", "coordinates": [[141.8438417879534, 55.28733036447197], [141.83506323360007, 55.28810529603247]]}, "properties": {"source": "1317839", "target": "15931640"}}, {"type": "Feature", "geometry": {"type": "LineString", "coordinates": [[141.8438417879534, 55.28733036447197], [141.83033136376787, 55.26274335944811]]}, "properties": {"source": "1317839", "target": "302449"}}, {"type": "Feature", "geometry": {"type": "LineString", "coordinates": [[141.83296487427356, 55.267424385180874], [141.78334100258553, 55.26197614578261]]}, "properties": {"source": "24427045", "target": "25967954"}}, {"type": "Feature", "geometry": {"type": "LineString", "coordinates": [[141.83296487427356, 55.267424385180874], [141.791495000061, 55.27161938684216]]}, "properties": {"source": "24427045", "target": "22567980"}}, {"type": "Feature", "geometry": {"type": "LineString", "coordinates": [[141.83296487427356, 55.267424385180874], [141.8164094239546, 55.261293807430036]]}, "properties": {"source": "24427045", "target": "22545968"}}, {"type": "Feature", "geometry": {"type": "LineString", "coordinates": [[141.83296487427356, 55.267424385180874], [141.83850675277677, 55.26501460461492]]}, "properties": {"source": "24427045", "target": "13059470"}}, {"type": "Feature", "geometry": {"type": "LineString", "coordinates": [[141.85940263047837, 55.28513261789219], [141.78334100258553, 55.26197614578261]]}, "properties": {"source": "25402257", "target": "25967954"}}, {"type": "Feature", "geometry": {"type": "LineString", "coordinates": [[141.85940263047837, 55.28513261789219], [141.79475191437166, 55.271395493498346]]}, "properties": {"source": "25402257", "target": "26859062"}}, {"type": "Feature", "geometry": {"type": "LineString", "coordinates": [[141.85940263047837, 55.28513261789219], [141.84149201900016, 55.282169146200815]]}, "properties": {"source": "25402257", "target": "25571895"}}, {"type": "Feature", "geometry": {"type": "LineString", "coordinates": [[141.85940263047837, 55.28513261789219], [141.83175675312748, 55.270373350774406]]}, "properties": {"source": "25402257", "target": "24869720"}}, {"type": "Feature", "geometry": {"type": "LineString", "coordinates": [[141.83352184413405, 55.265208275754276], [141.79698765645196, 55.26812733437308]]}, "properties": {"source": "16108847", "target": "16862840"}}, {"type": "Feature", "geometry": {"type": "LineString", "coordinates": [[141.83352184413405, 55.265208275754276], [141.81687824296404, 55.27930057459031]]}, "properties": {"source": "16108847", "target": "16156372"}}, {"type": "Feature", "geometry": {"type": "LineString", "coordinates": [[141.8173880018005, 55.25812053902382], [141.79475191437166, 55.271395493498346]]}, "properties": {"source": "13063204", "target": "26859062"}}, {"type": "Feature", "geometry": {"type": "LineString", "coordinates": [[141.78911239703547, 55.26377067530542], [141.81336251672224, 55.28074920039681]]}, "properties": {"source": "1962751", "target": "19245438"}}, {"type": "Feature", "geometry": {"type": "LineString", "coordinates": [[141.76578640073012, 55.287917459307806], [141.78334100258553, 55.26197614578261]]}, "properties": {"source": "25676647", "target": "25967954"}}, {"type": "Feature", "geometry": {"type": "LineString", "coordinates": [[141.76578640073012, 55.287917459307806], [141.76968527666503, 55.287511299100956]]}, "properties": {"source": "25676647", "target": "26651917"}}, {"type": "Feature", "geometry": {"type": "LineString", "coordinates": [[141.76578640073012, 55.287917459307806], [141.78017027785933, 55.266717974567555]]}, "properties": {"source": "25676647", "target": "24454511"}}, {"type": "Feature", "geometry": {"type": "LineString", "coordinates": [[141.76578640073012, 55.287917459307806], [141.79475191437166, 55.271395493498346]]}, "properties": {"source": "25676647", "target": "26859062"}}, {"type": "Feature", "geometry": {"type": "LineString", "coordinates": [[141.76578640073012, 55.287917459307806], [141.84149201900016, 55.282169146200815]]}, "properties": {"source": "25676647", "target": "25571895"}}, {"type": "Feature", "geometry": {"type": "LineString", "coordinates": [[141.76578640073012, 55.287917459307806], [141.8587957250552, 55.265389571267804]]}, "properties": {"source": "25676647", "target": "26641072"}}, {"type": "Feature", "geometry": {"type": "LineString", "coordinates": [[141.76578640073012, 55.287917459307806], [141.77012610633, 55.267835594074285]]}, "properties": {"source": "25676647", "target": "2226058"}}, {"type": "Feature", "geometry": {"type": "LineString", "coordinates": [[141.76578640073012, 55.287917459307806], [141.76517946685124, 55.27539281485802]]}, "properties": {"source": "25676647", "target": "25622846"}}, {"type": "Feature", "geometry": {"type": "LineString", "coordinates": [[141.77984186247733, 55.27848334243083], [141.7832194996888, 55.26968202444543]]}, "properties": {"source": "17855968", "target": "1968203"}}, {"type": "Feature", "geometry": {"type": "LineString", "coordinates": [[141.76508991626997, 55.26492530549402], [141.79482998462947, 55.263713949709285]]}, "properties": {"source": "6409406", "target": "597926"}}, {"type": "Feature", "geometry": {"type": "LineString", "coordinates": [[141.79470851682265, 55.271781802836415], [141.7832194996888, 55.26968202444543]]}, "properties": {"source": "18869237", "target": "1968203"}}, {"type": "Feature", "geometry": {"type": "LineString", "coordinates": [[141.79470851682265, 55.271781802836415], [141.81968109227233, 55.266838319189205]]}, "properties": {"source": "18869237", "target": "18873839"}}, {"type": "Feature", "geometry": {"type": "LineString", "coordinates": [[141.79470851682265, 55.271781802836415], [141.80131506490886, 55.26835375414072]]}, "properties": {"source": "18869237", "target": "1212501"}}, {"type": "Feature", "geometry": {"type": "LineString", "coordinates": [[141.85466902086785, 55.26716877692583], [141.83852937157678, 55.27157343917109]]}, "properties": {"source": "1920643", "target": "3872106"}}, {"type": "Feature", "geometry": {"type": "LineString", "coordinates": [[141.85466902086785, 55.26716877692583], [141.78133600349946, 55.274898503785536]]}, "properties": {"source": "1920643", "target": "2849323"}}, {"type": "Feature", "geometry": {"type": "LineString", "coordinates": [[141.85466902086785, 55.26716877692583], [141.82760841083655, 55.25961092029709]]}, "properties": {"source": "1920643", "target": "2744477"}}, {"type": "Feature", "geometry": {"type": "LineString", "coordinates": [[141.78368405559212, 55.26640282498998], [141.83057980608226, 55.27893059491136]]}, "properties": {"source": "25335713", "target": "25663771"}}, {"type": "Feature", "geometry": {"type": "LineString", "coordinates": [[141.8033890222194, 55.282330213677184], [141.7876747189801, 55.28595924132965]]}, "properties": {"source": "33117854", "target": "8140890"}}, {"type": "Feature", "geometry": {"type": "LineString", "coordinates": [[141.80152207001225, 55.26610812887672], [141.79494199395174, 55.28405482822605]]}, "properties": {"source": "2234823", "target": "2733729"}}, {"type": "Feature", "geometry": {"type": "LineString", "coordinates": [[141.80152207001225, 55.26610812887672], [141.78910445494074, 55.272387745652495]]}, "properties": {"source": "2234823", "target": "3278363"}}, {"type": "Feature", "geometry": {"type": "LineString", "coordinates": [[141.80152207001225, 55.26610812887672], [141.77268199460298, 55.28855774650408]]}, "properties": {"source": "2234823", "target": "10866608"}}, {"type": "Feature", "geometry": {"type": "LineString", "coordinates": [[141.86125180326195, 55.27853871769622], [141.78988607497325, 55.26192050110306]]}, "properties": {"source": "9645161", "target": "10919008"}}, {"type": "Feature", "geometry": {"type": "LineString", "coordinates": [[141.81636209781192, 55.27261465262421], [141.78017027785933, 55.266717974567555]]}, "properties": {"source": "21981675", "target": "24454511"}}, {"type": "Feature", "geometry": {"type": "LineString", "coordinates": [[141.81636209781192, 55.27261465262421], [141.8176178111446, 55.2766126619547]]}, "properties": {"source": "21981675", "target": "2237043"}}, {"type": "Feature", "geometry": {"type": "LineString", "coordinates": [[141.81636209781192, 55.27261465262421], [141.83410596789514, 55.281026087809764]]}, "properties": {"source": "21981675", "target": "2221419"}}, {"type": "Feature", "geometry": {"type": "LineString", "coordinates": [[141.78339942679315, 55.269876421646856], [141.7756381888359, 55.267666909396695]]}, "properties": {"source": "6539567", "target": "580385"}}, {"type": "Feature", "geometry": {"type": "LineString", "coordinates": [[141.78339942679315, 55.269876421646856], [141.83867677029355, 55.25951433257271]]}, "properties": {"source": "6539567", "target": "731732"}}, {"type": "Feature", "geometry": {"type": "LineString", "coordinates": [[141.78339942679315, 55.269876421646856], [141.82666279858626, 55.28628240240954]]}, "properties": {"source": "6539567", "target": "1232601"}}, {"type": "Feature", "geometry": {"type": "LineString", "coordinates": [[141.78339942679315, 55.269876421646856], [141.86197638439728, 55.28817855814687]]}, "properties": {"source": "6539567", "target": "1056485"}}, {"type": "Feature", "geometry": {"type": "LineString", "coordinates": [[141.78339942679315, 55.269876421646856], [141.8319148415988, 55.26847270278107]]}, "properties": {"source": "6539567", "target": "66355"}}, {"type": "Feature", "geometry": {"type": "LineString", "coordinates": [[141.78339942679315, 55.269876421646856], [141.82556042682904, 55.27919680651678]]}, "properties": {"source": "6539567", "target": "614383"}}, {"type": "Feature", "geometry": {"type": "LineString", "coordinates": [[141.78339942679315, 55.269876421646856], [141.82736818003218, 55.260013804401254]]}, "properties": {"source": "6539567", "target": "739687"}}, {"type": "Feature", "geometry": {"type": "LineString", "coordinates": [[141.82666279858626, 55.28628240240954], [141.7966125261877, 55.272849828631436]]}, "properties": {"source": "1232601", "target": "8594570"}}, {"type": "Feature", "geometry": {"type": "LineString", "coordinates": [[141.82666279858626, 55.28628240240954], [141.86197638439728, 55.28817855814687]]}, "properties": {"source": "1232601", "target": "1056485"}}, {"type": "Feature", "geometry": {"type": "LineString", "coordinates": [[141.82666279858626, 55.28628240240954], [141.82985170687328, 55.28467676762966]]}, "properties": {"source": "1232601", "target": "5417628"}}, {"type": "Feature", "geometry": {"type": "LineString", "coordinates": [[141.82554704926764, 55.26523920171668], [141.79889078590986, 55.26166710759864]]}, "properties": {"source": "14059099", "target": "12405872"}}, {"type": "Feature", "geometry": {"type": "LineString", "coordinates": [[141.84905178106033, 55.284482173005046], [141.8563193773137, 55.262632324937286]]}, "properties": {"source": "897526", "target": "847030"}}, {"type": "Feature", "geometry": {"type": "LineString", "coordinates": [[141.84905178106033, 55.284482173005046], [141.8317059990958, 55.264434004012486]]}, "properties": {"source": "897526", "target": "933871"}}, {"type": "Feature", "geometry": {"type": "LineString", "coordinates": [[141.84905178106033, 55.284482173005046], [141.78418750469604, 55.263322498744216]]}, "properties": {"source": "897526", "target": "920220"}}, {"type": "Feature", "geometry": {"type": "LineString", "coordinates": [[141.84905178106033, 55.284482173005046], [141.81126845071793, 55.261000937750055]]}, "properties": {"source": "897526", "target": "955696"}}, {"type": "Feature", "geometry": {"type": "LineString", "coordinates": [[141.84905178106033, 55.284482173005046], [141.8094071657145, 55.269259451725674]]}, "properties": {"source": "897526", "target": "9851665"}}, {"type": "Feature", "geometry": {"type": "LineString", "coordinates": [[141.83884158653785, 55.26585553114715], [141.78553500000658, 55.290188251093085]]}, "properties": {"source": "15750598", "target": "15931624"}}, {"type": "Feature", "geometry": {"type": "LineString", "coordinates": [[141.83884158653785, 55.26585553114715], [141.83506323360007, 55.28810529603247]]}, "properties": {"source": "15750598", "target": "15931640"}}, {"type": "Feature", "geometry": {"type": "LineString", "coordinates": [[141.83884158653785, 55.26585553114715], [141.83922691945247, 55.260679535878154]]}, "properties": {"source": "15750598", "target": "16108157"}}, {"type": "Feature", "geometry": {"type": "LineString", "coordinates": [[141.83884158653785, 55.26585553114715], [141.83033136376787, 55.26274335944811]]}, "properties": {"source": "15750598", "target": "302449"}}, {"type": "Feature", "geometry": {"type": "LineString", "coordinates": [[141.83884158653785, 55.26585553114715], [141.82554704926764, 55.26523920171668]]}, "properties": {"source": "15750598", "target": "14059099"}}, {"type": "Feature", "geometry": {"type": "LineString", "coordinates": [[141.83884158653785, 55.26585553114715], [141.76589416727836, 55.27064876850346]]}, "properties": {"source": "15750598", "target": "15706861"}}, {"type": "Feature", "geometry": {"type": "LineString", "coordinates": [[141.83884158653785, 55.26585553114715], [141.79889078590986, 55.26166710759864]]}, "properties": {"source": "15750598", "target": "12405872"}}, {"type": "Feature", "geometry": {"type": "LineString", "coordinates": [[141.85403683770397, 55.28909126728978], [141.83273458821566, 55.26527134618665]]}, "properties": {"source": "1733621", "target": "12644323"}}, {"type": "Feature", "geometry": {"type": "LineString", "coordinates": [[141.85403683770397, 55.28909126728978], [141.81978756165097, 55.27263813872163]]}, "properties": {"source": "1733621", "target": "1605511"}}, {"type": "Feature", "geometry": {"type": "LineString", "coordinates": [[141.85403683770397, 55.28909126728978], [141.85010002157492, 55.25987657538606]]}, "properties": {"source": "1733621", "target": "18886993"}}, {"type": "Feature", "geometry": {"type": "LineString", "coordinates": [[141.85403683770397, 55.28909126728978], [141.7661663252823, 55.28830330954463]]}, "properties": {"source": "1733621", "target": "19171814"}}, {"type": "Feature", "geometry": {"type": "LineString", "coordinates": [[141.85403683770397, 55.28909126728978], [141.8148918463284, 55.28760934109009]]}, "properties": {"source": "1733621", "target": "10592766"}}, {"type": "Feature", "geometry": {"type": "LineString", "coordinates": [[141.85403683770397, 55.28909126728978], [141.84610605718086, 55.28692546520037]]}, "properties": {"source": "1733621", "target": "18894978"}}, {"type": "Feature", "geometry": {"type": "LineString", "coordinates": [[141.85403683770397, 55.28909126728978], [141.76649648511568, 55.26982992028236]]}, "properties": {"source": "1733621", "target": "11600558"}}, {"type": "Feature", "geometry": {"type": "LineString", "coordinates": [[141.85403683770397, 55.28909126728978], [141.81824319086468, 55.28220924163759]]}, "properties": {"source": "1733621", "target": "1191931"}}, {"type": "Feature", "geometry": {"type": "LineString", "coordinates": [[141.81662013704204, 55.28960526414036], [141.83852937157678, 55.27157343917109]]}, "properties": {"source": "3507676", "target": "3872106"}}, {"type": "Feature", "geometry": {"type": "LineString", "coordinates": [[141.7864829275931, 55.28762252032935], [141.8403099760243, 55.26577013431485]]}, "properties": {"source": "998869", "target": "9176304"}}, {"type": "Feature", "geometry": {"type": "LineString", "coordinates": [[141.85914215543414, 55.280159344725035], [141.791495000061, 55.27161938684216]]}, "properties": {"source": "22475773", "target": "22567980"}}, {"type": "Feature", "geometry": {"type": "LineString", "coordinates": [[141.85914215543414, 55.280159344725035], [141.7893411644576, 55.2666992900011]]}, "properties": {"source": "22475773", "target": "19324908"}}, {"type": "Feature", "geometry": {"type": "LineString", "coordinates": [[141.85914215543414, 55.280159344725035], [141.85894327523692, 55.263739521883934]]}, "properties": {"source": "22475773", "target": "11512221"}}, {"type": "Feature", "geometry": {"type": "LineString", "coordinates": [[141.85914215543414, 55.280159344725035], [141.8537614823823, 55.259736371188296]]}, "properties": {"source": "22475773", "target": "10996474"}}, {"type": "Feature", "geometry": {"type": "LineString", "coordinates": [[141.85914215543414, 55.280159344725035], [141.7909833803571, 55.29028786238726]]}, "properties": {"source": "22475773", "target": "1143301"}}, {"type": "Feature", "geometry": {"type": "LineString", "coordinates": [[141.85914215543414, 55.280159344725035], [141.78151152218607, 55.27342116355594]]}, "properties": {"source": "22475773", "target": "1103927"}}, {"type": "Feature", "geometry": {"type": "LineString", "coordinates": [[141.78553500000658, 55.290188251093085], [141.79889078590986, 55.26166710759864]]}, "properties": {"source": "15931624", "target": "12405872"}}, {"type": "Feature", "geometry": {"type": "LineString", "coordinates": [[141.80989179140784, 55.26265960369116], [141.78334100258553, 55.26197614578261]]}, "properties": {"source": "25357521", "target": "25967954"}}, {"type": "Feature", "geometry": {"type": "LineString", "coordinates": [[141.80989179140784, 55.26265960369116], [141.76968527666503, 55.287511299100956]]}, "properties": {"source": "25357521", "target": "26651917"}}, {"type": "Feature", "geometry": {"type": "LineString", "coordinates": [[141.80989179140784, 55.26265960369116], [141.78017027785933, 55.266717974567555]]}, "properties": {"source": "25357521", "target": "24454511"}}, {"type": "Feature", "geometry": {"type": "LineString", "coordinates": [[141.80989179140784, 55.26265960369116], [141.79475191437166, 55.271395493498346]]}, "properties": {"source": "25357521", "target": "26859062"}}, {"type": "Feature", "geometry": {"type": "LineString", "coordinates": [[141.80989179140784, 55.26265960369116], [141.84149201900016, 55.282169146200815]]}, "properties": {"source": "25357521", "target": "25571895"}}, {"type": "Feature", "geometry": {"type": "LineString", "coordinates": [[141.80989179140784, 55.26265960369116], [141.8587957250552, 55.265389571267804]]}, "properties": {"source": "25357521", "target": "26641072"}}, {"type": "Feature", "geometry": {"type": "LineString", "coordinates": [[141.80989179140784, 55.26265960369116], [141.8176178111446, 55.2766126619547]]}, "properties": {"source": "25357521", "target": "2237043"}}, {"type": "Feature", "geometry": {"type": "LineString", "coordinates": [[141.80989179140784, 55.26265960369116], [141.83410596789514, 55.281026087809764]]}, "properties": {"source": "25357521", "target": "2221419"}}, {"type": "Feature", "geometry": {"type": "LineString", "coordinates": [[141.77372872828204, 55.270288816124136], [141.8007198807145, 55.27161429268848]]}, "properties": {"source": "502146", "target": "6570588"}}, {"type": "Feature", "geometry": {"type": "LineString", "coordinates": [[141.77372872828204, 55.270288816124136], [141.85894327523692, 55.263739521883934]]}, "properties": {"source": "502146", "target": "11512221"}}, {"type": "Feature", "geometry": {"type": "LineString", "coordinates": [[141.77372872828204, 55.270288816124136], [141.8537614823823, 55.259736371188296]]}, "properties": {"source": "502146", "target": "10996474"}}, {"type": "Feature", "geometry": {"type": "LineString", "coordinates": [[141.77372872828204, 55.270288816124136], [141.817966532946, 55.284664715431006]]}, "properties": {"source": "502146", "target": "109795"}}, {"type": "Feature", "geometry": {"type": "LineString", "coordinates": [[141.77372872828204, 55.270288816124136], [141.76508991626997, 55.26492530549402]]}, "properties": {"source": "502146", "target": "6409406"}}, {"type": "Feature", "geometry": {"type": "LineString", "coordinates": [[141.77372872828204, 55.270288816124136], [141.84786813790055, 55.26774443870288]]}, "properties": {"source": "502146", "target": "12611151"}}, {"type": "Feature", "geometry": {"type": "LineString", "coordinates": [[141.77372872828204, 55.270288816124136], [141.84968804261774, 55.26187543829447]]}, "properties": {"source": "502146", "target": "6280627"}}, {"type": "Feature", "geometry": {"type": "LineString", "coordinates": [[141.80555590151943, 55.26660561909894], [141.76589416727836, 55.27064876850346]]}, "properties": {"source": "3079674", "target": "15706861"}}, {"type": "Feature", "geometry": {"type": "LineString", "coordinates": [[141.80555590151943, 55.26660561909894], [141.8438417879534, 55.28733036447197]]}, "properties": {"source": "3079674", "target": "1317839"}}, {"type": "Feature", "geometry": {"type": "LineString", "coordinates": [[141.80555590151943, 55.26660561909894], [141.85450963655984, 55.27219547375742]]}, "properties": {"source": "3079674", "target": "15773846"}}, {"type": "Feature", "geometry": {"type": "LineString", "coordinates": [[141.80555590151943, 55.26660561909894], [141.82270742822215, 55.26039540090851]]}, "properties": {"source": "3079674", "target": "3445198"}}, {"type": "Feature", "geometry": {"type": "LineString", "coordinates": [[141.80555590151943, 55.26660561909894], [141.80283045902758, 55.28718354361689]]}, "properties": {"source": "3079674", "target": "25614271"}}, {"type": "Feature", "geometry": {"type": "LineString", "coordinates": [[141.80555590151943, 55.26660561909894], [141.76739229196744, 55.2618834236342]]}, "properties": {"source": "3079674", "target": "11914150"}}, {"type": "Feature", "geometry": {"type": "LineString", "coordinates": [[141.80555590151943, 55.26660561909894], [141.81527539985774, 55.278084021213076]]}, "properties": {"source": "3079674", "target": "1114651"}}, {"type": "Feature", "geometry": {"type": "LineString", "coordinates": [[141.80555590151943, 55.26660561909894], [141.84065035763575, 55.27287098875992]]}, "properties": {"source": "3079674", "target": "3696304"}}, {"type": "Feature", "geometry": {"type": "LineString", "coordinates": [[141.80555590151943, 55.26660561909894], [141.78577155893265, 55.280632053155685]]}, "properties": {"source": "3079674", "target": "4167757"}}, {"type": "Feature", "geometry": {"type": "LineString", "coordinates": [[141.80555590151943, 55.26660561909894], [141.86110730135147, 55.28070801053542]]}, "properties": {"source": "3079674", "target": "13732476"}}, {"type": "Feature", "geometry": {"type": "LineString", "coordinates": [[141.80555590151943, 55.26660561909894], [141.78871751820884, 55.290182740000574]]}, "properties": {"source": "3079674", "target": "1127069"}}, {"type": "Feature", "geometry": {"type": "LineString", "coordinates": [[141.80555590151943, 55.26660561909894], [141.8332309733339, 55.2834892532417]]}, "properties": {"source": "3079674", "target": "3233388"}}, {"type": "Feature", "geometry": {"type": "LineString", "coordinates": [[141.8563193773137, 55.262632324937286], [141.76456995738255, 55.27263815646833]]}, "properties": {"source": "847030", "target": "824998"}}, {"type": "Feature", "geometry": {"type": "LineString", "coordinates": [[141.8563193773137, 55.262632324937286], [141.8411740476406, 55.28596520074548]]}, "properties": {"source": "847030", "target": "645949"}}, {"type": "Feature", "geometry": {"type": "LineString", "coordinates": [[141.8563193773137, 55.262632324937286], [141.82961842857094, 55.287605854611385]]}, "properties": {"source": "847030", "target": "8072237"}}, {"type": "Feature", "geometry": {"type": "LineString", "coordinates": [[141.8563193773137, 55.262632324937286], [141.81126845071793, 55.261000937750055]]}, "properties": {"source": "847030", "target": "955696"}}, {"type": "Feature", "geometry": {"type": "LineString", "coordinates": [[141.83852937157678, 55.27157343917109], [141.81105747870038, 55.268398249273844]]}, "properties": {"source": "3872106", "target": "4158972"}}, {"type": "Feature", "geometry": {"type": "LineString", "coordinates": [[141.77847913862092, 55.26564035364474], [141.83852937157678, 55.27157343917109]]}, "properties": {"source": "38845", "target": "3872106"}}, {"type": "Feature", "geometry": {"type": "LineString", "coordinates": [[141.77847913862092, 55.26564035364474], [141.81105747870038, 55.268398249273844]]}, "properties": {"source": "38845", "target": "4158972"}}, {"type": "Feature", "geometry": {"type": "LineString", "coordinates": [[141.77847913862092, 55.26564035364474], [141.76456995738255, 55.27263815646833]]}, "properties": {"source": "38845", "target": "824998"}}, {"type": "Feature", "geometry": {"type": "LineString", "coordinates": [[141.77847913862092, 55.26564035364474], [141.8411740476406, 55.28596520074548]]}, "properties": {"source": "38845", "target": "645949"}}, {"type": "Feature", "geometry": {"type": "LineString", "coordinates": [[141.77847913862092, 55.26564035364474], [141.82961842857094, 55.287605854611385]]}, "properties": {"source": "38845", "target": "8072237"}}, {"type": "Feature", "geometry": {"type": "LineString", "coordinates": [[141.77847913862092, 55.26564035364474], [141.78133600349946, 55.274898503785536]]}, "properties": {"source": "38845", "target": "2849323"}}, {"type": "Feature", "geometry": {"type": "LineString", "coordinates": [[141.77847913862092, 55.26564035364474], [141.83864305239496, 55.259811682267326]]}, "properties": {"source": "38845", "target": "572751"}}, {"type": "Feature", "geometry": {"type": "LineString", "coordinates": [[141.77847913862092, 55.26564035364474], [141.82760841083655, 55.25961092029709]]}, "properties": {"source": "38845", "target": "2744477"}}, {"type": "Feature", "geometry": {"type": "LineString", "coordinates": [[141.77847913862092, 55.26564035364474], [141.83097577666518, 55.28224918314592]]}, "properties": {"source": "38845", "target": "2884174"}}, {"type": "Feature", "geometry": {"type": "LineString", "coordinates": [[141.77847913862092, 55.26564035364474], [141.82801225251575, 55.25868726923932]]}, "properties": {"source": "38845", "target": "7078907"}}, {"type": "Feature", "geometry": {"type": "LineString", "coordinates": [[141.77847913862092, 55.26564035364474], [141.79711498565808, 55.26437037241328]]}, "properties": {"source": "38845", "target": "3070506"}}, {"type": "Feature", "geometry": {"type": "LineString", "coordinates": [[141.77847913862092, 55.26564035364474], [141.77236082548296, 55.29070408133889]]}, "properties": {"source": "38845", "target": "424927"}}, {"type": "Feature", "geometry": {"type": "LineString", "coordinates": [[141.77847913862092, 55.26564035364474], [141.7832194996888, 55.26968202444543]]}, "properties": {"source": "38845", "target": "1968203"}}, {"type": "Feature", "geometry": {"type": "LineString", "coordinates": [[141.77847913862092, 55.26564035364474], [141.81153084189026, 55.28146601058579]]}, "properties": {"source": "38845", "target": "5373323"}}, {"type": "Feature", "geometry": {"type": "LineString", "coordinates": [[141.77847913862092, 55.26564035364474], [141.80236561679237, 55.26972993649592]]}, "properties": {"source": "38845", "target": "1450706"}}, {"type": "Feature", "geometry": {"type": "LineString", "coordinates": [[141.83751093281018, 55.26076110235768], [141.79698765645196, 55.26812733437308]]}, "properties": {"source": "18742810", "target": "16862840"}}, {"type": "Feature", "geometry": {"type": "LineString", "coordinates": [[141.83751093281018, 55.26076110235768], [141.83922691945247, 55.260679535878154]]}, "properties": {"source": "18742810", "target": "16108157"}}, {"type": "Feature", "geometry": {"type": "LineString", "coordinates": [[141.83751093281018, 55.26076110235768], [141.81687824296404, 55.27930057459031]]}, "properties": {"source": "18742810", "target": "16156372"}}, {"type": "Feature", "geometry": {"type": "LineString", "coordinates": [[141.83751093281018, 55.26076110235768], [141.83884158653785, 55.26585553114715]]}, "properties": {"source": "18742810", "target": "15750598"}}, {"type": "Feature", "geometry": {"type": "LineString", "coordinates": [[141.83751093281018, 55.26076110235768], [141.78561820733717, 55.26609425482799]]}, "properties": {"source": "18742810", "target": "16083317"}}, {"type": "Feature", "geometry": {"type": "LineString", "coordinates": [[141.83751093281018, 55.26076110235768], [141.84862924333072, 55.258437354976905]]}, "properties": {"source": "18742810", "target": "14059110"}}, {"type": "Feature", "geometry": {"type": "LineString", "coordinates": [[141.83751093281018, 55.26076110235768], [141.83033136376787, 55.26274335944811]]}, "properties": {"source": "18742810", "target": "302449"}}, {"type": "Feature", "geometry": {"type": "LineString", "coordinates": [[141.83751093281018, 55.26076110235768], [141.82172591910285, 55.27408752824891]]}, "properties": {"source": "18742810", "target": "17674605"}}, {"type": "Feature", "geometry": {"type": "LineString", "coordinates": [[141.8483263418151, 55.28660814806456], [141.76716297862964, 55.258959405249925]]}, "properties": {"source": "9533863", "target": "933562"}}, {"type": "Feature", "geometry": {"type": "LineString", "coordinates": [[141.79698923721185, 55.28788973686093], [141.8054150940111, 55.27559399261868]]}, "properties": {"source": "13539705", "target": "15747358"}}, {"type": "Feature", "geometry": {"type": "LineString", "coordinates": [[141.79698923721185, 55.28788973686093], [141.83367990874098, 55.282792290954404]]}, "properties": {"source": "13539705", "target": "15705005"}}, {"type": "Feature", "geometry": {"type": "LineString", "coordinates": [[141.79698923721185, 55.28788973686093], [141.85180442655945, 55.2849878587607]]}, "properties": {"source": "13539705", "target": "13539703"}}, {"type": "Feature", "geometry": {"type": "LineString", "coordinates": [[141.79698923721185, 55.28788973686093], [141.8566317814366, 55.27478228637095]]}, "properties": {"source": "13539705", "target": "15703214"}}, {"type": "Feature", "geometry": {"type": "LineString", "coordinates": [[141.83904229971574, 55.264245949670226], [141.850989019373, 55.266545158374356]]}, "properties": {"source": "2198476", "target": "4243015"}}, {"type": "Feature", "geometry": {"type": "LineString", "coordinates": [[141.83904229971574, 55.264245949670226], [141.83895262214827, 55.284408891134944]]}, "properties": {"source": "2198476", "target": "16180725"}}, {"type": "Feature", "geometry": {"type": "LineString", "coordinates": [[141.83751093281018, 55.26076110235768], [141.8082565132765, 55.26175723271862]]}, "properties": {"source": "18742810", "target": "16687067"}}, {"type": "Feature", "geometry": {"type": "LineString", "coordinates": [[141.85688459855322, 55.28650144618905], [141.84768283084884, 55.27511786516757]]}, "properties": {"source": "2443899", "target": "3363176"}}, {"type": "Feature", "geometry": {"type": "LineString", "coordinates": [[141.85688459855322, 55.28650144618905], [141.82187463535655, 55.26896969416424]]}, "properties": {"source": "2443899", "target": "27250260"}}, {"type": "Feature", "geometry": {"type": "LineString", "coordinates": [[141.85688459855322, 55.28650144618905], [141.7769194280449, 55.260251585728696]]}, "properties": {"source": "2443899", "target": "1191487"}}, {"type": "Feature", "geometry": {"type": "LineString", "coordinates": [[141.85688459855322, 55.28650144618905], [141.77338909352824, 55.277587749529644]]}, "properties": {"source": "2443899", "target": "2357069"}}, {"type": "Feature", "geometry": {"type": "LineString", "coordinates": [[141.85688459855322, 55.28650144618905], [141.83876724033848, 55.27294950977803]]}, "properties": {"source": "2443899", "target": "462533"}}, {"type": "Feature", "geometry": {"type": "LineString", "coordinates": [[141.7769194280449, 55.260251585728696], [141.7982561648946, 55.2581741170482]]}, "properties": {"source": "1191487", "target": "378266"}}, {"type": "Feature", "geometry": {"type": "LineString", "coordinates": [[141.7769194280449, 55.260251585728696], [141.84768283084884, 55.27511786516757]]}, "properties": {"source": "1191487", "target": "3363176"}}, {"type": "Feature", "geometry": {"type": "LineString", "coordinates": [[141.7769194280449, 55.260251585728696], [141.77045074547914, 55.25901346943333]]}, "properties": {"source": "1191487", "target": "3640431"}}, {"type": "Feature", "geometry": {"type": "LineString", "coordinates": [[141.79475191437166, 55.271395493498346], [141.83097577666518, 55.28224918314592]]}, "properties": {"source": "26859062", "target": "2884174"}}, {"type": "Feature", "geometry": {"type": "LineString", "coordinates": [[141.79475191437166, 55.271395493498346], [141.8313018527877, 55.27464351037101]]}, "properties": {"source": "26859062", "target": "1250206"}}, {"type": "Feature", "geometry": {"type": "LineString", "coordinates": [[141.79475191437166, 55.271395493498346], [141.7841628277605, 55.278963607663954]]}, "properties": {"source": "26859062", "target": "1385579"}}, {"type": "Feature", "geometry": {"type": "LineString", "coordinates": [[141.83751093281018, 55.26076110235768], [141.80555590151943, 55.26660561909894]]}, "properties": {"source": "18742810", "target": "3079674"}}, {"type": "Feature", "geometry": {"type": "LineString", "coordinates": [[141.83751093281018, 55.26076110235768], [141.78553500000658, 55.290188251093085]]}, "properties": {"source": "18742810", "target": "15931624"}}, {"type": "Feature", "geometry": {"type": "LineString", "coordinates": [[141.83751093281018, 55.26076110235768], [141.83506323360007, 55.28810529603247]]}, "properties": {"source": "18742810", "target": "15931640"}}, {"type": "Feature", "geometry": {"type": "LineString", "coordinates": [[141.83751093281018, 55.26076110235768], [141.844497768488, 55.28591133964696]]}, "properties": {"source": "18742810", "target": "18139930"}}, {"type": "Feature", "geometry": {"type": "LineString", "coordinates": [[141.85688459855322, 55.28650144618905], [141.7903653102464, 55.278528656115995]]}, "properties": {"source": "2443899", "target": "269838"}}, {"type": "Feature", "geometry": {"type": "LineString", "coordinates": [[141.82893628306425, 55.2700757024308], [141.84728768540486, 55.27655695519286]]}, "properties": {"source": "1470397", "target": "13625696"}}, {"type": "Feature", "geometry": {"type": "LineString", "coordinates": [[141.8025925284166, 55.26846831193005], [141.77847913862092, 55.26564035364474]]}, "properties": {"source": "38841", "target": "38845"}}, {"type": "Feature", "geometry": {"type": "LineString", "coordinates": [[141.8025925284166, 55.26846831193005], [141.82503449063552, 55.26728977127688]]}, "properties": {"source": "38841", "target": "5118485"}}, {"type": "Feature", "geometry": {"type": "LineString", "coordinates": [[141.8025925284166, 55.26846831193005], [141.81105747870038, 55.268398249273844]]}, "properties": {"source": "38841", "target": "4158972"}}, {"type": "Feature", "geometry": {"type": "LineString", "coordinates": [[141.8025925284166, 55.26846831193005], [141.8411740476406, 55.28596520074548]]}, "properties": {"source": "38841", "target": "645949"}}, {"type": "Feature", "geometry": {"type": "LineString", "coordinates": [[141.8025925284166, 55.26846831193005], [141.77236082548296, 55.29070408133889]]}, "properties": {"source": "38841", "target": "424927"}}, {"type": "Feature", "geometry": {"type": "LineString", "coordinates": [[141.78757569793618, 55.289896672344284], [141.81179457723778, 55.25876438659107]]}, "properties": {"source": "18755158", "target": "25816179"}}, {"type": "Feature", "geometry": {"type": "LineString", "coordinates": [[141.78757569793618, 55.289896672344284], [141.84135279690793, 55.25974953910729]]}, "properties": {"source": "18755158", "target": "22305315"}}, {"type": "Feature", "geometry": {"type": "LineString", "coordinates": [[141.78757569793618, 55.289896672344284], [141.83850675277677, 55.26501460461492]]}, "properties": {"source": "18755158", "target": "13059470"}}, {"type": "Feature", "geometry": {"type": "LineString", "coordinates": [[141.83515743038976, 55.26694470571415], [141.8067269767252, 55.28854318331372]]}, "properties": {"source": "7248166", "target": "6908595"}}, {"type": "Feature", "geometry": {"type": "LineString", "coordinates": [[141.83515743038976, 55.26694470571415], [141.7756381888359, 55.267666909396695]]}, "properties": {"source": "7248166", "target": "580385"}}, {"type": "Feature", "geometry": {"type": "LineString", "coordinates": [[141.83515743038976, 55.26694470571415], [141.83867677029355, 55.25951433257271]]}, "properties": {"source": "7248166", "target": "731732"}}, {"type": "Feature", "geometry": {"type": "LineString", "coordinates": [[141.83515743038976, 55.26694470571415], [141.82666279858626, 55.28628240240954]]}, "properties": {"source": "7248166", "target": "1232601"}}, {"type": "Feature", "geometry": {"type": "LineString", "coordinates": [[141.83515743038976, 55.26694470571415], [141.86197638439728, 55.28817855814687]]}, "properties": {"source": "7248166", "target": "1056485"}}, {"type": "Feature", "geometry": {"type": "LineString", "coordinates": [[141.83515743038976, 55.26694470571415], [141.8319148415988, 55.26847270278107]]}, "properties": {"source": "7248166", "target": "66355"}}, {"type": "Feature", "geometry": {"type": "LineString", "coordinates": [[141.83515743038976, 55.26694470571415], [141.82556042682904, 55.27919680651678]]}, "properties": {"source": "7248166", "target": "614383"}}, {"type": "Feature", "geometry": {"type": "LineString", "coordinates": [[141.82503449063552, 55.26728977127688], [141.8603550600485, 55.26836811497071]]}, "properties": {"source": "5118485", "target": "2144536"}}, {"type": "Feature", "geometry": {"type": "LineString", "coordinates": [[141.82503449063552, 55.26728977127688], [141.76472422043844, 55.259963863468]]}, "properties": {"source": "5118485", "target": "10149554"}}, {"type": "Feature", "geometry": {"type": "LineString", "coordinates": [[141.82503449063552, 55.26728977127688], [141.76961960996562, 55.26569671866493]]}, "properties": {"source": "5118485", "target": "1629938"}}, {"type": "Feature", "geometry": {"type": "LineString", "coordinates": [[141.82503449063552, 55.26728977127688], [141.8250331385421, 55.258936090648675]]}, "properties": {"source": "5118485", "target": "1371802"}}, {"type": "Feature", "geometry": {"type": "LineString", "coordinates": [[141.82503449063552, 55.26728977127688], [141.84544987961038, 55.26062195504565]]}, "properties": {"source": "5118485", "target": "1091734"}}, {"type": "Feature", "geometry": {"type": "LineString", "coordinates": [[141.82503449063552, 55.26728977127688], [141.84324255304165, 55.271498707817386]]}, "properties": {"source": "5118485", "target": "2473475"}}, {"type": "Feature", "geometry": {"type": "LineString", "coordinates": [[141.82503449063552, 55.26728977127688], [141.78416571796856, 55.258903529589816]]}, "properties": {"source": "5118485", "target": "1031426"}}, {"type": "Feature", "geometry": {"type": "LineString", "coordinates": [[141.82503449063552, 55.26728977127688], [141.77573860099454, 55.25946987101332]]}, "properties": {"source": "5118485", "target": "1301899"}}, {"type": "Feature", "geometry": {"type": "LineString", "coordinates": [[141.82503449063552, 55.26728977127688], [141.84214222043795, 55.28845164118344]]}, "properties": {"source": "5118485", "target": "2232038"}}, {"type": "Feature", "geometry": {"type": "LineString", "coordinates": [[141.82503449063552, 55.26728977127688], [141.84021386849412, 55.26667987565152]]}, "properties": {"source": "5118485", "target": "2240876"}}, {"type": "Feature", "geometry": {"type": "LineString", "coordinates": [[141.82503449063552, 55.26728977127688], [141.79390180157668, 55.28867078219366]]}, "properties": {"source": "5118485", "target": "1532350"}}, {"type": "Feature", "geometry": {"type": "LineString", "coordinates": [[141.82503449063552, 55.26728977127688], [141.8365842486486, 55.272979333266775]]}, "properties": {"source": "5118485", "target": "236420"}}, {"type": "Feature", "geometry": {"type": "LineString", "coordinates": [[141.80368065809887, 55.266549896693476], [141.83852937157678, 55.27157343917109]]}, "properties": {"source": "2968249", "target": "3872106"}}, {"type": "Feature", "geometry": {"type": "LineString", "coordinates": [[141.80368065809887, 55.266549896693476], [141.77847913862092, 55.26564035364474]]}, "properties": {"source": "2968249", "target": "38845"}}, {"type": "Feature", "geometry": {"type": "LineString", "coordinates": [[141.80368065809887, 55.266549896693476], [141.81105747870038, 55.268398249273844]]}, "properties": {"source": "2968249", "target": "4158972"}}, {"type": "Feature", "geometry": {"type": "LineString", "coordinates": [[141.80368065809887, 55.266549896693476], [141.83893436753175, 55.26952227685919]]}, "properties": {"source": "2968249", "target": "2562981"}}, {"type": "Feature", "geometry": {"type": "LineString", "coordinates": [[141.8004450768804, 55.27687456930893], [141.7861269276924, 55.2768417984624]]}, "properties": {"source": "25205355", "target": "25154572"}}, {"type": "Feature", "geometry": {"type": "LineString", "coordinates": [[141.8560538306811, 55.28291760037632], [141.77937340159622, 55.28923935703513]]}, "properties": {"source": "168328", "target": "16133971"}}, {"type": "Feature", "geometry": {"type": "LineString", "coordinates": [[141.8560538306811, 55.28291760037632], [141.81978756165097, 55.27263813872163]]}, "properties": {"source": "168328", "target": "1605511"}}, {"type": "Feature", "geometry": {"type": "LineString", "coordinates": [[141.8560538306811, 55.28291760037632], [141.85010002157492, 55.25987657538606]]}, "properties": {"source": "168328", "target": "18886993"}}, {"type": "Feature", "geometry": {"type": "LineString", "coordinates": [[141.8560538306811, 55.28291760037632], [141.7661663252823, 55.28830330954463]]}, "properties": {"source": "168328", "target": "19171814"}}, {"type": "Feature", "geometry": {"type": "LineString", "coordinates": [[141.8560538306811, 55.28291760037632], [141.84610605718086, 55.28692546520037]]}, "properties": {"source": "168328", "target": "18894978"}}, {"type": "Feature", "geometry": {"type": "LineString", "coordinates": [[141.77045074547914, 55.25901346943333], [141.7982561648946, 55.2581741170482]]}, "properties": {"source": "3640431", "target": "378266"}}, {"type": "Feature", "geometry": {"type": "LineString", "coordinates": [[141.77045074547914, 55.25901346943333], [141.84768283084884, 55.27511786516757]]}, "properties": {"source": "3640431", "target": "3363176"}}, {"type": "Feature", "geometry": {"type": "LineString", "coordinates": [[141.83920141947362, 55.26238546647339], [141.769315231416, 55.267658088770006]]}, "properties": {"source": "25324553", "target": "25005607"}}, {"type": "Feature", "geometry": {"type": "LineString", "coordinates": [[141.83920141947362, 55.26238546647339], [141.83057980608226, 55.27893059491136]]}, "properties": {"source": "25324553", "target": "25663771"}}, {"type": "Feature", "geometry": {"type": "LineString", "coordinates": [[141.83920141947362, 55.26238546647339], [141.7861269276924, 55.2768417984624]]}, "properties": {"source": "25324553", "target": "25154572"}}, {"type": "Feature", "geometry": {"type": "LineString", "coordinates": [[141.84937189407827, 55.25810196797552], [141.78334100258553, 55.26197614578261]]}, "properties": {"source": "13326225", "target": "25967954"}}, {"type": "Feature", "geometry": {"type": "LineString", "coordinates": [[141.84937189407827, 55.25810196797552], [141.791495000061, 55.27161938684216]]}, "properties": {"source": "13326225", "target": "22567980"}}, {"type": "Feature", "geometry": {"type": "LineString", "coordinates": [[141.84937189407827, 55.25810196797552], [141.7876747189801, 55.28595924132965]]}, "properties": {"source": "13326225", "target": "8140890"}}, {"type": "Feature", "geometry": {"type": "LineString", "coordinates": [[141.84937189407827, 55.25810196797552], [141.8164094239546, 55.261293807430036]]}, "properties": {"source": "13326225", "target": "22545968"}}, {"type": "Feature", "geometry": {"type": "LineString", "coordinates": [[141.77045074547914, 55.25901346943333], [141.7903653102464, 55.278528656115995]]}, "properties": {"source": "3640431", "target": "269838"}}, {"type": "Feature", "geometry": {"type": "LineString", "coordinates": [[141.83175675312748, 55.270373350774406], [141.84149201900016, 55.282169146200815]]}, "properties": {"source": "24869720", "target": "25571895"}}, {"type": "Feature", "geometry": {"type": "LineString", "coordinates": [[141.83175648857116, 55.27305213506587], [141.84436528288006, 55.28149825589301]]}, "properties": {"source": "599006", "target": "6049536"}}, {"type": "Feature", "geometry": {"type": "LineString", "coordinates": [[141.83175648857116, 55.27305213506587], [141.82985170687328, 55.28467676762966]]}, "properties": {"source": "599006", "target": "5417628"}}, {"type": "Feature", "geometry": {"type": "LineString", "coordinates": [[141.84426851969016, 55.26364051662766], [141.83358033845144, 55.26330654731508]]}, "properties": {"source": "1163880", "target": "3734204"}}, {"type": "Feature", "geometry": {"type": "LineString", "coordinates": [[141.84426851969016, 55.26364051662766], [141.86153354782988, 55.28745231106262]]}, "properties": {"source": "1163880", "target": "5029181"}}, {"type": "Feature", "geometry": {"type": "LineString", "coordinates": [[141.7646322801162, 55.27557460877901], [141.7876747189801, 55.28595924132965]]}, "properties": {"source": "12012294", "target": "8140890"}}, {"type": "Feature", "geometry": {"type": "LineString", "coordinates": [[141.7646322801162, 55.27557460877901], [141.78320626695347, 55.25904043900479]]}, "properties": {"source": "12012294", "target": "8484782"}}, {"type": "Feature", "geometry": {"type": "LineString", "coordinates": [[141.77384620151673, 55.2677453977155], [141.8184857423592, 55.267344640180866]]}, "properties": {"source": "607241", "target": "6149370"}}, {"type": "Feature", "geometry": {"type": "LineString", "coordinates": [[141.81711660227154, 55.259224491342465], [141.84135279690793, 55.25974953910729]]}, "properties": {"source": "25050293", "target": "22305315"}}, {"type": "Feature", "geometry": {"type": "LineString", "coordinates": [[141.79121889604596, 55.283945657936044], [141.78488236534184, 55.27613012087964]]}, "properties": {"source": "174448", "target": "1877658"}}, {"type": "Feature", "geometry": {"type": "LineString", "coordinates": [[141.819642923535, 55.29052808211807], [141.83864305239496, 55.259811682267326]]}, "properties": {"source": "1084978", "target": "572751"}}, {"type": "Feature", "geometry": {"type": "LineString", "coordinates": [[141.819642923535, 55.29052808211807], [141.8342981162565, 55.278140891459955]]}, "properties": {"source": "1084978", "target": "7065312"}}, {"type": "Feature", "geometry": {"type": "LineString", "coordinates": [[141.819642923535, 55.29052808211807], [141.84544987961038, 55.26062195504565]]}, "properties": {"source": "1084978", "target": "1091734"}}, {"type": "Feature", "geometry": {"type": "LineString", "coordinates": [[141.82865805183337, 55.26391229078369], [141.84436528288006, 55.28149825589301]]}, "properties": {"source": "550142", "target": "6049536"}}, {"type": "Feature", "geometry": {"type": "LineString", "coordinates": [[141.82865805183337, 55.26391229078369], [141.82985170687328, 55.28467676762966]]}, "properties": {"source": "550142", "target": "5417628"}}, {"type": "Feature", "geometry": {"type": "LineString", "coordinates": [[141.78368405559212, 55.26640282498998], [141.8004450768804, 55.27687456930893]]}, "properties": {"source": "25335713", "target": "25205355"}}, {"type": "Feature", "geometry": {"type": "LineString", "coordinates": [[141.77498854763945, 55.26704380183038], [141.82760841083655, 55.25961092029709]]}, "properties": {"source": "2601871", "target": "2744477"}}, {"type": "Feature", "geometry": {"type": "LineString", "coordinates": [[141.77498854763945, 55.26704380183038], [141.79711498565808, 55.26437037241328]]}, "properties": {"source": "2601871", "target": "3070506"}}, {"type": "Feature", "geometry": {"type": "LineString", "coordinates": [[141.77498854763945, 55.26704380183038], [141.7730266860981, 55.26614232200738]]}, "properties": {"source": "2601871", "target": "2333421"}}, {"type": "Feature", "geometry": {"type": "LineString", "coordinates": [[141.77498854763945, 55.26704380183038], [141.7832194996888, 55.26968202444543]]}, "properties": {"source": "2601871", "target": "1968203"}}, {"type": "Feature", "geometry": {"type": "LineString", "coordinates": [[141.77498854763945, 55.26704380183038], [141.8532369443427, 55.280640447857365]]}, "properties": {"source": "2601871", "target": "1876213"}}, {"type": "Feature", "geometry": {"type": "LineString", "coordinates": [[141.77498854763945, 55.26704380183038], [141.85466902086785, 55.26716877692583]]}, "properties": {"source": "2601871", "target": "1920643"}}, {"type": "Feature", "geometry": {"type": "LineString", "coordinates": [[141.8147082576915, 55.280932299621355], [141.83852937157678, 55.27157343917109]]}, "properties": {"source": "144217", "target": "3872106"}}, {"type": "Feature", "geometry": {"type": "LineString", "coordinates": [[141.8147082576915, 55.280932299621355], [141.77847913862092, 55.26564035364474]]}, "properties": {"source": "144217", "target": "38845"}}, {"type": "Feature", "geometry": {"type": "LineString", "coordinates": [[141.8147082576915, 55.280932299621355], [141.82503449063552, 55.26728977127688]]}, "properties": {"source": "144217", "target": "5118485"}}, {"type": "Feature", "geometry": {"type": "LineString", "coordinates": [[141.8147082576915, 55.280932299621355], [141.81105747870038, 55.268398249273844]]}, "properties": {"source": "144217", "target": "4158972"}}, {"type": "Feature", "geometry": {"type": "LineString", "coordinates": [[141.8147082576915, 55.280932299621355], [141.76456995738255, 55.27263815646833]]}, "properties": {"source": "144217", "target": "824998"}}, {"type": "Feature", "geometry": {"type": "LineString", "coordinates": [[141.8147082576915, 55.280932299621355], [141.8411740476406, 55.28596520074548]]}, "properties": {"source": "144217", "target": "645949"}}, {"type": "Feature", "geometry": {"type": "LineString", "coordinates": [[141.8147082576915, 55.280932299621355], [141.78488236534184, 55.27613012087964]]}, "properties": {"source": "144217", "target": "1877658"}}, {"type": "Feature", "geometry": {"type": "LineString", "coordinates": [[141.8147082576915, 55.280932299621355], [141.8563193773137, 55.262632324937286]]}, "properties": {"source": "144217", "target": "847030"}}, {"type": "Feature", "geometry": {"type": "LineString", "coordinates": [[141.8147082576915, 55.280932299621355], [141.7899997618319, 55.270189264457]]}, "properties": {"source": "144217", "target": "1228275"}}, {"type": "Feature", "geometry": {"type": "LineString", "coordinates": [[141.8147082576915, 55.280932299621355], [141.79260742154804, 55.263900806767396]]}, "properties": {"source": "144217", "target": "1366236"}}, {"type": "Feature", "geometry": {"type": "LineString", "coordinates": [[141.8147082576915, 55.280932299621355], [141.76472422043844, 55.259963863468]]}, "properties": {"source": "144217", "target": "10149554"}}, {"type": "Feature", "geometry": {"type": "LineString", "coordinates": [[141.8147082576915, 55.280932299621355], [141.8250331385421, 55.258936090648675]]}, "properties": {"source": "144217", "target": "1371802"}}, {"type": "Feature", "geometry": {"type": "LineString", "coordinates": [[141.8147082576915, 55.280932299621355], [141.84544987961038, 55.26062195504565]]}, "properties": {"source": "144217", "target": "1091734"}}, {"type": "Feature", "geometry": {"type": "LineString", "coordinates": [[141.8147082576915, 55.280932299621355], [141.78416571796856, 55.258903529589816]]}, "properties": {"source": "144217", "target": "1031426"}}, {"type": "Feature", "geometry": {"type": "LineString", "coordinates": [[141.8147082576915, 55.280932299621355], [141.77573860099454, 55.25946987101332]]}, "properties": {"source": "144217", "target": "1301899"}}, {"type": "Feature", "geometry": {"type": "LineString", "coordinates": [[141.78371301130363, 55.290197019543825], [141.78488236534184, 55.27613012087964]]}, "properties": {"source": "9562419", "target": "1877658"}}, {"type": "Feature", "geometry": {"type": "LineString", "coordinates": [[141.78371301130363, 55.290197019543825], [141.7966125261877, 55.272849828631436]]}, "properties": {"source": "9562419", "target": "8594570"}}, {"type": "Feature", "geometry": {"type": "LineString", "coordinates": [[141.78371301130363, 55.290197019543825], [141.82666279858626, 55.28628240240954]]}, "properties": {"source": "9562419", "target": "1232601"}}, {"type": "Feature", "geometry": {"type": "LineString", "coordinates": [[141.78371301130363, 55.290197019543825], [141.86197638439728, 55.28817855814687]]}, "properties": {"source": "9562419", "target": "1056485"}}, {"type": "Feature", "geometry": {"type": "LineString", "coordinates": [[141.78371301130363, 55.290197019543825], [141.8403099760243, 55.26577013431485]]}, "properties": {"source": "9562419", "target": "9176304"}}, {"type": "Feature", "geometry": {"type": "LineString", "coordinates": [[141.78371301130363, 55.290197019543825], [141.82736818003218, 55.260013804401254]]}, "properties": {"source": "9562419", "target": "739687"}}, {"type": "Feature", "geometry": {"type": "LineString", "coordinates": [[141.78371301130363, 55.290197019543825], [141.79402157850893, 55.28507681053115]]}, "properties": {"source": "9562419", "target": "86185"}}, {"type": "Feature", "geometry": {"type": "LineString", "coordinates": [[141.78371301130363, 55.290197019543825], [141.83041654088134, 55.265700783398884]]}, "properties": {"source": "9562419", "target": "18337430"}}, {"type": "Feature", "geometry": {"type": "LineString", "coordinates": [[141.78371301130363, 55.290197019543825], [141.82338636230702, 55.27120596336884]]}, "properties": {"source": "9562419", "target": "1628927"}}, {"type": "Feature", "geometry": {"type": "LineString", "coordinates": [[141.78371301130363, 55.290197019543825], [141.8229832799471, 55.27589309108885]]}, "properties": {"source": "9562419", "target": "1159529"}}, {"type": "Feature", "geometry": {"type": "LineString", "coordinates": [[141.78371301130363, 55.290197019543825], [141.77312897883002, 55.26667699769264]]}, "properties": {"source": "9562419", "target": "7948956"}}, {"type": "Feature", "geometry": {"type": "LineString", "coordinates": [[141.8262807783696, 55.27389174064521], [141.769315231416, 55.267658088770006]]}, "properties": {"source": "24656821", "target": "25005607"}}, {"type": "Feature", "geometry": {"type": "LineString", "coordinates": [[141.8262807783696, 55.27389174064521], [141.8487711371469, 55.268313228756355]]}, "properties": {"source": "24656821", "target": "25387598"}}, {"type": "Feature", "geometry": {"type": "LineString", "coordinates": [[141.85697941747293, 55.25818977894335], [141.7909833803571, 55.29028786238726]]}, "properties": {"source": "1066172", "target": "1143301"}}, {"type": "Feature", "geometry": {"type": "LineString", "coordinates": [[141.85697941747293, 55.25818977894335], [141.83904229971574, 55.264245949670226]]}, "properties": {"source": "1066172", "target": "2198476"}}, {"type": "Feature", "geometry": {"type": "LineString", "coordinates": [[141.85697941747293, 55.25818977894335], [141.850989019373, 55.266545158374356]]}, "properties": {"source": "1066172", "target": "4243015"}}, {"type": "Feature", "geometry": {"type": "LineString", "coordinates": [[141.85697941747293, 55.25818977894335], [141.78436380552307, 55.27023707558378]]}, "properties": {"source": "1066172", "target": "7769154"}}, {"type": "Feature", "geometry": {"type": "LineString", "coordinates": [[141.85697941747293, 55.25818977894335], [141.77626553100504, 55.27455359951492]]}, "properties": {"source": "1066172", "target": "1518484"}}, {"type": "Feature", "geometry": {"type": "LineString", "coordinates": [[141.85932045323642, 55.25879843847052], [141.8125903070495, 55.276857910230916]]}, "properties": {"source": "23847982", "target": "24964266"}}, {"type": "Feature", "geometry": {"type": "LineString", "coordinates": [[141.78373641322884, 55.265491577516315], [141.81087296118346, 55.27011692107098]]}, "properties": {"source": "2865684", "target": "2660819"}}, {"type": "Feature", "geometry": {"type": "LineString", "coordinates": [[141.78373641322884, 55.265491577516315], [141.82792733920053, 55.286711121412736]]}, "properties": {"source": "2865684", "target": "28604397"}}, {"type": "Feature", "geometry": {"type": "LineString", "coordinates": [[141.78373641322884, 55.265491577516315], [141.77588320418772, 55.26653194910298]]}, "properties": {"source": "2865684", "target": "3079814"}}, {"type": "Feature", "geometry": {"type": "LineString", "coordinates": [[141.83764698600748, 55.26001480408837], [141.78988607497325, 55.26192050110306]]}, "properties": {"source": "2983189", "target": "10919008"}}, {"type": "Feature", "geometry": {"type": "LineString", "coordinates": [[141.83764698600748, 55.26001480408837], [141.80152207001225, 55.26610812887672]]}, "properties": {"source": "2983189", "target": "2234823"}}, {"type": "Feature", "geometry": {"type": "LineString", "coordinates": [[141.83764698600748, 55.26001480408837], [141.79494199395174, 55.28405482822605]]}, "properties": {"source": "2983189", "target": "2733729"}}, {"type": "Feature", "geometry": {"type": "LineString", "coordinates": [[141.83764698600748, 55.26001480408837], [141.78910445494074, 55.272387745652495]]}, "properties": {"source": "2983189", "target": "3278363"}}, {"type": "Feature", "geometry": {"type": "LineString", "coordinates": [[141.8262807783696, 55.27389174064521], [141.83920141947362, 55.26238546647339]]}, "properties": {"source": "24656821", "target": "25324553"}}, {"type": "Feature", "geometry": {"type": "LineString", "coordinates": [[141.76968527666503, 55.287511299100956], [141.78017027785933, 55.266717974567555]]}, "properties": {"source": "26651917", "target": "24454511"}}, {"type": "Feature", "geometry": {"type": "LineString", "coordinates": [[141.76968527666503, 55.287511299100956], [141.79475191437166, 55.271395493498346]]}, "properties": {"source": "26651917", "target": "26859062"}}, {"type": "Feature", "geometry": {"type": "LineString", "coordinates": [[141.76968527666503, 55.287511299100956], [141.84149201900016, 55.282169146200815]]}, "properties": {"source": "26651917", "target": "25571895"}}, {"type": "Feature", "geometry": {"type": "LineString", "coordinates": [[141.76968527666503, 55.287511299100956], [141.8587957250552, 55.265389571267804]]}, "properties": {"source": "26651917", "target": "26641072"}}, {"type": "Feature", "geometry": {"type": "LineString", "coordinates": [[141.76968527666503, 55.287511299100956], [141.83097577666518, 55.28224918314592]]}, "properties": {"source": "26651917", "target": "2884174"}}, {"type": "Feature", "geometry": {"type": "LineString", "coordinates": [[141.76968527666503, 55.287511299100956], [141.78868072868465, 55.280278760982554]]}, "properties": {"source": "26651917", "target": "23617060"}}, {"type": "Feature", "geometry": {"type": "LineString", "coordinates": [[141.76968527666503, 55.287511299100956], [141.8183982300523, 55.27906928690723]]}, "properties": {"source": "26651917", "target": "124839"}}, {"type": "Feature", "geometry": {"type": "LineString", "coordinates": [[141.76968527666503, 55.287511299100956], [141.8313018527877, 55.27464351037101]]}, "properties": {"source": "26651917", "target": "1250206"}}, {"type": "Feature", "geometry": {"type": "LineString", "coordinates": [[141.76968527666503, 55.287511299100956], [141.7841628277605, 55.278963607663954]]}, "properties": {"source": "26651917", "target": "1385579"}}, {"type": "Feature", "geometry": {"type": "LineString", "coordinates": [[141.80690583592525, 55.27621674441387], [141.8411740476406, 55.28596520074548]]}, "properties": {"source": "625135", "target": "645949"}}, {"type": "Feature", "geometry": {"type": "LineString", "coordinates": [[141.78089893820442, 55.29019031129775], [141.82760841083655, 55.25961092029709]]}, "properties": {"source": "25143403", "target": "2744477"}}, {"type": "Feature", "geometry": {"type": "LineString", "coordinates": [[141.78089893820442, 55.29019031129775], [141.8369157743747, 55.2671922478704]]}, "properties": {"source": "25143403", "target": "24609714"}}, {"type": "Feature", "geometry": {"type": "LineString", "coordinates": [[141.83814474831996, 55.261255942496646], [141.83904229971574, 55.264245949670226]]}, "properties": {"source": "16173270", "target": "2198476"}}, {"type": "Feature", "geometry": {"type": "LineString", "coordinates": [[141.83814474831996, 55.261255942496646], [141.83895262214827, 55.284408891134944]]}, "properties": {"source": "16173270", "target": "16180725"}}, {"type": "Feature", "geometry": {"type": "LineString", "coordinates": [[141.83814474831996, 55.261255942496646], [141.83102711660825, 55.27822815213774]]}, "properties": {"source": "16173270", "target": "15796138"}}, {"type": "Feature", "geometry": {"type": "LineString", "coordinates": [[141.85812392211665, 55.28624692999186], [141.81179457723778, 55.25876438659107]]}, "properties": {"source": "17558270", "target": "25816179"}}, {"type": "Feature", "geometry": {"type": "LineString", "coordinates": [[141.8258529338309, 55.27309788944682], [141.81687824296404, 55.27930057459031]]}, "properties": {"source": "16145383", "target": "16156372"}}, {"type": "Feature", "geometry": {"type": "LineString", "coordinates": [[141.8258529338309, 55.27309788944682], [141.83352184413405, 55.265208275754276]]}, "properties": {"source": "16145383", "target": "16108847"}}, {"type": "Feature", "geometry": {"type": "LineString", "coordinates": [[141.76931359099274, 55.260054998322275], [141.7910324609325, 55.28110164136373]]}, "properties": {"source": "19168796", "target": "19991193"}}, {"type": "Feature", "geometry": {"type": "LineString", "coordinates": [[141.76931359099274, 55.260054998322275], [141.82529296754393, 55.288941286233566]]}, "properties": {"source": "19168796", "target": "18873977"}}, {"type": "Feature", "geometry": {"type": "LineString", "coordinates": [[141.76931359099274, 55.260054998322275], [141.8176178111446, 55.2766126619547]]}, "properties": {"source": "19168796", "target": "2237043"}}, {"type": "Feature", "geometry": {"type": "LineString", "coordinates": [[141.76931359099274, 55.260054998322275], [141.83410596789514, 55.281026087809764]]}, "properties": {"source": "19168796", "target": "2221419"}}, {"type": "Feature", "geometry": {"type": "LineString", "coordinates": [[141.76931359099274, 55.260054998322275], [141.80456260859188, 55.2823012157552]]}, "properties": {"source": "19168796", "target": "17867279"}}, {"type": "Feature", "geometry": {"type": "LineString", "coordinates": [[141.81925663860426, 55.26304047298434], [141.84436528288006, 55.28149825589301]]}, "properties": {"source": "6619631", "target": "6049536"}}, {"type": "Feature", "geometry": {"type": "LineString", "coordinates": [[141.7810224921946, 55.270079768969225], [141.85403683770397, 55.28909126728978]]}, "properties": {"source": "18868447", "target": "1733621"}}, {"type": "Feature", "geometry": {"type": "LineString", "coordinates": [[141.7810224921946, 55.270079768969225], [141.7893411644576, 55.2666992900011]]}, "properties": {"source": "18868447", "target": "19324908"}}, {"type": "Feature", "geometry": {"type": "LineString", "coordinates": [[141.7810224921946, 55.270079768969225], [141.8560538306811, 55.28291760037632]]}, "properties": {"source": "18868447", "target": "168328"}}, {"type": "Feature", "geometry": {"type": "LineString", "coordinates": [[141.7810224921946, 55.270079768969225], [141.77937340159622, 55.28923935703513]]}, "properties": {"source": "18868447", "target": "16133971"}}, {"type": "Feature", "geometry": {"type": "LineString", "coordinates": [[141.7810224921946, 55.270079768969225], [141.81978756165097, 55.27263813872163]]}, "properties": {"source": "18868447", "target": "1605511"}}, {"type": "Feature", "geometry": {"type": "LineString", "coordinates": [[141.7810224921946, 55.270079768969225], [141.8148918463284, 55.28760934109009]]}, "properties": {"source": "18868447", "target": "10592766"}}, {"type": "Feature", "geometry": {"type": "LineString", "coordinates": [[141.79070753629378, 55.29018326036346], [141.7910324609325, 55.28110164136373]]}, "properties": {"source": "186197", "target": "19991193"}}, {"type": "Feature", "geometry": {"type": "LineString", "coordinates": [[141.76931359099274, 55.260054998322275], [141.81336251672224, 55.28074920039681]]}, "properties": {"source": "19168796", "target": "19245438"}}, {"type": "Feature", "geometry": {"type": "LineString", "coordinates": [[141.80694955425247, 55.26705957573438], [141.83506323360007, 55.28810529603247]]}, "properties": {"source": "17160993", "target": "15931640"}}, {"type": "Feature", "geometry": {"type": "LineString", "coordinates": [[141.80694955425247, 55.26705957573438], [141.844497768488, 55.28591133964696]]}, "properties": {"source": "17160993", "target": "18139930"}}, {"type": "Feature", "geometry": {"type": "LineString", "coordinates": [[141.80694955425247, 55.26705957573438], [141.79698765645196, 55.26812733437308]]}, "properties": {"source": "17160993", "target": "16862840"}}, {"type": "Feature", "geometry": {"type": "LineString", "coordinates": [[141.80694955425247, 55.26705957573438], [141.83922691945247, 55.260679535878154]]}, "properties": {"source": "17160993", "target": "16108157"}}, {"type": "Feature", "geometry": {"type": "LineString", "coordinates": [[141.80694955425247, 55.26705957573438], [141.81687824296404, 55.27930057459031]]}, "properties": {"source": "17160993", "target": "16156372"}}, {"type": "Feature", "geometry": {"type": "LineString", "coordinates": [[141.80694955425247, 55.26705957573438], [141.78561820733717, 55.26609425482799]]}, "properties": {"source": "17160993", "target": "16083317"}}, {"type": "Feature", "geometry": {"type": "LineString", "coordinates": [[141.80694955425247, 55.26705957573438], [141.83033136376787, 55.26274335944811]]}, "properties": {"source": "17160993", "target": "302449"}}, {"type": "Feature", "geometry": {"type": "LineString", "coordinates": [[141.80694955425247, 55.26705957573438], [141.82172591910285, 55.27408752824891]]}, "properties": {"source": "17160993", "target": "17674605"}}, {"type": "Feature", "geometry": {"type": "LineString", "coordinates": [[141.80694955425247, 55.26705957573438], [141.84381928745267, 55.25891331103726]]}, "properties": {"source": "17160993", "target": "13624388"}}, {"type": "Feature", "geometry": {"type": "LineString", "coordinates": [[141.80694955425247, 55.26705957573438], [141.83352184413405, 55.265208275754276]]}, "properties": {"source": "17160993", "target": "16108847"}}, {"type": "Feature", "geometry": {"type": "LineString", "coordinates": [[141.80694955425247, 55.26705957573438], [141.8258529338309, 55.27309788944682]]}, "properties": {"source": "17160993", "target": "16145383"}}, {"type": "Feature", "geometry": {"type": "LineString", "coordinates": [[141.80694955425247, 55.26705957573438], [141.84306565473508, 55.28046365464665]]}, "properties": {"source": "17160993", "target": "17155056"}}, {"type": "Feature", "geometry": {"type": "LineString", "coordinates": [[141.844497768488, 55.28591133964696], [141.78553500000658, 55.290188251093085]]}, "properties": {"source": "18139930", "target": "15931624"}}, {"type": "Feature", "geometry": {"type": "LineString", "coordinates": [[141.844497768488, 55.28591133964696], [141.83506323360007, 55.28810529603247]]}, "properties": {"source": "18139930", "target": "15931640"}}, {"type": "Feature", "geometry": {"type": "LineString", "coordinates": [[141.844497768488, 55.28591133964696], [141.79698765645196, 55.26812733437308]]}, "properties": {"source": "18139930", "target": "16862840"}}, {"type": "Feature", "geometry": {"type": "LineString", "coordinates": [[141.844497768488, 55.28591133964696], [141.83922691945247, 55.260679535878154]]}, "properties": {"source": "18139930", "target": "16108157"}}, {"type": "Feature", "geometry": {"type": "LineString", "coordinates": [[141.84381928745267, 55.25891331103726], [141.83352184413405, 55.265208275754276]]}, "properties": {"source": "13624388", "target": "16108847"}}, {"type": "Feature", "geometry": {"type": "LineString", "coordinates": [[141.84381928745267, 55.25891331103726], [141.8258529338309, 55.27309788944682]]}, "properties": {"source": "13624388", "target": "16145383"}}, {"type": "Feature", "geometry": {"type": "LineString", "coordinates": [[141.84381928745267, 55.25891331103726], [141.85180442655945, 55.2849878587607]]}, "properties": {"source": "13624388", "target": "13539703"}}, {"type": "Feature", "geometry": {"type": "LineString", "coordinates": [[141.84381928745267, 55.25891331103726], [141.79698923721185, 55.28788973686093]]}, "properties": {"source": "13624388", "target": "13539705"}}, {"type": "Feature", "geometry": {"type": "LineString", "coordinates": [[141.8054150940111, 55.27559399261868], [141.83367990874098, 55.282792290954404]]}, "properties": {"source": "15747358", "target": "15705005"}}, {"type": "Feature", "geometry": {"type": "LineString", "coordinates": [[141.8054150940111, 55.27559399261868], [141.85180442655945, 55.2849878587607]]}, "properties": {"source": "15747358", "target": "13539703"}}, {"type": "Feature", "geometry": {"type": "LineString", "coordinates": [[141.8054150940111, 55.27559399261868], [141.82053606116057, 55.2809765125602]]}, "properties": {"source": "15747358", "target": "13637069"}}, {"type": "Feature", "geometry": {"type": "LineString", "coordinates": [[141.8054150940111, 55.27559399261868], [141.8566317814366, 55.27478228637095]]}, "properties": {"source": "15747358", "target": "15703214"}}, {"type": "Feature", "geometry": {"type": "LineString", "coordinates": [[141.8054150940111, 55.27559399261868], [141.81060451476037, 55.2897398135171]]}, "properties": {"source": "15747358", "target": "1608178"}}, {"type": "Feature", "geometry": {"type": "LineString", "coordinates": [[141.8054150940111, 55.27559399261868], [141.81908562377197, 55.26904320595446]]}, "properties": {"source": "15747358", "target": "16120557"}}, {"type": "Feature", "geometry": {"type": "LineString", "coordinates": [[141.8054150940111, 55.27559399261868], [141.7675762426747, 55.286342108923336]]}, "properties": {"source": "15747358", "target": "15990677"}}, {"type": "Feature", "geometry": {"type": "LineString", "coordinates": [[141.80248573306147, 55.2643387919083], [141.76427560365937, 55.289812234444796]]}, "properties": {"source": "8349179", "target": "8714689"}}, {"type": "Feature", "geometry": {"type": "LineString", "coordinates": [[141.80248573306147, 55.2643387919083], [141.78879226099605, 55.26997889229483]]}, "properties": {"source": "8349179", "target": "997423"}}, {"type": "Feature", "geometry": {"type": "LineString", "coordinates": [[141.80248573306147, 55.2643387919083], [141.76922574838056, 55.26385931854469]]}, "properties": {"source": "8349179", "target": "7158146"}}, {"type": "Feature", "geometry": {"type": "LineString", "coordinates": [[141.80248573306147, 55.2643387919083], [141.76716297862964, 55.258959405249925]]}, "properties": {"source": "8349179", "target": "933562"}}, {"type": "Feature", "geometry": {"type": "LineString", "coordinates": [[141.80248573306147, 55.2643387919083], [141.7903653102464, 55.278528656115995]]}, "properties": {"source": "8349179", "target": "269838"}}, {"type": "Feature", "geometry": {"type": "LineString", "coordinates": [[141.78879226099605, 55.26997889229483], [141.7697836813848, 55.28133570609762]]}, "properties": {"source": "997423", "target": "12195732"}}, {"type": "Feature", "geometry": {"type": "LineString", "coordinates": [[141.78988607497325, 55.26192050110306], [141.79964530632242, 55.28268064084912]]}, "properties": {"source": "10919008", "target": "362009"}}, {"type": "Feature", "geometry": {"type": "LineString", "coordinates": [[141.78988607497325, 55.26192050110306], [141.85941101266803, 55.268325704941475]]}, "properties": {"source": "10919008", "target": "9874500"}}, {"type": "Feature", "geometry": {"type": "LineString", "coordinates": [[141.83125867235884, 55.27278800321572], [141.7832194996888, 55.26968202444543]]}, "properties": {"source": "18889123", "target": "1968203"}}, {"type": "Feature", "geometry": {"type": "LineString", "coordinates": [[141.83125867235884, 55.27278800321572], [141.79470851682265, 55.271781802836415]]}, "properties": {"source": "18889123", "target": "18869237"}}, {"type": "Feature", "geometry": {"type": "LineString", "coordinates": [[141.83125867235884, 55.27278800321572], [141.81968109227233, 55.266838319189205]]}, "properties": {"source": "18889123", "target": "18873839"}}, {"type": "Feature", "geometry": {"type": "LineString", "coordinates": [[141.83125867235884, 55.27278800321572], [141.80131506490886, 55.26835375414072]]}, "properties": {"source": "18889123", "target": "1212501"}}, {"type": "Feature", "geometry": {"type": "LineString", "coordinates": [[141.78781734321052, 55.26668636028299], [141.83008069590858, 55.28314300582767]]}, "properties": {"source": "2062468", "target": "590752"}}, {"type": "Feature", "geometry": {"type": "LineString", "coordinates": [[141.85072509542118, 55.27908764041315], [141.787952606342, 55.26578392687222]]}, "properties": {"source": "1033981", "target": "2513400"}}, {"type": "Feature", "geometry": {"type": "LineString", "coordinates": [[141.85072509542118, 55.27908764041315], [141.77655022022884, 55.27191025871399]]}, "properties": {"source": "1033981", "target": "185940"}}, {"type": "Feature", "geometry": {"type": "LineString", "coordinates": [[141.84306565473508, 55.28046365464665], [141.83352184413405, 55.265208275754276]]}, "properties": {"source": "17155056", "target": "16108847"}}, {"type": "Feature", "geometry": {"type": "LineString", "coordinates": [[141.8169102449002, 55.28663866878762], [141.79475191437166, 55.271395493498346]]}, "properties": {"source": "28684258", "target": "26859062"}}, {"type": "Feature", "geometry": {"type": "LineString", "coordinates": [[141.8169102449002, 55.28663866878762], [141.84149201900016, 55.282169146200815]]}, "properties": {"source": "28684258", "target": "25571895"}}, {"type": "Feature", "geometry": {"type": "LineString", "coordinates": [[141.8169102449002, 55.28663866878762], [141.83097577666518, 55.28224918314592]]}, "properties": {"source": "28684258", "target": "2884174"}}, {"type": "Feature", "geometry": {"type": "LineString", "coordinates": [[141.7687166120201, 55.27548422250729], [141.79671814251583, 55.28208278183132]]}, "properties": {"source": "12510835", "target": "15731683"}}, {"type": "Feature", "geometry": {"type": "LineString", "coordinates": [[141.78781734321052, 55.26668636028299], [141.7903653102464, 55.278528656115995]]}, "properties": {"source": "2062468", "target": "269838"}}, {"type": "Feature", "geometry": {"type": "LineString", "coordinates": [[141.80248573306147, 55.2643387919083], [141.7697836813848, 55.28133570609762]]}, "properties": {"source": "8349179", "target": "12195732"}}, {"type": "Feature", "geometry": {"type": "LineString", "coordinates": [[141.80248573306147, 55.2643387919083], [141.83497933026797, 55.27720094707992]]}, "properties": {"source": "8349179", "target": "7625282"}}, {"type": "Feature", "geometry": {"type": "LineString", "coordinates": [[141.82790167786914, 55.26160556207371], [141.83852937157678, 55.27157343917109]]}, "properties": {"source": "4375705", "target": "3872106"}}, {"type": "Feature", "geometry": {"type": "LineString", "coordinates": [[141.82790167786914, 55.26160556207371], [141.7982561648946, 55.2581741170482]]}, "properties": {"source": "4375705", "target": "378266"}}, {"type": "Feature", "geometry": {"type": "LineString", "coordinates": [[141.82790167786914, 55.26160556207371], [141.81662013704204, 55.28960526414036]]}, "properties": {"source": "4375705", "target": "3507676"}}, {"type": "Feature", "geometry": {"type": "LineString", "coordinates": [[141.82790167786914, 55.26160556207371], [141.83358033845144, 55.26330654731508]]}, "properties": {"source": "4375705", "target": "3734204"}}, {"type": "Feature", "geometry": {"type": "LineString", "coordinates": [[141.82790167786914, 55.26160556207371], [141.77082935243698, 55.27613273836786]]}, "properties": {"source": "4375705", "target": "507414"}}, {"type": "Feature", "geometry": {"type": "LineString", "coordinates": [[141.82790167786914, 55.26160556207371], [141.8459312761383, 55.286665925391105]]}, "properties": {"source": "4375705", "target": "424624"}}, {"type": "Feature", "geometry": {"type": "LineString", "coordinates": [[141.82790167786914, 55.26160556207371], [141.83066730003384, 55.288700082029266]]}, "properties": {"source": "4375705", "target": "5438731"}}, {"type": "Feature", "geometry": {"type": "LineString", "coordinates": [[141.8183982300523, 55.27906928690723], [141.83852937157678, 55.27157343917109]]}, "properties": {"source": "124839", "target": "3872106"}}, {"type": "Feature", "geometry": {"type": "LineString", "coordinates": [[141.8183982300523, 55.27906928690723], [141.79475191437166, 55.271395493498346]]}, "properties": {"source": "124839", "target": "26859062"}}, {"type": "Feature", "geometry": {"type": "LineString", "coordinates": [[141.8183982300523, 55.27906928690723], [141.7982561648946, 55.2581741170482]]}, "properties": {"source": "124839", "target": "378266"}}, {"type": "Feature", "geometry": {"type": "LineString", "coordinates": [[141.8183982300523, 55.27906928690723], [141.81662013704204, 55.28960526414036]]}, "properties": {"source": "124839", "target": "3507676"}}, {"type": "Feature", "geometry": {"type": "LineString", "coordinates": [[141.8183982300523, 55.27906928690723], [141.7910324609325, 55.28110164136373]]}, "properties": {"source": "124839", "target": "19991193"}}, {"type": "Feature", "geometry": {"type": "LineString", "coordinates": [[141.8183982300523, 55.27906928690723], [141.82529296754393, 55.288941286233566]]}, "properties": {"source": "124839", "target": "18873977"}}, {"type": "Feature", "geometry": {"type": "LineString", "coordinates": [[141.82790167786914, 55.26160556207371], [141.8135807642497, 55.27488869073942]]}, "properties": {"source": "4375705", "target": "367679"}}, {"type": "Feature", "geometry": {"type": "LineString", "coordinates": [[141.83893436753175, 55.26952227685919], [141.82760841083655, 55.25961092029709]]}, "properties": {"source": "2562981", "target": "2744477"}}, {"type": "Feature", "geometry": {"type": "LineString", "coordinates": [[141.83893436753175, 55.26952227685919], [141.77498854763945, 55.26704380183038]]}, "properties": {"source": "2562981", "target": "2601871"}}, {"type": "Feature", "geometry": {"type": "LineString", "coordinates": [[141.83893436753175, 55.26952227685919], [141.8147082576915, 55.280932299621355]]}, "properties": {"source": "2562981", "target": "144217"}}, {"type": "Feature", "geometry": {"type": "LineString", "coordinates": [[141.83893436753175, 55.26952227685919], [141.7730266860981, 55.26614232200738]]}, "properties": {"source": "2562981", "target": "2333421"}}, {"type": "Feature", "geometry": {"type": "LineString", "coordinates": [[141.83893436753175, 55.26952227685919], [141.7832194996888, 55.26968202444543]]}, "properties": {"source": "2562981", "target": "1968203"}}, {"type": "Feature", "geometry": {"type": "LineString", "coordinates": [[141.83893436753175, 55.26952227685919], [141.79263529712352, 55.28298443058084]]}, "properties": {"source": "2562981", "target": "144834"}}, {"type": "Feature", "geometry": {"type": "LineString", "coordinates": [[141.83893436753175, 55.26952227685919], [141.7899997618319, 55.270189264457]]}, "properties": {"source": "2562981", "target": "1228275"}}, {"type": "Feature", "geometry": {"type": "LineString", "coordinates": [[141.83893436753175, 55.26952227685919], [141.79260742154804, 55.263900806767396]]}, "properties": {"source": "2562981", "target": "1366236"}}, {"type": "Feature", "geometry": {"type": "LineString", "coordinates": [[141.83893436753175, 55.26952227685919], [141.80236561679237, 55.26972993649592]]}, "properties": {"source": "2562981", "target": "1450706"}}, {"type": "Feature", "geometry": {"type": "LineString", "coordinates": [[141.83893436753175, 55.26952227685919], [141.8532369443427, 55.280640447857365]]}, "properties": {"source": "2562981", "target": "1876213"}}, {"type": "Feature", "geometry": {"type": "LineString", "coordinates": [[141.83893436753175, 55.26952227685919], [141.8603550600485, 55.26836811497071]]}, "properties": {"source": "2562981", "target": "2144536"}}, {"type": "Feature", "geometry": {"type": "LineString", "coordinates": [[141.83893436753175, 55.26952227685919], [141.76472422043844, 55.259963863468]]}, "properties": {"source": "2562981", "target": "10149554"}}, {"type": "Feature", "geometry": {"type": "LineString", "coordinates": [[141.83893436753175, 55.26952227685919], [141.76961960996562, 55.26569671866493]]}, "properties": {"source": "2562981", "target": "1629938"}}, {"type": "Feature", "geometry": {"type": "LineString", "coordinates": [[141.83893436753175, 55.26952227685919], [141.85466902086785, 55.26716877692583]]}, "properties": {"source": "2562981", "target": "1920643"}}, {"type": "Feature", "geometry": {"type": "LineString", "coordinates": [[141.83893436753175, 55.26952227685919], [141.8250331385421, 55.258936090648675]]}, "properties": {"source": "2562981", "target": "1371802"}}, {"type": "Feature", "geometry": {"type": "LineString", "coordinates": [[141.83893436753175, 55.26952227685919], [141.84324255304165, 55.271498707817386]]}, "properties": {"source": "2562981", "target": "2473475"}}, {"type": "Feature", "geometry": {"type": "LineString", "coordinates": [[141.78339942679315, 55.269876421646856], [141.7887905254351, 55.25982155264592]]}, "properties": {"source": "6539567", "target": "6613883"}}, {"type": "Feature", "geometry": {"type": "LineString", "coordinates": [[141.78339942679315, 55.269876421646856], [141.81925663860426, 55.26304047298434]]}, "properties": {"source": "6539567", "target": "6619631"}}, {"type": "Feature", "geometry": {"type": "LineString", "coordinates": [[141.78339942679315, 55.269876421646856], [141.82865805183337, 55.26391229078369]]}, "properties": {"source": "6539567", "target": "550142"}}, {"type": "Feature", "geometry": {"type": "LineString", "coordinates": [[141.78339942679315, 55.269876421646856], [141.77312897883002, 55.26667699769264]]}, "properties": {"source": "6539567", "target": "7948956"}}, {"type": "Feature", "geometry": {"type": "LineString", "coordinates": [[141.78339942679315, 55.269876421646856], [141.84501889218427, 55.26883412515352]]}, "properties": {"source": "6539567", "target": "7789715"}}, {"type": "Feature", "geometry": {"type": "LineString", "coordinates": [[141.78339942679315, 55.269876421646856], [141.83175648857116, 55.27305213506587]]}, "properties": {"source": "6539567", "target": "599006"}}, {"type": "Feature", "geometry": {"type": "LineString", "coordinates": [[141.80694955425247, 55.26705957573438], [141.83751093281018, 55.26076110235768]]}, "properties": {"source": "17160993", "target": "18742810"}}, {"type": "Feature", "geometry": {"type": "LineString", "coordinates": [[141.80694955425247, 55.26705957573438], [141.80555590151943, 55.26660561909894]]}, "properties": {"source": "17160993", "target": "3079674"}}, {"type": "Feature", "geometry": {"type": "LineString", "coordinates": [[141.80694955425247, 55.26705957573438], [141.78553500000658, 55.290188251093085]]}, "properties": {"source": "17160993", "target": "15931624"}}, {"type": "Feature", "geometry": {"type": "LineString", "coordinates": [[141.78351332973625, 55.28344338066758], [141.82760841083655, 55.25961092029709]]}, "properties": {"source": "11459460", "target": "2744477"}}, {"type": "Feature", "geometry": {"type": "LineString", "coordinates": [[141.78351332973625, 55.28344338066758], [141.8369157743747, 55.2671922478704]]}, "properties": {"source": "11459460", "target": "24609714"}}, {"type": "Feature", "geometry": {"type": "LineString", "coordinates": [[141.78351332973625, 55.28344338066758], [141.8322428794022, 55.28474910224233]]}, "properties": {"source": "11459460", "target": "18143969"}}, {"type": "Feature", "geometry": {"type": "LineString", "coordinates": [[141.78351332973625, 55.28344338066758], [141.79443098400094, 55.28624733197779]]}, "properties": {"source": "11459460", "target": "723297"}}, {"type": "Feature", "geometry": {"type": "LineString", "coordinates": [[141.81414697003027, 55.2689982805732], [141.84768283084884, 55.27511786516757]]}, "properties": {"source": "1150192", "target": "3363176"}}, {"type": "Feature", "geometry": {"type": "LineString", "coordinates": [[141.81414697003027, 55.2689982805732], [141.77045074547914, 55.25901346943333]]}, "properties": {"source": "1150192", "target": "3640431"}}, {"type": "Feature", "geometry": {"type": "LineString", "coordinates": [[141.81414697003027, 55.2689982805732], [141.7769194280449, 55.260251585728696]]}, "properties": {"source": "1150192", "target": "1191487"}}, {"type": "Feature", "geometry": {"type": "LineString", "coordinates": [[141.83525444923282, 55.28046717950575], [141.8377039677157, 55.26979513179195]]}, "properties": {"source": "18723398", "target": "1432778"}}, {"type": "Feature", "geometry": {"type": "LineString", "coordinates": [[141.83525444923282, 55.28046717950575], [141.77360917876746, 55.270020483090335]]}, "properties": {"source": "18723398", "target": "25241806"}}, {"type": "Feature", "geometry": {"type": "LineString", "coordinates": [[141.83525444923282, 55.28046717950575], [141.83022210761766, 55.2674893963749]]}, "properties": {"source": "18723398", "target": "1817306"}}, {"type": "Feature", "geometry": {"type": "LineString", "coordinates": [[141.7756381888359, 55.267666909396695], [141.84436528288006, 55.28149825589301]]}, "properties": {"source": "580385", "target": "6049536"}}, {"type": "Feature", "geometry": {"type": "LineString", "coordinates": [[141.78360266252406, 55.27192757295681], [141.81126845071793, 55.261000937750055]]}, "properties": {"source": "868055", "target": "955696"}}, {"type": "Feature", "geometry": {"type": "LineString", "coordinates": [[141.78360266252406, 55.27192757295681], [141.8094071657145, 55.269259451725674]]}, "properties": {"source": "868055", "target": "9851665"}}, {"type": "Feature", "geometry": {"type": "LineString", "coordinates": [[141.78360266252406, 55.27192757295681], [141.7864829275931, 55.28762252032935]]}, "properties": {"source": "868055", "target": "998869"}}, {"type": "Feature", "geometry": {"type": "LineString", "coordinates": [[141.78360266252406, 55.27192757295681], [141.8184561538347, 55.28790441525179]]}, "properties": {"source": "868055", "target": "868271"}}, {"type": "Feature", "geometry": {"type": "LineString", "coordinates": [[141.78360266252406, 55.27192757295681], [141.77573476608495, 55.28990709290818]]}, "properties": {"source": "868055", "target": "887319"}}, {"type": "Feature", "geometry": {"type": "LineString", "coordinates": [[141.8509743657978, 55.280508526152914], [141.76456995738255, 55.27263815646833]]}, "properties": {"source": "7572374", "target": "824998"}}, {"type": "Feature", "geometry": {"type": "LineString", "coordinates": [[141.8509743657978, 55.280508526152914], [141.8554907637149, 55.259343025219636]]}, "properties": {"source": "7572374", "target": "8172361"}}, {"type": "Feature", "geometry": {"type": "LineString", "coordinates": [[141.8509743657978, 55.280508526152914], [141.82961842857094, 55.287605854611385]]}, "properties": {"source": "7572374", "target": "8072237"}}, {"type": "Feature", "geometry": {"type": "LineString", "coordinates": [[141.8509743657978, 55.280508526152914], [141.8154304490974, 55.262444153109584]]}, "properties": {"source": "7572374", "target": "8008152"}}, {"type": "Feature", "geometry": {"type": "LineString", "coordinates": [[141.85563350622488, 55.267627140399014], [141.82187463535655, 55.26896969416424]]}, "properties": {"source": "2327391", "target": "27250260"}}, {"type": "Feature", "geometry": {"type": "LineString", "coordinates": [[141.85563350622488, 55.267627140399014], [141.85688459855322, 55.28650144618905]]}, "properties": {"source": "2327391", "target": "2443899"}}, {"type": "Feature", "geometry": {"type": "LineString", "coordinates": [[141.85563350622488, 55.267627140399014], [141.7903653102464, 55.278528656115995]]}, "properties": {"source": "2327391", "target": "269838"}}, {"type": "Feature", "geometry": {"type": "LineString", "coordinates": [[141.80368065809887, 55.266549896693476], [141.78645716130666, 55.26379434535329]]}, "properties": {"source": "2968249", "target": "2414696"}}, {"type": "Feature", "geometry": {"type": "LineString", "coordinates": [[141.80368065809887, 55.266549896693476], [141.81430555672068, 55.2747677873256]]}, "properties": {"source": "2968249", "target": "2389997"}}, {"type": "Feature", "geometry": {"type": "LineString", "coordinates": [[141.80368065809887, 55.266549896693476], [141.80283045902758, 55.28718354361689]]}, "properties": {"source": "2968249", "target": "25614271"}}, {"type": "Feature", "geometry": {"type": "LineString", "coordinates": [[141.80368065809887, 55.266549896693476], [141.76739229196744, 55.2618834236342]]}, "properties": {"source": "2968249", "target": "11914150"}}, {"type": "Feature", "geometry": {"type": "LineString", "coordinates": [[141.80368065809887, 55.266549896693476], [141.81527539985774, 55.278084021213076]]}, "properties": {"source": "2968249", "target": "1114651"}}, {"type": "Feature", "geometry": {"type": "LineString", "coordinates": [[141.80368065809887, 55.266549896693476], [141.77980793648834, 55.274184196551246]]}, "properties": {"source": "2968249", "target": "3233570"}}, {"type": "Feature", "geometry": {"type": "LineString", "coordinates": [[141.76456995738255, 55.27263815646833], [141.81105747870038, 55.268398249273844]]}, "properties": {"source": "824998", "target": "4158972"}}, {"type": "Feature", "geometry": {"type": "LineString", "coordinates": [[141.76456995738255, 55.27263815646833], [141.8411740476406, 55.28596520074548]]}, "properties": {"source": "824998", "target": "645949"}}, {"type": "Feature", "geometry": {"type": "LineString", "coordinates": [[141.76456995738255, 55.27263815646833], [141.82961842857094, 55.287605854611385]]}, "properties": {"source": "824998", "target": "8072237"}}, {"type": "Feature", "geometry": {"type": "LineString", "coordinates": [[141.76456995738255, 55.27263815646833], [141.83864305239496, 55.259811682267326]]}, "properties": {"source": "824998", "target": "572751"}}, {"type": "Feature", "geometry": {"type": "LineString", "coordinates": [[141.76456995738255, 55.27263815646833], [141.81153084189026, 55.28146601058579]]}, "properties": {"source": "824998", "target": "5373323"}}, {"type": "Feature", "geometry": {"type": "LineString", "coordinates": [[141.76456995738255, 55.27263815646833], [141.7864829275931, 55.28762252032935]]}, "properties": {"source": "824998", "target": "998869"}}, {"type": "Feature", "geometry": {"type": "LineString", "coordinates": [[141.76456995738255, 55.27263815646833], [141.8342981162565, 55.278140891459955]]}, "properties": {"source": "824998", "target": "7065312"}}, {"type": "Feature", "geometry": {"type": "LineString", "coordinates": [[141.76456995738255, 55.27263815646833], [141.83214328464197, 55.26238148744372]]}, "properties": {"source": "824998", "target": "6669681"}}, {"type": "Feature", "geometry": {"type": "LineString", "coordinates": [[141.76456995738255, 55.27263815646833], [141.8154304490974, 55.262444153109584]]}, "properties": {"source": "824998", "target": "8008152"}}, {"type": "Feature", "geometry": {"type": "LineString", "coordinates": [[141.76456995738255, 55.27263815646833], [141.76472422043844, 55.259963863468]]}, "properties": {"source": "824998", "target": "10149554"}}, {"type": "Feature", "geometry": {"type": "LineString", "coordinates": [[141.8176178111446, 55.2766126619547], [141.77630224528087, 55.275750021070124]]}, "properties": {"source": "2237043", "target": "20839195"}}, {"type": "Feature", "geometry": {"type": "LineString", "coordinates": [[141.8176178111446, 55.2766126619547], [141.77012610633, 55.267835594074285]]}, "properties": {"source": "2237043", "target": "2226058"}}, {"type": "Feature", "geometry": {"type": "LineString", "coordinates": [[141.8176178111446, 55.2766126619547], [141.85000517294645, 55.26946719242869]]}, "properties": {"source": "2237043", "target": "2169922"}}, {"type": "Feature", "geometry": {"type": "LineString", "coordinates": [[141.8176178111446, 55.2766126619547], [141.8111895780903, 55.27683076691429]]}, "properties": {"source": "2237043", "target": "1047145"}}, {"type": "Feature", "geometry": {"type": "LineString", "coordinates": [[141.8176178111446, 55.2766126619547], [141.787952606342, 55.26578392687222]]}, "properties": {"source": "2237043", "target": "2513400"}}, {"type": "Feature", "geometry": {"type": "LineString", "coordinates": [[141.8176178111446, 55.2766126619547], [141.77655022022884, 55.27191025871399]]}, "properties": {"source": "2237043", "target": "185940"}}, {"type": "Feature", "geometry": {"type": "LineString", "coordinates": [[141.8176178111446, 55.2766126619547], [141.81834933094007, 55.279058543533765]]}, "properties": {"source": "2237043", "target": "222539"}}, {"type": "Feature", "geometry": {"type": "LineString", "coordinates": [[141.82801225251575, 55.25868726923932], [141.81105747870038, 55.268398249273844]]}, "properties": {"source": "7078907", "target": "4158972"}}, {"type": "Feature", "geometry": {"type": "LineString", "coordinates": [[141.82801225251575, 55.25868726923932], [141.76456995738255, 55.27263815646833]]}, "properties": {"source": "7078907", "target": "824998"}}, {"type": "Feature", "geometry": {"type": "LineString", "coordinates": [[141.85979820411308, 55.28946194053479], [141.79475191437166, 55.271395493498346]]}, "properties": {"source": "2583623", "target": "26859062"}}, {"type": "Feature", "geometry": {"type": "LineString", "coordinates": [[141.85979820411308, 55.28946194053479], [141.8587957250552, 55.265389571267804]]}, "properties": {"source": "2583623", "target": "26641072"}}, {"type": "Feature", "geometry": {"type": "LineString", "coordinates": [[141.81430555672068, 55.2747677873256], [141.83852937157678, 55.27157343917109]]}, "properties": {"source": "2389997", "target": "3872106"}}, {"type": "Feature", "geometry": {"type": "LineString", "coordinates": [[141.81430555672068, 55.2747677873256], [141.77847913862092, 55.26564035364474]]}, "properties": {"source": "2389997", "target": "38845"}}, {"type": "Feature", "geometry": {"type": "LineString", "coordinates": [[141.81430555672068, 55.2747677873256], [141.82503449063552, 55.26728977127688]]}, "properties": {"source": "2389997", "target": "5118485"}}, {"type": "Feature", "geometry": {"type": "LineString", "coordinates": [[141.81763140137394, 55.28097966574049], [141.8459312761383, 55.286665925391105]]}, "properties": {"source": "1730274", "target": "424624"}}, {"type": "Feature", "geometry": {"type": "LineString", "coordinates": [[141.81763140137394, 55.28097966574049], [141.8106557728595, 55.28342577916868]]}, "properties": {"source": "1730274", "target": "15289809"}}, {"type": "Feature", "geometry": {"type": "LineString", "coordinates": [[141.83893684277467, 55.262961548298534], [141.78017027785933, 55.266717974567555]]}, "properties": {"source": "242879", "target": "24454511"}}, {"type": "Feature", "geometry": {"type": "LineString", "coordinates": [[141.83893684277467, 55.262961548298534], [141.79475191437166, 55.271395493498346]]}, "properties": {"source": "242879", "target": "26859062"}}, {"type": "Feature", "geometry": {"type": "LineString", "coordinates": [[141.83893684277467, 55.262961548298534], [141.7910324609325, 55.28110164136373]]}, "properties": {"source": "242879", "target": "19991193"}}, {"type": "Feature", "geometry": {"type": "LineString", "coordinates": [[141.83893684277467, 55.262961548298534], [141.84149201900016, 55.282169146200815]]}, "properties": {"source": "242879", "target": "25571895"}}, {"type": "Feature", "geometry": {"type": "LineString", "coordinates": [[141.83893684277467, 55.262961548298534], [141.8587957250552, 55.265389571267804]]}, "properties": {"source": "242879", "target": "26641072"}}, {"type": "Feature", "geometry": {"type": "LineString", "coordinates": [[141.83893684277467, 55.262961548298534], [141.81397722163115, 55.258399592799236]]}, "properties": {"source": "242879", "target": "25216133"}}, {"type": "Feature", "geometry": {"type": "LineString", "coordinates": [[141.83893684277467, 55.262961548298534], [141.77012610633, 55.267835594074285]]}, "properties": {"source": "242879", "target": "2226058"}}, {"type": "Feature", "geometry": {"type": "LineString", "coordinates": [[141.83893684277467, 55.262961548298534], [141.78911239703547, 55.26377067530542]]}, "properties": {"source": "242879", "target": "1962751"}}, {"type": "Feature", "geometry": {"type": "LineString", "coordinates": [[141.82885653867288, 55.27573570280629], [141.83852937157678, 55.27157343917109]]}, "properties": {"source": "17152331", "target": "3872106"}}, {"type": "Feature", "geometry": {"type": "LineString", "coordinates": [[141.78804728697088, 55.258178646078235], [141.81105747870038, 55.268398249273844]]}, "properties": {"source": "3683199", "target": "4158972"}}, {"type": "Feature", "geometry": {"type": "LineString", "coordinates": [[141.78804728697088, 55.258178646078235], [141.77236082548296, 55.29070408133889]]}, "properties": {"source": "3683199", "target": "424927"}}, {"type": "Feature", "geometry": {"type": "LineString", "coordinates": [[141.78804728697088, 55.258178646078235], [141.819642923535, 55.29052808211807]]}, "properties": {"source": "3683199", "target": "1084978"}}, {"type": "Feature", "geometry": {"type": "LineString", "coordinates": [[141.82893628306425, 55.2700757024308], [141.82666279858626, 55.28628240240954]]}, "properties": {"source": "1470397", "target": "1232601"}}, {"type": "Feature", "geometry": {"type": "LineString", "coordinates": [[141.82893628306425, 55.2700757024308], [141.86197638439728, 55.28817855814687]]}, "properties": {"source": "1470397", "target": "1056485"}}, {"type": "Feature", "geometry": {"type": "LineString", "coordinates": [[141.82893628306425, 55.2700757024308], [141.8229832799471, 55.27589309108885]]}, "properties": {"source": "1470397", "target": "1159529"}}, {"type": "Feature", "geometry": {"type": "LineString", "coordinates": [[141.82893628306425, 55.2700757024308], [141.8198764696719, 55.25879442174319]]}, "properties": {"source": "1470397", "target": "1595990"}}, {"type": "Feature", "geometry": {"type": "LineString", "coordinates": [[141.78418750469604, 55.263322498744216], [141.8184561538347, 55.28790441525179]]}, "properties": {"source": "920220", "target": "868271"}}, {"type": "Feature", "geometry": {"type": "LineString", "coordinates": [[141.78418750469604, 55.263322498744216], [141.8154304490974, 55.262444153109584]]}, "properties": {"source": "920220", "target": "8008152"}}, {"type": "Feature", "geometry": {"type": "LineString", "coordinates": [[141.78418750469604, 55.263322498744216], [141.77573476608495, 55.28990709290818]]}, "properties": {"source": "920220", "target": "887319"}}, {"type": "Feature", "geometry": {"type": "LineString", "coordinates": [[141.78418750469604, 55.263322498744216], [141.8403099760243, 55.26577013431485]]}, "properties": {"source": "920220", "target": "9176304"}}, {"type": "Feature", "geometry": {"type": "LineString", "coordinates": [[141.78418750469604, 55.263322498744216], [141.8176560788309, 55.28538883011531]]}, "properties": {"source": "920220", "target": "837265"}}, {"type": "Feature", "geometry": {"type": "LineString", "coordinates": [[141.83515743038976, 55.26694470571415], [141.78371301130363, 55.290197019543825]]}, "properties": {"source": "7248166", "target": "9562419"}}, {"type": "Feature", "geometry": {"type": "LineString", "coordinates": [[141.83515743038976, 55.26694470571415], [141.84436528288006, 55.28149825589301]]}, "properties": {"source": "7248166", "target": "6049536"}}, {"type": "Feature", "geometry": {"type": "LineString", "coordinates": [[141.83515743038976, 55.26694470571415], [141.78339942679315, 55.269876421646856]]}, "properties": {"source": "7248166", "target": "6539567"}}, {"type": "Feature", "geometry": {"type": "LineString", "coordinates": [[141.83515743038976, 55.26694470571415], [141.7966125261877, 55.272849828631436]]}, "properties": {"source": "7248166", "target": "8594570"}}, {"type": "Feature", "geometry": {"type": "LineString", "coordinates": [[141.7909833803571, 55.29028786238726], [141.7893411644576, 55.2666992900011]]}, "properties": {"source": "1143301", "target": "19324908"}}, {"type": "Feature", "geometry": {"type": "LineString", "coordinates": [[141.77630224528087, 55.275750021070124], [141.7910324609325, 55.28110164136373]]}, "properties": {"source": "20839195", "target": "19991193"}}, {"type": "Feature", "geometry": {"type": "LineString", "coordinates": [[141.77630224528087, 55.275750021070124], [141.83410596789514, 55.281026087809764]]}, "properties": {"source": "20839195", "target": "2221419"}}, {"type": "Feature", "geometry": {"type": "LineString", "coordinates": [[141.77630224528087, 55.275750021070124], [141.84873285636417, 55.27658058739661]]}, "properties": {"source": "20839195", "target": "17605454"}}, {"type": "Feature", "geometry": {"type": "LineString", "coordinates": [[141.77630224528087, 55.275750021070124], [141.8433256605801, 55.26593299373988]]}, "properties": {"source": "20839195", "target": "3787961"}}, {"type": "Feature", "geometry": {"type": "LineString", "coordinates": [[141.77573476608495, 55.28990709290818], [141.7864829275931, 55.28762252032935]]}, "properties": {"source": "887319", "target": "998869"}}, {"type": "Feature", "geometry": {"type": "LineString", "coordinates": [[141.86197638439728, 55.28817855814687], [141.84436528288006, 55.28149825589301]]}, "properties": {"source": "1056485", "target": "6049536"}}, {"type": "Feature", "geometry": {"type": "LineString", "coordinates": [[141.80368065809887, 55.266549896693476], [141.83033136376787, 55.26274335944811]]}, "properties": {"source": "2968249", "target": "302449"}}, {"type": "Feature", "geometry": {"type": "LineString", "coordinates": [[141.80368065809887, 55.266549896693476], [141.82172591910285, 55.27408752824891]]}, "properties": {"source": "2968249", "target": "17674605"}}, {"type": "Feature", "geometry": {"type": "LineString", "coordinates": [[141.80368065809887, 55.266549896693476], [141.82885653867288, 55.27573570280629]]}, "properties": {"source": "2968249", "target": "17152331"}}, {"type": "Feature", "geometry": {"type": "LineString", "coordinates": [[141.80368065809887, 55.266549896693476], [141.770142953034, 55.27057578254508]]}, "properties": {"source": "2968249", "target": "2070751"}}, {"type": "Feature", "geometry": {"type": "LineString", "coordinates": [[141.80368065809887, 55.266549896693476], [141.83561353930224, 55.29020006642824]]}, "properties": {"source": "2968249", "target": "1164269"}}, {"type": "Feature", "geometry": {"type": "LineString", "coordinates": [[141.80368065809887, 55.266549896693476], [141.80281390307027, 55.27999769083601]]}, "properties": {"source": "2968249", "target": "11066465"}}, {"type": "Feature", "geometry": {"type": "LineString", "coordinates": [[141.80368065809887, 55.266549896693476], [141.8532369443427, 55.280640447857365]]}, "properties": {"source": "2968249", "target": "1876213"}}, {"type": "Feature", "geometry": {"type": "LineString", "coordinates": [[141.80368065809887, 55.266549896693476], [141.8603550600485, 55.26836811497071]]}, "properties": {"source": "2968249", "target": "2144536"}}, {"type": "Feature", "geometry": {"type": "LineString", "coordinates": [[141.80368065809887, 55.266549896693476], [141.76472422043844, 55.259963863468]]}, "properties": {"source": "2968249", "target": "10149554"}}, {"type": "Feature", "geometry": {"type": "LineString", "coordinates": [[141.80368065809887, 55.266549896693476], [141.81772143931636, 55.285778148307486]]}, "properties": {"source": "2968249", "target": "202199"}}, {"type": "Feature", "geometry": {"type": "LineString", "coordinates": [[141.80368065809887, 55.266549896693476], [141.85466902086785, 55.26716877692583]]}, "properties": {"source": "2968249", "target": "1920643"}}, {"type": "Feature", "geometry": {"type": "LineString", "coordinates": [[141.80368065809887, 55.266549896693476], [141.84324255304165, 55.271498707817386]]}, "properties": {"source": "2968249", "target": "2473475"}}, {"type": "Feature", "geometry": {"type": "LineString", "coordinates": [[141.80368065809887, 55.266549896693476], [141.83264316577436, 55.26067257966727]]}, "properties": {"source": "2968249", "target": "28442"}}, {"type": "Feature", "geometry": {"type": "LineString", "coordinates": [[141.80368065809887, 55.266549896693476], [141.84214222043795, 55.28845164118344]]}, "properties": {"source": "2968249", "target": "2232038"}}, {"type": "Feature", "geometry": {"type": "LineString", "coordinates": [[141.80368065809887, 55.266549896693476], [141.84021386849412, 55.26667987565152]]}, "properties": {"source": "2968249", "target": "2240876"}}, {"type": "Feature", "geometry": {"type": "LineString", "coordinates": [[141.80368065809887, 55.266549896693476], [141.8082565132765, 55.26175723271862]]}, "properties": {"source": "2968249", "target": "16687067"}}, {"type": "Feature", "geometry": {"type": "LineString", "coordinates": [[141.81662013704204, 55.28960526414036], [141.7982561648946, 55.2581741170482]]}, "properties": {"source": "3507676", "target": "378266"}}, {"type": "Feature", "geometry": {"type": "LineString", "coordinates": [[141.81662013704204, 55.28960526414036], [141.83358033845144, 55.26330654731508]]}, "properties": {"source": "3507676", "target": "3734204"}}, {"type": "Feature", "geometry": {"type": "LineString", "coordinates": [[141.81662013704204, 55.28960526414036], [141.8313018527877, 55.27464351037101]]}, "properties": {"source": "3507676", "target": "1250206"}}, {"type": "Feature", "geometry": {"type": "LineString", "coordinates": [[141.81662013704204, 55.28960526414036], [141.8459312761383, 55.286665925391105]]}, "properties": {"source": "3507676", "target": "424624"}}, {"type": "Feature", "geometry": {"type": "LineString", "coordinates": [[141.81662013704204, 55.28960526414036], [141.7841628277605, 55.278963607663954]]}, "properties": {"source": "3507676", "target": "1385579"}}, {"type": "Feature", "geometry": {"type": "LineString", "coordinates": [[141.81662013704204, 55.28960526414036], [141.79486190131786, 55.259060464084484]]}, "properties": {"source": "3507676", "target": "1033318"}}, {"type": "Feature", "geometry": {"type": "LineString", "coordinates": [[141.81662013704204, 55.28960526414036], [141.83066730003384, 55.288700082029266]]}, "properties": {"source": "3507676", "target": "5438731"}}, {"type": "Feature", "geometry": {"type": "LineString", "coordinates": [[141.791495000061, 55.27161938684216], [141.78334100258553, 55.26197614578261]]}, "properties": {"source": "22567980", "target": "25967954"}}, {"type": "Feature", "geometry": {"type": "LineString", "coordinates": [[141.791495000061, 55.27161938684216], [141.7893411644576, 55.2666992900011]]}, "properties": {"source": "22567980", "target": "19324908"}}, {"type": "Feature", "geometry": {"type": "LineString", "coordinates": [[141.791495000061, 55.27161938684216], [141.7765598587115, 55.287059314219206]]}, "properties": {"source": "22567980", "target": "21523807"}}, {"type": "Feature", "geometry": {"type": "LineString", "coordinates": [[141.791495000061, 55.27161938684216], [141.78774778278694, 55.29062271927444]]}, "properties": {"source": "22567980", "target": "22095637"}}, {"type": "Feature", "geometry": {"type": "LineString", "coordinates": [[141.791495000061, 55.27161938684216], [141.778220367576, 55.26627602937907]]}, "properties": {"source": "22567980", "target": "19418072"}}, {"type": "Feature", "geometry": {"type": "LineString", "coordinates": [[141.7910324609325, 55.28110164136373], [141.8313018527877, 55.27464351037101]]}, "properties": {"source": "19991193", "target": "1250206"}}, {"type": "Feature", "geometry": {"type": "LineString", "coordinates": [[141.7910324609325, 55.28110164136373], [141.77012610633, 55.267835594074285]]}, "properties": {"source": "19991193", "target": "2226058"}}, {"type": "Feature", "geometry": {"type": "LineString", "coordinates": [[141.7910324609325, 55.28110164136373], [141.7841628277605, 55.278963607663954]]}, "properties": {"source": "19991193", "target": "1385579"}}, {"type": "Feature", "geometry": {"type": "LineString", "coordinates": [[141.7910324609325, 55.28110164136373], [141.85000517294645, 55.26946719242869]]}, "properties": {"source": "19991193", "target": "2169922"}}, {"type": "Feature", "geometry": {"type": "LineString", "coordinates": [[141.8007198807145, 55.27161429268848], [141.7870600868061, 55.27704995137502]]}, "properties": {"source": "6570588", "target": "6397025"}}, {"type": "Feature", "geometry": {"type": "LineString", "coordinates": [[141.8007198807145, 55.27161429268848], [141.79482998462947, 55.263713949709285]]}, "properties": {"source": "6570588", "target": "597926"}}, {"type": "Feature", "geometry": {"type": "LineString", "coordinates": [[141.7876747189801, 55.28595924132965], [141.78334100258553, 55.26197614578261]]}, "properties": {"source": "8140890", "target": "25967954"}}, {"type": "Feature", "geometry": {"type": "LineString", "coordinates": [[141.7876747189801, 55.28595924132965], [141.791495000061, 55.27161938684216]]}, "properties": {"source": "8140890", "target": "22567980"}}, {"type": "Feature", "geometry": {"type": "LineString", "coordinates": [[141.7876747189801, 55.28595924132965], [141.7765598587115, 55.287059314219206]]}, "properties": {"source": "8140890", "target": "21523807"}}, {"type": "Feature", "geometry": {"type": "LineString", "coordinates": [[141.7876747189801, 55.28595924132965], [141.78774778278694, 55.29062271927444]]}, "properties": {"source": "8140890", "target": "22095637"}}, {"type": "Feature", "geometry": {"type": "LineString", "coordinates": [[141.7876747189801, 55.28595924132965], [141.8196649782327, 55.268810630639436]]}, "properties": {"source": "8140890", "target": "6584869"}}, {"type": "Feature", "geometry": {"type": "LineString", "coordinates": [[141.7876747189801, 55.28595924132965], [141.78320626695347, 55.25904043900479]]}, "properties": {"source": "8140890", "target": "8484782"}}, {"type": "Feature", "geometry": {"type": "LineString", "coordinates": [[141.79698765645196, 55.26812733437308], [141.78553500000658, 55.290188251093085]]}, "properties": {"source": "16862840", "target": "15931624"}}, {"type": "Feature", "geometry": {"type": "LineString", "coordinates": [[141.83041654088134, 55.265700783398884], [141.82338636230702, 55.27120596336884]]}, "properties": {"source": "18337430", "target": "1628927"}}, {"type": "Feature", "geometry": {"type": "LineString", "coordinates": [[141.76517946685124, 55.27539281485802], [141.78334100258553, 55.26197614578261]]}, "properties": {"source": "25622846", "target": "25967954"}}, {"type": "Feature", "geometry": {"type": "LineString", "coordinates": [[141.8082088090507, 55.27934184818882], [141.83852937157678, 55.27157343917109]]}, "properties": {"source": "3255106", "target": "3872106"}}, {"type": "Feature", "geometry": {"type": "LineString", "coordinates": [[141.8082088090507, 55.27934184818882], [141.7982561648946, 55.2581741170482]]}, "properties": {"source": "3255106", "target": "378266"}}, {"type": "Feature", "geometry": {"type": "LineString", "coordinates": [[141.8082088090507, 55.27934184818882], [141.81662013704204, 55.28960526414036]]}, "properties": {"source": "3255106", "target": "3507676"}}, {"type": "Feature", "geometry": {"type": "LineString", "coordinates": [[141.8082088090507, 55.27934184818882], [141.83358033845144, 55.26330654731508]]}, "properties": {"source": "3255106", "target": "3734204"}}, {"type": "Feature", "geometry": {"type": "LineString", "coordinates": [[141.82053606116057, 55.2809765125602], [141.83367990874098, 55.282792290954404]]}, "properties": {"source": "13637069", "target": "15705005"}}, {"type": "Feature", "geometry": {"type": "LineString", "coordinates": [[141.7982561648946, 55.2581741170482], [141.8313018527877, 55.27464351037101]]}, "properties": {"source": "378266", "target": "1250206"}}, {"type": "Feature", "geometry": {"type": "LineString", "coordinates": [[141.7982561648946, 55.2581741170482], [141.8459312761383, 55.286665925391105]]}, "properties": {"source": "378266", "target": "424624"}}, {"type": "Feature", "geometry": {"type": "LineString", "coordinates": [[141.7982561648946, 55.2581741170482], [141.7841628277605, 55.278963607663954]]}, "properties": {"source": "378266", "target": "1385579"}}, {"type": "Feature", "geometry": {"type": "LineString", "coordinates": [[141.7982561648946, 55.2581741170482], [141.78823654841517, 55.28667644162279]]}, "properties": {"source": "378266", "target": "1177615"}}, {"type": "Feature", "geometry": {"type": "LineString", "coordinates": [[141.82961842857094, 55.287605854611385], [141.83852937157678, 55.27157343917109]]}, "properties": {"source": "8072237", "target": "3872106"}}, {"type": "Feature", "geometry": {"type": "LineString", "coordinates": [[141.82961842857094, 55.287605854611385], [141.81105747870038, 55.268398249273844]]}, "properties": {"source": "8072237", "target": "4158972"}}, {"type": "Feature", "geometry": {"type": "LineString", "coordinates": [[141.82961842857094, 55.287605854611385], [141.8411740476406, 55.28596520074548]]}, "properties": {"source": "8072237", "target": "645949"}}, {"type": "Feature", "geometry": {"type": "LineString", "coordinates": [[141.82961842857094, 55.287605854611385], [141.8342981162565, 55.278140891459955]]}, "properties": {"source": "8072237", "target": "7065312"}}, {"type": "Feature", "geometry": {"type": "LineString", "coordinates": [[141.83097577666518, 55.28224918314592], [141.78133600349946, 55.274898503785536]]}, "properties": {"source": "2884174", "target": "2849323"}}, {"type": "Feature", "geometry": {"type": "LineString", "coordinates": [[141.8176178111446, 55.2766126619547], [141.78334100258553, 55.26197614578261]]}, "properties": {"source": "2237043", "target": "25967954"}}, {"type": "Feature", "geometry": {"type": "LineString", "coordinates": [[141.8176178111446, 55.2766126619547], [141.78017027785933, 55.266717974567555]]}, "properties": {"source": "2237043", "target": "24454511"}}, {"type": "Feature", "geometry": {"type": "LineString", "coordinates": [[141.8176178111446, 55.2766126619547], [141.7910324609325, 55.28110164136373]]}, "properties": {"source": "2237043", "target": "19991193"}}, {"type": "Feature", "geometry": {"type": "LineString", "coordinates": [[141.8176178111446, 55.2766126619547], [141.84149201900016, 55.282169146200815]]}, "properties": {"source": "2237043", "target": "25571895"}}, {"type": "Feature", "geometry": {"type": "LineString", "coordinates": [[141.8176178111446, 55.2766126619547], [141.82529296754393, 55.288941286233566]]}, "properties": {"source": "2237043", "target": "18873977"}}, {"type": "Feature", "geometry": {"type": "LineString", "coordinates": [[141.8176178111446, 55.2766126619547], [141.83410596789514, 55.281026087809764]]}, "properties": {"source": "2237043", "target": "2221419"}}, {"type": "Feature", "geometry": {"type": "LineString", "coordinates": [[141.7982561648946, 55.2581741170482], [141.7903653102464, 55.278528656115995]]}, "properties": {"source": "378266", "target": "269838"}}, {"type": "Feature", "geometry": {"type": "LineString", "coordinates": [[141.79494199395174, 55.28405482822605], [141.78910445494074, 55.272387745652495]]}, "properties": {"source": "2733729", "target": "3278363"}}, {"type": "Feature", "geometry": {"type": "LineString", "coordinates": [[141.79494199395174, 55.28405482822605], [141.77268199460298, 55.28855774650408]]}, "properties": {"source": "2733729", "target": "10866608"}}, {"type": "Feature", "geometry": {"type": "LineString", "coordinates": [[141.787952606342, 55.26578392687222], [141.81834933094007, 55.279058543533765]]}, "properties": {"source": "2513400", "target": "222539"}}, {"type": "Feature", "geometry": {"type": "LineString", "coordinates": [[141.7697836813848, 55.28133570609762], [141.76922574838056, 55.26385931854469]]}, "properties": {"source": "12195732", "target": "7158146"}}, {"type": "Feature", "geometry": {"type": "LineString", "coordinates": [[141.8395566084236, 55.25821413950008], [141.7982561648946, 55.2581741170482]]}, "properties": {"source": "115988", "target": "378266"}}, {"type": "Feature", "geometry": {"type": "LineString", "coordinates": [[141.8395566084236, 55.25821413950008], [141.84768283084884, 55.27511786516757]]}, "properties": {"source": "115988", "target": "3363176"}}, {"type": "Feature", "geometry": {"type": "LineString", "coordinates": [[141.8395566084236, 55.25821413950008], [141.77045074547914, 55.25901346943333]]}, "properties": {"source": "115988", "target": "3640431"}}, {"type": "Feature", "geometry": {"type": "LineString", "coordinates": [[141.8395566084236, 55.25821413950008], [141.77424756294442, 55.2766071008173]]}, "properties": {"source": "115988", "target": "12196783"}}, {"type": "Feature", "geometry": {"type": "LineString", "coordinates": [[141.83704196049712, 55.28869310865048], [141.7966125261877, 55.272849828631436]]}, "properties": {"source": "853858", "target": "8594570"}}, {"type": "Feature", "geometry": {"type": "LineString", "coordinates": [[141.77082935243698, 55.27613273836786], [141.81662013704204, 55.28960526414036]]}, "properties": {"source": "507414", "target": "3507676"}}, {"type": "Feature", "geometry": {"type": "LineString", "coordinates": [[141.77082935243698, 55.27613273836786], [141.83358033845144, 55.26330654731508]]}, "properties": {"source": "507414", "target": "3734204"}}, {"type": "Feature", "geometry": {"type": "LineString", "coordinates": [[141.77082935243698, 55.27613273836786], [141.8459312761383, 55.286665925391105]]}, "properties": {"source": "507414", "target": "424624"}}, {"type": "Feature", "geometry": {"type": "LineString", "coordinates": [[141.77082935243698, 55.27613273836786], [141.83066730003384, 55.288700082029266]]}, "properties": {"source": "507414", "target": "5438731"}}, {"type": "Feature", "geometry": {"type": "LineString", "coordinates": [[141.8532369443427, 55.280640447857365], [141.78133600349946, 55.274898503785536]]}, "properties": {"source": "1876213", "target": "2849323"}}, {"type": "Feature", "geometry": {"type": "LineString", "coordinates": [[141.8532369443427, 55.280640447857365], [141.82760841083655, 55.25961092029709]]}, "properties": {"source": "1876213", "target": "2744477"}}, {"type": "Feature", "geometry": {"type": "LineString", "coordinates": [[141.77082935243698, 55.27613273836786], [141.8135807642497, 55.27488869073942]]}, "properties": {"source": "507414", "target": "367679"}}, {"type": "Feature", "geometry": {"type": "LineString", "coordinates": [[141.8348906796228, 55.265020711084944], [141.84873285636417, 55.27658058739661]]}, "properties": {"source": "13167106", "target": "17605454"}}, {"type": "Feature", "geometry": {"type": "LineString", "coordinates": [[141.8348906796228, 55.265020711084944], [141.7756611380941, 55.26834761955158]]}, "properties": {"source": "13167106", "target": "1369265"}}, {"type": "Feature", "geometry": {"type": "LineString", "coordinates": [[141.86153354782988, 55.28745231106262], [141.83358033845144, 55.26330654731508]]}, "properties": {"source": "5029181", "target": "3734204"}}, {"type": "Feature", "geometry": {"type": "LineString", "coordinates": [[141.7756611380941, 55.26834761955158], [141.84873285636417, 55.27658058739661]]}, "properties": {"source": "1369265", "target": "17605454"}}, {"type": "Feature", "geometry": {"type": "LineString", "coordinates": [[141.81636498565734, 55.27821727535978], [141.8342981162565, 55.278140891459955]]}, "properties": {"source": "540021", "target": "7065312"}}, {"type": "Feature", "geometry": {"type": "LineString", "coordinates": [[141.77254490043373, 55.280239822654806], [141.77424756294442, 55.2766071008173]]}, "properties": {"source": "1298616", "target": "12196783"}}, {"type": "Feature", "geometry": {"type": "LineString", "coordinates": [[141.79578746222944, 55.28418283953209], [141.82108284338142, 55.28072506754843]]}, "properties": {"source": "23398092", "target": "25908964"}}, {"type": "Feature", "geometry": {"type": "LineString", "coordinates": [[141.76786110555162, 55.29042289379966], [141.831061831442, 55.264687469136916]]}, "properties": {"source": "31945498", "target": "33224357"}}, {"type": "Feature", "geometry": {"type": "LineString", "coordinates": [[141.85573561813038, 55.27022055107034], [141.82108284338142, 55.28072506754843]]}, "properties": {"source": "4041441", "target": "25908964"}}, {"type": "Feature", "geometry": {"type": "LineString", "coordinates": [[141.77984186247733, 55.27848334243083], [141.8156812695927, 55.2905886646635]]}, "properties": {"source": "17855968", "target": "17851994"}}, {"type": "Feature", "geometry": {"type": "LineString", "coordinates": [[141.77984186247733, 55.27848334243083], [141.79470851682265, 55.271781802836415]]}, "properties": {"source": "17855968", "target": "18869237"}}, {"type": "Feature", "geometry": {"type": "LineString", "coordinates": [[141.77984186247733, 55.27848334243083], [141.81968109227233, 55.266838319189205]]}, "properties": {"source": "17855968", "target": "18873839"}}, {"type": "Feature", "geometry": {"type": "LineString", "coordinates": [[141.77984186247733, 55.27848334243083], [141.80131506490886, 55.26835375414072]]}, "properties": {"source": "17855968", "target": "1212501"}}, {"type": "Feature", "geometry": {"type": "LineString", "coordinates": [[141.77984186247733, 55.27848334243083], [141.8519416068301, 55.27690285768152]]}, "properties": {"source": "17855968", "target": "18880669"}}, {"type": "Feature", "geometry": {"type": "LineString", "coordinates": [[141.77984186247733, 55.27848334243083], [141.83125867235884, 55.27278800321572]]}, "properties": {"source": "17855968", "target": "18889123"}}, {"type": "Feature", "geometry": {"type": "LineString", "coordinates": [[141.77984186247733, 55.27848334243083], [141.80621645648745, 55.28650062616693]]}, "properties": {"source": "17855968", "target": "11763415"}}, {"type": "Feature", "geometry": {"type": "LineString", "coordinates": [[141.83867677029355, 55.25951433257271], [141.82556042682904, 55.27919680651678]]}, "properties": {"source": "731732", "target": "614383"}}, {"type": "Feature", "geometry": {"type": "LineString", "coordinates": [[141.83867677029355, 55.25951433257271], [141.82736818003218, 55.260013804401254]]}, "properties": {"source": "731732", "target": "739687"}}, {"type": "Feature", "geometry": {"type": "LineString", "coordinates": [[141.83867677029355, 55.25951433257271], [141.7887905254351, 55.25982155264592]]}, "properties": {"source": "731732", "target": "6613883"}}, {"type": "Feature", "geometry": {"type": "LineString", "coordinates": [[141.83867677029355, 55.25951433257271], [141.81925663860426, 55.26304047298434]]}, "properties": {"source": "731732", "target": "6619631"}}, {"type": "Feature", "geometry": {"type": "LineString", "coordinates": [[141.77659086232836, 55.264755173385396], [141.83852937157678, 55.27157343917109]]}, "properties": {"source": "3037327", "target": "3872106"}}, {"type": "Feature", "geometry": {"type": "LineString", "coordinates": [[141.77659086232836, 55.264755173385396], [141.76968527666503, 55.287511299100956]]}, "properties": {"source": "3037327", "target": "26651917"}}, {"type": "Feature", "geometry": {"type": "LineString", "coordinates": [[141.77659086232836, 55.264755173385396], [141.79475191437166, 55.271395493498346]]}, "properties": {"source": "3037327", "target": "26859062"}}, {"type": "Feature", "geometry": {"type": "LineString", "coordinates": [[141.77659086232836, 55.264755173385396], [141.7982561648946, 55.2581741170482]]}, "properties": {"source": "3037327", "target": "378266"}}, {"type": "Feature", "geometry": {"type": "LineString", "coordinates": [[141.77659086232836, 55.264755173385396], [141.81662013704204, 55.28960526414036]]}, "properties": {"source": "3037327", "target": "3507676"}}, {"type": "Feature", "geometry": {"type": "LineString", "coordinates": [[141.77045074547914, 55.25901346943333], [141.82187463535655, 55.26896969416424]]}, "properties": {"source": "3640431", "target": "27250260"}}, {"type": "Feature", "geometry": {"type": "LineString", "coordinates": [[141.77045074547914, 55.25901346943333], [141.78823654841517, 55.28667644162279]]}, "properties": {"source": "3640431", "target": "1177615"}}, {"type": "Feature", "geometry": {"type": "LineString", "coordinates": [[141.8603550600485, 55.26836811497071], [141.83852937157678, 55.27157343917109]]}, "properties": {"source": "2144536", "target": "3872106"}}, {"type": "Feature", "geometry": {"type": "LineString", "coordinates": [[141.8603550600485, 55.26836811497071], [141.81105747870038, 55.268398249273844]]}, "properties": {"source": "2144536", "target": "4158972"}}, {"type": "Feature", "geometry": {"type": "LineString", "coordinates": [[141.8603550600485, 55.26836811497071], [141.78133600349946, 55.274898503785536]]}, "properties": {"source": "2144536", "target": "2849323"}}, {"type": "Feature", "geometry": {"type": "LineString", "coordinates": [[141.82187463535655, 55.26896969416424], [141.7982561648946, 55.2581741170482]]}, "properties": {"source": "27250260", "target": "378266"}}, {"type": "Feature", "geometry": {"type": "LineString", "coordinates": [[141.82187463535655, 55.26896969416424], [141.7903653102464, 55.278528656115995]]}, "properties": {"source": "27250260", "target": "269838"}}, {"type": "Feature", "geometry": {"type": "LineString", "coordinates": [[141.8156812695927, 55.2905886646635], [141.7832194996888, 55.26968202444543]]}, "properties": {"source": "17851994", "target": "1968203"}}, {"type": "Feature", "geometry": {"type": "LineString", "coordinates": [[141.8156812695927, 55.2905886646635], [141.79470851682265, 55.271781802836415]]}, "properties": {"source": "17851994", "target": "18869237"}}, {"type": "Feature", "geometry": {"type": "LineString", "coordinates": [[141.8156812695927, 55.2905886646635], [141.81968109227233, 55.266838319189205]]}, "properties": {"source": "17851994", "target": "18873839"}}, {"type": "Feature", "geometry": {"type": "LineString", "coordinates": [[141.8156812695927, 55.2905886646635], [141.80131506490886, 55.26835375414072]]}, "properties": {"source": "17851994", "target": "1212501"}}, {"type": "Feature", "geometry": {"type": "LineString", "coordinates": [[141.8156812695927, 55.2905886646635], [141.8519416068301, 55.27690285768152]]}, "properties": {"source": "17851994", "target": "18880669"}}, {"type": "Feature", "geometry": {"type": "LineString", "coordinates": [[141.8156812695927, 55.2905886646635], [141.83125867235884, 55.27278800321572]]}, "properties": {"source": "17851994", "target": "18889123"}}, {"type": "Feature", "geometry": {"type": "LineString", "coordinates": [[141.8156812695927, 55.2905886646635], [141.80621645648745, 55.28650062616693]]}, "properties": {"source": "17851994", "target": "11763415"}}, {"type": "Feature", "geometry": {"type": "LineString", "coordinates": [[141.84798432985303, 55.282439008582074], [141.83852937157678, 55.27157343917109]]}, "properties": {"source": "34819713", "target": "3872106"}}, {"type": "Feature", "geometry": {"type": "LineString", "coordinates": [[141.84798432985303, 55.282439008582074], [141.7982561648946, 55.2581741170482]]}, "properties": {"source": "34819713", "target": "378266"}}, {"type": "Feature", "geometry": {"type": "LineString", "coordinates": [[141.86125180326195, 55.27853871769622], [141.85941101266803, 55.268325704941475]]}, "properties": {"source": "9645161", "target": "9874500"}}, {"type": "Feature", "geometry": {"type": "LineString", "coordinates": [[141.83973609390745, 55.27042132837323], [141.83852937157678, 55.27157343917109]]}, "properties": {"source": "13132847", "target": "3872106"}}, {"type": "Feature", "geometry": {"type": "LineString", "coordinates": [[141.83973609390745, 55.27042132837323], [141.83097577666518, 55.28224918314592]]}, "properties": {"source": "13132847", "target": "2884174"}}, {"type": "Feature", "geometry": {"type": "LineString", "coordinates": [[141.8148918463284, 55.28760934109009], [141.85894327523692, 55.263739521883934]]}, "properties": {"source": "10592766", "target": "11512221"}}, {"type": "Feature", "geometry": {"type": "LineString", "coordinates": [[141.8148918463284, 55.28760934109009], [141.84610605718086, 55.28692546520037]]}, "properties": {"source": "10592766", "target": "18894978"}}, {"type": "Feature", "geometry": {"type": "LineString", "coordinates": [[141.7870600868061, 55.27704995137502], [141.76508991626997, 55.26492530549402]]}, "properties": {"source": "6397025", "target": "6409406"}}, {"type": "Feature", "geometry": {"type": "LineString", "coordinates": [[141.8229832799471, 55.27589309108885], [141.84436528288006, 55.28149825589301]]}, "properties": {"source": "1159529", "target": "6049536"}}, {"type": "Feature", "geometry": {"type": "LineString", "coordinates": [[141.80989179140784, 55.26265960369116], [141.81397722163115, 55.258399592799236]]}, "properties": {"source": "25357521", "target": "25216133"}}, {"type": "Feature", "geometry": {"type": "LineString", "coordinates": [[141.80989179140784, 55.26265960369116], [141.78868072868465, 55.280278760982554]]}, "properties": {"source": "25357521", "target": "23617060"}}, {"type": "Feature", "geometry": {"type": "LineString", "coordinates": [[141.80989179140784, 55.26265960369116], [141.83893684277467, 55.262961548298534]]}, "properties": {"source": "25357521", "target": "242879"}}, {"type": "Feature", "geometry": {"type": "LineString", "coordinates": [[141.80989179140784, 55.26265960369116], [141.8438849818839, 55.26621413901235]]}, "properties": {"source": "25357521", "target": "28006863"}}, {"type": "Feature", "geometry": {"type": "LineString", "coordinates": [[141.80989179140784, 55.26265960369116], [141.77012610633, 55.267835594074285]]}, "properties": {"source": "25357521", "target": "2226058"}}, {"type": "Feature", "geometry": {"type": "LineString", "coordinates": [[141.80989179140784, 55.26265960369116], [141.76578640073012, 55.287917459307806]]}, "properties": {"source": "25357521", "target": "25676647"}}, {"type": "Feature", "geometry": {"type": "LineString", "coordinates": [[141.80989179140784, 55.26265960369116], [141.85000517294645, 55.26946719242869]]}, "properties": {"source": "25357521", "target": "2169922"}}, {"type": "Feature", "geometry": {"type": "LineString", "coordinates": [[141.80989179140784, 55.26265960369116], [141.85094772475514, 55.28262438559631]]}, "properties": {"source": "25357521", "target": "23367588"}}, {"type": "Feature", "geometry": {"type": "LineString", "coordinates": [[141.80989179140784, 55.26265960369116], [141.83973609390745, 55.27042132837323]]}, "properties": {"source": "25357521", "target": "13132847"}}, {"type": "Feature", "geometry": {"type": "LineString", "coordinates": [[141.77498854763945, 55.26704380183038], [141.83852937157678, 55.27157343917109]]}, "properties": {"source": "2601871", "target": "3872106"}}, {"type": "Feature", "geometry": {"type": "LineString", "coordinates": [[141.77498854763945, 55.26704380183038], [141.77847913862092, 55.26564035364474]]}, "properties": {"source": "2601871", "target": "38845"}}, {"type": "Feature", "geometry": {"type": "LineString", "coordinates": [[141.77498854763945, 55.26704380183038], [141.82503449063552, 55.26728977127688]]}, "properties": {"source": "2601871", "target": "5118485"}}, {"type": "Feature", "geometry": {"type": "LineString", "coordinates": [[141.77498854763945, 55.26704380183038], [141.81105747870038, 55.268398249273844]]}, "properties": {"source": "2601871", "target": "4158972"}}, {"type": "Feature", "geometry": {"type": "LineString", "coordinates": [[141.77498854763945, 55.26704380183038], [141.8411740476406, 55.28596520074548]]}, "properties": {"source": "2601871", "target": "645949"}}, {"type": "Feature", "geometry": {"type": "LineString", "coordinates": [[141.77498854763945, 55.26704380183038], [141.78488236534184, 55.27613012087964]]}, "properties": {"source": "2601871", "target": "1877658"}}, {"type": "Feature", "geometry": {"type": "LineString", "coordinates": [[141.77498854763945, 55.26704380183038], [141.78133600349946, 55.274898503785536]]}, "properties": {"source": "2601871", "target": "2849323"}}, {"type": "Feature", "geometry": {"type": "LineString", "coordinates": [[141.80368065809887, 55.266549896693476], [141.78488236534184, 55.27613012087964]]}, "properties": {"source": "2968249", "target": "1877658"}}, {"type": "Feature", "geometry": {"type": "LineString", "coordinates": [[141.80368065809887, 55.266549896693476], [141.83751093281018, 55.26076110235768]]}, "properties": {"source": "2968249", "target": "18742810"}}, {"type": "Feature", "geometry": {"type": "LineString", "coordinates": [[141.80368065809887, 55.266549896693476], [141.80555590151943, 55.26660561909894]]}, "properties": {"source": "2968249", "target": "3079674"}}, {"type": "Feature", "geometry": {"type": "LineString", "coordinates": [[141.80368065809887, 55.266549896693476], [141.78133600349946, 55.274898503785536]]}, "properties": {"source": "2968249", "target": "2849323"}}, {"type": "Feature", "geometry": {"type": "LineString", "coordinates": [[141.80368065809887, 55.266549896693476], [141.86009454332304, 55.289698524143205]]}, "properties": {"source": "2968249", "target": "29844204"}}, {"type": "Feature", "geometry": {"type": "LineString", "coordinates": [[141.80368065809887, 55.266549896693476], [141.82760841083655, 55.25961092029709]]}, "properties": {"source": "2968249", "target": "2744477"}}, {"type": "Feature", "geometry": {"type": "LineString", "coordinates": [[141.80368065809887, 55.266549896693476], [141.83097577666518, 55.28224918314592]]}, "properties": {"source": "2968249", "target": "2884174"}}, {"type": "Feature", "geometry": {"type": "LineString", "coordinates": [[141.80368065809887, 55.266549896693476], [141.79711498565808, 55.26437037241328]]}, "properties": {"source": "2968249", "target": "3070506"}}, {"type": "Feature", "geometry": {"type": "LineString", "coordinates": [[141.80368065809887, 55.266549896693476], [141.77498854763945, 55.26704380183038]]}, "properties": {"source": "2968249", "target": "2601871"}}, {"type": "Feature", "geometry": {"type": "LineString", "coordinates": [[141.80368065809887, 55.266549896693476], [141.77236082548296, 55.29070408133889]]}, "properties": {"source": "2968249", "target": "424927"}}, {"type": "Feature", "geometry": {"type": "LineString", "coordinates": [[141.80368065809887, 55.266549896693476], [141.80694955425247, 55.26705957573438]]}, "properties": {"source": "2968249", "target": "17160993"}}, {"type": "Feature", "geometry": {"type": "LineString", "coordinates": [[141.80368065809887, 55.266549896693476], [141.844497768488, 55.28591133964696]]}, "properties": {"source": "2968249", "target": "18139930"}}, {"type": "Feature", "geometry": {"type": "LineString", "coordinates": [[141.80368065809887, 55.266549896693476], [141.7730266860981, 55.26614232200738]]}, "properties": {"source": "2968249", "target": "2333421"}}, {"type": "Feature", "geometry": {"type": "LineString", "coordinates": [[141.80368065809887, 55.266549896693476], [141.7832194996888, 55.26968202444543]]}, "properties": {"source": "2968249", "target": "1968203"}}, {"type": "Feature", "geometry": {"type": "LineString", "coordinates": [[141.80368065809887, 55.266549896693476], [141.79698765645196, 55.26812733437308]]}, "properties": {"source": "2968249", "target": "16862840"}}, {"type": "Feature", "geometry": {"type": "LineString", "coordinates": [[141.80368065809887, 55.266549896693476], [141.85517864297702, 55.2684390054804]]}, "properties": {"source": "2968249", "target": "3158714"}}, {"type": "Feature", "geometry": {"type": "LineString", "coordinates": [[141.83609031716196, 55.27082209017604], [141.83273458821566, 55.26527134618665]]}, "properties": {"source": "14948638", "target": "12644323"}}, {"type": "Feature", "geometry": {"type": "LineString", "coordinates": [[141.83609031716196, 55.27082209017604], [141.81978756165097, 55.27263813872163]]}, "properties": {"source": "14948638", "target": "1605511"}}, {"type": "Feature", "geometry": {"type": "LineString", "coordinates": [[141.83609031716196, 55.27082209017604], [141.81824319086468, 55.28220924163759]]}, "properties": {"source": "14948638", "target": "1191931"}}, {"type": "Feature", "geometry": {"type": "LineString", "coordinates": [[141.81153084189026, 55.28146601058579], [141.83852937157678, 55.27157343917109]]}, "properties": {"source": "5373323", "target": "3872106"}}, {"type": "Feature", "geometry": {"type": "LineString", "coordinates": [[141.81153084189026, 55.28146601058579], [141.81105747870038, 55.268398249273844]]}, "properties": {"source": "5373323", "target": "4158972"}}, {"type": "Feature", "geometry": {"type": "LineString", "coordinates": [[141.81153084189026, 55.28146601058579], [141.8411740476406, 55.28596520074548]]}, "properties": {"source": "5373323", "target": "645949"}}, {"type": "Feature", "geometry": {"type": "LineString", "coordinates": [[141.81153084189026, 55.28146601058579], [141.82961842857094, 55.287605854611385]]}, "properties": {"source": "5373323", "target": "8072237"}}, {"type": "Feature", "geometry": {"type": "LineString", "coordinates": [[141.81687824296404, 55.27930057459031], [141.82172591910285, 55.27408752824891]]}, "properties": {"source": "16156372", "target": "17674605"}}, {"type": "Feature", "geometry": {"type": "LineString", "coordinates": [[141.7864829275931, 55.28762252032935], [141.82961842857094, 55.287605854611385]]}, "properties": {"source": "998869", "target": "8072237"}}, {"type": "Feature", "geometry": {"type": "LineString", "coordinates": [[141.84596308029614, 55.2732294507874], [141.84650972094124, 55.26751135981125]]}, "properties": {"source": "10095239", "target": "8175974"}}, {"type": "Feature", "geometry": {"type": "LineString", "coordinates": [[141.84596308029614, 55.2732294507874], [141.85262009457927, 55.28743238985163]]}, "properties": {"source": "10095239", "target": "11724650"}}, {"type": "Feature", "geometry": {"type": "LineString", "coordinates": [[141.84596308029614, 55.2732294507874], [141.82168156468043, 55.27679392438657]]}, "properties": {"source": "10095239", "target": "6578726"}}, {"type": "Feature", "geometry": {"type": "LineString", "coordinates": [[141.82513926980755, 55.276293407750956], [141.78334100258553, 55.26197614578261]]}, "properties": {"source": "18667073", "target": "25967954"}}, {"type": "Feature", "geometry": {"type": "LineString", "coordinates": [[141.82513926980755, 55.276293407750956], [141.81179457723778, 55.25876438659107]]}, "properties": {"source": "18667073", "target": "25816179"}}, {"type": "Feature", "geometry": {"type": "LineString", "coordinates": [[141.85238782966155, 55.26733761493931], [141.84230381672342, 55.278525874698616]]}, "properties": {"source": "9211846", "target": "9081697"}}, {"type": "Feature", "geometry": {"type": "LineString", "coordinates": [[141.85238782966155, 55.26733761493931], [141.791923173922, 55.258278424287724]]}, "properties": {"source": "9211846", "target": "8521602"}}, {"type": "Feature", "geometry": {"type": "LineString", "coordinates": [[141.8184857423592, 55.267344640180866], [141.8020069895942, 55.28074355236444]]}, "properties": {"source": "6149370", "target": "11232705"}}, {"type": "Feature", "geometry": {"type": "LineString", "coordinates": [[141.8184857423592, 55.267344640180866], [141.78781734321052, 55.26668636028299]]}, "properties": {"source": "6149370", "target": "2062468"}}, {"type": "Feature", "geometry": {"type": "LineString", "coordinates": [[141.8184857423592, 55.267344640180866], [141.83008069590858, 55.28314300582767]]}, "properties": {"source": "6149370", "target": "590752"}}, {"type": "Feature", "geometry": {"type": "LineString", "coordinates": [[141.8020069895942, 55.28074355236444], [141.80248573306147, 55.2643387919083]]}, "properties": {"source": "11232705", "target": "8349179"}}, {"type": "Feature", "geometry": {"type": "LineString", "coordinates": [[141.8020069895942, 55.28074355236444], [141.78781734321052, 55.26668636028299]]}, "properties": {"source": "11232705", "target": "2062468"}}, {"type": "Feature", "geometry": {"type": "LineString", "coordinates": [[141.8020069895942, 55.28074355236444], [141.83008069590858, 55.28314300582767]]}, "properties": {"source": "11232705", "target": "590752"}}, {"type": "Feature", "geometry": {"type": "LineString", "coordinates": [[141.8020069895942, 55.28074355236444], [141.83497933026797, 55.27720094707992]]}, "properties": {"source": "11232705", "target": "7625282"}}, {"type": "Feature", "geometry": {"type": "LineString", "coordinates": [[141.78373641322884, 55.265491577516315], [141.78125045216484, 55.2639279030478]]}, "properties": {"source": "2865684", "target": "25852892"}}, {"type": "Feature", "geometry": {"type": "LineString", "coordinates": [[141.83864305239496, 55.259811682267326], [141.82961842857094, 55.287605854611385]]}, "properties": {"source": "572751", "target": "8072237"}}, {"type": "Feature", "geometry": {"type": "LineString", "coordinates": [[141.83864305239496, 55.259811682267326], [141.8342981162565, 55.278140891459955]]}, "properties": {"source": "572751", "target": "7065312"}}, {"type": "Feature", "geometry": {"type": "LineString", "coordinates": [[141.83864305239496, 55.259811682267326], [141.82548223812194, 55.28126004479283]]}, "properties": {"source": "572751", "target": "5174507"}}, {"type": "Feature", "geometry": {"type": "LineString", "coordinates": [[141.83864305239496, 55.259811682267326], [141.79755967955623, 55.261122915850706]]}, "properties": {"source": "572751", "target": "4133124"}}, {"type": "Feature", "geometry": {"type": "LineString", "coordinates": [[141.83864305239496, 55.259811682267326], [141.81636498565734, 55.27821727535978]]}, "properties": {"source": "572751", "target": "540021"}}, {"type": "Feature", "geometry": {"type": "LineString", "coordinates": [[141.82760841083655, 55.25961092029709], [141.83852937157678, 55.27157343917109]]}, "properties": {"source": "2744477", "target": "3872106"}}, {"type": "Feature", "geometry": {"type": "LineString", "coordinates": [[141.82760841083655, 55.25961092029709], [141.81105747870038, 55.268398249273844]]}, "properties": {"source": "2744477", "target": "4158972"}}, {"type": "Feature", "geometry": {"type": "LineString", "coordinates": [[141.8020069895942, 55.28074355236444], [141.7903653102464, 55.278528656115995]]}, "properties": {"source": "11232705", "target": "269838"}}, {"type": "Feature", "geometry": {"type": "LineString", "coordinates": [[141.81908562377197, 55.26904320595446], [141.83367990874098, 55.282792290954404]]}, "properties": {"source": "16120557", "target": "15705005"}}, {"type": "Feature", "geometry": {"type": "LineString", "coordinates": [[141.81908562377197, 55.26904320595446], [141.81060451476037, 55.2897398135171]]}, "properties": {"source": "16120557", "target": "1608178"}}, {"type": "Feature", "geometry": {"type": "LineString", "coordinates": [[141.850989019373, 55.266545158374356], [141.7909833803571, 55.29028786238726]]}, "properties": {"source": "4243015", "target": "1143301"}}, {"type": "Feature", "geometry": {"type": "LineString", "coordinates": [[141.81805030053403, 55.26832313333637], [141.84230381672342, 55.278525874698616]]}, "properties": {"source": "11248905", "target": "9081697"}}, {"type": "Feature", "geometry": {"type": "LineString", "coordinates": [[141.7705624588587, 55.28406815588943], [141.82315453446512, 55.278752492021724]]}, "properties": {"source": "2345596", "target": "23200402"}}, {"type": "Feature", "geometry": {"type": "LineString", "coordinates": [[141.7705624588587, 55.28406815588943], [141.7875876457519, 55.26973793897079]]}, "properties": {"source": "2345596", "target": "20506323"}}, {"type": "Feature", "geometry": {"type": "LineString", "coordinates": [[141.79850755991203, 55.28704142705506], [141.7910324609325, 55.28110164136373]]}, "properties": {"source": "18693858", "target": "19991193"}}, {"type": "Feature", "geometry": {"type": "LineString", "coordinates": [[141.79850755991203, 55.28704142705506], [141.82529296754393, 55.288941286233566]]}, "properties": {"source": "18693858", "target": "18873977"}}, {"type": "Feature", "geometry": {"type": "LineString", "coordinates": [[141.7769194280449, 55.260251585728696], [141.82187463535655, 55.26896969416424]]}, "properties": {"source": "1191487", "target": "27250260"}}, {"type": "Feature", "geometry": {"type": "LineString", "coordinates": [[141.7769194280449, 55.260251585728696], [141.77424756294442, 55.2766071008173]]}, "properties": {"source": "1191487", "target": "12196783"}}, {"type": "Feature", "geometry": {"type": "LineString", "coordinates": [[141.7769194280449, 55.260251585728696], [141.8340774601371, 55.26056215851732]]}, "properties": {"source": "1191487", "target": "1696000"}}, {"type": "Feature", "geometry": {"type": "LineString", "coordinates": [[141.8176560788309, 55.28538883011531], [141.8563193773137, 55.262632324937286]]}, "properties": {"source": "837265", "target": "847030"}}, {"type": "Feature", "geometry": {"type": "LineString", "coordinates": [[141.8176560788309, 55.28538883011531], [141.81126845071793, 55.261000937750055]]}, "properties": {"source": "837265", "target": "955696"}}, {"type": "Feature", "geometry": {"type": "LineString", "coordinates": [[141.8176560788309, 55.28538883011531], [141.8094071657145, 55.269259451725674]]}, "properties": {"source": "837265", "target": "9851665"}}, {"type": "Feature", "geometry": {"type": "LineString", "coordinates": [[141.8176560788309, 55.28538883011531], [141.7864829275931, 55.28762252032935]]}, "properties": {"source": "837265", "target": "998869"}}, {"type": "Feature", "geometry": {"type": "LineString", "coordinates": [[141.79850755991203, 55.28704142705506], [141.81336251672224, 55.28074920039681]]}, "properties": {"source": "18693858", "target": "19245438"}}, {"type": "Feature", "geometry": {"type": "LineString", "coordinates": [[141.770142953034, 55.27057578254508], [141.83893436753175, 55.26952227685919]]}, "properties": {"source": "2070751", "target": "2562981"}}, {"type": "Feature", "geometry": {"type": "LineString", "coordinates": [[141.770142953034, 55.27057578254508], [141.78133600349946, 55.274898503785536]]}, "properties": {"source": "2070751", "target": "2849323"}}, {"type": "Feature", "geometry": {"type": "LineString", "coordinates": [[141.770142953034, 55.27057578254508], [141.86009454332304, 55.289698524143205]]}, "properties": {"source": "2070751", "target": "29844204"}}, {"type": "Feature", "geometry": {"type": "LineString", "coordinates": [[141.770142953034, 55.27057578254508], [141.82760841083655, 55.25961092029709]]}, "properties": {"source": "2070751", "target": "2744477"}}, {"type": "Feature", "geometry": {"type": "LineString", "coordinates": [[141.770142953034, 55.27057578254508], [141.77498854763945, 55.26704380183038]]}, "properties": {"source": "2070751", "target": "2601871"}}, {"type": "Feature", "geometry": {"type": "LineString", "coordinates": [[141.770142953034, 55.27057578254508], [141.7730266860981, 55.26614232200738]]}, "properties": {"source": "2070751", "target": "2333421"}}, {"type": "Feature", "geometry": {"type": "LineString", "coordinates": [[141.84381928745267, 55.25891331103726], [141.81687824296404, 55.27930057459031]]}, "properties": {"source": "13624388", "target": "16156372"}}, {"type": "Feature", "geometry": {"type": "LineString", "coordinates": [[141.84381928745267, 55.25891331103726], [141.8054150940111, 55.27559399261868]]}, "properties": {"source": "13624388", "target": "15747358"}}, {"type": "Feature", "geometry": {"type": "LineString", "coordinates": [[141.84381928745267, 55.25891331103726], [141.83367990874098, 55.282792290954404]]}, "properties": {"source": "13624388", "target": "15705005"}}, {"type": "Feature", "geometry": {"type": "LineString", "coordinates": [[141.8184561538347, 55.28790441525179], [141.77573476608495, 55.28990709290818]]}, "properties": {"source": "868271", "target": "887319"}}, {"type": "Feature", "geometry": {"type": "LineString", "coordinates": [[141.84768283084884, 55.27511786516757], [141.7982561648946, 55.2581741170482]]}, "properties": {"source": "3363176", "target": "378266"}}, {"type": "Feature", "geometry": {"type": "LineString", "coordinates": [[141.84768283084884, 55.27511786516757], [141.82187463535655, 55.26896969416424]]}, "properties": {"source": "3363176", "target": "27250260"}}, {"type": "Feature", "geometry": {"type": "LineString", "coordinates": [[141.84768283084884, 55.27511786516757], [141.78823654841517, 55.28667644162279]]}, "properties": {"source": "3363176", "target": "1177615"}}, {"type": "Feature", "geometry": {"type": "LineString", "coordinates": [[141.84768283084884, 55.27511786516757], [141.7837814112723, 55.287345646223216]]}, "properties": {"source": "3363176", "target": "17374285"}}, {"type": "Feature", "geometry": {"type": "LineString", "coordinates": [[141.82666279858626, 55.28628240240954], [141.84436528288006, 55.28149825589301]]}, "properties": {"source": "1232601", "target": "6049536"}}, {"type": "Feature", "geometry": {"type": "LineString", "coordinates": [[141.84768283084884, 55.27511786516757], [141.7903653102464, 55.278528656115995]]}, "properties": {"source": "3363176", "target": "269838"}}, {"type": "Feature", "geometry": {"type": "LineString", "coordinates": [[141.85812392211665, 55.28624692999186], [141.8061205094486, 55.29062959205288]]}, "properties": {"source": "17558270", "target": "10173280"}}, {"type": "Feature", "geometry": {"type": "LineString", "coordinates": [[141.81407498236968, 55.290318847574596], [141.7982561648946, 55.2581741170482]]}, "properties": {"source": "420342", "target": "378266"}}, {"type": "Feature", "geometry": {"type": "LineString", "coordinates": [[141.81407498236968, 55.290318847574596], [141.84768283084884, 55.27511786516757]]}, "properties": {"source": "420342", "target": "3363176"}}, {"type": "Feature", "geometry": {"type": "LineString", "coordinates": [[141.81407498236968, 55.290318847574596], [141.77045074547914, 55.25901346943333]]}, "properties": {"source": "420342", "target": "3640431"}}, {"type": "Feature", "geometry": {"type": "LineString", "coordinates": [[141.77098393660754, 55.28855733569958], [141.82529296754393, 55.288941286233566]]}, "properties": {"source": "17797425", "target": "18873977"}}, {"type": "Feature", "geometry": {"type": "LineString", "coordinates": [[141.77098393660754, 55.28855733569958], [141.80456260859188, 55.2823012157552]]}, "properties": {"source": "17797425", "target": "17867279"}}, {"type": "Feature", "geometry": {"type": "LineString", "coordinates": [[141.85862438865036, 55.26018388057159], [141.8459312761383, 55.286665925391105]]}, "properties": {"source": "359044", "target": "424624"}}, {"type": "Feature", "geometry": {"type": "LineString", "coordinates": [[141.85862438865036, 55.26018388057159], [141.81763140137394, 55.28097966574049]]}, "properties": {"source": "359044", "target": "1730274"}}, {"type": "Feature", "geometry": {"type": "LineString", "coordinates": [[141.79698765645196, 55.26812733437308], [141.83506323360007, 55.28810529603247]]}, "properties": {"source": "16862840", "target": "15931640"}}, {"type": "Feature", "geometry": {"type": "LineString", "coordinates": [[141.79698765645196, 55.26812733437308], [141.83922691945247, 55.260679535878154]]}, "properties": {"source": "16862840", "target": "16108157"}}, {"type": "Feature", "geometry": {"type": "LineString", "coordinates": [[141.79698765645196, 55.26812733437308], [141.81687824296404, 55.27930057459031]]}, "properties": {"source": "16862840", "target": "16156372"}}, {"type": "Feature", "geometry": {"type": "LineString", "coordinates": [[141.79698765645196, 55.26812733437308], [141.83033136376787, 55.26274335944811]]}, "properties": {"source": "16862840", "target": "302449"}}, {"type": "Feature", "geometry": {"type": "LineString", "coordinates": [[141.79698765645196, 55.26812733437308], [141.82172591910285, 55.27408752824891]]}, "properties": {"source": "16862840", "target": "17674605"}}, {"type": "Feature", "geometry": {"type": "LineString", "coordinates": [[141.85894327523692, 55.263739521883934], [141.791495000061, 55.27161938684216]]}, "properties": {"source": "11512221", "target": "22567980"}}, {"type": "Feature", "geometry": {"type": "LineString", "coordinates": [[141.85894327523692, 55.263739521883934], [141.7893411644576, 55.2666992900011]]}, "properties": {"source": "11512221", "target": "19324908"}}, {"type": "Feature", "geometry": {"type": "LineString", "coordinates": [[141.85862438865036, 55.26018388057159], [141.8106557728595, 55.28342577916868]]}, "properties": {"source": "359044", "target": "15289809"}}, {"type": "Feature", "geometry": {"type": "LineString", "coordinates": [[141.8125903070495, 55.276857910230916], [141.78645716130666, 55.26379434535329]]}, "properties": {"source": "24964266", "target": "2414696"}}, {"type": "Feature", "geometry": {"type": "LineString", "coordinates": [[141.8125903070495, 55.276857910230916], [141.78794422246068, 55.274747115349825]]}, "properties": {"source": "24964266", "target": "25841246"}}, {"type": "Feature", "geometry": {"type": "LineString", "coordinates": [[141.81772143931636, 55.285778148307486], [141.83751093281018, 55.26076110235768]]}, "properties": {"source": "202199", "target": "18742810"}}, {"type": "Feature", "geometry": {"type": "LineString", "coordinates": [[141.81772143931636, 55.285778148307486], [141.80555590151943, 55.26660561909894]]}, "properties": {"source": "202199", "target": "3079674"}}, {"type": "Feature", "geometry": {"type": "LineString", "coordinates": [[141.81772143931636, 55.285778148307486], [141.844497768488, 55.28591133964696]]}, "properties": {"source": "202199", "target": "18139930"}}, {"type": "Feature", "geometry": {"type": "LineString", "coordinates": [[141.81772143931636, 55.285778148307486], [141.83922691945247, 55.260679535878154]]}, "properties": {"source": "202199", "target": "16108157"}}, {"type": "Feature", "geometry": {"type": "LineString", "coordinates": [[141.81772143931636, 55.285778148307486], [141.78561820733717, 55.26609425482799]]}, "properties": {"source": "202199", "target": "16083317"}}, {"type": "Feature", "geometry": {"type": "LineString", "coordinates": [[141.81772143931636, 55.285778148307486], [141.83033136376787, 55.26274335944811]]}, "properties": {"source": "202199", "target": "302449"}}, {"type": "Feature", "geometry": {"type": "LineString", "coordinates": [[141.81772143931636, 55.285778148307486], [141.80283045902758, 55.28718354361689]]}, "properties": {"source": "202199", "target": "25614271"}}, {"type": "Feature", "geometry": {"type": "LineString", "coordinates": [[141.8537614823823, 55.259736371188296], [141.86199533491612, 55.266735275966795]]}, "properties": {"source": "10996474", "target": "6122309"}}, {"type": "Feature", "geometry": {"type": "LineString", "coordinates": [[141.78561820733717, 55.26609425482799], [141.78553500000658, 55.290188251093085]]}, "properties": {"source": "16083317", "target": "15931624"}}, {"type": "Feature", "geometry": {"type": "LineString", "coordinates": [[141.78561820733717, 55.26609425482799], [141.83506323360007, 55.28810529603247]]}, "properties": {"source": "16083317", "target": "15931640"}}, {"type": "Feature", "geometry": {"type": "LineString", "coordinates": [[141.78561820733717, 55.26609425482799], [141.79698765645196, 55.26812733437308]]}, "properties": {"source": "16083317", "target": "16862840"}}, {"type": "Feature", "geometry": {"type": "LineString", "coordinates": [[141.78561820733717, 55.26609425482799], [141.83922691945247, 55.260679535878154]]}, "properties": {"source": "16083317", "target": "16108157"}}, {"type": "Feature", "geometry": {"type": "LineString", "coordinates": [[141.78561820733717, 55.26609425482799], [141.81687824296404, 55.27930057459031]]}, "properties": {"source": "16083317", "target": "16156372"}}, {"type": "Feature", "geometry": {"type": "LineString", "coordinates": [[141.78561820733717, 55.26609425482799], [141.8082565132765, 55.26175723271862]]}, "properties": {"source": "16083317", "target": "16687067"}}, {"type": "Feature", "geometry": {"type": "LineString", "coordinates": [[141.83904229971574, 55.264245949670226], [141.83102711660825, 55.27822815213774]]}, "properties": {"source": "2198476", "target": "15796138"}}, {"type": "Feature", "geometry": {"type": "LineString", "coordinates": [[141.8014583988362, 55.28336126994316], [141.85403683770397, 55.28909126728978]]}, "properties": {"source": "19224713", "target": "1733621"}}, {"type": "Feature", "geometry": {"type": "LineString", "coordinates": [[141.8014583988362, 55.28336126994316], [141.791495000061, 55.27161938684216]]}, "properties": {"source": "19224713", "target": "22567980"}}, {"type": "Feature", "geometry": {"type": "LineString", "coordinates": [[141.8014583988362, 55.28336126994316], [141.7893411644576, 55.2666992900011]]}, "properties": {"source": "19224713", "target": "19324908"}}, {"type": "Feature", "geometry": {"type": "LineString", "coordinates": [[141.8014583988362, 55.28336126994316], [141.778220367576, 55.26627602937907]]}, "properties": {"source": "19224713", "target": "19418072"}}, {"type": "Feature", "geometry": {"type": "LineString", "coordinates": [[141.7737311559884, 55.283120504574995], [141.8554907637149, 55.259343025219636]]}, "properties": {"source": "10130878", "target": "8172361"}}, {"type": "Feature", "geometry": {"type": "LineString", "coordinates": [[141.7737311559884, 55.283120504574995], [141.82961842857094, 55.287605854611385]]}, "properties": {"source": "10130878", "target": "8072237"}}, {"type": "Feature", "geometry": {"type": "LineString", "coordinates": [[141.7737311559884, 55.283120504574995], [141.81153084189026, 55.28146601058579]]}, "properties": {"source": "10130878", "target": "5373323"}}, {"type": "Feature", "geometry": {"type": "LineString", "coordinates": [[141.7737311559884, 55.283120504574995], [141.82667087703595, 55.276760105525284]]}, "properties": {"source": "10130878", "target": "840725"}}, {"type": "Feature", "geometry": {"type": "LineString", "coordinates": [[141.83704196049712, 55.28869310865048], [141.8109566141395, 55.27182840801683]]}, "properties": {"source": "853858", "target": "847635"}}, {"type": "Feature", "geometry": {"type": "LineString", "coordinates": [[141.84610605718086, 55.28692546520037], [141.7893411644576, 55.2666992900011]]}, "properties": {"source": "18894978", "target": "19324908"}}, {"type": "Feature", "geometry": {"type": "LineString", "coordinates": [[141.8365842486486, 55.272979333266775], [141.83852937157678, 55.27157343917109]]}, "properties": {"source": "236420", "target": "3872106"}}, {"type": "Feature", "geometry": {"type": "LineString", "coordinates": [[141.77338909352824, 55.277587749529644], [141.82187463535655, 55.26896969416424]]}, "properties": {"source": "2357069", "target": "27250260"}}, {"type": "Feature", "geometry": {"type": "LineString", "coordinates": [[141.80968838402578, 55.26490052440657], [141.79475191437166, 55.271395493498346]]}, "properties": {"source": "10322733", "target": "26859062"}}, {"type": "Feature", "geometry": {"type": "LineString", "coordinates": [[141.80968838402578, 55.26490052440657], [141.81662013704204, 55.28960526414036]]}, "properties": {"source": "10322733", "target": "3507676"}}, {"type": "Feature", "geometry": {"type": "LineString", "coordinates": [[141.77338909352824, 55.277587749529644], [141.7903653102464, 55.278528656115995]]}, "properties": {"source": "2357069", "target": "269838"}}, {"type": "Feature", "geometry": {"type": "LineString", "coordinates": [[141.85563350622488, 55.267627140399014], [141.8340774601371, 55.26056215851732]]}, "properties": {"source": "2327391", "target": "1696000"}}, {"type": "Feature", "geometry": {"type": "LineString", "coordinates": [[141.82535431248266, 55.27726275786296], [141.78017027785933, 55.266717974567555]]}, "properties": {"source": "1244856", "target": "24454511"}}, {"type": "Feature", "geometry": {"type": "LineString", "coordinates": [[141.82535431248266, 55.27726275786296], [141.79475191437166, 55.271395493498346]]}, "properties": {"source": "1244856", "target": "26859062"}}, {"type": "Feature", "geometry": {"type": "LineString", "coordinates": [[141.82535431248266, 55.27726275786296], [141.81662013704204, 55.28960526414036]]}, "properties": {"source": "1244856", "target": "3507676"}}, {"type": "Feature", "geometry": {"type": "LineString", "coordinates": [[141.82535431248266, 55.27726275786296], [141.82529296754393, 55.288941286233566]]}, "properties": {"source": "1244856", "target": "18873977"}}, {"type": "Feature", "geometry": {"type": "LineString", "coordinates": [[141.822807279924, 55.27809000552287], [141.8554907637149, 55.259343025219636]]}, "properties": {"source": "7607285", "target": "8172361"}}, {"type": "Feature", "geometry": {"type": "LineString", "coordinates": [[141.822807279924, 55.27809000552287], [141.84230381672342, 55.278525874698616]]}, "properties": {"source": "7607285", "target": "9081697"}}, {"type": "Feature", "geometry": {"type": "LineString", "coordinates": [[141.822807279924, 55.27809000552287], [141.791923173922, 55.258278424287724]]}, "properties": {"source": "7607285", "target": "8521602"}}, {"type": "Feature", "geometry": {"type": "LineString", "coordinates": [[141.8111895780903, 55.27683076691429], [141.787952606342, 55.26578392687222]]}, "properties": {"source": "1047145", "target": "2513400"}}, {"type": "Feature", "geometry": {"type": "LineString", "coordinates": [[141.8111895780903, 55.27683076691429], [141.77655022022884, 55.27191025871399]]}, "properties": {"source": "1047145", "target": "185940"}}, {"type": "Feature", "geometry": {"type": "LineString", "coordinates": [[141.8111895780903, 55.27683076691429], [141.81835448644978, 55.28669678939853]]}, "properties": {"source": "1047145", "target": "12392260"}}, {"type": "Feature", "geometry": {"type": "LineString", "coordinates": [[141.76427560365937, 55.289812234444796], [141.78879226099605, 55.26997889229483]]}, "properties": {"source": "8714689", "target": "997423"}}, {"type": "Feature", "geometry": {"type": "LineString", "coordinates": [[141.76427560365937, 55.289812234444796], [141.76922574838056, 55.26385931854469]]}, "properties": {"source": "8714689", "target": "7158146"}}, {"type": "Feature", "geometry": {"type": "LineString", "coordinates": [[141.76427560365937, 55.289812234444796], [141.7697836813848, 55.28133570609762]]}, "properties": {"source": "8714689", "target": "12195732"}}, {"type": "Feature", "geometry": {"type": "LineString", "coordinates": [[141.78879226099605, 55.26997889229483], [141.76922574838056, 55.26385931854469]]}, "properties": {"source": "997423", "target": "7158146"}}, {"type": "Feature", "geometry": {"type": "LineString", "coordinates": [[141.8608426911424, 55.27412446174827], [141.8082565132765, 55.26175723271862]]}, "properties": {"source": "13276797", "target": "16687067"}}, {"type": "Feature", "geometry": {"type": "LineString", "coordinates": [[141.79493402086717, 55.2834833642966], [141.83884158653785, 55.26585553114715]]}, "properties": {"source": "15831283", "target": "15750598"}}, {"type": "Feature", "geometry": {"type": "LineString", "coordinates": [[141.79493402086717, 55.2834833642966], [141.84862924333072, 55.258437354976905]]}, "properties": {"source": "15831283", "target": "14059110"}}, {"type": "Feature", "geometry": {"type": "LineString", "coordinates": [[141.79493402086717, 55.2834833642966], [141.83033136376787, 55.26274335944811]]}, "properties": {"source": "15831283", "target": "302449"}}, {"type": "Feature", "geometry": {"type": "LineString", "coordinates": [[141.79493402086717, 55.2834833642966], [141.82554704926764, 55.26523920171668]]}, "properties": {"source": "15831283", "target": "14059099"}}, {"type": "Feature", "geometry": {"type": "LineString", "coordinates": [[141.79493402086717, 55.2834833642966], [141.80281390307027, 55.27999769083601]]}, "properties": {"source": "15831283", "target": "11066465"}}, {"type": "Feature", "geometry": {"type": "LineString", "coordinates": [[141.79493402086717, 55.2834833642966], [141.76589416727836, 55.27064876850346]]}, "properties": {"source": "15831283", "target": "15706861"}}, {"type": "Feature", "geometry": {"type": "LineString", "coordinates": [[141.79493402086717, 55.2834833642966], [141.8438417879534, 55.28733036447197]]}, "properties": {"source": "15831283", "target": "1317839"}}, {"type": "Feature", "geometry": {"type": "LineString", "coordinates": [[141.79493402086717, 55.2834833642966], [141.79597167223022, 55.290017230019814]]}, "properties": {"source": "15831283", "target": "9138023"}}, {"type": "Feature", "geometry": {"type": "LineString", "coordinates": [[141.79493402086717, 55.2834833642966], [141.85450963655984, 55.27219547375742]]}, "properties": {"source": "15831283", "target": "15773846"}}, {"type": "Feature", "geometry": {"type": "LineString", "coordinates": [[141.79493402086717, 55.2834833642966], [141.76739229196744, 55.2618834236342]]}, "properties": {"source": "15831283", "target": "11914150"}}, {"type": "Feature", "geometry": {"type": "LineString", "coordinates": [[141.79493402086717, 55.2834833642966], [141.81527539985774, 55.278084021213076]]}, "properties": {"source": "15831283", "target": "1114651"}}, {"type": "Feature", "geometry": {"type": "LineString", "coordinates": [[141.79493402086717, 55.2834833642966], [141.86110730135147, 55.28070801053542]]}, "properties": {"source": "15831283", "target": "13732476"}}, {"type": "Feature", "geometry": {"type": "LineString", "coordinates": [[141.8094071657145, 55.269259451725674], [141.76456995738255, 55.27263815646833]]}, "properties": {"source": "9851665", "target": "824998"}}, {"type": "Feature", "geometry": {"type": "LineString", "coordinates": [[141.8094071657145, 55.269259451725674], [141.8563193773137, 55.262632324937286]]}, "properties": {"source": "9851665", "target": "847030"}}, {"type": "Feature", "geometry": {"type": "LineString", "coordinates": [[141.8094071657145, 55.269259451725674], [141.82961842857094, 55.287605854611385]]}, "properties": {"source": "9851665", "target": "8072237"}}, {"type": "Feature", "geometry": {"type": "LineString", "coordinates": [[141.79493402086717, 55.2834833642966], [141.8082565132765, 55.26175723271862]]}, "properties": {"source": "15831283", "target": "16687067"}}, {"type": "Feature", "geometry": {"type": "LineString", "coordinates": [[141.79484903968853, 55.28115741219496], [141.8164094239546, 55.261293807430036]]}, "properties": {"source": "27384816", "target": "22545968"}}, {"type": "Feature", "geometry": {"type": "LineString", "coordinates": [[141.79484903968853, 55.28115741219496], [141.84937189407827, 55.25810196797552]]}, "properties": {"source": "27384816", "target": "13326225"}}, {"type": "Feature", "geometry": {"type": "LineString", "coordinates": [[141.79484903968853, 55.28115741219496], [141.7978928762817, 55.26798231673921]]}, "properties": {"source": "27384816", "target": "22878718"}}, {"type": "Feature", "geometry": {"type": "LineString", "coordinates": [[141.79484903968853, 55.28115741219496], [141.83296487427356, 55.267424385180874]]}, "properties": {"source": "27384816", "target": "24427045"}}, {"type": "Feature", "geometry": {"type": "LineString", "coordinates": [[141.79484903968853, 55.28115741219496], [141.7765598587115, 55.287059314219206]]}, "properties": {"source": "27384816", "target": "21523807"}}, {"type": "Feature", "geometry": {"type": "LineString", "coordinates": [[141.79484903968853, 55.28115741219496], [141.78774778278694, 55.29062271927444]]}, "properties": {"source": "27384816", "target": "22095637"}}, {"type": "Feature", "geometry": {"type": "LineString", "coordinates": [[141.79484903968853, 55.28115741219496], [141.84135279690793, 55.25974953910729]]}, "properties": {"source": "27384816", "target": "22305315"}}, {"type": "Feature", "geometry": {"type": "LineString", "coordinates": [[141.79484903968853, 55.28115741219496], [141.78757569793618, 55.289896672344284]]}, "properties": {"source": "27384816", "target": "18755158"}}, {"type": "Feature", "geometry": {"type": "LineString", "coordinates": [[141.79484903968853, 55.28115741219496], [141.83850675277677, 55.26501460461492]]}, "properties": {"source": "27384816", "target": "13059470"}}, {"type": "Feature", "geometry": {"type": "LineString", "coordinates": [[141.84230381672342, 55.278525874698616], [141.8137314450471, 55.26283600614846]]}, "properties": {"source": "9081697", "target": "8452159"}}, {"type": "Feature", "geometry": {"type": "LineString", "coordinates": [[141.831061831442, 55.264687469136916], [141.83852937157678, 55.27157343917109]]}, "properties": {"source": "33224357", "target": "3872106"}}, {"type": "Feature", "geometry": {"type": "LineString", "coordinates": [[141.831061831442, 55.264687469136916], [141.7982561648946, 55.2581741170482]]}, "properties": {"source": "33224357", "target": "378266"}}, {"type": "Feature", "geometry": {"type": "LineString", "coordinates": [[141.831061831442, 55.264687469136916], [141.81662013704204, 55.28960526414036]]}, "properties": {"source": "33224357", "target": "3507676"}}, {"type": "Feature", "geometry": {"type": "LineString", "coordinates": [[141.831061831442, 55.264687469136916], [141.83358033845144, 55.26330654731508]]}, "properties": {"source": "33224357", "target": "3734204"}}, {"type": "Feature", "geometry": {"type": "LineString", "coordinates": [[141.831061831442, 55.264687469136916], [141.8459312761383, 55.286665925391105]]}, "properties": {"source": "33224357", "target": "424624"}}, {"type": "Feature", "geometry": {"type": "LineString", "coordinates": [[141.79263529712352, 55.28298443058084], [141.83852937157678, 55.27157343917109]]}, "properties": {"source": "144834", "target": "3872106"}}, {"type": "Feature", "geometry": {"type": "LineString", "coordinates": [[141.7686923620999, 55.26401769092854], [141.82187463535655, 55.26896969416424]]}, "properties": {"source": "246475", "target": "27250260"}}, {"type": "Feature", "geometry": {"type": "LineString", "coordinates": [[141.7686923620999, 55.26401769092854], [141.85688459855322, 55.28650144618905]]}, "properties": {"source": "246475", "target": "2443899"}}, {"type": "Feature", "geometry": {"type": "LineString", "coordinates": [[141.7686923620999, 55.26401769092854], [141.77338909352824, 55.277587749529644]]}, "properties": {"source": "246475", "target": "2357069"}}, {"type": "Feature", "geometry": {"type": "LineString", "coordinates": [[141.8562285340908, 55.287067260478466], [141.85262009457927, 55.28743238985163]]}, "properties": {"source": "1046813", "target": "11724650"}}, {"type": "Feature", "geometry": {"type": "LineString", "coordinates": [[141.8562285340908, 55.287067260478466], [141.79515180231135, 55.2836132706457]]}, "properties": {"source": "1046813", "target": "10095247"}}, {"type": "Feature", "geometry": {"type": "LineString", "coordinates": [[141.8562285340908, 55.287067260478466], [141.7764821511043, 55.28009171649025]]}, "properties": {"source": "1046813", "target": "3463577"}}, {"type": "Feature", "geometry": {"type": "LineString", "coordinates": [[141.79121889604596, 55.283945657936044], [141.83852937157678, 55.27157343917109]]}, "properties": {"source": "174448", "target": "3872106"}}, {"type": "Feature", "geometry": {"type": "LineString", "coordinates": [[141.79121889604596, 55.283945657936044], [141.77847913862092, 55.26564035364474]]}, "properties": {"source": "174448", "target": "38845"}}, {"type": "Feature", "geometry": {"type": "LineString", "coordinates": [[141.79121889604596, 55.283945657936044], [141.82503449063552, 55.26728977127688]]}, "properties": {"source": "174448", "target": "5118485"}}, {"type": "Feature", "geometry": {"type": "LineString", "coordinates": [[141.78488236534184, 55.27613012087964], [141.78133600349946, 55.274898503785536]]}, "properties": {"source": "1877658", "target": "2849323"}}, {"type": "Feature", "geometry": {"type": "LineString", "coordinates": [[141.78488236534184, 55.27613012087964], [141.82760841083655, 55.25961092029709]]}, "properties": {"source": "1877658", "target": "2744477"}}, {"type": "Feature", "geometry": {"type": "LineString", "coordinates": [[141.78488236534184, 55.27613012087964], [141.79711498565808, 55.26437037241328]]}, "properties": {"source": "1877658", "target": "3070506"}}, {"type": "Feature", "geometry": {"type": "LineString", "coordinates": [[141.78488236534184, 55.27613012087964], [141.80236561679237, 55.26972993649592]]}, "properties": {"source": "1877658", "target": "1450706"}}, {"type": "Feature", "geometry": {"type": "LineString", "coordinates": [[141.78488236534184, 55.27613012087964], [141.8532369443427, 55.280640447857365]]}, "properties": {"source": "1877658", "target": "1876213"}}, {"type": "Feature", "geometry": {"type": "LineString", "coordinates": [[141.78488236534184, 55.27613012087964], [141.76472422043844, 55.259963863468]]}, "properties": {"source": "1877658", "target": "10149554"}}, {"type": "Feature", "geometry": {"type": "LineString", "coordinates": [[141.78488236534184, 55.27613012087964], [141.76961960996562, 55.26569671866493]]}, "properties": {"source": "1877658", "target": "1629938"}}, {"type": "Feature", "geometry": {"type": "LineString", "coordinates": [[141.83515743038976, 55.26694470571415], [141.82736818003218, 55.260013804401254]]}, "properties": {"source": "7248166", "target": "739687"}}, {"type": "Feature", "geometry": {"type": "LineString", "coordinates": [[141.83515743038976, 55.26694470571415], [141.7887905254351, 55.25982155264592]]}, "properties": {"source": "7248166", "target": "6613883"}}, {"type": "Feature", "geometry": {"type": "LineString", "coordinates": [[141.83515743038976, 55.26694470571415], [141.81925663860426, 55.26304047298434]]}, "properties": {"source": "7248166", "target": "6619631"}}, {"type": "Feature", "geometry": {"type": "LineString", "coordinates": [[141.83515743038976, 55.26694470571415], [141.82574541312397, 55.276781364179314]]}, "properties": {"source": "7248166", "target": "868111"}}, {"type": "Feature", "geometry": {"type": "LineString", "coordinates": [[141.83515743038976, 55.26694470571415], [141.79402157850893, 55.28507681053115]]}, "properties": {"source": "7248166", "target": "86185"}}, {"type": "Feature", "geometry": {"type": "LineString", "coordinates": [[141.83515743038976, 55.26694470571415], [141.8229832799471, 55.27589309108885]]}, "properties": {"source": "7248166", "target": "1159529"}}, {"type": "Feature", "geometry": {"type": "LineString", "coordinates": [[141.83515743038976, 55.26694470571415], [141.77312897883002, 55.26667699769264]]}, "properties": {"source": "7248166", "target": "7948956"}}, {"type": "Feature", "geometry": {"type": "LineString", "coordinates": [[141.83515743038976, 55.26694470571415], [141.8109566141395, 55.27182840801683]]}, "properties": {"source": "7248166", "target": "847635"}}, {"type": "Feature", "geometry": {"type": "LineString", "coordinates": [[141.83515743038976, 55.26694470571415], [141.83014579735368, 55.27975968022277]]}, "properties": {"source": "7248166", "target": "13237720"}}, {"type": "Feature", "geometry": {"type": "LineString", "coordinates": [[141.84905178106033, 55.284482173005046], [141.8184561538347, 55.28790441525179]]}, "properties": {"source": "897526", "target": "868271"}}, {"type": "Feature", "geometry": {"type": "LineString", "coordinates": [[141.84905178106033, 55.284482173005046], [141.77573476608495, 55.28990709290818]]}, "properties": {"source": "897526", "target": "887319"}}, {"type": "Feature", "geometry": {"type": "LineString", "coordinates": [[141.84905178106033, 55.284482173005046], [141.79083865393386, 55.288155449159774]]}, "properties": {"source": "897526", "target": "937432"}}, {"type": "Feature", "geometry": {"type": "LineString", "coordinates": [[141.770142953034, 55.27057578254508], [141.83852937157678, 55.27157343917109]]}, "properties": {"source": "2070751", "target": "3872106"}}, {"type": "Feature", "geometry": {"type": "LineString", "coordinates": [[141.770142953034, 55.27057578254508], [141.77847913862092, 55.26564035364474]]}, "properties": {"source": "2070751", "target": "38845"}}, {"type": "Feature", "geometry": {"type": "LineString", "coordinates": [[141.770142953034, 55.27057578254508], [141.81105747870038, 55.268398249273844]]}, "properties": {"source": "2070751", "target": "4158972"}}, {"type": "Feature", "geometry": {"type": "LineString", "coordinates": [[141.84905178106033, 55.284482173005046], [141.78360266252406, 55.27192757295681]]}, "properties": {"source": "897526", "target": "868055"}}, {"type": "Feature", "geometry": {"type": "LineString", "coordinates": [[141.8519416068301, 55.27690285768152], [141.81968109227233, 55.266838319189205]]}, "properties": {"source": "18880669", "target": "18873839"}}, {"type": "Feature", "geometry": {"type": "LineString", "coordinates": [[141.84324255304165, 55.271498707817386], [141.83852937157678, 55.27157343917109]]}, "properties": {"source": "2473475", "target": "3872106"}}, {"type": "Feature", "geometry": {"type": "LineString", "coordinates": [[141.84324255304165, 55.271498707817386], [141.81105747870038, 55.268398249273844]]}, "properties": {"source": "2473475", "target": "4158972"}}, {"type": "Feature", "geometry": {"type": "LineString", "coordinates": [[141.7887905254351, 55.25982155264592], [141.84436528288006, 55.28149825589301]]}, "properties": {"source": "6613883", "target": "6049536"}}, {"type": "Feature", "geometry": {"type": "LineString", "coordinates": [[141.7887905254351, 55.25982155264592], [141.7966125261877, 55.272849828631436]]}, "properties": {"source": "6613883", "target": "8594570"}}, {"type": "Feature", "geometry": {"type": "LineString", "coordinates": [[141.84786813790055, 55.26774443870288], [141.7893411644576, 55.2666992900011]]}, "properties": {"source": "12611151", "target": "19324908"}}, {"type": "Feature", "geometry": {"type": "LineString", "coordinates": [[141.791923173922, 55.258278424287724], [141.77297642760323, 55.27795728984984]]}, "properties": {"source": "8521602", "target": "7841660"}}, {"type": "Feature", "geometry": {"type": "LineString", "coordinates": [[141.791923173922, 55.258278424287724], [141.8137314450471, 55.26283600614846]]}, "properties": {"source": "8521602", "target": "8452159"}}, {"type": "Feature", "geometry": {"type": "LineString", "coordinates": [[141.78416571796856, 55.258903529589816], [141.83852937157678, 55.27157343917109]]}, "properties": {"source": "1031426", "target": "3872106"}}, {"type": "Feature", "geometry": {"type": "LineString", "coordinates": [[141.78732708936622, 55.27524711067625], [141.82529296754393, 55.288941286233566]]}, "properties": {"source": "1343670", "target": "18873977"}}, {"type": "Feature", "geometry": {"type": "LineString", "coordinates": [[141.78732708936622, 55.27524711067625], [141.8183982300523, 55.27906928690723]]}, "properties": {"source": "1343670", "target": "124839"}}, {"type": "Feature", "geometry": {"type": "LineString", "coordinates": [[141.78732708936622, 55.27524711067625], [141.8313018527877, 55.27464351037101]]}, "properties": {"source": "1343670", "target": "1250206"}}, {"type": "Feature", "geometry": {"type": "LineString", "coordinates": [[141.8438849818839, 55.26621413901235], [141.78334100258553, 55.26197614578261]]}, "properties": {"source": "28006863", "target": "25967954"}}, {"type": "Feature", "geometry": {"type": "LineString", "coordinates": [[141.8438849818839, 55.26621413901235], [141.76968527666503, 55.287511299100956]]}, "properties": {"source": "28006863", "target": "26651917"}}, {"type": "Feature", "geometry": {"type": "LineString", "coordinates": [[141.8438849818839, 55.26621413901235], [141.79475191437166, 55.271395493498346]]}, "properties": {"source": "28006863", "target": "26859062"}}, {"type": "Feature", "geometry": {"type": "LineString", "coordinates": [[141.78732708936622, 55.27524711067625], [141.81336251672224, 55.28074920039681]]}, "properties": {"source": "1343670", "target": "19245438"}}, {"type": "Feature", "geometry": {"type": "LineString", "coordinates": [[141.78561820733717, 55.26609425482799], [141.82172591910285, 55.27408752824891]]}, "properties": {"source": "16083317", "target": "17674605"}}, {"type": "Feature", "geometry": {"type": "LineString", "coordinates": [[141.78561820733717, 55.26609425482799], [141.8143689568891, 55.26441034508606]]}, "properties": {"source": "16083317", "target": "15799666"}}, {"type": "Feature", "geometry": {"type": "LineString", "coordinates": [[141.78868072868465, 55.280278760982554], [141.78334100258553, 55.26197614578261]]}, "properties": {"source": "23617060", "target": "25967954"}}, {"type": "Feature", "geometry": {"type": "LineString", "coordinates": [[141.78868072868465, 55.280278760982554], [141.78017027785933, 55.266717974567555]]}, "properties": {"source": "23617060", "target": "24454511"}}, {"type": "Feature", "geometry": {"type": "LineString", "coordinates": [[141.78868072868465, 55.280278760982554], [141.7910324609325, 55.28110164136373]]}, "properties": {"source": "23617060", "target": "19991193"}}, {"type": "Feature", "geometry": {"type": "LineString", "coordinates": [[141.78868072868465, 55.280278760982554], [141.84149201900016, 55.282169146200815]]}, "properties": {"source": "23617060", "target": "25571895"}}, {"type": "Feature", "geometry": {"type": "LineString", "coordinates": [[141.78868072868465, 55.280278760982554], [141.8587957250552, 55.265389571267804]]}, "properties": {"source": "23617060", "target": "26641072"}}, {"type": "Feature", "geometry": {"type": "LineString", "coordinates": [[141.78868072868465, 55.280278760982554], [141.83410596789514, 55.281026087809764]]}, "properties": {"source": "23617060", "target": "2221419"}}, {"type": "Feature", "geometry": {"type": "LineString", "coordinates": [[141.78868072868465, 55.280278760982554], [141.77630224528087, 55.275750021070124]]}, "properties": {"source": "23617060", "target": "20839195"}}, {"type": "Feature", "geometry": {"type": "LineString", "coordinates": [[141.77659086232836, 55.264755173385396], [141.8587957250552, 55.265389571267804]]}, "properties": {"source": "3037327", "target": "26641072"}}, {"type": "Feature", "geometry": {"type": "LineString", "coordinates": [[141.77659086232836, 55.264755173385396], [141.83358033845144, 55.26330654731508]]}, "properties": {"source": "3037327", "target": "3734204"}}, {"type": "Feature", "geometry": {"type": "LineString", "coordinates": [[141.77659086232836, 55.264755173385396], [141.84798432985303, 55.282439008582074]]}, "properties": {"source": "3037327", "target": "34819713"}}, {"type": "Feature", "geometry": {"type": "LineString", "coordinates": [[141.77659086232836, 55.264755173385396], [141.77130552351105, 55.26923125937773]]}, "properties": {"source": "3037327", "target": "3421611"}}, {"type": "Feature", "geometry": {"type": "LineString", "coordinates": [[141.77659086232836, 55.264755173385396], [141.831061831442, 55.264687469136916]]}, "properties": {"source": "3037327", "target": "33224357"}}, {"type": "Feature", "geometry": {"type": "LineString", "coordinates": [[141.83893684277467, 55.262961548298534], [141.78334100258553, 55.26197614578261]]}, "properties": {"source": "242879", "target": "25967954"}}, {"type": "Feature", "geometry": {"type": "LineString", "coordinates": [[141.83893684277467, 55.262961548298534], [141.76968527666503, 55.287511299100956]]}, "properties": {"source": "242879", "target": "26651917"}}, {"type": "Feature", "geometry": {"type": "LineString", "coordinates": [[141.844497768488, 55.28591133964696], [141.81687824296404, 55.27930057459031]]}, "properties": {"source": "18139930", "target": "16156372"}}, {"type": "Feature", "geometry": {"type": "LineString", "coordinates": [[141.844497768488, 55.28591133964696], [141.83884158653785, 55.26585553114715]]}, "properties": {"source": "18139930", "target": "15750598"}}, {"type": "Feature", "geometry": {"type": "LineString", "coordinates": [[141.844497768488, 55.28591133964696], [141.78561820733717, 55.26609425482799]]}, "properties": {"source": "18139930", "target": "16083317"}}, {"type": "Feature", "geometry": {"type": "LineString", "coordinates": [[141.844497768488, 55.28591133964696], [141.83033136376787, 55.26274335944811]]}, "properties": {"source": "18139930", "target": "302449"}}, {"type": "Feature", "geometry": {"type": "LineString", "coordinates": [[141.844497768488, 55.28591133964696], [141.82172591910285, 55.27408752824891]]}, "properties": {"source": "18139930", "target": "17674605"}}, {"type": "Feature", "geometry": {"type": "LineString", "coordinates": [[141.7730266860981, 55.26614232200738], [141.83852937157678, 55.27157343917109]]}, "properties": {"source": "2333421", "target": "3872106"}}, {"type": "Feature", "geometry": {"type": "LineString", "coordinates": [[141.7730266860981, 55.26614232200738], [141.77847913862092, 55.26564035364474]]}, "properties": {"source": "2333421", "target": "38845"}}, {"type": "Feature", "geometry": {"type": "LineString", "coordinates": [[141.7730266860981, 55.26614232200738], [141.82503449063552, 55.26728977127688]]}, "properties": {"source": "2333421", "target": "5118485"}}, {"type": "Feature", "geometry": {"type": "LineString", "coordinates": [[141.7730266860981, 55.26614232200738], [141.81105747870038, 55.268398249273844]]}, "properties": {"source": "2333421", "target": "4158972"}}, {"type": "Feature", "geometry": {"type": "LineString", "coordinates": [[141.7730266860981, 55.26614232200738], [141.78488236534184, 55.27613012087964]]}, "properties": {"source": "2333421", "target": "1877658"}}, {"type": "Feature", "geometry": {"type": "LineString", "coordinates": [[141.7730266860981, 55.26614232200738], [141.78133600349946, 55.274898503785536]]}, "properties": {"source": "2333421", "target": "2849323"}}, {"type": "Feature", "geometry": {"type": "LineString", "coordinates": [[141.7730266860981, 55.26614232200738], [141.82760841083655, 55.25961092029709]]}, "properties": {"source": "2333421", "target": "2744477"}}, {"type": "Feature", "geometry": {"type": "LineString", "coordinates": [[141.7730266860981, 55.26614232200738], [141.7832194996888, 55.26968202444543]]}, "properties": {"source": "2333421", "target": "1968203"}}, {"type": "Feature", "geometry": {"type": "LineString", "coordinates": [[141.7730266860981, 55.26614232200738], [141.8532369443427, 55.280640447857365]]}, "properties": {"source": "2333421", "target": "1876213"}}, {"type": "Feature", "geometry": {"type": "LineString", "coordinates": [[141.7730266860981, 55.26614232200738], [141.8603550600485, 55.26836811497071]]}, "properties": {"source": "2333421", "target": "2144536"}}, {"type": "Feature", "geometry": {"type": "LineString", "coordinates": [[141.844497768488, 55.28591133964696], [141.8082565132765, 55.26175723271862]]}, "properties": {"source": "18139930", "target": "16687067"}}, {"type": "Feature", "geometry": {"type": "LineString", "coordinates": [[141.79263529712352, 55.28298443058084], [141.77847913862092, 55.26564035364474]]}, "properties": {"source": "144834", "target": "38845"}}, {"type": "Feature", "geometry": {"type": "LineString", "coordinates": [[141.79263529712352, 55.28298443058084], [141.81105747870038, 55.268398249273844]]}, "properties": {"source": "144834", "target": "4158972"}}, {"type": "Feature", "geometry": {"type": "LineString", "coordinates": [[141.79263529712352, 55.28298443058084], [141.76456995738255, 55.27263815646833]]}, "properties": {"source": "144834", "target": "824998"}}, {"type": "Feature", "geometry": {"type": "LineString", "coordinates": [[141.79263529712352, 55.28298443058084], [141.8411740476406, 55.28596520074548]]}, "properties": {"source": "144834", "target": "645949"}}, {"type": "Feature", "geometry": {"type": "LineString", "coordinates": [[141.79263529712352, 55.28298443058084], [141.78488236534184, 55.27613012087964]]}, "properties": {"source": "144834", "target": "1877658"}}, {"type": "Feature", "geometry": {"type": "LineString", "coordinates": [[141.79263529712352, 55.28298443058084], [141.8563193773137, 55.262632324937286]]}, "properties": {"source": "144834", "target": "847030"}}, {"type": "Feature", "geometry": {"type": "LineString", "coordinates": [[141.7899997618319, 55.270189264457], [141.83852937157678, 55.27157343917109]]}, "properties": {"source": "1228275", "target": "3872106"}}, {"type": "Feature", "geometry": {"type": "LineString", "coordinates": [[141.7899997618319, 55.270189264457], [141.77847913862092, 55.26564035364474]]}, "properties": {"source": "1228275", "target": "38845"}}, {"type": "Feature", "geometry": {"type": "LineString", "coordinates": [[141.7899997618319, 55.270189264457], [141.81105747870038, 55.268398249273844]]}, "properties": {"source": "1228275", "target": "4158972"}}, {"type": "Feature", "geometry": {"type": "LineString", "coordinates": [[141.8475274807535, 55.269906914749015], [141.77630224528087, 55.275750021070124]]}, "properties": {"source": "33009746", "target": "20839195"}}, {"type": "Feature", "geometry": {"type": "LineString", "coordinates": [[141.8475274807535, 55.269906914749015], [141.84873285636417, 55.27658058739661]]}, "properties": {"source": "33009746", "target": "17605454"}}, {"type": "Feature", "geometry": {"type": "LineString", "coordinates": [[141.8475274807535, 55.269906914749015], [141.8433256605801, 55.26593299373988]]}, "properties": {"source": "33009746", "target": "3787961"}}, {"type": "Feature", "geometry": {"type": "LineString", "coordinates": [[141.8475274807535, 55.269906914749015], [141.79577816551785, 55.26491792780541]]}, "properties": {"source": "33009746", "target": "13789000"}}, {"type": "Feature", "geometry": {"type": "LineString", "coordinates": [[141.76644308270977, 55.28452033909426], [141.85854552391976, 55.28112371210466]]}, "properties": {"source": "1162182", "target": "644385"}}, {"type": "Feature", "geometry": {"type": "LineString", "coordinates": [[141.76644308270977, 55.28452033909426], [141.81285048810048, 55.26487023150922]]}, "properties": {"source": "1162182", "target": "1716455"}}, {"type": "Feature", "geometry": {"type": "LineString", "coordinates": [[141.76644308270977, 55.28452033909426], [141.8106557728595, 55.28342577916868]]}, "properties": {"source": "1162182", "target": "15289809"}}, {"type": "Feature", "geometry": {"type": "LineString", "coordinates": [[141.84650972094124, 55.26751135981125], [141.78334100258553, 55.26197614578261]]}, "properties": {"source": "8175974", "target": "25967954"}}, {"type": "Feature", "geometry": {"type": "LineString", "coordinates": [[141.84650972094124, 55.26751135981125], [141.791495000061, 55.27161938684216]]}, "properties": {"source": "8175974", "target": "22567980"}}, {"type": "Feature", "geometry": {"type": "LineString", "coordinates": [[141.84650972094124, 55.26751135981125], [141.7876747189801, 55.28595924132965]]}, "properties": {"source": "8175974", "target": "8140890"}}, {"type": "Feature", "geometry": {"type": "LineString", "coordinates": [[141.84650972094124, 55.26751135981125], [141.8051859817627, 55.2670595871442]]}, "properties": {"source": "8175974", "target": "22922628"}}, {"type": "Feature", "geometry": {"type": "LineString", "coordinates": [[141.84650972094124, 55.26751135981125], [141.8164094239546, 55.261293807430036]]}, "properties": {"source": "8175974", "target": "22545968"}}, {"type": "Feature", "geometry": {"type": "LineString", "coordinates": [[141.84650972094124, 55.26751135981125], [141.84937189407827, 55.25810196797552]]}, "properties": {"source": "8175974", "target": "13326225"}}, {"type": "Feature", "geometry": {"type": "LineString", "coordinates": [[141.84650972094124, 55.26751135981125], [141.7978928762817, 55.26798231673921]]}, "properties": {"source": "8175974", "target": "22878718"}}, {"type": "Feature", "geometry": {"type": "LineString", "coordinates": [[141.84650972094124, 55.26751135981125], [141.85262009457927, 55.28743238985163]]}, "properties": {"source": "8175974", "target": "11724650"}}, {"type": "Feature", "geometry": {"type": "LineString", "coordinates": [[141.84650972094124, 55.26751135981125], [141.8562285340908, 55.287067260478466]]}, "properties": {"source": "8175974", "target": "1046813"}}, {"type": "Feature", "geometry": {"type": "LineString", "coordinates": [[141.84650972094124, 55.26751135981125], [141.8033890222194, 55.282330213677184]]}, "properties": {"source": "8175974", "target": "33117854"}}, {"type": "Feature", "geometry": {"type": "LineString", "coordinates": [[141.84650972094124, 55.26751135981125], [141.79515180231135, 55.2836132706457]]}, "properties": {"source": "8175974", "target": "10095247"}}, {"type": "Feature", "geometry": {"type": "LineString", "coordinates": [[141.849586201352, 55.27684324021098], [141.8007198807145, 55.27161429268848]]}, "properties": {"source": "6946193", "target": "6570588"}}, {"type": "Feature", "geometry": {"type": "LineString", "coordinates": [[141.849586201352, 55.27684324021098], [141.85894327523692, 55.263739521883934]]}, "properties": {"source": "6946193", "target": "11512221"}}, {"type": "Feature", "geometry": {"type": "LineString", "coordinates": [[141.849586201352, 55.27684324021098], [141.7909833803571, 55.29028786238726]]}, "properties": {"source": "6946193", "target": "1143301"}}, {"type": "Feature", "geometry": {"type": "LineString", "coordinates": [[141.849586201352, 55.27684324021098], [141.76508991626997, 55.26492530549402]]}, "properties": {"source": "6946193", "target": "6409406"}}, {"type": "Feature", "geometry": {"type": "LineString", "coordinates": [[141.849586201352, 55.27684324021098], [141.84786813790055, 55.26774443870288]]}, "properties": {"source": "6946193", "target": "12611151"}}, {"type": "Feature", "geometry": {"type": "LineString", "coordinates": [[141.82548223812194, 55.28126004479283], [141.79755967955623, 55.261122915850706]]}, "properties": {"source": "5174507", "target": "4133124"}}, {"type": "Feature", "geometry": {"type": "LineString", "coordinates": [[141.82548223812194, 55.28126004479283], [141.80690583592525, 55.27621674441387]]}, "properties": {"source": "5174507", "target": "625135"}}, {"type": "Feature", "geometry": {"type": "LineString", "coordinates": [[141.8048090412782, 55.27729085273158], [141.8004450768804, 55.27687456930893]]}, "properties": {"source": "24795868", "target": "25205355"}}, {"type": "Feature", "geometry": {"type": "LineString", "coordinates": [[141.8048090412782, 55.27729085273158], [141.78333301886613, 55.271948124835305]]}, "properties": {"source": "24795868", "target": "25394054"}}, {"type": "Feature", "geometry": {"type": "LineString", "coordinates": [[141.8048090412782, 55.27729085273158], [141.769315231416, 55.267658088770006]]}, "properties": {"source": "24795868", "target": "25005607"}}, {"type": "Feature", "geometry": {"type": "LineString", "coordinates": [[141.8048090412782, 55.27729085273158], [141.8262807783696, 55.27389174064521]]}, "properties": {"source": "24795868", "target": "24656821"}}, {"type": "Feature", "geometry": {"type": "LineString", "coordinates": [[141.8048090412782, 55.27729085273158], [141.8487711371469, 55.268313228756355]]}, "properties": {"source": "24795868", "target": "25387598"}}, {"type": "Feature", "geometry": {"type": "LineString", "coordinates": [[141.82729618541157, 55.27880192250633], [141.82760841083655, 55.25961092029709]]}, "properties": {"source": "12663203", "target": "2744477"}}, {"type": "Feature", "geometry": {"type": "LineString", "coordinates": [[141.82729618541157, 55.27880192250633], [141.78351332973625, 55.28344338066758]]}, "properties": {"source": "12663203", "target": "11459460"}}, {"type": "Feature", "geometry": {"type": "LineString", "coordinates": [[141.82729618541157, 55.27880192250633], [141.78089893820442, 55.29019031129775]]}, "properties": {"source": "12663203", "target": "25143403"}}, {"type": "Feature", "geometry": {"type": "LineString", "coordinates": [[141.82729618541157, 55.27880192250633], [141.8369157743747, 55.2671922478704]]}, "properties": {"source": "12663203", "target": "24609714"}}, {"type": "Feature", "geometry": {"type": "LineString", "coordinates": [[141.82729618541157, 55.27880192250633], [141.8322428794022, 55.28474910224233]]}, "properties": {"source": "12663203", "target": "18143969"}}, {"type": "Feature", "geometry": {"type": "LineString", "coordinates": [[141.82729618541157, 55.27880192250633], [141.79443098400094, 55.28624733197779]]}, "properties": {"source": "12663203", "target": "723297"}}, {"type": "Feature", "geometry": {"type": "LineString", "coordinates": [[141.8179237584385, 55.27415809684345], [141.79698765645196, 55.26812733437308]]}, "properties": {"source": "17278744", "target": "16862840"}}, {"type": "Feature", "geometry": {"type": "LineString", "coordinates": [[141.8179237584385, 55.27415809684345], [141.81687824296404, 55.27930057459031]]}, "properties": {"source": "17278744", "target": "16156372"}}, {"type": "Feature", "geometry": {"type": "LineString", "coordinates": [[141.8048090412782, 55.27729085273158], [141.83920141947362, 55.26238546647339]]}, "properties": {"source": "24795868", "target": "25324553"}}, {"type": "Feature", "geometry": {"type": "LineString", "coordinates": [[141.82574541312397, 55.276781364179314], [141.83704196049712, 55.28869310865048]]}, "properties": {"source": "868111", "target": "853858"}}, {"type": "Feature", "geometry": {"type": "LineString", "coordinates": [[141.82574541312397, 55.276781364179314], [141.8109566141395, 55.27182840801683]]}, "properties": {"source": "868111", "target": "847635"}}, {"type": "Feature", "geometry": {"type": "LineString", "coordinates": [[141.8045222958129, 55.27021024438481], [141.83864305239496, 55.259811682267326]]}, "properties": {"source": "41110", "target": "572751"}}, {"type": "Feature", "geometry": {"type": "LineString", "coordinates": [[141.8045222958129, 55.27021024438481], [141.82548223812194, 55.28126004479283]]}, "properties": {"source": "41110", "target": "5174507"}}, {"type": "Feature", "geometry": {"type": "LineString", "coordinates": [[141.8045222958129, 55.27021024438481], [141.79378488356213, 55.28164168353719]]}, "properties": {"source": "41110", "target": "15918889"}}, {"type": "Feature", "geometry": {"type": "LineString", "coordinates": [[141.8045222958129, 55.27021024438481], [141.79755967955623, 55.261122915850706]]}, "properties": {"source": "41110", "target": "4133124"}}, {"type": "Feature", "geometry": {"type": "LineString", "coordinates": [[141.8045222958129, 55.27021024438481], [141.80248259390783, 55.27101451734788]]}, "properties": {"source": "41110", "target": "529051"}}, {"type": "Feature", "geometry": {"type": "LineString", "coordinates": [[141.80456260859188, 55.2823012157552], [141.82529296754393, 55.288941286233566]]}, "properties": {"source": "17867279", "target": "18873977"}}, {"type": "Feature", "geometry": {"type": "LineString", "coordinates": [[141.80456260859188, 55.2823012157552], [141.80970697282356, 55.269333759448784]]}, "properties": {"source": "17867279", "target": "1871377"}}, {"type": "Feature", "geometry": {"type": "LineString", "coordinates": [[141.79070753629378, 55.29018326036346], [141.82529296754393, 55.288941286233566]]}, "properties": {"source": "186197", "target": "18873977"}}, {"type": "Feature", "geometry": {"type": "LineString", "coordinates": [[141.79070753629378, 55.29018326036346], [141.83410596789514, 55.281026087809764]]}, "properties": {"source": "186197", "target": "2221419"}}, {"type": "Feature", "geometry": {"type": "LineString", "coordinates": [[141.79070753629378, 55.29018326036346], [141.80456260859188, 55.2823012157552]]}, "properties": {"source": "186197", "target": "17867279"}}, {"type": "Feature", "geometry": {"type": "LineString", "coordinates": [[141.79070753629378, 55.29018326036346], [141.85626031022338, 55.28229360009587]]}, "properties": {"source": "186197", "target": "12412968"}}, {"type": "Feature", "geometry": {"type": "LineString", "coordinates": [[141.8184857423592, 55.267344640180866], [141.80248573306147, 55.2643387919083]]}, "properties": {"source": "6149370", "target": "8349179"}}, {"type": "Feature", "geometry": {"type": "LineString", "coordinates": [[141.79070753629378, 55.29018326036346], [141.81336251672224, 55.28074920039681]]}, "properties": {"source": "186197", "target": "19245438"}}, {"type": "Feature", "geometry": {"type": "LineString", "coordinates": [[141.8184857423592, 55.267344640180866], [141.7903653102464, 55.278528656115995]]}, "properties": {"source": "6149370", "target": "269838"}}, {"type": "Feature", "geometry": {"type": "LineString", "coordinates": [[141.76961960996562, 55.26569671866493], [141.83852937157678, 55.27157343917109]]}, "properties": {"source": "1629938", "target": "3872106"}}, {"type": "Feature", "geometry": {"type": "LineString", "coordinates": [[141.76961960996562, 55.26569671866493], [141.77847913862092, 55.26564035364474]]}, "properties": {"source": "1629938", "target": "38845"}}, {"type": "Feature", "geometry": {"type": "LineString", "coordinates": [[141.76961960996562, 55.26569671866493], [141.81105747870038, 55.268398249273844]]}, "properties": {"source": "1629938", "target": "4158972"}}, {"type": "Feature", "geometry": {"type": "LineString", "coordinates": [[141.76961960996562, 55.26569671866493], [141.76456995738255, 55.27263815646833]]}, "properties": {"source": "1629938", "target": "824998"}}, {"type": "Feature", "geometry": {"type": "LineString", "coordinates": [[141.7978928762817, 55.26798231673921], [141.78334100258553, 55.26197614578261]]}, "properties": {"source": "22878718", "target": "25967954"}}, {"type": "Feature", "geometry": {"type": "LineString", "coordinates": [[141.7978928762817, 55.26798231673921], [141.791495000061, 55.27161938684216]]}, "properties": {"source": "22878718", "target": "22567980"}}, {"type": "Feature", "geometry": {"type": "LineString", "coordinates": [[141.7978928762817, 55.26798231673921], [141.7876747189801, 55.28595924132965]]}, "properties": {"source": "22878718", "target": "8140890"}}, {"type": "Feature", "geometry": {"type": "LineString", "coordinates": [[141.76508991626997, 55.26492530549402], [141.84968804261774, 55.26187543829447]]}, "properties": {"source": "6409406", "target": "6280627"}}, {"type": "Feature", "geometry": {"type": "LineString", "coordinates": [[141.77144040598523, 55.281960726254994], [141.7737311559884, 55.283120504574995]]}, "properties": {"source": "949236", "target": "10130878"}}, {"type": "Feature", "geometry": {"type": "LineString", "coordinates": [[141.77144040598523, 55.281960726254994], [141.822807279924, 55.27809000552287]]}, "properties": {"source": "949236", "target": "7607285"}}, {"type": "Feature", "geometry": {"type": "LineString", "coordinates": [[141.77144040598523, 55.281960726254994], [141.77297642760323, 55.27795728984984]]}, "properties": {"source": "949236", "target": "7841660"}}, {"type": "Feature", "geometry": {"type": "LineString", "coordinates": [[141.77144040598523, 55.281960726254994], [141.85238782966155, 55.26733761493931]]}, "properties": {"source": "949236", "target": "9211846"}}, {"type": "Feature", "geometry": {"type": "LineString", "coordinates": [[141.77144040598523, 55.281960726254994], [141.82667087703595, 55.276760105525284]]}, "properties": {"source": "949236", "target": "840725"}}, {"type": "Feature", "geometry": {"type": "LineString", "coordinates": [[141.77144040598523, 55.281960726254994], [141.8137314450471, 55.26283600614846]]}, "properties": {"source": "949236", "target": "8452159"}}, {"type": "Feature", "geometry": {"type": "LineString", "coordinates": [[141.76968527666503, 55.287511299100956], [141.78334100258553, 55.26197614578261]]}, "properties": {"source": "26651917", "target": "25967954"}}, {"type": "Feature", "geometry": {"type": "LineString", "coordinates": [[141.8176560788309, 55.28538883011531], [141.78360266252406, 55.27192757295681]]}, "properties": {"source": "837265", "target": "868055"}}, {"type": "Feature", "geometry": {"type": "LineString", "coordinates": [[141.8067269767252, 55.28854318331372], [141.7966125261877, 55.272849828631436]]}, "properties": {"source": "6908595", "target": "8594570"}}, {"type": "Feature", "geometry": {"type": "LineString", "coordinates": [[141.8067269767252, 55.28854318331372], [141.7756381888359, 55.267666909396695]]}, "properties": {"source": "6908595", "target": "580385"}}, {"type": "Feature", "geometry": {"type": "LineString", "coordinates": [[141.8067269767252, 55.28854318331372], [141.82666279858626, 55.28628240240954]]}, "properties": {"source": "6908595", "target": "1232601"}}, {"type": "Feature", "geometry": {"type": "LineString", "coordinates": [[141.8067269767252, 55.28854318331372], [141.8319148415988, 55.26847270278107]]}, "properties": {"source": "6908595", "target": "66355"}}, {"type": "Feature", "geometry": {"type": "LineString", "coordinates": [[141.8067269767252, 55.28854318331372], [141.82736818003218, 55.260013804401254]]}, "properties": {"source": "6908595", "target": "739687"}}, {"type": "Feature", "geometry": {"type": "LineString", "coordinates": [[141.8067269767252, 55.28854318331372], [141.7887905254351, 55.25982155264592]]}, "properties": {"source": "6908595", "target": "6613883"}}, {"type": "Feature", "geometry": {"type": "LineString", "coordinates": [[141.8067269767252, 55.28854318331372], [141.81925663860426, 55.26304047298434]]}, "properties": {"source": "6908595", "target": "6619631"}}, {"type": "Feature", "geometry": {"type": "LineString", "coordinates": [[141.81675078234582, 55.26968904455447], [141.78334100258553, 55.26197614578261]]}, "properties": {"source": "25817486", "target": "25967954"}}, {"type": "Feature", "geometry": {"type": "LineString", "coordinates": [[141.81675078234582, 55.26968904455447], [141.76968527666503, 55.287511299100956]]}, "properties": {"source": "25817486", "target": "26651917"}}, {"type": "Feature", "geometry": {"type": "LineString", "coordinates": [[141.81675078234582, 55.26968904455447], [141.79475191437166, 55.271395493498346]]}, "properties": {"source": "25817486", "target": "26859062"}}, {"type": "Feature", "geometry": {"type": "LineString", "coordinates": [[141.81675078234582, 55.26968904455447], [141.8587957250552, 55.265389571267804]]}, "properties": {"source": "25817486", "target": "26641072"}}, {"type": "Feature", "geometry": {"type": "LineString", "coordinates": [[141.81675078234582, 55.26968904455447], [141.83097577666518, 55.28224918314592]]}, "properties": {"source": "25817486", "target": "2884174"}}, {"type": "Feature", "geometry": {"type": "LineString", "coordinates": [[141.81675078234582, 55.26968904455447], [141.8438849818839, 55.26621413901235]]}, "properties": {"source": "25817486", "target": "28006863"}}, {"type": "Feature", "geometry": {"type": "LineString", "coordinates": [[141.81675078234582, 55.26968904455447], [141.8487711371469, 55.268313228756355]]}, "properties": {"source": "25817486", "target": "25387598"}}, {"type": "Feature", "geometry": {"type": "LineString", "coordinates": [[141.81675078234582, 55.26968904455447], [141.76517946685124, 55.27539281485802]]}, "properties": {"source": "25817486", "target": "25622846"}}, {"type": "Feature", "geometry": {"type": "LineString", "coordinates": [[141.81675078234582, 55.26968904455447], [141.83920141947362, 55.26238546647339]]}, "properties": {"source": "25817486", "target": "25324553"}}, {"type": "Feature", "geometry": {"type": "LineString", "coordinates": [[141.77461279356538, 55.2742803567254], [141.8587957250552, 55.265389571267804]]}, "properties": {"source": "3050585", "target": "26641072"}}, {"type": "Feature", "geometry": {"type": "LineString", "coordinates": [[141.77461279356538, 55.2742803567254], [141.83358033845144, 55.26330654731508]]}, "properties": {"source": "3050585", "target": "3734204"}}, {"type": "Feature", "geometry": {"type": "LineString", "coordinates": [[141.77461279356538, 55.2742803567254], [141.77659086232836, 55.264755173385396]]}, "properties": {"source": "3050585", "target": "3037327"}}, {"type": "Feature", "geometry": {"type": "LineString", "coordinates": [[141.77461279356538, 55.2742803567254], [141.84798432985303, 55.282439008582074]]}, "properties": {"source": "3050585", "target": "34819713"}}, {"type": "Feature", "geometry": {"type": "LineString", "coordinates": [[141.79083865393386, 55.288155449159774], [141.8317059990958, 55.264434004012486]]}, "properties": {"source": "937432", "target": "933871"}}, {"type": "Feature", "geometry": {"type": "LineString", "coordinates": [[141.79083865393386, 55.288155449159774], [141.78418750469604, 55.263322498744216]]}, "properties": {"source": "937432", "target": "920220"}}, {"type": "Feature", "geometry": {"type": "LineString", "coordinates": [[141.79083865393386, 55.288155449159774], [141.81126845071793, 55.261000937750055]]}, "properties": {"source": "937432", "target": "955696"}}, {"type": "Feature", "geometry": {"type": "LineString", "coordinates": [[141.79083865393386, 55.288155449159774], [141.8094071657145, 55.269259451725674]]}, "properties": {"source": "937432", "target": "9851665"}}, {"type": "Feature", "geometry": {"type": "LineString", "coordinates": [[141.79083865393386, 55.288155449159774], [141.7864829275931, 55.28762252032935]]}, "properties": {"source": "937432", "target": "998869"}}, {"type": "Feature", "geometry": {"type": "LineString", "coordinates": [[141.79083865393386, 55.288155449159774], [141.77573476608495, 55.28990709290818]]}, "properties": {"source": "937432", "target": "887319"}}, {"type": "Feature", "geometry": {"type": "LineString", "coordinates": [[141.79083865393386, 55.288155449159774], [141.84544987961038, 55.26062195504565]]}, "properties": {"source": "937432", "target": "1091734"}}, {"type": "Feature", "geometry": {"type": "LineString", "coordinates": [[141.83561353930224, 55.29020006642824], [141.83852937157678, 55.27157343917109]]}, "properties": {"source": "1164269", "target": "3872106"}}, {"type": "Feature", "geometry": {"type": "LineString", "coordinates": [[141.83561353930224, 55.29020006642824], [141.77847913862092, 55.26564035364474]]}, "properties": {"source": "1164269", "target": "38845"}}, {"type": "Feature", "geometry": {"type": "LineString", "coordinates": [[141.83561353930224, 55.29020006642824], [141.82503449063552, 55.26728977127688]]}, "properties": {"source": "1164269", "target": "5118485"}}, {"type": "Feature", "geometry": {"type": "LineString", "coordinates": [[141.83561353930224, 55.29020006642824], [141.81105747870038, 55.268398249273844]]}, "properties": {"source": "1164269", "target": "4158972"}}, {"type": "Feature", "geometry": {"type": "LineString", "coordinates": [[141.83561353930224, 55.29020006642824], [141.76456995738255, 55.27263815646833]]}, "properties": {"source": "1164269", "target": "824998"}}, {"type": "Feature", "geometry": {"type": "LineString", "coordinates": [[141.82885653867288, 55.27573570280629], [141.81805030053403, 55.26832313333637]]}, "properties": {"source": "17152331", "target": "11248905"}}, {"type": "Feature", "geometry": {"type": "LineString", "coordinates": [[141.82885653867288, 55.27573570280629], [141.79182631624042, 55.27428992421447]]}, "properties": {"source": "17152331", "target": "12002009"}}, {"type": "Feature", "geometry": {"type": "LineString", "coordinates": [[141.78732708936622, 55.27524711067625], [141.83852937157678, 55.27157343917109]]}, "properties": {"source": "1343670", "target": "3872106"}}, {"type": "Feature", "geometry": {"type": "LineString", "coordinates": [[141.78732708936622, 55.27524711067625], [141.76968527666503, 55.287511299100956]]}, "properties": {"source": "1343670", "target": "26651917"}}, {"type": "Feature", "geometry": {"type": "LineString", "coordinates": [[141.78732708936622, 55.27524711067625], [141.78017027785933, 55.266717974567555]]}, "properties": {"source": "1343670", "target": "24454511"}}, {"type": "Feature", "geometry": {"type": "LineString", "coordinates": [[141.78732708936622, 55.27524711067625], [141.79475191437166, 55.271395493498346]]}, "properties": {"source": "1343670", "target": "26859062"}}, {"type": "Feature", "geometry": {"type": "LineString", "coordinates": [[141.78732708936622, 55.27524711067625], [141.7982561648946, 55.2581741170482]]}, "properties": {"source": "1343670", "target": "378266"}}, {"type": "Feature", "geometry": {"type": "LineString", "coordinates": [[141.78732708936622, 55.27524711067625], [141.81662013704204, 55.28960526414036]]}, "properties": {"source": "1343670", "target": "3507676"}}, {"type": "Feature", "geometry": {"type": "LineString", "coordinates": [[141.78732708936622, 55.27524711067625], [141.7910324609325, 55.28110164136373]]}, "properties": {"source": "1343670", "target": "19991193"}}, {"type": "Feature", "geometry": {"type": "LineString", "coordinates": [[141.80161045537193, 55.275774097890846], [141.83922691945247, 55.260679535878154]]}, "properties": {"source": "15729340", "target": "16108157"}}, {"type": "Feature", "geometry": {"type": "LineString", "coordinates": [[141.8365127894745, 55.28537627972305], [141.8519416068301, 55.27690285768152]]}, "properties": {"source": "18849607", "target": "18880669"}}, {"type": "Feature", "geometry": {"type": "LineString", "coordinates": [[141.83692888973462, 55.267060981675385], [141.77424756294442, 55.2766071008173]]}, "properties": {"source": "20382401", "target": "12196783"}}, {"type": "Feature", "geometry": {"type": "LineString", "coordinates": [[141.83692888973462, 55.267060981675385], [141.77254490043373, 55.280239822654806]]}, "properties": {"source": "20382401", "target": "1298616"}}, {"type": "Feature", "geometry": {"type": "LineString", "coordinates": [[141.8198764696719, 55.25879442174319], [141.84728768540486, 55.27655695519286]]}, "properties": {"source": "1595990", "target": "13625696"}}, {"type": "Feature", "geometry": {"type": "LineString", "coordinates": [[141.85276483443812, 55.266525404370086], [141.82666279858626, 55.28628240240954]]}, "properties": {"source": "2256079", "target": "1232601"}}, {"type": "Feature", "geometry": {"type": "LineString", "coordinates": [[141.85276483443812, 55.266525404370086], [141.86197638439728, 55.28817855814687]]}, "properties": {"source": "2256079", "target": "1056485"}}, {"type": "Feature", "geometry": {"type": "LineString", "coordinates": [[141.84114486043035, 55.28842998164495], [141.85072509542118, 55.27908764041315]]}, "properties": {"source": "582491", "target": "1033981"}}, {"type": "Feature", "geometry": {"type": "LineString", "coordinates": [[141.78436380552307, 55.27023707558378], [141.7909833803571, 55.29028786238726]]}, "properties": {"source": "7769154", "target": "1143301"}}, {"type": "Feature", "geometry": {"type": "LineString", "coordinates": [[141.86070154035434, 55.26812967689888], [141.83922691945247, 55.260679535878154]]}, "properties": {"source": "16005758", "target": "16108157"}}, {"type": "Feature", "geometry": {"type": "LineString", "coordinates": [[141.86070154035434, 55.26812967689888], [141.80161045537193, 55.275774097890846]]}, "properties": {"source": "16005758", "target": "15729340"}}, {"type": "Feature", "geometry": {"type": "LineString", "coordinates": [[141.82168156468043, 55.27679392438657], [141.85262009457927, 55.28743238985163]]}, "properties": {"source": "6578726", "target": "11724650"}}, {"type": "Feature", "geometry": {"type": "LineString", "coordinates": [[141.83247402030707, 55.28043722688001], [141.79475191437166, 55.271395493498346]]}, "properties": {"source": "2623572", "target": "26859062"}}, {"type": "Feature", "geometry": {"type": "LineString", "coordinates": [[141.7849707265953, 55.26207338348701], [141.8519416068301, 55.27690285768152]]}, "properties": {"source": "24357137", "target": "18880669"}}, {"type": "Feature", "geometry": {"type": "LineString", "coordinates": [[141.7849707265953, 55.26207338348701], [141.8365127894745, 55.28537627972305]]}, "properties": {"source": "24357137", "target": "18849607"}}, {"type": "Feature", "geometry": {"type": "LineString", "coordinates": [[141.7764821511043, 55.28009171649025], [141.79515180231135, 55.2836132706457]]}, "properties": {"source": "3463577", "target": "10095247"}}, {"type": "Feature", "geometry": {"type": "LineString", "coordinates": [[141.81179457723778, 55.25876438659107], [141.84937189407827, 55.25810196797552]]}, "properties": {"source": "25816179", "target": "13326225"}}, {"type": "Feature", "geometry": {"type": "LineString", "coordinates": [[141.81179457723778, 55.25876438659107], [141.7978928762817, 55.26798231673921]]}, "properties": {"source": "25816179", "target": "22878718"}}, {"type": "Feature", "geometry": {"type": "LineString", "coordinates": [[141.81179457723778, 55.25876438659107], [141.83296487427356, 55.267424385180874]]}, "properties": {"source": "25816179", "target": "24427045"}}, {"type": "Feature", "geometry": {"type": "LineString", "coordinates": [[141.81179457723778, 55.25876438659107], [141.7765598587115, 55.287059314219206]]}, "properties": {"source": "25816179", "target": "21523807"}}, {"type": "Feature", "geometry": {"type": "LineString", "coordinates": [[141.81179457723778, 55.25876438659107], [141.78774778278694, 55.29062271927444]]}, "properties": {"source": "25816179", "target": "22095637"}}, {"type": "Feature", "geometry": {"type": "LineString", "coordinates": [[141.81179457723778, 55.25876438659107], [141.84135279690793, 55.25974953910729]]}, "properties": {"source": "25816179", "target": "22305315"}}, {"type": "Feature", "geometry": {"type": "LineString", "coordinates": [[141.81179457723778, 55.25876438659107], [141.83850675277677, 55.26501460461492]]}, "properties": {"source": "25816179", "target": "13059470"}}, {"type": "Feature", "geometry": {"type": "LineString", "coordinates": [[141.83015680331818, 55.280206608716085], [141.83022210761766, 55.2674893963749]]}, "properties": {"source": "18223056", "target": "1817306"}}, {"type": "Feature", "geometry": {"type": "LineString", "coordinates": [[141.85010002157492, 55.25987657538606], [141.778220367576, 55.26627602937907]]}, "properties": {"source": "18886993", "target": "19418072"}}, {"type": "Feature", "geometry": {"type": "LineString", "coordinates": [[141.78823654841517, 55.28667644162279], [141.77424756294442, 55.2766071008173]]}, "properties": {"source": "1177615", "target": "12196783"}}, {"type": "Feature", "geometry": {"type": "LineString", "coordinates": [[141.85262009457927, 55.28743238985163], [141.79515180231135, 55.2836132706457]]}, "properties": {"source": "11724650", "target": "10095247"}}, {"type": "Feature", "geometry": {"type": "LineString", "coordinates": [[141.8348824385173, 55.28753827917424], [141.82529296754393, 55.288941286233566]]}, "properties": {"source": "17903851", "target": "18873977"}}, {"type": "Feature", "geometry": {"type": "LineString", "coordinates": [[141.8348824385173, 55.28753827917424], [141.80456260859188, 55.2823012157552]]}, "properties": {"source": "17903851", "target": "17867279"}}, {"type": "Feature", "geometry": {"type": "LineString", "coordinates": [[141.8348824385173, 55.28753827917424], [141.77098393660754, 55.28855733569958]]}, "properties": {"source": "17903851", "target": "17797425"}}, {"type": "Feature", "geometry": {"type": "LineString", "coordinates": [[141.8135807642497, 55.27488869073942], [141.83358033845144, 55.26330654731508]]}, "properties": {"source": "367679", "target": "3734204"}}, {"type": "Feature", "geometry": {"type": "LineString", "coordinates": [[141.86009454332304, 55.289698524143205], [141.8532369443427, 55.280640447857365]]}, "properties": {"source": "29844204", "target": "1876213"}}, {"type": "Feature", "geometry": {"type": "LineString", "coordinates": [[141.86009454332304, 55.289698524143205], [141.8603550600485, 55.26836811497071]]}, "properties": {"source": "29844204", "target": "2144536"}}, {"type": "Feature", "geometry": {"type": "LineString", "coordinates": [[141.86009454332304, 55.289698524143205], [141.85466902086785, 55.26716877692583]]}, "properties": {"source": "29844204", "target": "1920643"}}, {"type": "Feature", "geometry": {"type": "LineString", "coordinates": [[141.86009454332304, 55.289698524143205], [141.83264316577436, 55.26067257966727]]}, "properties": {"source": "29844204", "target": "28442"}}, {"type": "Feature", "geometry": {"type": "LineString", "coordinates": [[141.86009454332304, 55.289698524143205], [141.83973609390745, 55.27042132837323]]}, "properties": {"source": "29844204", "target": "13132847"}}, {"type": "Feature", "geometry": {"type": "LineString", "coordinates": [[141.8587957250552, 55.265389571267804], [141.78334100258553, 55.26197614578261]]}, "properties": {"source": "26641072", "target": "25967954"}}, {"type": "Feature", "geometry": {"type": "LineString", "coordinates": [[141.8587957250552, 55.265389571267804], [141.78017027785933, 55.266717974567555]]}, "properties": {"source": "26641072", "target": "24454511"}}, {"type": "Feature", "geometry": {"type": "LineString", "coordinates": [[141.8348824385173, 55.28753827917424], [141.81336251672224, 55.28074920039681]]}, "properties": {"source": "17903851", "target": "19245438"}}, {"type": "Feature", "geometry": {"type": "LineString", "coordinates": [[141.82503449063552, 55.26728977127688], [141.8563193773137, 55.262632324937286]]}, "properties": {"source": "5118485", "target": "847030"}}, {"type": "Feature", "geometry": {"type": "LineString", "coordinates": [[141.82503449063552, 55.26728977127688], [141.82961842857094, 55.287605854611385]]}, "properties": {"source": "5118485", "target": "8072237"}}, {"type": "Feature", "geometry": {"type": "LineString", "coordinates": [[141.82503449063552, 55.26728977127688], [141.78133600349946, 55.274898503785536]]}, "properties": {"source": "5118485", "target": "2849323"}}, {"type": "Feature", "geometry": {"type": "LineString", "coordinates": [[141.82503449063552, 55.26728977127688], [141.83864305239496, 55.259811682267326]]}, "properties": {"source": "5118485", "target": "572751"}}, {"type": "Feature", "geometry": {"type": "LineString", "coordinates": [[141.82503449063552, 55.26728977127688], [141.82760841083655, 55.25961092029709]]}, "properties": {"source": "5118485", "target": "2744477"}}, {"type": "Feature", "geometry": {"type": "LineString", "coordinates": [[141.82503449063552, 55.26728977127688], [141.83097577666518, 55.28224918314592]]}, "properties": {"source": "5118485", "target": "2884174"}}, {"type": "Feature", "geometry": {"type": "LineString", "coordinates": [[141.82503449063552, 55.26728977127688], [141.82801225251575, 55.25868726923932]]}, "properties": {"source": "5118485", "target": "7078907"}}, {"type": "Feature", "geometry": {"type": "LineString", "coordinates": [[141.82503449063552, 55.26728977127688], [141.79711498565808, 55.26437037241328]]}, "properties": {"source": "5118485", "target": "3070506"}}, {"type": "Feature", "geometry": {"type": "LineString", "coordinates": [[141.82503449063552, 55.26728977127688], [141.77236082548296, 55.29070408133889]]}, "properties": {"source": "5118485", "target": "424927"}}, {"type": "Feature", "geometry": {"type": "LineString", "coordinates": [[141.82503449063552, 55.26728977127688], [141.81153084189026, 55.28146601058579]]}, "properties": {"source": "5118485", "target": "5373323"}}, {"type": "Feature", "geometry": {"type": "LineString", "coordinates": [[141.82503449063552, 55.26728977127688], [141.83214328464197, 55.26238148744372]]}, "properties": {"source": "5118485", "target": "6669681"}}, {"type": "Feature", "geometry": {"type": "LineString", "coordinates": [[141.82503449063552, 55.26728977127688], [141.79263529712352, 55.28298443058084]]}, "properties": {"source": "5118485", "target": "144834"}}, {"type": "Feature", "geometry": {"type": "LineString", "coordinates": [[141.82503449063552, 55.26728977127688], [141.7899997618319, 55.270189264457]]}, "properties": {"source": "5118485", "target": "1228275"}}, {"type": "Feature", "geometry": {"type": "LineString", "coordinates": [[141.82503449063552, 55.26728977127688], [141.79260742154804, 55.263900806767396]]}, "properties": {"source": "5118485", "target": "1366236"}}, {"type": "Feature", "geometry": {"type": "LineString", "coordinates": [[141.82503449063552, 55.26728977127688], [141.80236561679237, 55.26972993649592]]}, "properties": {"source": "5118485", "target": "1450706"}}, {"type": "Feature", "geometry": {"type": "LineString", "coordinates": [[141.82503449063552, 55.26728977127688], [141.78360266252406, 55.27192757295681]]}, "properties": {"source": "5118485", "target": "868055"}}, {"type": "Feature", "geometry": {"type": "LineString", "coordinates": [[141.76644308270977, 55.28452033909426], [141.83845516123432, 55.28582078604215]]}, "properties": {"source": "1162182", "target": "8341755"}}, {"type": "Feature", "geometry": {"type": "LineString", "coordinates": [[141.78188758867418, 55.27590658440073], [141.84381928745267, 55.25891331103726]]}, "properties": {"source": "12552016", "target": "13624388"}}, {"type": "Feature", "geometry": {"type": "LineString", "coordinates": [[141.78188758867418, 55.27590658440073], [141.8054150940111, 55.27559399261868]]}, "properties": {"source": "12552016", "target": "15747358"}}, {"type": "Feature", "geometry": {"type": "LineString", "coordinates": [[141.78188758867418, 55.27590658440073], [141.83367990874098, 55.282792290954404]]}, "properties": {"source": "12552016", "target": "15705005"}}, {"type": "Feature", "geometry": {"type": "LineString", "coordinates": [[141.78188758867418, 55.27590658440073], [141.82933042754786, 55.26662950502471]]}, "properties": {"source": "12552016", "target": "2670314"}}, {"type": "Feature", "geometry": {"type": "LineString", "coordinates": [[141.7837719096878, 55.2595846563044], [141.82548223812194, 55.28126004479283]]}, "properties": {"source": "705106", "target": "5174507"}}, {"type": "Feature", "geometry": {"type": "LineString", "coordinates": [[141.7837719096878, 55.2595846563044], [141.79378488356213, 55.28164168353719]]}, "properties": {"source": "705106", "target": "15918889"}}, {"type": "Feature", "geometry": {"type": "LineString", "coordinates": [[141.7837719096878, 55.2595846563044], [141.79311398818106, 55.261071158870166]]}, "properties": {"source": "705106", "target": "5442693"}}, {"type": "Feature", "geometry": {"type": "LineString", "coordinates": [[141.7837719096878, 55.2595846563044], [141.83969578144848, 55.26108022992551]]}, "properties": {"source": "705106", "target": "7923363"}}, {"type": "Feature", "geometry": {"type": "LineString", "coordinates": [[141.8608426911424, 55.27412446174827], [141.78988607497325, 55.26192050110306]]}, "properties": {"source": "13276797", "target": "10919008"}}, {"type": "Feature", "geometry": {"type": "LineString", "coordinates": [[141.8608426911424, 55.27412446174827], [141.86125180326195, 55.27853871769622]]}, "properties": {"source": "13276797", "target": "9645161"}}, {"type": "Feature", "geometry": {"type": "LineString", "coordinates": [[141.8608426911424, 55.27412446174827], [141.79964530632242, 55.28268064084912]]}, "properties": {"source": "13276797", "target": "362009"}}, {"type": "Feature", "geometry": {"type": "LineString", "coordinates": [[141.85854552391976, 55.28112371210466], [141.81285048810048, 55.26487023150922]]}, "properties": {"source": "644385", "target": "1716455"}}, {"type": "Feature", "geometry": {"type": "LineString", "coordinates": [[141.85854552391976, 55.28112371210466], [141.85649477690725, 55.26957604119076]]}, "properties": {"source": "644385", "target": "7085968"}}, {"type": "Feature", "geometry": {"type": "LineString", "coordinates": [[141.85854552391976, 55.28112371210466], [141.8106557728595, 55.28342577916868]]}, "properties": {"source": "644385", "target": "15289809"}}, {"type": "Feature", "geometry": {"type": "LineString", "coordinates": [[141.7686923620999, 55.26401769092854], [141.7903653102464, 55.278528656115995]]}, "properties": {"source": "246475", "target": "269838"}}, {"type": "Feature", "geometry": {"type": "LineString", "coordinates": [[141.77130552351105, 55.26923125937773], [141.81662013704204, 55.28960526414036]]}, "properties": {"source": "3421611", "target": "3507676"}}, {"type": "Feature", "geometry": {"type": "LineString", "coordinates": [[141.77130552351105, 55.26923125937773], [141.83358033845144, 55.26330654731508]]}, "properties": {"source": "3421611", "target": "3734204"}}, {"type": "Feature", "geometry": {"type": "LineString", "coordinates": [[141.77130552351105, 55.26923125937773], [141.82790167786914, 55.26160556207371]]}, "properties": {"source": "3421611", "target": "4375705"}}, {"type": "Feature", "geometry": {"type": "LineString", "coordinates": [[141.77130552351105, 55.26923125937773], [141.831061831442, 55.264687469136916]]}, "properties": {"source": "3421611", "target": "33224357"}}, {"type": "Feature", "geometry": {"type": "LineString", "coordinates": [[141.77130552351105, 55.26923125937773], [141.77082935243698, 55.27613273836786]]}, "properties": {"source": "3421611", "target": "507414"}}, {"type": "Feature", "geometry": {"type": "LineString", "coordinates": [[141.77130552351105, 55.26923125937773], [141.85692623971727, 55.26366841560694]]}, "properties": {"source": "3421611", "target": "33573820"}}, {"type": "Feature", "geometry": {"type": "LineString", "coordinates": [[141.84230381672342, 55.278525874698616], [141.791923173922, 55.258278424287724]]}, "properties": {"source": "9081697", "target": "8521602"}}, {"type": "Feature", "geometry": {"type": "LineString", "coordinates": [[141.84230381672342, 55.278525874698616], [141.77297642760323, 55.27795728984984]]}, "properties": {"source": "9081697", "target": "7841660"}}, {"type": "Feature", "geometry": {"type": "LineString", "coordinates": [[141.84230381672342, 55.278525874698616], [141.79182631624042, 55.27428992421447]]}, "properties": {"source": "9081697", "target": "12002009"}}, {"type": "Feature", "geometry": {"type": "LineString", "coordinates": [[141.79577816551785, 55.26491792780541], [141.8433256605801, 55.26593299373988]]}, "properties": {"source": "13789000", "target": "3787961"}}, {"type": "Feature", "geometry": {"type": "LineString", "coordinates": [[141.78871751820884, 55.290182740000574], [141.78577155893265, 55.280632053155685]]}, "properties": {"source": "1127069", "target": "4167757"}}, {"type": "Feature", "geometry": {"type": "LineString", "coordinates": [[141.81834933094007, 55.279058543533765], [141.77655022022884, 55.27191025871399]]}, "properties": {"source": "222539", "target": "185940"}}, {"type": "Feature", "geometry": {"type": "LineString", "coordinates": [[141.81824319086468, 55.28220924163759], [141.7893411644576, 55.2666992900011]]}, "properties": {"source": "1191931", "target": "19324908"}}, {"type": "Feature", "geometry": {"type": "LineString", "coordinates": [[141.83895262214827, 55.284408891134944], [141.83102711660825, 55.27822815213774]]}, "properties": {"source": "16180725", "target": "15796138"}}, {"type": "Feature", "geometry": {"type": "LineString", "coordinates": [[141.83014579735368, 55.27975968022277], [141.84436528288006, 55.28149825589301]]}, "properties": {"source": "13237720", "target": "6049536"}}, {"type": "Feature", "geometry": {"type": "LineString", "coordinates": [[141.84501889218427, 55.26883412515352], [141.7966125261877, 55.272849828631436]]}, "properties": {"source": "7789715", "target": "8594570"}}, {"type": "Feature", "geometry": {"type": "LineString", "coordinates": [[141.8051859817627, 55.2670595871442], [141.78334100258553, 55.26197614578261]]}, "properties": {"source": "22922628", "target": "25967954"}}, {"type": "Feature", "geometry": {"type": "LineString", "coordinates": [[141.8051859817627, 55.2670595871442], [141.791495000061, 55.27161938684216]]}, "properties": {"source": "22922628", "target": "22567980"}}, {"type": "Feature", "geometry": {"type": "LineString", "coordinates": [[141.8051859817627, 55.2670595871442], [141.7876747189801, 55.28595924132965]]}, "properties": {"source": "22922628", "target": "8140890"}}, {"type": "Feature", "geometry": {"type": "LineString", "coordinates": [[141.8051859817627, 55.2670595871442], [141.8164094239546, 55.261293807430036]]}, "properties": {"source": "22922628", "target": "22545968"}}, {"type": "Feature", "geometry": {"type": "LineString", "coordinates": [[141.8051859817627, 55.2670595871442], [141.84937189407827, 55.25810196797552]]}, "properties": {"source": "22922628", "target": "13326225"}}, {"type": "Feature", "geometry": {"type": "LineString", "coordinates": [[141.8051859817627, 55.2670595871442], [141.7978928762817, 55.26798231673921]]}, "properties": {"source": "22922628", "target": "22878718"}}, {"type": "Feature", "geometry": {"type": "LineString", "coordinates": [[141.8051859817627, 55.2670595871442], [141.7765598587115, 55.287059314219206]]}, "properties": {"source": "22922628", "target": "21523807"}}, {"type": "Feature", "geometry": {"type": "LineString", "coordinates": [[141.8051859817627, 55.2670595871442], [141.78774778278694, 55.29062271927444]]}, "properties": {"source": "22922628", "target": "22095637"}}, {"type": "Feature", "geometry": {"type": "LineString", "coordinates": [[141.8164094239546, 55.261293807430036], [141.78334100258553, 55.26197614578261]]}, "properties": {"source": "22545968", "target": "25967954"}}, {"type": "Feature", "geometry": {"type": "LineString", "coordinates": [[141.8164094239546, 55.261293807430036], [141.791495000061, 55.27161938684216]]}, "properties": {"source": "22545968", "target": "22567980"}}, {"type": "Feature", "geometry": {"type": "LineString", "coordinates": [[141.8164094239546, 55.261293807430036], [141.7876747189801, 55.28595924132965]]}, "properties": {"source": "22545968", "target": "8140890"}}, {"type": "Feature", "geometry": {"type": "LineString", "coordinates": [[141.8164094239546, 55.261293807430036], [141.7765598587115, 55.287059314219206]]}, "properties": {"source": "22545968", "target": "21523807"}}, {"type": "Feature", "geometry": {"type": "LineString", "coordinates": [[141.8164094239546, 55.261293807430036], [141.78774778278694, 55.29062271927444]]}, "properties": {"source": "22545968", "target": "22095637"}}, {"type": "Feature", "geometry": {"type": "LineString", "coordinates": [[141.83033136376787, 55.26274335944811], [141.82172591910285, 55.27408752824891]]}, "properties": {"source": "302449", "target": "17674605"}}, {"type": "Feature", "geometry": {"type": "LineString", "coordinates": [[141.83033136376787, 55.26274335944811], [141.80283045902758, 55.28718354361689]]}, "properties": {"source": "302449", "target": "25614271"}}, {"type": "Feature", "geometry": {"type": "LineString", "coordinates": [[141.83214328464197, 55.26238148744372], [141.81105747870038, 55.268398249273844]]}, "properties": {"source": "6669681", "target": "4158972"}}, {"type": "Feature", "geometry": {"type": "LineString", "coordinates": [[141.78333301886613, 55.271948124835305], [141.8004450768804, 55.27687456930893]]}, "properties": {"source": "25394054", "target": "25205355"}}, {"type": "Feature", "geometry": {"type": "LineString", "coordinates": [[141.78333301886613, 55.271948124835305], [141.769315231416, 55.267658088770006]]}, "properties": {"source": "25394054", "target": "25005607"}}, {"type": "Feature", "geometry": {"type": "LineString", "coordinates": [[141.78333301886613, 55.271948124835305], [141.78368405559212, 55.26640282498998]]}, "properties": {"source": "25394054", "target": "25335713"}}, {"type": "Feature", "geometry": {"type": "LineString", "coordinates": [[141.78333301886613, 55.271948124835305], [141.7861269276924, 55.2768417984624]]}, "properties": {"source": "25394054", "target": "25154572"}}, {"type": "Feature", "geometry": {"type": "LineString", "coordinates": [[141.82556042682904, 55.27919680651678], [141.84436528288006, 55.28149825589301]]}, "properties": {"source": "614383", "target": "6049536"}}, {"type": "Feature", "geometry": {"type": "LineString", "coordinates": [[141.82556042682904, 55.27919680651678], [141.8067269767252, 55.28854318331372]]}, "properties": {"source": "614383", "target": "6908595"}}, {"type": "Feature", "geometry": {"type": "LineString", "coordinates": [[141.82556042682904, 55.27919680651678], [141.7756381888359, 55.267666909396695]]}, "properties": {"source": "614383", "target": "580385"}}, {"type": "Feature", "geometry": {"type": "LineString", "coordinates": [[141.82556042682904, 55.27919680651678], [141.82985170687328, 55.28467676762966]]}, "properties": {"source": "614383", "target": "5417628"}}, {"type": "Feature", "geometry": {"type": "LineString", "coordinates": [[141.8317059990958, 55.264434004012486], [141.82801225251575, 55.25868726923932]]}, "properties": {"source": "933871", "target": "7078907"}}, {"type": "Feature", "geometry": {"type": "LineString", "coordinates": [[141.8317059990958, 55.264434004012486], [141.7864829275931, 55.28762252032935]]}, "properties": {"source": "933871", "target": "998869"}}, {"type": "Feature", "geometry": {"type": "LineString", "coordinates": [[141.8317059990958, 55.264434004012486], [141.8342981162565, 55.278140891459955]]}, "properties": {"source": "933871", "target": "7065312"}}, {"type": "Feature", "geometry": {"type": "LineString", "coordinates": [[141.8317059990958, 55.264434004012486], [141.83214328464197, 55.26238148744372]]}, "properties": {"source": "933871", "target": "6669681"}}, {"type": "Feature", "geometry": {"type": "LineString", "coordinates": [[141.8317059990958, 55.264434004012486], [141.8184561538347, 55.28790441525179]]}, "properties": {"source": "933871", "target": "868271"}}, {"type": "Feature", "geometry": {"type": "LineString", "coordinates": [[141.8317059990958, 55.264434004012486], [141.8154304490974, 55.262444153109584]]}, "properties": {"source": "933871", "target": "8008152"}}, {"type": "Feature", "geometry": {"type": "LineString", "coordinates": [[141.78333301886613, 55.271948124835305], [141.83920141947362, 55.26238546647339]]}, "properties": {"source": "25394054", "target": "25324553"}}, {"type": "Feature", "geometry": {"type": "LineString", "coordinates": [[141.8317059990958, 55.264434004012486], [141.78360266252406, 55.27192757295681]]}, "properties": {"source": "933871", "target": "868055"}}, {"type": "Feature", "geometry": {"type": "LineString", "coordinates": [[141.78334100258553, 55.26197614578261], [141.78774778278694, 55.29062271927444]]}, "properties": {"source": "25967954", "target": "22095637"}}, {"type": "Feature", "geometry": {"type": "LineString", "coordinates": [[141.78334100258553, 55.26197614578261], [141.83478434383323, 55.26041542554641]]}, "properties": {"source": "25967954", "target": "23296449"}}, {"type": "Feature", "geometry": {"type": "LineString", "coordinates": [[141.83893436753175, 55.26952227685919], [141.83852937157678, 55.27157343917109]]}, "properties": {"source": "2562981", "target": "3872106"}}, {"type": "Feature", "geometry": {"type": "LineString", "coordinates": [[141.83893436753175, 55.26952227685919], [141.77847913862092, 55.26564035364474]]}, "properties": {"source": "2562981", "target": "38845"}}, {"type": "Feature", "geometry": {"type": "LineString", "coordinates": [[141.83893436753175, 55.26952227685919], [141.82503449063552, 55.26728977127688]]}, "properties": {"source": "2562981", "target": "5118485"}}, {"type": "Feature", "geometry": {"type": "LineString", "coordinates": [[141.83893436753175, 55.26952227685919], [141.81105747870038, 55.268398249273844]]}, "properties": {"source": "2562981", "target": "4158972"}}, {"type": "Feature", "geometry": {"type": "LineString", "coordinates": [[141.83893436753175, 55.26952227685919], [141.8411740476406, 55.28596520074548]]}, "properties": {"source": "2562981", "target": "645949"}}, {"type": "Feature", "geometry": {"type": "LineString", "coordinates": [[141.83893436753175, 55.26952227685919], [141.78488236534184, 55.27613012087964]]}, "properties": {"source": "2562981", "target": "1877658"}}, {"type": "Feature", "geometry": {"type": "LineString", "coordinates": [[141.83893436753175, 55.26952227685919], [141.78133600349946, 55.274898503785536]]}, "properties": {"source": "2562981", "target": "2849323"}}, {"type": "Feature", "geometry": {"type": "LineString", "coordinates": [[141.78418750469604, 55.263322498744216], [141.83864305239496, 55.259811682267326]]}, "properties": {"source": "920220", "target": "572751"}}, {"type": "Feature", "geometry": {"type": "LineString", "coordinates": [[141.78418750469604, 55.263322498744216], [141.8094071657145, 55.269259451725674]]}, "properties": {"source": "920220", "target": "9851665"}}, {"type": "Feature", "geometry": {"type": "LineString", "coordinates": [[141.78418750469604, 55.263322498744216], [141.82801225251575, 55.25868726923932]]}, "properties": {"source": "920220", "target": "7078907"}}, {"type": "Feature", "geometry": {"type": "LineString", "coordinates": [[141.78418750469604, 55.263322498744216], [141.7864829275931, 55.28762252032935]]}, "properties": {"source": "920220", "target": "998869"}}, {"type": "Feature", "geometry": {"type": "LineString", "coordinates": [[141.78418750469604, 55.263322498744216], [141.8342981162565, 55.278140891459955]]}, "properties": {"source": "920220", "target": "7065312"}}, {"type": "Feature", "geometry": {"type": "LineString", "coordinates": [[141.78418750469604, 55.263322498744216], [141.83214328464197, 55.26238148744372]]}, "properties": {"source": "920220", "target": "6669681"}}, {"type": "Feature", "geometry": {"type": "LineString", "coordinates": [[141.78418750469604, 55.263322498744216], [141.78360266252406, 55.27192757295681]]}, "properties": {"source": "920220", "target": "868055"}}, {"type": "Feature", "geometry": {"type": "LineString", "coordinates": [[141.8554907637149, 55.259343025219636], [141.82961842857094, 55.287605854611385]]}, "properties": {"source": "8172361", "target": "8072237"}}, {"type": "Feature", "geometry": {"type": "LineString", "coordinates": [[141.8554907637149, 55.259343025219636], [141.78418750469604, 55.263322498744216]]}, "properties": {"source": "8172361", "target": "920220"}}, {"type": "Feature", "geometry": {"type": "LineString", "coordinates": [[141.8554907637149, 55.259343025219636], [141.83864305239496, 55.259811682267326]]}, "properties": {"source": "8172361", "target": "572751"}}, {"type": "Feature", "geometry": {"type": "LineString", "coordinates": [[141.8554907637149, 55.259343025219636], [141.82801225251575, 55.25868726923932]]}, "properties": {"source": "8172361", "target": "7078907"}}, {"type": "Feature", "geometry": {"type": "LineString", "coordinates": [[141.8554907637149, 55.259343025219636], [141.77236082548296, 55.29070408133889]]}, "properties": {"source": "8172361", "target": "424927"}}, {"type": "Feature", "geometry": {"type": "LineString", "coordinates": [[141.8554907637149, 55.259343025219636], [141.81153084189026, 55.28146601058579]]}, "properties": {"source": "8172361", "target": "5373323"}}, {"type": "Feature", "geometry": {"type": "LineString", "coordinates": [[141.8554907637149, 55.259343025219636], [141.8342981162565, 55.278140891459955]]}, "properties": {"source": "8172361", "target": "7065312"}}, {"type": "Feature", "geometry": {"type": "LineString", "coordinates": [[141.8554907637149, 55.259343025219636], [141.83214328464197, 55.26238148744372]]}, "properties": {"source": "8172361", "target": "6669681"}}, {"type": "Feature", "geometry": {"type": "LineString", "coordinates": [[141.8554907637149, 55.259343025219636], [141.8154304490974, 55.262444153109584]]}, "properties": {"source": "8172361", "target": "8008152"}}, {"type": "Feature", "geometry": {"type": "LineString", "coordinates": [[141.8554907637149, 55.259343025219636], [141.84230381672342, 55.278525874698616]]}, "properties": {"source": "8172361", "target": "9081697"}}, {"type": "Feature", "geometry": {"type": "LineString", "coordinates": [[141.8554907637149, 55.259343025219636], [141.791923173922, 55.258278424287724]]}, "properties": {"source": "8172361", "target": "8521602"}}, {"type": "Feature", "geometry": {"type": "LineString", "coordinates": [[141.8554907637149, 55.259343025219636], [141.8426735731627, 55.27032227031329]]}, "properties": {"source": "8172361", "target": "701866"}}, {"type": "Feature", "geometry": {"type": "LineString", "coordinates": [[141.8554907637149, 55.259343025219636], [141.77297642760323, 55.27795728984984]]}, "properties": {"source": "8172361", "target": "7841660"}}, {"type": "Feature", "geometry": {"type": "LineString", "coordinates": [[141.8554907637149, 55.259343025219636], [141.81805030053403, 55.26832313333637]]}, "properties": {"source": "8172361", "target": "11248905"}}, {"type": "Feature", "geometry": {"type": "LineString", "coordinates": [[141.8554907637149, 55.259343025219636], [141.82667087703595, 55.276760105525284]]}, "properties": {"source": "8172361", "target": "840725"}}, {"type": "Feature", "geometry": {"type": "LineString", "coordinates": [[141.8554907637149, 55.259343025219636], [141.79182631624042, 55.27428992421447]]}, "properties": {"source": "8172361", "target": "12002009"}}, {"type": "Feature", "geometry": {"type": "LineString", "coordinates": [[141.77144040598523, 55.281960726254994], [141.8094071657145, 55.269259451725674]]}, "properties": {"source": "949236", "target": "9851665"}}, {"type": "Feature", "geometry": {"type": "LineString", "coordinates": [[141.77144040598523, 55.281960726254994], [141.82801225251575, 55.25868726923932]]}, "properties": {"source": "949236", "target": "7078907"}}, {"type": "Feature", "geometry": {"type": "LineString", "coordinates": [[141.77144040598523, 55.281960726254994], [141.81153084189026, 55.28146601058579]]}, "properties": {"source": "949236", "target": "5373323"}}, {"type": "Feature", "geometry": {"type": "LineString", "coordinates": [[141.77144040598523, 55.281960726254994], [141.7864829275931, 55.28762252032935]]}, "properties": {"source": "949236", "target": "998869"}}, {"type": "Feature", "geometry": {"type": "LineString", "coordinates": [[141.77144040598523, 55.281960726254994], [141.8342981162565, 55.278140891459955]]}, "properties": {"source": "949236", "target": "7065312"}}, {"type": "Feature", "geometry": {"type": "LineString", "coordinates": [[141.77144040598523, 55.281960726254994], [141.83214328464197, 55.26238148744372]]}, "properties": {"source": "949236", "target": "6669681"}}, {"type": "Feature", "geometry": {"type": "LineString", "coordinates": [[141.77144040598523, 55.281960726254994], [141.8184561538347, 55.28790441525179]]}, "properties": {"source": "949236", "target": "868271"}}, {"type": "Feature", "geometry": {"type": "LineString", "coordinates": [[141.77144040598523, 55.281960726254994], [141.8154304490974, 55.262444153109584]]}, "properties": {"source": "949236", "target": "8008152"}}, {"type": "Feature", "geometry": {"type": "LineString", "coordinates": [[141.77144040598523, 55.281960726254994], [141.84905178106033, 55.284482173005046]]}, "properties": {"source": "949236", "target": "897526"}}, {"type": "Feature", "geometry": {"type": "LineString", "coordinates": [[141.77144040598523, 55.281960726254994], [141.77573476608495, 55.28990709290818]]}, "properties": {"source": "949236", "target": "887319"}}, {"type": "Feature", "geometry": {"type": "LineString", "coordinates": [[141.77144040598523, 55.281960726254994], [141.8403099760243, 55.26577013431485]]}, "properties": {"source": "949236", "target": "9176304"}}, {"type": "Feature", "geometry": {"type": "LineString", "coordinates": [[141.77144040598523, 55.281960726254994], [141.79083865393386, 55.288155449159774]]}, "properties": {"source": "949236", "target": "937432"}}, {"type": "Feature", "geometry": {"type": "LineString", "coordinates": [[141.77144040598523, 55.281960726254994], [141.84230381672342, 55.278525874698616]]}, "properties": {"source": "949236", "target": "9081697"}}, {"type": "Feature", "geometry": {"type": "LineString", "coordinates": [[141.77144040598523, 55.281960726254994], [141.8176560788309, 55.28538883011531]]}, "properties": {"source": "949236", "target": "837265"}}, {"type": "Feature", "geometry": {"type": "LineString", "coordinates": [[141.77144040598523, 55.281960726254994], [141.791923173922, 55.258278424287724]]}, "properties": {"source": "949236", "target": "8521602"}}, {"type": "Feature", "geometry": {"type": "LineString", "coordinates": [[141.77144040598523, 55.281960726254994], [141.78360266252406, 55.27192757295681]]}, "properties": {"source": "949236", "target": "868055"}}]}