{"type": "FeatureCollection", "features": [{"type": "Feature", "geometry": {"type": "LineString", "coordinates": [[-27.66936153701721, 65.2172795003138], [-27.686645812867965, 65.22855473125144]]}, "properties": {"source": "20620076", "target": "3252587"}}, {"type": "Feature", "geometry": {"type": "LineString", "coordinates": [[-27.67068555650576, 65.2203816783568], [-27.67229204835502, 65.22229264724434]]}, "properties": {"source": "537003", "target": "35920080"}}, {"type": "Feature", "geometry": {"type": "LineString", "coordinates": [[-27.696571571066045, 65.21315432230324], [-27.702094513900107, 65.21332193359923]]}, "properties": {"source": "11786147", "target": "14444565"}}, {"type": "Feature", "geometry": {"type": "LineString", "coordinates": [[-27.70696774238249, 65.22531729809035], [-27.669195558161448, 65.2292627724513]]}, "properties": {"source": "1320517", "target": "3658494"}}, {"type": "Feature", "geometry": {"type": "LineString", "coordinates": [[-27.70696774238249, 65.22531729809035], [-27.678663025162876, 65.22752471606128]]}, "properties": {"source": "1320517", "target": "2361610"}}, {"type": "Feature", "geometry": {"type": "LineString", "coordinates": [[-27.694254345886236, 65.2208301912942], [-27.66820462267043, 65.21734000694101]]}, "properties": {"source": "13323733", "target": "14624369"}}, {"type": "Feature", "geometry": {"type": "LineString", "coordinates": [[-27.694254345886236, 65.2208301912942], [-27.701814934839234, 65.21325529997706]]}, "properties": {"source": "13323733", "target": "10300307"}}, {"type": "Feature", "geometry": {"type": "LineString", "coordinates": [[-27.6954559383218, 65.2221093575271], [-27.675083234430133, 65.22509083558148]]}, "properties": {"source": "2371817", "target": "19545826"}}, {"type": "Feature", "geometry": {"type": "LineString", "coordinates": [[-27.6954559383218, 65.2221093575271], [-27.6668941668502, 65.22118162171527]]}, "properties": {"source": "2371817", "target": "11074745"}}, {"type": "Feature", "geometry": {"type": "LineString", "coordinates": [[-27.673799131993803, 65.22377493985424], [-27.703502138472572, 65.21556049620358]]}, "properties": {"source": "28188202", "target": "23449308"}}, {"type": "Feature", "geometry": {"type": "LineString", "coordinates": [[-27.67599411520257, 65.2215189146744], [-27.673187485708752, 65.21939571761844]]}, "properties": {"source": "262678", "target": "3232224"}}, {"type": "Feature", "geometry": {"type": "LineString", "coordinates": [[-27.67599411520257, 65.2215189146744], [-27.669116709589616, 65.21949466752966]]}, "properties": {"source": "262678", "target": "29498080"}}, {"type": "Feature", "geometry": {"type": "LineString", "coordinates": [[-27.706123985283824, 65.22363300230647], [-27.685395679004586, 65.21444436121654]]}, "properties": {"source": "13707577", "target": "22891784"}}, {"type": "Feature", "geometry": {"type": "LineString", "coordinates": [[-27.706123985283824, 65.22363300230647], [-27.707690439308266, 65.2142351858811]]}, "properties": {"source": "13707577", "target": "8606592"}}, {"type": "Feature", "geometry": {"type": "LineString", "coordinates": [[-27.68686644416576, 65.2183959472687], [-27.6954559383218, 65.2221093575271]]}, "properties": {"source": "2702646", "target": "2371817"}}, {"type": "Feature", "geometry": {"type": "LineString", "coordinates": [[-27.68686644416576, 65.2183959472687], [-27.6668941668502, 65.22118162171527]]}, "properties": {"source": "2702646", "target": "11074745"}}, {"type": "Feature", "geometry": {"type": "LineString", "coordinates": [[-27.703853243442325, 65.21994863009593], [-27.71600325415804, 65.22492135995205]]}, "properties": {"source": "12721556", "target": "26568783"}}, {"type": "Feature", "geometry": {"type": "LineString", "coordinates": [[-27.667694134528546, 65.21849819004106], [-27.683727620311288, 65.22320855820895]]}, "properties": {"source": "13108853", "target": "1285186"}}, {"type": "Feature", "geometry": {"type": "LineString", "coordinates": [[-27.69202240565164, 65.22764410932], [-27.71198478397821, 65.2271873021043]]}, "properties": {"source": "16280710", "target": "32761097"}}, {"type": "Feature", "geometry": {"type": "LineString", "coordinates": [[-27.69202240565164, 65.22764410932], [-27.68311341098746, 65.2274912276225]]}, "properties": {"source": "16280710", "target": "17044455"}}, {"type": "Feature", "geometry": {"type": "LineString", "coordinates": [[-27.70686972221131, 65.22206870351039], [-27.69535045104169, 65.22259279286959]]}, "properties": {"source": "27857985", "target": "26141253"}}, {"type": "Feature", "geometry": {"type": "LineString", "coordinates": [[-27.70686972221131, 65.22206870351039], [-27.69724393039246, 65.21509420306347]]}, "properties": {"source": "27857985", "target": "15736408"}}, {"type": "Feature", "geometry": {"type": "LineString", "coordinates": [[-27.70839986981119, 65.22152752578285], [-27.673187485708752, 65.21939571761844]]}, "properties": {"source": "55046", "target": "3232224"}}, {"type": "Feature", "geometry": {"type": "LineString", "coordinates": [[-27.70839986981119, 65.22152752578285], [-27.680849529944368, 65.22438630927707]]}, "properties": {"source": "55046", "target": "5690728"}}, {"type": "Feature", "geometry": {"type": "LineString", "coordinates": [[-27.675911898076407, 65.21455450858055], [-27.703502138472572, 65.21556049620358]]}, "properties": {"source": "18692813", "target": "23449308"}}, {"type": "Feature", "geometry": {"type": "LineString", "coordinates": [[-27.683727620311288, 65.22320855820895], [-27.681645375513995, 65.22569749446592]]}, "properties": {"source": "1285186", "target": "15809262"}}, {"type": "Feature", "geometry": {"type": "LineString", "coordinates": [[-27.715581547652135, 65.22151924631343], [-27.69945064498637, 65.21493416799177]]}, "properties": {"source": "17271168", "target": "20751443"}}, {"type": "Feature", "geometry": {"type": "LineString", "coordinates": [[-27.68036134534745, 65.22512836591888], [-27.71198478397821, 65.2271873021043]]}, "properties": {"source": "25658517", "target": "32761097"}}, {"type": "Feature", "geometry": {"type": "LineString", "coordinates": [[-27.671827946459132, 65.22349632988703], [-27.66936153701721, 65.2172795003138]]}, "properties": {"source": "2669440", "target": "20620076"}}, {"type": "Feature", "geometry": {"type": "LineString", "coordinates": [[-27.671827946459132, 65.22349632988703], [-27.686645812867965, 65.22855473125144]]}, "properties": {"source": "2669440", "target": "3252587"}}, {"type": "Feature", "geometry": {"type": "LineString", "coordinates": [[-27.671827946459132, 65.22349632988703], [-27.680847882765363, 65.22858860471004]]}, "properties": {"source": "2669440", "target": "2196051"}}, {"type": "Feature", "geometry": {"type": "LineString", "coordinates": [[-27.705033086079396, 65.22532948061824], [-27.70806383329449, 65.21375631081388]]}, "properties": {"source": "31395277", "target": "31424466"}}, {"type": "Feature", "geometry": {"type": "LineString", "coordinates": [[-27.715505661825063, 65.22709502531306], [-27.70806383329449, 65.21375631081388]]}, "properties": {"source": "29939069", "target": "31424466"}}, {"type": "Feature", "geometry": {"type": "LineString", "coordinates": [[-27.68211942794784, 65.21917887609085], [-27.68023249961763, 65.22539457835694]]}, "properties": {"source": "21318507", "target": "18804743"}}, {"type": "Feature", "geometry": {"type": "LineString", "coordinates": [[-27.692503596884222, 65.21671642199546], [-27.704948788018868, 65.22485467860432]]}, "properties": {"source": "22318500", "target": "22617371"}}, {"type": "Feature", "geometry": {"type": "LineString", "coordinates": [[-27.66778081741998, 65.217059209067], [-27.69504633488353, 65.22136563896277]]}, "properties": {"source": "26192823", "target": "25608807"}}, {"type": "Feature", "geometry": {"type": "LineString", "coordinates": [[-27.672572933722478, 65.21771846033505], [-27.69504633488353, 65.22136563896277]]}, "properties": {"source": "21119617", "target": "25608807"}}, {"type": "Feature", "geometry": {"type": "LineString", "coordinates": [[-27.709468179058547, 65.2132393112965], [-27.67229204835502, 65.22229264724434]]}, "properties": {"source": "553476", "target": "35920080"}}, {"type": "Feature", "geometry": {"type": "LineString", "coordinates": [[-27.71138786616538, 65.21680884571174], [-27.66935744175771, 65.21800543760685]]}, "properties": {"source": "13611961", "target": "17307361"}}, {"type": "Feature", "geometry": {"type": "LineString", "coordinates": [[-27.70148886910374, 65.21780464964552], [-27.690410934270375, 65.21950580360274]]}, "properties": {"source": "13721540", "target": "15767096"}}, {"type": "Feature", "geometry": {"type": "LineString", "coordinates": [[-27.704381586517258, 65.21697190452771], [-27.71198478397821, 65.2271873021043]]}, "properties": {"source": "27836167", "target": "32761097"}}, {"type": "Feature", "geometry": {"type": "LineString", "coordinates": [[-27.70052177335731, 65.21613051653749], [-27.671280077234258, 65.21792354546184]]}, "properties": {"source": "383071", "target": "119923"}}, {"type": "Feature", "geometry": {"type": "LineString", "coordinates": [[-27.70058437342368, 65.21843835407968], [-27.67599411520257, 65.2215189146744]]}, "properties": {"source": "327229", "target": "262678"}}, {"type": "Feature", "geometry": {"type": "LineString", "coordinates": [[-27.678319335029926, 65.22127788192257], [-27.70335061779585, 65.21709092095001]]}, "properties": {"source": "8568010", "target": "8239980"}}, {"type": "Feature", "geometry": {"type": "LineString", "coordinates": [[-27.68712610690784, 65.2234422819714], [-27.70699220412527, 65.22731487293912]]}, "properties": {"source": "22140766", "target": "17654739"}}, {"type": "Feature", "geometry": {"type": "LineString", "coordinates": [[-27.68689428137094, 65.21939157887248], [-27.685395679004586, 65.21444436121654]]}, "properties": {"source": "21977722", "target": "22891784"}}, {"type": "Feature", "geometry": {"type": "LineString", "coordinates": [[-27.69250407176611, 65.22609813029537], [-27.689678568225986, 65.21866229435547]]}, "properties": {"source": "19468561", "target": "13536540"}}, {"type": "Feature", "geometry": {"type": "LineString", "coordinates": [[-27.699103103097855, 65.22926542306237], [-27.71600325415804, 65.22492135995205]]}, "properties": {"source": "6357874", "target": "26568783"}}, {"type": "Feature", "geometry": {"type": "LineString", "coordinates": [[-27.676914652817914, 65.22365172454315], [-27.6866112937293, 65.22223143218739]]}, "properties": {"source": "3449608", "target": "346305"}}, {"type": "Feature", "geometry": {"type": "LineString", "coordinates": [[-27.697064065553263, 65.21339639338794], [-27.697890984802342, 65.22669771689489]]}, "properties": {"source": "17125607", "target": "17593972"}}, {"type": "Feature", "geometry": {"type": "LineString", "coordinates": [[-27.676937718348796, 65.22919765483428], [-27.70919450335532, 65.21482534829246]]}, "properties": {"source": "10533683", "target": "1955425"}}, {"type": "Feature", "geometry": {"type": "LineString", "coordinates": [[-27.676937718348796, 65.22919765483428], [-27.672908726860243, 65.2265669852369]]}, "properties": {"source": "10533683", "target": "17943008"}}, {"type": "Feature", "geometry": {"type": "LineString", "coordinates": [[-27.668100778608363, 65.22369473988192], [-27.681645375513995, 65.22569749446592]]}, "properties": {"source": "10265455", "target": "15809262"}}, {"type": "Feature", "geometry": {"type": "LineString", "coordinates": [[-27.668100778608363, 65.22369473988192], [-27.71600325415804, 65.22492135995205]]}, "properties": {"source": "10265455", "target": "26568783"}}, {"type": "Feature", "geometry": {"type": "LineString", "coordinates": [[-27.698464698415478, 65.2129471825101], [-27.70912396527561, 65.22269479243747]]}, "properties": {"source": "25060140", "target": "6352230"}}, {"type": "Feature", "geometry": {"type": "LineString", "coordinates": [[-27.69535045104169, 65.22259279286959], [-27.71600325415804, 65.22492135995205]]}, "properties": {"source": "26141253", "target": "26568783"}}, {"type": "Feature", "geometry": {"type": "LineString", "coordinates": [[-27.687514713127513, 65.21781852099454], [-27.702094513900107, 65.21332193359923]]}, "properties": {"source": "8696718", "target": "14444565"}}, {"type": "Feature", "geometry": {"type": "LineString", "coordinates": [[-27.6712125173633, 65.22727630254715], [-27.68612330153121, 65.21658494348117]]}, "properties": {"source": "17284408", "target": "25024383"}}, {"type": "Feature", "geometry": {"type": "LineString", "coordinates": [[-27.6712125173633, 65.22727630254715], [-27.68311341098746, 65.2274912276225]]}, "properties": {"source": "17284408", "target": "17044455"}}, {"type": "Feature", "geometry": {"type": "LineString", "coordinates": [[-27.6712125173633, 65.22727630254715], [-27.669052136574464, 65.21786750838487]]}, "properties": {"source": "17284408", "target": "17915953"}}, {"type": "Feature", "geometry": {"type": "LineString", "coordinates": [[-27.6712125173633, 65.22727630254715], [-27.703595509210885, 65.22221825606164]]}, "properties": {"source": "17284408", "target": "1915893"}}, {"type": "Feature", "geometry": {"type": "LineString", "coordinates": [[-27.69337207902305, 65.2130592659256], [-27.70806383329449, 65.21375631081388]]}, "properties": {"source": "29407893", "target": "31424466"}}, {"type": "Feature", "geometry": {"type": "LineString", "coordinates": [[-27.69337207902305, 65.2130592659256], [-27.703500216859993, 65.22335038573706]]}, "properties": {"source": "29407893", "target": "29496534"}}, {"type": "Feature", "geometry": {"type": "LineString", "coordinates": [[-27.69337207902305, 65.2130592659256], [-27.715505661825063, 65.22709502531306]]}, "properties": {"source": "29407893", "target": "29939069"}}, {"type": "Feature", "geometry": {"type": "LineString", "coordinates": [[-27.69337207902305, 65.2130592659256], [-27.68048573010398, 65.21862990423521]]}, "properties": {"source": "29407893", "target": "28953453"}}, {"type": "Feature", "geometry": {"type": "LineString", "coordinates": [[-27.70827443236695, 65.22236372749197], [-27.71571639185325, 65.22174247844895]]}, "properties": {"source": "10769674", "target": "20895298"}}, {"type": "Feature", "geometry": {"type": "LineString", "coordinates": [[-27.68143495724351, 65.22683977418058], [-27.715581547652135, 65.22151924631343]]}, "properties": {"source": "974375", "target": "17271168"}}, {"type": "Feature", "geometry": {"type": "LineString", "coordinates": [[-27.700051229502066, 65.22218694594294], [-27.68282514940296, 65.2132395012275]]}, "properties": {"source": "23252354", "target": "26631718"}}, {"type": "Feature", "geometry": {"type": "LineString", "coordinates": [[-27.700051229502066, 65.22218694594294], [-27.71600325415804, 65.22492135995205]]}, "properties": {"source": "23252354", "target": "26568783"}}, {"type": "Feature", "geometry": {"type": "LineString", "coordinates": [[-27.700051229502066, 65.22218694594294], [-27.672218425279198, 65.22639414090357]]}, "properties": {"source": "23252354", "target": "21072230"}}, {"type": "Feature", "geometry": {"type": "LineString", "coordinates": [[-27.700051229502066, 65.22218694594294], [-27.68023249961763, 65.22539457835694]]}, "properties": {"source": "23252354", "target": "18804743"}}, {"type": "Feature", "geometry": {"type": "LineString", "coordinates": [[-27.70100426275212, 65.22884793587781], [-27.694375966790346, 65.2209720731276]]}, "properties": {"source": "6345710", "target": "6610914"}}, {"type": "Feature", "geometry": {"type": "LineString", "coordinates": [[-27.70100426275212, 65.22884793587781], [-27.696467353608085, 65.21404061835467]]}, "properties": {"source": "6345710", "target": "6699809"}}, {"type": "Feature", "geometry": {"type": "LineString", "coordinates": [[-27.695988474808587, 65.22390801235512], [-27.711923911881655, 65.22792602957155]]}, "properties": {"source": "16138031", "target": "17054805"}}, {"type": "Feature", "geometry": {"type": "LineString", "coordinates": [[-27.695988474808587, 65.22390801235512], [-27.697064065553263, 65.21339639338794]]}, "properties": {"source": "16138031", "target": "17125607"}}, {"type": "Feature", "geometry": {"type": "LineString", "coordinates": [[-27.695988474808587, 65.22390801235512], [-27.690410934270375, 65.21950580360274]]}, "properties": {"source": "16138031", "target": "15767096"}}, {"type": "Feature", "geometry": {"type": "LineString", "coordinates": [[-27.695988474808587, 65.22390801235512], [-27.701814934839234, 65.21325529997706]]}, "properties": {"source": "16138031", "target": "10300307"}}, {"type": "Feature", "geometry": {"type": "LineString", "coordinates": [[-27.695988474808587, 65.22390801235512], [-27.665759482473078, 65.22676124966853]]}, "properties": {"source": "16138031", "target": "14370548"}}, {"type": "Feature", "geometry": {"type": "LineString", "coordinates": [[-27.695988474808587, 65.22390801235512], [-27.694254345886236, 65.2208301912942]]}, "properties": {"source": "16138031", "target": "13323733"}}, {"type": "Feature", "geometry": {"type": "LineString", "coordinates": [[-27.700051229502066, 65.22218694594294], [-27.695639273142604, 65.21871880506792]]}, "properties": {"source": "23252354", "target": "2465933"}}, {"type": "Feature", "geometry": {"type": "LineString", "coordinates": [[-27.70100426275212, 65.22884793587781], [-27.67068555650576, 65.2203816783568]]}, "properties": {"source": "6345710", "target": "537003"}}, {"type": "Feature", "geometry": {"type": "LineString", "coordinates": [[-27.68143495724351, 65.22683977418058], [-27.697660683513163, 65.22019718960443]]}, "properties": {"source": "974375", "target": "16138548"}}, {"type": "Feature", "geometry": {"type": "LineString", "coordinates": [[-27.66654009217521, 65.22757104828887], [-27.694375966790346, 65.2209720731276]]}, "properties": {"source": "297391", "target": "6610914"}}, {"type": "Feature", "geometry": {"type": "LineString", "coordinates": [[-27.66654009217521, 65.22757104828887], [-27.666341548548075, 65.22386652004978]]}, "properties": {"source": "297391", "target": "331076"}}, {"type": "Feature", "geometry": {"type": "LineString", "coordinates": [[-27.66654009217521, 65.22757104828887], [-27.70912396527561, 65.22269479243747]]}, "properties": {"source": "297391", "target": "6352230"}}, {"type": "Feature", "geometry": {"type": "LineString", "coordinates": [[-27.66654009217521, 65.22757104828887], [-27.680861782419584, 65.21871329219849]]}, "properties": {"source": "297391", "target": "841610"}}, {"type": "Feature", "geometry": {"type": "LineString", "coordinates": [[-27.69798689705968, 65.21414036706511], [-27.695133880491483, 65.21378110924118]]}, "properties": {"source": "21468445", "target": "19228581"}}, {"type": "Feature", "geometry": {"type": "LineString", "coordinates": [[-27.69798689705968, 65.21414036706511], [-27.70188315917713, 65.21505915017987]]}, "properties": {"source": "21468445", "target": "19278744"}}, {"type": "Feature", "geometry": {"type": "LineString", "coordinates": [[-27.69798689705968, 65.21414036706511], [-27.687547773937894, 65.21929063497718]]}, "properties": {"source": "21468445", "target": "11949635"}}, {"type": "Feature", "geometry": {"type": "LineString", "coordinates": [[-27.69525325107847, 65.22560301733196], [-27.670496652045443, 65.22275300008036]]}, "properties": {"source": "32491713", "target": "3582103"}}, {"type": "Feature", "geometry": {"type": "LineString", "coordinates": [[-27.695133880491483, 65.21378110924118], [-27.70188315917713, 65.21505915017987]]}, "properties": {"source": "19228581", "target": "19278744"}}, {"type": "Feature", "geometry": {"type": "LineString", "coordinates": [[-27.695133880491483, 65.21378110924118], [-27.687547773937894, 65.21929063497718]]}, "properties": {"source": "19228581", "target": "11949635"}}, {"type": "Feature", "geometry": {"type": "LineString", "coordinates": [[-27.665759482473078, 65.22676124966853], [-27.66820462267043, 65.21734000694101]]}, "properties": {"source": "14370548", "target": "14624369"}}, {"type": "Feature", "geometry": {"type": "LineString", "coordinates": [[-27.665759482473078, 65.22676124966853], [-27.690271433341167, 65.21847099206465]]}, "properties": {"source": "14370548", "target": "16138043"}}, {"type": "Feature", "geometry": {"type": "LineString", "coordinates": [[-27.665759482473078, 65.22676124966853], [-27.67480464314363, 65.22383604801625]]}, "properties": {"source": "14370548", "target": "13602843"}}, {"type": "Feature", "geometry": {"type": "LineString", "coordinates": [[-27.66792032708716, 65.2198888044088], [-27.702094513900107, 65.21332193359923]]}, "properties": {"source": "13839162", "target": "14444565"}}, {"type": "Feature", "geometry": {"type": "LineString", "coordinates": [[-27.678663025162876, 65.22752471606128], [-27.698824301839068, 65.22707455773264]]}, "properties": {"source": "2361610", "target": "1020616"}}, {"type": "Feature", "geometry": {"type": "LineString", "coordinates": [[-27.667694134528546, 65.21849819004106], [-27.690410934270375, 65.21950580360274]]}, "properties": {"source": "13108853", "target": "15767096"}}, {"type": "Feature", "geometry": {"type": "LineString", "coordinates": [[-27.703211389265448, 65.22249435393846], [-27.688485406009903, 65.22754149265947]]}, "properties": {"source": "18332156", "target": "20997796"}}, {"type": "Feature", "geometry": {"type": "LineString", "coordinates": [[-27.702094513900107, 65.21332193359923], [-27.689678568225986, 65.21866229435547]]}, "properties": {"source": "14444565", "target": "13536540"}}, {"type": "Feature", "geometry": {"type": "LineString", "coordinates": [[-27.702094513900107, 65.21332193359923], [-27.674533701654497, 65.215433208959]]}, "properties": {"source": "14444565", "target": "15894354"}}, {"type": "Feature", "geometry": {"type": "LineString", "coordinates": [[-27.688344606815008, 65.2211751802223], [-27.71198478397821, 65.2271873021043]]}, "properties": {"source": "30166403", "target": "32761097"}}, {"type": "Feature", "geometry": {"type": "LineString", "coordinates": [[-27.688344606815008, 65.2211751802223], [-27.68036134534745, 65.22512836591888]]}, "properties": {"source": "30166403", "target": "25658517"}}, {"type": "Feature", "geometry": {"type": "LineString", "coordinates": [[-27.688344606815008, 65.2211751802223], [-27.674035763431732, 65.22880008103337]]}, "properties": {"source": "30166403", "target": "1071555"}}, {"type": "Feature", "geometry": {"type": "LineString", "coordinates": [[-27.688344606815008, 65.2211751802223], [-27.682487042928187, 65.22279745977069]]}, "properties": {"source": "30166403", "target": "26783235"}}, {"type": "Feature", "geometry": {"type": "LineString", "coordinates": [[-27.695639273142604, 65.21871880506792], [-27.71600325415804, 65.22492135995205]]}, "properties": {"source": "2465933", "target": "26568783"}}, {"type": "Feature", "geometry": {"type": "LineString", "coordinates": [[-27.695639273142604, 65.21871880506792], [-27.672218425279198, 65.22639414090357]]}, "properties": {"source": "2465933", "target": "21072230"}}, {"type": "Feature", "geometry": {"type": "LineString", "coordinates": [[-27.695639273142604, 65.21871880506792], [-27.7065402254253, 65.21834441703017]]}, "properties": {"source": "2465933", "target": "10052023"}}, {"type": "Feature", "geometry": {"type": "LineString", "coordinates": [[-27.695639273142604, 65.21871880506792], [-27.71571639185325, 65.22174247844895]]}, "properties": {"source": "2465933", "target": "20895298"}}, {"type": "Feature", "geometry": {"type": "LineString", "coordinates": [[-27.695639273142604, 65.21871880506792], [-27.69504633488353, 65.22136563896277]]}, "properties": {"source": "2465933", "target": "25608807"}}, {"type": "Feature", "geometry": {"type": "LineString", "coordinates": [[-27.695639273142604, 65.21871880506792], [-27.672572933722478, 65.21771846033505]]}, "properties": {"source": "2465933", "target": "21119617"}}, {"type": "Feature", "geometry": {"type": "LineString", "coordinates": [[-27.693981985623566, 65.22628316077993], [-27.688344606815008, 65.2211751802223]]}, "properties": {"source": "1542339", "target": "30166403"}}, {"type": "Feature", "geometry": {"type": "LineString", "coordinates": [[-27.693981985623566, 65.22628316077993], [-27.71198478397821, 65.2271873021043]]}, "properties": {"source": "1542339", "target": "32761097"}}, {"type": "Feature", "geometry": {"type": "LineString", "coordinates": [[-27.6772653118511, 65.22867134486452], [-27.68311341098746, 65.2274912276225]]}, "properties": {"source": "1110228", "target": "17044455"}}, {"type": "Feature", "geometry": {"type": "LineString", "coordinates": [[-27.702635389859296, 65.22214951405199], [-27.705094845826437, 65.21444012473057]]}, "properties": {"source": "15946129", "target": "1428328"}}, {"type": "Feature", "geometry": {"type": "LineString", "coordinates": [[-27.702635389859296, 65.22214951405199], [-27.704335214857508, 65.22804251446068]]}, "properties": {"source": "15946129", "target": "17593978"}}, {"type": "Feature", "geometry": {"type": "LineString", "coordinates": [[-27.702635389859296, 65.22214951405199], [-27.66935744175771, 65.21800543760685]]}, "properties": {"source": "15946129", "target": "17307361"}}, {"type": "Feature", "geometry": {"type": "LineString", "coordinates": [[-27.702635389859296, 65.22214951405199], [-27.6842252231759, 65.22367802004689]]}, "properties": {"source": "15946129", "target": "10527213"}}, {"type": "Feature", "geometry": {"type": "LineString", "coordinates": [[-27.702635389859296, 65.22214951405199], [-27.71138786616538, 65.21680884571174]]}, "properties": {"source": "15946129", "target": "13611961"}}, {"type": "Feature", "geometry": {"type": "LineString", "coordinates": [[-27.666341548548075, 65.22386652004978], [-27.70912396527561, 65.22269479243747]]}, "properties": {"source": "331076", "target": "6352230"}}, {"type": "Feature", "geometry": {"type": "LineString", "coordinates": [[-27.666341548548075, 65.22386652004978], [-27.69945064498637, 65.21493416799177]]}, "properties": {"source": "331076", "target": "20751443"}}, {"type": "Feature", "geometry": {"type": "LineString", "coordinates": [[-27.666341548548075, 65.22386652004978], [-27.679074721791352, 65.21870198476049]]}, "properties": {"source": "331076", "target": "16248341"}}, {"type": "Feature", "geometry": {"type": "LineString", "coordinates": [[-27.666341548548075, 65.22386652004978], [-27.698464698415478, 65.2129471825101]]}, "properties": {"source": "331076", "target": "25060140"}}, {"type": "Feature", "geometry": {"type": "LineString", "coordinates": [[-27.666341548548075, 65.22386652004978], [-27.715581547652135, 65.22151924631343]]}, "properties": {"source": "331076", "target": "17271168"}}, {"type": "Feature", "geometry": {"type": "LineString", "coordinates": [[-27.666341548548075, 65.22386652004978], [-27.6914803351614, 65.2240202544261]]}, "properties": {"source": "331076", "target": "18170949"}}, {"type": "Feature", "geometry": {"type": "LineString", "coordinates": [[-27.711923911881655, 65.22792602957155], [-27.681645375513995, 65.22569749446592]]}, "properties": {"source": "17054805", "target": "15809262"}}, {"type": "Feature", "geometry": {"type": "LineString", "coordinates": [[-27.711923911881655, 65.22792602957155], [-27.704335214857508, 65.22804251446068]]}, "properties": {"source": "17054805", "target": "17593978"}}, {"type": "Feature", "geometry": {"type": "LineString", "coordinates": [[-27.6765383503961, 65.22319161361567], [-27.711923911881655, 65.22792602957155]]}, "properties": {"source": "18123432", "target": "17054805"}}, {"type": "Feature", "geometry": {"type": "LineString", "coordinates": [[-27.6765383503961, 65.22319161361567], [-27.697064065553263, 65.21339639338794]]}, "properties": {"source": "18123432", "target": "17125607"}}, {"type": "Feature", "geometry": {"type": "LineString", "coordinates": [[-27.709200649043595, 65.22229472073879], [-27.667120221551386, 65.2287632628655]]}, "properties": {"source": "814287", "target": "976907"}}, {"type": "Feature", "geometry": {"type": "LineString", "coordinates": [[-27.67709223913951, 65.2291143540249], [-27.702635389859296, 65.22214951405199]]}, "properties": {"source": "17593970", "target": "15946129"}}, {"type": "Feature", "geometry": {"type": "LineString", "coordinates": [[-27.67709223913951, 65.2291143540249], [-27.711923911881655, 65.22792602957155]]}, "properties": {"source": "17593970", "target": "17054805"}}, {"type": "Feature", "geometry": {"type": "LineString", "coordinates": [[-27.67709223913951, 65.2291143540249], [-27.697064065553263, 65.21339639338794]]}, "properties": {"source": "17593970", "target": "17125607"}}, {"type": "Feature", "geometry": {"type": "LineString", "coordinates": [[-27.67709223913951, 65.2291143540249], [-27.71209974483844, 65.22475070822595]]}, "properties": {"source": "17593970", "target": "18300298"}}, {"type": "Feature", "geometry": {"type": "LineString", "coordinates": [[-27.67709223913951, 65.2291143540249], [-27.697890984802342, 65.22669771689489]]}, "properties": {"source": "17593970", "target": "17593972"}}, {"type": "Feature", "geometry": {"type": "LineString", "coordinates": [[-27.702385975327388, 65.2193574025701], [-27.702094513900107, 65.21332193359923]]}, "properties": {"source": "217152", "target": "14444565"}}, {"type": "Feature", "geometry": {"type": "LineString", "coordinates": [[-27.702385975327388, 65.2193574025701], [-27.694925422962, 65.2197878994299]]}, "properties": {"source": "217152", "target": "12560033"}}, {"type": "Feature", "geometry": {"type": "LineString", "coordinates": [[-27.702385975327388, 65.2193574025701], [-27.677063501291343, 65.21367422014418]]}, "properties": {"source": "217152", "target": "2806724"}}, {"type": "Feature", "geometry": {"type": "LineString", "coordinates": [[-27.71336397678425, 65.21822792150252], [-27.681645375513995, 65.22569749446592]]}, "properties": {"source": "1016909", "target": "15809262"}}, {"type": "Feature", "geometry": {"type": "LineString", "coordinates": [[-27.71336397678425, 65.21822792150252], [-27.71600325415804, 65.22492135995205]]}, "properties": {"source": "1016909", "target": "26568783"}}, {"type": "Feature", "geometry": {"type": "LineString", "coordinates": [[-27.71336397678425, 65.21822792150252], [-27.702059084094913, 65.21729874166746]]}, "properties": {"source": "1016909", "target": "3270771"}}, {"type": "Feature", "geometry": {"type": "LineString", "coordinates": [[-27.71336397678425, 65.21822792150252], [-27.690410934270375, 65.21950580360274]]}, "properties": {"source": "1016909", "target": "15767096"}}, {"type": "Feature", "geometry": {"type": "LineString", "coordinates": [[-27.699762388033662, 65.21884782628703], [-27.68282514940296, 65.2132395012275]]}, "properties": {"source": "1749932", "target": "26631718"}}, {"type": "Feature", "geometry": {"type": "LineString", "coordinates": [[-27.70827443236695, 65.22236372749197], [-27.681645375513995, 65.22569749446592]]}, "properties": {"source": "10769674", "target": "15809262"}}, {"type": "Feature", "geometry": {"type": "LineString", "coordinates": [[-27.70827443236695, 65.22236372749197], [-27.701814934839234, 65.21325529997706]]}, "properties": {"source": "10769674", "target": "10300307"}}, {"type": "Feature", "geometry": {"type": "LineString", "coordinates": [[-27.673243399605326, 65.21890926256012], [-27.706123985283824, 65.22363300230647]]}, "properties": {"source": "1744053", "target": "13707577"}}, {"type": "Feature", "geometry": {"type": "LineString", "coordinates": [[-27.6765383503961, 65.22319161361567], [-27.672218425279198, 65.22639414090357]]}, "properties": {"source": "18123432", "target": "21072230"}}, {"type": "Feature", "geometry": {"type": "LineString", "coordinates": [[-27.6765383503961, 65.22319161361567], [-27.71209974483844, 65.22475070822595]]}, "properties": {"source": "18123432", "target": "18300298"}}, {"type": "Feature", "geometry": {"type": "LineString", "coordinates": [[-27.6765383503961, 65.22319161361567], [-27.697890984802342, 65.22669771689489]]}, "properties": {"source": "18123432", "target": "17593972"}}, {"type": "Feature", "geometry": {"type": "LineString", "coordinates": [[-27.6765383503961, 65.22319161361567], [-27.68023249961763, 65.22539457835694]]}, "properties": {"source": "18123432", "target": "18804743"}}, {"type": "Feature", "geometry": {"type": "LineString", "coordinates": [[-27.6765383503961, 65.22319161361567], [-27.67709223913951, 65.2291143540249]]}, "properties": {"source": "18123432", "target": "17593970"}}, {"type": "Feature", "geometry": {"type": "LineString", "coordinates": [[-27.6765383503961, 65.22319161361567], [-27.71571639185325, 65.22174247844895]]}, "properties": {"source": "18123432", "target": "20895298"}}, {"type": "Feature", "geometry": {"type": "LineString", "coordinates": [[-27.6765383503961, 65.22319161361567], [-27.704335214857508, 65.22804251446068]]}, "properties": {"source": "18123432", "target": "17593978"}}, {"type": "Feature", "geometry": {"type": "LineString", "coordinates": [[-27.6765383503961, 65.22319161361567], [-27.66647621740549, 65.22339574792487]]}, "properties": {"source": "18123432", "target": "20895306"}}, {"type": "Feature", "geometry": {"type": "LineString", "coordinates": [[-27.6765383503961, 65.22319161361567], [-27.688485406009903, 65.22754149265947]]}, "properties": {"source": "18123432", "target": "20997796"}}, {"type": "Feature", "geometry": {"type": "LineString", "coordinates": [[-27.697064065553263, 65.21339639338794], [-27.681645375513995, 65.22569749446592]]}, "properties": {"source": "17125607", "target": "15809262"}}, {"type": "Feature", "geometry": {"type": "LineString", "coordinates": [[-27.697064065553263, 65.21339639338794], [-27.702635389859296, 65.22214951405199]]}, "properties": {"source": "17125607", "target": "15946129"}}, {"type": "Feature", "geometry": {"type": "LineString", "coordinates": [[-27.697064065553263, 65.21339639338794], [-27.711923911881655, 65.22792602957155]]}, "properties": {"source": "17125607", "target": "17054805"}}, {"type": "Feature", "geometry": {"type": "LineString", "coordinates": [[-27.697064065553263, 65.21339639338794], [-27.703211389265448, 65.22249435393846]]}, "properties": {"source": "17125607", "target": "18332156"}}, {"type": "Feature", "geometry": {"type": "LineString", "coordinates": [[-27.697064065553263, 65.21339639338794], [-27.673414111889343, 65.21779224927612]]}, "properties": {"source": "17125607", "target": "14806299"}}, {"type": "Feature", "geometry": {"type": "LineString", "coordinates": [[-27.697064065553263, 65.21339639338794], [-27.71209974483844, 65.22475070822595]]}, "properties": {"source": "17125607", "target": "18300298"}}, {"type": "Feature", "geometry": {"type": "LineString", "coordinates": [[-27.703853243442325, 65.21994863009593], [-27.681645375513995, 65.22569749446592]]}, "properties": {"source": "12721556", "target": "15809262"}}, {"type": "Feature", "geometry": {"type": "LineString", "coordinates": [[-27.70079837970863, 65.22180628423453], [-27.669195558161448, 65.2292627724513]]}, "properties": {"source": "4409380", "target": "3658494"}}, {"type": "Feature", "geometry": {"type": "LineString", "coordinates": [[-27.70079837970863, 65.22180628423453], [-27.670496652045443, 65.22275300008036]]}, "properties": {"source": "4409380", "target": "3582103"}}, {"type": "Feature", "geometry": {"type": "LineString", "coordinates": [[-27.70079837970863, 65.22180628423453], [-27.68071290667271, 65.22013057467382]]}, "properties": {"source": "4409380", "target": "443155"}}, {"type": "Feature", "geometry": {"type": "LineString", "coordinates": [[-27.70079837970863, 65.22180628423453], [-27.706469550377847, 65.22509229933287]]}, "properties": {"source": "4409380", "target": "512852"}}, {"type": "Feature", "geometry": {"type": "LineString", "coordinates": [[-27.70079837970863, 65.22180628423453], [-27.69525325107847, 65.22560301733196]]}, "properties": {"source": "4409380", "target": "32491713"}}, {"type": "Feature", "geometry": {"type": "LineString", "coordinates": [[-27.70079837970863, 65.22180628423453], [-27.672907348845968, 65.21689386324589]]}, "properties": {"source": "4409380", "target": "426478"}}, {"type": "Feature", "geometry": {"type": "LineString", "coordinates": [[-27.70079837970863, 65.22180628423453], [-27.704827977888698, 65.22251008105074]]}, "properties": {"source": "4409380", "target": "544149"}}, {"type": "Feature", "geometry": {"type": "LineString", "coordinates": [[-27.70079837970863, 65.22180628423453], [-27.705132111212123, 65.21929859170552]]}, "properties": {"source": "4409380", "target": "51181"}}, {"type": "Feature", "geometry": {"type": "LineString", "coordinates": [[-27.702059084094913, 65.21729874166746], [-27.71600325415804, 65.22492135995205]]}, "properties": {"source": "3270771", "target": "26568783"}}, {"type": "Feature", "geometry": {"type": "LineString", "coordinates": [[-27.702059084094913, 65.21729874166746], [-27.7065402254253, 65.21834441703017]]}, "properties": {"source": "3270771", "target": "10052023"}}, {"type": "Feature", "geometry": {"type": "LineString", "coordinates": [[-27.702059084094913, 65.21729874166746], [-27.668100778608363, 65.22369473988192]]}, "properties": {"source": "3270771", "target": "10265455"}}, {"type": "Feature", "geometry": {"type": "LineString", "coordinates": [[-27.702059084094913, 65.21729874166746], [-27.69535045104169, 65.22259279286959]]}, "properties": {"source": "3270771", "target": "26141253"}}, {"type": "Feature", "geometry": {"type": "LineString", "coordinates": [[-27.702059084094913, 65.21729874166746], [-27.67229204835502, 65.22229264724434]]}, "properties": {"source": "3270771", "target": "35920080"}}, {"type": "Feature", "geometry": {"type": "LineString", "coordinates": [[-27.693981985623566, 65.22628316077993], [-27.66822808897561, 65.21944642677123]]}, "properties": {"source": "1542339", "target": "1539132"}}, {"type": "Feature", "geometry": {"type": "LineString", "coordinates": [[-27.693981985623566, 65.22628316077993], [-27.703595509210885, 65.22221825606164]]}, "properties": {"source": "1542339", "target": "1915893"}}, {"type": "Feature", "geometry": {"type": "LineString", "coordinates": [[-27.711907731976993, 65.21455576914639], [-27.665759482473078, 65.22676124966853]]}, "properties": {"source": "15829361", "target": "14370548"}}, {"type": "Feature", "geometry": {"type": "LineString", "coordinates": [[-27.70699220412527, 65.22731487293912], [-27.66935744175771, 65.21800543760685]]}, "properties": {"source": "17654739", "target": "17307361"}}, {"type": "Feature", "geometry": {"type": "LineString", "coordinates": [[-27.696519646949355, 65.22947205760504], [-27.70912396527561, 65.22269479243747]]}, "properties": {"source": "33876579", "target": "6352230"}}, {"type": "Feature", "geometry": {"type": "LineString", "coordinates": [[-27.6914803351614, 65.2240202544261], [-27.69945064498637, 65.21493416799177]]}, "properties": {"source": "18170949", "target": "20751443"}}, {"type": "Feature", "geometry": {"type": "LineString", "coordinates": [[-27.701861178182355, 65.22871886897995], [-27.688344606815008, 65.2211751802223]]}, "properties": {"source": "30838451", "target": "30166403"}}, {"type": "Feature", "geometry": {"type": "LineString", "coordinates": [[-27.701861178182355, 65.22871886897995], [-27.674035763431732, 65.22880008103337]]}, "properties": {"source": "30838451", "target": "1071555"}}, {"type": "Feature", "geometry": {"type": "LineString", "coordinates": [[-27.674035763431732, 65.22880008103337], [-27.70230639173741, 65.2246810536562]]}, "properties": {"source": "1071555", "target": "34820520"}}, {"type": "Feature", "geometry": {"type": "LineString", "coordinates": [[-27.691873903827712, 65.22770486253525], [-27.70806383329449, 65.21375631081388]]}, "properties": {"source": "33952647", "target": "31424466"}}, {"type": "Feature", "geometry": {"type": "LineString", "coordinates": [[-27.691873903827712, 65.22770486253525], [-27.705033086079396, 65.22532948061824]]}, "properties": {"source": "33952647", "target": "31395277"}}, {"type": "Feature", "geometry": {"type": "LineString", "coordinates": [[-27.666185593926826, 65.21719679586907], [-27.67723548334422, 65.21832770157]]}, "properties": {"source": "6140000", "target": "33412102"}}, {"type": "Feature", "geometry": {"type": "LineString", "coordinates": [[-27.666185593926826, 65.21719679586907], [-27.70686972221131, 65.22206870351039]]}, "properties": {"source": "6140000", "target": "27857985"}}, {"type": "Feature", "geometry": {"type": "LineString", "coordinates": [[-27.715930230719266, 65.21713261072851], [-27.667120221551386, 65.2287632628655]]}, "properties": {"source": "18667955", "target": "976907"}}, {"type": "Feature", "geometry": {"type": "LineString", "coordinates": [[-27.715930230719266, 65.21713261072851], [-27.68880683389932, 65.21383962173078]]}, "properties": {"source": "18667955", "target": "9680855"}}, {"type": "Feature", "geometry": {"type": "LineString", "coordinates": [[-27.68048573010398, 65.21862990423521], [-27.70806383329449, 65.21375631081388]]}, "properties": {"source": "28953453", "target": "31424466"}}, {"type": "Feature", "geometry": {"type": "LineString", "coordinates": [[-27.7002518724681, 65.21883403846152], [-27.673187485708752, 65.21939571761844]]}, "properties": {"source": "3711123", "target": "3232224"}}, {"type": "Feature", "geometry": {"type": "LineString", "coordinates": [[-27.7002518724681, 65.21883403846152], [-27.67599411520257, 65.2215189146744]]}, "properties": {"source": "3711123", "target": "262678"}}, {"type": "Feature", "geometry": {"type": "LineString", "coordinates": [[-27.670495425216956, 65.21532622606524], [-27.692503596884222, 65.21671642199546]]}, "properties": {"source": "30531820", "target": "22318500"}}, {"type": "Feature", "geometry": {"type": "LineString", "coordinates": [[-27.68496701883197, 65.21814036385584], [-27.673187485708752, 65.21939571761844]]}, "properties": {"source": "3601795", "target": "3232224"}}, {"type": "Feature", "geometry": {"type": "LineString", "coordinates": [[-27.68496701883197, 65.21814036385584], [-27.70839986981119, 65.22152752578285]]}, "properties": {"source": "3601795", "target": "55046"}}, {"type": "Feature", "geometry": {"type": "LineString", "coordinates": [[-27.68496701883197, 65.21814036385584], [-27.680849529944368, 65.22438630927707]]}, "properties": {"source": "3601795", "target": "5690728"}}, {"type": "Feature", "geometry": {"type": "LineString", "coordinates": [[-27.703500216859993, 65.22335038573706], [-27.70806383329449, 65.21375631081388]]}, "properties": {"source": "29496534", "target": "31424466"}}, {"type": "Feature", "geometry": {"type": "LineString", "coordinates": [[-27.703500216859993, 65.22335038573706], [-27.705033086079396, 65.22532948061824]]}, "properties": {"source": "29496534", "target": "31395277"}}, {"type": "Feature", "geometry": {"type": "LineString", "coordinates": [[-27.703500216859993, 65.22335038573706], [-27.715505661825063, 65.22709502531306]]}, "properties": {"source": "29496534", "target": "29939069"}}, {"type": "Feature", "geometry": {"type": "LineString", "coordinates": [[-27.69792696874015, 65.22032423104164], [-27.688344606815008, 65.2211751802223]]}, "properties": {"source": "27247588", "target": "30166403"}}, {"type": "Feature", "geometry": {"type": "LineString", "coordinates": [[-27.69792696874015, 65.22032423104164], [-27.71198478397821, 65.2271873021043]]}, "properties": {"source": "27247588", "target": "32761097"}}, {"type": "Feature", "geometry": {"type": "LineString", "coordinates": [[-27.69792696874015, 65.22032423104164], [-27.6866112937293, 65.22223143218739]]}, "properties": {"source": "27247588", "target": "346305"}}, {"type": "Feature", "geometry": {"type": "LineString", "coordinates": [[-27.692345916047515, 65.22147865125734], [-27.687649144902394, 65.22038361167654]]}, "properties": {"source": "7140222", "target": "901801"}}, {"type": "Feature", "geometry": {"type": "LineString", "coordinates": [[-27.692345916047515, 65.22147865125734], [-27.675930738911887, 65.2193668777922]]}, "properties": {"source": "7140222", "target": "23503"}}, {"type": "Feature", "geometry": {"type": "LineString", "coordinates": [[-27.67723548334422, 65.21832770157], [-27.69535045104169, 65.22259279286959]]}, "properties": {"source": "33412102", "target": "26141253"}}, {"type": "Feature", "geometry": {"type": "LineString", "coordinates": [[-27.67723548334422, 65.21832770157], [-27.70686972221131, 65.22206870351039]]}, "properties": {"source": "33412102", "target": "27857985"}}, {"type": "Feature", "geometry": {"type": "LineString", "coordinates": [[-27.67723548334422, 65.21832770157], [-27.69724393039246, 65.21509420306347]]}, "properties": {"source": "33412102", "target": "15736408"}}, {"type": "Feature", "geometry": {"type": "LineString", "coordinates": [[-27.692345916047515, 65.22147865125734], [-27.68686644416576, 65.2183959472687]]}, "properties": {"source": "7140222", "target": "2702646"}}, {"type": "Feature", "geometry": {"type": "LineString", "coordinates": [[-27.666139248979476, 65.22479685734301], [-27.68455428135536, 65.22885623348122]]}, "properties": {"source": "21022240", "target": "21517937"}}, {"type": "Feature", "geometry": {"type": "LineString", "coordinates": [[-27.673243399605326, 65.21890926256012], [-27.675911898076407, 65.21455450858055]]}, "properties": {"source": "1744053", "target": "18692813"}}, {"type": "Feature", "geometry": {"type": "LineString", "coordinates": [[-27.694925422962, 65.2197878994299], [-27.702094513900107, 65.21332193359923]]}, "properties": {"source": "12560033", "target": "14444565"}}, {"type": "Feature", "geometry": {"type": "LineString", "coordinates": [[-27.694925422962, 65.2197878994299], [-27.677063501291343, 65.21367422014418]]}, "properties": {"source": "12560033", "target": "2806724"}}, {"type": "Feature", "geometry": {"type": "LineString", "coordinates": [[-27.694925422962, 65.2197878994299], [-27.66792032708716, 65.2198888044088]]}, "properties": {"source": "12560033", "target": "13839162"}}, {"type": "Feature", "geometry": {"type": "LineString", "coordinates": [[-27.694925422962, 65.2197878994299], [-27.687514713127513, 65.21781852099454]]}, "properties": {"source": "12560033", "target": "8696718"}}, {"type": "Feature", "geometry": {"type": "LineString", "coordinates": [[-27.694925422962, 65.2197878994299], [-27.689678568225986, 65.21866229435547]]}, "properties": {"source": "12560033", "target": "13536540"}}, {"type": "Feature", "geometry": {"type": "LineString", "coordinates": [[-27.685395679004586, 65.21444436121654], [-27.703502138472572, 65.21556049620358]]}, "properties": {"source": "22891784", "target": "23449308"}}, {"type": "Feature", "geometry": {"type": "LineString", "coordinates": [[-27.685395679004586, 65.21444436121654], [-27.675911898076407, 65.21455450858055]]}, "properties": {"source": "22891784", "target": "18692813"}}, {"type": "Feature", "geometry": {"type": "LineString", "coordinates": [[-27.696467353608085, 65.21404061835467], [-27.694375966790346, 65.2209720731276]]}, "properties": {"source": "6699809", "target": "6610914"}}, {"type": "Feature", "geometry": {"type": "LineString", "coordinates": [[-27.696467353608085, 65.21404061835467], [-27.7065402254253, 65.21834441703017]]}, "properties": {"source": "6699809", "target": "10052023"}}, {"type": "Feature", "geometry": {"type": "LineString", "coordinates": [[-27.672218425279198, 65.22639414090357], [-27.68023249961763, 65.22539457835694]]}, "properties": {"source": "21072230", "target": "18804743"}}, {"type": "Feature", "geometry": {"type": "LineString", "coordinates": [[-27.670496652045443, 65.22275300008036], [-27.675083234430133, 65.22509083558148]]}, "properties": {"source": "3582103", "target": "19545826"}}, {"type": "Feature", "geometry": {"type": "LineString", "coordinates": [[-27.70912396527561, 65.22269479243747], [-27.69945064498637, 65.21493416799177]]}, "properties": {"source": "6352230", "target": "20751443"}}, {"type": "Feature", "geometry": {"type": "LineString", "coordinates": [[-27.686652121121938, 65.22676214558948], [-27.68612330153121, 65.21658494348117]]}, "properties": {"source": "31830930", "target": "25024383"}}, {"type": "Feature", "geometry": {"type": "LineString", "coordinates": [[-27.686652121121938, 65.22676214558948], [-27.688344606815008, 65.2211751802223]]}, "properties": {"source": "31830930", "target": "30166403"}}, {"type": "Feature", "geometry": {"type": "LineString", "coordinates": [[-27.66820462267043, 65.21734000694101], [-27.701814934839234, 65.21325529997706]]}, "properties": {"source": "14624369", "target": "10300307"}}, {"type": "Feature", "geometry": {"type": "LineString", "coordinates": [[-27.680861499412515, 65.22906940557263], [-27.676937718348796, 65.22919765483428]]}, "properties": {"source": "6117084", "target": "10533683"}}, {"type": "Feature", "geometry": {"type": "LineString", "coordinates": [[-27.694363983370238, 65.21800957861808], [-27.669195558161448, 65.2292627724513]]}, "properties": {"source": "3333773", "target": "3658494"}}, {"type": "Feature", "geometry": {"type": "LineString", "coordinates": [[-27.694363983370238, 65.21800957861808], [-27.70079837970863, 65.22180628423453]]}, "properties": {"source": "3333773", "target": "4409380"}}, {"type": "Feature", "geometry": {"type": "LineString", "coordinates": [[-27.694363983370238, 65.21800957861808], [-27.670496652045443, 65.22275300008036]]}, "properties": {"source": "3333773", "target": "3582103"}}, {"type": "Feature", "geometry": {"type": "LineString", "coordinates": [[-27.694363983370238, 65.21800957861808], [-27.68071290667271, 65.22013057467382]]}, "properties": {"source": "3333773", "target": "443155"}}, {"type": "Feature", "geometry": {"type": "LineString", "coordinates": [[-27.694363983370238, 65.21800957861808], [-27.685629654940925, 65.2225533624448]]}, "properties": {"source": "3333773", "target": "10224806"}}, {"type": "Feature", "geometry": {"type": "LineString", "coordinates": [[-27.694363983370238, 65.21800957861808], [-27.706469550377847, 65.22509229933287]]}, "properties": {"source": "3333773", "target": "512852"}}, {"type": "Feature", "geometry": {"type": "LineString", "coordinates": [[-27.694363983370238, 65.21800957861808], [-27.69525325107847, 65.22560301733196]]}, "properties": {"source": "3333773", "target": "32491713"}}, {"type": "Feature", "geometry": {"type": "LineString", "coordinates": [[-27.694363983370238, 65.21800957861808], [-27.70696774238249, 65.22531729809035]]}, "properties": {"source": "3333773", "target": "1320517"}}, {"type": "Feature", "geometry": {"type": "LineString", "coordinates": [[-27.694363983370238, 65.21800957861808], [-27.698824301839068, 65.22707455773264]]}, "properties": {"source": "3333773", "target": "1020616"}}, {"type": "Feature", "geometry": {"type": "LineString", "coordinates": [[-27.694363983370238, 65.21800957861808], [-27.671280077234258, 65.21792354546184]]}, "properties": {"source": "3333773", "target": "119923"}}, {"type": "Feature", "geometry": {"type": "LineString", "coordinates": [[-27.694363983370238, 65.21800957861808], [-27.672907348845968, 65.21689386324589]]}, "properties": {"source": "3333773", "target": "426478"}}, {"type": "Feature", "geometry": {"type": "LineString", "coordinates": [[-27.69095741585386, 65.21542987143137], [-27.68455428135536, 65.22885623348122]]}, "properties": {"source": "14902866", "target": "21517937"}}, {"type": "Feature", "geometry": {"type": "LineString", "coordinates": [[-27.69095741585386, 65.21542987143137], [-27.702094513900107, 65.21332193359923]]}, "properties": {"source": "14902866", "target": "14444565"}}, {"type": "Feature", "geometry": {"type": "LineString", "coordinates": [[-27.69095741585386, 65.21542987143137], [-27.694925422962, 65.2197878994299]]}, "properties": {"source": "14902866", "target": "12560033"}}, {"type": "Feature", "geometry": {"type": "LineString", "coordinates": [[-27.7065402254253, 65.21834441703017], [-27.681645375513995, 65.22569749446592]]}, "properties": {"source": "10052023", "target": "15809262"}}, {"type": "Feature", "geometry": {"type": "LineString", "coordinates": [[-27.7065402254253, 65.21834441703017], [-27.711923911881655, 65.22792602957155]]}, "properties": {"source": "10052023", "target": "17054805"}}, {"type": "Feature", "geometry": {"type": "LineString", "coordinates": [[-27.69750095812347, 65.22531217992655], [-27.694375966790346, 65.2209720731276]]}, "properties": {"source": "7726187", "target": "6610914"}}, {"type": "Feature", "geometry": {"type": "LineString", "coordinates": [[-27.69750095812347, 65.22531217992655], [-27.696467353608085, 65.21404061835467]]}, "properties": {"source": "7726187", "target": "6699809"}}, {"type": "Feature", "geometry": {"type": "LineString", "coordinates": [[-27.69750095812347, 65.22531217992655], [-27.70100426275212, 65.22884793587781]]}, "properties": {"source": "7726187", "target": "6345710"}}, {"type": "Feature", "geometry": {"type": "LineString", "coordinates": [[-27.69750095812347, 65.22531217992655], [-27.691844729005197, 65.21435581485899]]}, "properties": {"source": "7726187", "target": "6818999"}}, {"type": "Feature", "geometry": {"type": "LineString", "coordinates": [[-27.69750095812347, 65.22531217992655], [-27.714134347197586, 65.21342235904106]]}, "properties": {"source": "7726187", "target": "631136"}}, {"type": "Feature", "geometry": {"type": "LineString", "coordinates": [[-27.69750095812347, 65.22531217992655], [-27.69659584141985, 65.22565835333776]]}, "properties": {"source": "7726187", "target": "8527559"}}, {"type": "Feature", "geometry": {"type": "LineString", "coordinates": [[-27.69750095812347, 65.22531217992655], [-27.668866547856965, 65.22548446917101]]}, "properties": {"source": "7726187", "target": "9528049"}}, {"type": "Feature", "geometry": {"type": "LineString", "coordinates": [[-27.69750095812347, 65.22531217992655], [-27.691790478772447, 65.2242938583026]]}, "properties": {"source": "7726187", "target": "8687492"}}, {"type": "Feature", "geometry": {"type": "LineString", "coordinates": [[-27.68143495724351, 65.22683977418058], [-27.694375966790346, 65.2209720731276]]}, "properties": {"source": "974375", "target": "6610914"}}, {"type": "Feature", "geometry": {"type": "LineString", "coordinates": [[-27.68143495724351, 65.22683977418058], [-27.680861782419584, 65.21871329219849]]}, "properties": {"source": "974375", "target": "841610"}}, {"type": "Feature", "geometry": {"type": "LineString", "coordinates": [[-27.68143495724351, 65.22683977418058], [-27.711775726805456, 65.22102082800338]]}, "properties": {"source": "974375", "target": "7738028"}}, {"type": "Feature", "geometry": {"type": "LineString", "coordinates": [[-27.68143495724351, 65.22683977418058], [-27.688145676260433, 65.2209527176711]]}, "properties": {"source": "974375", "target": "8740631"}}, {"type": "Feature", "geometry": {"type": "LineString", "coordinates": [[-27.68143495724351, 65.22683977418058], [-27.679074721791352, 65.21870198476049]]}, "properties": {"source": "974375", "target": "16248341"}}, {"type": "Feature", "geometry": {"type": "LineString", "coordinates": [[-27.686652121121938, 65.22676214558948], [-27.693981985623566, 65.22628316077993]]}, "properties": {"source": "31830930", "target": "1542339"}}, {"type": "Feature", "geometry": {"type": "LineString", "coordinates": [[-27.715926232685376, 65.21528841570752], [-27.696519646949355, 65.22947205760504]]}, "properties": {"source": "33876622", "target": "33876579"}}, {"type": "Feature", "geometry": {"type": "LineString", "coordinates": [[-27.68071290667271, 65.22013057467382], [-27.670496652045443, 65.22275300008036]]}, "properties": {"source": "443155", "target": "3582103"}}, {"type": "Feature", "geometry": {"type": "LineString", "coordinates": [[-27.68071290667271, 65.22013057467382], [-27.672907348845968, 65.21689386324589]]}, "properties": {"source": "443155", "target": "426478"}}, {"type": "Feature", "geometry": {"type": "LineString", "coordinates": [[-27.676177210652753, 65.21888065691985], [-27.68311341098746, 65.2274912276225]]}, "properties": {"source": "11176244", "target": "17044455"}}, {"type": "Feature", "geometry": {"type": "LineString", "coordinates": [[-27.676177210652753, 65.21888065691985], [-27.676250243220522, 65.22271232963811]]}, "properties": {"source": "11176244", "target": "14459113"}}, {"type": "Feature", "geometry": {"type": "LineString", "coordinates": [[-27.676177210652753, 65.21888065691985], [-27.67225716887401, 65.21325496832569]]}, "properties": {"source": "11176244", "target": "2186568"}}, {"type": "Feature", "geometry": {"type": "LineString", "coordinates": [[-27.676177210652753, 65.21888065691985], [-27.710120322341652, 65.21994648835481]]}, "properties": {"source": "11176244", "target": "6391881"}}, {"type": "Feature", "geometry": {"type": "LineString", "coordinates": [[-27.676177210652753, 65.21888065691985], [-27.68725080357916, 65.22929550529221]]}, "properties": {"source": "11176244", "target": "6314485"}}, {"type": "Feature", "geometry": {"type": "LineString", "coordinates": [[-27.685629654940925, 65.2225533624448], [-27.68282514940296, 65.2132395012275]]}, "properties": {"source": "10224806", "target": "26631718"}}, {"type": "Feature", "geometry": {"type": "LineString", "coordinates": [[-27.685629654940925, 65.2225533624448], [-27.669195558161448, 65.2292627724513]]}, "properties": {"source": "10224806", "target": "3658494"}}, {"type": "Feature", "geometry": {"type": "LineString", "coordinates": [[-27.685629654940925, 65.2225533624448], [-27.70079837970863, 65.22180628423453]]}, "properties": {"source": "10224806", "target": "4409380"}}, {"type": "Feature", "geometry": {"type": "LineString", "coordinates": [[-27.685629654940925, 65.2225533624448], [-27.678663025162876, 65.22752471606128]]}, "properties": {"source": "10224806", "target": "2361610"}}, {"type": "Feature", "geometry": {"type": "LineString", "coordinates": [[-27.667694134528546, 65.21849819004106], [-27.69244174071366, 65.22627281533336]]}, "properties": {"source": "13108853", "target": "15722775"}}, {"type": "Feature", "geometry": {"type": "LineString", "coordinates": [[-27.667694134528546, 65.21849819004106], [-27.705094845826437, 65.21444012473057]]}, "properties": {"source": "13108853", "target": "1428328"}}, {"type": "Feature", "geometry": {"type": "LineString", "coordinates": [[-27.676177210652753, 65.21888065691985], [-27.693981985623566, 65.22628316077993]]}, "properties": {"source": "11176244", "target": "1542339"}}, {"type": "Feature", "geometry": {"type": "LineString", "coordinates": [[-27.676177210652753, 65.21888065691985], [-27.6772653118511, 65.22867134486452]]}, "properties": {"source": "11176244", "target": "1110228"}}, {"type": "Feature", "geometry": {"type": "LineString", "coordinates": [[-27.7110418688396, 65.22096665749436], [-27.680861782419584, 65.21871329219849]]}, "properties": {"source": "31133427", "target": "841610"}}, {"type": "Feature", "geometry": {"type": "LineString", "coordinates": [[-27.685629654940925, 65.2225533624448], [-27.698824301839068, 65.22707455773264]]}, "properties": {"source": "10224806", "target": "1020616"}}, {"type": "Feature", "geometry": {"type": "LineString", "coordinates": [[-27.71110434590264, 65.2130165473002], [-27.694375966790346, 65.2209720731276]]}, "properties": {"source": "24965386", "target": "6610914"}}, {"type": "Feature", "geometry": {"type": "LineString", "coordinates": [[-27.71110434590264, 65.2130165473002], [-27.666341548548075, 65.22386652004978]]}, "properties": {"source": "24965386", "target": "331076"}}, {"type": "Feature", "geometry": {"type": "LineString", "coordinates": [[-27.71110434590264, 65.2130165473002], [-27.70912396527561, 65.22269479243747]]}, "properties": {"source": "24965386", "target": "6352230"}}, {"type": "Feature", "geometry": {"type": "LineString", "coordinates": [[-27.71110434590264, 65.2130165473002], [-27.69945064498637, 65.21493416799177]]}, "properties": {"source": "24965386", "target": "20751443"}}, {"type": "Feature", "geometry": {"type": "LineString", "coordinates": [[-27.71110434590264, 65.2130165473002], [-27.679074721791352, 65.21870198476049]]}, "properties": {"source": "24965386", "target": "16248341"}}, {"type": "Feature", "geometry": {"type": "LineString", "coordinates": [[-27.711775726805456, 65.22102082800338], [-27.694375966790346, 65.2209720731276]]}, "properties": {"source": "7738028", "target": "6610914"}}, {"type": "Feature", "geometry": {"type": "LineString", "coordinates": [[-27.711775726805456, 65.22102082800338], [-27.666341548548075, 65.22386652004978]]}, "properties": {"source": "7738028", "target": "331076"}}, {"type": "Feature", "geometry": {"type": "LineString", "coordinates": [[-27.711775726805456, 65.22102082800338], [-27.680861782419584, 65.21871329219849]]}, "properties": {"source": "7738028", "target": "841610"}}, {"type": "Feature", "geometry": {"type": "LineString", "coordinates": [[-27.711775726805456, 65.22102082800338], [-27.70335061779585, 65.21709092095001]]}, "properties": {"source": "7738028", "target": "8239980"}}, {"type": "Feature", "geometry": {"type": "LineString", "coordinates": [[-27.711775726805456, 65.22102082800338], [-27.702032838041077, 65.22251914698249]]}, "properties": {"source": "7738028", "target": "7934095"}}, {"type": "Feature", "geometry": {"type": "LineString", "coordinates": [[-27.706469550377847, 65.22509229933287], [-27.68071290667271, 65.22013057467382]]}, "properties": {"source": "512852", "target": "443155"}}, {"type": "Feature", "geometry": {"type": "LineString", "coordinates": [[-27.706469550377847, 65.22509229933287], [-27.704827977888698, 65.22251008105074]]}, "properties": {"source": "512852", "target": "544149"}}, {"type": "Feature", "geometry": {"type": "LineString", "coordinates": [[-27.67748851300493, 65.22164591022046], [-27.70919450335532, 65.21482534829246]]}, "properties": {"source": "2453482", "target": "1955425"}}, {"type": "Feature", "geometry": {"type": "LineString", "coordinates": [[-27.67748851300493, 65.22164591022046], [-27.672908726860243, 65.2265669852369]]}, "properties": {"source": "2453482", "target": "17943008"}}, {"type": "Feature", "geometry": {"type": "LineString", "coordinates": [[-27.692107824933856, 65.21882251850947], [-27.66821722497255, 65.22842474481993]]}, "properties": {"source": "32315187", "target": "1215950"}}, {"type": "Feature", "geometry": {"type": "LineString", "coordinates": [[-27.711907731976993, 65.21455576914639], [-27.694254345886236, 65.2208301912942]]}, "properties": {"source": "15829361", "target": "13323733"}}, {"type": "Feature", "geometry": {"type": "LineString", "coordinates": [[-27.703211389265448, 65.22249435393846], [-27.711923911881655, 65.22792602957155]]}, "properties": {"source": "18332156", "target": "17054805"}}, {"type": "Feature", "geometry": {"type": "LineString", "coordinates": [[-27.703211389265448, 65.22249435393846], [-27.672218425279198, 65.22639414090357]]}, "properties": {"source": "18332156", "target": "21072230"}}, {"type": "Feature", "geometry": {"type": "LineString", "coordinates": [[-27.703211389265448, 65.22249435393846], [-27.697890984802342, 65.22669771689489]]}, "properties": {"source": "18332156", "target": "17593972"}}, {"type": "Feature", "geometry": {"type": "LineString", "coordinates": [[-27.703211389265448, 65.22249435393846], [-27.68023249961763, 65.22539457835694]]}, "properties": {"source": "18332156", "target": "18804743"}}, {"type": "Feature", "geometry": {"type": "LineString", "coordinates": [[-27.703211389265448, 65.22249435393846], [-27.71571639185325, 65.22174247844895]]}, "properties": {"source": "18332156", "target": "20895298"}}, {"type": "Feature", "geometry": {"type": "LineString", "coordinates": [[-27.703211389265448, 65.22249435393846], [-27.66647621740549, 65.22339574792487]]}, "properties": {"source": "18332156", "target": "20895306"}}, {"type": "Feature", "geometry": {"type": "LineString", "coordinates": [[-27.66936153701721, 65.2172795003138], [-27.68282514940296, 65.2132395012275]]}, "properties": {"source": "20620076", "target": "26631718"}}, {"type": "Feature", "geometry": {"type": "LineString", "coordinates": [[-27.66936153701721, 65.2172795003138], [-27.685395679004586, 65.21444436121654]]}, "properties": {"source": "20620076", "target": "22891784"}}, {"type": "Feature", "geometry": {"type": "LineString", "coordinates": [[-27.66936153701721, 65.2172795003138], [-27.703502138472572, 65.21556049620358]]}, "properties": {"source": "20620076", "target": "23449308"}}, {"type": "Feature", "geometry": {"type": "LineString", "coordinates": [[-27.66936153701721, 65.2172795003138], [-27.699762388033662, 65.21884782628703]]}, "properties": {"source": "20620076", "target": "1749932"}}, {"type": "Feature", "geometry": {"type": "LineString", "coordinates": [[-27.66936153701721, 65.2172795003138], [-27.695133880491483, 65.21378110924118]]}, "properties": {"source": "20620076", "target": "19228581"}}, {"type": "Feature", "geometry": {"type": "LineString", "coordinates": [[-27.66936153701721, 65.2172795003138], [-27.70188315917713, 65.21505915017987]]}, "properties": {"source": "20620076", "target": "19278744"}}, {"type": "Feature", "geometry": {"type": "LineString", "coordinates": [[-27.66936153701721, 65.2172795003138], [-27.677831785382608, 65.22897899252254]]}, "properties": {"source": "20620076", "target": "32686921"}}, {"type": "Feature", "geometry": {"type": "LineString", "coordinates": [[-27.66936153701721, 65.2172795003138], [-27.69798689705968, 65.21414036706511]]}, "properties": {"source": "20620076", "target": "21468445"}}, {"type": "Feature", "geometry": {"type": "LineString", "coordinates": [[-27.70642393180114, 65.22865915225405], [-27.665743767773535, 65.21673857138278]]}, "properties": {"source": "4674034", "target": "4876830"}}, {"type": "Feature", "geometry": {"type": "LineString", "coordinates": [[-27.699762388033662, 65.21884782628703], [-27.685395679004586, 65.21444436121654]]}, "properties": {"source": "1749932", "target": "22891784"}}, {"type": "Feature", "geometry": {"type": "LineString", "coordinates": [[-27.69514020595173, 65.21751078080058], [-27.70919450335532, 65.21482534829246]]}, "properties": {"source": "1955423", "target": "1955425"}}, {"type": "Feature", "geometry": {"type": "LineString", "coordinates": [[-27.69514020595173, 65.21751078080058], [-27.672908726860243, 65.2265669852369]]}, "properties": {"source": "1955423", "target": "17943008"}}, {"type": "Feature", "geometry": {"type": "LineString", "coordinates": [[-27.696813751447337, 65.21294978165879], [-27.681645375513995, 65.22569749446592]]}, "properties": {"source": "17118666", "target": "15809262"}}, {"type": "Feature", "geometry": {"type": "LineString", "coordinates": [[-27.696813751447337, 65.21294978165879], [-27.711923911881655, 65.22792602957155]]}, "properties": {"source": "17118666", "target": "17054805"}}, {"type": "Feature", "geometry": {"type": "LineString", "coordinates": [[-27.696813751447337, 65.21294978165879], [-27.697890984802342, 65.22669771689489]]}, "properties": {"source": "17118666", "target": "17593972"}}, {"type": "Feature", "geometry": {"type": "LineString", "coordinates": [[-27.66822808897561, 65.21944642677123], [-27.71198478397821, 65.2271873021043]]}, "properties": {"source": "1539132", "target": "32761097"}}, {"type": "Feature", "geometry": {"type": "LineString", "coordinates": [[-27.66822808897561, 65.21944642677123], [-27.68311341098746, 65.2274912276225]]}, "properties": {"source": "1539132", "target": "17044455"}}, {"type": "Feature", "geometry": {"type": "LineString", "coordinates": [[-27.691844729005197, 65.21435581485899], [-27.694375966790346, 65.2209720731276]]}, "properties": {"source": "6818999", "target": "6610914"}}, {"type": "Feature", "geometry": {"type": "LineString", "coordinates": [[-27.691844729005197, 65.21435581485899], [-27.696467353608085, 65.21404061835467]]}, "properties": {"source": "6818999", "target": "6699809"}}, {"type": "Feature", "geometry": {"type": "LineString", "coordinates": [[-27.69244174071366, 65.22627281533336], [-27.681645375513995, 65.22569749446592]]}, "properties": {"source": "15722775", "target": "15809262"}}, {"type": "Feature", "geometry": {"type": "LineString", "coordinates": [[-27.69244174071366, 65.22627281533336], [-27.702635389859296, 65.22214951405199]]}, "properties": {"source": "15722775", "target": "15946129"}}, {"type": "Feature", "geometry": {"type": "LineString", "coordinates": [[-27.69244174071366, 65.22627281533336], [-27.690410934270375, 65.21950580360274]]}, "properties": {"source": "15722775", "target": "15767096"}}, {"type": "Feature", "geometry": {"type": "LineString", "coordinates": [[-27.69244174071366, 65.22627281533336], [-27.705094845826437, 65.21444012473057]]}, "properties": {"source": "15722775", "target": "1428328"}}, {"type": "Feature", "geometry": {"type": "LineString", "coordinates": [[-27.699762388033662, 65.21884782628703], [-27.677831785382608, 65.22897899252254]]}, "properties": {"source": "1749932", "target": "32686921"}}, {"type": "Feature", "geometry": {"type": "LineString", "coordinates": [[-27.6765383503961, 65.22319161361567], [-27.703211389265448, 65.22249435393846]]}, "properties": {"source": "18123432", "target": "18332156"}}, {"type": "Feature", "geometry": {"type": "LineString", "coordinates": [[-27.669195558161448, 65.2292627724513], [-27.670496652045443, 65.22275300008036]]}, "properties": {"source": "3658494", "target": "3582103"}}, {"type": "Feature", "geometry": {"type": "LineString", "coordinates": [[-27.669195558161448, 65.2292627724513], [-27.68071290667271, 65.22013057467382]]}, "properties": {"source": "3658494", "target": "443155"}}, {"type": "Feature", "geometry": {"type": "LineString", "coordinates": [[-27.669195558161448, 65.2292627724513], [-27.706469550377847, 65.22509229933287]]}, "properties": {"source": "3658494", "target": "512852"}}, {"type": "Feature", "geometry": {"type": "LineString", "coordinates": [[-27.669195558161448, 65.2292627724513], [-27.673187485708752, 65.21939571761844]]}, "properties": {"source": "3658494", "target": "3232224"}}, {"type": "Feature", "geometry": {"type": "LineString", "coordinates": [[-27.669195558161448, 65.2292627724513], [-27.69525325107847, 65.22560301733196]]}, "properties": {"source": "3658494", "target": "32491713"}}, {"type": "Feature", "geometry": {"type": "LineString", "coordinates": [[-27.669195558161448, 65.2292627724513], [-27.70839986981119, 65.22152752578285]]}, "properties": {"source": "3658494", "target": "55046"}}, {"type": "Feature", "geometry": {"type": "LineString", "coordinates": [[-27.669195558161448, 65.2292627724513], [-27.680849529944368, 65.22438630927707]]}, "properties": {"source": "3658494", "target": "5690728"}}, {"type": "Feature", "geometry": {"type": "LineString", "coordinates": [[-27.669195558161448, 65.2292627724513], [-27.698824301839068, 65.22707455773264]]}, "properties": {"source": "3658494", "target": "1020616"}}, {"type": "Feature", "geometry": {"type": "LineString", "coordinates": [[-27.669195558161448, 65.2292627724513], [-27.671280077234258, 65.21792354546184]]}, "properties": {"source": "3658494", "target": "119923"}}, {"type": "Feature", "geometry": {"type": "LineString", "coordinates": [[-27.669195558161448, 65.2292627724513], [-27.672907348845968, 65.21689386324589]]}, "properties": {"source": "3658494", "target": "426478"}}, {"type": "Feature", "geometry": {"type": "LineString", "coordinates": [[-27.702635389859296, 65.22214951405199], [-27.681645375513995, 65.22569749446592]]}, "properties": {"source": "15946129", "target": "15809262"}}, {"type": "Feature", "geometry": {"type": "LineString", "coordinates": [[-27.702635389859296, 65.22214951405199], [-27.711923911881655, 65.22792602957155]]}, "properties": {"source": "15946129", "target": "17054805"}}, {"type": "Feature", "geometry": {"type": "LineString", "coordinates": [[-27.702635389859296, 65.22214951405199], [-27.690410934270375, 65.21950580360274]]}, "properties": {"source": "15946129", "target": "15767096"}}, {"type": "Feature", "geometry": {"type": "LineString", "coordinates": [[-27.67068555650576, 65.2203816783568], [-27.713332054857347, 65.2199393309182]]}, "properties": {"source": "537003", "target": "29493470"}}, {"type": "Feature", "geometry": {"type": "LineString", "coordinates": [[-27.67068555650576, 65.2203816783568], [-27.676937718348796, 65.22919765483428]]}, "properties": {"source": "537003", "target": "10533683"}}, {"type": "Feature", "geometry": {"type": "LineString", "coordinates": [[-27.670382235107184, 65.21404867566893], [-27.669195558161448, 65.2292627724513]]}, "properties": {"source": "3992216", "target": "3658494"}}, {"type": "Feature", "geometry": {"type": "LineString", "coordinates": [[-27.666580334254775, 65.22784809765366], [-27.70806383329449, 65.21375631081388]]}, "properties": {"source": "25703898", "target": "31424466"}}, {"type": "Feature", "geometry": {"type": "LineString", "coordinates": [[-27.666580334254775, 65.22784809765366], [-27.680861499412515, 65.22906940557263]]}, "properties": {"source": "25703898", "target": "6117084"}}, {"type": "Feature", "geometry": {"type": "LineString", "coordinates": [[-27.666580334254775, 65.22784809765366], [-27.70919450335532, 65.21482534829246]]}, "properties": {"source": "25703898", "target": "1955425"}}, {"type": "Feature", "geometry": {"type": "LineString", "coordinates": [[-27.666580334254775, 65.22784809765366], [-27.688589606854805, 65.22672469510826]]}, "properties": {"source": "25703898", "target": "1955426"}}, {"type": "Feature", "geometry": {"type": "LineString", "coordinates": [[-27.6656840808854, 65.21853373363672], [-27.70806383329449, 65.21375631081388]]}, "properties": {"source": "7114719", "target": "31424466"}}, {"type": "Feature", "geometry": {"type": "LineString", "coordinates": [[-27.6656840808854, 65.21853373363672], [-27.70919450335532, 65.21482534829246]]}, "properties": {"source": "7114719", "target": "1955425"}}, {"type": "Feature", "geometry": {"type": "LineString", "coordinates": [[-27.6656840808854, 65.21853373363672], [-27.687688054040393, 65.21878443291364]]}, "properties": {"source": "7114719", "target": "19252846"}}, {"type": "Feature", "geometry": {"type": "LineString", "coordinates": [[-27.6656840808854, 65.21853373363672], [-27.688589606854805, 65.22672469510826]]}, "properties": {"source": "7114719", "target": "1955426"}}, {"type": "Feature", "geometry": {"type": "LineString", "coordinates": [[-27.66797797476346, 65.21874224165548], [-27.694375966790346, 65.2209720731276]]}, "properties": {"source": "1488301", "target": "6610914"}}, {"type": "Feature", "geometry": {"type": "LineString", "coordinates": [[-27.66797797476346, 65.21874224165548], [-27.666341548548075, 65.22386652004978]]}, "properties": {"source": "1488301", "target": "331076"}}, {"type": "Feature", "geometry": {"type": "LineString", "coordinates": [[-27.66797797476346, 65.21874224165548], [-27.69945064498637, 65.21493416799177]]}, "properties": {"source": "1488301", "target": "20751443"}}, {"type": "Feature", "geometry": {"type": "LineString", "coordinates": [[-27.66797797476346, 65.21874224165548], [-27.68143495724351, 65.22683977418058]]}, "properties": {"source": "1488301", "target": "974375"}}, {"type": "Feature", "geometry": {"type": "LineString", "coordinates": [[-27.66797797476346, 65.21874224165548], [-27.701335599446395, 65.21564058236143]]}, "properties": {"source": "1488301", "target": "2045926"}}, {"type": "Feature", "geometry": {"type": "LineString", "coordinates": [[-27.687825016127533, 65.22663066470943], [-27.68455428135536, 65.22885623348122]]}, "properties": {"source": "11222821", "target": "21517937"}}, {"type": "Feature", "geometry": {"type": "LineString", "coordinates": [[-27.666580334254775, 65.22784809765366], [-27.67068555650576, 65.2203816783568]]}, "properties": {"source": "25703898", "target": "537003"}}, {"type": "Feature", "geometry": {"type": "LineString", "coordinates": [[-27.695988474808587, 65.22390801235512], [-27.690271433341167, 65.21847099206465]]}, "properties": {"source": "16138031", "target": "16138043"}}, {"type": "Feature", "geometry": {"type": "LineString", "coordinates": [[-27.67865496097957, 65.22178004628229], [-27.696467353608085, 65.21404061835467]]}, "properties": {"source": "1069862", "target": "6699809"}}, {"type": "Feature", "geometry": {"type": "LineString", "coordinates": [[-27.67865496097957, 65.22178004628229], [-27.7065402254253, 65.21834441703017]]}, "properties": {"source": "1069862", "target": "10052023"}}, {"type": "Feature", "geometry": {"type": "LineString", "coordinates": [[-27.67865496097957, 65.22178004628229], [-27.71336397678425, 65.21822792150252]]}, "properties": {"source": "1069862", "target": "1016909"}}, {"type": "Feature", "geometry": {"type": "LineString", "coordinates": [[-27.67865496097957, 65.22178004628229], [-27.668100778608363, 65.22369473988192]]}, "properties": {"source": "1069862", "target": "10265455"}}, {"type": "Feature", "geometry": {"type": "LineString", "coordinates": [[-27.711907731976993, 65.21455576914639], [-27.681645375513995, 65.22569749446592]]}, "properties": {"source": "15829361", "target": "15809262"}}, {"type": "Feature", "geometry": {"type": "LineString", "coordinates": [[-27.711907731976993, 65.21455576914639], [-27.702635389859296, 65.22214951405199]]}, "properties": {"source": "15829361", "target": "15946129"}}, {"type": "Feature", "geometry": {"type": "LineString", "coordinates": [[-27.711907731976993, 65.21455576914639], [-27.711923911881655, 65.22792602957155]]}, "properties": {"source": "15829361", "target": "17054805"}}, {"type": "Feature", "geometry": {"type": "LineString", "coordinates": [[-27.711907731976993, 65.21455576914639], [-27.697064065553263, 65.21339639338794]]}, "properties": {"source": "15829361", "target": "17125607"}}, {"type": "Feature", "geometry": {"type": "LineString", "coordinates": [[-27.711907731976993, 65.21455576914639], [-27.673414111889343, 65.21779224927612]]}, "properties": {"source": "15829361", "target": "14806299"}}, {"type": "Feature", "geometry": {"type": "LineString", "coordinates": [[-27.711907731976993, 65.21455576914639], [-27.690410934270375, 65.21950580360274]]}, "properties": {"source": "15829361", "target": "15767096"}}, {"type": "Feature", "geometry": {"type": "LineString", "coordinates": [[-27.711907731976993, 65.21455576914639], [-27.695988474808587, 65.22390801235512]]}, "properties": {"source": "15829361", "target": "16138031"}}, {"type": "Feature", "geometry": {"type": "LineString", "coordinates": [[-27.711907731976993, 65.21455576914639], [-27.70827443236695, 65.22236372749197]]}, "properties": {"source": "15829361", "target": "10769674"}}, {"type": "Feature", "geometry": {"type": "LineString", "coordinates": [[-27.711907731976993, 65.21455576914639], [-27.66820462267043, 65.21734000694101]]}, "properties": {"source": "15829361", "target": "14624369"}}, {"type": "Feature", "geometry": {"type": "LineString", "coordinates": [[-27.711907731976993, 65.21455576914639], [-27.701814934839234, 65.21325529997706]]}, "properties": {"source": "15829361", "target": "10300307"}}, {"type": "Feature", "geometry": {"type": "LineString", "coordinates": [[-27.67865496097957, 65.22178004628229], [-27.667694134528546, 65.21849819004106]]}, "properties": {"source": "1069862", "target": "13108853"}}, {"type": "Feature", "geometry": {"type": "LineString", "coordinates": [[-27.680861499412515, 65.22906940557263], [-27.713332054857347, 65.2199393309182]]}, "properties": {"source": "6117084", "target": "29493470"}}, {"type": "Feature", "geometry": {"type": "LineString", "coordinates": [[-27.68282514940296, 65.2132395012275], [-27.685395679004586, 65.21444436121654]]}, "properties": {"source": "26631718", "target": "22891784"}}, {"type": "Feature", "geometry": {"type": "LineString", "coordinates": [[-27.68282514940296, 65.2132395012275], [-27.670496652045443, 65.22275300008036]]}, "properties": {"source": "26631718", "target": "3582103"}}, {"type": "Feature", "geometry": {"type": "LineString", "coordinates": [[-27.68282514940296, 65.2132395012275], [-27.703502138472572, 65.21556049620358]]}, "properties": {"source": "26631718", "target": "23449308"}}, {"type": "Feature", "geometry": {"type": "LineString", "coordinates": [[-27.68282514940296, 65.2132395012275], [-27.678663025162876, 65.22752471606128]]}, "properties": {"source": "26631718", "target": "2361610"}}, {"type": "Feature", "geometry": {"type": "LineString", "coordinates": [[-27.68282514940296, 65.2132395012275], [-27.69535045104169, 65.22259279286959]]}, "properties": {"source": "26631718", "target": "26141253"}}, {"type": "Feature", "geometry": {"type": "LineString", "coordinates": [[-27.68282514940296, 65.2132395012275], [-27.706123985283824, 65.22363300230647]]}, "properties": {"source": "26631718", "target": "13707577"}}, {"type": "Feature", "geometry": {"type": "LineString", "coordinates": [[-27.68282514940296, 65.2132395012275], [-27.675911898076407, 65.21455450858055]]}, "properties": {"source": "26631718", "target": "18692813"}}, {"type": "Feature", "geometry": {"type": "LineString", "coordinates": [[-27.68282514940296, 65.2132395012275], [-27.679613884469916, 65.22603728004235]]}, "properties": {"source": "26631718", "target": "23291994"}}, {"type": "Feature", "geometry": {"type": "LineString", "coordinates": [[-27.67068555650576, 65.2203816783568], [-27.694375966790346, 65.2209720731276]]}, "properties": {"source": "537003", "target": "6610914"}}, {"type": "Feature", "geometry": {"type": "LineString", "coordinates": [[-27.67068555650576, 65.2203816783568], [-27.702059084094913, 65.21729874166746]]}, "properties": {"source": "537003", "target": "3270771"}}, {"type": "Feature", "geometry": {"type": "LineString", "coordinates": [[-27.67068555650576, 65.2203816783568], [-27.70919450335532, 65.21482534829246]]}, "properties": {"source": "537003", "target": "1955425"}}, {"type": "Feature", "geometry": {"type": "LineString", "coordinates": [[-27.67068555650576, 65.2203816783568], [-27.696467353608085, 65.21404061835467]]}, "properties": {"source": "537003", "target": "6699809"}}, {"type": "Feature", "geometry": {"type": "LineString", "coordinates": [[-27.67068555650576, 65.2203816783568], [-27.672908726860243, 65.2265669852369]]}, "properties": {"source": "537003", "target": "17943008"}}, {"type": "Feature", "geometry": {"type": "LineString", "coordinates": [[-27.67068555650576, 65.2203816783568], [-27.67748851300493, 65.22164591022046]]}, "properties": {"source": "537003", "target": "2453482"}}, {"type": "Feature", "geometry": {"type": "LineString", "coordinates": [[-27.68282514940296, 65.2132395012275], [-27.695639273142604, 65.21871880506792]]}, "properties": {"source": "26631718", "target": "2465933"}}, {"type": "Feature", "geometry": {"type": "LineString", "coordinates": [[-27.67068555650576, 65.2203816783568], [-27.691844729005197, 65.21435581485899]]}, "properties": {"source": "537003", "target": "6818999"}}, {"type": "Feature", "geometry": {"type": "LineString", "coordinates": [[-27.686652121121938, 65.22676214558948], [-27.71198478397821, 65.2271873021043]]}, "properties": {"source": "31830930", "target": "32761097"}}, {"type": "Feature", "geometry": {"type": "LineString", "coordinates": [[-27.686652121121938, 65.22676214558948], [-27.6866112937293, 65.22223143218739]]}, "properties": {"source": "31830930", "target": "346305"}}, {"type": "Feature", "geometry": {"type": "LineString", "coordinates": [[-27.686652121121938, 65.22676214558948], [-27.69792696874015, 65.22032423104164]]}, "properties": {"source": "31830930", "target": "27247588"}}, {"type": "Feature", "geometry": {"type": "LineString", "coordinates": [[-27.686652121121938, 65.22676214558948], [-27.68036134534745, 65.22512836591888]]}, "properties": {"source": "31830930", "target": "25658517"}}, {"type": "Feature", "geometry": {"type": "LineString", "coordinates": [[-27.686652121121938, 65.22676214558948], [-27.682487042928187, 65.22279745977069]]}, "properties": {"source": "31830930", "target": "26783235"}}, {"type": "Feature", "geometry": {"type": "LineString", "coordinates": [[-27.686652121121938, 65.22676214558948], [-27.701970424831785, 65.22662726420045]]}, "properties": {"source": "31830930", "target": "22472916"}}, {"type": "Feature", "geometry": {"type": "LineString", "coordinates": [[-27.687688054040393, 65.21878443291364], [-27.70806383329449, 65.21375631081388]]}, "properties": {"source": "19252846", "target": "31424466"}}, {"type": "Feature", "geometry": {"type": "LineString", "coordinates": [[-27.70642393180114, 65.22865915225405], [-27.68282514940296, 65.2132395012275]]}, "properties": {"source": "4674034", "target": "26631718"}}, {"type": "Feature", "geometry": {"type": "LineString", "coordinates": [[-27.70642393180114, 65.22865915225405], [-27.66936153701721, 65.2172795003138]]}, "properties": {"source": "4674034", "target": "20620076"}}, {"type": "Feature", "geometry": {"type": "LineString", "coordinates": [[-27.70642393180114, 65.22865915225405], [-27.673243399605326, 65.21890926256012]]}, "properties": {"source": "4674034", "target": "1744053"}}, {"type": "Feature", "geometry": {"type": "LineString", "coordinates": [[-27.70642393180114, 65.22865915225405], [-27.685395679004586, 65.21444436121654]]}, "properties": {"source": "4674034", "target": "22891784"}}, {"type": "Feature", "geometry": {"type": "LineString", "coordinates": [[-27.70642393180114, 65.22865915225405], [-27.703502138472572, 65.21556049620358]]}, "properties": {"source": "4674034", "target": "23449308"}}, {"type": "Feature", "geometry": {"type": "LineString", "coordinates": [[-27.70642393180114, 65.22865915225405], [-27.699762388033662, 65.21884782628703]]}, "properties": {"source": "4674034", "target": "1749932"}}, {"type": "Feature", "geometry": {"type": "LineString", "coordinates": [[-27.70642393180114, 65.22865915225405], [-27.673799131993803, 65.22377493985424]]}, "properties": {"source": "4674034", "target": "28188202"}}, {"type": "Feature", "geometry": {"type": "LineString", "coordinates": [[-27.70642393180114, 65.22865915225405], [-27.677831785382608, 65.22897899252254]]}, "properties": {"source": "4674034", "target": "32686921"}}, {"type": "Feature", "geometry": {"type": "LineString", "coordinates": [[-27.67865496097957, 65.22178004628229], [-27.702059084094913, 65.21729874166746]]}, "properties": {"source": "1069862", "target": "3270771"}}, {"type": "Feature", "geometry": {"type": "LineString", "coordinates": [[-27.7110418688396, 65.22096665749436], [-27.701335599446395, 65.21564058236143]]}, "properties": {"source": "31133427", "target": "2045926"}}, {"type": "Feature", "geometry": {"type": "LineString", "coordinates": [[-27.7110418688396, 65.22096665749436], [-27.71110434590264, 65.2130165473002]]}, "properties": {"source": "31133427", "target": "24965386"}}, {"type": "Feature", "geometry": {"type": "LineString", "coordinates": [[-27.7110418688396, 65.22096665749436], [-27.66654009217521, 65.22757104828887]]}, "properties": {"source": "31133427", "target": "297391"}}, {"type": "Feature", "geometry": {"type": "LineString", "coordinates": [[-27.7110418688396, 65.22096665749436], [-27.698464698415478, 65.2129471825101]]}, "properties": {"source": "31133427", "target": "25060140"}}, {"type": "Feature", "geometry": {"type": "LineString", "coordinates": [[-27.71209974483844, 65.22475070822595], [-27.711923911881655, 65.22792602957155]]}, "properties": {"source": "18300298", "target": "17054805"}}, {"type": "Feature", "geometry": {"type": "LineString", "coordinates": [[-27.71209974483844, 65.22475070822595], [-27.697890984802342, 65.22669771689489]]}, "properties": {"source": "18300298", "target": "17593972"}}, {"type": "Feature", "geometry": {"type": "LineString", "coordinates": [[-27.71209974483844, 65.22475070822595], [-27.696813751447337, 65.21294978165879]]}, "properties": {"source": "18300298", "target": "17118666"}}, {"type": "Feature", "geometry": {"type": "LineString", "coordinates": [[-27.71209974483844, 65.22475070822595], [-27.704335214857508, 65.22804251446068]]}, "properties": {"source": "18300298", "target": "17593978"}}, {"type": "Feature", "geometry": {"type": "LineString", "coordinates": [[-27.697890984802342, 65.22669771689489], [-27.702635389859296, 65.22214951405199]]}, "properties": {"source": "17593972", "target": "15946129"}}, {"type": "Feature", "geometry": {"type": "LineString", "coordinates": [[-27.697890984802342, 65.22669771689489], [-27.711923911881655, 65.22792602957155]]}, "properties": {"source": "17593972", "target": "17054805"}}, {"type": "Feature", "geometry": {"type": "LineString", "coordinates": [[-27.697890984802342, 65.22669771689489], [-27.704335214857508, 65.22804251446068]]}, "properties": {"source": "17593972", "target": "17593978"}}, {"type": "Feature", "geometry": {"type": "LineString", "coordinates": [[-27.680861782419584, 65.21871329219849], [-27.694375966790346, 65.2209720731276]]}, "properties": {"source": "841610", "target": "6610914"}}, {"type": "Feature", "geometry": {"type": "LineString", "coordinates": [[-27.680861782419584, 65.21871329219849], [-27.666341548548075, 65.22386652004978]]}, "properties": {"source": "841610", "target": "331076"}}, {"type": "Feature", "geometry": {"type": "LineString", "coordinates": [[-27.680861782419584, 65.21871329219849], [-27.70335061779585, 65.21709092095001]]}, "properties": {"source": "841610", "target": "8239980"}}, {"type": "Feature", "geometry": {"type": "LineString", "coordinates": [[-27.680861782419584, 65.21871329219849], [-27.702032838041077, 65.22251914698249]]}, "properties": {"source": "841610", "target": "7934095"}}, {"type": "Feature", "geometry": {"type": "LineString", "coordinates": [[-27.666139248979476, 65.22479685734301], [-27.688485406009903, 65.22754149265947]]}, "properties": {"source": "21022240", "target": "20997796"}}, {"type": "Feature", "geometry": {"type": "LineString", "coordinates": [[-27.697064065553263, 65.21339639338794], [-27.696813751447337, 65.21294978165879]]}, "properties": {"source": "17125607", "target": "17118666"}}, {"type": "Feature", "geometry": {"type": "LineString", "coordinates": [[-27.697064065553263, 65.21339639338794], [-27.704335214857508, 65.22804251446068]]}, "properties": {"source": "17125607", "target": "17593978"}}, {"type": "Feature", "geometry": {"type": "LineString", "coordinates": [[-27.697064065553263, 65.21339639338794], [-27.68991754106699, 65.21605402630574]]}, "properties": {"source": "17125607", "target": "17255653"}}, {"type": "Feature", "geometry": {"type": "LineString", "coordinates": [[-27.71600325415804, 65.22492135995205], [-27.7065402254253, 65.21834441703017]]}, "properties": {"source": "26568783", "target": "10052023"}}, {"type": "Feature", "geometry": {"type": "LineString", "coordinates": [[-27.71600325415804, 65.22492135995205], [-27.67229204835502, 65.22229264724434]]}, "properties": {"source": "26568783", "target": "35920080"}}, {"type": "Feature", "geometry": {"type": "LineString", "coordinates": [[-27.680861499412515, 65.22906940557263], [-27.70806383329449, 65.21375631081388]]}, "properties": {"source": "6117084", "target": "31424466"}}, {"type": "Feature", "geometry": {"type": "LineString", "coordinates": [[-27.680861499412515, 65.22906940557263], [-27.70919450335532, 65.21482534829246]]}, "properties": {"source": "6117084", "target": "1955425"}}, {"type": "Feature", "geometry": {"type": "LineString", "coordinates": [[-27.680861499412515, 65.22906940557263], [-27.687688054040393, 65.21878443291364]]}, "properties": {"source": "6117084", "target": "19252846"}}, {"type": "Feature", "geometry": {"type": "LineString", "coordinates": [[-27.680861499412515, 65.22906940557263], [-27.688589606854805, 65.22672469510826]]}, "properties": {"source": "6117084", "target": "1955426"}}, {"type": "Feature", "geometry": {"type": "LineString", "coordinates": [[-27.680861499412515, 65.22906940557263], [-27.672908726860243, 65.2265669852369]]}, "properties": {"source": "6117084", "target": "17943008"}}, {"type": "Feature", "geometry": {"type": "LineString", "coordinates": [[-27.680861499412515, 65.22906940557263], [-27.67748851300493, 65.22164591022046]]}, "properties": {"source": "6117084", "target": "2453482"}}, {"type": "Feature", "geometry": {"type": "LineString", "coordinates": [[-27.680861499412515, 65.22906940557263], [-27.69514020595173, 65.21751078080058]]}, "properties": {"source": "6117084", "target": "1955423"}}, {"type": "Feature", "geometry": {"type": "LineString", "coordinates": [[-27.680861499412515, 65.22906940557263], [-27.6656840808854, 65.21853373363672]]}, "properties": {"source": "6117084", "target": "7114719"}}, {"type": "Feature", "geometry": {"type": "LineString", "coordinates": [[-27.680861499412515, 65.22906940557263], [-27.70135657050261, 65.21857691376538]]}, "properties": {"source": "6117084", "target": "18104110"}}, {"type": "Feature", "geometry": {"type": "LineString", "coordinates": [[-27.680861499412515, 65.22906940557263], [-27.67068555650576, 65.2203816783568]]}, "properties": {"source": "6117084", "target": "537003"}}, {"type": "Feature", "geometry": {"type": "LineString", "coordinates": [[-27.694423807868617, 65.21585100409173], [-27.696467353608085, 65.21404061835467]]}, "properties": {"source": "10842023", "target": "6699809"}}, {"type": "Feature", "geometry": {"type": "LineString", "coordinates": [[-27.702059084094913, 65.21729874166746], [-27.709468179058547, 65.2132393112965]]}, "properties": {"source": "3270771", "target": "553476"}}, {"type": "Feature", "geometry": {"type": "LineString", "coordinates": [[-27.675286170711246, 65.21670363181401], [-27.68455428135536, 65.22885623348122]]}, "properties": {"source": "11941027", "target": "21517937"}}, {"type": "Feature", "geometry": {"type": "LineString", "coordinates": [[-27.675286170711246, 65.21670363181401], [-27.69095741585386, 65.21542987143137]]}, "properties": {"source": "11941027", "target": "14902866"}}, {"type": "Feature", "geometry": {"type": "LineString", "coordinates": [[-27.675286170711246, 65.21670363181401], [-27.702094513900107, 65.21332193359923]]}, "properties": {"source": "11941027", "target": "14444565"}}, {"type": "Feature", "geometry": {"type": "LineString", "coordinates": [[-27.675286170711246, 65.21670363181401], [-27.694925422962, 65.2197878994299]]}, "properties": {"source": "11941027", "target": "12560033"}}, {"type": "Feature", "geometry": {"type": "LineString", "coordinates": [[-27.675286170711246, 65.21670363181401], [-27.702385975327388, 65.2193574025701]]}, "properties": {"source": "11941027", "target": "217152"}}, {"type": "Feature", "geometry": {"type": "LineString", "coordinates": [[-27.675286170711246, 65.21670363181401], [-27.677063501291343, 65.21367422014418]]}, "properties": {"source": "11941027", "target": "2806724"}}, {"type": "Feature", "geometry": {"type": "LineString", "coordinates": [[-27.675286170711246, 65.21670363181401], [-27.687825016127533, 65.22663066470943]]}, "properties": {"source": "11941027", "target": "11222821"}}, {"type": "Feature", "geometry": {"type": "LineString", "coordinates": [[-27.675286170711246, 65.21670363181401], [-27.66792032708716, 65.2198888044088]]}, "properties": {"source": "11941027", "target": "13839162"}}, {"type": "Feature", "geometry": {"type": "LineString", "coordinates": [[-27.675286170711246, 65.21670363181401], [-27.687514713127513, 65.21781852099454]]}, "properties": {"source": "11941027", "target": "8696718"}}, {"type": "Feature", "geometry": {"type": "LineString", "coordinates": [[-27.675286170711246, 65.21670363181401], [-27.689678568225986, 65.21866229435547]]}, "properties": {"source": "11941027", "target": "13536540"}}, {"type": "Feature", "geometry": {"type": "LineString", "coordinates": [[-27.675286170711246, 65.21670363181401], [-27.696571571066045, 65.21315432230324]]}, "properties": {"source": "11941027", "target": "11786147"}}, {"type": "Feature", "geometry": {"type": "LineString", "coordinates": [[-27.6866112937293, 65.22223143218739], [-27.688344606815008, 65.2211751802223]]}, "properties": {"source": "346305", "target": "30166403"}}, {"type": "Feature", "geometry": {"type": "LineString", "coordinates": [[-27.6866112937293, 65.22223143218739], [-27.71198478397821, 65.2271873021043]]}, "properties": {"source": "346305", "target": "32761097"}}, {"type": "Feature", "geometry": {"type": "LineString", "coordinates": [[-27.6866112937293, 65.22223143218739], [-27.693981985623566, 65.22628316077993]]}, "properties": {"source": "346305", "target": "1542339"}}, {"type": "Feature", "geometry": {"type": "LineString", "coordinates": [[-27.68496701883197, 65.21814036385584], [-27.669195558161448, 65.2292627724513]]}, "properties": {"source": "3601795", "target": "3658494"}}, {"type": "Feature", "geometry": {"type": "LineString", "coordinates": [[-27.670382235107184, 65.21404867566893], [-27.70079837970863, 65.22180628423453]]}, "properties": {"source": "3992216", "target": "4409380"}}, {"type": "Feature", "geometry": {"type": "LineString", "coordinates": [[-27.670382235107184, 65.21404867566893], [-27.691899999682562, 65.21766011974132]]}, "properties": {"source": "3992216", "target": "3533554"}}, {"type": "Feature", "geometry": {"type": "LineString", "coordinates": [[-27.670382235107184, 65.21404867566893], [-27.68071290667271, 65.22013057467382]]}, "properties": {"source": "3992216", "target": "443155"}}, {"type": "Feature", "geometry": {"type": "LineString", "coordinates": [[-27.670382235107184, 65.21404867566893], [-27.706469550377847, 65.22509229933287]]}, "properties": {"source": "3992216", "target": "512852"}}, {"type": "Feature", "geometry": {"type": "LineString", "coordinates": [[-27.684936178343833, 65.21431450268332], [-27.71198478397821, 65.2271873021043]]}, "properties": {"source": "139391", "target": "32761097"}}, {"type": "Feature", "geometry": {"type": "LineString", "coordinates": [[-27.684936178343833, 65.21431450268332], [-27.6866112937293, 65.22223143218739]]}, "properties": {"source": "139391", "target": "346305"}}, {"type": "Feature", "geometry": {"type": "LineString", "coordinates": [[-27.684936178343833, 65.21431450268332], [-27.68311341098746, 65.2274912276225]]}, "properties": {"source": "139391", "target": "17044455"}}, {"type": "Feature", "geometry": {"type": "LineString", "coordinates": [[-27.684936178343833, 65.21431450268332], [-27.709571466031605, 65.21403005582387]]}, "properties": {"source": "139391", "target": "171443"}}, {"type": "Feature", "geometry": {"type": "LineString", "coordinates": [[-27.688145676260433, 65.2209527176711], [-27.694375966790346, 65.2209720731276]]}, "properties": {"source": "8740631", "target": "6610914"}}, {"type": "Feature", "geometry": {"type": "LineString", "coordinates": [[-27.688145676260433, 65.2209527176711], [-27.666341548548075, 65.22386652004978]]}, "properties": {"source": "8740631", "target": "331076"}}, {"type": "Feature", "geometry": {"type": "LineString", "coordinates": [[-27.688145676260433, 65.2209527176711], [-27.680861782419584, 65.21871329219849]]}, "properties": {"source": "8740631", "target": "841610"}}, {"type": "Feature", "geometry": {"type": "LineString", "coordinates": [[-27.688145676260433, 65.2209527176711], [-27.711775726805456, 65.22102082800338]]}, "properties": {"source": "8740631", "target": "7738028"}}, {"type": "Feature", "geometry": {"type": "LineString", "coordinates": [[-27.688145676260433, 65.2209527176711], [-27.70335061779585, 65.21709092095001]]}, "properties": {"source": "8740631", "target": "8239980"}}, {"type": "Feature", "geometry": {"type": "LineString", "coordinates": [[-27.670382235107184, 65.21404867566893], [-27.694363983370238, 65.21800957861808]]}, "properties": {"source": "3992216", "target": "3333773"}}, {"type": "Feature", "geometry": {"type": "LineString", "coordinates": [[-27.684936178343833, 65.21431450268332], [-27.693981985623566, 65.22628316077993]]}, "properties": {"source": "139391", "target": "1542339"}}, {"type": "Feature", "geometry": {"type": "LineString", "coordinates": [[-27.69095741585386, 65.21542987143137], [-27.702385975327388, 65.2193574025701]]}, "properties": {"source": "14902866", "target": "217152"}}, {"type": "Feature", "geometry": {"type": "LineString", "coordinates": [[-27.674577931043302, 65.22324015613403], [-27.692345916047515, 65.22147865125734]]}, "properties": {"source": "2402259", "target": "7140222"}}, {"type": "Feature", "geometry": {"type": "LineString", "coordinates": [[-27.674577931043302, 65.22324015613403], [-27.675930738911887, 65.2193668777922]]}, "properties": {"source": "2402259", "target": "23503"}}, {"type": "Feature", "geometry": {"type": "LineString", "coordinates": [[-27.70592177851148, 65.22247889363562], [-27.670496652045443, 65.22275300008036]]}, "properties": {"source": "410130", "target": "3582103"}}, {"type": "Feature", "geometry": {"type": "LineString", "coordinates": [[-27.70592177851148, 65.22247889363562], [-27.675083234430133, 65.22509083558148]]}, "properties": {"source": "410130", "target": "19545826"}}, {"type": "Feature", "geometry": {"type": "LineString", "coordinates": [[-27.71647582487725, 65.22698642438142], [-27.688344606815008, 65.2211751802223]]}, "properties": {"source": "34232706", "target": "30166403"}}, {"type": "Feature", "geometry": {"type": "LineString", "coordinates": [[-27.71647582487725, 65.22698642438142], [-27.71198478397821, 65.2271873021043]]}, "properties": {"source": "34232706", "target": "32761097"}}, {"type": "Feature", "geometry": {"type": "LineString", "coordinates": [[-27.668866547856965, 65.22548446917101], [-27.691790478772447, 65.2242938583026]]}, "properties": {"source": "9528049", "target": "8687492"}}, {"type": "Feature", "geometry": {"type": "LineString", "coordinates": [[-27.667738310850808, 65.21520115480989], [-27.70912396527561, 65.22269479243747]]}, "properties": {"source": "6055190", "target": "6352230"}}, {"type": "Feature", "geometry": {"type": "LineString", "coordinates": [[-27.667738310850808, 65.21520115480989], [-27.715926232685376, 65.21528841570752]]}, "properties": {"source": "6055190", "target": "33876622"}}, {"type": "Feature", "geometry": {"type": "LineString", "coordinates": [[-27.667738310850808, 65.21520115480989], [-27.696519646949355, 65.22947205760504]]}, "properties": {"source": "6055190", "target": "33876579"}}, {"type": "Feature", "geometry": {"type": "LineString", "coordinates": [[-27.690271433341167, 65.21847099206465], [-27.66820462267043, 65.21734000694101]]}, "properties": {"source": "16138043", "target": "14624369"}}, {"type": "Feature", "geometry": {"type": "LineString", "coordinates": [[-27.704827977888698, 65.22251008105074], [-27.705132111212123, 65.21929859170552]]}, "properties": {"source": "544149", "target": "51181"}}, {"type": "Feature", "geometry": {"type": "LineString", "coordinates": [[-27.68880683389932, 65.21383962173078], [-27.667120221551386, 65.2287632628655]]}, "properties": {"source": "9680855", "target": "976907"}}, {"type": "Feature", "geometry": {"type": "LineString", "coordinates": [[-27.715926232685376, 65.21528841570752], [-27.70912396527561, 65.22269479243747]]}, "properties": {"source": "33876622", "target": "6352230"}}, {"type": "Feature", "geometry": {"type": "LineString", "coordinates": [[-27.674577931043302, 65.22324015613403], [-27.68686644416576, 65.2183959472687]]}, "properties": {"source": "2402259", "target": "2702646"}}, {"type": "Feature", "geometry": {"type": "LineString", "coordinates": [[-27.6866112937293, 65.22223143218739], [-27.66822808897561, 65.21944642677123]]}, "properties": {"source": "346305", "target": "1539132"}}, {"type": "Feature", "geometry": {"type": "LineString", "coordinates": [[-27.68455428135536, 65.22885623348122], [-27.703211389265448, 65.22249435393846]]}, "properties": {"source": "21517937", "target": "18332156"}}, {"type": "Feature", "geometry": {"type": "LineString", "coordinates": [[-27.68455428135536, 65.22885623348122], [-27.702094513900107, 65.21332193359923]]}, "properties": {"source": "21517937", "target": "14444565"}}, {"type": "Feature", "geometry": {"type": "LineString", "coordinates": [[-27.68455428135536, 65.22885623348122], [-27.694925422962, 65.2197878994299]]}, "properties": {"source": "21517937", "target": "12560033"}}, {"type": "Feature", "geometry": {"type": "LineString", "coordinates": [[-27.68455428135536, 65.22885623348122], [-27.672218425279198, 65.22639414090357]]}, "properties": {"source": "21517937", "target": "21072230"}}, {"type": "Feature", "geometry": {"type": "LineString", "coordinates": [[-27.68455428135536, 65.22885623348122], [-27.71209974483844, 65.22475070822595]]}, "properties": {"source": "21517937", "target": "18300298"}}, {"type": "Feature", "geometry": {"type": "LineString", "coordinates": [[-27.68455428135536, 65.22885623348122], [-27.7065402254253, 65.21834441703017]]}, "properties": {"source": "21517937", "target": "10052023"}}, {"type": "Feature", "geometry": {"type": "LineString", "coordinates": [[-27.68455428135536, 65.22885623348122], [-27.700051229502066, 65.22218694594294]]}, "properties": {"source": "21517937", "target": "23252354"}}, {"type": "Feature", "geometry": {"type": "LineString", "coordinates": [[-27.68455428135536, 65.22885623348122], [-27.68023249961763, 65.22539457835694]]}, "properties": {"source": "21517937", "target": "18804743"}}, {"type": "Feature", "geometry": {"type": "LineString", "coordinates": [[-27.68455428135536, 65.22885623348122], [-27.702385975327388, 65.2193574025701]]}, "properties": {"source": "21517937", "target": "217152"}}, {"type": "Feature", "geometry": {"type": "LineString", "coordinates": [[-27.68455428135536, 65.22885623348122], [-27.71571639185325, 65.22174247844895]]}, "properties": {"source": "21517937", "target": "20895298"}}, {"type": "Feature", "geometry": {"type": "LineString", "coordinates": [[-27.68455428135536, 65.22885623348122], [-27.66792032708716, 65.2198888044088]]}, "properties": {"source": "21517937", "target": "13839162"}}, {"type": "Feature", "geometry": {"type": "LineString", "coordinates": [[-27.68455428135536, 65.22885623348122], [-27.66647621740549, 65.22339574792487]]}, "properties": {"source": "21517937", "target": "20895306"}}, {"type": "Feature", "geometry": {"type": "LineString", "coordinates": [[-27.68455428135536, 65.22885623348122], [-27.696571571066045, 65.21315432230324]]}, "properties": {"source": "21517937", "target": "11786147"}}, {"type": "Feature", "geometry": {"type": "LineString", "coordinates": [[-27.68455428135536, 65.22885623348122], [-27.688485406009903, 65.22754149265947]]}, "properties": {"source": "21517937", "target": "20997796"}}, {"type": "Feature", "geometry": {"type": "LineString", "coordinates": [[-27.68455428135536, 65.22885623348122], [-27.695639273142604, 65.21871880506792]]}, "properties": {"source": "21517937", "target": "2465933"}}, {"type": "Feature", "geometry": {"type": "LineString", "coordinates": [[-27.676250243220522, 65.22271232963811], [-27.67225716887401, 65.21325496832569]]}, "properties": {"source": "14459113", "target": "2186568"}}, {"type": "Feature", "geometry": {"type": "LineString", "coordinates": [[-27.689443283480358, 65.22110112502074], [-27.681645375513995, 65.22569749446592]]}, "properties": {"source": "12482029", "target": "15809262"}}, {"type": "Feature", "geometry": {"type": "LineString", "coordinates": [[-27.689443283480358, 65.22110112502074], [-27.711907731976993, 65.21455576914639]]}, "properties": {"source": "12482029", "target": "15829361"}}, {"type": "Feature", "geometry": {"type": "LineString", "coordinates": [[-27.689443283480358, 65.22110112502074], [-27.702059084094913, 65.21729874166746]]}, "properties": {"source": "12482029", "target": "3270771"}}, {"type": "Feature", "geometry": {"type": "LineString", "coordinates": [[-27.689443283480358, 65.22110112502074], [-27.70827443236695, 65.22236372749197]]}, "properties": {"source": "12482029", "target": "10769674"}}, {"type": "Feature", "geometry": {"type": "LineString", "coordinates": [[-27.689443283480358, 65.22110112502074], [-27.701814934839234, 65.21325529997706]]}, "properties": {"source": "12482029", "target": "10300307"}}, {"type": "Feature", "geometry": {"type": "LineString", "coordinates": [[-27.71481963117904, 65.21603517719413], [-27.66936153701721, 65.2172795003138]]}, "properties": {"source": "1307484", "target": "20620076"}}, {"type": "Feature", "geometry": {"type": "LineString", "coordinates": [[-27.71481963117904, 65.21603517719413], [-27.695133880491483, 65.21378110924118]]}, "properties": {"source": "1307484", "target": "19228581"}}, {"type": "Feature", "geometry": {"type": "LineString", "coordinates": [[-27.71481963117904, 65.21603517719413], [-27.70188315917713, 65.21505915017987]]}, "properties": {"source": "1307484", "target": "19278744"}}, {"type": "Feature", "geometry": {"type": "LineString", "coordinates": [[-27.71481963117904, 65.21603517719413], [-27.687547773937894, 65.21929063497718]]}, "properties": {"source": "1307484", "target": "11949635"}}, {"type": "Feature", "geometry": {"type": "LineString", "coordinates": [[-27.71481963117904, 65.21603517719413], [-27.699662881849378, 65.223659402785]]}, "properties": {"source": "1307484", "target": "645911"}}, {"type": "Feature", "geometry": {"type": "LineString", "coordinates": [[-27.68211942794784, 65.21917887609085], [-27.68455428135536, 65.22885623348122]]}, "properties": {"source": "21318507", "target": "21517937"}}, {"type": "Feature", "geometry": {"type": "LineString", "coordinates": [[-27.68211942794784, 65.21917887609085], [-27.703211389265448, 65.22249435393846]]}, "properties": {"source": "21318507", "target": "18332156"}}, {"type": "Feature", "geometry": {"type": "LineString", "coordinates": [[-27.68211942794784, 65.21917887609085], [-27.672218425279198, 65.22639414090357]]}, "properties": {"source": "21318507", "target": "21072230"}}, {"type": "Feature", "geometry": {"type": "LineString", "coordinates": [[-27.71481963117904, 65.21603517719413], [-27.69798689705968, 65.21414036706511]]}, "properties": {"source": "1307484", "target": "21468445"}}, {"type": "Feature", "geometry": {"type": "LineString", "coordinates": [[-27.68211942794784, 65.21917887609085], [-27.695639273142604, 65.21871880506792]]}, "properties": {"source": "21318507", "target": "2465933"}}, {"type": "Feature", "geometry": {"type": "LineString", "coordinates": [[-27.669052136574464, 65.21786750838487], [-27.66822808897561, 65.21944642677123]]}, "properties": {"source": "17915953", "target": "1539132"}}, {"type": "Feature", "geometry": {"type": "LineString", "coordinates": [[-27.66820462267043, 65.21734000694101], [-27.66647621740549, 65.22339574792487]]}, "properties": {"source": "14624369", "target": "20895306"}}, {"type": "Feature", "geometry": {"type": "LineString", "coordinates": [[-27.679074721791352, 65.21870198476049], [-27.69945064498637, 65.21493416799177]]}, "properties": {"source": "16248341", "target": "20751443"}}, {"type": "Feature", "geometry": {"type": "LineString", "coordinates": [[-27.673187485708752, 65.21939571761844], [-27.680849529944368, 65.22438630927707]]}, "properties": {"source": "3232224", "target": "5690728"}}, {"type": "Feature", "geometry": {"type": "LineString", "coordinates": [[-27.677063501291343, 65.21367422014418], [-27.702094513900107, 65.21332193359923]]}, "properties": {"source": "2806724", "target": "14444565"}}, {"type": "Feature", "geometry": {"type": "LineString", "coordinates": [[-27.677063501291343, 65.21367422014418], [-27.687514713127513, 65.21781852099454]]}, "properties": {"source": "2806724", "target": "8696718"}}, {"type": "Feature", "geometry": {"type": "LineString", "coordinates": [[-27.705094845826437, 65.21444012473057], [-27.681645375513995, 65.22569749446592]]}, "properties": {"source": "1428328", "target": "15809262"}}, {"type": "Feature", "geometry": {"type": "LineString", "coordinates": [[-27.705510933226776, 65.21358249315087], [-27.68455428135536, 65.22885623348122]]}, "properties": {"source": "21221953", "target": "21517937"}}, {"type": "Feature", "geometry": {"type": "LineString", "coordinates": [[-27.705510933226776, 65.21358249315087], [-27.6765383503961, 65.22319161361567]]}, "properties": {"source": "21221953", "target": "18123432"}}, {"type": "Feature", "geometry": {"type": "LineString", "coordinates": [[-27.705510933226776, 65.21358249315087], [-27.703211389265448, 65.22249435393846]]}, "properties": {"source": "21221953", "target": "18332156"}}, {"type": "Feature", "geometry": {"type": "LineString", "coordinates": [[-27.705510933226776, 65.21358249315087], [-27.672218425279198, 65.22639414090357]]}, "properties": {"source": "21221953", "target": "21072230"}}, {"type": "Feature", "geometry": {"type": "LineString", "coordinates": [[-27.694423807868617, 65.21585100409173], [-27.681645375513995, 65.22569749446592]]}, "properties": {"source": "10842023", "target": "15809262"}}, {"type": "Feature", "geometry": {"type": "LineString", "coordinates": [[-27.694423807868617, 65.21585100409173], [-27.71600325415804, 65.22492135995205]]}, "properties": {"source": "10842023", "target": "26568783"}}, {"type": "Feature", "geometry": {"type": "LineString", "coordinates": [[-27.694423807868617, 65.21585100409173], [-27.702059084094913, 65.21729874166746]]}, "properties": {"source": "10842023", "target": "3270771"}}, {"type": "Feature", "geometry": {"type": "LineString", "coordinates": [[-27.705510933226776, 65.21358249315087], [-27.666139248979476, 65.22479685734301]]}, "properties": {"source": "21221953", "target": "21022240"}}, {"type": "Feature", "geometry": {"type": "LineString", "coordinates": [[-27.694423807868617, 65.21585100409173], [-27.666139248979476, 65.22479685734301]]}, "properties": {"source": "10842023", "target": "21022240"}}, {"type": "Feature", "geometry": {"type": "LineString", "coordinates": [[-27.691899999682562, 65.21766011974132], [-27.669195558161448, 65.2292627724513]]}, "properties": {"source": "3533554", "target": "3658494"}}, {"type": "Feature", "geometry": {"type": "LineString", "coordinates": [[-27.687688054040393, 65.21878443291364], [-27.70919450335532, 65.21482534829246]]}, "properties": {"source": "19252846", "target": "1955425"}}, {"type": "Feature", "geometry": {"type": "LineString", "coordinates": [[-27.687688054040393, 65.21878443291364], [-27.688589606854805, 65.22672469510826]]}, "properties": {"source": "19252846", "target": "1955426"}}, {"type": "Feature", "geometry": {"type": "LineString", "coordinates": [[-27.687688054040393, 65.21878443291364], [-27.672908726860243, 65.2265669852369]]}, "properties": {"source": "19252846", "target": "17943008"}}, {"type": "Feature", "geometry": {"type": "LineString", "coordinates": [[-27.687688054040393, 65.21878443291364], [-27.67748851300493, 65.22164591022046]]}, "properties": {"source": "19252846", "target": "2453482"}}, {"type": "Feature", "geometry": {"type": "LineString", "coordinates": [[-27.687688054040393, 65.21878443291364], [-27.69514020595173, 65.21751078080058]]}, "properties": {"source": "19252846", "target": "1955423"}}, {"type": "Feature", "geometry": {"type": "LineString", "coordinates": [[-27.688589606854805, 65.22672469510826], [-27.70806383329449, 65.21375631081388]]}, "properties": {"source": "1955426", "target": "31424466"}}, {"type": "Feature", "geometry": {"type": "LineString", "coordinates": [[-27.688589606854805, 65.22672469510826], [-27.70919450335532, 65.21482534829246]]}, "properties": {"source": "1955426", "target": "1955425"}}, {"type": "Feature", "geometry": {"type": "LineString", "coordinates": [[-27.688589606854805, 65.22672469510826], [-27.672908726860243, 65.2265669852369]]}, "properties": {"source": "1955426", "target": "17943008"}}, {"type": "Feature", "geometry": {"type": "LineString", "coordinates": [[-27.688589606854805, 65.22672469510826], [-27.67748851300493, 65.22164591022046]]}, "properties": {"source": "1955426", "target": "2453482"}}, {"type": "Feature", "geometry": {"type": "LineString", "coordinates": [[-27.7110418688396, 65.22096665749436], [-27.694375966790346, 65.2209720731276]]}, "properties": {"source": "31133427", "target": "6610914"}}, {"type": "Feature", "geometry": {"type": "LineString", "coordinates": [[-27.7110418688396, 65.22096665749436], [-27.666341548548075, 65.22386652004978]]}, "properties": {"source": "31133427", "target": "331076"}}, {"type": "Feature", "geometry": {"type": "LineString", "coordinates": [[-27.7110418688396, 65.22096665749436], [-27.70912396527561, 65.22269479243747]]}, "properties": {"source": "31133427", "target": "6352230"}}, {"type": "Feature", "geometry": {"type": "LineString", "coordinates": [[-27.7110418688396, 65.22096665749436], [-27.69945064498637, 65.21493416799177]]}, "properties": {"source": "31133427", "target": "20751443"}}, {"type": "Feature", "geometry": {"type": "LineString", "coordinates": [[-27.687688054040393, 65.21878443291364], [-27.67068555650576, 65.2203816783568]]}, "properties": {"source": "19252846", "target": "537003"}}, {"type": "Feature", "geometry": {"type": "LineString", "coordinates": [[-27.688589606854805, 65.22672469510826], [-27.67068555650576, 65.2203816783568]]}, "properties": {"source": "1955426", "target": "537003"}}, {"type": "Feature", "geometry": {"type": "LineString", "coordinates": [[-27.678663025162876, 65.22752471606128], [-27.671280077234258, 65.21792354546184]]}, "properties": {"source": "2361610", "target": "119923"}}, {"type": "Feature", "geometry": {"type": "LineString", "coordinates": [[-27.6866112937293, 65.22223143218739], [-27.69202240565164, 65.22764410932]]}, "properties": {"source": "346305", "target": "16280710"}}, {"type": "Feature", "geometry": {"type": "LineString", "coordinates": [[-27.6866112937293, 65.22223143218739], [-27.68036134534745, 65.22512836591888]]}, "properties": {"source": "346305", "target": "25658517"}}, {"type": "Feature", "geometry": {"type": "LineString", "coordinates": [[-27.6866112937293, 65.22223143218739], [-27.71647582487725, 65.22698642438142]]}, "properties": {"source": "346305", "target": "34232706"}}, {"type": "Feature", "geometry": {"type": "LineString", "coordinates": [[-27.673414111889343, 65.21779224927612], [-27.681645375513995, 65.22569749446592]]}, "properties": {"source": "14806299", "target": "15809262"}}, {"type": "Feature", "geometry": {"type": "LineString", "coordinates": [[-27.673414111889343, 65.21779224927612], [-27.702635389859296, 65.22214951405199]]}, "properties": {"source": "14806299", "target": "15946129"}}, {"type": "Feature", "geometry": {"type": "LineString", "coordinates": [[-27.673414111889343, 65.21779224927612], [-27.711923911881655, 65.22792602957155]]}, "properties": {"source": "14806299", "target": "17054805"}}, {"type": "Feature", "geometry": {"type": "LineString", "coordinates": [[-27.673414111889343, 65.21779224927612], [-27.690410934270375, 65.21950580360274]]}, "properties": {"source": "14806299", "target": "15767096"}}, {"type": "Feature", "geometry": {"type": "LineString", "coordinates": [[-27.673414111889343, 65.21779224927612], [-27.696813751447337, 65.21294978165879]]}, "properties": {"source": "14806299", "target": "17118666"}}, {"type": "Feature", "geometry": {"type": "LineString", "coordinates": [[-27.673414111889343, 65.21779224927612], [-27.69244174071366, 65.22627281533336]]}, "properties": {"source": "14806299", "target": "15722775"}}, {"type": "Feature", "geometry": {"type": "LineString", "coordinates": [[-27.673414111889343, 65.21779224927612], [-27.705094845826437, 65.21444012473057]]}, "properties": {"source": "14806299", "target": "1428328"}}, {"type": "Feature", "geometry": {"type": "LineString", "coordinates": [[-27.673414111889343, 65.21779224927612], [-27.683727620311288, 65.22320855820895]]}, "properties": {"source": "14806299", "target": "1285186"}}, {"type": "Feature", "geometry": {"type": "LineString", "coordinates": [[-27.690410934270375, 65.21950580360274], [-27.681645375513995, 65.22569749446592]]}, "properties": {"source": "15767096", "target": "15809262"}}, {"type": "Feature", "geometry": {"type": "LineString", "coordinates": [[-27.690410934270375, 65.21950580360274], [-27.705094845826437, 65.21444012473057]]}, "properties": {"source": "15767096", "target": "1428328"}}, {"type": "Feature", "geometry": {"type": "LineString", "coordinates": [[-27.690410934270375, 65.21950580360274], [-27.683727620311288, 65.22320855820895]]}, "properties": {"source": "15767096", "target": "1285186"}}, {"type": "Feature", "geometry": {"type": "LineString", "coordinates": [[-27.673414111889343, 65.21779224927612], [-27.667694134528546, 65.21849819004106]]}, "properties": {"source": "14806299", "target": "13108853"}}, {"type": "Feature", "geometry": {"type": "LineString", "coordinates": [[-27.666139248979476, 65.22479685734301], [-27.6765383503961, 65.22319161361567]]}, "properties": {"source": "21022240", "target": "18123432"}}, {"type": "Feature", "geometry": {"type": "LineString", "coordinates": [[-27.666139248979476, 65.22479685734301], [-27.703211389265448, 65.22249435393846]]}, "properties": {"source": "21022240", "target": "18332156"}}, {"type": "Feature", "geometry": {"type": "LineString", "coordinates": [[-27.666139248979476, 65.22479685734301], [-27.672218425279198, 65.22639414090357]]}, "properties": {"source": "21022240", "target": "21072230"}}, {"type": "Feature", "geometry": {"type": "LineString", "coordinates": [[-27.666139248979476, 65.22479685734301], [-27.71209974483844, 65.22475070822595]]}, "properties": {"source": "21022240", "target": "18300298"}}, {"type": "Feature", "geometry": {"type": "LineString", "coordinates": [[-27.666139248979476, 65.22479685734301], [-27.7065402254253, 65.21834441703017]]}, "properties": {"source": "21022240", "target": "10052023"}}, {"type": "Feature", "geometry": {"type": "LineString", "coordinates": [[-27.666139248979476, 65.22479685734301], [-27.700051229502066, 65.22218694594294]]}, "properties": {"source": "21022240", "target": "23252354"}}, {"type": "Feature", "geometry": {"type": "LineString", "coordinates": [[-27.666139248979476, 65.22479685734301], [-27.68023249961763, 65.22539457835694]]}, "properties": {"source": "21022240", "target": "18804743"}}, {"type": "Feature", "geometry": {"type": "LineString", "coordinates": [[-27.666139248979476, 65.22479685734301], [-27.68211942794784, 65.21917887609085]]}, "properties": {"source": "21022240", "target": "21318507"}}, {"type": "Feature", "geometry": {"type": "LineString", "coordinates": [[-27.666139248979476, 65.22479685734301], [-27.70827443236695, 65.22236372749197]]}, "properties": {"source": "21022240", "target": "10769674"}}, {"type": "Feature", "geometry": {"type": "LineString", "coordinates": [[-27.666139248979476, 65.22479685734301], [-27.71336397678425, 65.21822792150252]]}, "properties": {"source": "21022240", "target": "1016909"}}, {"type": "Feature", "geometry": {"type": "LineString", "coordinates": [[-27.666139248979476, 65.22479685734301], [-27.71571639185325, 65.22174247844895]]}, "properties": {"source": "21022240", "target": "20895298"}}, {"type": "Feature", "geometry": {"type": "LineString", "coordinates": [[-27.666139248979476, 65.22479685734301], [-27.668100778608363, 65.22369473988192]]}, "properties": {"source": "21022240", "target": "10265455"}}, {"type": "Feature", "geometry": {"type": "LineString", "coordinates": [[-27.666139248979476, 65.22479685734301], [-27.66647621740549, 65.22339574792487]]}, "properties": {"source": "21022240", "target": "20895306"}}, {"type": "Feature", "geometry": {"type": "LineString", "coordinates": [[-27.689443283480358, 65.22110112502074], [-27.666139248979476, 65.22479685734301]]}, "properties": {"source": "12482029", "target": "21022240"}}, {"type": "Feature", "geometry": {"type": "LineString", "coordinates": [[-27.666139248979476, 65.22479685734301], [-27.695639273142604, 65.21871880506792]]}, "properties": {"source": "21022240", "target": "2465933"}}, {"type": "Feature", "geometry": {"type": "LineString", "coordinates": [[-27.666139248979476, 65.22479685734301], [-27.703853243442325, 65.21994863009593]]}, "properties": {"source": "21022240", "target": "12721556"}}, {"type": "Feature", "geometry": {"type": "LineString", "coordinates": [[-27.68282514940296, 65.2132395012275], [-27.71600325415804, 65.22492135995205]]}, "properties": {"source": "26631718", "target": "26568783"}}, {"type": "Feature", "geometry": {"type": "LineString", "coordinates": [[-27.691899999682562, 65.21766011974132], [-27.70079837970863, 65.22180628423453]]}, "properties": {"source": "3533554", "target": "4409380"}}, {"type": "Feature", "geometry": {"type": "LineString", "coordinates": [[-27.691899999682562, 65.21766011974132], [-27.670496652045443, 65.22275300008036]]}, "properties": {"source": "3533554", "target": "3582103"}}, {"type": "Feature", "geometry": {"type": "LineString", "coordinates": [[-27.691899999682562, 65.21766011974132], [-27.68071290667271, 65.22013057467382]]}, "properties": {"source": "3533554", "target": "443155"}}, {"type": "Feature", "geometry": {"type": "LineString", "coordinates": [[-27.691899999682562, 65.21766011974132], [-27.685629654940925, 65.2225533624448]]}, "properties": {"source": "3533554", "target": "10224806"}}, {"type": "Feature", "geometry": {"type": "LineString", "coordinates": [[-27.691899999682562, 65.21766011974132], [-27.706469550377847, 65.22509229933287]]}, "properties": {"source": "3533554", "target": "512852"}}, {"type": "Feature", "geometry": {"type": "LineString", "coordinates": [[-27.691899999682562, 65.21766011974132], [-27.69525325107847, 65.22560301733196]]}, "properties": {"source": "3533554", "target": "32491713"}}, {"type": "Feature", "geometry": {"type": "LineString", "coordinates": [[-27.691899999682562, 65.21766011974132], [-27.70696774238249, 65.22531729809035]]}, "properties": {"source": "3533554", "target": "1320517"}}, {"type": "Feature", "geometry": {"type": "LineString", "coordinates": [[-27.673243399605326, 65.21890926256012], [-27.68282514940296, 65.2132395012275]]}, "properties": {"source": "1744053", "target": "26631718"}}, {"type": "Feature", "geometry": {"type": "LineString", "coordinates": [[-27.673243399605326, 65.21890926256012], [-27.66936153701721, 65.2172795003138]]}, "properties": {"source": "1744053", "target": "20620076"}}, {"type": "Feature", "geometry": {"type": "LineString", "coordinates": [[-27.673243399605326, 65.21890926256012], [-27.685395679004586, 65.21444436121654]]}, "properties": {"source": "1744053", "target": "22891784"}}, {"type": "Feature", "geometry": {"type": "LineString", "coordinates": [[-27.673243399605326, 65.21890926256012], [-27.703502138472572, 65.21556049620358]]}, "properties": {"source": "1744053", "target": "23449308"}}, {"type": "Feature", "geometry": {"type": "LineString", "coordinates": [[-27.673243399605326, 65.21890926256012], [-27.699762388033662, 65.21884782628703]]}, "properties": {"source": "1744053", "target": "1749932"}}, {"type": "Feature", "geometry": {"type": "LineString", "coordinates": [[-27.673243399605326, 65.21890926256012], [-27.673799131993803, 65.22377493985424]]}, "properties": {"source": "1744053", "target": "28188202"}}, {"type": "Feature", "geometry": {"type": "LineString", "coordinates": [[-27.691899999682562, 65.21766011974132], [-27.694363983370238, 65.21800957861808]]}, "properties": {"source": "3533554", "target": "3333773"}}, {"type": "Feature", "geometry": {"type": "LineString", "coordinates": [[-27.673243399605326, 65.21890926256012], [-27.677831785382608, 65.22897899252254]]}, "properties": {"source": "1744053", "target": "32686921"}}, {"type": "Feature", "geometry": {"type": "LineString", "coordinates": [[-27.70100426275212, 65.22884793587781], [-27.691844729005197, 65.21435581485899]]}, "properties": {"source": "6345710", "target": "6818999"}}, {"type": "Feature", "geometry": {"type": "LineString", "coordinates": [[-27.70100426275212, 65.22884793587781], [-27.667120221551386, 65.2287632628655]]}, "properties": {"source": "6345710", "target": "976907"}}, {"type": "Feature", "geometry": {"type": "LineString", "coordinates": [[-27.701335599446395, 65.21564058236143], [-27.666341548548075, 65.22386652004978]]}, "properties": {"source": "2045926", "target": "331076"}}, {"type": "Feature", "geometry": {"type": "LineString", "coordinates": [[-27.701335599446395, 65.21564058236143], [-27.69945064498637, 65.21493416799177]]}, "properties": {"source": "2045926", "target": "20751443"}}, {"type": "Feature", "geometry": {"type": "LineString", "coordinates": [[-27.701335599446395, 65.21564058236143], [-27.71110434590264, 65.2130165473002]]}, "properties": {"source": "2045926", "target": "24965386"}}, {"type": "Feature", "geometry": {"type": "LineString", "coordinates": [[-27.701335599446395, 65.21564058236143], [-27.679074721791352, 65.21870198476049]]}, "properties": {"source": "2045926", "target": "16248341"}}, {"type": "Feature", "geometry": {"type": "LineString", "coordinates": [[-27.701335599446395, 65.21564058236143], [-27.697660683513163, 65.22019718960443]]}, "properties": {"source": "2045926", "target": "16138548"}}, {"type": "Feature", "geometry": {"type": "LineString", "coordinates": [[-27.701335599446395, 65.21564058236143], [-27.698464698415478, 65.2129471825101]]}, "properties": {"source": "2045926", "target": "25060140"}}, {"type": "Feature", "geometry": {"type": "LineString", "coordinates": [[-27.677831785382608, 65.22897899252254], [-27.68282514940296, 65.2132395012275]]}, "properties": {"source": "32686921", "target": "26631718"}}, {"type": "Feature", "geometry": {"type": "LineString", "coordinates": [[-27.677831785382608, 65.22897899252254], [-27.685395679004586, 65.21444436121654]]}, "properties": {"source": "32686921", "target": "22891784"}}, {"type": "Feature", "geometry": {"type": "LineString", "coordinates": [[-27.677831785382608, 65.22897899252254], [-27.703502138472572, 65.21556049620358]]}, "properties": {"source": "32686921", "target": "23449308"}}, {"type": "Feature", "geometry": {"type": "LineString", "coordinates": [[-27.677831785382608, 65.22897899252254], [-27.673799131993803, 65.22377493985424]]}, "properties": {"source": "32686921", "target": "28188202"}}, {"type": "Feature", "geometry": {"type": "LineString", "coordinates": [[-27.667694134528546, 65.21849819004106], [-27.681645375513995, 65.22569749446592]]}, "properties": {"source": "13108853", "target": "15809262"}}, {"type": "Feature", "geometry": {"type": "LineString", "coordinates": [[-27.667694134528546, 65.21849819004106], [-27.702635389859296, 65.22214951405199]]}, "properties": {"source": "13108853", "target": "15946129"}}, {"type": "Feature", "geometry": {"type": "LineString", "coordinates": [[-27.693981985623566, 65.22628316077993], [-27.6772653118511, 65.22867134486452]]}, "properties": {"source": "1542339", "target": "1110228"}}, {"type": "Feature", "geometry": {"type": "LineString", "coordinates": [[-27.70100426275212, 65.22884793587781], [-27.709200649043595, 65.22229472073879]]}, "properties": {"source": "6345710", "target": "814287"}}, {"type": "Feature", "geometry": {"type": "LineString", "coordinates": [[-27.675633193703703, 65.22349127293496], [-27.68023249961763, 65.22539457835694]]}, "properties": {"source": "20453549", "target": "18804743"}}, {"type": "Feature", "geometry": {"type": "LineString", "coordinates": [[-27.694375966790346, 65.2209720731276], [-27.666341548548075, 65.22386652004978]]}, "properties": {"source": "6610914", "target": "331076"}}, {"type": "Feature", "geometry": {"type": "LineString", "coordinates": [[-27.694375966790346, 65.2209720731276], [-27.70912396527561, 65.22269479243747]]}, "properties": {"source": "6610914", "target": "6352230"}}, {"type": "Feature", "geometry": {"type": "LineString", "coordinates": [[-27.694375966790346, 65.2209720731276], [-27.679074721791352, 65.21870198476049]]}, "properties": {"source": "6610914", "target": "16248341"}}, {"type": "Feature", "geometry": {"type": "LineString", "coordinates": [[-27.694375966790346, 65.2209720731276], [-27.698464698415478, 65.2129471825101]]}, "properties": {"source": "6610914", "target": "25060140"}}, {"type": "Feature", "geometry": {"type": "LineString", "coordinates": [[-27.694375966790346, 65.2209720731276], [-27.715581547652135, 65.22151924631343]]}, "properties": {"source": "6610914", "target": "17271168"}}, {"type": "Feature", "geometry": {"type": "LineString", "coordinates": [[-27.694375966790346, 65.2209720731276], [-27.6914803351614, 65.2240202544261]]}, "properties": {"source": "6610914", "target": "18170949"}}, {"type": "Feature", "geometry": {"type": "LineString", "coordinates": [[-27.68612330153121, 65.21658494348117], [-27.68455428135536, 65.22885623348122]]}, "properties": {"source": "25024383", "target": "21517937"}}, {"type": "Feature", "geometry": {"type": "LineString", "coordinates": [[-27.68612330153121, 65.21658494348117], [-27.68282514940296, 65.2132395012275]]}, "properties": {"source": "25024383", "target": "26631718"}}, {"type": "Feature", "geometry": {"type": "LineString", "coordinates": [[-27.68612330153121, 65.21658494348117], [-27.71600325415804, 65.22492135995205]]}, "properties": {"source": "25024383", "target": "26568783"}}, {"type": "Feature", "geometry": {"type": "LineString", "coordinates": [[-27.68612330153121, 65.21658494348117], [-27.688344606815008, 65.2211751802223]]}, "properties": {"source": "25024383", "target": "30166403"}}, {"type": "Feature", "geometry": {"type": "LineString", "coordinates": [[-27.68612330153121, 65.21658494348117], [-27.71198478397821, 65.2271873021043]]}, "properties": {"source": "25024383", "target": "32761097"}}, {"type": "Feature", "geometry": {"type": "LineString", "coordinates": [[-27.68612330153121, 65.21658494348117], [-27.68311341098746, 65.2274912276225]]}, "properties": {"source": "25024383", "target": "17044455"}}, {"type": "Feature", "geometry": {"type": "LineString", "coordinates": [[-27.68612330153121, 65.21658494348117], [-27.666139248979476, 65.22479685734301]]}, "properties": {"source": "25024383", "target": "21022240"}}, {"type": "Feature", "geometry": {"type": "LineString", "coordinates": [[-27.68612330153121, 65.21658494348117], [-27.695639273142604, 65.21871880506792]]}, "properties": {"source": "25024383", "target": "2465933"}}, {"type": "Feature", "geometry": {"type": "LineString", "coordinates": [[-27.68612330153121, 65.21658494348117], [-27.693981985623566, 65.22628316077993]]}, "properties": {"source": "25024383", "target": "1542339"}}, {"type": "Feature", "geometry": {"type": "LineString", "coordinates": [[-27.687825016127533, 65.22663066470943], [-27.702094513900107, 65.21332193359923]]}, "properties": {"source": "11222821", "target": "14444565"}}, {"type": "Feature", "geometry": {"type": "LineString", "coordinates": [[-27.68612330153121, 65.21658494348117], [-27.700051229502066, 65.22218694594294]]}, "properties": {"source": "25024383", "target": "23252354"}}, {"type": "Feature", "geometry": {"type": "LineString", "coordinates": [[-27.68612330153121, 65.21658494348117], [-27.684936178343833, 65.21431450268332]]}, "properties": {"source": "25024383", "target": "139391"}}, {"type": "Feature", "geometry": {"type": "LineString", "coordinates": [[-27.68612330153121, 65.21658494348117], [-27.66822808897561, 65.21944642677123]]}, "properties": {"source": "25024383", "target": "1539132"}}, {"type": "Feature", "geometry": {"type": "LineString", "coordinates": [[-27.68612330153121, 65.21658494348117], [-27.71451566324879, 65.22356937498384]]}, "properties": {"source": "25024383", "target": "21855277"}}, {"type": "Feature", "geometry": {"type": "LineString", "coordinates": [[-27.68612330153121, 65.21658494348117], [-27.669052136574464, 65.21786750838487]]}, "properties": {"source": "25024383", "target": "17915953"}}, {"type": "Feature", "geometry": {"type": "LineString", "coordinates": [[-27.68612330153121, 65.21658494348117], [-27.703595509210885, 65.22221825606164]]}, "properties": {"source": "25024383", "target": "1915893"}}, {"type": "Feature", "geometry": {"type": "LineString", "coordinates": [[-27.68612330153121, 65.21658494348117], [-27.69202240565164, 65.22764410932]]}, "properties": {"source": "25024383", "target": "16280710"}}, {"type": "Feature", "geometry": {"type": "LineString", "coordinates": [[-27.70806383329449, 65.21375631081388], [-27.70919450335532, 65.21482534829246]]}, "properties": {"source": "31424466", "target": "1955425"}}, {"type": "Feature", "geometry": {"type": "LineString", "coordinates": [[-27.70806383329449, 65.21375631081388], [-27.672908726860243, 65.2265669852369]]}, "properties": {"source": "31424466", "target": "17943008"}}, {"type": "Feature", "geometry": {"type": "LineString", "coordinates": [[-27.70806383329449, 65.21375631081388], [-27.67748851300493, 65.22164591022046]]}, "properties": {"source": "31424466", "target": "2453482"}}, {"type": "Feature", "geometry": {"type": "LineString", "coordinates": [[-27.70806383329449, 65.21375631081388], [-27.69514020595173, 65.21751078080058]]}, "properties": {"source": "31424466", "target": "1955423"}}, {"type": "Feature", "geometry": {"type": "LineString", "coordinates": [[-27.70806383329449, 65.21375631081388], [-27.70135657050261, 65.21857691376538]]}, "properties": {"source": "31424466", "target": "18104110"}}, {"type": "Feature", "geometry": {"type": "LineString", "coordinates": [[-27.70806383329449, 65.21375631081388], [-27.713332054857347, 65.2199393309182]]}, "properties": {"source": "31424466", "target": "29493470"}}, {"type": "Feature", "geometry": {"type": "LineString", "coordinates": [[-27.70806383329449, 65.21375631081388], [-27.676937718348796, 65.22919765483428]]}, "properties": {"source": "31424466", "target": "10533683"}}, {"type": "Feature", "geometry": {"type": "LineString", "coordinates": [[-27.70806383329449, 65.21375631081388], [-27.67068555650576, 65.2203816783568]]}, "properties": {"source": "31424466", "target": "537003"}}, {"type": "Feature", "geometry": {"type": "LineString", "coordinates": [[-27.693981985623566, 65.22628316077993], [-27.68311341098746, 65.2274912276225]]}, "properties": {"source": "1542339", "target": "17044455"}}, {"type": "Feature", "geometry": {"type": "LineString", "coordinates": [[-27.713866909022926, 65.21966743320041], [-27.702094513900107, 65.21332193359923]]}, "properties": {"source": "15790241", "target": "14444565"}}, {"type": "Feature", "geometry": {"type": "LineString", "coordinates": [[-27.68912589951958, 65.22692584115579], [-27.702635389859296, 65.22214951405199]]}, "properties": {"source": "15842516", "target": "15946129"}}, {"type": "Feature", "geometry": {"type": "LineString", "coordinates": [[-27.68912589951958, 65.22692584115579], [-27.6842252231759, 65.22367802004689]]}, "properties": {"source": "15842516", "target": "10527213"}}, {"type": "Feature", "geometry": {"type": "LineString", "coordinates": [[-27.711458749016884, 65.21944900984937], [-27.667120221551386, 65.2287632628655]]}, "properties": {"source": "32600610", "target": "976907"}}, {"type": "Feature", "geometry": {"type": "LineString", "coordinates": [[-27.711458749016884, 65.21944900984937], [-27.68880683389932, 65.21383962173078]]}, "properties": {"source": "32600610", "target": "9680855"}}, {"type": "Feature", "geometry": {"type": "LineString", "coordinates": [[-27.692652007872283, 65.21763948148882], [-27.704948788018868, 65.22485467860432]]}, "properties": {"source": "16240766", "target": "22617371"}}, {"type": "Feature", "geometry": {"type": "LineString", "coordinates": [[-27.69538611689478, 65.22256875300243], [-27.66935744175771, 65.21800543760685]]}, "properties": {"source": "1931994", "target": "17307361"}}, {"type": "Feature", "geometry": {"type": "LineString", "coordinates": [[-27.69538611689478, 65.22256875300243], [-27.70699220412527, 65.22731487293912]]}, "properties": {"source": "1931994", "target": "17654739"}}, {"type": "Feature", "geometry": {"type": "LineString", "coordinates": [[-27.695309744670396, 65.21408246661434], [-27.713332054857347, 65.2199393309182]]}, "properties": {"source": "30322001", "target": "29493470"}}, {"type": "Feature", "geometry": {"type": "LineString", "coordinates": [[-27.706155901358812, 65.22839444256424], [-27.66821722497255, 65.22842474481993]]}, "properties": {"source": "2131684", "target": "1215950"}}, {"type": "Feature", "geometry": {"type": "LineString", "coordinates": [[-27.672535520923162, 65.22401788943803], [-27.69504633488353, 65.22136563896277]]}, "properties": {"source": "22856490", "target": "25608807"}}, {"type": "Feature", "geometry": {"type": "LineString", "coordinates": [[-27.672535520923162, 65.22401788943803], [-27.66778081741998, 65.217059209067]]}, "properties": {"source": "22856490", "target": "26192823"}}, {"type": "Feature", "geometry": {"type": "LineString", "coordinates": [[-27.688665322164752, 65.22122180605011], [-27.713332054857347, 65.2199393309182]]}, "properties": {"source": "13076568", "target": "29493470"}}, {"type": "Feature", "geometry": {"type": "LineString", "coordinates": [[-27.695309744670396, 65.21408246661434], [-27.688665322164752, 65.22122180605011]]}, "properties": {"source": "30322001", "target": "13076568"}}, {"type": "Feature", "geometry": {"type": "LineString", "coordinates": [[-27.706155901358812, 65.22839444256424], [-27.6772653118511, 65.22867134486452]]}, "properties": {"source": "2131684", "target": "1110228"}}, {"type": "Feature", "geometry": {"type": "LineString", "coordinates": [[-27.672908726860243, 65.2265669852369], [-27.70919450335532, 65.21482534829246]]}, "properties": {"source": "17943008", "target": "1955425"}}, {"type": "Feature", "geometry": {"type": "LineString", "coordinates": [[-27.687825016127533, 65.22663066470943], [-27.694925422962, 65.2197878994299]]}, "properties": {"source": "11222821", "target": "12560033"}}, {"type": "Feature", "geometry": {"type": "LineString", "coordinates": [[-27.71451566324879, 65.22356937498384], [-27.68311341098746, 65.2274912276225]]}, "properties": {"source": "21855277", "target": "17044455"}}, {"type": "Feature", "geometry": {"type": "LineString", "coordinates": [[-27.71451566324879, 65.22356937498384], [-27.704948788018868, 65.22485467860432]]}, "properties": {"source": "21855277", "target": "22617371"}}, {"type": "Feature", "geometry": {"type": "LineString", "coordinates": [[-27.71451566324879, 65.22356937498384], [-27.692652007872283, 65.21763948148882]]}, "properties": {"source": "21855277", "target": "16240766"}}, {"type": "Feature", "geometry": {"type": "LineString", "coordinates": [[-27.714134347197586, 65.21342235904106], [-27.694375966790346, 65.2209720731276]]}, "properties": {"source": "631136", "target": "6610914"}}, {"type": "Feature", "geometry": {"type": "LineString", "coordinates": [[-27.714134347197586, 65.21342235904106], [-27.696467353608085, 65.21404061835467]]}, "properties": {"source": "631136", "target": "6699809"}}, {"type": "Feature", "geometry": {"type": "LineString", "coordinates": [[-27.714134347197586, 65.21342235904106], [-27.70100426275212, 65.22884793587781]]}, "properties": {"source": "631136", "target": "6345710"}}, {"type": "Feature", "geometry": {"type": "LineString", "coordinates": [[-27.714134347197586, 65.21342235904106], [-27.691844729005197, 65.21435581485899]]}, "properties": {"source": "631136", "target": "6818999"}}, {"type": "Feature", "geometry": {"type": "LineString", "coordinates": [[-27.687649144902394, 65.22038361167654], [-27.670496652045443, 65.22275300008036]]}, "properties": {"source": "901801", "target": "3582103"}}, {"type": "Feature", "geometry": {"type": "LineString", "coordinates": [[-27.687649144902394, 65.22038361167654], [-27.6954559383218, 65.2221093575271]]}, "properties": {"source": "901801", "target": "2371817"}}, {"type": "Feature", "geometry": {"type": "LineString", "coordinates": [[-27.687649144902394, 65.22038361167654], [-27.675083234430133, 65.22509083558148]]}, "properties": {"source": "901801", "target": "19545826"}}, {"type": "Feature", "geometry": {"type": "LineString", "coordinates": [[-27.687649144902394, 65.22038361167654], [-27.70592177851148, 65.22247889363562]]}, "properties": {"source": "901801", "target": "410130"}}, {"type": "Feature", "geometry": {"type": "LineString", "coordinates": [[-27.669052136574464, 65.21786750838487], [-27.68311341098746, 65.2274912276225]]}, "properties": {"source": "17915953", "target": "17044455"}}, {"type": "Feature", "geometry": {"type": "LineString", "coordinates": [[-27.71451566324879, 65.22356937498384], [-27.670495425216956, 65.21532622606524]]}, "properties": {"source": "21855277", "target": "30531820"}}, {"type": "Feature", "geometry": {"type": "LineString", "coordinates": [[-27.669052136574464, 65.21786750838487], [-27.693981985623566, 65.22628316077993]]}, "properties": {"source": "17915953", "target": "1542339"}}, {"type": "Feature", "geometry": {"type": "LineString", "coordinates": [[-27.68612330153121, 65.21658494348117], [-27.672218425279198, 65.22639414090357]]}, "properties": {"source": "25024383", "target": "21072230"}}, {"type": "Feature", "geometry": {"type": "LineString", "coordinates": [[-27.69095741585386, 65.21542987143137], [-27.677063501291343, 65.21367422014418]]}, "properties": {"source": "14902866", "target": "2806724"}}, {"type": "Feature", "geometry": {"type": "LineString", "coordinates": [[-27.69095741585386, 65.21542987143137], [-27.687825016127533, 65.22663066470943]]}, "properties": {"source": "14902866", "target": "11222821"}}, {"type": "Feature", "geometry": {"type": "LineString", "coordinates": [[-27.69095741585386, 65.21542987143137], [-27.66792032708716, 65.2198888044088]]}, "properties": {"source": "14902866", "target": "13839162"}}, {"type": "Feature", "geometry": {"type": "LineString", "coordinates": [[-27.69095741585386, 65.21542987143137], [-27.687514713127513, 65.21781852099454]]}, "properties": {"source": "14902866", "target": "8696718"}}, {"type": "Feature", "geometry": {"type": "LineString", "coordinates": [[-27.69095741585386, 65.21542987143137], [-27.689678568225986, 65.21866229435547]]}, "properties": {"source": "14902866", "target": "13536540"}}, {"type": "Feature", "geometry": {"type": "LineString", "coordinates": [[-27.69095741585386, 65.21542987143137], [-27.696571571066045, 65.21315432230324]]}, "properties": {"source": "14902866", "target": "11786147"}}, {"type": "Feature", "geometry": {"type": "LineString", "coordinates": [[-27.69095741585386, 65.21542987143137], [-27.713866909022926, 65.21966743320041]]}, "properties": {"source": "14902866", "target": "15790241"}}, {"type": "Feature", "geometry": {"type": "LineString", "coordinates": [[-27.69095741585386, 65.21542987143137], [-27.674533701654497, 65.215433208959]]}, "properties": {"source": "14902866", "target": "15894354"}}, {"type": "Feature", "geometry": {"type": "LineString", "coordinates": [[-27.67865496097957, 65.22178004628229], [-27.68455428135536, 65.22885623348122]]}, "properties": {"source": "1069862", "target": "21517937"}}, {"type": "Feature", "geometry": {"type": "LineString", "coordinates": [[-27.67865496097957, 65.22178004628229], [-27.681645375513995, 65.22569749446592]]}, "properties": {"source": "1069862", "target": "15809262"}}, {"type": "Feature", "geometry": {"type": "LineString", "coordinates": [[-27.67865496097957, 65.22178004628229], [-27.702635389859296, 65.22214951405199]]}, "properties": {"source": "1069862", "target": "15946129"}}, {"type": "Feature", "geometry": {"type": "LineString", "coordinates": [[-27.67865496097957, 65.22178004628229], [-27.711923911881655, 65.22792602957155]]}, "properties": {"source": "1069862", "target": "17054805"}}, {"type": "Feature", "geometry": {"type": "LineString", "coordinates": [[-27.67865496097957, 65.22178004628229], [-27.71600325415804, 65.22492135995205]]}, "properties": {"source": "1069862", "target": "26568783"}}, {"type": "Feature", "geometry": {"type": "LineString", "coordinates": [[-27.67865496097957, 65.22178004628229], [-27.666139248979476, 65.22479685734301]]}, "properties": {"source": "1069862", "target": "21022240"}}, {"type": "Feature", "geometry": {"type": "LineString", "coordinates": [[-27.67865496097957, 65.22178004628229], [-27.695639273142604, 65.21871880506792]]}, "properties": {"source": "1069862", "target": "2465933"}}, {"type": "Feature", "geometry": {"type": "LineString", "coordinates": [[-27.703853243442325, 65.21994863009593], [-27.702059084094913, 65.21729874166746]]}, "properties": {"source": "12721556", "target": "3270771"}}, {"type": "Feature", "geometry": {"type": "LineString", "coordinates": [[-27.69659584141985, 65.22565835333776], [-27.694375966790346, 65.2209720731276]]}, "properties": {"source": "8527559", "target": "6610914"}}, {"type": "Feature", "geometry": {"type": "LineString", "coordinates": [[-27.69659584141985, 65.22565835333776], [-27.696467353608085, 65.21404061835467]]}, "properties": {"source": "8527559", "target": "6699809"}}, {"type": "Feature", "geometry": {"type": "LineString", "coordinates": [[-27.69659584141985, 65.22565835333776], [-27.668866547856965, 65.22548446917101]]}, "properties": {"source": "8527559", "target": "9528049"}}, {"type": "Feature", "geometry": {"type": "LineString", "coordinates": [[-27.69659584141985, 65.22565835333776], [-27.691790478772447, 65.2242938583026]]}, "properties": {"source": "8527559", "target": "8687492"}}, {"type": "Feature", "geometry": {"type": "LineString", "coordinates": [[-27.70135657050261, 65.21857691376538], [-27.70919450335532, 65.21482534829246]]}, "properties": {"source": "18104110", "target": "1955425"}}, {"type": "Feature", "geometry": {"type": "LineString", "coordinates": [[-27.70135657050261, 65.21857691376538], [-27.69514020595173, 65.21751078080058]]}, "properties": {"source": "18104110", "target": "1955423"}}, {"type": "Feature", "geometry": {"type": "LineString", "coordinates": [[-27.703595509210885, 65.22221825606164], [-27.688344606815008, 65.2211751802223]]}, "properties": {"source": "1915893", "target": "30166403"}}, {"type": "Feature", "geometry": {"type": "LineString", "coordinates": [[-27.703595509210885, 65.22221825606164], [-27.68311341098746, 65.2274912276225]]}, "properties": {"source": "1915893", "target": "17044455"}}, {"type": "Feature", "geometry": {"type": "LineString", "coordinates": [[-27.697660683513163, 65.22019718960443], [-27.694375966790346, 65.2209720731276]]}, "properties": {"source": "16138548", "target": "6610914"}}, {"type": "Feature", "geometry": {"type": "LineString", "coordinates": [[-27.697660683513163, 65.22019718960443], [-27.666341548548075, 65.22386652004978]]}, "properties": {"source": "16138548", "target": "331076"}}, {"type": "Feature", "geometry": {"type": "LineString", "coordinates": [[-27.697660683513163, 65.22019718960443], [-27.69945064498637, 65.21493416799177]]}, "properties": {"source": "16138548", "target": "20751443"}}, {"type": "Feature", "geometry": {"type": "LineString", "coordinates": [[-27.670495425216956, 65.21532622606524], [-27.688344606815008, 65.2211751802223]]}, "properties": {"source": "30531820", "target": "30166403"}}, {"type": "Feature", "geometry": {"type": "LineString", "coordinates": [[-27.670495425216956, 65.21532622606524], [-27.704948788018868, 65.22485467860432]]}, "properties": {"source": "30531820", "target": "22617371"}}, {"type": "Feature", "geometry": {"type": "LineString", "coordinates": [[-27.670495425216956, 65.21532622606524], [-27.701861178182355, 65.22871886897995]]}, "properties": {"source": "30531820", "target": "30838451"}}, {"type": "Feature", "geometry": {"type": "LineString", "coordinates": [[-27.70135657050261, 65.21857691376538], [-27.67068555650576, 65.2203816783568]]}, "properties": {"source": "18104110", "target": "537003"}}]}