{"type": "FeatureCollection", "features": [{"type": "Feature", "geometry": {"type": "LineString", "coordinates": [[-14.601685753229702, 57.281880534634084], [-14.538582086716957, 57.2896906725903]]}, "properties": {"source": "18693621", "target": "18880307"}}, {"type": "Feature", "geometry": {"type": "LineString", "coordinates": [[-14.601685753229702, 57.281880534634084], [-14.546609779555666, 57.275098720135574]]}, "properties": {"source": "18693621", "target": "18364153"}}, {"type": "Feature", "geometry": {"type": "LineString", "coordinates": [[-14.601685753229702, 57.281880534634084], [-14.56991189848361, 57.28589004795742]]}, "properties": {"source": "18693621", "target": "18211118"}}, {"type": "Feature", "geometry": {"type": "LineString", "coordinates": [[-14.601685753229702, 57.281880534634084], [-14.579357492487986, 57.28159851857562]]}, "properties": {"source": "18693621", "target": "18076876"}}, {"type": "Feature", "geometry": {"type": "LineString", "coordinates": [[-14.601685753229702, 57.281880534634084], [-14.623569671476304, 57.26974711467997]]}, "properties": {"source": "18693621", "target": "20821294"}}, {"type": "Feature", "geometry": {"type": "LineString", "coordinates": [[-14.601685753229702, 57.281880534634084], [-14.56166862902296, 57.281000114695146]]}, "properties": {"source": "18693621", "target": "17926109"}}, {"type": "Feature", "geometry": {"type": "LineString", "coordinates": [[-14.601685753229702, 57.281880534634084], [-14.603582424098164, 57.28946965795285]]}, "properties": {"source": "18693621", "target": "17926108"}}, {"type": "Feature", "geometry": {"type": "LineString", "coordinates": [[-14.601685753229702, 57.281880534634084], [-14.58950869541107, 57.28483607353593]]}, "properties": {"source": "18693621", "target": "23258847"}}, {"type": "Feature", "geometry": {"type": "LineString", "coordinates": [[-14.56878118191733, 57.266687630261586], [-14.587638616310187, 57.284850167647065]]}, "properties": {"source": "23148892", "target": "23364700"}}, {"type": "Feature", "geometry": {"type": "LineString", "coordinates": [[-14.56878118191733, 57.266687630261586], [-14.538294537087125, 57.27231916457335]]}, "properties": {"source": "23148892", "target": "26252172"}}, {"type": "Feature", "geometry": {"type": "LineString", "coordinates": [[-14.56878118191733, 57.266687630261586], [-14.545461798953625, 57.29095675436939]]}, "properties": {"source": "23148892", "target": "25601814"}}, {"type": "Feature", "geometry": {"type": "LineString", "coordinates": [[-14.56878118191733, 57.266687630261586], [-14.581826321946835, 57.294358703637656]]}, "properties": {"source": "23148892", "target": "23005153"}}, {"type": "Feature", "geometry": {"type": "LineString", "coordinates": [[-14.56878118191733, 57.266687630261586], [-14.596077904486435, 57.271882809837265]]}, "properties": {"source": "23148892", "target": "24804665"}}, {"type": "Feature", "geometry": {"type": "LineString", "coordinates": [[-14.600630319305338, 57.27516435850639], [-14.603648866924829, 57.276406812079784]]}, "properties": {"source": "23197095", "target": "23300811"}}, {"type": "Feature", "geometry": {"type": "LineString", "coordinates": [[-14.600630319305338, 57.27516435850639], [-14.548917708157205, 57.277827602703724]]}, "properties": {"source": "23197095", "target": "23622173"}}, {"type": "Feature", "geometry": {"type": "LineString", "coordinates": [[-14.600630319305338, 57.27516435850639], [-14.536627365486794, 57.26784935871244]]}, "properties": {"source": "23197095", "target": "21805408"}}, {"type": "Feature", "geometry": {"type": "LineString", "coordinates": [[-14.575452225524572, 57.28330300435431], [-14.585175506771265, 57.291485096045164]]}, "properties": {"source": "23761744", "target": "23173003"}}, {"type": "Feature", "geometry": {"type": "LineString", "coordinates": [[-14.575452225524572, 57.28330300435431], [-14.563497128362343, 57.27834717727691]]}, "properties": {"source": "23761744", "target": "18517009"}}, {"type": "Feature", "geometry": {"type": "LineString", "coordinates": [[-14.575452225524572, 57.28330300435431], [-14.587923057887423, 57.285365471362866]]}, "properties": {"source": "23761744", "target": "23597033"}}, {"type": "Feature", "geometry": {"type": "LineString", "coordinates": [[-14.575452225524572, 57.28330300435431], [-14.594240455380742, 57.270572317387206]]}, "properties": {"source": "23761744", "target": "23734167"}}, {"type": "Feature", "geometry": {"type": "LineString", "coordinates": [[-14.556970450724975, 57.27625718603662], [-14.620673848037654, 57.27271940071695]]}, "properties": {"source": "26312198", "target": "26312175"}}, {"type": "Feature", "geometry": {"type": "LineString", "coordinates": [[-14.556970450724975, 57.27625718603662], [-14.61986338619991, 57.27740114800014]]}, "properties": {"source": "26312198", "target": "22838811"}}, {"type": "Feature", "geometry": {"type": "LineString", "coordinates": [[-14.556970450724975, 57.27625718603662], [-14.556743309007715, 57.271028799948084]]}, "properties": {"source": "26312198", "target": "28438274"}}, {"type": "Feature", "geometry": {"type": "LineString", "coordinates": [[-14.574366220245253, 57.272931764903774], [-14.547749962413747, 57.288757176766026]]}, "properties": {"source": "23010184", "target": "25550961"}}, {"type": "Feature", "geometry": {"type": "LineString", "coordinates": [[-14.539230280490955, 57.272824751367], [-14.608460732058944, 57.273903103439864]]}, "properties": {"source": "21896342", "target": "24976627"}}, {"type": "Feature", "geometry": {"type": "LineString", "coordinates": [[-14.539230280490955, 57.272824751367], [-14.549139399648993, 57.2708592526466]]}, "properties": {"source": "21896342", "target": "23491832"}}, {"type": "Feature", "geometry": {"type": "LineString", "coordinates": [[-14.539230280490955, 57.272824751367], [-14.567965199026276, 57.27328010375649]]}, "properties": {"source": "21896342", "target": "21902162"}}, {"type": "Feature", "geometry": {"type": "LineString", "coordinates": [[-14.539230280490955, 57.272824751367], [-14.618676075588297, 57.29400890782135]]}, "properties": {"source": "21896342", "target": "18583972"}}, {"type": "Feature", "geometry": {"type": "LineString", "coordinates": [[-14.539230280490955, 57.272824751367], [-14.596762044142736, 57.27272936523016]]}, "properties": {"source": "21896342", "target": "17880603"}}, {"type": "Feature", "geometry": {"type": "LineString", "coordinates": [[-14.59078915021243, 57.29259809831525], [-14.572450139300969, 57.27820051438201]]}, "properties": {"source": "17876047", "target": "18625450"}}, {"type": "Feature", "geometry": {"type": "LineString", "coordinates": [[-14.59078915021243, 57.29259809831525], [-14.56991189848361, 57.28589004795742]]}, "properties": {"source": "17876047", "target": "18211118"}}, {"type": "Feature", "geometry": {"type": "LineString", "coordinates": [[-14.59078915021243, 57.29259809831525], [-14.579357492487986, 57.28159851857562]]}, "properties": {"source": "17876047", "target": "18076876"}}, {"type": "Feature", "geometry": {"type": "LineString", "coordinates": [[-14.600902831753245, 57.270426871874534], [-14.569065885612105, 57.28751582171607]]}, "properties": {"source": "25854788", "target": "27836005"}}, {"type": "Feature", "geometry": {"type": "LineString", "coordinates": [[-14.600902831753245, 57.270426871874534], [-14.585414546019308, 57.280996233739444]]}, "properties": {"source": "25854788", "target": "31435554"}}, {"type": "Feature", "geometry": {"type": "LineString", "coordinates": [[-14.600902831753245, 57.270426871874534], [-14.617257067269634, 57.294433793526196]]}, "properties": {"source": "25854788", "target": "26401378"}}, {"type": "Feature", "geometry": {"type": "LineString", "coordinates": [[-14.617257067269634, 57.294433793526196], [-14.546154661159846, 57.28748084166661]]}, "properties": {"source": "26401378", "target": "25448986"}}, {"type": "Feature", "geometry": {"type": "LineString", "coordinates": [[-14.568328175136344, 57.26789640937237], [-14.548917708157205, 57.277827602703724]]}, "properties": {"source": "21863137", "target": "23622173"}}, {"type": "Feature", "geometry": {"type": "LineString", "coordinates": [[-14.568328175136344, 57.26789640937237], [-14.61986338619991, 57.27740114800014]]}, "properties": {"source": "21863137", "target": "22838811"}}, {"type": "Feature", "geometry": {"type": "LineString", "coordinates": [[-14.568328175136344, 57.26789640937237], [-14.547383965014745, 57.265265021696706]]}, "properties": {"source": "21863137", "target": "21902087"}}, {"type": "Feature", "geometry": {"type": "LineString", "coordinates": [[-14.568328175136344, 57.26789640937237], [-14.594240455380742, 57.270572317387206]]}, "properties": {"source": "21863137", "target": "23734167"}}, {"type": "Feature", "geometry": {"type": "LineString", "coordinates": [[-14.614992362156585, 57.26512845758438], [-14.586769650277603, 57.265475158898354]]}, "properties": {"source": "29503163", "target": "30753716"}}, {"type": "Feature", "geometry": {"type": "LineString", "coordinates": [[-14.614992362156585, 57.26512845758438], [-14.621302417347579, 57.26859549451676]]}, "properties": {"source": "29503163", "target": "27557301"}}, {"type": "Feature", "geometry": {"type": "LineString", "coordinates": [[-14.614992362156585, 57.26512845758438], [-14.55115334024947, 57.290911213946586]]}, "properties": {"source": "29503163", "target": "29442359"}}, {"type": "Feature", "geometry": {"type": "LineString", "coordinates": [[-14.606173461938141, 57.278217164589364], [-14.538366164444767, 57.28567480830435]]}, "properties": {"source": "25168121", "target": "25906956"}}, {"type": "Feature", "geometry": {"type": "LineString", "coordinates": [[-14.606173461938141, 57.278217164589364], [-14.595322993671743, 57.26734082826468]]}, "properties": {"source": "25168121", "target": "25341651"}}, {"type": "Feature", "geometry": {"type": "LineString", "coordinates": [[-14.606173461938141, 57.278217164589364], [-14.60686601465585, 57.26581052037777]]}, "properties": {"source": "25168121", "target": "25178429"}}, {"type": "Feature", "geometry": {"type": "LineString", "coordinates": [[-14.606173461938141, 57.278217164589364], [-14.587683022984777, 57.28881675994269]]}, "properties": {"source": "25168121", "target": "25171485"}}, {"type": "Feature", "geometry": {"type": "LineString", "coordinates": [[-14.606173461938141, 57.278217164589364], [-14.584118891566277, 57.28855845013278]]}, "properties": {"source": "25168121", "target": "20891547"}}, {"type": "Feature", "geometry": {"type": "LineString", "coordinates": [[-14.625354174982164, 57.26573184724465], [-14.568117155625657, 57.26450123433702]]}, "properties": {"source": "19397862", "target": "20632548"}}, {"type": "Feature", "geometry": {"type": "LineString", "coordinates": [[-14.625354174982164, 57.26573184724465], [-14.557694149965215, 57.27259554842951]]}, "properties": {"source": "19397862", "target": "20639136"}}, {"type": "Feature", "geometry": {"type": "LineString", "coordinates": [[-14.625354174982164, 57.26573184724465], [-14.542832742643498, 57.28538342657538]]}, "properties": {"source": "19397862", "target": "20639078"}}, {"type": "Feature", "geometry": {"type": "LineString", "coordinates": [[-14.625354174982164, 57.26573184724465], [-14.563019619274598, 57.281132435653035]]}, "properties": {"source": "19397862", "target": "13568654"}}, {"type": "Feature", "geometry": {"type": "LineString", "coordinates": [[-14.625354174982164, 57.26573184724465], [-14.581382479601643, 57.28445938153354]]}, "properties": {"source": "19397862", "target": "18372293"}}, {"type": "Feature", "geometry": {"type": "LineString", "coordinates": [[-14.540761222556256, 57.28481225766761], [-14.615818646390863, 57.27999291145585]]}, "properties": {"source": "27834947", "target": "31824035"}}, {"type": "Feature", "geometry": {"type": "LineString", "coordinates": [[-14.540761222556256, 57.28481225766761], [-14.544430254623052, 57.274057110436345]]}, "properties": {"source": "27834947", "target": "28574017"}}, {"type": "Feature", "geometry": {"type": "LineString", "coordinates": [[-14.540761222556256, 57.28481225766761], [-14.590844835937588, 57.27492349667024]]}, "properties": {"source": "27834947", "target": "28096326"}}, {"type": "Feature", "geometry": {"type": "LineString", "coordinates": [[-14.584118891566277, 57.28855845013278], [-14.569065885612105, 57.28751582171607]]}, "properties": {"source": "20891547", "target": "27836005"}}, {"type": "Feature", "geometry": {"type": "LineString", "coordinates": [[-14.584118891566277, 57.28855845013278], [-14.542832742643498, 57.28538342657538]]}, "properties": {"source": "20891547", "target": "20639078"}}, {"type": "Feature", "geometry": {"type": "LineString", "coordinates": [[-14.546823113222416, 57.29354450553441], [-14.602887376460217, 57.270492285900275]]}, "properties": {"source": "23844414", "target": "22068620"}}, {"type": "Feature", "geometry": {"type": "LineString", "coordinates": [[-14.546823113222416, 57.29354450553441], [-14.611339732644723, 57.286921271401624]]}, "properties": {"source": "23844414", "target": "23447383"}}, {"type": "Feature", "geometry": {"type": "LineString", "coordinates": [[-14.546823113222416, 57.29354450553441], [-14.53587548392386, 57.28673082176485]]}, "properties": {"source": "23844414", "target": "18717645"}}, {"type": "Feature", "geometry": {"type": "LineString", "coordinates": [[-14.546823113222416, 57.29354450553441], [-14.568166872183582, 57.29439076057122]]}, "properties": {"source": "23844414", "target": "23662114"}}, {"type": "Feature", "geometry": {"type": "LineString", "coordinates": [[-14.546823113222416, 57.29354450553441], [-14.553754727164346, 57.268359136596104]]}, "properties": {"source": "23844414", "target": "27888635"}}, {"type": "Feature", "geometry": {"type": "LineString", "coordinates": [[-14.546823113222416, 57.29354450553441], [-14.619319944393197, 57.26625825962333]]}, "properties": {"source": "23844414", "target": "23551042"}}, {"type": "Feature", "geometry": {"type": "LineString", "coordinates": [[-14.599171937154637, 57.282358347840244], [-14.577821317102945, 57.267402206075005]]}, "properties": {"source": "18462806", "target": "19569028"}}, {"type": "Feature", "geometry": {"type": "LineString", "coordinates": [[-14.599171937154637, 57.282358347840244], [-14.549524411994952, 57.2860343538736]]}, "properties": {"source": "18462806", "target": "18730386"}}, {"type": "Feature", "geometry": {"type": "LineString", "coordinates": [[-14.599171937154637, 57.282358347840244], [-14.563497128362343, 57.27834717727691]]}, "properties": {"source": "18462806", "target": "18517009"}}, {"type": "Feature", "geometry": {"type": "LineString", "coordinates": [[-14.599171937154637, 57.282358347840244], [-14.615457270715012, 57.29053108132668]]}, "properties": {"source": "18462806", "target": "18374999"}}, {"type": "Feature", "geometry": {"type": "LineString", "coordinates": [[-14.599171937154637, 57.282358347840244], [-14.617880079485616, 57.268196234818845]]}, "properties": {"source": "18462806", "target": "21528220"}}, {"type": "Feature", "geometry": {"type": "LineString", "coordinates": [[-14.608213144747083, 57.28264830105819], [-14.572450139300969, 57.27820051438201]]}, "properties": {"source": "18524728", "target": "18625450"}}, {"type": "Feature", "geometry": {"type": "LineString", "coordinates": [[-14.608213144747083, 57.28264830105819], [-14.565321907643153, 57.2827171885921]]}, "properties": {"source": "18524728", "target": "18743467"}}, {"type": "Feature", "geometry": {"type": "LineString", "coordinates": [[-14.608213144747083, 57.28264830105819], [-14.564955038662049, 57.279815856102644]]}, "properties": {"source": "18524728", "target": "18605047"}}, {"type": "Feature", "geometry": {"type": "LineString", "coordinates": [[-14.548269177155078, 57.29309402942458], [-14.543520558533999, 57.270280481929035]]}, "properties": {"source": "25968411", "target": "23521324"}}, {"type": "Feature", "geometry": {"type": "LineString", "coordinates": [[-14.548269177155078, 57.29309402942458], [-14.536840874948439, 57.28409009687208]]}, "properties": {"source": "25968411", "target": "31283058"}}, {"type": "Feature", "geometry": {"type": "LineString", "coordinates": [[-14.548269177155078, 57.29309402942458], [-14.585510274273673, 57.28505289556348]]}, "properties": {"source": "25968411", "target": "32968992"}}, {"type": "Feature", "geometry": {"type": "LineString", "coordinates": [[-14.548269177155078, 57.29309402942458], [-14.568166872183582, 57.29439076057122]]}, "properties": {"source": "25968411", "target": "23662114"}}, {"type": "Feature", "geometry": {"type": "LineString", "coordinates": [[-14.548269177155078, 57.29309402942458], [-14.611258579312562, 57.26751339990574]]}, "properties": {"source": "25968411", "target": "25968516"}}, {"type": "Feature", "geometry": {"type": "LineString", "coordinates": [[-14.548269177155078, 57.29309402942458], [-14.61315434310714, 57.2752941940479]]}, "properties": {"source": "25968411", "target": "25862352"}}, {"type": "Feature", "geometry": {"type": "LineString", "coordinates": [[-14.548269177155078, 57.29309402942458], [-14.58608575917745, 57.26696540566404]]}, "properties": {"source": "25968411", "target": "35619967"}}, {"type": "Feature", "geometry": {"type": "LineString", "coordinates": [[-14.548862805208842, 57.27680463411568], [-14.597993074979883, 57.288670374526916]]}, "properties": {"source": "33840688", "target": "26838703"}}, {"type": "Feature", "geometry": {"type": "LineString", "coordinates": [[-14.546687202184842, 57.29337734881079], [-14.587923057887423, 57.285365471362866]]}, "properties": {"source": "30044343", "target": "23597033"}}, {"type": "Feature", "geometry": {"type": "LineString", "coordinates": [[-14.546687202184842, 57.29337734881079], [-14.535497089237879, 57.27490530178302]]}, "properties": {"source": "30044343", "target": "25340094"}}, {"type": "Feature", "geometry": {"type": "LineString", "coordinates": [[-14.546687202184842, 57.29337734881079], [-14.587797304610234, 57.28242235496499]]}, "properties": {"source": "30044343", "target": "36429045"}}, {"type": "Feature", "geometry": {"type": "LineString", "coordinates": [[-14.538644370714024, 57.27150465700004], [-14.623569671476304, 57.26974711467997]]}, "properties": {"source": "27188165", "target": "20821294"}}, {"type": "Feature", "geometry": {"type": "LineString", "coordinates": [[-14.538644370714024, 57.27150465700004], [-14.605898314570396, 57.293370862838856]]}, "properties": {"source": "27188165", "target": "28821417"}}, {"type": "Feature", "geometry": {"type": "LineString", "coordinates": [[-14.538644370714024, 57.27150465700004], [-14.610112273651197, 57.28852600281655]]}, "properties": {"source": "27188165", "target": "28012921"}}, {"type": "Feature", "geometry": {"type": "LineString", "coordinates": [[-14.538644370714024, 57.27150465700004], [-14.624530504345898, 57.29284020141503]]}, "properties": {"source": "27188165", "target": "30622123"}}, {"type": "Feature", "geometry": {"type": "LineString", "coordinates": [[-14.538644370714024, 57.27150465700004], [-14.568567924973024, 57.283905463267686]]}, "properties": {"source": "27188165", "target": "24582414"}}, {"type": "Feature", "geometry": {"type": "LineString", "coordinates": [[-14.545510171579735, 57.2723446070265], [-14.575601979862597, 57.265116752704856]]}, "properties": {"source": "26312131", "target": "29958356"}}, {"type": "Feature", "geometry": {"type": "LineString", "coordinates": [[-14.545510171579735, 57.2723446070265], [-14.585175506771265, 57.291485096045164]]}, "properties": {"source": "26312131", "target": "23173003"}}, {"type": "Feature", "geometry": {"type": "LineString", "coordinates": [[-14.545510171579735, 57.2723446070265], [-14.606253782005751, 57.28146170741124]]}, "properties": {"source": "26312131", "target": "26311787"}}, {"type": "Feature", "geometry": {"type": "LineString", "coordinates": [[-14.545510171579735, 57.2723446070265], [-14.547383965014745, 57.265265021696706]]}, "properties": {"source": "26312131", "target": "21902087"}}, {"type": "Feature", "geometry": {"type": "LineString", "coordinates": [[-14.61986338619991, 57.27740114800014], [-14.620673848037654, 57.27271940071695]]}, "properties": {"source": "22838811", "target": "26312175"}}, {"type": "Feature", "geometry": {"type": "LineString", "coordinates": [[-14.599371678481816, 57.28920944564733], [-14.605898314570396, 57.293370862838856]]}, "properties": {"source": "29105425", "target": "28821417"}}, {"type": "Feature", "geometry": {"type": "LineString", "coordinates": [[-14.599371678481816, 57.28920944564733], [-14.610112273651197, 57.28852600281655]]}, "properties": {"source": "29105425", "target": "28012921"}}, {"type": "Feature", "geometry": {"type": "LineString", "coordinates": [[-14.599371678481816, 57.28920944564733], [-14.624530504345898, 57.29284020141503]]}, "properties": {"source": "29105425", "target": "30622123"}}, {"type": "Feature", "geometry": {"type": "LineString", "coordinates": [[-14.573969313937766, 57.28578369800283], [-14.60686601465585, 57.26581052037777]]}, "properties": {"source": "25763989", "target": "25178429"}}, {"type": "Feature", "geometry": {"type": "LineString", "coordinates": [[-14.573969313937766, 57.28578369800283], [-14.557267192962883, 57.26439579445902]]}, "properties": {"source": "25763989", "target": "25865290"}}, {"type": "Feature", "geometry": {"type": "LineString", "coordinates": [[-14.573969313937766, 57.28578369800283], [-14.58171483934575, 57.27876772071242]]}, "properties": {"source": "25763989", "target": "23471558"}}, {"type": "Feature", "geometry": {"type": "LineString", "coordinates": [[-14.538582086716957, 57.2896906725903], [-14.572450139300969, 57.27820051438201]]}, "properties": {"source": "18880307", "target": "18625450"}}, {"type": "Feature", "geometry": {"type": "LineString", "coordinates": [[-14.538582086716957, 57.2896906725903], [-14.575348082733115, 57.28551578863859]]}, "properties": {"source": "18880307", "target": "21902610"}}, {"type": "Feature", "geometry": {"type": "LineString", "coordinates": [[-14.538582086716957, 57.2896906725903], [-14.602887376460217, 57.270492285900275]]}, "properties": {"source": "18880307", "target": "22068620"}}, {"type": "Feature", "geometry": {"type": "LineString", "coordinates": [[-14.538582086716957, 57.2896906725903], [-14.546609779555666, 57.275098720135574]]}, "properties": {"source": "18880307", "target": "18364153"}}, {"type": "Feature", "geometry": {"type": "LineString", "coordinates": [[-14.538582086716957, 57.2896906725903], [-14.56991189848361, 57.28589004795742]]}, "properties": {"source": "18880307", "target": "18211118"}}, {"type": "Feature", "geometry": {"type": "LineString", "coordinates": [[-14.587683022984777, 57.28881675994269], [-14.62013864244679, 57.267486792585004]]}, "properties": {"source": "25171485", "target": "23686727"}}, {"type": "Feature", "geometry": {"type": "LineString", "coordinates": [[-14.55281458346741, 57.28264922319413], [-14.572450139300969, 57.27820051438201]]}, "properties": {"source": "17859911", "target": "18625450"}}, {"type": "Feature", "geometry": {"type": "LineString", "coordinates": [[-14.55281458346741, 57.28264922319413], [-14.546609779555666, 57.275098720135574]]}, "properties": {"source": "17859911", "target": "18364153"}}, {"type": "Feature", "geometry": {"type": "LineString", "coordinates": [[-14.55281458346741, 57.28264922319413], [-14.56991189848361, 57.28589004795742]]}, "properties": {"source": "17859911", "target": "18211118"}}, {"type": "Feature", "geometry": {"type": "LineString", "coordinates": [[-14.55281458346741, 57.28264922319413], [-14.579357492487986, 57.28159851857562]]}, "properties": {"source": "17859911", "target": "18076876"}}, {"type": "Feature", "geometry": {"type": "LineString", "coordinates": [[-14.55281458346741, 57.28264922319413], [-14.553077835713424, 57.27101371809863]]}, "properties": {"source": "17859911", "target": "18192699"}}, {"type": "Feature", "geometry": {"type": "LineString", "coordinates": [[-14.55281458346741, 57.28264922319413], [-14.568840830539813, 57.27312420304028]]}, "properties": {"source": "17859911", "target": "17976745"}}, {"type": "Feature", "geometry": {"type": "LineString", "coordinates": [[-14.55281458346741, 57.28264922319413], [-14.55041826596181, 57.27552063136771]]}, "properties": {"source": "17859911", "target": "18054056"}}, {"type": "Feature", "geometry": {"type": "LineString", "coordinates": [[-14.595322993671743, 57.26734082826468], [-14.569379594786625, 57.274201205113314]]}, "properties": {"source": "25341651", "target": "24367985"}}, {"type": "Feature", "geometry": {"type": "LineString", "coordinates": [[-14.595322993671743, 57.26734082826468], [-14.62013864244679, 57.267486792585004]]}, "properties": {"source": "25341651", "target": "23686727"}}, {"type": "Feature", "geometry": {"type": "LineString", "coordinates": [[-14.595322993671743, 57.26734082826468], [-14.536319313052502, 57.27987092672204]]}, "properties": {"source": "25341651", "target": "30753643"}}, {"type": "Feature", "geometry": {"type": "LineString", "coordinates": [[-14.560331347324222, 57.29375447268876], [-14.560274628523302, 57.28872198969471]]}, "properties": {"source": "21807998", "target": "22083637"}}, {"type": "Feature", "geometry": {"type": "LineString", "coordinates": [[-14.560331347324222, 57.29375447268876], [-14.59712870987866, 57.28561463514946]]}, "properties": {"source": "21807998", "target": "27221238"}}, {"type": "Feature", "geometry": {"type": "LineString", "coordinates": [[-14.560331347324222, 57.29375447268876], [-14.536627365486794, 57.26784935871244]]}, "properties": {"source": "21807998", "target": "21805408"}}, {"type": "Feature", "geometry": {"type": "LineString", "coordinates": [[-14.560331347324222, 57.29375447268876], [-14.583885729039366, 57.28597916105255]]}, "properties": {"source": "21807998", "target": "20737459"}}, {"type": "Feature", "geometry": {"type": "LineString", "coordinates": [[-14.539689316833346, 57.270693488096924], [-14.59540847219563, 57.28001375336714]]}, "properties": {"source": "18341046", "target": "18269958"}}, {"type": "Feature", "geometry": {"type": "LineString", "coordinates": [[-14.58950869541107, 57.28483607353593], [-14.602887376460217, 57.270492285900275]]}, "properties": {"source": "23258847", "target": "22068620"}}, {"type": "Feature", "geometry": {"type": "LineString", "coordinates": [[-14.58950869541107, 57.28483607353593], [-14.59356467813717, 57.27735284531124]]}, "properties": {"source": "23258847", "target": "23375508"}}, {"type": "Feature", "geometry": {"type": "LineString", "coordinates": [[-14.58950869541107, 57.28483607353593], [-14.603648866924829, 57.276406812079784]]}, "properties": {"source": "23258847", "target": "23300811"}}, {"type": "Feature", "geometry": {"type": "LineString", "coordinates": [[-14.58950869541107, 57.28483607353593], [-14.579357492487986, 57.28159851857562]]}, "properties": {"source": "23258847", "target": "18076876"}}, {"type": "Feature", "geometry": {"type": "LineString", "coordinates": [[-14.58950869541107, 57.28483607353593], [-14.623569671476304, 57.26974711467997]]}, "properties": {"source": "23258847", "target": "20821294"}}, {"type": "Feature", "geometry": {"type": "LineString", "coordinates": [[-14.58950869541107, 57.28483607353593], [-14.611980319608364, 57.2863038704573]]}, "properties": {"source": "23258847", "target": "22152589"}}, {"type": "Feature", "geometry": {"type": "LineString", "coordinates": [[-14.58950869541107, 57.28483607353593], [-14.536880150820195, 57.267791866513946]]}, "properties": {"source": "23258847", "target": "22083017"}}, {"type": "Feature", "geometry": {"type": "LineString", "coordinates": [[-14.58950869541107, 57.28483607353593], [-14.568567924973024, 57.283905463267686]]}, "properties": {"source": "23258847", "target": "24582414"}}, {"type": "Feature", "geometry": {"type": "LineString", "coordinates": [[-14.579793614871676, 57.27746732617712], [-14.605307415844806, 57.29242007123791]]}, "properties": {"source": "17854691", "target": "22232698"}}, {"type": "Feature", "geometry": {"type": "LineString", "coordinates": [[-14.579793614871676, 57.27746732617712], [-14.556766725399427, 57.273853090204724]]}, "properties": {"source": "17854691", "target": "17934979"}}, {"type": "Feature", "geometry": {"type": "LineString", "coordinates": [[-14.556766725399427, 57.273853090204724], [-14.605307415844806, 57.29242007123791]]}, "properties": {"source": "17934979", "target": "22232698"}}, {"type": "Feature", "geometry": {"type": "LineString", "coordinates": [[-14.59920477424535, 57.289783478456144], [-14.575785523199556, 57.28509773111365]]}, "properties": {"source": "23571314", "target": "24809903"}}, {"type": "Feature", "geometry": {"type": "LineString", "coordinates": [[-14.547383965014745, 57.265265021696706], [-14.61986338619991, 57.27740114800014]]}, "properties": {"source": "21902087", "target": "22838811"}}, {"type": "Feature", "geometry": {"type": "LineString", "coordinates": [[-14.59540847219563, 57.28001375336714], [-14.611705234616494, 57.27464977589548]]}, "properties": {"source": "18269958", "target": "21473305"}}, {"type": "Feature", "geometry": {"type": "LineString", "coordinates": [[-14.559552399967231, 57.281161371262726], [-14.582595693918506, 57.28893057909434]]}, "properties": {"source": "22743035", "target": "23269991"}}, {"type": "Feature", "geometry": {"type": "LineString", "coordinates": [[-14.559552399967231, 57.281161371262726], [-14.574366220245253, 57.272931764903774]]}, "properties": {"source": "22743035", "target": "23010184"}}, {"type": "Feature", "geometry": {"type": "LineString", "coordinates": [[-14.541633690352455, 57.27299721501474], [-14.556766725399427, 57.273853090204724]]}, "properties": {"source": "18282913", "target": "17934979"}}, {"type": "Feature", "geometry": {"type": "LineString", "coordinates": [[-14.541633690352455, 57.27299721501474], [-14.596365926958697, 57.28836801644749]]}, "properties": {"source": "18282913", "target": "20868172"}}, {"type": "Feature", "geometry": {"type": "LineString", "coordinates": [[-14.617012509815936, 57.276646388519936], [-14.594809226161743, 57.28382486619776]]}, "properties": {"source": "32861737", "target": "30195145"}}, {"type": "Feature", "geometry": {"type": "LineString", "coordinates": [[-14.617012509815936, 57.276646388519936], [-14.60686601465585, 57.26581052037777]]}, "properties": {"source": "32861737", "target": "25178429"}}, {"type": "Feature", "geometry": {"type": "LineString", "coordinates": [[-14.617012509815936, 57.276646388519936], [-14.609459506560256, 57.265396599922425]]}, "properties": {"source": "32861737", "target": "33597798"}}, {"type": "Feature", "geometry": {"type": "LineString", "coordinates": [[-14.617012509815936, 57.276646388519936], [-14.548862805208842, 57.27680463411568]]}, "properties": {"source": "32861737", "target": "33840688"}}, {"type": "Feature", "geometry": {"type": "LineString", "coordinates": [[-14.617012509815936, 57.276646388519936], [-14.545200965242003, 57.27299628228343]]}, "properties": {"source": "32861737", "target": "26805129"}}, {"type": "Feature", "geometry": {"type": "LineString", "coordinates": [[-14.617012509815936, 57.276646388519936], [-14.569379594786625, 57.274201205113314]]}, "properties": {"source": "32861737", "target": "24367985"}}, {"type": "Feature", "geometry": {"type": "LineString", "coordinates": [[-14.617012509815936, 57.276646388519936], [-14.536319313052502, 57.27987092672204]]}, "properties": {"source": "32861737", "target": "30753643"}}, {"type": "Feature", "geometry": {"type": "LineString", "coordinates": [[-14.604076622066913, 57.28931273825988], [-14.573969313937766, 57.28578369800283]]}, "properties": {"source": "23011613", "target": "25763989"}}, {"type": "Feature", "geometry": {"type": "LineString", "coordinates": [[-14.604076622066913, 57.28931273825988], [-14.622948453900278, 57.27452265525841]]}, "properties": {"source": "23011613", "target": "25234004"}}, {"type": "Feature", "geometry": {"type": "LineString", "coordinates": [[-14.604076622066913, 57.28931273825988], [-14.591373952933083, 57.27118850459827]]}, "properties": {"source": "23011613", "target": "24151121"}}, {"type": "Feature", "geometry": {"type": "LineString", "coordinates": [[-14.604076622066913, 57.28931273825988], [-14.622867245319469, 57.26763823152561]]}, "properties": {"source": "23011613", "target": "23276717"}}, {"type": "Feature", "geometry": {"type": "LineString", "coordinates": [[-14.604076622066913, 57.28931273825988], [-14.57450390773701, 57.280248355719365]]}, "properties": {"source": "23011613", "target": "22884603"}}, {"type": "Feature", "geometry": {"type": "LineString", "coordinates": [[-14.604076622066913, 57.28931273825988], [-14.56976225600883, 57.26834950256992]]}, "properties": {"source": "23011613", "target": "23471550"}}, {"type": "Feature", "geometry": {"type": "LineString", "coordinates": [[-14.578965180084538, 57.27775946225455], [-14.582595693918506, 57.28893057909434]]}, "properties": {"source": "22922906", "target": "23269991"}}, {"type": "Feature", "geometry": {"type": "LineString", "coordinates": [[-14.578965180084538, 57.27775946225455], [-14.536627365486794, 57.26784935871244]]}, "properties": {"source": "22922906", "target": "21805408"}}, {"type": "Feature", "geometry": {"type": "LineString", "coordinates": [[-14.578965180084538, 57.27775946225455], [-14.545852547506513, 57.268108431523444]]}, "properties": {"source": "22922906", "target": "23002432"}}, {"type": "Feature", "geometry": {"type": "LineString", "coordinates": [[-14.578965180084538, 57.27775946225455], [-14.591707394056726, 57.29234031342381]]}, "properties": {"source": "22922906", "target": "24669408"}}, {"type": "Feature", "geometry": {"type": "LineString", "coordinates": [[-14.578965180084538, 57.27775946225455], [-14.601249045329439, 57.268489379788534]]}, "properties": {"source": "22922906", "target": "24446976"}}, {"type": "Feature", "geometry": {"type": "LineString", "coordinates": [[-14.573353609769072, 57.29276436584831], [-14.553077835713424, 57.27101371809863]]}, "properties": {"source": "17611319", "target": "18192699"}}, {"type": "Feature", "geometry": {"type": "LineString", "coordinates": [[-14.573353609769072, 57.29276436584831], [-14.602647533593597, 57.27791233083963]]}, "properties": {"source": "17611319", "target": "17226501"}}, {"type": "Feature", "geometry": {"type": "LineString", "coordinates": [[-14.573353609769072, 57.29276436584831], [-14.5703340780303, 57.268711105929356]]}, "properties": {"source": "17611319", "target": "17969685"}}, {"type": "Feature", "geometry": {"type": "LineString", "coordinates": [[-14.573353609769072, 57.29276436584831], [-14.610390408659384, 57.28875532047631]]}, "properties": {"source": "17611319", "target": "18623791"}}, {"type": "Feature", "geometry": {"type": "LineString", "coordinates": [[-14.601323351550946, 57.26877631816775], [-14.556744491028098, 57.27949349777903]]}, "properties": {"source": "24092889", "target": "19546770"}}, {"type": "Feature", "geometry": {"type": "LineString", "coordinates": [[-14.601323351550946, 57.26877631816775], [-14.600809641369267, 57.27135203749013]]}, "properties": {"source": "24092889", "target": "32913083"}}, {"type": "Feature", "geometry": {"type": "LineString", "coordinates": [[-14.601323351550946, 57.26877631816775], [-14.551021512078108, 57.29096018122823]]}, "properties": {"source": "24092889", "target": "20497619"}}, {"type": "Feature", "geometry": {"type": "LineString", "coordinates": [[-14.601323351550946, 57.26877631816775], [-14.550443595970961, 57.26950046151573]]}, "properties": {"source": "24092889", "target": "21483120"}}, {"type": "Feature", "geometry": {"type": "LineString", "coordinates": [[-14.601323351550946, 57.26877631816775], [-14.53626595813651, 57.271936131931085]]}, "properties": {"source": "24092889", "target": "22853160"}}, {"type": "Feature", "geometry": {"type": "LineString", "coordinates": [[-14.601323351550946, 57.26877631816775], [-14.575686161460993, 57.277409036968976]]}, "properties": {"source": "24092889", "target": "23989100"}}, {"type": "Feature", "geometry": {"type": "LineString", "coordinates": [[-14.601323351550946, 57.26877631816775], [-14.578754039358898, 57.29333771775211]]}, "properties": {"source": "24092889", "target": "22853093"}}, {"type": "Feature", "geometry": {"type": "LineString", "coordinates": [[-14.601323351550946, 57.26877631816775], [-14.568200528850099, 57.276019956160695]]}, "properties": {"source": "24092889", "target": "27404782"}}, {"type": "Feature", "geometry": {"type": "LineString", "coordinates": [[-14.624672903984106, 57.28068662580327], [-14.56826778316102, 57.290042086412925]]}, "properties": {"source": "25502195", "target": "25448985"}}, {"type": "Feature", "geometry": {"type": "LineString", "coordinates": [[-14.624672903984106, 57.28068662580327], [-14.53587548392386, 57.28673082176485]]}, "properties": {"source": "25502195", "target": "18717645"}}, {"type": "Feature", "geometry": {"type": "LineString", "coordinates": [[-14.624672903984106, 57.28068662580327], [-14.549280566552369, 57.27249694786103]]}, "properties": {"source": "25502195", "target": "19180883"}}, {"type": "Feature", "geometry": {"type": "LineString", "coordinates": [[-14.624672903984106, 57.28068662580327], [-14.553754727164346, 57.268359136596104]]}, "properties": {"source": "25502195", "target": "27888635"}}, {"type": "Feature", "geometry": {"type": "LineString", "coordinates": [[-14.624672903984106, 57.28068662580327], [-14.59920477424535, 57.289783478456144]]}, "properties": {"source": "25502195", "target": "23571314"}}, {"type": "Feature", "geometry": {"type": "LineString", "coordinates": [[-14.624672903984106, 57.28068662580327], [-14.569065885612105, 57.28751582171607]]}, "properties": {"source": "25502195", "target": "27836005"}}, {"type": "Feature", "geometry": {"type": "LineString", "coordinates": [[-14.624672903984106, 57.28068662580327], [-14.575785523199556, 57.28509773111365]]}, "properties": {"source": "25502195", "target": "24809903"}}, {"type": "Feature", "geometry": {"type": "LineString", "coordinates": [[-14.624672903984106, 57.28068662580327], [-14.589029711014547, 57.274302569121375]]}, "properties": {"source": "25502195", "target": "29975006"}}, {"type": "Feature", "geometry": {"type": "LineString", "coordinates": [[-14.622867245319469, 57.26763823152561], [-14.57450390773701, 57.280248355719365]]}, "properties": {"source": "23276717", "target": "22884603"}}, {"type": "Feature", "geometry": {"type": "LineString", "coordinates": [[-14.622867245319469, 57.26763823152561], [-14.56976225600883, 57.26834950256992]]}, "properties": {"source": "23276717", "target": "23471550"}}, {"type": "Feature", "geometry": {"type": "LineString", "coordinates": [[-14.622867245319469, 57.26763823152561], [-14.58171483934575, 57.27876772071242]]}, "properties": {"source": "23276717", "target": "23471558"}}, {"type": "Feature", "geometry": {"type": "LineString", "coordinates": [[-14.622867245319469, 57.26763823152561], [-14.554168561645128, 57.2726220034273]]}, "properties": {"source": "23276717", "target": "21521348"}}, {"type": "Feature", "geometry": {"type": "LineString", "coordinates": [[-14.622867245319469, 57.26763823152561], [-14.54165812653659, 57.273734647265044]]}, "properties": {"source": "23276717", "target": "21518679"}}, {"type": "Feature", "geometry": {"type": "LineString", "coordinates": [[-14.545510171579735, 57.2723446070265], [-14.594704617484553, 57.277044975186584]]}, "properties": {"source": "26312131", "target": "24655681"}}, {"type": "Feature", "geometry": {"type": "LineString", "coordinates": [[-14.545510171579735, 57.2723446070265], [-14.620673848037654, 57.27271940071695]]}, "properties": {"source": "26312131", "target": "26312175"}}, {"type": "Feature", "geometry": {"type": "LineString", "coordinates": [[-14.545510171579735, 57.2723446070265], [-14.556970450724975, 57.27625718603662]]}, "properties": {"source": "26312131", "target": "26312198"}}, {"type": "Feature", "geometry": {"type": "LineString", "coordinates": [[-14.5834469286672, 57.27472899714928], [-14.59590501337371, 57.27174701745139]]}, "properties": {"source": "20843860", "target": "20518655"}}, {"type": "Feature", "geometry": {"type": "LineString", "coordinates": [[-14.5834469286672, 57.27472899714928], [-14.568117155625657, 57.26450123433702]]}, "properties": {"source": "20843860", "target": "20632548"}}, {"type": "Feature", "geometry": {"type": "LineString", "coordinates": [[-14.5834469286672, 57.27472899714928], [-14.557694149965215, 57.27259554842951]]}, "properties": {"source": "20843860", "target": "20639136"}}, {"type": "Feature", "geometry": {"type": "LineString", "coordinates": [[-14.5834469286672, 57.27472899714928], [-14.587638616310187, 57.284850167647065]]}, "properties": {"source": "20843860", "target": "23364700"}}, {"type": "Feature", "geometry": {"type": "LineString", "coordinates": [[-14.5834469286672, 57.27472899714928], [-14.610390408659384, 57.28875532047631]]}, "properties": {"source": "20843860", "target": "18623791"}}, {"type": "Feature", "geometry": {"type": "LineString", "coordinates": [[-14.5834469286672, 57.27472899714928], [-14.60853342626362, 57.2891268521754]]}, "properties": {"source": "20843860", "target": "22854806"}}, {"type": "Feature", "geometry": {"type": "LineString", "coordinates": [[-14.5834469286672, 57.27472899714928], [-14.612928626432733, 57.27796240255134]]}, "properties": {"source": "20843860", "target": "20745142"}}, {"type": "Feature", "geometry": {"type": "LineString", "coordinates": [[-14.614992362156585, 57.26512845758438], [-14.536880150820195, 57.267791866513946]]}, "properties": {"source": "29503163", "target": "22083017"}}, {"type": "Feature", "geometry": {"type": "LineString", "coordinates": [[-14.585989349111685, 57.26540833548289], [-14.58171483934575, 57.27876772071242]]}, "properties": {"source": "25800860", "target": "23471558"}}, {"type": "Feature", "geometry": {"type": "LineString", "coordinates": [[-14.585989349111685, 57.26540833548289], [-14.563376604532323, 57.265087238023995]]}, "properties": {"source": "25800860", "target": "31753318"}}, {"type": "Feature", "geometry": {"type": "LineString", "coordinates": [[-14.585989349111685, 57.26540833548289], [-14.605431502773598, 57.283660954081114]]}, "properties": {"source": "25800860", "target": "23574611"}}, {"type": "Feature", "geometry": {"type": "LineString", "coordinates": [[-14.539176149256491, 57.26574711634798], [-14.600809641369267, 57.27135203749013]]}, "properties": {"source": "30111325", "target": "32913083"}}, {"type": "Feature", "geometry": {"type": "LineString", "coordinates": [[-14.539176149256491, 57.26574711634798], [-14.59712870987866, 57.28561463514946]]}, "properties": {"source": "30111325", "target": "27221238"}}, {"type": "Feature", "geometry": {"type": "LineString", "coordinates": [[-14.539176149256491, 57.26574711634798], [-14.565811807820097, 57.275956857844946]]}, "properties": {"source": "30111325", "target": "31222872"}}, {"type": "Feature", "geometry": {"type": "LineString", "coordinates": [[-14.539176149256491, 57.26574711634798], [-14.596949960317772, 57.27336300310961]]}, "properties": {"source": "30111325", "target": "32909903"}}, {"type": "Feature", "geometry": {"type": "LineString", "coordinates": [[-14.539176149256491, 57.26574711634798], [-14.621302417347579, 57.26859549451676]]}, "properties": {"source": "30111325", "target": "27557301"}}, {"type": "Feature", "geometry": {"type": "LineString", "coordinates": [[-14.580018389133073, 57.280357965374904], [-14.602647533593597, 57.27791233083963]]}, "properties": {"source": "15889767", "target": "17226501"}}, {"type": "Feature", "geometry": {"type": "LineString", "coordinates": [[-14.580018389133073, 57.280357965374904], [-14.576344346472894, 57.29177636477499]]}, "properties": {"source": "15889767", "target": "16165667"}}, {"type": "Feature", "geometry": {"type": "LineString", "coordinates": [[-14.580018389133073, 57.280357965374904], [-14.563019619274598, 57.281132435653035]]}, "properties": {"source": "15889767", "target": "13568654"}}, {"type": "Feature", "geometry": {"type": "LineString", "coordinates": [[-14.538355198476694, 57.2664400688213], [-14.595490858703869, 57.28905768997849]]}, "properties": {"source": "26132248", "target": "25827778"}}, {"type": "Feature", "geometry": {"type": "LineString", "coordinates": [[-14.538355198476694, 57.2664400688213], [-14.563685463299976, 57.26822282687125]]}, "properties": {"source": "26132248", "target": "25065693"}}, {"type": "Feature", "geometry": {"type": "LineString", "coordinates": [[-14.55215170591896, 57.28322146770435], [-14.546154661159846, 57.28748084166661]]}, "properties": {"source": "25476480", "target": "25448986"}}, {"type": "Feature", "geometry": {"type": "LineString", "coordinates": [[-14.55215170591896, 57.28322146770435], [-14.584053772114657, 57.27252173597873]]}, "properties": {"source": "25476480", "target": "24485852"}}, {"type": "Feature", "geometry": {"type": "LineString", "coordinates": [[-14.621302417347579, 57.26859549451676], [-14.593353631998013, 57.26884970093498]]}, "properties": {"source": "27557301", "target": "27805860"}}, {"type": "Feature", "geometry": {"type": "LineString", "coordinates": [[-14.575348082733115, 57.28551578863859], [-14.565321907643153, 57.2827171885921]]}, "properties": {"source": "21902610", "target": "18743467"}}, {"type": "Feature", "geometry": {"type": "LineString", "coordinates": [[-14.575348082733115, 57.28551578863859], [-14.610112273651197, 57.28852600281655]]}, "properties": {"source": "21902610", "target": "28012921"}}, {"type": "Feature", "geometry": {"type": "LineString", "coordinates": [[-14.575348082733115, 57.28551578863859], [-14.553077835713424, 57.27101371809863]]}, "properties": {"source": "21902610", "target": "18192699"}}, {"type": "Feature", "geometry": {"type": "LineString", "coordinates": [[-14.575348082733115, 57.28551578863859], [-14.564955038662049, 57.279815856102644]]}, "properties": {"source": "21902610", "target": "18605047"}}, {"type": "Feature", "geometry": {"type": "LineString", "coordinates": [[-14.575348082733115, 57.28551578863859], [-14.623091903210963, 57.27231636368069]]}, "properties": {"source": "21902610", "target": "28475027"}}, {"type": "Feature", "geometry": {"type": "LineString", "coordinates": [[-14.575348082733115, 57.28551578863859], [-14.55041826596181, 57.27552063136771]]}, "properties": {"source": "21902610", "target": "18054056"}}, {"type": "Feature", "geometry": {"type": "LineString", "coordinates": [[-14.575348082733115, 57.28551578863859], [-14.552977874518604, 57.280253288045046]]}, "properties": {"source": "21902610", "target": "19068786"}}, {"type": "Feature", "geometry": {"type": "LineString", "coordinates": [[-14.575348082733115, 57.28551578863859], [-14.584118891566277, 57.28855845013278]]}, "properties": {"source": "21902610", "target": "20891547"}}, {"type": "Feature", "geometry": {"type": "LineString", "coordinates": [[-14.563376604532323, 57.265087238023995], [-14.609459506560256, 57.265396599922425]]}, "properties": {"source": "31753318", "target": "33597798"}}, {"type": "Feature", "geometry": {"type": "LineString", "coordinates": [[-14.563376604532323, 57.265087238023995], [-14.557267192962883, 57.26439579445902]]}, "properties": {"source": "31753318", "target": "25865290"}}, {"type": "Feature", "geometry": {"type": "LineString", "coordinates": [[-14.563376604532323, 57.265087238023995], [-14.58171483934575, 57.27876772071242]]}, "properties": {"source": "31753318", "target": "23471558"}}, {"type": "Feature", "geometry": {"type": "LineString", "coordinates": [[-14.579248766632418, 57.292173879730186], [-14.602647533593597, 57.27791233083963]]}, "properties": {"source": "16116922", "target": "17226501"}}, {"type": "Feature", "geometry": {"type": "LineString", "coordinates": [[-14.579248766632418, 57.292173879730186], [-14.576344346472894, 57.29177636477499]]}, "properties": {"source": "16116922", "target": "16165667"}}, {"type": "Feature", "geometry": {"type": "LineString", "coordinates": [[-14.579248766632418, 57.292173879730186], [-14.56611896248279, 57.275951046520106]]}, "properties": {"source": "16116922", "target": "17212972"}}, {"type": "Feature", "geometry": {"type": "LineString", "coordinates": [[-14.579248766632418, 57.292173879730186], [-14.563019619274598, 57.281132435653035]]}, "properties": {"source": "16116922", "target": "13568654"}}, {"type": "Feature", "geometry": {"type": "LineString", "coordinates": [[-14.579248766632418, 57.292173879730186], [-14.547221461347192, 57.287312155134146]]}, "properties": {"source": "16116922", "target": "17737981"}}, {"type": "Feature", "geometry": {"type": "LineString", "coordinates": [[-14.608670068317423, 57.27323622486318], [-14.603582424098164, 57.28946965795285]]}, "properties": {"source": "17788556", "target": "17926108"}}, {"type": "Feature", "geometry": {"type": "LineString", "coordinates": [[-14.608670068317423, 57.27323622486318], [-14.611201042310341, 57.28449826912504]]}, "properties": {"source": "17788556", "target": "17800107"}}, {"type": "Feature", "geometry": {"type": "LineString", "coordinates": [[-14.608670068317423, 57.27323622486318], [-14.563316194423379, 57.278242963540094]]}, "properties": {"source": "17788556", "target": "17876030"}}, {"type": "Feature", "geometry": {"type": "LineString", "coordinates": [[-14.608670068317423, 57.27323622486318], [-14.561096142655202, 57.26474660678626]]}, "properties": {"source": "17788556", "target": "18622604"}}, {"type": "Feature", "geometry": {"type": "LineString", "coordinates": [[-14.608670068317423, 57.27323622486318], [-14.624833671559713, 57.28176034121185]]}, "properties": {"source": "17788556", "target": "17800073"}}, {"type": "Feature", "geometry": {"type": "LineString", "coordinates": [[-14.608670068317423, 57.27323622486318], [-14.557567999289773, 57.28315118989602]]}, "properties": {"source": "17788556", "target": "18044508"}}, {"type": "Feature", "geometry": {"type": "LineString", "coordinates": [[-14.573041653700898, 57.268091129809164], [-14.599731063941363, 57.2777554057694]]}, "properties": {"source": "17869239", "target": "17869229"}}, {"type": "Feature", "geometry": {"type": "LineString", "coordinates": [[-14.573041653700898, 57.268091129809164], [-14.58146540528412, 57.27739688373532]]}, "properties": {"source": "17869239", "target": "18249941"}}, {"type": "Feature", "geometry": {"type": "LineString", "coordinates": [[-14.559552399967231, 57.281161371262726], [-14.584118891566277, 57.28855845013278]]}, "properties": {"source": "22743035", "target": "20891547"}}, {"type": "Feature", "geometry": {"type": "LineString", "coordinates": [[-14.559552399967231, 57.281161371262726], [-14.619319944393197, 57.26625825962333]]}, "properties": {"source": "22743035", "target": "23551042"}}, {"type": "Feature", "geometry": {"type": "LineString", "coordinates": [[-14.559552399967231, 57.281161371262726], [-14.569065885612105, 57.28751582171607]]}, "properties": {"source": "22743035", "target": "27836005"}}, {"type": "Feature", "geometry": {"type": "LineString", "coordinates": [[-14.559552399967231, 57.281161371262726], [-14.544555140546208, 57.27758864352607]]}, "properties": {"source": "22743035", "target": "25438676"}}, {"type": "Feature", "geometry": {"type": "LineString", "coordinates": [[-14.559552399967231, 57.281161371262726], [-14.59482066843546, 57.277161225402764]]}, "properties": {"source": "22743035", "target": "29741547"}}, {"type": "Feature", "geometry": {"type": "LineString", "coordinates": [[-14.559552399967231, 57.281161371262726], [-14.585414546019308, 57.280996233739444]]}, "properties": {"source": "22743035", "target": "31435554"}}, {"type": "Feature", "geometry": {"type": "LineString", "coordinates": [[-14.560531900187868, 57.26627826235082], [-14.615818646390863, 57.27999291145585]]}, "properties": {"source": "33671825", "target": "31824035"}}, {"type": "Feature", "geometry": {"type": "LineString", "coordinates": [[-14.560531900187868, 57.26627826235082], [-14.544430254623052, 57.274057110436345]]}, "properties": {"source": "33671825", "target": "28574017"}}, {"type": "Feature", "geometry": {"type": "LineString", "coordinates": [[-14.576344346472894, 57.29177636477499], [-14.590049048613025, 57.2658623210022]]}, "properties": {"source": "16165667", "target": "17375956"}}, {"type": "Feature", "geometry": {"type": "LineString", "coordinates": [[-14.576344346472894, 57.29177636477499], [-14.622128170805894, 57.29028595678788]]}, "properties": {"source": "16165667", "target": "17727180"}}, {"type": "Feature", "geometry": {"type": "LineString", "coordinates": [[-14.584154978596075, 57.28910195434105], [-14.58051374821872, 57.29030243691261]]}, "properties": {"source": "23475917", "target": "25041079"}}, {"type": "Feature", "geometry": {"type": "LineString", "coordinates": [[-14.584154978596075, 57.28910195434105], [-14.546823113222416, 57.29354450553441]]}, "properties": {"source": "23475917", "target": "23844414"}}, {"type": "Feature", "geometry": {"type": "LineString", "coordinates": [[-14.584154978596075, 57.28910195434105], [-14.611339732644723, 57.286921271401624]]}, "properties": {"source": "23475917", "target": "23447383"}}, {"type": "Feature", "geometry": {"type": "LineString", "coordinates": [[-14.584154978596075, 57.28910195434105], [-14.617880079485616, 57.268196234818845]]}, "properties": {"source": "23475917", "target": "21528220"}}, {"type": "Feature", "geometry": {"type": "LineString", "coordinates": [[-14.537554941920803, 57.294088552801654], [-14.590844835937588, 57.27492349667024]]}, "properties": {"source": "20647753", "target": "28096326"}}, {"type": "Feature", "geometry": {"type": "LineString", "coordinates": [[-14.537554941920803, 57.294088552801654], [-14.549139399648993, 57.2708592526466]]}, "properties": {"source": "20647753", "target": "23491832"}}, {"type": "Feature", "geometry": {"type": "LineString", "coordinates": [[-14.54691395693527, 57.27241550645971], [-14.602647533593597, 57.27791233083963]]}, "properties": {"source": "17155500", "target": "17226501"}}, {"type": "Feature", "geometry": {"type": "LineString", "coordinates": [[-14.54691395693527, 57.27241550645971], [-14.56611896248279, 57.275951046520106]]}, "properties": {"source": "17155500", "target": "17212972"}}, {"type": "Feature", "geometry": {"type": "LineString", "coordinates": [[-14.54691395693527, 57.27241550645971], [-14.579248766632418, 57.292173879730186]]}, "properties": {"source": "17155500", "target": "16116922"}}, {"type": "Feature", "geometry": {"type": "LineString", "coordinates": [[-14.54691395693527, 57.27241550645971], [-14.563019619274598, 57.281132435653035]]}, "properties": {"source": "17155500", "target": "13568654"}}, {"type": "Feature", "geometry": {"type": "LineString", "coordinates": [[-14.54691395693527, 57.27241550645971], [-14.543476846653988, 57.2692213728041]]}, "properties": {"source": "17155500", "target": "21816542"}}, {"type": "Feature", "geometry": {"type": "LineString", "coordinates": [[-14.57368538374027, 57.28206766873758], [-14.602887376460217, 57.270492285900275]]}, "properties": {"source": "18039219", "target": "22068620"}}, {"type": "Feature", "geometry": {"type": "LineString", "coordinates": [[-14.57368538374027, 57.28206766873758], [-14.560988087491808, 57.27193997935099]]}, "properties": {"source": "18039219", "target": "17832986"}}, {"type": "Feature", "geometry": {"type": "LineString", "coordinates": [[-14.57368538374027, 57.28206766873758], [-14.569551255401421, 57.26798515209627]]}, "properties": {"source": "18039219", "target": "17832415"}}, {"type": "Feature", "geometry": {"type": "LineString", "coordinates": [[-14.6138306411857, 57.28203153628624], [-14.623091903210963, 57.27231636368069]]}, "properties": {"source": "26167797", "target": "28475027"}}, {"type": "Feature", "geometry": {"type": "LineString", "coordinates": [[-14.6138306411857, 57.28203153628624], [-14.59384866591617, 57.27545880466819]]}, "properties": {"source": "26167797", "target": "25550971"}}, {"type": "Feature", "geometry": {"type": "LineString", "coordinates": [[-14.6138306411857, 57.28203153628624], [-14.611339732644723, 57.286921271401624]]}, "properties": {"source": "26167797", "target": "23447383"}}, {"type": "Feature", "geometry": {"type": "LineString", "coordinates": [[-14.6138306411857, 57.28203153628624], [-14.606335681832235, 57.26938139688953]]}, "properties": {"source": "26167797", "target": "26158237"}}, {"type": "Feature", "geometry": {"type": "LineString", "coordinates": [[-14.6138306411857, 57.28203153628624], [-14.582241335555864, 57.28566964555969]]}, "properties": {"source": "26167797", "target": "24582443"}}, {"type": "Feature", "geometry": {"type": "LineString", "coordinates": [[-14.6138306411857, 57.28203153628624], [-14.595490858703869, 57.28905768997849]]}, "properties": {"source": "26167797", "target": "25827778"}}, {"type": "Feature", "geometry": {"type": "LineString", "coordinates": [[-14.6138306411857, 57.28203153628624], [-14.538355198476694, 57.2664400688213]]}, "properties": {"source": "26167797", "target": "26132248"}}, {"type": "Feature", "geometry": {"type": "LineString", "coordinates": [[-14.6138306411857, 57.28203153628624], [-14.563685463299976, 57.26822282687125]]}, "properties": {"source": "26167797", "target": "25065693"}}, {"type": "Feature", "geometry": {"type": "LineString", "coordinates": [[-14.58950869541107, 57.28483607353593], [-14.535250345795987, 57.27872954010719]]}, "properties": {"source": "23258847", "target": "22929550"}}, {"type": "Feature", "geometry": {"type": "LineString", "coordinates": [[-14.556744491028098, 57.27949349777903], [-14.575452225524572, 57.28330300435431]]}, "properties": {"source": "19546770", "target": "23761744"}}, {"type": "Feature", "geometry": {"type": "LineString", "coordinates": [[-14.556744491028098, 57.27949349777903], [-14.548917708157205, 57.277827602703724]]}, "properties": {"source": "19546770", "target": "23622173"}}, {"type": "Feature", "geometry": {"type": "LineString", "coordinates": [[-14.556744491028098, 57.27949349777903], [-14.609839340541612, 57.292040809945604]]}, "properties": {"source": "19546770", "target": "28438267"}}, {"type": "Feature", "geometry": {"type": "LineString", "coordinates": [[-14.556744491028098, 57.27949349777903], [-14.61986338619991, 57.27740114800014]]}, "properties": {"source": "19546770", "target": "22838811"}}, {"type": "Feature", "geometry": {"type": "LineString", "coordinates": [[-14.556744491028098, 57.27949349777903], [-14.603615351848077, 57.28797075760296]]}, "properties": {"source": "19546770", "target": "20497616"}}, {"type": "Feature", "geometry": {"type": "LineString", "coordinates": [[-14.556744491028098, 57.27949349777903], [-14.551021512078108, 57.29096018122823]]}, "properties": {"source": "19546770", "target": "20497619"}}, {"type": "Feature", "geometry": {"type": "LineString", "coordinates": [[-14.556744491028098, 57.27949349777903], [-14.550443595970961, 57.26950046151573]]}, "properties": {"source": "19546770", "target": "21483120"}}, {"type": "Feature", "geometry": {"type": "LineString", "coordinates": [[-14.585175506771265, 57.291485096045164], [-14.603615351848077, 57.28797075760296]]}, "properties": {"source": "23173003", "target": "20497616"}}, {"type": "Feature", "geometry": {"type": "LineString", "coordinates": [[-14.585175506771265, 57.291485096045164], [-14.547383965014745, 57.265265021696706]]}, "properties": {"source": "23173003", "target": "21902087"}}, {"type": "Feature", "geometry": {"type": "LineString", "coordinates": [[-14.53587548392386, 57.28673082176485], [-14.602887376460217, 57.270492285900275]]}, "properties": {"source": "18717645", "target": "22068620"}}, {"type": "Feature", "geometry": {"type": "LineString", "coordinates": [[-14.53587548392386, 57.28673082176485], [-14.603615351848077, 57.28797075760296]]}, "properties": {"source": "18717645", "target": "20497616"}}, {"type": "Feature", "geometry": {"type": "LineString", "coordinates": [[-14.53587548392386, 57.28673082176485], [-14.617646544969375, 57.280924568492]]}, "properties": {"source": "18717645", "target": "20262760"}}, {"type": "Feature", "geometry": {"type": "LineString", "coordinates": [[-14.53587548392386, 57.28673082176485], [-14.59920477424535, 57.289783478456144]]}, "properties": {"source": "18717645", "target": "23571314"}}, {"type": "Feature", "geometry": {"type": "LineString", "coordinates": [[-14.53587548392386, 57.28673082176485], [-14.575785523199556, 57.28509773111365]]}, "properties": {"source": "18717645", "target": "24809903"}}, {"type": "Feature", "geometry": {"type": "LineString", "coordinates": [[-14.610390233355304, 57.268787097284445], [-14.538366164444767, 57.28567480830435]]}, "properties": {"source": "18809943", "target": "25906956"}}, {"type": "Feature", "geometry": {"type": "LineString", "coordinates": [[-14.575397623403433, 57.27620137480021], [-14.579769272527017, 57.28524234533418]]}, "properties": {"source": "20874330", "target": "20553451"}}, {"type": "Feature", "geometry": {"type": "LineString", "coordinates": [[-14.575397623403433, 57.27620137480021], [-14.536627365486794, 57.26784935871244]]}, "properties": {"source": "20874330", "target": "21805408"}}, {"type": "Feature", "geometry": {"type": "LineString", "coordinates": [[-14.575397623403433, 57.27620137480021], [-14.59590501337371, 57.27174701745139]]}, "properties": {"source": "20874330", "target": "20518655"}}, {"type": "Feature", "geometry": {"type": "LineString", "coordinates": [[-14.575397623403433, 57.27620137480021], [-14.541556992140556, 57.268933283442394]]}, "properties": {"source": "20874330", "target": "22840041"}}, {"type": "Feature", "geometry": {"type": "LineString", "coordinates": [[-14.575397623403433, 57.27620137480021], [-14.61662184268522, 57.26551705374092]]}, "properties": {"source": "20874330", "target": "18692169"}}, {"type": "Feature", "geometry": {"type": "LineString", "coordinates": [[-14.575397623403433, 57.27620137480021], [-14.60686357732294, 57.28669488013183]]}, "properties": {"source": "20874330", "target": "24046148"}}, {"type": "Feature", "geometry": {"type": "LineString", "coordinates": [[-14.575397623403433, 57.27620137480021], [-14.542832742643498, 57.28538342657538]]}, "properties": {"source": "20874330", "target": "20639078"}}, {"type": "Feature", "geometry": {"type": "LineString", "coordinates": [[-14.60361477266457, 57.29115041084299], [-14.573969313937766, 57.28578369800283]]}, "properties": {"source": "21063217", "target": "25763989"}}, {"type": "Feature", "geometry": {"type": "LineString", "coordinates": [[-14.538696571036269, 57.27849976962102], [-14.606253782005751, 57.28146170741124]]}, "properties": {"source": "24655635", "target": "26311787"}}, {"type": "Feature", "geometry": {"type": "LineString", "coordinates": [[-14.538696571036269, 57.27849976962102], [-14.595477083264655, 57.26900690157305]]}, "properties": {"source": "24655635", "target": "24654248"}}, {"type": "Feature", "geometry": {"type": "LineString", "coordinates": [[-14.538696571036269, 57.27849976962102], [-14.547383965014745, 57.265265021696706]]}, "properties": {"source": "24655635", "target": "21902087"}}, {"type": "Feature", "geometry": {"type": "LineString", "coordinates": [[-14.538696571036269, 57.27849976962102], [-14.623136052512848, 57.28741344942465]]}, "properties": {"source": "24655635", "target": "24221306"}}, {"type": "Feature", "geometry": {"type": "LineString", "coordinates": [[-14.623569671476304, 57.26974711467997], [-14.602887376460217, 57.270492285900275]]}, "properties": {"source": "20821294", "target": "22068620"}}, {"type": "Feature", "geometry": {"type": "LineString", "coordinates": [[-14.623569671476304, 57.26974711467997], [-14.56991189848361, 57.28589004795742]]}, "properties": {"source": "20821294", "target": "18211118"}}, {"type": "Feature", "geometry": {"type": "LineString", "coordinates": [[-14.623569671476304, 57.26974711467997], [-14.56166862902296, 57.281000114695146]]}, "properties": {"source": "20821294", "target": "17926109"}}, {"type": "Feature", "geometry": {"type": "LineString", "coordinates": [[-14.623569671476304, 57.26974711467997], [-14.603582424098164, 57.28946965795285]]}, "properties": {"source": "20821294", "target": "17926108"}}, {"type": "Feature", "geometry": {"type": "LineString", "coordinates": [[-14.601323351550946, 57.26877631816775], [-14.558761086442871, 57.264610630015724]]}, "properties": {"source": "24092889", "target": "20497613"}}, {"type": "Feature", "geometry": {"type": "LineString", "coordinates": [[-14.601323351550946, 57.26877631816775], [-14.58845688624649, 57.269983111736764]]}, "properties": {"source": "24092889", "target": "23558735"}}, {"type": "Feature", "geometry": {"type": "LineString", "coordinates": [[-14.601323351550946, 57.26877631816775], [-14.582807044405655, 57.2835953407872]]}, "properties": {"source": "24092889", "target": "23623746"}}, {"type": "Feature", "geometry": {"type": "LineString", "coordinates": [[-14.601323351550946, 57.26877631816775], [-14.541556992140556, 57.268933283442394]]}, "properties": {"source": "24092889", "target": "22840041"}}, {"type": "Feature", "geometry": {"type": "LineString", "coordinates": [[-14.601323351550946, 57.26877631816775], [-14.585175506771265, 57.291485096045164]]}, "properties": {"source": "24092889", "target": "23173003"}}, {"type": "Feature", "geometry": {"type": "LineString", "coordinates": [[-14.601323351550946, 57.26877631816775], [-14.606253782005751, 57.28146170741124]]}, "properties": {"source": "24092889", "target": "26311787"}}, {"type": "Feature", "geometry": {"type": "LineString", "coordinates": [[-14.601323351550946, 57.26877631816775], [-14.568166872183582, 57.29439076057122]]}, "properties": {"source": "24092889", "target": "23662114"}}, {"type": "Feature", "geometry": {"type": "LineString", "coordinates": [[-14.601323351550946, 57.26877631816775], [-14.60686357732294, 57.28669488013183]]}, "properties": {"source": "24092889", "target": "24046148"}}, {"type": "Feature", "geometry": {"type": "LineString", "coordinates": [[-14.586746296024188, 57.287837550782584], [-14.582807044405655, 57.2835953407872]]}, "properties": {"source": "18453733", "target": "23623746"}}, {"type": "Feature", "geometry": {"type": "LineString", "coordinates": [[-14.586746296024188, 57.287837550782584], [-14.60686357732294, 57.28669488013183]]}, "properties": {"source": "18453733", "target": "24046148"}}, {"type": "Feature", "geometry": {"type": "LineString", "coordinates": [[-14.586746296024188, 57.287837550782584], [-14.54941072989709, 57.28673161750632]]}, "properties": {"source": "18453733", "target": "19064742"}}, {"type": "Feature", "geometry": {"type": "LineString", "coordinates": [[-14.586746296024188, 57.287837550782584], [-14.616684065609121, 57.291413360177955]]}, "properties": {"source": "18453733", "target": "18394295"}}, {"type": "Feature", "geometry": {"type": "LineString", "coordinates": [[-14.568117155625657, 57.26450123433702], [-14.605671534770067, 57.279638297127406]]}, "properties": {"source": "20632548", "target": "20549525"}}, {"type": "Feature", "geometry": {"type": "LineString", "coordinates": [[-14.568117155625657, 57.26450123433702], [-14.575397623403433, 57.27620137480021]]}, "properties": {"source": "20632548", "target": "20874330"}}, {"type": "Feature", "geometry": {"type": "LineString", "coordinates": [[-14.568117155625657, 57.26450123433702], [-14.541977796370304, 57.290802049394884]]}, "properties": {"source": "20632548", "target": "20884636"}}, {"type": "Feature", "geometry": {"type": "LineString", "coordinates": [[-14.568117155625657, 57.26450123433702], [-14.584118891566277, 57.28855845013278]]}, "properties": {"source": "20632548", "target": "20891547"}}, {"type": "Feature", "geometry": {"type": "LineString", "coordinates": [[-14.559448375437057, 57.271789398042685], [-14.586746296024188, 57.287837550782584]]}, "properties": {"source": "20467923", "target": "18453733"}}, {"type": "Feature", "geometry": {"type": "LineString", "coordinates": [[-14.559448375437057, 57.271789398042685], [-14.553382464007171, 57.29245436046122]]}, "properties": {"source": "20467923", "target": "20342016"}}, {"type": "Feature", "geometry": {"type": "LineString", "coordinates": [[-14.623175280404695, 57.27444239331673], [-14.546154661159846, 57.28748084166661]]}, "properties": {"source": "26092048", "target": "25448986"}}, {"type": "Feature", "geometry": {"type": "LineString", "coordinates": [[-14.623175280404695, 57.27444239331673], [-14.556272599579842, 57.26641652321344]]}, "properties": {"source": "26092048", "target": "19459671"}}, {"type": "Feature", "geometry": {"type": "LineString", "coordinates": [[-14.557537889671949, 57.28584035750707], [-14.56896553730411, 57.27146970041038]]}, "properties": {"source": "27242805", "target": "21853688"}}, {"type": "Feature", "geometry": {"type": "LineString", "coordinates": [[-14.557537889671949, 57.28584035750707], [-14.56780338328062, 57.270781149806865]]}, "properties": {"source": "27242805", "target": "23723778"}}, {"type": "Feature", "geometry": {"type": "LineString", "coordinates": [[-14.557537889671949, 57.28584035750707], [-14.535250345795987, 57.27872954010719]]}, "properties": {"source": "27242805", "target": "22929550"}}, {"type": "Feature", "geometry": {"type": "LineString", "coordinates": [[-14.55115334024947, 57.290911213946586], [-14.565811807820097, 57.275956857844946]]}, "properties": {"source": "29442359", "target": "31222872"}}, {"type": "Feature", "geometry": {"type": "LineString", "coordinates": [[-14.536419066922804, 57.26858353110532], [-14.599171937154637, 57.282358347840244]]}, "properties": {"source": "17278299", "target": "18462806"}}, {"type": "Feature", "geometry": {"type": "LineString", "coordinates": [[-14.536419066922804, 57.26858353110532], [-14.617880079485616, 57.268196234818845]]}, "properties": {"source": "17278299", "target": "21528220"}}, {"type": "Feature", "geometry": {"type": "LineString", "coordinates": [[-14.536419066922804, 57.26858353110532], [-14.577232205921945, 57.28878075232426]]}, "properties": {"source": "17278299", "target": "22365786"}}, {"type": "Feature", "geometry": {"type": "LineString", "coordinates": [[-14.536419066922804, 57.26858353110532], [-14.572042212352642, 57.29037309869503]]}, "properties": {"source": "17278299", "target": "22818232"}}, {"type": "Feature", "geometry": {"type": "LineString", "coordinates": [[-14.616118700729032, 57.28270382247693], [-14.623569671476304, 57.26974711467997]]}, "properties": {"source": "33293941", "target": "20821294"}}, {"type": "Feature", "geometry": {"type": "LineString", "coordinates": [[-14.616118700729032, 57.28270382247693], [-14.568567924973024, 57.283905463267686]]}, "properties": {"source": "33293941", "target": "24582414"}}, {"type": "Feature", "geometry": {"type": "LineString", "coordinates": [[-14.616118700729032, 57.28270382247693], [-14.538644370714024, 57.27150465700004]]}, "properties": {"source": "33293941", "target": "27188165"}}, {"type": "Feature", "geometry": {"type": "LineString", "coordinates": [[-14.616118700729032, 57.28270382247693], [-14.61766947399326, 57.27288719784934]]}, "properties": {"source": "33293941", "target": "26538415"}}, {"type": "Feature", "geometry": {"type": "LineString", "coordinates": [[-14.538644370714024, 57.27150465700004], [-14.61766947399326, 57.27288719784934]]}, "properties": {"source": "27188165", "target": "26538415"}}, {"type": "Feature", "geometry": {"type": "LineString", "coordinates": [[-14.538644370714024, 57.27150465700004], [-14.582241335555864, 57.28566964555969]]}, "properties": {"source": "27188165", "target": "24582443"}}, {"type": "Feature", "geometry": {"type": "LineString", "coordinates": [[-14.538644370714024, 57.27150465700004], [-14.625211857997556, 57.284776494987426]]}, "properties": {"source": "27188165", "target": "35570300"}}, {"type": "Feature", "geometry": {"type": "LineString", "coordinates": [[-14.538644370714024, 57.27150465700004], [-14.538294537087125, 57.27231916457335]]}, "properties": {"source": "27188165", "target": "26252172"}}, {"type": "Feature", "geometry": {"type": "LineString", "coordinates": [[-14.5703340780303, 57.268711105929356], [-14.546609779555666, 57.275098720135574]]}, "properties": {"source": "17969685", "target": "18364153"}}, {"type": "Feature", "geometry": {"type": "LineString", "coordinates": [[-14.5703340780303, 57.268711105929356], [-14.56991189848361, 57.28589004795742]]}, "properties": {"source": "17969685", "target": "18211118"}}, {"type": "Feature", "geometry": {"type": "LineString", "coordinates": [[-14.5703340780303, 57.268711105929356], [-14.579357492487986, 57.28159851857562]]}, "properties": {"source": "17969685", "target": "18076876"}}, {"type": "Feature", "geometry": {"type": "LineString", "coordinates": [[-14.5703340780303, 57.268711105929356], [-14.553077835713424, 57.27101371809863]]}, "properties": {"source": "17969685", "target": "18192699"}}, {"type": "Feature", "geometry": {"type": "LineString", "coordinates": [[-14.595477083264655, 57.26900690157305], [-14.595322993671743, 57.26734082826468]]}, "properties": {"source": "24654248", "target": "25341651"}}, {"type": "Feature", "geometry": {"type": "LineString", "coordinates": [[-14.595477083264655, 57.26900690157305], [-14.613981580628973, 57.27394834492556]]}, "properties": {"source": "24654248", "target": "22910368"}}, {"type": "Feature", "geometry": {"type": "LineString", "coordinates": [[-14.595477083264655, 57.26900690157305], [-14.623136052512848, 57.28741344942465]]}, "properties": {"source": "24654248", "target": "24221306"}}, {"type": "Feature", "geometry": {"type": "LineString", "coordinates": [[-14.56611896248279, 57.275951046520106], [-14.563316194423379, 57.278242963540094]]}, "properties": {"source": "17212972", "target": "17876030"}}, {"type": "Feature", "geometry": {"type": "LineString", "coordinates": [[-14.56611896248279, 57.275951046520106], [-14.602647533593597, 57.27791233083963]]}, "properties": {"source": "17212972", "target": "17226501"}}, {"type": "Feature", "geometry": {"type": "LineString", "coordinates": [[-14.56611896248279, 57.275951046520106], [-14.537118949915083, 57.28030565453237]]}, "properties": {"source": "17212972", "target": "18190566"}}, {"type": "Feature", "geometry": {"type": "LineString", "coordinates": [[-14.56611896248279, 57.275951046520106], [-14.563019619274598, 57.281132435653035]]}, "properties": {"source": "17212972", "target": "13568654"}}, {"type": "Feature", "geometry": {"type": "LineString", "coordinates": [[-14.61662184268522, 57.26551705374092], [-14.549524411994952, 57.2860343538736]]}, "properties": {"source": "18692169", "target": "18730386"}}, {"type": "Feature", "geometry": {"type": "LineString", "coordinates": [[-14.549220863268516, 57.286872920876505], [-14.543520558533999, 57.270280481929035]]}, "properties": {"source": "31122752", "target": "23521324"}}, {"type": "Feature", "geometry": {"type": "LineString", "coordinates": [[-14.549220863268516, 57.286872920876505], [-14.536840874948439, 57.28409009687208]]}, "properties": {"source": "31122752", "target": "31283058"}}, {"type": "Feature", "geometry": {"type": "LineString", "coordinates": [[-14.549220863268516, 57.286872920876505], [-14.589544716222775, 57.286944712267285]]}, "properties": {"source": "31122752", "target": "32960684"}}, {"type": "Feature", "geometry": {"type": "LineString", "coordinates": [[-14.549220863268516, 57.286872920876505], [-14.585510274273673, 57.28505289556348]]}, "properties": {"source": "31122752", "target": "32968992"}}, {"type": "Feature", "geometry": {"type": "LineString", "coordinates": [[-14.599731063941363, 57.2777554057694], [-14.56166862902296, 57.281000114695146]]}, "properties": {"source": "17869229", "target": "17926109"}}, {"type": "Feature", "geometry": {"type": "LineString", "coordinates": [[-14.599731063941363, 57.2777554057694], [-14.603582424098164, 57.28946965795285]]}, "properties": {"source": "17869229", "target": "17926108"}}, {"type": "Feature", "geometry": {"type": "LineString", "coordinates": [[-14.599731063941363, 57.2777554057694], [-14.563316194423379, 57.278242963540094]]}, "properties": {"source": "17869229", "target": "17876030"}}, {"type": "Feature", "geometry": {"type": "LineString", "coordinates": [[-14.599731063941363, 57.2777554057694], [-14.5703340780303, 57.268711105929356]]}, "properties": {"source": "17869229", "target": "17969685"}}, {"type": "Feature", "geometry": {"type": "LineString", "coordinates": [[-14.543520558533999, 57.270280481929035], [-14.536840874948439, 57.28409009687208]]}, "properties": {"source": "23521324", "target": "31283058"}}, {"type": "Feature", "geometry": {"type": "LineString", "coordinates": [[-14.57893085352768, 57.294503083729495], [-14.59384866591617, 57.27545880466819]]}, "properties": {"source": "27296292", "target": "25550971"}}, {"type": "Feature", "geometry": {"type": "LineString", "coordinates": [[-14.57893085352768, 57.294503083729495], [-14.617615445639018, 57.26918606200002]]}, "properties": {"source": "27296292", "target": "23612689"}}, {"type": "Feature", "geometry": {"type": "LineString", "coordinates": [[-14.57893085352768, 57.294503083729495], [-14.538070736168436, 57.267056789126]]}, "properties": {"source": "27296292", "target": "23287381"}}, {"type": "Feature", "geometry": {"type": "LineString", "coordinates": [[-14.57893085352768, 57.294503083729495], [-14.547749962413747, 57.288757176766026]]}, "properties": {"source": "27296292", "target": "25550961"}}, {"type": "Feature", "geometry": {"type": "LineString", "coordinates": [[-14.57893085352768, 57.294503083729495], [-14.538434119863638, 57.27977074163924]]}, "properties": {"source": "27296292", "target": "25392083"}}, {"type": "Feature", "geometry": {"type": "LineString", "coordinates": [[-14.57893085352768, 57.294503083729495], [-14.555872294135526, 57.27453070663479]]}, "properties": {"source": "27296292", "target": "25281368"}}, {"type": "Feature", "geometry": {"type": "LineString", "coordinates": [[-14.57893085352768, 57.294503083729495], [-14.546154661159846, 57.28748084166661]]}, "properties": {"source": "27296292", "target": "25448986"}}, {"type": "Feature", "geometry": {"type": "LineString", "coordinates": [[-14.610112273651197, 57.28852600281655], [-14.623091903210963, 57.27231636368069]]}, "properties": {"source": "28012921", "target": "28475027"}}, {"type": "Feature", "geometry": {"type": "LineString", "coordinates": [[-14.610112273651197, 57.28852600281655], [-14.611339732644723, 57.286921271401624]]}, "properties": {"source": "28012921", "target": "23447383"}}, {"type": "Feature", "geometry": {"type": "LineString", "coordinates": [[-14.553077835713424, 57.27101371809863], [-14.564955038662049, 57.279815856102644]]}, "properties": {"source": "18192699", "target": "18605047"}}, {"type": "Feature", "geometry": {"type": "LineString", "coordinates": [[-14.553077835713424, 57.27101371809863], [-14.55041826596181, 57.27552063136771]]}, "properties": {"source": "18192699", "target": "18054056"}}, {"type": "Feature", "geometry": {"type": "LineString", "coordinates": [[-14.553077835713424, 57.27101371809863], [-14.602647533593597, 57.27791233083963]]}, "properties": {"source": "18192699", "target": "17226501"}}, {"type": "Feature", "geometry": {"type": "LineString", "coordinates": [[-14.553077835713424, 57.27101371809863], [-14.537118949915083, 57.28030565453237]]}, "properties": {"source": "18192699", "target": "18190566"}}, {"type": "Feature", "geometry": {"type": "LineString", "coordinates": [[-14.564955038662049, 57.279815856102644], [-14.556766725399427, 57.273853090204724]]}, "properties": {"source": "18605047", "target": "17934979"}}, {"type": "Feature", "geometry": {"type": "LineString", "coordinates": [[-14.565867932535014, 57.27094994834589], [-14.575348082733115, 57.28551578863859]]}, "properties": {"source": "25385454", "target": "21902610"}}, {"type": "Feature", "geometry": {"type": "LineString", "coordinates": [[-14.545461798953625, 57.29095675436939], [-14.617646544969375, 57.280924568492]]}, "properties": {"source": "25601814", "target": "20262760"}}, {"type": "Feature", "geometry": {"type": "LineString", "coordinates": [[-14.545461798953625, 57.29095675436939], [-14.611258579312562, 57.26751339990574]]}, "properties": {"source": "25601814", "target": "25968516"}}, {"type": "Feature", "geometry": {"type": "LineString", "coordinates": [[-14.545461798953625, 57.29095675436939], [-14.538294537087125, 57.27231916457335]]}, "properties": {"source": "25601814", "target": "26252172"}}, {"type": "Feature", "geometry": {"type": "LineString", "coordinates": [[-14.545461798953625, 57.29095675436939], [-14.596077904486435, 57.271882809837265]]}, "properties": {"source": "25601814", "target": "24804665"}}, {"type": "Feature", "geometry": {"type": "LineString", "coordinates": [[-14.622086123707618, 57.28427834909169], [-14.544430254623052, 57.274057110436345]]}, "properties": {"source": "25681827", "target": "28574017"}}, {"type": "Feature", "geometry": {"type": "LineString", "coordinates": [[-14.622086123707618, 57.28427834909169], [-14.590844835937588, 57.27492349667024]]}, "properties": {"source": "25681827", "target": "28096326"}}, {"type": "Feature", "geometry": {"type": "LineString", "coordinates": [[-14.622086123707618, 57.28427834909169], [-14.625922283630274, 57.29111445489981]]}, "properties": {"source": "25681827", "target": "25502442"}}, {"type": "Feature", "geometry": {"type": "LineString", "coordinates": [[-14.622086123707618, 57.28427834909169], [-14.605431502773598, 57.283660954081114]]}, "properties": {"source": "25681827", "target": "23574611"}}, {"type": "Feature", "geometry": {"type": "LineString", "coordinates": [[-14.605671534770067, 57.279638297127406], [-14.564532921093416, 57.28888411894063]]}, "properties": {"source": "20549525", "target": "18247333"}}, {"type": "Feature", "geometry": {"type": "LineString", "coordinates": [[-14.605671534770067, 57.279638297127406], [-14.61662184268522, 57.26551705374092]]}, "properties": {"source": "20549525", "target": "18692169"}}, {"type": "Feature", "geometry": {"type": "LineString", "coordinates": [[-14.605671534770067, 57.279638297127406], [-14.602416303435376, 57.28410885262848]]}, "properties": {"source": "20549525", "target": "18715733"}}, {"type": "Feature", "geometry": {"type": "LineString", "coordinates": [[-14.595322993671743, 57.26734082826468], [-14.573969313937766, 57.28578369800283]]}, "properties": {"source": "25341651", "target": "25763989"}}, {"type": "Feature", "geometry": {"type": "LineString", "coordinates": [[-14.595322993671743, 57.26734082826468], [-14.597993074979883, 57.288670374526916]]}, "properties": {"source": "25341651", "target": "26838703"}}, {"type": "Feature", "geometry": {"type": "LineString", "coordinates": [[-14.595322993671743, 57.26734082826468], [-14.538366164444767, 57.28567480830435]]}, "properties": {"source": "25341651", "target": "25906956"}}, {"type": "Feature", "geometry": {"type": "LineString", "coordinates": [[-14.595322993671743, 57.26734082826468], [-14.60686601465585, 57.26581052037777]]}, "properties": {"source": "25341651", "target": "25178429"}}, {"type": "Feature", "geometry": {"type": "LineString", "coordinates": [[-14.595322993671743, 57.26734082826468], [-14.610390233355304, 57.268787097284445]]}, "properties": {"source": "25341651", "target": "18809943"}}, {"type": "Feature", "geometry": {"type": "LineString", "coordinates": [[-14.548698490966757, 57.27443163521045], [-14.59712870987866, 57.28561463514946]]}, "properties": {"source": "27274306", "target": "27221238"}}, {"type": "Feature", "geometry": {"type": "LineString", "coordinates": [[-14.548698490966757, 57.27443163521045], [-14.596949960317772, 57.27336300310961]]}, "properties": {"source": "27274306", "target": "32909903"}}, {"type": "Feature", "geometry": {"type": "LineString", "coordinates": [[-14.549524411994952, 57.2860343538736], [-14.602887376460217, 57.270492285900275]]}, "properties": {"source": "18730386", "target": "22068620"}}, {"type": "Feature", "geometry": {"type": "LineString", "coordinates": [[-14.549524411994952, 57.2860343538736], [-14.579175753503677, 57.28541045503897]]}, "properties": {"source": "18730386", "target": "22585874"}}, {"type": "Feature", "geometry": {"type": "LineString", "coordinates": [[-14.549524411994952, 57.2860343538736], [-14.617880079485616, 57.268196234818845]]}, "properties": {"source": "18730386", "target": "21528220"}}, {"type": "Feature", "geometry": {"type": "LineString", "coordinates": [[-14.568355534410614, 57.26736684224291], [-14.539689316833346, 57.270693488096924]]}, "properties": {"source": "18131119", "target": "18341046"}}, {"type": "Feature", "geometry": {"type": "LineString", "coordinates": [[-14.568355534410614, 57.26736684224291], [-14.610390233355304, 57.268787097284445]]}, "properties": {"source": "18131119", "target": "18809943"}}, {"type": "Feature", "geometry": {"type": "LineString", "coordinates": [[-14.568355534410614, 57.26736684224291], [-14.565961945033877, 57.2798057816466]]}, "properties": {"source": "18131119", "target": "18131118"}}, {"type": "Feature", "geometry": {"type": "LineString", "coordinates": [[-14.54941072989709, 57.28673161750632], [-14.616684065609121, 57.291413360177955]]}, "properties": {"source": "19064742", "target": "18394295"}}, {"type": "Feature", "geometry": {"type": "LineString", "coordinates": [[-14.596365926958697, 57.28836801644749], [-14.605307415844806, 57.29242007123791]]}, "properties": {"source": "20868172", "target": "22232698"}}, {"type": "Feature", "geometry": {"type": "LineString", "coordinates": [[-14.596365926958697, 57.28836801644749], [-14.579793614871676, 57.27746732617712]]}, "properties": {"source": "20868172", "target": "17854691"}}, {"type": "Feature", "geometry": {"type": "LineString", "coordinates": [[-14.586769650277603, 57.265475158898354], [-14.624530504345898, 57.29284020141503]]}, "properties": {"source": "30753716", "target": "30622123"}}, {"type": "Feature", "geometry": {"type": "LineString", "coordinates": [[-14.586769650277603, 57.265475158898354], [-14.560274628523302, 57.28872198969471]]}, "properties": {"source": "30753716", "target": "22083637"}}, {"type": "Feature", "geometry": {"type": "LineString", "coordinates": [[-14.586769650277603, 57.265475158898354], [-14.593353631998013, 57.26884970093498]]}, "properties": {"source": "30753716", "target": "27805860"}}, {"type": "Feature", "geometry": {"type": "LineString", "coordinates": [[-14.586769650277603, 57.265475158898354], [-14.59712870987866, 57.28561463514946]]}, "properties": {"source": "30753716", "target": "27221238"}}, {"type": "Feature", "geometry": {"type": "LineString", "coordinates": [[-14.586769650277603, 57.265475158898354], [-14.548698490966757, 57.27443163521045]]}, "properties": {"source": "30753716", "target": "27274306"}}, {"type": "Feature", "geometry": {"type": "LineString", "coordinates": [[-14.575348082733115, 57.28551578863859], [-14.612928626432733, 57.27796240255134]]}, "properties": {"source": "21902610", "target": "20745142"}}, {"type": "Feature", "geometry": {"type": "LineString", "coordinates": [[-14.602887376460217, 57.270492285900275], [-14.536627365486794, 57.26784935871244]]}, "properties": {"source": "22068620", "target": "21805408"}}, {"type": "Feature", "geometry": {"type": "LineString", "coordinates": [[-14.602887376460217, 57.270492285900275], [-14.579175753503677, 57.28541045503897]]}, "properties": {"source": "22068620", "target": "22585874"}}, {"type": "Feature", "geometry": {"type": "LineString", "coordinates": [[-14.602887376460217, 57.270492285900275], [-14.617646544969375, 57.280924568492]]}, "properties": {"source": "22068620", "target": "20262760"}}, {"type": "Feature", "geometry": {"type": "LineString", "coordinates": [[-14.602887376460217, 57.270492285900275], [-14.617880079485616, 57.268196234818845]]}, "properties": {"source": "22068620", "target": "21528220"}}, {"type": "Feature", "geometry": {"type": "LineString", "coordinates": [[-14.59112937914287, 57.27723799975361], [-14.602887376460217, 57.270492285900275]]}, "properties": {"source": "22589352", "target": "22068620"}}, {"type": "Feature", "geometry": {"type": "LineString", "coordinates": [[-14.59112937914287, 57.27723799975361], [-14.574366220245253, 57.272931764903774]]}, "properties": {"source": "22589352", "target": "23010184"}}, {"type": "Feature", "geometry": {"type": "LineString", "coordinates": [[-14.59112937914287, 57.27723799975361], [-14.547749962413747, 57.288757176766026]]}, "properties": {"source": "22589352", "target": "25550961"}}, {"type": "Feature", "geometry": {"type": "LineString", "coordinates": [[-14.556744491028098, 57.27949349777903], [-14.557567999289773, 57.28315118989602]]}, "properties": {"source": "19546770", "target": "18044508"}}, {"type": "Feature", "geometry": {"type": "LineString", "coordinates": [[-14.600809641369267, 57.27135203749013], [-14.594704617484553, 57.277044975186584]]}, "properties": {"source": "32913083", "target": "24655681"}}, {"type": "Feature", "geometry": {"type": "LineString", "coordinates": [[-14.600809641369267, 57.27135203749013], [-14.620673848037654, 57.27271940071695]]}, "properties": {"source": "32913083", "target": "26312175"}}, {"type": "Feature", "geometry": {"type": "LineString", "coordinates": [[-14.600809641369267, 57.27135203749013], [-14.575452225524572, 57.28330300435431]]}, "properties": {"source": "32913083", "target": "23761744"}}, {"type": "Feature", "geometry": {"type": "LineString", "coordinates": [[-14.600809641369267, 57.27135203749013], [-14.556970450724975, 57.27625718603662]]}, "properties": {"source": "32913083", "target": "26312198"}}, {"type": "Feature", "geometry": {"type": "LineString", "coordinates": [[-14.600809641369267, 57.27135203749013], [-14.609839340541612, 57.292040809945604]]}, "properties": {"source": "32913083", "target": "28438267"}}, {"type": "Feature", "geometry": {"type": "LineString", "coordinates": [[-14.600809641369267, 57.27135203749013], [-14.545510171579735, 57.2723446070265]]}, "properties": {"source": "32913083", "target": "26312131"}}, {"type": "Feature", "geometry": {"type": "LineString", "coordinates": [[-14.600809641369267, 57.27135203749013], [-14.556743309007715, 57.271028799948084]]}, "properties": {"source": "32913083", "target": "28438274"}}, {"type": "Feature", "geometry": {"type": "LineString", "coordinates": [[-14.55281458346741, 57.28264922319413], [-14.602647533593597, 57.27791233083963]]}, "properties": {"source": "17859911", "target": "17226501"}}, {"type": "Feature", "geometry": {"type": "LineString", "coordinates": [[-14.55281458346741, 57.28264922319413], [-14.59012068234307, 57.2693443043251]]}, "properties": {"source": "17859911", "target": "18596498"}}, {"type": "Feature", "geometry": {"type": "LineString", "coordinates": [[-14.55281458346741, 57.28264922319413], [-14.590049048613025, 57.2658623210022]]}, "properties": {"source": "17859911", "target": "17375956"}}, {"type": "Feature", "geometry": {"type": "LineString", "coordinates": [[-14.55281458346741, 57.28264922319413], [-14.579175753503677, 57.28541045503897]]}, "properties": {"source": "17859911", "target": "22585874"}}, {"type": "Feature", "geometry": {"type": "LineString", "coordinates": [[-14.55281458346741, 57.28264922319413], [-14.579248766632418, 57.292173879730186]]}, "properties": {"source": "17859911", "target": "16116922"}}, {"type": "Feature", "geometry": {"type": "LineString", "coordinates": [[-14.55281458346741, 57.28264922319413], [-14.592684196491007, 57.28024056981589]]}, "properties": {"source": "17859911", "target": "17834090"}}, {"type": "Feature", "geometry": {"type": "LineString", "coordinates": [[-14.546687202184842, 57.29337734881079], [-14.620673848037654, 57.27271940071695]]}, "properties": {"source": "30044343", "target": "26312175"}}, {"type": "Feature", "geometry": {"type": "LineString", "coordinates": [[-14.546687202184842, 57.29337734881079], [-14.556970450724975, 57.27625718603662]]}, "properties": {"source": "30044343", "target": "26312198"}}, {"type": "Feature", "geometry": {"type": "LineString", "coordinates": [[-14.611201042310341, 57.28449826912504], [-14.55281458346741, 57.28264922319413]]}, "properties": {"source": "17800107", "target": "17859911"}}, {"type": "Feature", "geometry": {"type": "LineString", "coordinates": [[-14.611201042310341, 57.28449826912504], [-14.622128170805894, 57.29028595678788]]}, "properties": {"source": "17800107", "target": "17727180"}}, {"type": "Feature", "geometry": {"type": "LineString", "coordinates": [[-14.611201042310341, 57.28449826912504], [-14.576344346472894, 57.29177636477499]]}, "properties": {"source": "17800107", "target": "16165667"}}, {"type": "Feature", "geometry": {"type": "LineString", "coordinates": [[-14.611201042310341, 57.28449826912504], [-14.584154978596075, 57.28910195434105]]}, "properties": {"source": "17800107", "target": "23475917"}}, {"type": "Feature", "geometry": {"type": "LineString", "coordinates": [[-14.611201042310341, 57.28449826912504], [-14.56611896248279, 57.275951046520106]]}, "properties": {"source": "17800107", "target": "17212972"}}, {"type": "Feature", "geometry": {"type": "LineString", "coordinates": [[-14.611201042310341, 57.28449826912504], [-14.579248766632418, 57.292173879730186]]}, "properties": {"source": "17800107", "target": "16116922"}}, {"type": "Feature", "geometry": {"type": "LineString", "coordinates": [[-14.611201042310341, 57.28449826912504], [-14.563019619274598, 57.281132435653035]]}, "properties": {"source": "17800107", "target": "13568654"}}, {"type": "Feature", "geometry": {"type": "LineString", "coordinates": [[-14.611201042310341, 57.28449826912504], [-14.573353609769072, 57.29276436584831]]}, "properties": {"source": "17800107", "target": "17611319"}}, {"type": "Feature", "geometry": {"type": "LineString", "coordinates": [[-14.599371678481816, 57.28920944564733], [-14.623091903210963, 57.27231636368069]]}, "properties": {"source": "29105425", "target": "28475027"}}, {"type": "Feature", "geometry": {"type": "LineString", "coordinates": [[-14.599371678481816, 57.28920944564733], [-14.59384866591617, 57.27545880466819]]}, "properties": {"source": "29105425", "target": "25550971"}}, {"type": "Feature", "geometry": {"type": "LineString", "coordinates": [[-14.599371678481816, 57.28920944564733], [-14.617615445639018, 57.26918606200002]]}, "properties": {"source": "29105425", "target": "23612689"}}, {"type": "Feature", "geometry": {"type": "LineString", "coordinates": [[-14.599371678481816, 57.28920944564733], [-14.547749962413747, 57.288757176766026]]}, "properties": {"source": "29105425", "target": "25550961"}}, {"type": "Feature", "geometry": {"type": "LineString", "coordinates": [[-14.599371678481816, 57.28920944564733], [-14.538434119863638, 57.27977074163924]]}, "properties": {"source": "29105425", "target": "25392083"}}, {"type": "Feature", "geometry": {"type": "LineString", "coordinates": [[-14.599371678481816, 57.28920944564733], [-14.555872294135526, 57.27453070663479]]}, "properties": {"source": "29105425", "target": "25281368"}}, {"type": "Feature", "geometry": {"type": "LineString", "coordinates": [[-14.599371678481816, 57.28920944564733], [-14.538644370714024, 57.27150465700004]]}, "properties": {"source": "29105425", "target": "27188165"}}, {"type": "Feature", "geometry": {"type": "LineString", "coordinates": [[-14.599371678481816, 57.28920944564733], [-14.546154661159846, 57.28748084166661]]}, "properties": {"source": "29105425", "target": "25448986"}}, {"type": "Feature", "geometry": {"type": "LineString", "coordinates": [[-14.59356467813717, 57.27735284531124], [-14.564955038662049, 57.279815856102644]]}, "properties": {"source": "23375508", "target": "18605047"}}, {"type": "Feature", "geometry": {"type": "LineString", "coordinates": [[-14.59356467813717, 57.27735284531124], [-14.624530504345898, 57.29284020141503]]}, "properties": {"source": "23375508", "target": "30622123"}}, {"type": "Feature", "geometry": {"type": "LineString", "coordinates": [[-14.59356467813717, 57.27735284531124], [-14.623091903210963, 57.27231636368069]]}, "properties": {"source": "23375508", "target": "28475027"}}, {"type": "Feature", "geometry": {"type": "LineString", "coordinates": [[-14.59356467813717, 57.27735284531124], [-14.599993876341927, 57.26642400487985]]}, "properties": {"source": "23375508", "target": "23259118"}}, {"type": "Feature", "geometry": {"type": "LineString", "coordinates": [[-14.59356467813717, 57.27735284531124], [-14.613981580628973, 57.27394834492556]]}, "properties": {"source": "23375508", "target": "22910368"}}, {"type": "Feature", "geometry": {"type": "LineString", "coordinates": [[-14.59356467813717, 57.27735284531124], [-14.55041826596181, 57.27552063136771]]}, "properties": {"source": "23375508", "target": "18054056"}}, {"type": "Feature", "geometry": {"type": "LineString", "coordinates": [[-14.59356467813717, 57.27735284531124], [-14.584154978596075, 57.28910195434105]]}, "properties": {"source": "23375508", "target": "23475917"}}, {"type": "Feature", "geometry": {"type": "LineString", "coordinates": [[-14.59356467813717, 57.27735284531124], [-14.581826321946835, 57.294358703637656]]}, "properties": {"source": "23375508", "target": "23005153"}}, {"type": "Feature", "geometry": {"type": "LineString", "coordinates": [[-14.574546691941407, 57.29411011996737], [-14.546687202184842, 57.29337734881079]]}, "properties": {"source": "26312223", "target": "30044343"}}, {"type": "Feature", "geometry": {"type": "LineString", "coordinates": [[-14.574546691941407, 57.29411011996737], [-14.568200528850099, 57.276019956160695]]}, "properties": {"source": "26312223", "target": "27404782"}}, {"type": "Feature", "geometry": {"type": "LineString", "coordinates": [[-14.574546691941407, 57.29411011996737], [-14.58845688624649, 57.269983111736764]]}, "properties": {"source": "26312223", "target": "23558735"}}, {"type": "Feature", "geometry": {"type": "LineString", "coordinates": [[-14.574546691941407, 57.29411011996737], [-14.575601979862597, 57.265116752704856]]}, "properties": {"source": "26312223", "target": "29958356"}}, {"type": "Feature", "geometry": {"type": "LineString", "coordinates": [[-14.574546691941407, 57.29411011996737], [-14.570772016036358, 57.276516925932114]]}, "properties": {"source": "26312223", "target": "25710067"}}, {"type": "Feature", "geometry": {"type": "LineString", "coordinates": [[-14.574546691941407, 57.29411011996737], [-14.585175506771265, 57.291485096045164]]}, "properties": {"source": "26312223", "target": "23173003"}}, {"type": "Feature", "geometry": {"type": "LineString", "coordinates": [[-14.574546691941407, 57.29411011996737], [-14.563497128362343, 57.27834717727691]]}, "properties": {"source": "26312223", "target": "18517009"}}, {"type": "Feature", "geometry": {"type": "LineString", "coordinates": [[-14.574546691941407, 57.29411011996737], [-14.556743309007715, 57.271028799948084]]}, "properties": {"source": "26312223", "target": "28438274"}}, {"type": "Feature", "geometry": {"type": "LineString", "coordinates": [[-14.575686161460993, 57.277409036968976], [-14.575601979862597, 57.265116752704856]]}, "properties": {"source": "23989100", "target": "29958356"}}, {"type": "Feature", "geometry": {"type": "LineString", "coordinates": [[-14.575686161460993, 57.277409036968976], [-14.548269177155078, 57.29309402942458]]}, "properties": {"source": "23989100", "target": "25968411"}}, {"type": "Feature", "geometry": {"type": "LineString", "coordinates": [[-14.575686161460993, 57.277409036968976], [-14.60775728495139, 57.28317166391349]]}, "properties": {"source": "23989100", "target": "23662053"}}, {"type": "Feature", "geometry": {"type": "LineString", "coordinates": [[-14.575686161460993, 57.277409036968976], [-14.543520558533999, 57.270280481929035]]}, "properties": {"source": "23989100", "target": "23521324"}}, {"type": "Feature", "geometry": {"type": "LineString", "coordinates": [[-14.575686161460993, 57.277409036968976], [-14.536840874948439, 57.28409009687208]]}, "properties": {"source": "23989100", "target": "31283058"}}, {"type": "Feature", "geometry": {"type": "LineString", "coordinates": [[-14.575686161460993, 57.277409036968976], [-14.589544716222775, 57.286944712267285]]}, "properties": {"source": "23989100", "target": "32960684"}}, {"type": "Feature", "geometry": {"type": "LineString", "coordinates": [[-14.575686161460993, 57.277409036968976], [-14.568166872183582, 57.29439076057122]]}, "properties": {"source": "23989100", "target": "23662114"}}, {"type": "Feature", "geometry": {"type": "LineString", "coordinates": [[-14.575686161460993, 57.277409036968976], [-14.59920477424535, 57.289783478456144]]}, "properties": {"source": "23989100", "target": "23571314"}}, {"type": "Feature", "geometry": {"type": "LineString", "coordinates": [[-14.556963149817705, 57.28431954568239], [-14.602647533593597, 57.27791233083963]]}, "properties": {"source": "14419469", "target": "17226501"}}, {"type": "Feature", "geometry": {"type": "LineString", "coordinates": [[-14.556963149817705, 57.28431954568239], [-14.576344346472894, 57.29177636477499]]}, "properties": {"source": "14419469", "target": "16165667"}}, {"type": "Feature", "geometry": {"type": "LineString", "coordinates": [[-14.556963149817705, 57.28431954568239], [-14.580018389133073, 57.280357965374904]]}, "properties": {"source": "14419469", "target": "15889767"}}, {"type": "Feature", "geometry": {"type": "LineString", "coordinates": [[-14.576672841459782, 57.29184979069605], [-14.54507781658208, 57.280676996353264]]}, "properties": {"source": "21458612", "target": "20889588"}}, {"type": "Feature", "geometry": {"type": "LineString", "coordinates": [[-14.576672841459782, 57.29184979069605], [-14.605307415844806, 57.29242007123791]]}, "properties": {"source": "21458612", "target": "22232698"}}, {"type": "Feature", "geometry": {"type": "LineString", "coordinates": [[-14.559692771194307, 57.27625205965187], [-14.543520558533999, 57.270280481929035]]}, "properties": {"source": "22818659", "target": "23521324"}}, {"type": "Feature", "geometry": {"type": "LineString", "coordinates": [[-14.547221461347192, 57.287312155134146], [-14.537118949915083, 57.28030565453237]]}, "properties": {"source": "17737981", "target": "18190566"}}, {"type": "Feature", "geometry": {"type": "LineString", "coordinates": [[-14.547221461347192, 57.287312155134146], [-14.56611896248279, 57.275951046520106]]}, "properties": {"source": "17737981", "target": "17212972"}}, {"type": "Feature", "geometry": {"type": "LineString", "coordinates": [[-14.608213144747083, 57.28264830105819], [-14.536880150820195, 57.267791866513946]]}, "properties": {"source": "18524728", "target": "22083017"}}, {"type": "Feature", "geometry": {"type": "LineString", "coordinates": [[-14.608213144747083, 57.28264830105819], [-14.58519309386196, 57.27255013646672]]}, "properties": {"source": "18524728", "target": "18686810"}}, {"type": "Feature", "geometry": {"type": "LineString", "coordinates": [[-14.608213144747083, 57.28264830105819], [-14.54507781658208, 57.280676996353264]]}, "properties": {"source": "18524728", "target": "20889588"}}, {"type": "Feature", "geometry": {"type": "LineString", "coordinates": [[-14.608213144747083, 57.28264830105819], [-14.586671832913424, 57.28313260872574]]}, "properties": {"source": "18524728", "target": "20943984"}}, {"type": "Feature", "geometry": {"type": "LineString", "coordinates": [[-14.608213144747083, 57.28264830105819], [-14.536627365486794, 57.26784935871244]]}, "properties": {"source": "18524728", "target": "21805408"}}, {"type": "Feature", "geometry": {"type": "LineString", "coordinates": [[-14.608213144747083, 57.28264830105819], [-14.582798578274549, 57.274408462399904]]}, "properties": {"source": "18524728", "target": "18468103"}}, {"type": "Feature", "geometry": {"type": "LineString", "coordinates": [[-14.608213144747083, 57.28264830105819], [-14.564532921093416, 57.28888411894063]]}, "properties": {"source": "18524728", "target": "18247333"}}, {"type": "Feature", "geometry": {"type": "LineString", "coordinates": [[-14.589544716222775, 57.286944712267285], [-14.600809641369267, 57.27135203749013]]}, "properties": {"source": "32960684", "target": "32913083"}}, {"type": "Feature", "geometry": {"type": "LineString", "coordinates": [[-14.549139399648993, 57.2708592526466], [-14.590844835937588, 57.27492349667024]]}, "properties": {"source": "23491832", "target": "28096326"}}, {"type": "Feature", "geometry": {"type": "LineString", "coordinates": [[-14.59642632596558, 57.292993517823604], [-14.574366220245253, 57.272931764903774]]}, "properties": {"source": "24895218", "target": "23010184"}}, {"type": "Feature", "geometry": {"type": "LineString", "coordinates": [[-14.59642632596558, 57.292993517823604], [-14.547749962413747, 57.288757176766026]]}, "properties": {"source": "24895218", "target": "25550961"}}, {"type": "Feature", "geometry": {"type": "LineString", "coordinates": [[-14.579175753503677, 57.28541045503897], [-14.574366220245253, 57.272931764903774]]}, "properties": {"source": "22585874", "target": "23010184"}}, {"type": "Feature", "geometry": {"type": "LineString", "coordinates": [[-14.579175753503677, 57.28541045503897], [-14.605307415844806, 57.29242007123791]]}, "properties": {"source": "22585874", "target": "22232698"}}, {"type": "Feature", "geometry": {"type": "LineString", "coordinates": [[-14.579175753503677, 57.28541045503897], [-14.617880079485616, 57.268196234818845]]}, "properties": {"source": "22585874", "target": "21528220"}}, {"type": "Feature", "geometry": {"type": "LineString", "coordinates": [[-14.601652090862302, 57.29377006019445], [-14.610052021791148, 57.29403962500446]]}, "properties": {"source": "22925759", "target": "22725532"}}, {"type": "Feature", "geometry": {"type": "LineString", "coordinates": [[-14.601652090862302, 57.29377006019445], [-14.611705234616494, 57.27464977589548]]}, "properties": {"source": "22925759", "target": "21473305"}}, {"type": "Feature", "geometry": {"type": "LineString", "coordinates": [[-14.577232205921945, 57.28878075232426], [-14.584154978596075, 57.28910195434105]]}, "properties": {"source": "22365786", "target": "23475917"}}, {"type": "Feature", "geometry": {"type": "LineString", "coordinates": [[-14.577232205921945, 57.28878075232426], [-14.617880079485616, 57.268196234818845]]}, "properties": {"source": "22365786", "target": "21528220"}}, {"type": "Feature", "geometry": {"type": "LineString", "coordinates": [[-14.577232205921945, 57.28878075232426], [-14.572042212352642, 57.29037309869503]]}, "properties": {"source": "22365786", "target": "22818232"}}, {"type": "Feature", "geometry": {"type": "LineString", "coordinates": [[-14.61315434310714, 57.2752941940479], [-14.620673848037654, 57.27271940071695]]}, "properties": {"source": "25862352", "target": "26312175"}}, {"type": "Feature", "geometry": {"type": "LineString", "coordinates": [[-14.61315434310714, 57.2752941940479], [-14.556970450724975, 57.27625718603662]]}, "properties": {"source": "25862352", "target": "26312198"}}, {"type": "Feature", "geometry": {"type": "LineString", "coordinates": [[-14.61315434310714, 57.2752941940479], [-14.60775728495139, 57.28317166391349]]}, "properties": {"source": "25862352", "target": "23662053"}}, {"type": "Feature", "geometry": {"type": "LineString", "coordinates": [[-14.61315434310714, 57.2752941940479], [-14.568166872183582, 57.29439076057122]]}, "properties": {"source": "25862352", "target": "23662114"}}, {"type": "Feature", "geometry": {"type": "LineString", "coordinates": [[-14.61315434310714, 57.2752941940479], [-14.611258579312562, 57.26751339990574]]}, "properties": {"source": "25862352", "target": "25968516"}}, {"type": "Feature", "geometry": {"type": "LineString", "coordinates": [[-14.564694086299937, 57.267002782351724], [-14.55598424639922, 57.27141486431326]]}, "properties": {"source": "18745277", "target": "18375518"}}, {"type": "Feature", "geometry": {"type": "LineString", "coordinates": [[-14.564694086299937, 57.267002782351724], [-14.560274628523302, 57.28872198969471]]}, "properties": {"source": "18745277", "target": "22083637"}}, {"type": "Feature", "geometry": {"type": "LineString", "coordinates": [[-14.564694086299937, 57.267002782351724], [-14.59712870987866, 57.28561463514946]]}, "properties": {"source": "18745277", "target": "27221238"}}, {"type": "Feature", "geometry": {"type": "LineString", "coordinates": [[-14.564694086299937, 57.267002782351724], [-14.610052021791148, 57.29403962500446]]}, "properties": {"source": "18745277", "target": "22725532"}}, {"type": "Feature", "geometry": {"type": "LineString", "coordinates": [[-14.564694086299937, 57.267002782351724], [-14.560988087491808, 57.27193997935099]]}, "properties": {"source": "18745277", "target": "17832986"}}, {"type": "Feature", "geometry": {"type": "LineString", "coordinates": [[-14.564694086299937, 57.267002782351724], [-14.583885729039366, 57.28597916105255]]}, "properties": {"source": "18745277", "target": "20737459"}}, {"type": "Feature", "geometry": {"type": "LineString", "coordinates": [[-14.541556992140556, 57.268933283442394], [-14.594704617484553, 57.277044975186584]]}, "properties": {"source": "22840041", "target": "24655681"}}, {"type": "Feature", "geometry": {"type": "LineString", "coordinates": [[-14.541556992140556, 57.268933283442394], [-14.548917708157205, 57.277827602703724]]}, "properties": {"source": "22840041", "target": "23622173"}}, {"type": "Feature", "geometry": {"type": "LineString", "coordinates": [[-14.587923057887423, 57.285365471362866], [-14.620673848037654, 57.27271940071695]]}, "properties": {"source": "23597033", "target": "26312175"}}, {"type": "Feature", "geometry": {"type": "LineString", "coordinates": [[-14.587923057887423, 57.285365471362866], [-14.556970450724975, 57.27625718603662]]}, "properties": {"source": "23597033", "target": "26312198"}}, {"type": "Feature", "geometry": {"type": "LineString", "coordinates": [[-14.587923057887423, 57.285365471362866], [-14.556743309007715, 57.271028799948084]]}, "properties": {"source": "23597033", "target": "28438274"}}, {"type": "Feature", "geometry": {"type": "LineString", "coordinates": [[-14.536319313052502, 57.27987092672204], [-14.538366164444767, 57.28567480830435]]}, "properties": {"source": "30753643", "target": "25906956"}}, {"type": "Feature", "geometry": {"type": "LineString", "coordinates": [[-14.536319313052502, 57.27987092672204], [-14.60686601465585, 57.26581052037777]]}, "properties": {"source": "30753643", "target": "25178429"}}, {"type": "Feature", "geometry": {"type": "LineString", "coordinates": [[-14.585668396646412, 57.26505477412607], [-14.603582424098164, 57.28946965795285]]}, "properties": {"source": "16099258", "target": "17926108"}}, {"type": "Feature", "geometry": {"type": "LineString", "coordinates": [[-14.585668396646412, 57.26505477412607], [-14.616274947779942, 57.27296741737125]]}, "properties": {"source": "16099258", "target": "16114861"}}, {"type": "Feature", "geometry": {"type": "LineString", "coordinates": [[-14.585668396646412, 57.26505477412607], [-14.56417175096584, 57.28934451840087]]}, "properties": {"source": "16099258", "target": "16099246"}}, {"type": "Feature", "geometry": {"type": "LineString", "coordinates": [[-14.59012068234307, 57.2693443043251], [-14.602887376460217, 57.270492285900275]]}, "properties": {"source": "18596498", "target": "22068620"}}, {"type": "Feature", "geometry": {"type": "LineString", "coordinates": [[-14.59012068234307, 57.2693443043251], [-14.565321907643153, 57.2827171885921]]}, "properties": {"source": "18596498", "target": "18743467"}}, {"type": "Feature", "geometry": {"type": "LineString", "coordinates": [[-14.59012068234307, 57.2693443043251], [-14.564955038662049, 57.279815856102644]]}, "properties": {"source": "18596498", "target": "18605047"}}, {"type": "Feature", "geometry": {"type": "LineString", "coordinates": [[-14.59012068234307, 57.2693443043251], [-14.58519309386196, 57.27255013646672]]}, "properties": {"source": "18596498", "target": "18686810"}}, {"type": "Feature", "geometry": {"type": "LineString", "coordinates": [[-14.59012068234307, 57.2693443043251], [-14.537118949915083, 57.28030565453237]]}, "properties": {"source": "18596498", "target": "18190566"}}, {"type": "Feature", "geometry": {"type": "LineString", "coordinates": [[-14.59012068234307, 57.2693443043251], [-14.611339732644723, 57.286921271401624]]}, "properties": {"source": "18596498", "target": "23447383"}}, {"type": "Feature", "geometry": {"type": "LineString", "coordinates": [[-14.59012068234307, 57.2693443043251], [-14.579175753503677, 57.28541045503897]]}, "properties": {"source": "18596498", "target": "22585874"}}, {"type": "Feature", "geometry": {"type": "LineString", "coordinates": [[-14.548269177155078, 57.29309402942458], [-14.60775728495139, 57.28317166391349]]}, "properties": {"source": "25968411", "target": "23662053"}}, {"type": "Feature", "geometry": {"type": "LineString", "coordinates": [[-14.592279800320597, 57.270932714103765], [-14.560331347324222, 57.29375447268876]]}, "properties": {"source": "20622381", "target": "21807998"}}, {"type": "Feature", "geometry": {"type": "LineString", "coordinates": [[-14.592279800320597, 57.270932714103765], [-14.586671832913424, 57.28313260872574]]}, "properties": {"source": "20622381", "target": "20943984"}}, {"type": "Feature", "geometry": {"type": "LineString", "coordinates": [[-14.592279800320597, 57.270932714103765], [-14.617646544969375, 57.280924568492]]}, "properties": {"source": "20622381", "target": "20262760"}}, {"type": "Feature", "geometry": {"type": "LineString", "coordinates": [[-14.592279800320597, 57.270932714103765], [-14.608213144747083, 57.28264830105819]]}, "properties": {"source": "20622381", "target": "18524728"}}, {"type": "Feature", "geometry": {"type": "LineString", "coordinates": [[-14.592279800320597, 57.270932714103765], [-14.55215170591896, 57.28322146770435]]}, "properties": {"source": "20622381", "target": "25476480"}}, {"type": "Feature", "geometry": {"type": "LineString", "coordinates": [[-14.592279800320597, 57.270932714103765], [-14.584053772114657, 57.27252173597873]]}, "properties": {"source": "20622381", "target": "24485852"}}, {"type": "Feature", "geometry": {"type": "LineString", "coordinates": [[-14.593805532525579, 57.28873838111768], [-14.624530504345898, 57.29284020141503]]}, "properties": {"source": "27274305", "target": "30622123"}}, {"type": "Feature", "geometry": {"type": "LineString", "coordinates": [[-14.593805532525579, 57.28873838111768], [-14.536880150820195, 57.267791866513946]]}, "properties": {"source": "27274305", "target": "22083017"}}, {"type": "Feature", "geometry": {"type": "LineString", "coordinates": [[-14.550443595970961, 57.26950046151573], [-14.575452225524572, 57.28330300435431]]}, "properties": {"source": "21483120", "target": "23761744"}}, {"type": "Feature", "geometry": {"type": "LineString", "coordinates": [[-14.550443595970961, 57.26950046151573], [-14.556970450724975, 57.27625718603662]]}, "properties": {"source": "21483120", "target": "26312198"}}, {"type": "Feature", "geometry": {"type": "LineString", "coordinates": [[-14.550443595970961, 57.26950046151573], [-14.548917708157205, 57.277827602703724]]}, "properties": {"source": "21483120", "target": "23622173"}}, {"type": "Feature", "geometry": {"type": "LineString", "coordinates": [[-14.550443595970961, 57.26950046151573], [-14.609839340541612, 57.292040809945604]]}, "properties": {"source": "21483120", "target": "28438267"}}, {"type": "Feature", "geometry": {"type": "LineString", "coordinates": [[-14.550443595970961, 57.26950046151573], [-14.61986338619991, 57.27740114800014]]}, "properties": {"source": "21483120", "target": "22838811"}}, {"type": "Feature", "geometry": {"type": "LineString", "coordinates": [[-14.550443595970961, 57.26950046151573], [-14.603615351848077, 57.28797075760296]]}, "properties": {"source": "21483120", "target": "20497616"}}, {"type": "Feature", "geometry": {"type": "LineString", "coordinates": [[-14.550443595970961, 57.26950046151573], [-14.563497128362343, 57.27834717727691]]}, "properties": {"source": "21483120", "target": "18517009"}}, {"type": "Feature", "geometry": {"type": "LineString", "coordinates": [[-14.550443595970961, 57.26950046151573], [-14.595484863518806, 57.266466919328465]]}, "properties": {"source": "21483120", "target": "20497609"}}, {"type": "Feature", "geometry": {"type": "LineString", "coordinates": [[-14.59112937914287, 57.27723799975361], [-14.536627365486794, 57.26784935871244]]}, "properties": {"source": "22589352", "target": "21805408"}}, {"type": "Feature", "geometry": {"type": "LineString", "coordinates": [[-14.59112937914287, 57.27723799975361], [-14.579175753503677, 57.28541045503897]]}, "properties": {"source": "22589352", "target": "22585874"}}, {"type": "Feature", "geometry": {"type": "LineString", "coordinates": [[-14.59112937914287, 57.27723799975361], [-14.592808097777407, 57.27117507010796]]}, "properties": {"source": "22589352", "target": "20879280"}}, {"type": "Feature", "geometry": {"type": "LineString", "coordinates": [[-14.59112937914287, 57.27723799975361], [-14.564410029703481, 57.277170522912485]]}, "properties": {"source": "22589352", "target": "18625453"}}, {"type": "Feature", "geometry": {"type": "LineString", "coordinates": [[-14.573969313937766, 57.28578369800283], [-14.622948453900278, 57.27452265525841]]}, "properties": {"source": "25763989", "target": "25234004"}}, {"type": "Feature", "geometry": {"type": "LineString", "coordinates": [[-14.573969313937766, 57.28578369800283], [-14.538366164444767, 57.28567480830435]]}, "properties": {"source": "25763989", "target": "25906956"}}, {"type": "Feature", "geometry": {"type": "LineString", "coordinates": [[-14.573969313937766, 57.28578369800283], [-14.539689316833346, 57.270693488096924]]}, "properties": {"source": "25763989", "target": "18341046"}}, {"type": "Feature", "geometry": {"type": "LineString", "coordinates": [[-14.573969313937766, 57.28578369800283], [-14.590844835937588, 57.27492349667024]]}, "properties": {"source": "25763989", "target": "28096326"}}, {"type": "Feature", "geometry": {"type": "LineString", "coordinates": [[-14.603582424098164, 57.28946965795285], [-14.563316194423379, 57.278242963540094]]}, "properties": {"source": "17926108", "target": "17876030"}}, {"type": "Feature", "geometry": {"type": "LineString", "coordinates": [[-14.603582424098164, 57.28946965795285], [-14.616274947779942, 57.27296741737125]]}, "properties": {"source": "17926108", "target": "16114861"}}, {"type": "Feature", "geometry": {"type": "LineString", "coordinates": [[-14.603582424098164, 57.28946965795285], [-14.56417175096584, 57.28934451840087]]}, "properties": {"source": "17926108", "target": "16099246"}}, {"type": "Feature", "geometry": {"type": "LineString", "coordinates": [[-14.603582424098164, 57.28946965795285], [-14.625211857997556, 57.284776494987426]]}, "properties": {"source": "17926108", "target": "35570300"}}, {"type": "Feature", "geometry": {"type": "LineString", "coordinates": [[-14.603582424098164, 57.28946965795285], [-14.571760769770378, 57.29417489201359]]}, "properties": {"source": "17926108", "target": "16109563"}}, {"type": "Feature", "geometry": {"type": "LineString", "coordinates": [[-14.601685753229702, 57.281880534634084], [-14.572450139300969, 57.27820051438201]]}, "properties": {"source": "18693621", "target": "18625450"}}, {"type": "Feature", "geometry": {"type": "LineString", "coordinates": [[-14.601685753229702, 57.281880534634084], [-14.575348082733115, 57.28551578863859]]}, "properties": {"source": "18693621", "target": "21902610"}}, {"type": "Feature", "geometry": {"type": "LineString", "coordinates": [[-14.601685753229702, 57.281880534634084], [-14.602887376460217, 57.270492285900275]]}, "properties": {"source": "18693621", "target": "22068620"}}, {"type": "Feature", "geometry": {"type": "LineString", "coordinates": [[-14.564532921093416, 57.28888411894063], [-14.565321907643153, 57.2827171885921]]}, "properties": {"source": "18247333", "target": "18743467"}}, {"type": "Feature", "geometry": {"type": "LineString", "coordinates": [[-14.564532921093416, 57.28888411894063], [-14.564955038662049, 57.279815856102644]]}, "properties": {"source": "18247333", "target": "18605047"}}, {"type": "Feature", "geometry": {"type": "LineString", "coordinates": [[-14.564532921093416, 57.28888411894063], [-14.537118949915083, 57.28030565453237]]}, "properties": {"source": "18247333", "target": "18190566"}}, {"type": "Feature", "geometry": {"type": "LineString", "coordinates": [[-14.577001204813229, 57.28072020104166], [-14.620673848037654, 57.27271940071695]]}, "properties": {"source": "28633883", "target": "26312175"}}, {"type": "Feature", "geometry": {"type": "LineString", "coordinates": [[-14.577001204813229, 57.28072020104166], [-14.556970450724975, 57.27625718603662]]}, "properties": {"source": "28633883", "target": "26312198"}}, {"type": "Feature", "geometry": {"type": "LineString", "coordinates": [[-14.577001204813229, 57.28072020104166], [-14.609839340541612, 57.292040809945604]]}, "properties": {"source": "28633883", "target": "28438267"}}, {"type": "Feature", "geometry": {"type": "LineString", "coordinates": [[-14.577001204813229, 57.28072020104166], [-14.545510171579735, 57.2723446070265]]}, "properties": {"source": "28633883", "target": "26312131"}}, {"type": "Feature", "geometry": {"type": "LineString", "coordinates": [[-14.577001204813229, 57.28072020104166], [-14.575601979862597, 57.265116752704856]]}, "properties": {"source": "28633883", "target": "29958356"}}, {"type": "Feature", "geometry": {"type": "LineString", "coordinates": [[-14.577001204813229, 57.28072020104166], [-14.556743309007715, 57.271028799948084]]}, "properties": {"source": "28633883", "target": "28438274"}}, {"type": "Feature", "geometry": {"type": "LineString", "coordinates": [[-14.577001204813229, 57.28072020104166], [-14.587797304610234, 57.28242235496499]]}, "properties": {"source": "28633883", "target": "36429045"}}, {"type": "Feature", "geometry": {"type": "LineString", "coordinates": [[-14.569551255401421, 57.26798515209627], [-14.605307415844806, 57.29242007123791]]}, "properties": {"source": "17832415", "target": "22232698"}}, {"type": "Feature", "geometry": {"type": "LineString", "coordinates": [[-14.585510274273673, 57.28505289556348], [-14.543520558533999, 57.270280481929035]]}, "properties": {"source": "32968992", "target": "23521324"}}, {"type": "Feature", "geometry": {"type": "LineString", "coordinates": [[-14.585510274273673, 57.28505289556348], [-14.536840874948439, 57.28409009687208]]}, "properties": {"source": "32968992", "target": "31283058"}}, {"type": "Feature", "geometry": {"type": "LineString", "coordinates": [[-14.564410029703481, 57.277170522912485], [-14.592808097777407, 57.27117507010796]]}, "properties": {"source": "18625453", "target": "20879280"}}, {"type": "Feature", "geometry": {"type": "LineString", "coordinates": [[-14.6034334385038, 57.27656123796881], [-14.620475278437937, 57.288631064507584]]}, "properties": {"source": "17881358", "target": "17166938"}}, {"type": "Feature", "geometry": {"type": "LineString", "coordinates": [[-14.62013864244679, 57.267486792585004], [-14.538366164444767, 57.28567480830435]]}, "properties": {"source": "23686727", "target": "25906956"}}, {"type": "Feature", "geometry": {"type": "LineString", "coordinates": [[-14.610052021791148, 57.29403962500446], [-14.611705234616494, 57.27464977589548]]}, "properties": {"source": "22725532", "target": "21473305"}}, {"type": "Feature", "geometry": {"type": "LineString", "coordinates": [[-14.570772016036358, 57.276516925932114], [-14.620673848037654, 57.27271940071695]]}, "properties": {"source": "25710067", "target": "26312175"}}, {"type": "Feature", "geometry": {"type": "LineString", "coordinates": [[-14.570772016036358, 57.276516925932114], [-14.556970450724975, 57.27625718603662]]}, "properties": {"source": "25710067", "target": "26312198"}}, {"type": "Feature", "geometry": {"type": "LineString", "coordinates": [[-14.570772016036358, 57.276516925932114], [-14.545510171579735, 57.2723446070265]]}, "properties": {"source": "25710067", "target": "26312131"}}, {"type": "Feature", "geometry": {"type": "LineString", "coordinates": [[-14.570772016036358, 57.276516925932114], [-14.546687202184842, 57.29337734881079]]}, "properties": {"source": "25710067", "target": "30044343"}}, {"type": "Feature", "geometry": {"type": "LineString", "coordinates": [[-14.570772016036358, 57.276516925932114], [-14.58845688624649, 57.269983111736764]]}, "properties": {"source": "25710067", "target": "23558735"}}, {"type": "Feature", "geometry": {"type": "LineString", "coordinates": [[-14.570772016036358, 57.276516925932114], [-14.575601979862597, 57.265116752704856]]}, "properties": {"source": "25710067", "target": "29958356"}}, {"type": "Feature", "geometry": {"type": "LineString", "coordinates": [[-14.570772016036358, 57.276516925932114], [-14.549220863268516, 57.286872920876505]]}, "properties": {"source": "25710067", "target": "31122752"}}, {"type": "Feature", "geometry": {"type": "LineString", "coordinates": [[-14.565811807820097, 57.275956857844946], [-14.548698490966757, 57.27443163521045]]}, "properties": {"source": "31222872", "target": "27274306"}}, {"type": "Feature", "geometry": {"type": "LineString", "coordinates": [[-14.565811807820097, 57.275956857844946], [-14.596949960317772, 57.27336300310961]]}, "properties": {"source": "31222872", "target": "32909903"}}, {"type": "Feature", "geometry": {"type": "LineString", "coordinates": [[-14.565811807820097, 57.275956857844946], [-14.621302417347579, 57.26859549451676]]}, "properties": {"source": "31222872", "target": "27557301"}}, {"type": "Feature", "geometry": {"type": "LineString", "coordinates": [[-14.553754727164346, 57.268359136596104], [-14.53587548392386, 57.28673082176485]]}, "properties": {"source": "27888635", "target": "18717645"}}, {"type": "Feature", "geometry": {"type": "LineString", "coordinates": [[-14.553754727164346, 57.268359136596104], [-14.59920477424535, 57.289783478456144]]}, "properties": {"source": "27888635", "target": "23571314"}}, {"type": "Feature", "geometry": {"type": "LineString", "coordinates": [[-14.553754727164346, 57.268359136596104], [-14.575785523199556, 57.28509773111365]]}, "properties": {"source": "27888635", "target": "24809903"}}, {"type": "Feature", "geometry": {"type": "LineString", "coordinates": [[-14.619319944393197, 57.26625825962333], [-14.605307415844806, 57.29242007123791]]}, "properties": {"source": "23551042", "target": "22232698"}}, {"type": "Feature", "geometry": {"type": "LineString", "coordinates": [[-14.619319944393197, 57.26625825962333], [-14.585414546019308, 57.280996233739444]]}, "properties": {"source": "23551042", "target": "31435554"}}, {"type": "Feature", "geometry": {"type": "LineString", "coordinates": [[-14.538582086716957, 57.2896906725903], [-14.579357492487986, 57.28159851857562]]}, "properties": {"source": "18880307", "target": "18076876"}}, {"type": "Feature", "geometry": {"type": "LineString", "coordinates": [[-14.538582086716957, 57.2896906725903], [-14.623569671476304, 57.26974711467997]]}, "properties": {"source": "18880307", "target": "20821294"}}, {"type": "Feature", "geometry": {"type": "LineString", "coordinates": [[-14.538582086716957, 57.2896906725903], [-14.611980319608364, 57.2863038704573]]}, "properties": {"source": "18880307", "target": "22152589"}}, {"type": "Feature", "geometry": {"type": "LineString", "coordinates": [[-14.538582086716957, 57.2896906725903], [-14.556744491028098, 57.27949349777903]]}, "properties": {"source": "18880307", "target": "19546770"}}, {"type": "Feature", "geometry": {"type": "LineString", "coordinates": [[-14.538582086716957, 57.2896906725903], [-14.568840830539813, 57.27312420304028]]}, "properties": {"source": "18880307", "target": "17976745"}}, {"type": "Feature", "geometry": {"type": "LineString", "coordinates": [[-14.538582086716957, 57.2896906725903], [-14.563316194423379, 57.278242963540094]]}, "properties": {"source": "18880307", "target": "17876030"}}, {"type": "Feature", "geometry": {"type": "LineString", "coordinates": [[-14.538582086716957, 57.2896906725903], [-14.552977874518604, 57.280253288045046]]}, "properties": {"source": "18880307", "target": "19068786"}}, {"type": "Feature", "geometry": {"type": "LineString", "coordinates": [[-14.538582086716957, 57.2896906725903], [-14.55281458346741, 57.28264922319413]]}, "properties": {"source": "18880307", "target": "17859911"}}, {"type": "Feature", "geometry": {"type": "LineString", "coordinates": [[-14.589544716222775, 57.286944712267285], [-14.548269177155078, 57.29309402942458]]}, "properties": {"source": "32960684", "target": "25968411"}}, {"type": "Feature", "geometry": {"type": "LineString", "coordinates": [[-14.589544716222775, 57.286944712267285], [-14.60775728495139, 57.28317166391349]]}, "properties": {"source": "32960684", "target": "23662053"}}, {"type": "Feature", "geometry": {"type": "LineString", "coordinates": [[-14.589544716222775, 57.286944712267285], [-14.543520558533999, 57.270280481929035]]}, "properties": {"source": "32960684", "target": "23521324"}}, {"type": "Feature", "geometry": {"type": "LineString", "coordinates": [[-14.589544716222775, 57.286944712267285], [-14.536840874948439, 57.28409009687208]]}, "properties": {"source": "32960684", "target": "31283058"}}, {"type": "Feature", "geometry": {"type": "LineString", "coordinates": [[-14.589544716222775, 57.286944712267285], [-14.585510274273673, 57.28505289556348]]}, "properties": {"source": "32960684", "target": "32968992"}}, {"type": "Feature", "geometry": {"type": "LineString", "coordinates": [[-14.589544716222775, 57.286944712267285], [-14.58608575917745, 57.26696540566404]]}, "properties": {"source": "32960684", "target": "35619967"}}, {"type": "Feature", "geometry": {"type": "LineString", "coordinates": [[-14.615457270715012, 57.29053108132668], [-14.565321907643153, 57.2827171885921]]}, "properties": {"source": "18374999", "target": "18743467"}}, {"type": "Feature", "geometry": {"type": "LineString", "coordinates": [[-14.615457270715012, 57.29053108132668], [-14.605671534770067, 57.279638297127406]]}, "properties": {"source": "18374999", "target": "20549525"}}, {"type": "Feature", "geometry": {"type": "LineString", "coordinates": [[-14.58845688624649, 57.269983111736764], [-14.556970450724975, 57.27625718603662]]}, "properties": {"source": "23558735", "target": "26312198"}}, {"type": "Feature", "geometry": {"type": "LineString", "coordinates": [[-14.58845688624649, 57.269983111736764], [-14.548917708157205, 57.277827602703724]]}, "properties": {"source": "23558735", "target": "23622173"}}, {"type": "Feature", "geometry": {"type": "LineString", "coordinates": [[-14.58845688624649, 57.269983111736764], [-14.585175506771265, 57.291485096045164]]}, "properties": {"source": "23558735", "target": "23173003"}}, {"type": "Feature", "geometry": {"type": "LineString", "coordinates": [[-14.58845688624649, 57.269983111736764], [-14.556743309007715, 57.271028799948084]]}, "properties": {"source": "23558735", "target": "28438274"}}, {"type": "Feature", "geometry": {"type": "LineString", "coordinates": [[-14.587235554895926, 57.292017798719314], [-14.573969313937766, 57.28578369800283]]}, "properties": {"source": "18781540", "target": "25763989"}}, {"type": "Feature", "geometry": {"type": "LineString", "coordinates": [[-14.587235554895926, 57.292017798719314], [-14.597993074979883, 57.288670374526916]]}, "properties": {"source": "18781540", "target": "26838703"}}, {"type": "Feature", "geometry": {"type": "LineString", "coordinates": [[-14.587235554895926, 57.292017798719314], [-14.622948453900278, 57.27452265525841]]}, "properties": {"source": "18781540", "target": "25234004"}}, {"type": "Feature", "geometry": {"type": "LineString", "coordinates": [[-14.587235554895926, 57.292017798719314], [-14.539689316833346, 57.270693488096924]]}, "properties": {"source": "18781540", "target": "18341046"}}, {"type": "Feature", "geometry": {"type": "LineString", "coordinates": [[-14.558761086442871, 57.264610630015724], [-14.550443595970961, 57.26950046151573]]}, "properties": {"source": "20497613", "target": "21483120"}}, {"type": "Feature", "geometry": {"type": "LineString", "coordinates": [[-14.558761086442871, 57.264610630015724], [-14.53626595813651, 57.271936131931085]]}, "properties": {"source": "20497613", "target": "22853160"}}, {"type": "Feature", "geometry": {"type": "LineString", "coordinates": [[-14.558761086442871, 57.264610630015724], [-14.578754039358898, 57.29333771775211]]}, "properties": {"source": "20497613", "target": "22853093"}}, {"type": "Feature", "geometry": {"type": "LineString", "coordinates": [[-14.558761086442871, 57.264610630015724], [-14.541556992140556, 57.268933283442394]]}, "properties": {"source": "20497613", "target": "22840041"}}, {"type": "Feature", "geometry": {"type": "LineString", "coordinates": [[-14.558761086442871, 57.264610630015724], [-14.563497128362343, 57.27834717727691]]}, "properties": {"source": "20497613", "target": "18517009"}}, {"type": "Feature", "geometry": {"type": "LineString", "coordinates": [[-14.558761086442871, 57.264610630015724], [-14.595484863518806, 57.266466919328465]]}, "properties": {"source": "20497613", "target": "20497609"}}, {"type": "Feature", "geometry": {"type": "LineString", "coordinates": [[-14.558761086442871, 57.264610630015724], [-14.556272599579842, 57.26641652321344]]}, "properties": {"source": "20497613", "target": "19459671"}}, {"type": "Feature", "geometry": {"type": "LineString", "coordinates": [[-14.54507781658208, 57.280676996353264], [-14.586671832913424, 57.28313260872574]]}, "properties": {"source": "20889588", "target": "20943984"}}, {"type": "Feature", "geometry": {"type": "LineString", "coordinates": [[-14.57716476843396, 57.27725438523838], [-14.610052021791148, 57.29403962500446]]}, "properties": {"source": "28939398", "target": "22725532"}}, {"type": "Feature", "geometry": {"type": "LineString", "coordinates": [[-14.57716476843396, 57.27725438523838], [-14.606335681832235, 57.26938139688953]]}, "properties": {"source": "28939398", "target": "26158237"}}, {"type": "Feature", "geometry": {"type": "LineString", "coordinates": [[-14.57716476843396, 57.27725438523838], [-14.554833965102972, 57.269227024878546]]}, "properties": {"source": "28939398", "target": "20737487"}}, {"type": "Feature", "geometry": {"type": "LineString", "coordinates": [[-14.57716476843396, 57.27725438523838], [-14.568936901653444, 57.289934557136974]]}, "properties": {"source": "28939398", "target": "27930482"}}, {"type": "Feature", "geometry": {"type": "LineString", "coordinates": [[-14.573416033070686, 57.26867917232474], [-14.586671832913424, 57.28313260872574]]}, "properties": {"source": "23287178", "target": "20943984"}}, {"type": "Feature", "geometry": {"type": "LineString", "coordinates": [[-14.573416033070686, 57.26867917232474], [-14.606144105093534, 57.28652813176521]]}, "properties": {"source": "23287178", "target": "18183848"}}, {"type": "Feature", "geometry": {"type": "LineString", "coordinates": [[-14.54037031445452, 57.27814290343876], [-14.597993074979883, 57.288670374526916]]}, "properties": {"source": "34828379", "target": "26838703"}}, {"type": "Feature", "geometry": {"type": "LineString", "coordinates": [[-14.54037031445452, 57.27814290343876], [-14.622948453900278, 57.27452265525841]]}, "properties": {"source": "34828379", "target": "25234004"}}, {"type": "Feature", "geometry": {"type": "LineString", "coordinates": [[-14.565309519557161, 57.28211470267587], [-14.595322993671743, 57.26734082826468]]}, "properties": {"source": "25815089", "target": "25341651"}}, {"type": "Feature", "geometry": {"type": "LineString", "coordinates": [[-14.565309519557161, 57.28211470267587], [-14.60686601465585, 57.26581052037777]]}, "properties": {"source": "25815089", "target": "25178429"}}, {"type": "Feature", "geometry": {"type": "LineString", "coordinates": [[-14.565309519557161, 57.28211470267587], [-14.557267192962883, 57.26439579445902]]}, "properties": {"source": "25815089", "target": "25865290"}}, {"type": "Feature", "geometry": {"type": "LineString", "coordinates": [[-14.565309519557161, 57.28211470267587], [-14.545200965242003, 57.27299628228343]]}, "properties": {"source": "25815089", "target": "26805129"}}, {"type": "Feature", "geometry": {"type": "LineString", "coordinates": [[-14.565309519557161, 57.28211470267587], [-14.57450390773701, 57.280248355719365]]}, "properties": {"source": "25815089", "target": "22884603"}}, {"type": "Feature", "geometry": {"type": "LineString", "coordinates": [[-14.565309519557161, 57.28211470267587], [-14.56976225600883, 57.26834950256992]]}, "properties": {"source": "25815089", "target": "23471550"}}, {"type": "Feature", "geometry": {"type": "LineString", "coordinates": [[-14.565309519557161, 57.28211470267587], [-14.58171483934575, 57.27876772071242]]}, "properties": {"source": "25815089", "target": "23471558"}}, {"type": "Feature", "geometry": {"type": "LineString", "coordinates": [[-14.565309519557161, 57.28211470267587], [-14.536319313052502, 57.27987092672204]]}, "properties": {"source": "25815089", "target": "30753643"}}, {"type": "Feature", "geometry": {"type": "LineString", "coordinates": [[-14.53626595813651, 57.271936131931085], [-14.594704617484553, 57.277044975186584]]}, "properties": {"source": "22853160", "target": "24655681"}}, {"type": "Feature", "geometry": {"type": "LineString", "coordinates": [[-14.53626595813651, 57.271936131931085], [-14.620673848037654, 57.27271940071695]]}, "properties": {"source": "22853160", "target": "26312175"}}, {"type": "Feature", "geometry": {"type": "LineString", "coordinates": [[-14.53626595813651, 57.271936131931085], [-14.575452225524572, 57.28330300435431]]}, "properties": {"source": "22853160", "target": "23761744"}}, {"type": "Feature", "geometry": {"type": "LineString", "coordinates": [[-14.53626595813651, 57.271936131931085], [-14.548917708157205, 57.277827602703724]]}, "properties": {"source": "22853160", "target": "23622173"}}, {"type": "Feature", "geometry": {"type": "LineString", "coordinates": [[-14.53626595813651, 57.271936131931085], [-14.609839340541612, 57.292040809945604]]}, "properties": {"source": "22853160", "target": "28438267"}}, {"type": "Feature", "geometry": {"type": "LineString", "coordinates": [[-14.53626595813651, 57.271936131931085], [-14.61986338619991, 57.27740114800014]]}, "properties": {"source": "22853160", "target": "22838811"}}, {"type": "Feature", "geometry": {"type": "LineString", "coordinates": [[-14.53626595813651, 57.271936131931085], [-14.603615351848077, 57.28797075760296]]}, "properties": {"source": "22853160", "target": "20497616"}}, {"type": "Feature", "geometry": {"type": "LineString", "coordinates": [[-14.53626595813651, 57.271936131931085], [-14.578754039358898, 57.29333771775211]]}, "properties": {"source": "22853160", "target": "22853093"}}, {"type": "Feature", "geometry": {"type": "LineString", "coordinates": [[-14.572450139300969, 57.27820051438201], [-14.537118949915083, 57.28030565453237]]}, "properties": {"source": "18625450", "target": "18190566"}}, {"type": "Feature", "geometry": {"type": "LineString", "coordinates": [[-14.572450139300969, 57.27820051438201], [-14.59012068234307, 57.2693443043251]]}, "properties": {"source": "18625450", "target": "18596498"}}, {"type": "Feature", "geometry": {"type": "LineString", "coordinates": [[-14.572450139300969, 57.27820051438201], [-14.590049048613025, 57.2658623210022]]}, "properties": {"source": "18625450", "target": "17375956"}}, {"type": "Feature", "geometry": {"type": "LineString", "coordinates": [[-14.572450139300969, 57.27820051438201], [-14.561096142655202, 57.26474660678626]]}, "properties": {"source": "18625450", "target": "18622604"}}, {"type": "Feature", "geometry": {"type": "LineString", "coordinates": [[-14.572450139300969, 57.27820051438201], [-14.625332853793168, 57.27745358493935]]}, "properties": {"source": "18625450", "target": "16114862"}}, {"type": "Feature", "geometry": {"type": "LineString", "coordinates": [[-14.572450139300969, 57.27820051438201], [-14.615457270715012, 57.29053108132668]]}, "properties": {"source": "18625450", "target": "18374999"}}, {"type": "Feature", "geometry": {"type": "LineString", "coordinates": [[-14.572450139300969, 57.27820051438201], [-14.564532921093416, 57.28888411894063]]}, "properties": {"source": "18625450", "target": "18247333"}}, {"type": "Feature", "geometry": {"type": "LineString", "coordinates": [[-14.572450139300969, 57.27820051438201], [-14.539297066191722, 57.27369256864941]]}, "properties": {"source": "18625450", "target": "18457632"}}, {"type": "Feature", "geometry": {"type": "LineString", "coordinates": [[-14.548917708157205, 57.277827602703724], [-14.61986338619991, 57.27740114800014]]}, "properties": {"source": "23622173", "target": "22838811"}}, {"type": "Feature", "geometry": {"type": "LineString", "coordinates": [[-14.548917708157205, 57.277827602703724], [-14.603615351848077, 57.28797075760296]]}, "properties": {"source": "23622173", "target": "20497616"}}, {"type": "Feature", "geometry": {"type": "LineString", "coordinates": [[-14.548917708157205, 57.277827602703724], [-14.594240455380742, 57.270572317387206]]}, "properties": {"source": "23622173", "target": "23734167"}}, {"type": "Feature", "geometry": {"type": "LineString", "coordinates": [[-14.565309519557161, 57.28211470267587], [-14.573969313937766, 57.28578369800283]]}, "properties": {"source": "25815089", "target": "25763989"}}, {"type": "Feature", "geometry": {"type": "LineString", "coordinates": [[-14.565309519557161, 57.28211470267587], [-14.597993074979883, 57.288670374526916]]}, "properties": {"source": "25815089", "target": "26838703"}}, {"type": "Feature", "geometry": {"type": "LineString", "coordinates": [[-14.565309519557161, 57.28211470267587], [-14.622948453900278, 57.27452265525841]]}, "properties": {"source": "25815089", "target": "25234004"}}, {"type": "Feature", "geometry": {"type": "LineString", "coordinates": [[-14.565309519557161, 57.28211470267587], [-14.594809226161743, 57.28382486619776]]}, "properties": {"source": "25815089", "target": "30195145"}}, {"type": "Feature", "geometry": {"type": "LineString", "coordinates": [[-14.565309519557161, 57.28211470267587], [-14.538366164444767, 57.28567480830435]]}, "properties": {"source": "25815089", "target": "25906956"}}, {"type": "Feature", "geometry": {"type": "LineString", "coordinates": [[-14.623569671476304, 57.26974711467997], [-14.602416303435376, 57.28410885262848]]}, "properties": {"source": "20821294", "target": "18715733"}}, {"type": "Feature", "geometry": {"type": "LineString", "coordinates": [[-14.565321907643153, 57.2827171885921], [-14.553077835713424, 57.27101371809863]]}, "properties": {"source": "18743467", "target": "18192699"}}, {"type": "Feature", "geometry": {"type": "LineString", "coordinates": [[-14.565321907643153, 57.2827171885921], [-14.564955038662049, 57.279815856102644]]}, "properties": {"source": "18743467", "target": "18605047"}}, {"type": "Feature", "geometry": {"type": "LineString", "coordinates": [[-14.565321907643153, 57.2827171885921], [-14.623091903210963, 57.27231636368069]]}, "properties": {"source": "18743467", "target": "28475027"}}, {"type": "Feature", "geometry": {"type": "LineString", "coordinates": [[-14.565321907643153, 57.2827171885921], [-14.55041826596181, 57.27552063136771]]}, "properties": {"source": "18743467", "target": "18054056"}}, {"type": "Feature", "geometry": {"type": "LineString", "coordinates": [[-14.544352324845136, 57.26654044550153], [-14.602887376460217, 57.270492285900275]]}, "properties": {"source": "22613246", "target": "22068620"}}, {"type": "Feature", "geometry": {"type": "LineString", "coordinates": [[-14.544352324845136, 57.26654044550153], [-14.603648866924829, 57.276406812079784]]}, "properties": {"source": "22613246", "target": "23300811"}}, {"type": "Feature", "geometry": {"type": "LineString", "coordinates": [[-14.544352324845136, 57.26654044550153], [-14.565321907643153, 57.2827171885921]]}, "properties": {"source": "22613246", "target": "18743467"}}, {"type": "Feature", "geometry": {"type": "LineString", "coordinates": [[-14.540761222556256, 57.28481225766761], [-14.609459506560256, 57.265396599922425]]}, "properties": {"source": "27834947", "target": "33597798"}}, {"type": "Feature", "geometry": {"type": "LineString", "coordinates": [[-14.540761222556256, 57.28481225766761], [-14.625922283630274, 57.29111445489981]]}, "properties": {"source": "27834947", "target": "25502442"}}, {"type": "Feature", "geometry": {"type": "LineString", "coordinates": [[-14.540761222556256, 57.28481225766761], [-14.620798151449577, 57.26600461721918]]}, "properties": {"source": "27834947", "target": "25025389"}}, {"type": "Feature", "geometry": {"type": "LineString", "coordinates": [[-14.540761222556256, 57.28481225766761], [-14.549139399648993, 57.2708592526466]]}, "properties": {"source": "27834947", "target": "23491832"}}, {"type": "Feature", "geometry": {"type": "LineString", "coordinates": [[-14.540761222556256, 57.28481225766761], [-14.537554941920803, 57.294088552801654]]}, "properties": {"source": "27834947", "target": "20647753"}}, {"type": "Feature", "geometry": {"type": "LineString", "coordinates": [[-14.599171937154637, 57.282358347840244], [-14.572450139300969, 57.27820051438201]]}, "properties": {"source": "18462806", "target": "18625450"}}, {"type": "Feature", "geometry": {"type": "LineString", "coordinates": [[-14.599171937154637, 57.282358347840244], [-14.59012068234307, 57.2693443043251]]}, "properties": {"source": "18462806", "target": "18596498"}}, {"type": "Feature", "geometry": {"type": "LineString", "coordinates": [[-14.599171937154637, 57.282358347840244], [-14.579175753503677, 57.28541045503897]]}, "properties": {"source": "18462806", "target": "22585874"}}, {"type": "Feature", "geometry": {"type": "LineString", "coordinates": [[-14.53626595813651, 57.271936131931085], [-14.58845688624649, 57.269983111736764]]}, "properties": {"source": "22853160", "target": "23558735"}}, {"type": "Feature", "geometry": {"type": "LineString", "coordinates": [[-14.53626595813651, 57.271936131931085], [-14.541556992140556, 57.268933283442394]]}, "properties": {"source": "22853160", "target": "22840041"}}, {"type": "Feature", "geometry": {"type": "LineString", "coordinates": [[-14.53626595813651, 57.271936131931085], [-14.595484863518806, 57.266466919328465]]}, "properties": {"source": "22853160", "target": "20497609"}}, {"type": "Feature", "geometry": {"type": "LineString", "coordinates": [[-14.617615445639018, 57.26918606200002], [-14.59112937914287, 57.27723799975361]]}, "properties": {"source": "23612689", "target": "22589352"}}, {"type": "Feature", "geometry": {"type": "LineString", "coordinates": [[-14.617615445639018, 57.26918606200002], [-14.574366220245253, 57.272931764903774]]}, "properties": {"source": "23612689", "target": "23010184"}}, {"type": "Feature", "geometry": {"type": "LineString", "coordinates": [[-14.617615445639018, 57.26918606200002], [-14.59384866591617, 57.27545880466819]]}, "properties": {"source": "23612689", "target": "25550971"}}, {"type": "Feature", "geometry": {"type": "LineString", "coordinates": [[-14.617615445639018, 57.26918606200002], [-14.538070736168436, 57.267056789126]]}, "properties": {"source": "23612689", "target": "23287381"}}, {"type": "Feature", "geometry": {"type": "LineString", "coordinates": [[-14.617615445639018, 57.26918606200002], [-14.547749962413747, 57.288757176766026]]}, "properties": {"source": "23612689", "target": "25550961"}}, {"type": "Feature", "geometry": {"type": "LineString", "coordinates": [[-14.581309784175005, 57.26856242942286], [-14.610390233355304, 57.268787097284445]]}, "properties": {"source": "25170969", "target": "18809943"}}, {"type": "Feature", "geometry": {"type": "LineString", "coordinates": [[-14.581309784175005, 57.26856242942286], [-14.569379594786625, 57.274201205113314]]}, "properties": {"source": "25170969", "target": "24367985"}}, {"type": "Feature", "geometry": {"type": "LineString", "coordinates": [[-14.581309784175005, 57.26856242942286], [-14.606173461938141, 57.278217164589364]]}, "properties": {"source": "25170969", "target": "25168121"}}, {"type": "Feature", "geometry": {"type": "LineString", "coordinates": [[-14.581309784175005, 57.26856242942286], [-14.62013864244679, 57.267486792585004]]}, "properties": {"source": "25170969", "target": "23686727"}}, {"type": "Feature", "geometry": {"type": "LineString", "coordinates": [[-14.581309784175005, 57.26856242942286], [-14.56780338328062, 57.270781149806865]]}, "properties": {"source": "25170969", "target": "23723778"}}, {"type": "Feature", "geometry": {"type": "LineString", "coordinates": [[-14.587683022984777, 57.28881675994269], [-14.573969313937766, 57.28578369800283]]}, "properties": {"source": "25171485", "target": "25763989"}}, {"type": "Feature", "geometry": {"type": "LineString", "coordinates": [[-14.587683022984777, 57.28881675994269], [-14.597993074979883, 57.288670374526916]]}, "properties": {"source": "25171485", "target": "26838703"}}, {"type": "Feature", "geometry": {"type": "LineString", "coordinates": [[-14.587683022984777, 57.28881675994269], [-14.622948453900278, 57.27452265525841]]}, "properties": {"source": "25171485", "target": "25234004"}}, {"type": "Feature", "geometry": {"type": "LineString", "coordinates": [[-14.546235813383504, 57.27190123452648], [-14.622867245319469, 57.26763823152561]]}, "properties": {"source": "21063639", "target": "23276717"}}, {"type": "Feature", "geometry": {"type": "LineString", "coordinates": [[-14.546235813383504, 57.27190123452648], [-14.539689316833346, 57.270693488096924]]}, "properties": {"source": "21063639", "target": "18341046"}}, {"type": "Feature", "geometry": {"type": "LineString", "coordinates": [[-14.546235813383504, 57.27190123452648], [-14.60361477266457, 57.29115041084299]]}, "properties": {"source": "21063639", "target": "21063217"}}, {"type": "Feature", "geometry": {"type": "LineString", "coordinates": [[-14.546235813383504, 57.27190123452648], [-14.544031839998297, 57.26648740007714]]}, "properties": {"source": "21063639", "target": "21064108"}}, {"type": "Feature", "geometry": {"type": "LineString", "coordinates": [[-14.546235813383504, 57.27190123452648], [-14.587235554895926, 57.292017798719314]]}, "properties": {"source": "21063639", "target": "18781540"}}, {"type": "Feature", "geometry": {"type": "LineString", "coordinates": [[-14.546235813383504, 57.27190123452648], [-14.57450390773701, 57.280248355719365]]}, "properties": {"source": "21063639", "target": "22884603"}}, {"type": "Feature", "geometry": {"type": "LineString", "coordinates": [[-14.546235813383504, 57.27190123452648], [-14.54755597012462, 57.29036134249077]]}, "properties": {"source": "21063639", "target": "20414715"}}, {"type": "Feature", "geometry": {"type": "LineString", "coordinates": [[-14.59385806804275, 57.26929892956018], [-14.575348082733115, 57.28551578863859]]}, "properties": {"source": "19301526", "target": "21902610"}}, {"type": "Feature", "geometry": {"type": "LineString", "coordinates": [[-14.57486637527444, 57.280581073331845], [-14.611339732644723, 57.286921271401624]]}, "properties": {"source": "26162383", "target": "23447383"}}, {"type": "Feature", "geometry": {"type": "LineString", "coordinates": [[-14.57486637527444, 57.280581073331845], [-14.554554994782563, 57.28550034484272]]}, "properties": {"source": "26162383", "target": "28676154"}}, {"type": "Feature", "geometry": {"type": "LineString", "coordinates": [[-14.57486637527444, 57.280581073331845], [-14.592842445384974, 57.27957885906669]]}, "properties": {"source": "26162383", "target": "27851148"}}, {"type": "Feature", "geometry": {"type": "LineString", "coordinates": [[-14.57486637527444, 57.280581073331845], [-14.583137014295602, 57.27512211675467]]}, "properties": {"source": "26162383", "target": "36119169"}}, {"type": "Feature", "geometry": {"type": "LineString", "coordinates": [[-14.57486637527444, 57.280581073331845], [-14.595490858703869, 57.28905768997849]]}, "properties": {"source": "26162383", "target": "25827778"}}, {"type": "Feature", "geometry": {"type": "LineString", "coordinates": [[-14.57486637527444, 57.280581073331845], [-14.563685463299976, 57.26822282687125]]}, "properties": {"source": "26162383", "target": "25065693"}}, {"type": "Feature", "geometry": {"type": "LineString", "coordinates": [[-14.57486637527444, 57.280581073331845], [-14.600766692868064, 57.287063192435326]]}, "properties": {"source": "26162383", "target": "25620093"}}, {"type": "Feature", "geometry": {"type": "LineString", "coordinates": [[-14.617112245927814, 57.28218116995262], [-14.572450139300969, 57.27820051438201]]}, "properties": {"source": "20431030", "target": "18625450"}}, {"type": "Feature", "geometry": {"type": "LineString", "coordinates": [[-14.544430254623052, 57.274057110436345], [-14.620798151449577, 57.26600461721918]]}, "properties": {"source": "28574017", "target": "25025389"}}, {"type": "Feature", "geometry": {"type": "LineString", "coordinates": [[-14.544430254623052, 57.274057110436345], [-14.593353631998013, 57.26884970093498]]}, "properties": {"source": "28574017", "target": "27805860"}}, {"type": "Feature", "geometry": {"type": "LineString", "coordinates": [[-14.544430254623052, 57.274057110436345], [-14.549139399648993, 57.2708592526466]]}, "properties": {"source": "28574017", "target": "23491832"}}, {"type": "Feature", "geometry": {"type": "LineString", "coordinates": [[-14.544430254623052, 57.274057110436345], [-14.537554941920803, 57.294088552801654]]}, "properties": {"source": "28574017", "target": "20647753"}}, {"type": "Feature", "geometry": {"type": "LineString", "coordinates": [[-14.544430254623052, 57.274057110436345], [-14.568936901653444, 57.289934557136974]]}, "properties": {"source": "28574017", "target": "27930482"}}, {"type": "Feature", "geometry": {"type": "LineString", "coordinates": [[-14.544430254623052, 57.274057110436345], [-14.58203664817961, 57.28894796968166]]}, "properties": {"source": "28574017", "target": "34834103"}}, {"type": "Feature", "geometry": {"type": "LineString", "coordinates": [[-14.544430254623052, 57.274057110436345], [-14.605431502773598, 57.283660954081114]]}, "properties": {"source": "28574017", "target": "23574611"}}, {"type": "Feature", "geometry": {"type": "LineString", "coordinates": [[-14.624530504345898, 57.29284020141503], [-14.603648866924829, 57.276406812079784]]}, "properties": {"source": "30622123", "target": "23300811"}}, {"type": "Feature", "geometry": {"type": "LineString", "coordinates": [[-14.541556992140556, 57.268933283442394], [-14.613981580628973, 57.27394834492556]]}, "properties": {"source": "22840041", "target": "22910368"}}, {"type": "Feature", "geometry": {"type": "LineString", "coordinates": [[-14.541556992140556, 57.268933283442394], [-14.603615351848077, 57.28797075760296]]}, "properties": {"source": "22840041", "target": "20497616"}}, {"type": "Feature", "geometry": {"type": "LineString", "coordinates": [[-14.541556992140556, 57.268933283442394], [-14.585175506771265, 57.291485096045164]]}, "properties": {"source": "22840041", "target": "23173003"}}, {"type": "Feature", "geometry": {"type": "LineString", "coordinates": [[-14.606335681832235, 57.26938139688953], [-14.597993074979883, 57.288670374526916]]}, "properties": {"source": "26158237", "target": "26838703"}}, {"type": "Feature", "geometry": {"type": "LineString", "coordinates": [[-14.606335681832235, 57.26938139688953], [-14.601652090862302, 57.29377006019445]]}, "properties": {"source": "26158237", "target": "22925759"}}, {"type": "Feature", "geometry": {"type": "LineString", "coordinates": [[-14.606335681832235, 57.26938139688953], [-14.610052021791148, 57.29403962500446]]}, "properties": {"source": "26158237", "target": "22725532"}}, {"type": "Feature", "geometry": {"type": "LineString", "coordinates": [[-14.606335681832235, 57.26938139688953], [-14.611705234616494, 57.27464977589548]]}, "properties": {"source": "26158237", "target": "21473305"}}, {"type": "Feature", "geometry": {"type": "LineString", "coordinates": [[-14.606335681832235, 57.26938139688953], [-14.583885729039366, 57.28597916105255]]}, "properties": {"source": "26158237", "target": "20737459"}}, {"type": "Feature", "geometry": {"type": "LineString", "coordinates": [[-14.57486637527444, 57.280581073331845], [-14.605898314570396, 57.293370862838856]]}, "properties": {"source": "26162383", "target": "28821417"}}, {"type": "Feature", "geometry": {"type": "LineString", "coordinates": [[-14.57486637527444, 57.280581073331845], [-14.573148149529118, 57.26601390993251]]}, "properties": {"source": "26162383", "target": "21902503"}}, {"type": "Feature", "geometry": {"type": "LineString", "coordinates": [[-14.57486637527444, 57.280581073331845], [-14.610112273651197, 57.28852600281655]]}, "properties": {"source": "26162383", "target": "28012921"}}, {"type": "Feature", "geometry": {"type": "LineString", "coordinates": [[-14.57486637527444, 57.280581073331845], [-14.565867932535014, 57.27094994834589]]}, "properties": {"source": "26162383", "target": "25385454"}}, {"type": "Feature", "geometry": {"type": "LineString", "coordinates": [[-14.57486637527444, 57.280581073331845], [-14.58406288383975, 57.272948585387766]]}, "properties": {"source": "26162383", "target": "24539690"}}, {"type": "Feature", "geometry": {"type": "LineString", "coordinates": [[-14.57486637527444, 57.280581073331845], [-14.624530504345898, 57.29284020141503]]}, "properties": {"source": "26162383", "target": "30622123"}}, {"type": "Feature", "geometry": {"type": "LineString", "coordinates": [[-14.57486637527444, 57.280581073331845], [-14.623091903210963, 57.27231636368069]]}, "properties": {"source": "26162383", "target": "28475027"}}, {"type": "Feature", "geometry": {"type": "LineString", "coordinates": [[-14.57486637527444, 57.280581073331845], [-14.538644370714024, 57.27150465700004]]}, "properties": {"source": "26162383", "target": "27188165"}}, {"type": "Feature", "geometry": {"type": "LineString", "coordinates": [[-14.575200839942994, 57.272195891958404], [-14.585668396646412, 57.26505477412607]]}, "properties": {"source": "16117488", "target": "16099258"}}, {"type": "Feature", "geometry": {"type": "LineString", "coordinates": [[-14.575200839942994, 57.272195891958404], [-14.56417175096584, 57.28934451840087]]}, "properties": {"source": "16117488", "target": "16099246"}}, {"type": "Feature", "geometry": {"type": "LineString", "coordinates": [[-14.575200839942994, 57.272195891958404], [-14.586655782523678, 57.286181685982726]]}, "properties": {"source": "16117488", "target": "17860622"}}, {"type": "Feature", "geometry": {"type": "LineString", "coordinates": [[-14.560308941641011, 57.29095194367345], [-14.615818646390863, 57.27999291145585]]}, "properties": {"source": "30233042", "target": "31824035"}}, {"type": "Feature", "geometry": {"type": "LineString", "coordinates": [[-14.560308941641011, 57.29095194367345], [-14.544430254623052, 57.274057110436345]]}, "properties": {"source": "30233042", "target": "28574017"}}, {"type": "Feature", "geometry": {"type": "LineString", "coordinates": [[-14.560308941641011, 57.29095194367345], [-14.590844835937588, 57.27492349667024]]}, "properties": {"source": "30233042", "target": "28096326"}}, {"type": "Feature", "geometry": {"type": "LineString", "coordinates": [[-14.560308941641011, 57.29095194367345], [-14.567965199026276, 57.27328010375649]]}, "properties": {"source": "30233042", "target": "21902162"}}, {"type": "Feature", "geometry": {"type": "LineString", "coordinates": [[-14.62119295418961, 57.29229136397066], [-14.6034334385038, 57.27656123796881]]}, "properties": {"source": "17797720", "target": "17881358"}}, {"type": "Feature", "geometry": {"type": "LineString", "coordinates": [[-14.601685753229702, 57.281880534634084], [-14.568840830539813, 57.27312420304028]]}, "properties": {"source": "18693621", "target": "17976745"}}, {"type": "Feature", "geometry": {"type": "LineString", "coordinates": [[-14.601685753229702, 57.281880534634084], [-14.568567924973024, 57.283905463267686]]}, "properties": {"source": "18693621", "target": "24582414"}}, {"type": "Feature", "geometry": {"type": "LineString", "coordinates": [[-14.601685753229702, 57.281880534634084], [-14.58519309386196, 57.27255013646672]]}, "properties": {"source": "18693621", "target": "18686810"}}, {"type": "Feature", "geometry": {"type": "LineString", "coordinates": [[-14.601685753229702, 57.281880534634084], [-14.538644370714024, 57.27150465700004]]}, "properties": {"source": "18693621", "target": "27188165"}}, {"type": "Feature", "geometry": {"type": "LineString", "coordinates": [[-14.601685753229702, 57.281880534634084], [-14.59012068234307, 57.2693443043251]]}, "properties": {"source": "18693621", "target": "18596498"}}, {"type": "Feature", "geometry": {"type": "LineString", "coordinates": [[-14.601685753229702, 57.281880534634084], [-14.590049048613025, 57.2658623210022]]}, "properties": {"source": "18693621", "target": "17375956"}}, {"type": "Feature", "geometry": {"type": "LineString", "coordinates": [[-14.601685753229702, 57.281880534634084], [-14.561096142655202, 57.26474660678626]]}, "properties": {"source": "18693621", "target": "18622604"}}, {"type": "Feature", "geometry": {"type": "LineString", "coordinates": [[-14.601685753229702, 57.281880534634084], [-14.599171937154637, 57.282358347840244]]}, "properties": {"source": "18693621", "target": "18462806"}}, {"type": "Feature", "geometry": {"type": "LineString", "coordinates": [[-14.573041653700898, 57.268091129809164], [-14.622128170805894, 57.29028595678788]]}, "properties": {"source": "17869239", "target": "17727180"}}, {"type": "Feature", "geometry": {"type": "LineString", "coordinates": [[-14.573041653700898, 57.268091129809164], [-14.616465145804284, 57.27655702570108]]}, "properties": {"source": "17869239", "target": "18073066"}}, {"type": "Feature", "geometry": {"type": "LineString", "coordinates": [[-14.573041653700898, 57.268091129809164], [-14.551684209396996, 57.28381317791316]]}, "properties": {"source": "17869239", "target": "17436480"}}, {"type": "Feature", "geometry": {"type": "LineString", "coordinates": [[-14.573041653700898, 57.268091129809164], [-14.556265754165594, 57.28741069742635]]}, "properties": {"source": "17869239", "target": "18802230"}}, {"type": "Feature", "geometry": {"type": "LineString", "coordinates": [[-14.573041653700898, 57.268091129809164], [-14.624458444919071, 57.28145602171388]]}, "properties": {"source": "17869239", "target": "18802240"}}, {"type": "Feature", "geometry": {"type": "LineString", "coordinates": [[-14.573041653700898, 57.268091129809164], [-14.565444612693653, 57.27192105629439]]}, "properties": {"source": "17869239", "target": "22058528"}}, {"type": "Feature", "geometry": {"type": "LineString", "coordinates": [[-14.539013748364397, 57.28222050422913], [-14.572450139300969, 57.27820051438201]]}, "properties": {"source": "18337069", "target": "18625450"}}, {"type": "Feature", "geometry": {"type": "LineString", "coordinates": [[-14.539013748364397, 57.28222050422913], [-14.535442786010833, 57.26466864361166]]}, "properties": {"source": "18337069", "target": "18340482"}}, {"type": "Feature", "geometry": {"type": "LineString", "coordinates": [[-14.538070736168436, 57.267056789126], [-14.601652090862302, 57.29377006019445]]}, "properties": {"source": "23287381", "target": "22925759"}}, {"type": "Feature", "geometry": {"type": "LineString", "coordinates": [[-14.538070736168436, 57.267056789126], [-14.592808097777407, 57.27117507010796]]}, "properties": {"source": "23287381", "target": "20879280"}}, {"type": "Feature", "geometry": {"type": "LineString", "coordinates": [[-14.538070736168436, 57.267056789126], [-14.564410029703481, 57.277170522912485]]}, "properties": {"source": "23287381", "target": "18625453"}}, {"type": "Feature", "geometry": {"type": "LineString", "coordinates": [[-14.55041826596181, 57.27552063136771], [-14.564955038662049, 57.279815856102644]]}, "properties": {"source": "18054056", "target": "18605047"}}, {"type": "Feature", "geometry": {"type": "LineString", "coordinates": [[-14.608460732058944, 57.273903103439864], [-14.615818646390863, 57.27999291145585]]}, "properties": {"source": "24976627", "target": "31824035"}}, {"type": "Feature", "geometry": {"type": "LineString", "coordinates": [[-14.608460732058944, 57.273903103439864], [-14.544430254623052, 57.274057110436345]]}, "properties": {"source": "24976627", "target": "28574017"}}, {"type": "Feature", "geometry": {"type": "LineString", "coordinates": [[-14.608460732058944, 57.273903103439864], [-14.590844835937588, 57.27492349667024]]}, "properties": {"source": "24976627", "target": "28096326"}}, {"type": "Feature", "geometry": {"type": "LineString", "coordinates": [[-14.608460732058944, 57.273903103439864], [-14.609459506560256, 57.265396599922425]]}, "properties": {"source": "24976627", "target": "33597798"}}, {"type": "Feature", "geometry": {"type": "LineString", "coordinates": [[-14.591373952933083, 57.27118850459827], [-14.594809226161743, 57.28382486619776]]}, "properties": {"source": "24151121", "target": "30195145"}}, {"type": "Feature", "geometry": {"type": "LineString", "coordinates": [[-14.591373952933083, 57.27118850459827], [-14.535442786010833, 57.26466864361166]]}, "properties": {"source": "24151121", "target": "18340482"}}, {"type": "Feature", "geometry": {"type": "LineString", "coordinates": [[-14.591373952933083, 57.27118850459827], [-14.622867245319469, 57.26763823152561]]}, "properties": {"source": "24151121", "target": "23276717"}}, {"type": "Feature", "geometry": {"type": "LineString", "coordinates": [[-14.591373952933083, 57.27118850459827], [-14.539689316833346, 57.270693488096924]]}, "properties": {"source": "24151121", "target": "18341046"}}, {"type": "Feature", "geometry": {"type": "LineString", "coordinates": [[-14.591373952933083, 57.27118850459827], [-14.546235813383504, 57.27190123452648]]}, "properties": {"source": "24151121", "target": "21063639"}}, {"type": "Feature", "geometry": {"type": "LineString", "coordinates": [[-14.591373952933083, 57.27118850459827], [-14.60361477266457, 57.29115041084299]]}, "properties": {"source": "24151121", "target": "21063217"}}, {"type": "Feature", "geometry": {"type": "LineString", "coordinates": [[-14.591373952933083, 57.27118850459827], [-14.544031839998297, 57.26648740007714]]}, "properties": {"source": "24151121", "target": "21064108"}}, {"type": "Feature", "geometry": {"type": "LineString", "coordinates": [[-14.591373952933083, 57.27118850459827], [-14.546823113222416, 57.29354450553441]]}, "properties": {"source": "24151121", "target": "23844414"}}, {"type": "Feature", "geometry": {"type": "LineString", "coordinates": [[-14.625332853793168, 57.27745358493935], [-14.585668396646412, 57.26505477412607]]}, "properties": {"source": "16114862", "target": "16099258"}}, {"type": "Feature", "geometry": {"type": "LineString", "coordinates": [[-14.625332853793168, 57.27745358493935], [-14.616274947779942, 57.27296741737125]]}, "properties": {"source": "16114862", "target": "16114861"}}, {"type": "Feature", "geometry": {"type": "LineString", "coordinates": [[-14.625332853793168, 57.27745358493935], [-14.56417175096584, 57.28934451840087]]}, "properties": {"source": "16114862", "target": "16099246"}}, {"type": "Feature", "geometry": {"type": "LineString", "coordinates": [[-14.625332853793168, 57.27745358493935], [-14.625211857997556, 57.284776494987426]]}, "properties": {"source": "16114862", "target": "35570300"}}, {"type": "Feature", "geometry": {"type": "LineString", "coordinates": [[-14.625332853793168, 57.27745358493935], [-14.571760769770378, 57.29417489201359]]}, "properties": {"source": "16114862", "target": "16109563"}}, {"type": "Feature", "geometry": {"type": "LineString", "coordinates": [[-14.622128170805894, 57.29028595678788], [-14.603582424098164, 57.28946965795285]]}, "properties": {"source": "17727180", "target": "17926108"}}, {"type": "Feature", "geometry": {"type": "LineString", "coordinates": [[-14.622128170805894, 57.29028595678788], [-14.563316194423379, 57.278242963540094]]}, "properties": {"source": "17727180", "target": "17876030"}}, {"type": "Feature", "geometry": {"type": "LineString", "coordinates": [[-14.622128170805894, 57.29028595678788], [-14.56611896248279, 57.275951046520106]]}, "properties": {"source": "17727180", "target": "17212972"}}, {"type": "Feature", "geometry": {"type": "LineString", "coordinates": [[-14.590049048613025, 57.2658623210022], [-14.616274947779942, 57.27296741737125]]}, "properties": {"source": "17375956", "target": "16114861"}}, {"type": "Feature", "geometry": {"type": "LineString", "coordinates": [[-14.590049048613025, 57.2658623210022], [-14.563019619274598, 57.281132435653035]]}, "properties": {"source": "17375956", "target": "13568654"}}, {"type": "Feature", "geometry": {"type": "LineString", "coordinates": [[-14.590049048613025, 57.2658623210022], [-14.571760769770378, 57.29417489201359]]}, "properties": {"source": "17375956", "target": "16109563"}}, {"type": "Feature", "geometry": {"type": "LineString", "coordinates": [[-14.586671832913424, 57.28313260872574], [-14.560331347324222, 57.29375447268876]]}, "properties": {"source": "20943984", "target": "21807998"}}, {"type": "Feature", "geometry": {"type": "LineString", "coordinates": [[-14.586671832913424, 57.28313260872574], [-14.560274628523302, 57.28872198969471]]}, "properties": {"source": "20943984", "target": "22083637"}}, {"type": "Feature", "geometry": {"type": "LineString", "coordinates": [[-14.586671832913424, 57.28313260872574], [-14.536627365486794, 57.26784935871244]]}, "properties": {"source": "20943984", "target": "21805408"}}, {"type": "Feature", "geometry": {"type": "LineString", "coordinates": [[-14.586671832913424, 57.28313260872574], [-14.605307415844806, 57.29242007123791]]}, "properties": {"source": "20943984", "target": "22232698"}}, {"type": "Feature", "geometry": {"type": "LineString", "coordinates": [[-14.59411257564875, 57.27863202910213], [-14.573969313937766, 57.28578369800283]]}, "properties": {"source": "25170980", "target": "25763989"}}, {"type": "Feature", "geometry": {"type": "LineString", "coordinates": [[-14.584646658466738, 57.28390920600134], [-14.610052021791148, 57.29403962500446]]}, "properties": {"source": "20737507", "target": "22725532"}}, {"type": "Feature", "geometry": {"type": "LineString", "coordinates": [[-14.584646658466738, 57.28390920600134], [-14.611705234616494, 57.27464977589548]]}, "properties": {"source": "20737507", "target": "21473305"}}, {"type": "Feature", "geometry": {"type": "LineString", "coordinates": [[-14.584646658466738, 57.28390920600134], [-14.598259109173853, 57.28467203532075]]}, "properties": {"source": "20737507", "target": "26158233"}}, {"type": "Feature", "geometry": {"type": "LineString", "coordinates": [[-14.584646658466738, 57.28390920600134], [-14.606335681832235, 57.26938139688953]]}, "properties": {"source": "20737507", "target": "26158237"}}, {"type": "Feature", "geometry": {"type": "LineString", "coordinates": [[-14.584646658466738, 57.28390920600134], [-14.583885729039366, 57.28597916105255]]}, "properties": {"source": "20737507", "target": "20737459"}}, {"type": "Feature", "geometry": {"type": "LineString", "coordinates": [[-14.584646658466738, 57.28390920600134], [-14.58941071905673, 57.265728828526306]]}, "properties": {"source": "20737507", "target": "20629817"}}, {"type": "Feature", "geometry": {"type": "LineString", "coordinates": [[-14.584646658466738, 57.28390920600134], [-14.554833965102972, 57.269227024878546]]}, "properties": {"source": "20737507", "target": "20737487"}}, {"type": "Feature", "geometry": {"type": "LineString", "coordinates": [[-14.584646658466738, 57.28390920600134], [-14.57716476843396, 57.27725438523838]]}, "properties": {"source": "20737507", "target": "28939398"}}, {"type": "Feature", "geometry": {"type": "LineString", "coordinates": [[-14.56780338328062, 57.270781149806865], [-14.56896553730411, 57.27146970041038]]}, "properties": {"source": "23723778", "target": "21853688"}}, {"type": "Feature", "geometry": {"type": "LineString", "coordinates": [[-14.589029711014547, 57.274302569121375], [-14.553754727164346, 57.268359136596104]]}, "properties": {"source": "29975006", "target": "27888635"}}, {"type": "Feature", "geometry": {"type": "LineString", "coordinates": [[-14.589029711014547, 57.274302569121375], [-14.59920477424535, 57.289783478456144]]}, "properties": {"source": "29975006", "target": "23571314"}}, {"type": "Feature", "geometry": {"type": "LineString", "coordinates": [[-14.557567999289773, 57.28315118989602], [-14.535442786010833, 57.26466864361166]]}, "properties": {"source": "18044508", "target": "18340482"}}, {"type": "Feature", "geometry": {"type": "LineString", "coordinates": [[-14.557567999289773, 57.28315118989602], [-14.56478207445133, 57.26451902933293]]}, "properties": {"source": "18044508", "target": "18241159"}}, {"type": "Feature", "geometry": {"type": "LineString", "coordinates": [[-14.557567999289773, 57.28315118989602], [-14.624833671559713, 57.28176034121185]]}, "properties": {"source": "18044508", "target": "17800073"}}, {"type": "Feature", "geometry": {"type": "LineString", "coordinates": [[-14.577329952798863, 57.267215804919104], [-14.543520558533999, 57.270280481929035]]}, "properties": {"source": "35398601", "target": "23521324"}}, {"type": "Feature", "geometry": {"type": "LineString", "coordinates": [[-14.577329952798863, 57.267215804919104], [-14.585510274273673, 57.28505289556348]]}, "properties": {"source": "35398601", "target": "32968992"}}, {"type": "Feature", "geometry": {"type": "LineString", "coordinates": [[-14.578754039358898, 57.29333771775211], [-14.620673848037654, 57.27271940071695]]}, "properties": {"source": "22853093", "target": "26312175"}}, {"type": "Feature", "geometry": {"type": "LineString", "coordinates": [[-14.578754039358898, 57.29333771775211], [-14.556970450724975, 57.27625718603662]]}, "properties": {"source": "22853093", "target": "26312198"}}, {"type": "Feature", "geometry": {"type": "LineString", "coordinates": [[-14.578754039358898, 57.29333771775211], [-14.548917708157205, 57.277827602703724]]}, "properties": {"source": "22853093", "target": "23622173"}}, {"type": "Feature", "geometry": {"type": "LineString", "coordinates": [[-14.578754039358898, 57.29333771775211], [-14.61986338619991, 57.27740114800014]]}, "properties": {"source": "22853093", "target": "22838811"}}, {"type": "Feature", "geometry": {"type": "LineString", "coordinates": [[-14.578754039358898, 57.29333771775211], [-14.603615351848077, 57.28797075760296]]}, "properties": {"source": "22853093", "target": "20497616"}}, {"type": "Feature", "geometry": {"type": "LineString", "coordinates": [[-14.578754039358898, 57.29333771775211], [-14.541556992140556, 57.268933283442394]]}, "properties": {"source": "22853093", "target": "22840041"}}, {"type": "Feature", "geometry": {"type": "LineString", "coordinates": [[-14.578754039358898, 57.29333771775211], [-14.585175506771265, 57.291485096045164]]}, "properties": {"source": "22853093", "target": "23173003"}}, {"type": "Feature", "geometry": {"type": "LineString", "coordinates": [[-14.55598424639922, 57.27141486431326], [-14.560331347324222, 57.29375447268876]]}, "properties": {"source": "18375518", "target": "21807998"}}, {"type": "Feature", "geometry": {"type": "LineString", "coordinates": [[-14.598259109173853, 57.28467203532075], [-14.611705234616494, 57.27464977589548]]}, "properties": {"source": "26158233", "target": "21473305"}}, {"type": "Feature", "geometry": {"type": "LineString", "coordinates": [[-14.598259109173853, 57.28467203532075], [-14.606335681832235, 57.26938139688953]]}, "properties": {"source": "26158233", "target": "26158237"}}, {"type": "Feature", "geometry": {"type": "LineString", "coordinates": [[-14.598259109173853, 57.28467203532075], [-14.583885729039366, 57.28597916105255]]}, "properties": {"source": "26158233", "target": "20737459"}}, {"type": "Feature", "geometry": {"type": "LineString", "coordinates": [[-14.598259109173853, 57.28467203532075], [-14.554833965102972, 57.269227024878546]]}, "properties": {"source": "26158233", "target": "20737487"}}, {"type": "Feature", "geometry": {"type": "LineString", "coordinates": [[-14.598259109173853, 57.28467203532075], [-14.568936901653444, 57.289934557136974]]}, "properties": {"source": "26158233", "target": "27930482"}}, {"type": "Feature", "geometry": {"type": "LineString", "coordinates": [[-14.598259109173853, 57.28467203532075], [-14.57716476843396, 57.27725438523838]]}, "properties": {"source": "26158233", "target": "28939398"}}, {"type": "Feature", "geometry": {"type": "LineString", "coordinates": [[-14.598259109173853, 57.28467203532075], [-14.557240056372763, 57.286360032067066]]}, "properties": {"source": "26158233", "target": "23437061"}}, {"type": "Feature", "geometry": {"type": "LineString", "coordinates": [[-14.60775728495139, 57.28317166391349], [-14.543520558533999, 57.270280481929035]]}, "properties": {"source": "23662053", "target": "23521324"}}, {"type": "Feature", "geometry": {"type": "LineString", "coordinates": [[-14.545200965242003, 57.27299628228343], [-14.595322993671743, 57.26734082826468]]}, "properties": {"source": "26805129", "target": "25341651"}}, {"type": "Feature", "geometry": {"type": "LineString", "coordinates": [[-14.545200965242003, 57.27299628228343], [-14.60686601465585, 57.26581052037777]]}, "properties": {"source": "26805129", "target": "25178429"}}, {"type": "Feature", "geometry": {"type": "LineString", "coordinates": [[-14.545200965242003, 57.27299628228343], [-14.59411257564875, 57.27863202910213]]}, "properties": {"source": "26805129", "target": "25170980"}}, {"type": "Feature", "geometry": {"type": "LineString", "coordinates": [[-14.545200965242003, 57.27299628228343], [-14.569379594786625, 57.274201205113314]]}, "properties": {"source": "26805129", "target": "24367985"}}, {"type": "Feature", "geometry": {"type": "LineString", "coordinates": [[-14.545200965242003, 57.27299628228343], [-14.62013864244679, 57.267486792585004]]}, "properties": {"source": "26805129", "target": "23686727"}}, {"type": "Feature", "geometry": {"type": "LineString", "coordinates": [[-14.545200965242003, 57.27299628228343], [-14.536319313052502, 57.27987092672204]]}, "properties": {"source": "26805129", "target": "30753643"}}, {"type": "Feature", "geometry": {"type": "LineString", "coordinates": [[-14.590049048613025, 57.2658623210022], [-14.603582424098164, 57.28946965795285]]}, "properties": {"source": "17375956", "target": "17926108"}}, {"type": "Feature", "geometry": {"type": "LineString", "coordinates": [[-14.590049048613025, 57.2658623210022], [-14.602647533593597, 57.27791233083963]]}, "properties": {"source": "17375956", "target": "17226501"}}, {"type": "Feature", "geometry": {"type": "LineString", "coordinates": [[-14.54507781658208, 57.280676996353264], [-14.582798578274549, 57.274408462399904]]}, "properties": {"source": "20889588", "target": "18468103"}}, {"type": "Feature", "geometry": {"type": "LineString", "coordinates": [[-14.54507781658208, 57.280676996353264], [-14.560988087491808, 57.27193997935099]]}, "properties": {"source": "20889588", "target": "17832986"}}, {"type": "Feature", "geometry": {"type": "LineString", "coordinates": [[-14.54507781658208, 57.280676996353264], [-14.605307415844806, 57.29242007123791]]}, "properties": {"source": "20889588", "target": "22232698"}}, {"type": "Feature", "geometry": {"type": "LineString", "coordinates": [[-14.54507781658208, 57.280676996353264], [-14.564532921093416, 57.28888411894063]]}, "properties": {"source": "20889588", "target": "18247333"}}, {"type": "Feature", "geometry": {"type": "LineString", "coordinates": [[-14.54507781658208, 57.280676996353264], [-14.619319944393197, 57.26625825962333]]}, "properties": {"source": "20889588", "target": "23551042"}}, {"type": "Feature", "geometry": {"type": "LineString", "coordinates": [[-14.54507781658208, 57.280676996353264], [-14.5491481238777, 57.26926115874522]]}, "properties": {"source": "20889588", "target": "17737927"}}, {"type": "Feature", "geometry": {"type": "LineString", "coordinates": [[-14.54507781658208, 57.280676996353264], [-14.579793614871676, 57.27746732617712]]}, "properties": {"source": "20889588", "target": "17854691"}}, {"type": "Feature", "geometry": {"type": "LineString", "coordinates": [[-14.54507781658208, 57.280676996353264], [-14.556766725399427, 57.273853090204724]]}, "properties": {"source": "20889588", "target": "17934979"}}, {"type": "Feature", "geometry": {"type": "LineString", "coordinates": [[-14.609839340541612, 57.292040809945604], [-14.548917708157205, 57.277827602703724]]}, "properties": {"source": "28438267", "target": "23622173"}}, {"type": "Feature", "geometry": {"type": "LineString", "coordinates": [[-14.609839340541612, 57.292040809945604], [-14.545510171579735, 57.2723446070265]]}, "properties": {"source": "28438267", "target": "26312131"}}, {"type": "Feature", "geometry": {"type": "LineString", "coordinates": [[-14.609839340541612, 57.292040809945604], [-14.575601979862597, 57.265116752704856]]}, "properties": {"source": "28438267", "target": "29958356"}}, {"type": "Feature", "geometry": {"type": "LineString", "coordinates": [[-14.609839340541612, 57.292040809945604], [-14.556743309007715, 57.271028799948084]]}, "properties": {"source": "28438267", "target": "28438274"}}, {"type": "Feature", "geometry": {"type": "LineString", "coordinates": [[-14.609839340541612, 57.292040809945604], [-14.606253782005751, 57.28146170741124]]}, "properties": {"source": "28438267", "target": "26311787"}}, {"type": "Feature", "geometry": {"type": "LineString", "coordinates": [[-14.609839340541612, 57.292040809945604], [-14.536840874948439, 57.28409009687208]]}, "properties": {"source": "28438267", "target": "31283058"}}, {"type": "Feature", "geometry": {"type": "LineString", "coordinates": [[-14.535442786010833, 57.26466864361166], [-14.573969313937766, 57.28578369800283]]}, "properties": {"source": "18340482", "target": "25763989"}}, {"type": "Feature", "geometry": {"type": "LineString", "coordinates": [[-14.535442786010833, 57.26466864361166], [-14.622948453900278, 57.27452265525841]]}, "properties": {"source": "18340482", "target": "25234004"}}, {"type": "Feature", "geometry": {"type": "LineString", "coordinates": [[-14.546687202184842, 57.29337734881079], [-14.609839340541612, 57.292040809945604]]}, "properties": {"source": "30044343", "target": "28438267"}}, {"type": "Feature", "geometry": {"type": "LineString", "coordinates": [[-14.546687202184842, 57.29337734881079], [-14.545510171579735, 57.2723446070265]]}, "properties": {"source": "30044343", "target": "26312131"}}, {"type": "Feature", "geometry": {"type": "LineString", "coordinates": [[-14.546687202184842, 57.29337734881079], [-14.575686161460993, 57.277409036968976]]}, "properties": {"source": "30044343", "target": "23989100"}}, {"type": "Feature", "geometry": {"type": "LineString", "coordinates": [[-14.546687202184842, 57.29337734881079], [-14.568200528850099, 57.276019956160695]]}, "properties": {"source": "30044343", "target": "27404782"}}, {"type": "Feature", "geometry": {"type": "LineString", "coordinates": [[-14.546687202184842, 57.29337734881079], [-14.575601979862597, 57.265116752704856]]}, "properties": {"source": "30044343", "target": "29958356"}}, {"type": "Feature", "geometry": {"type": "LineString", "coordinates": [[-14.546687202184842, 57.29337734881079], [-14.549220863268516, 57.286872920876505]]}, "properties": {"source": "30044343", "target": "31122752"}}, {"type": "Feature", "geometry": {"type": "LineString", "coordinates": [[-14.546687202184842, 57.29337734881079], [-14.556743309007715, 57.271028799948084]]}, "properties": {"source": "30044343", "target": "28438274"}}, {"type": "Feature", "geometry": {"type": "LineString", "coordinates": [[-14.546687202184842, 57.29337734881079], [-14.577001204813229, 57.28072020104166]]}, "properties": {"source": "30044343", "target": "28633883"}}, {"type": "Feature", "geometry": {"type": "LineString", "coordinates": [[-14.54507781658208, 57.280676996353264], [-14.596365926958697, 57.28836801644749]]}, "properties": {"source": "20889588", "target": "20868172"}}, {"type": "Feature", "geometry": {"type": "LineString", "coordinates": [[-14.584118891566277, 57.28855845013278], [-14.560331347324222, 57.29375447268876]]}, "properties": {"source": "20891547", "target": "21807998"}}, {"type": "Feature", "geometry": {"type": "LineString", "coordinates": [[-14.584118891566277, 57.28855845013278], [-14.58519309386196, 57.27255013646672]]}, "properties": {"source": "20891547", "target": "18686810"}}, {"type": "Feature", "geometry": {"type": "LineString", "coordinates": [[-14.584118891566277, 57.28855845013278], [-14.541977796370304, 57.290802049394884]]}, "properties": {"source": "20891547", "target": "20884636"}}, {"type": "Feature", "geometry": {"type": "LineString", "coordinates": [[-14.584118891566277, 57.28855845013278], [-14.579769272527017, 57.28524234533418]]}, "properties": {"source": "20891547", "target": "20553451"}}, {"type": "Feature", "geometry": {"type": "LineString", "coordinates": [[-14.584118891566277, 57.28855845013278], [-14.611705234616494, 57.27464977589548]]}, "properties": {"source": "20891547", "target": "21473305"}}, {"type": "Feature", "geometry": {"type": "LineString", "coordinates": [[-14.584118891566277, 57.28855845013278], [-14.620514347332062, 57.26505574558759]]}, "properties": {"source": "20891547", "target": "18808407"}}, {"type": "Feature", "geometry": {"type": "LineString", "coordinates": [[-14.584118891566277, 57.28855845013278], [-14.619319944393197, 57.26625825962333]]}, "properties": {"source": "20891547", "target": "23551042"}}, {"type": "Feature", "geometry": {"type": "LineString", "coordinates": [[-14.615818646390863, 57.27999291145585], [-14.625922283630274, 57.29111445489981]]}, "properties": {"source": "31824035", "target": "25502442"}}, {"type": "Feature", "geometry": {"type": "LineString", "coordinates": [[-14.615818646390863, 57.27999291145585], [-14.620798151449577, 57.26600461721918]]}, "properties": {"source": "31824035", "target": "25025389"}}, {"type": "Feature", "geometry": {"type": "LineString", "coordinates": [[-14.615818646390863, 57.27999291145585], [-14.549139399648993, 57.2708592526466]]}, "properties": {"source": "31824035", "target": "23491832"}}, {"type": "Feature", "geometry": {"type": "LineString", "coordinates": [[-14.615818646390863, 57.27999291145585], [-14.537554941920803, 57.294088552801654]]}, "properties": {"source": "31824035", "target": "20647753"}}, {"type": "Feature", "geometry": {"type": "LineString", "coordinates": [[-14.615818646390863, 57.27999291145585], [-14.58203664817961, 57.28894796968166]]}, "properties": {"source": "31824035", "target": "34834103"}}, {"type": "Feature", "geometry": {"type": "LineString", "coordinates": [[-14.615818646390863, 57.27999291145585], [-14.567965199026276, 57.27328010375649]]}, "properties": {"source": "31824035", "target": "21902162"}}, {"type": "Feature", "geometry": {"type": "LineString", "coordinates": [[-14.615818646390863, 57.27999291145585], [-14.546621667593257, 57.28398693470881]]}, "properties": {"source": "31824035", "target": "34792185"}}, {"type": "Feature", "geometry": {"type": "LineString", "coordinates": [[-14.56166862902296, 57.281000114695146], [-14.56991189848361, 57.28589004795742]]}, "properties": {"source": "17926109", "target": "18211118"}}, {"type": "Feature", "geometry": {"type": "LineString", "coordinates": [[-14.56166862902296, 57.281000114695146], [-14.603582424098164, 57.28946965795285]]}, "properties": {"source": "17926109", "target": "17926108"}}, {"type": "Feature", "geometry": {"type": "LineString", "coordinates": [[-14.56166862902296, 57.281000114695146], [-14.568840830539813, 57.27312420304028]]}, "properties": {"source": "17926109", "target": "17976745"}}, {"type": "Feature", "geometry": {"type": "LineString", "coordinates": [[-14.56166862902296, 57.281000114695146], [-14.599993876341927, 57.26642400487985]]}, "properties": {"source": "17926109", "target": "23259118"}}, {"type": "Feature", "geometry": {"type": "LineString", "coordinates": [[-14.56166862902296, 57.281000114695146], [-14.563316194423379, 57.278242963540094]]}, "properties": {"source": "17926109", "target": "17876030"}}, {"type": "Feature", "geometry": {"type": "LineString", "coordinates": [[-14.56166862902296, 57.281000114695146], [-14.625332853793168, 57.27745358493935]]}, "properties": {"source": "17926109", "target": "16114862"}}, {"type": "Feature", "geometry": {"type": "LineString", "coordinates": [[-14.56166862902296, 57.281000114695146], [-14.569551255401421, 57.26798515209627]]}, "properties": {"source": "17926109", "target": "17832415"}}, {"type": "Feature", "geometry": {"type": "LineString", "coordinates": [[-14.56166862902296, 57.281000114695146], [-14.585668396646412, 57.26505477412607]]}, "properties": {"source": "17926109", "target": "16099258"}}, {"type": "Feature", "geometry": {"type": "LineString", "coordinates": [[-14.56166862902296, 57.281000114695146], [-14.616274947779942, 57.27296741737125]]}, "properties": {"source": "17926109", "target": "16114861"}}, {"type": "Feature", "geometry": {"type": "LineString", "coordinates": [[-14.583885729039366, 57.28597916105255], [-14.611705234616494, 57.27464977589548]]}, "properties": {"source": "20737459", "target": "21473305"}}, {"type": "Feature", "geometry": {"type": "LineString", "coordinates": [[-14.565961945033877, 57.2798057816466], [-14.54755597012462, 57.29036134249077]]}, "properties": {"source": "18131118", "target": "20414715"}}, {"type": "Feature", "geometry": {"type": "LineString", "coordinates": [[-14.565961945033877, 57.2798057816466], [-14.544850594936577, 57.28094327597634]]}, "properties": {"source": "18131118", "target": "18835734"}}, {"type": "Feature", "geometry": {"type": "LineString", "coordinates": [[-14.565961945033877, 57.2798057816466], [-14.54165812653659, 57.273734647265044]]}, "properties": {"source": "18131118", "target": "21518679"}}, {"type": "Feature", "geometry": {"type": "LineString", "coordinates": [[-14.58171483934575, 57.27876772071242], [-14.622948453900278, 57.27452265525841]]}, "properties": {"source": "23471558", "target": "25234004"}}, {"type": "Feature", "geometry": {"type": "LineString", "coordinates": [[-14.58171483934575, 57.27876772071242], [-14.557267192962883, 57.26439579445902]]}, "properties": {"source": "23471558", "target": "25865290"}}, {"type": "Feature", "geometry": {"type": "LineString", "coordinates": [[-14.54755597012462, 57.29036134249077], [-14.544850594936577, 57.28094327597634]]}, "properties": {"source": "20414715", "target": "18835734"}}, {"type": "Feature", "geometry": {"type": "LineString", "coordinates": [[-14.54755597012462, 57.29036134249077], [-14.54165812653659, 57.273734647265044]]}, "properties": {"source": "20414715", "target": "21518679"}}, {"type": "Feature", "geometry": {"type": "LineString", "coordinates": [[-14.581826321946835, 57.294358703637656], [-14.574366220245253, 57.272931764903774]]}, "properties": {"source": "23005153", "target": "23010184"}}, {"type": "Feature", "geometry": {"type": "LineString", "coordinates": [[-14.581826321946835, 57.294358703637656], [-14.599993876341927, 57.26642400487985]]}, "properties": {"source": "23005153", "target": "23259118"}}, {"type": "Feature", "geometry": {"type": "LineString", "coordinates": [[-14.581826321946835, 57.294358703637656], [-14.611339732644723, 57.286921271401624]]}, "properties": {"source": "23005153", "target": "23447383"}}, {"type": "Feature", "geometry": {"type": "LineString", "coordinates": [[-14.624833671559713, 57.28176034121185], [-14.539689316833346, 57.270693488096924]]}, "properties": {"source": "17800073", "target": "18341046"}}, {"type": "Feature", "geometry": {"type": "LineString", "coordinates": [[-14.624833671559713, 57.28176034121185], [-14.563316194423379, 57.278242963540094]]}, "properties": {"source": "17800073", "target": "17876030"}}, {"type": "Feature", "geometry": {"type": "LineString", "coordinates": [[-14.595490858703869, 57.28905768997849], [-14.610112273651197, 57.28852600281655]]}, "properties": {"source": "25827778", "target": "28012921"}}, {"type": "Feature", "geometry": {"type": "LineString", "coordinates": [[-14.595490858703869, 57.28905768997849], [-14.623091903210963, 57.27231636368069]]}, "properties": {"source": "25827778", "target": "28475027"}}, {"type": "Feature", "geometry": {"type": "LineString", "coordinates": [[-14.595490858703869, 57.28905768997849], [-14.563685463299976, 57.26822282687125]]}, "properties": {"source": "25827778", "target": "25065693"}}, {"type": "Feature", "geometry": {"type": "LineString", "coordinates": [[-14.55103292910644, 57.27682418534884], [-14.609459506560256, 57.265396599922425]]}, "properties": {"source": "28535515", "target": "33597798"}}, {"type": "Feature", "geometry": {"type": "LineString", "coordinates": [[-14.55103292910644, 57.27682418534884], [-14.625922283630274, 57.29111445489981]]}, "properties": {"source": "28535515", "target": "25502442"}}, {"type": "Feature", "geometry": {"type": "LineString", "coordinates": [[-14.55103292910644, 57.27682418534884], [-14.608460732058944, 57.273903103439864]]}, "properties": {"source": "28535515", "target": "24976627"}}, {"type": "Feature", "geometry": {"type": "LineString", "coordinates": [[-14.55103292910644, 57.27682418534884], [-14.620798151449577, 57.26600461721918]]}, "properties": {"source": "28535515", "target": "25025389"}}, {"type": "Feature", "geometry": {"type": "LineString", "coordinates": [[-14.55103292910644, 57.27682418534884], [-14.549139399648993, 57.2708592526466]]}, "properties": {"source": "28535515", "target": "23491832"}}, {"type": "Feature", "geometry": {"type": "LineString", "coordinates": [[-14.55103292910644, 57.27682418534884], [-14.597803435174512, 57.26535977966718]]}, "properties": {"source": "28535515", "target": "35077197"}}, {"type": "Feature", "geometry": {"type": "LineString", "coordinates": [[-14.55103292910644, 57.27682418534884], [-14.540761222556256, 57.28481225766761]]}, "properties": {"source": "28535515", "target": "27834947"}}, {"type": "Feature", "geometry": {"type": "LineString", "coordinates": [[-14.55103292910644, 57.27682418534884], [-14.537554941920803, 57.294088552801654]]}, "properties": {"source": "28535515", "target": "20647753"}}, {"type": "Feature", "geometry": {"type": "LineString", "coordinates": [[-14.611201042310341, 57.28449826912504], [-14.572450139300969, 57.27820051438201]]}, "properties": {"source": "17800107", "target": "18625450"}}, {"type": "Feature", "geometry": {"type": "LineString", "coordinates": [[-14.611201042310341, 57.28449826912504], [-14.546609779555666, 57.275098720135574]]}, "properties": {"source": "17800107", "target": "18364153"}}, {"type": "Feature", "geometry": {"type": "LineString", "coordinates": [[-14.611201042310341, 57.28449826912504], [-14.56991189848361, 57.28589004795742]]}, "properties": {"source": "17800107", "target": "18211118"}}, {"type": "Feature", "geometry": {"type": "LineString", "coordinates": [[-14.611201042310341, 57.28449826912504], [-14.579357492487986, 57.28159851857562]]}, "properties": {"source": "17800107", "target": "18076876"}}, {"type": "Feature", "geometry": {"type": "LineString", "coordinates": [[-14.611201042310341, 57.28449826912504], [-14.553077835713424, 57.27101371809863]]}, "properties": {"source": "17800107", "target": "18192699"}}, {"type": "Feature", "geometry": {"type": "LineString", "coordinates": [[-14.611201042310341, 57.28449826912504], [-14.55041826596181, 57.27552063136771]]}, "properties": {"source": "17800107", "target": "18054056"}}, {"type": "Feature", "geometry": {"type": "LineString", "coordinates": [[-14.611201042310341, 57.28449826912504], [-14.58519309386196, 57.27255013646672]]}, "properties": {"source": "17800107", "target": "18686810"}}, {"type": "Feature", "geometry": {"type": "LineString", "coordinates": [[-14.611201042310341, 57.28449826912504], [-14.602647533593597, 57.27791233083963]]}, "properties": {"source": "17800107", "target": "17226501"}}, {"type": "Feature", "geometry": {"type": "LineString", "coordinates": [[-14.617615445639018, 57.26918606200002], [-14.555872294135526, 57.27453070663479]]}, "properties": {"source": "23612689", "target": "25281368"}}, {"type": "Feature", "geometry": {"type": "LineString", "coordinates": [[-14.617615445639018, 57.26918606200002], [-14.546154661159846, 57.28748084166661]]}, "properties": {"source": "23612689", "target": "25448986"}}, {"type": "Feature", "geometry": {"type": "LineString", "coordinates": [[-14.617615445639018, 57.26918606200002], [-14.59642632596558, 57.292993517823604]]}, "properties": {"source": "23612689", "target": "24895218"}}, {"type": "Feature", "geometry": {"type": "LineString", "coordinates": [[-14.617615445639018, 57.26918606200002], [-14.601652090862302, 57.29377006019445]]}, "properties": {"source": "23612689", "target": "22925759"}}, {"type": "Feature", "geometry": {"type": "LineString", "coordinates": [[-14.617615445639018, 57.26918606200002], [-14.610052021791148, 57.29403962500446]]}, "properties": {"source": "23612689", "target": "22725532"}}, {"type": "Feature", "geometry": {"type": "LineString", "coordinates": [[-14.617615445639018, 57.26918606200002], [-14.592808097777407, 57.27117507010796]]}, "properties": {"source": "23612689", "target": "20879280"}}, {"type": "Feature", "geometry": {"type": "LineString", "coordinates": [[-14.609459506560256, 57.265396599922425], [-14.544430254623052, 57.274057110436345]]}, "properties": {"source": "33597798", "target": "28574017"}}, {"type": "Feature", "geometry": {"type": "LineString", "coordinates": [[-14.609459506560256, 57.265396599922425], [-14.590844835937588, 57.27492349667024]]}, "properties": {"source": "33597798", "target": "28096326"}}, {"type": "Feature", "geometry": {"type": "LineString", "coordinates": [[-14.557694149965215, 57.27259554842951], [-14.542832742643498, 57.28538342657538]]}, "properties": {"source": "20639136", "target": "20639078"}}, {"type": "Feature", "geometry": {"type": "LineString", "coordinates": [[-14.557694149965215, 57.27259554842951], [-14.543476846653988, 57.2692213728041]]}, "properties": {"source": "20639136", "target": "21816542"}}, {"type": "Feature", "geometry": {"type": "LineString", "coordinates": [[-14.565444612693653, 57.27192105629439], [-14.58146540528412, 57.27739688373532]]}, "properties": {"source": "22058528", "target": "18249941"}}, {"type": "Feature", "geometry": {"type": "LineString", "coordinates": [[-14.565444612693653, 57.27192105629439], [-14.616465145804284, 57.27655702570108]]}, "properties": {"source": "22058528", "target": "18073066"}}, {"type": "Feature", "geometry": {"type": "LineString", "coordinates": [[-14.565444612693653, 57.27192105629439], [-14.556265754165594, 57.28741069742635]]}, "properties": {"source": "22058528", "target": "18802230"}}, {"type": "Feature", "geometry": {"type": "LineString", "coordinates": [[-14.565444612693653, 57.27192105629439], [-14.624458444919071, 57.28145602171388]]}, "properties": {"source": "22058528", "target": "18802240"}}, {"type": "Feature", "geometry": {"type": "LineString", "coordinates": [[-14.565444612693653, 57.27192105629439], [-14.55600800066236, 57.27649786917932]]}, "properties": {"source": "22058528", "target": "23399746"}}, {"type": "Feature", "geometry": {"type": "LineString", "coordinates": [[-14.565444612693653, 57.27192105629439], [-14.551020799266013, 57.280579068295054]]}, "properties": {"source": "22058528", "target": "25026501"}}, {"type": "Feature", "geometry": {"type": "LineString", "coordinates": [[-14.611980319608364, 57.2863038704573], [-14.613981580628973, 57.27394834492556]]}, "properties": {"source": "22152589", "target": "22910368"}}, {"type": "Feature", "geometry": {"type": "LineString", "coordinates": [[-14.611980319608364, 57.2863038704573], [-14.558901380895719, 57.28943783509776]]}, "properties": {"source": "22152589", "target": "20985987"}}, {"type": "Feature", "geometry": {"type": "LineString", "coordinates": [[-14.611980319608364, 57.2863038704573], [-14.584118891566277, 57.28855845013278]]}, "properties": {"source": "22152589", "target": "20891547"}}, {"type": "Feature", "geometry": {"type": "LineString", "coordinates": [[-14.611980319608364, 57.2863038704573], [-14.536627365486794, 57.26784935871244]]}, "properties": {"source": "22152589", "target": "21805408"}}, {"type": "Feature", "geometry": {"type": "LineString", "coordinates": [[-14.611980319608364, 57.2863038704573], [-14.536373985516235, 57.28070387351056]]}, "properties": {"source": "22152589", "target": "23663677"}}, {"type": "Feature", "geometry": {"type": "LineString", "coordinates": [[-14.617112245927814, 57.28218116995262], [-14.564410029703481, 57.277170522912485]]}, "properties": {"source": "20431030", "target": "18625453"}}, {"type": "Feature", "geometry": {"type": "LineString", "coordinates": [[-14.617112245927814, 57.28218116995262], [-14.556272599579842, 57.26641652321344]]}, "properties": {"source": "20431030", "target": "19459671"}}, {"type": "Feature", "geometry": {"type": "LineString", "coordinates": [[-14.617112245927814, 57.28218116995262], [-14.553382464007171, 57.29245436046122]]}, "properties": {"source": "20431030", "target": "20342016"}}, {"type": "Feature", "geometry": {"type": "LineString", "coordinates": [[-14.582595693918506, 57.28893057909434], [-14.59642632596558, 57.292993517823604]]}, "properties": {"source": "23269991", "target": "24895218"}}, {"type": "Feature", "geometry": {"type": "LineString", "coordinates": [[-14.582595693918506, 57.28893057909434], [-14.579175753503677, 57.28541045503897]]}, "properties": {"source": "23269991", "target": "22585874"}}, {"type": "Feature", "geometry": {"type": "LineString", "coordinates": [[-14.582595693918506, 57.28893057909434], [-14.592808097777407, 57.27117507010796]]}, "properties": {"source": "23269991", "target": "20879280"}}, {"type": "Feature", "geometry": {"type": "LineString", "coordinates": [[-14.582595693918506, 57.28893057909434], [-14.564410029703481, 57.277170522912485]]}, "properties": {"source": "23269991", "target": "18625453"}}, {"type": "Feature", "geometry": {"type": "LineString", "coordinates": [[-14.582595693918506, 57.28893057909434], [-14.539297066191722, 57.27369256864941]]}, "properties": {"source": "23269991", "target": "18457632"}}, {"type": "Feature", "geometry": {"type": "LineString", "coordinates": [[-14.603648866924829, 57.276406812079784], [-14.574366220245253, 57.272931764903774]]}, "properties": {"source": "23300811", "target": "23010184"}}, {"type": "Feature", "geometry": {"type": "LineString", "coordinates": [[-14.603648866924829, 57.276406812079784], [-14.565321907643153, 57.2827171885921]]}, "properties": {"source": "23300811", "target": "18743467"}}, {"type": "Feature", "geometry": {"type": "LineString", "coordinates": [[-14.582595693918506, 57.28893057909434], [-14.567628965868863, 57.2839484459098]]}, "properties": {"source": "23269991", "target": "19275709"}}, {"type": "Feature", "geometry": {"type": "LineString", "coordinates": [[-14.59384866591617, 57.27545880466819], [-14.547749962413747, 57.288757176766026]]}, "properties": {"source": "25550971", "target": "25550961"}}, {"type": "Feature", "geometry": {"type": "LineString", "coordinates": [[-14.59384866591617, 57.27545880466819], [-14.555872294135526, 57.27453070663479]]}, "properties": {"source": "25550971", "target": "25281368"}}, {"type": "Feature", "geometry": {"type": "LineString", "coordinates": [[-14.59384866591617, 57.27545880466819], [-14.546154661159846, 57.28748084166661]]}, "properties": {"source": "25550971", "target": "25448986"}}, {"type": "Feature", "geometry": {"type": "LineString", "coordinates": [[-14.59384866591617, 57.27545880466819], [-14.59642632596558, 57.292993517823604]]}, "properties": {"source": "25550971", "target": "24895218"}}, {"type": "Feature", "geometry": {"type": "LineString", "coordinates": [[-14.59384866591617, 57.27545880466819], [-14.606335681832235, 57.26938139688953]]}, "properties": {"source": "25550971", "target": "26158237"}}, {"type": "Feature", "geometry": {"type": "LineString", "coordinates": [[-14.613981580628973, 57.27394834492556], [-14.602887376460217, 57.270492285900275]]}, "properties": {"source": "22910368", "target": "22068620"}}, {"type": "Feature", "geometry": {"type": "LineString", "coordinates": [[-14.613981580628973, 57.27394834492556], [-14.59112937914287, 57.27723799975361]]}, "properties": {"source": "22910368", "target": "22589352"}}, {"type": "Feature", "geometry": {"type": "LineString", "coordinates": [[-14.613981580628973, 57.27394834492556], [-14.594704617484553, 57.277044975186584]]}, "properties": {"source": "22910368", "target": "24655681"}}, {"type": "Feature", "geometry": {"type": "LineString", "coordinates": [[-14.613981580628973, 57.27394834492556], [-14.574366220245253, 57.272931764903774]]}, "properties": {"source": "22910368", "target": "23010184"}}, {"type": "Feature", "geometry": {"type": "LineString", "coordinates": [[-14.613981580628973, 57.27394834492556], [-14.536627365486794, 57.26784935871244]]}, "properties": {"source": "22910368", "target": "21805408"}}, {"type": "Feature", "geometry": {"type": "LineString", "coordinates": [[-14.613981580628973, 57.27394834492556], [-14.579175753503677, 57.28541045503897]]}, "properties": {"source": "22910368", "target": "22585874"}}, {"type": "Feature", "geometry": {"type": "LineString", "coordinates": [[-14.613981580628973, 57.27394834492556], [-14.53587548392386, 57.28673082176485]]}, "properties": {"source": "22910368", "target": "18717645"}}, {"type": "Feature", "geometry": {"type": "LineString", "coordinates": [[-14.613981580628973, 57.27394834492556], [-14.60853342626362, 57.2891268521754]]}, "properties": {"source": "22910368", "target": "22854806"}}, {"type": "Feature", "geometry": {"type": "LineString", "coordinates": [[-14.60686601465585, 57.26581052037777], [-14.538366164444767, 57.28567480830435]]}, "properties": {"source": "25178429", "target": "25906956"}}, {"type": "Feature", "geometry": {"type": "LineString", "coordinates": [[-14.603615351848077, 57.28797075760296], [-14.61986338619991, 57.27740114800014]]}, "properties": {"source": "20497616", "target": "22838811"}}, {"type": "Feature", "geometry": {"type": "LineString", "coordinates": [[-14.603615351848077, 57.28797075760296], [-14.617646544969375, 57.280924568492]]}, "properties": {"source": "20497616", "target": "20262760"}}, {"type": "Feature", "geometry": {"type": "LineString", "coordinates": [[-14.568200528850099, 57.276019956160695], [-14.600809641369267, 57.27135203749013]]}, "properties": {"source": "27404782", "target": "32913083"}}, {"type": "Feature", "geometry": {"type": "LineString", "coordinates": [[-14.568200528850099, 57.276019956160695], [-14.53626595813651, 57.271936131931085]]}, "properties": {"source": "27404782", "target": "22853160"}}, {"type": "Feature", "geometry": {"type": "LineString", "coordinates": [[-14.568200528850099, 57.276019956160695], [-14.575601979862597, 57.265116752704856]]}, "properties": {"source": "27404782", "target": "29958356"}}, {"type": "Feature", "geometry": {"type": "LineString", "coordinates": [[-14.568200528850099, 57.276019956160695], [-14.556743309007715, 57.271028799948084]]}, "properties": {"source": "27404782", "target": "28438274"}}, {"type": "Feature", "geometry": {"type": "LineString", "coordinates": [[-14.568200528850099, 57.276019956160695], [-14.577001204813229, 57.28072020104166]]}, "properties": {"source": "27404782", "target": "28633883"}}, {"type": "Feature", "geometry": {"type": "LineString", "coordinates": [[-14.558761086442871, 57.264610630015724], [-14.548917708157205, 57.277827602703724]]}, "properties": {"source": "20497613", "target": "23622173"}}, {"type": "Feature", "geometry": {"type": "LineString", "coordinates": [[-14.558761086442871, 57.264610630015724], [-14.61986338619991, 57.27740114800014]]}, "properties": {"source": "20497613", "target": "22838811"}}, {"type": "Feature", "geometry": {"type": "LineString", "coordinates": [[-14.558761086442871, 57.264610630015724], [-14.603615351848077, 57.28797075760296]]}, "properties": {"source": "20497613", "target": "20497616"}}, {"type": "Feature", "geometry": {"type": "LineString", "coordinates": [[-14.537354732301623, 57.2735816345204], [-14.536373985516235, 57.28070387351056]]}, "properties": {"source": "25922912", "target": "23663677"}}, {"type": "Feature", "geometry": {"type": "LineString", "coordinates": [[-14.537354732301623, 57.2735816345204], [-14.542244902634195, 57.28056412544872]]}, "properties": {"source": "25922912", "target": "25595331"}}, {"type": "Feature", "geometry": {"type": "LineString", "coordinates": [[-14.537354732301623, 57.2735816345204], [-14.595477083264655, 57.26900690157305]]}, "properties": {"source": "25922912", "target": "24654248"}}, {"type": "Feature", "geometry": {"type": "LineString", "coordinates": [[-14.537354732301623, 57.2735816345204], [-14.565811807820097, 57.275956857844946]]}, "properties": {"source": "25922912", "target": "31222872"}}, {"type": "Feature", "geometry": {"type": "LineString", "coordinates": [[-14.537354732301623, 57.2735816345204], [-14.611258579312562, 57.26751339990574]]}, "properties": {"source": "25922912", "target": "25968516"}}, {"type": "Feature", "geometry": {"type": "LineString", "coordinates": [[-14.537354732301623, 57.2735816345204], [-14.596949960317772, 57.27336300310961]]}, "properties": {"source": "25922912", "target": "32909903"}}, {"type": "Feature", "geometry": {"type": "LineString", "coordinates": [[-14.537354732301623, 57.2735816345204], [-14.592842445384974, 57.27957885906669]]}, "properties": {"source": "25922912", "target": "27851148"}}, {"type": "Feature", "geometry": {"type": "LineString", "coordinates": [[-14.537354732301623, 57.2735816345204], [-14.611039762304046, 57.279443797041196]]}, "properties": {"source": "25922912", "target": "25541245"}}, {"type": "Feature", "geometry": {"type": "LineString", "coordinates": [[-14.5491481238777, 57.26926115874522], [-14.55041826596181, 57.27552063136771]]}, "properties": {"source": "17737927", "target": "18054056"}}, {"type": "Feature", "geometry": {"type": "LineString", "coordinates": [[-14.5491481238777, 57.26926115874522], [-14.605307415844806, 57.29242007123791]]}, "properties": {"source": "17737927", "target": "22232698"}}, {"type": "Feature", "geometry": {"type": "LineString", "coordinates": [[-14.5491481238777, 57.26926115874522], [-14.579793614871676, 57.27746732617712]]}, "properties": {"source": "17737927", "target": "17854691"}}, {"type": "Feature", "geometry": {"type": "LineString", "coordinates": [[-14.5491481238777, 57.26926115874522], [-14.556766725399427, 57.273853090204724]]}, "properties": {"source": "17737927", "target": "17934979"}}, {"type": "Feature", "geometry": {"type": "LineString", "coordinates": [[-14.624458444919071, 57.28145602171388], [-14.551020799266013, 57.280579068295054]]}, "properties": {"source": "18802240", "target": "25026501"}}, {"type": "Feature", "geometry": {"type": "LineString", "coordinates": [[-14.614359196032751, 57.278733716165235], [-14.564955038662049, 57.279815856102644]]}, "properties": {"source": "18275876", "target": "18605047"}}, {"type": "Feature", "geometry": {"type": "LineString", "coordinates": [[-14.614359196032751, 57.278733716165235], [-14.6034334385038, 57.27656123796881]]}, "properties": {"source": "18275876", "target": "17881358"}}, {"type": "Feature", "geometry": {"type": "LineString", "coordinates": [[-14.614359196032751, 57.278733716165235], [-14.624458444919071, 57.28145602171388]]}, "properties": {"source": "18275876", "target": "18802240"}}, {"type": "Feature", "geometry": {"type": "LineString", "coordinates": [[-14.600809641369267, 57.27135203749013], [-14.606253782005751, 57.28146170741124]]}, "properties": {"source": "32913083", "target": "26311787"}}, {"type": "Feature", "geometry": {"type": "LineString", "coordinates": [[-14.600809641369267, 57.27135203749013], [-14.536840874948439, 57.28409009687208]]}, "properties": {"source": "32913083", "target": "31283058"}}, {"type": "Feature", "geometry": {"type": "LineString", "coordinates": [[-14.600809641369267, 57.27135203749013], [-14.585510274273673, 57.28505289556348]]}, "properties": {"source": "32913083", "target": "32968992"}}, {"type": "Feature", "geometry": {"type": "LineString", "coordinates": [[-14.600809641369267, 57.27135203749013], [-14.58608575917745, 57.26696540566404]]}, "properties": {"source": "32913083", "target": "35619967"}}, {"type": "Feature", "geometry": {"type": "LineString", "coordinates": [[-14.568840830539813, 57.27312420304028], [-14.56991189848361, 57.28589004795742]]}, "properties": {"source": "17976745", "target": "18211118"}}, {"type": "Feature", "geometry": {"type": "LineString", "coordinates": [[-14.568840830539813, 57.27312420304028], [-14.553077835713424, 57.27101371809863]]}, "properties": {"source": "17976745", "target": "18192699"}}, {"type": "Feature", "geometry": {"type": "LineString", "coordinates": [[-14.568840830539813, 57.27312420304028], [-14.603582424098164, 57.28946965795285]]}, "properties": {"source": "17976745", "target": "17926108"}}, {"type": "Feature", "geometry": {"type": "LineString", "coordinates": [[-14.568840830539813, 57.27312420304028], [-14.599993876341927, 57.26642400487985]]}, "properties": {"source": "17976745", "target": "23259118"}}, {"type": "Feature", "geometry": {"type": "LineString", "coordinates": [[-14.575452225524572, 57.28330300435431], [-14.556970450724975, 57.27625718603662]]}, "properties": {"source": "23761744", "target": "26312198"}}, {"type": "Feature", "geometry": {"type": "LineString", "coordinates": [[-14.575452225524572, 57.28330300435431], [-14.548917708157205, 57.277827602703724]]}, "properties": {"source": "23761744", "target": "23622173"}}, {"type": "Feature", "geometry": {"type": "LineString", "coordinates": [[-14.575452225524572, 57.28330300435431], [-14.609839340541612, 57.292040809945604]]}, "properties": {"source": "23761744", "target": "28438267"}}, {"type": "Feature", "geometry": {"type": "LineString", "coordinates": [[-14.575452225524572, 57.28330300435431], [-14.545510171579735, 57.2723446070265]]}, "properties": {"source": "23761744", "target": "26312131"}}, {"type": "Feature", "geometry": {"type": "LineString", "coordinates": [[-14.575452225524572, 57.28330300435431], [-14.61986338619991, 57.27740114800014]]}, "properties": {"source": "23761744", "target": "22838811"}}, {"type": "Feature", "geometry": {"type": "LineString", "coordinates": [[-14.575452225524572, 57.28330300435431], [-14.603615351848077, 57.28797075760296]]}, "properties": {"source": "23761744", "target": "20497616"}}, {"type": "Feature", "geometry": {"type": "LineString", "coordinates": [[-14.575452225524572, 57.28330300435431], [-14.578754039358898, 57.29333771775211]]}, "properties": {"source": "23761744", "target": "22853093"}}, {"type": "Feature", "geometry": {"type": "LineString", "coordinates": [[-14.575452225524572, 57.28330300435431], [-14.541556992140556, 57.268933283442394]]}, "properties": {"source": "23761744", "target": "22840041"}}, {"type": "Feature", "geometry": {"type": "LineString", "coordinates": [[-14.60686357732294, 57.28669488013183], [-14.558901380895719, 57.28943783509776]]}, "properties": {"source": "24046148", "target": "20985987"}}, {"type": "Feature", "geometry": {"type": "LineString", "coordinates": [[-14.60686357732294, 57.28669488013183], [-14.579769272527017, 57.28524234533418]]}, "properties": {"source": "24046148", "target": "20553451"}}, {"type": "Feature", "geometry": {"type": "LineString", "coordinates": [[-14.60686357732294, 57.28669488013183], [-14.582807044405655, 57.2835953407872]]}, "properties": {"source": "24046148", "target": "23623746"}}, {"type": "Feature", "geometry": {"type": "LineString", "coordinates": [[-14.60686357732294, 57.28669488013183], [-14.594240455380742, 57.270572317387206]]}, "properties": {"source": "24046148", "target": "23734167"}}, {"type": "Feature", "geometry": {"type": "LineString", "coordinates": [[-14.60686357732294, 57.28669488013183], [-14.54941072989709, 57.28673161750632]]}, "properties": {"source": "24046148", "target": "19064742"}}, {"type": "Feature", "geometry": {"type": "LineString", "coordinates": [[-14.60686357732294, 57.28669488013183], [-14.616684065609121, 57.291413360177955]]}, "properties": {"source": "24046148", "target": "18394295"}}, {"type": "Feature", "geometry": {"type": "LineString", "coordinates": [[-14.556265754165594, 57.28741069742635], [-14.58146540528412, 57.27739688373532]]}, "properties": {"source": "18802230", "target": "18249941"}}, {"type": "Feature", "geometry": {"type": "LineString", "coordinates": [[-14.556265754165594, 57.28741069742635], [-14.6034334385038, 57.27656123796881]]}, "properties": {"source": "18802230", "target": "17881358"}}, {"type": "Feature", "geometry": {"type": "LineString", "coordinates": [[-14.594704617484553, 57.277044975186584], [-14.556743309007715, 57.271028799948084]]}, "properties": {"source": "24655681", "target": "28438274"}}, {"type": "Feature", "geometry": {"type": "LineString", "coordinates": [[-14.594704617484553, 57.277044975186584], [-14.547383965014745, 57.265265021696706]]}, "properties": {"source": "24655681", "target": "21902087"}}, {"type": "Feature", "geometry": {"type": "LineString", "coordinates": [[-14.594704617484553, 57.277044975186584], [-14.60853342626362, 57.2891268521754]]}, "properties": {"source": "24655681", "target": "22854806"}}, {"type": "Feature", "geometry": {"type": "LineString", "coordinates": [[-14.579357492487986, 57.28159851857562], [-14.546609779555666, 57.275098720135574]]}, "properties": {"source": "18076876", "target": "18364153"}}, {"type": "Feature", "geometry": {"type": "LineString", "coordinates": [[-14.579357492487986, 57.28159851857562], [-14.56991189848361, 57.28589004795742]]}, "properties": {"source": "18076876", "target": "18211118"}}, {"type": "Feature", "geometry": {"type": "LineString", "coordinates": [[-14.579357492487986, 57.28159851857562], [-14.623569671476304, 57.26974711467997]]}, "properties": {"source": "18076876", "target": "20821294"}}, {"type": "Feature", "geometry": {"type": "LineString", "coordinates": [[-14.579357492487986, 57.28159851857562], [-14.553077835713424, 57.27101371809863]]}, "properties": {"source": "18076876", "target": "18192699"}}, {"type": "Feature", "geometry": {"type": "LineString", "coordinates": [[-14.579357492487986, 57.28159851857562], [-14.564955038662049, 57.279815856102644]]}, "properties": {"source": "18076876", "target": "18605047"}}, {"type": "Feature", "geometry": {"type": "LineString", "coordinates": [[-14.593805532525579, 57.28873838111768], [-14.560331347324222, 57.29375447268876]]}, "properties": {"source": "27274305", "target": "21807998"}}, {"type": "Feature", "geometry": {"type": "LineString", "coordinates": [[-14.593805532525579, 57.28873838111768], [-14.560274628523302, 57.28872198969471]]}, "properties": {"source": "27274305", "target": "22083637"}}, {"type": "Feature", "geometry": {"type": "LineString", "coordinates": [[-14.593805532525579, 57.28873838111768], [-14.593353631998013, 57.26884970093498]]}, "properties": {"source": "27274305", "target": "27805860"}}, {"type": "Feature", "geometry": {"type": "LineString", "coordinates": [[-14.593805532525579, 57.28873838111768], [-14.59712870987866, 57.28561463514946]]}, "properties": {"source": "27274305", "target": "27221238"}}, {"type": "Feature", "geometry": {"type": "LineString", "coordinates": [[-14.593805532525579, 57.28873838111768], [-14.548698490966757, 57.27443163521045]]}, "properties": {"source": "27274305", "target": "27274306"}}, {"type": "Feature", "geometry": {"type": "LineString", "coordinates": [[-14.593805532525579, 57.28873838111768], [-14.54131638713045, 57.28952278335224]]}, "properties": {"source": "27274305", "target": "24375551"}}, {"type": "Feature", "geometry": {"type": "LineString", "coordinates": [[-14.593805532525579, 57.28873838111768], [-14.596949960317772, 57.27336300310961]]}, "properties": {"source": "27274305", "target": "32909903"}}, {"type": "Feature", "geometry": {"type": "LineString", "coordinates": [[-14.593805532525579, 57.28873838111768], [-14.586769650277603, 57.265475158898354]]}, "properties": {"source": "27274305", "target": "30753716"}}, {"type": "Feature", "geometry": {"type": "LineString", "coordinates": [[-14.554554994782563, 57.28550034484272], [-14.610112273651197, 57.28852600281655]]}, "properties": {"source": "28676154", "target": "28012921"}}, {"type": "Feature", "geometry": {"type": "LineString", "coordinates": [[-14.554554994782563, 57.28550034484272], [-14.565867932535014, 57.27094994834589]]}, "properties": {"source": "28676154", "target": "25385454"}}, {"type": "Feature", "geometry": {"type": "LineString", "coordinates": [[-14.554554994782563, 57.28550034484272], [-14.58406288383975, 57.272948585387766]]}, "properties": {"source": "28676154", "target": "24539690"}}, {"type": "Feature", "geometry": {"type": "LineString", "coordinates": [[-14.554554994782563, 57.28550034484272], [-14.624530504345898, 57.29284020141503]]}, "properties": {"source": "28676154", "target": "30622123"}}, {"type": "Feature", "geometry": {"type": "LineString", "coordinates": [[-14.554554994782563, 57.28550034484272], [-14.623091903210963, 57.27231636368069]]}, "properties": {"source": "28676154", "target": "28475027"}}, {"type": "Feature", "geometry": {"type": "LineString", "coordinates": [[-14.586746296024188, 57.287837550782584], [-14.575452225524572, 57.28330300435431]]}, "properties": {"source": "18453733", "target": "23761744"}}, {"type": "Feature", "geometry": {"type": "LineString", "coordinates": [[-14.586746296024188, 57.287837550782584], [-14.575397623403433, 57.27620137480021]]}, "properties": {"source": "18453733", "target": "20874330"}}, {"type": "Feature", "geometry": {"type": "LineString", "coordinates": [[-14.586746296024188, 57.287837550782584], [-14.579769272527017, 57.28524234533418]]}, "properties": {"source": "18453733", "target": "20553451"}}, {"type": "Feature", "geometry": {"type": "LineString", "coordinates": [[-14.581309784175005, 57.26856242942286], [-14.622948453900278, 57.27452265525841]]}, "properties": {"source": "25170969", "target": "25234004"}}, {"type": "Feature", "geometry": {"type": "LineString", "coordinates": [[-14.581309784175005, 57.26856242942286], [-14.538366164444767, 57.28567480830435]]}, "properties": {"source": "25170969", "target": "25906956"}}, {"type": "Feature", "geometry": {"type": "LineString", "coordinates": [[-14.581309784175005, 57.26856242942286], [-14.595322993671743, 57.26734082826468]]}, "properties": {"source": "25170969", "target": "25341651"}}, {"type": "Feature", "geometry": {"type": "LineString", "coordinates": [[-14.581309784175005, 57.26856242942286], [-14.60686601465585, 57.26581052037777]]}, "properties": {"source": "25170969", "target": "25178429"}}, {"type": "Feature", "geometry": {"type": "LineString", "coordinates": [[-14.581309784175005, 57.26856242942286], [-14.568567924973024, 57.283905463267686]]}, "properties": {"source": "25170969", "target": "24582414"}}, {"type": "Feature", "geometry": {"type": "LineString", "coordinates": [[-14.581309784175005, 57.26856242942286], [-14.587683022984777, 57.28881675994269]]}, "properties": {"source": "25170969", "target": "25171485"}}, {"type": "Feature", "geometry": {"type": "LineString", "coordinates": [[-14.581309784175005, 57.26856242942286], [-14.545200965242003, 57.27299628228343]]}, "properties": {"source": "25170969", "target": "26805129"}}, {"type": "Feature", "geometry": {"type": "LineString", "coordinates": [[-14.581309784175005, 57.26856242942286], [-14.59411257564875, 57.27863202910213]]}, "properties": {"source": "25170969", "target": "25170980"}}, {"type": "Feature", "geometry": {"type": "LineString", "coordinates": [[-14.595836518562322, 57.270604693515224], [-14.6034334385038, 57.27656123796881]]}, "properties": {"source": "17314424", "target": "17881358"}}, {"type": "Feature", "geometry": {"type": "LineString", "coordinates": [[-14.595836518562322, 57.270604693515224], [-14.616465145804284, 57.27655702570108]]}, "properties": {"source": "17314424", "target": "18073066"}}, {"type": "Feature", "geometry": {"type": "LineString", "coordinates": [[-14.595836518562322, 57.270604693515224], [-14.551684209396996, 57.28381317791316]]}, "properties": {"source": "17314424", "target": "17436480"}}, {"type": "Feature", "geometry": {"type": "LineString", "coordinates": [[-14.558215051770702, 57.264375429005824], [-14.539689316833346, 57.270693488096924]]}, "properties": {"source": "18069234", "target": "18341046"}}, {"type": "Feature", "geometry": {"type": "LineString", "coordinates": [[-14.558215051770702, 57.264375429005824], [-14.565961945033877, 57.2798057816466]]}, "properties": {"source": "18069234", "target": "18131118"}}, {"type": "Feature", "geometry": {"type": "LineString", "coordinates": [[-14.558215051770702, 57.264375429005824], [-14.54755597012462, 57.29036134249077]]}, "properties": {"source": "18069234", "target": "20414715"}}, {"type": "Feature", "geometry": {"type": "LineString", "coordinates": [[-14.558215051770702, 57.264375429005824], [-14.544820967572122, 57.294075654234234]]}, "properties": {"source": "18069234", "target": "18040069"}}, {"type": "Feature", "geometry": {"type": "LineString", "coordinates": [[-14.558215051770702, 57.264375429005824], [-14.544850594936577, 57.28094327597634]]}, "properties": {"source": "18069234", "target": "18835734"}}, {"type": "Feature", "geometry": {"type": "LineString", "coordinates": [[-14.621373473709667, 57.270696364291226], [-14.58146540528412, 57.27739688373532]]}, "properties": {"source": "23735103", "target": "18249941"}}, {"type": "Feature", "geometry": {"type": "LineString", "coordinates": [[-14.621373473709667, 57.270696364291226], [-14.556265754165594, 57.28741069742635]]}, "properties": {"source": "23735103", "target": "18802230"}}, {"type": "Feature", "geometry": {"type": "LineString", "coordinates": [[-14.621373473709667, 57.270696364291226], [-14.624458444919071, 57.28145602171388]]}, "properties": {"source": "23735103", "target": "18802240"}}, {"type": "Feature", "geometry": {"type": "LineString", "coordinates": [[-14.621373473709667, 57.270696364291226], [-14.565444612693653, 57.27192105629439]]}, "properties": {"source": "23735103", "target": "22058528"}}, {"type": "Feature", "geometry": {"type": "LineString", "coordinates": [[-14.621373473709667, 57.270696364291226], [-14.55600800066236, 57.27649786917932]]}, "properties": {"source": "23735103", "target": "23399746"}}, {"type": "Feature", "geometry": {"type": "LineString", "coordinates": [[-14.621373473709667, 57.270696364291226], [-14.551020799266013, 57.280579068295054]]}, "properties": {"source": "23735103", "target": "25026501"}}, {"type": "Feature", "geometry": {"type": "LineString", "coordinates": [[-14.553382464007171, 57.29245436046122], [-14.602887376460217, 57.270492285900275]]}, "properties": {"source": "20342016", "target": "22068620"}}, {"type": "Feature", "geometry": {"type": "LineString", "coordinates": [[-14.553382464007171, 57.29245436046122], [-14.541977796370304, 57.290802049394884]]}, "properties": {"source": "20342016", "target": "20884636"}}, {"type": "Feature", "geometry": {"type": "LineString", "coordinates": [[-14.57072069244876, 57.290008660130866], [-14.555872294135526, 57.27453070663479]]}, "properties": {"source": "29907006", "target": "25281368"}}, {"type": "Feature", "geometry": {"type": "LineString", "coordinates": [[-14.57072069244876, 57.290008660130866], [-14.546154661159846, 57.28748084166661]]}, "properties": {"source": "29907006", "target": "25448986"}}, {"type": "Feature", "geometry": {"type": "LineString", "coordinates": [[-14.57072069244876, 57.290008660130866], [-14.59642632596558, 57.292993517823604]]}, "properties": {"source": "29907006", "target": "24895218"}}, {"type": "Feature", "geometry": {"type": "LineString", "coordinates": [[-14.57072069244876, 57.290008660130866], [-14.56826778316102, 57.290042086412925]]}, "properties": {"source": "29907006", "target": "25448985"}}, {"type": "Feature", "geometry": {"type": "LineString", "coordinates": [[-14.57072069244876, 57.290008660130866], [-14.536840874948439, 57.28409009687208]]}, "properties": {"source": "29907006", "target": "31283058"}}, {"type": "Feature", "geometry": {"type": "LineString", "coordinates": [[-14.57072069244876, 57.290008660130866], [-14.589029711014547, 57.274302569121375]]}, "properties": {"source": "29907006", "target": "29975006"}}, {"type": "Feature", "geometry": {"type": "LineString", "coordinates": [[-14.57072069244876, 57.290008660130866], [-14.596358266710013, 57.27046321445984]]}, "properties": {"source": "29907006", "target": "29875863"}}, {"type": "Feature", "geometry": {"type": "LineString", "coordinates": [[-14.57072069244876, 57.290008660130866], [-14.593253835104292, 57.26775447557246]]}, "properties": {"source": "29907006", "target": "30339340"}}, {"type": "Feature", "geometry": {"type": "LineString", "coordinates": [[-14.548862805208842, 57.27680463411568], [-14.594809226161743, 57.28382486619776]]}, "properties": {"source": "33840688", "target": "30195145"}}, {"type": "Feature", "geometry": {"type": "LineString", "coordinates": [[-14.548862805208842, 57.27680463411568], [-14.538366164444767, 57.28567480830435]]}, "properties": {"source": "33840688", "target": "25906956"}}, {"type": "Feature", "geometry": {"type": "LineString", "coordinates": [[-14.548862805208842, 57.27680463411568], [-14.595322993671743, 57.26734082826468]]}, "properties": {"source": "33840688", "target": "25341651"}}, {"type": "Feature", "geometry": {"type": "LineString", "coordinates": [[-14.548862805208842, 57.27680463411568], [-14.60686601465585, 57.26581052037777]]}, "properties": {"source": "33840688", "target": "25178429"}}, {"type": "Feature", "geometry": {"type": "LineString", "coordinates": [[-14.548862805208842, 57.27680463411568], [-14.59411257564875, 57.27863202910213]]}, "properties": {"source": "33840688", "target": "25170980"}}, {"type": "Feature", "geometry": {"type": "LineString", "coordinates": [[-14.548862805208842, 57.27680463411568], [-14.569379594786625, 57.274201205113314]]}, "properties": {"source": "33840688", "target": "24367985"}}, {"type": "Feature", "geometry": {"type": "LineString", "coordinates": [[-14.548862805208842, 57.27680463411568], [-14.58203664817961, 57.28894796968166]]}, "properties": {"source": "33840688", "target": "34834103"}}, {"type": "Feature", "geometry": {"type": "LineString", "coordinates": [[-14.548862805208842, 57.27680463411568], [-14.536319313052502, 57.27987092672204]]}, "properties": {"source": "33840688", "target": "30753643"}}, {"type": "Feature", "geometry": {"type": "LineString", "coordinates": [[-14.603648866924829, 57.276406812079784], [-14.610112273651197, 57.28852600281655]]}, "properties": {"source": "23300811", "target": "28012921"}}, {"type": "Feature", "geometry": {"type": "LineString", "coordinates": [[-14.603648866924829, 57.276406812079784], [-14.553077835713424, 57.27101371809863]]}, "properties": {"source": "23300811", "target": "18192699"}}, {"type": "Feature", "geometry": {"type": "LineString", "coordinates": [[-14.603648866924829, 57.276406812079784], [-14.564955038662049, 57.279815856102644]]}, "properties": {"source": "23300811", "target": "18605047"}}, {"type": "Feature", "geometry": {"type": "LineString", "coordinates": [[-14.603648866924829, 57.276406812079784], [-14.623091903210963, 57.27231636368069]]}, "properties": {"source": "23300811", "target": "28475027"}}, {"type": "Feature", "geometry": {"type": "LineString", "coordinates": [[-14.603648866924829, 57.276406812079784], [-14.55041826596181, 57.27552063136771]]}, "properties": {"source": "23300811", "target": "18054056"}}, {"type": "Feature", "geometry": {"type": "LineString", "coordinates": [[-14.603648866924829, 57.276406812079784], [-14.618339271505675, 57.2883768800272]]}, "properties": {"source": "23300811", "target": "18405928"}}, {"type": "Feature", "geometry": {"type": "LineString", "coordinates": [[-14.622948453900278, 57.27452265525841], [-14.538366164444767, 57.28567480830435]]}, "properties": {"source": "25234004", "target": "25906956"}}, {"type": "Feature", "geometry": {"type": "LineString", "coordinates": [[-14.622948453900278, 57.27452265525841], [-14.539689316833346, 57.270693488096924]]}, "properties": {"source": "25234004", "target": "18341046"}}, {"type": "Feature", "geometry": {"type": "LineString", "coordinates": [[-14.581537027682089, 57.27808534285553], [-14.53626595813651, 57.271936131931085]]}, "properties": {"source": "22669015", "target": "22853160"}}, {"type": "Feature", "geometry": {"type": "LineString", "coordinates": [[-14.581537027682089, 57.27808534285553], [-14.541977796370304, 57.290802049394884]]}, "properties": {"source": "22669015", "target": "20884636"}}, {"type": "Feature", "geometry": {"type": "LineString", "coordinates": [[-14.581537027682089, 57.27808534285553], [-14.578754039358898, 57.29333771775211]]}, "properties": {"source": "22669015", "target": "22853093"}}, {"type": "Feature", "geometry": {"type": "LineString", "coordinates": [[-14.581537027682089, 57.27808534285553], [-14.558901380895719, 57.28943783509776]]}, "properties": {"source": "22669015", "target": "20985987"}}, {"type": "Feature", "geometry": {"type": "LineString", "coordinates": [[-14.581537027682089, 57.27808534285553], [-14.58845688624649, 57.269983111736764]]}, "properties": {"source": "22669015", "target": "23558735"}}, {"type": "Feature", "geometry": {"type": "LineString", "coordinates": [[-14.581537027682089, 57.27808534285553], [-14.582807044405655, 57.2835953407872]]}, "properties": {"source": "22669015", "target": "23623746"}}, {"type": "Feature", "geometry": {"type": "LineString", "coordinates": [[-14.581537027682089, 57.27808534285553], [-14.622482109470184, 57.28887716002471]]}, "properties": {"source": "22669015", "target": "22668979"}}, {"type": "Feature", "geometry": {"type": "LineString", "coordinates": [[-14.624672903984106, 57.28068662580327], [-14.546823113222416, 57.29354450553441]]}, "properties": {"source": "25502195", "target": "23844414"}}, {"type": "Feature", "geometry": {"type": "LineString", "coordinates": [[-14.575348082733115, 57.28551578863859], [-14.536627365486794, 57.26784935871244]]}, "properties": {"source": "21902610", "target": "21805408"}}, {"type": "Feature", "geometry": {"type": "LineString", "coordinates": [[-14.575348082733115, 57.28551578863859], [-14.577821317102945, 57.267402206075005]]}, "properties": {"source": "21902610", "target": "19569028"}}, {"type": "Feature", "geometry": {"type": "LineString", "coordinates": [[-14.575348082733115, 57.28551578863859], [-14.620514347332062, 57.26505574558759]]}, "properties": {"source": "21902610", "target": "18808407"}}, {"type": "Feature", "geometry": {"type": "LineString", "coordinates": [[-14.575348082733115, 57.28551578863859], [-14.617646544969375, 57.280924568492]]}, "properties": {"source": "21902610", "target": "20262760"}}, {"type": "Feature", "geometry": {"type": "LineString", "coordinates": [[-14.575348082733115, 57.28551578863859], [-14.618339271505675, 57.2883768800272]]}, "properties": {"source": "21902610", "target": "18405928"}}, {"type": "Feature", "geometry": {"type": "LineString", "coordinates": [[-14.575348082733115, 57.28551578863859], [-14.617880079485616, 57.268196234818845]]}, "properties": {"source": "21902610", "target": "21528220"}}, {"type": "Feature", "geometry": {"type": "LineString", "coordinates": [[-14.575348082733115, 57.28551578863859], [-14.549280566552369, 57.27249694786103]]}, "properties": {"source": "21902610", "target": "19180883"}}, {"type": "Feature", "geometry": {"type": "LineString", "coordinates": [[-14.575348082733115, 57.28551578863859], [-14.56896553730411, 57.27146970041038]]}, "properties": {"source": "21902610", "target": "21853688"}}, {"type": "Feature", "geometry": {"type": "LineString", "coordinates": [[-14.587797304610234, 57.28242235496499], [-14.535497089237879, 57.27490530178302]]}, "properties": {"source": "36429045", "target": "25340094"}}, {"type": "Feature", "geometry": {"type": "LineString", "coordinates": [[-14.565699297828388, 57.271372068618135], [-14.54507781658208, 57.280676996353264]]}, "properties": {"source": "18580195", "target": "20889588"}}, {"type": "Feature", "geometry": {"type": "LineString", "coordinates": [[-14.565699297828388, 57.271372068618135], [-14.612810059093448, 57.27520802797258]]}, "properties": {"source": "18580195", "target": "19025755"}}, {"type": "Feature", "geometry": {"type": "LineString", "coordinates": [[-14.565699297828388, 57.271372068618135], [-14.596365926958697, 57.28836801644749]]}, "properties": {"source": "18580195", "target": "20868172"}}, {"type": "Feature", "geometry": {"type": "LineString", "coordinates": [[-14.616279675540625, 57.287770846101026], [-14.625354174982164, 57.26573184724465]]}, "properties": {"source": "22238668", "target": "19397862"}}, {"type": "Feature", "geometry": {"type": "LineString", "coordinates": [[-14.616279675540625, 57.287770846101026], [-14.557694149965215, 57.27259554842951]]}, "properties": {"source": "22238668", "target": "20639136"}}, {"type": "Feature", "geometry": {"type": "LineString", "coordinates": [[-14.616279675540625, 57.287770846101026], [-14.542832742643498, 57.28538342657538]]}, "properties": {"source": "22238668", "target": "20639078"}}, {"type": "Feature", "geometry": {"type": "LineString", "coordinates": [[-14.559448375437057, 57.271789398042685], [-14.579769272527017, 57.28524234533418]]}, "properties": {"source": "20467923", "target": "20553451"}}, {"type": "Feature", "geometry": {"type": "LineString", "coordinates": [[-14.622128170805894, 57.29028595678788], [-14.551684209396996, 57.28381317791316]]}, "properties": {"source": "17727180", "target": "17436480"}}, {"type": "Feature", "geometry": {"type": "LineString", "coordinates": [[-14.56976225600883, 57.26834950256992], [-14.573969313937766, 57.28578369800283]]}, "properties": {"source": "23471550", "target": "25763989"}}, {"type": "Feature", "geometry": {"type": "LineString", "coordinates": [[-14.56976225600883, 57.26834950256992], [-14.597993074979883, 57.288670374526916]]}, "properties": {"source": "23471550", "target": "26838703"}}, {"type": "Feature", "geometry": {"type": "LineString", "coordinates": [[-14.56976225600883, 57.26834950256992], [-14.622948453900278, 57.27452265525841]]}, "properties": {"source": "23471550", "target": "25234004"}}, {"type": "Feature", "geometry": {"type": "LineString", "coordinates": [[-14.56976225600883, 57.26834950256992], [-14.557267192962883, 57.26439579445902]]}, "properties": {"source": "23471550", "target": "25865290"}}, {"type": "Feature", "geometry": {"type": "LineString", "coordinates": [[-14.56976225600883, 57.26834950256992], [-14.57450390773701, 57.280248355719365]]}, "properties": {"source": "23471550", "target": "22884603"}}, {"type": "Feature", "geometry": {"type": "LineString", "coordinates": [[-14.56976225600883, 57.26834950256992], [-14.58171483934575, 57.27876772071242]]}, "properties": {"source": "23471550", "target": "23471558"}}, {"type": "Feature", "geometry": {"type": "LineString", "coordinates": [[-14.618339271505675, 57.2883768800272], [-14.553077835713424, 57.27101371809863]]}, "properties": {"source": "18405928", "target": "18192699"}}, {"type": "Feature", "geometry": {"type": "LineString", "coordinates": [[-14.563497128362343, 57.27834717727691], [-14.603615351848077, 57.28797075760296]]}, "properties": {"source": "18517009", "target": "20497616"}}, {"type": "Feature", "geometry": {"type": "LineString", "coordinates": [[-14.569379594786625, 57.274201205113314], [-14.538366164444767, 57.28567480830435]]}, "properties": {"source": "24367985", "target": "25906956"}}, {"type": "Feature", "geometry": {"type": "LineString", "coordinates": [[-14.569379594786625, 57.274201205113314], [-14.60686601465585, 57.26581052037777]]}, "properties": {"source": "24367985", "target": "25178429"}}, {"type": "Feature", "geometry": {"type": "LineString", "coordinates": [[-14.569379594786625, 57.274201205113314], [-14.62013864244679, 57.267486792585004]]}, "properties": {"source": "24367985", "target": "23686727"}}, {"type": "Feature", "geometry": {"type": "LineString", "coordinates": [[-14.556743309007715, 57.271028799948084], [-14.620673848037654, 57.27271940071695]]}, "properties": {"source": "28438274", "target": "26312175"}}, {"type": "Feature", "geometry": {"type": "LineString", "coordinates": [[-14.592808097777407, 57.27117507010796], [-14.574366220245253, 57.272931764903774]]}, "properties": {"source": "20879280", "target": "23010184"}}, {"type": "Feature", "geometry": {"type": "LineString", "coordinates": [[-14.592808097777407, 57.27117507010796], [-14.611705234616494, 57.27464977589548]]}, "properties": {"source": "20879280", "target": "21473305"}}, {"type": "Feature", "geometry": {"type": "LineString", "coordinates": [[-14.619205958723342, 57.2873251987768], [-14.591373952933083, 57.27118850459827]]}, "properties": {"source": "20737479", "target": "24151121"}}, {"type": "Feature", "geometry": {"type": "LineString", "coordinates": [[-14.57150615094696, 57.26480491605352], [-14.56991189848361, 57.28589004795742]]}, "properties": {"source": "18102898", "target": "18211118"}}, {"type": "Feature", "geometry": {"type": "LineString", "coordinates": [[-14.57150615094696, 57.26480491605352], [-14.573747010989337, 57.283907441616265]]}, "properties": {"source": "18102898", "target": "18781543"}}, {"type": "Feature", "geometry": {"type": "LineString", "coordinates": [[-14.57150615094696, 57.26480491605352], [-14.535442786010833, 57.26466864361166]]}, "properties": {"source": "18102898", "target": "18340482"}}, {"type": "Feature", "geometry": {"type": "LineString", "coordinates": [[-14.57150615094696, 57.26480491605352], [-14.539689316833346, 57.270693488096924]]}, "properties": {"source": "18102898", "target": "18341046"}}, {"type": "Feature", "geometry": {"type": "LineString", "coordinates": [[-14.57150615094696, 57.26480491605352], [-14.563497128362343, 57.27834717727691]]}, "properties": {"source": "18102898", "target": "18517009"}}, {"type": "Feature", "geometry": {"type": "LineString", "coordinates": [[-14.57150615094696, 57.26480491605352], [-14.616465145804284, 57.27655702570108]]}, "properties": {"source": "18102898", "target": "18073066"}}, {"type": "Feature", "geometry": {"type": "LineString", "coordinates": [[-14.57150615094696, 57.26480491605352], [-14.59540847219563, 57.28001375336714]]}, "properties": {"source": "18102898", "target": "18269958"}}, {"type": "Feature", "geometry": {"type": "LineString", "coordinates": [[-14.57150615094696, 57.26480491605352], [-14.624833671559713, 57.28176034121185]]}, "properties": {"source": "18102898", "target": "17800073"}}, {"type": "Feature", "geometry": {"type": "LineString", "coordinates": [[-14.611201042310341, 57.28449826912504], [-14.544555140546208, 57.27758864352607]]}, "properties": {"source": "17800107", "target": "25438676"}}, {"type": "Feature", "geometry": {"type": "LineString", "coordinates": [[-14.611201042310341, 57.28449826912504], [-14.541563889169964, 57.293864809343106]]}, "properties": {"source": "17800107", "target": "17190349"}}, {"type": "Feature", "geometry": {"type": "LineString", "coordinates": [[-14.55103292910644, 57.27682418534884], [-14.573969313937766, 57.28578369800283]]}, "properties": {"source": "28535515", "target": "25763989"}}, {"type": "Feature", "geometry": {"type": "LineString", "coordinates": [[-14.55103292910644, 57.27682418534884], [-14.597993074979883, 57.288670374526916]]}, "properties": {"source": "28535515", "target": "26838703"}}, {"type": "Feature", "geometry": {"type": "LineString", "coordinates": [[-14.55103292910644, 57.27682418534884], [-14.608777681290377, 57.26649676108683]]}, "properties": {"source": "28535515", "target": "30306841"}}, {"type": "Feature", "geometry": {"type": "LineString", "coordinates": [[-14.55103292910644, 57.27682418534884], [-14.615818646390863, 57.27999291145585]]}, "properties": {"source": "28535515", "target": "31824035"}}, {"type": "Feature", "geometry": {"type": "LineString", "coordinates": [[-14.55103292910644, 57.27682418534884], [-14.544430254623052, 57.274057110436345]]}, "properties": {"source": "28535515", "target": "28574017"}}, {"type": "Feature", "geometry": {"type": "LineString", "coordinates": [[-14.55103292910644, 57.27682418534884], [-14.590844835937588, 57.27492349667024]]}, "properties": {"source": "28535515", "target": "28096326"}}, {"type": "Feature", "geometry": {"type": "LineString", "coordinates": [[-14.599371678481816, 57.28920944564733], [-14.57072069244876, 57.290008660130866]]}, "properties": {"source": "29105425", "target": "29907006"}}, {"type": "Feature", "geometry": {"type": "LineString", "coordinates": [[-14.599371678481816, 57.28920944564733], [-14.59642632596558, 57.292993517823604]]}, "properties": {"source": "29105425", "target": "24895218"}}, {"type": "Feature", "geometry": {"type": "LineString", "coordinates": [[-14.599371678481816, 57.28920944564733], [-14.56826778316102, 57.290042086412925]]}, "properties": {"source": "29105425", "target": "25448985"}}, {"type": "Feature", "geometry": {"type": "LineString", "coordinates": [[-14.599371678481816, 57.28920944564733], [-14.548698490966757, 57.27443163521045]]}, "properties": {"source": "29105425", "target": "27274306"}}, {"type": "Feature", "geometry": {"type": "LineString", "coordinates": [[-14.599371678481816, 57.28920944564733], [-14.606253782005751, 57.28146170741124]]}, "properties": {"source": "29105425", "target": "26311787"}}, {"type": "Feature", "geometry": {"type": "LineString", "coordinates": [[-14.599371678481816, 57.28920944564733], [-14.57893085352768, 57.294503083729495]]}, "properties": {"source": "29105425", "target": "27296292"}}, {"type": "Feature", "geometry": {"type": "LineString", "coordinates": [[-14.599371678481816, 57.28920944564733], [-14.592842445384974, 57.27957885906669]]}, "properties": {"source": "29105425", "target": "27851148"}}, {"type": "Feature", "geometry": {"type": "LineString", "coordinates": [[-14.599371678481816, 57.28920944564733], [-14.596358266710013, 57.27046321445984]]}, "properties": {"source": "29105425", "target": "29875863"}}, {"type": "Feature", "geometry": {"type": "LineString", "coordinates": [[-14.573353609769072, 57.29276436584831], [-14.581382479601643, 57.28445938153354]]}, "properties": {"source": "17611319", "target": "18372293"}}, {"type": "Feature", "geometry": {"type": "LineString", "coordinates": [[-14.587638616310187, 57.284850167647065], [-14.548917708157205, 57.277827602703724]]}, "properties": {"source": "23364700", "target": "23622173"}}, {"type": "Feature", "geometry": {"type": "LineString", "coordinates": [[-14.587638616310187, 57.284850167647065], [-14.58845688624649, 57.269983111736764]]}, "properties": {"source": "23364700", "target": "23558735"}}, {"type": "Feature", "geometry": {"type": "LineString", "coordinates": [[-14.587638616310187, 57.284850167647065], [-14.59590501337371, 57.27174701745139]]}, "properties": {"source": "23364700", "target": "20518655"}}, {"type": "Feature", "geometry": {"type": "LineString", "coordinates": [[-14.587638616310187, 57.284850167647065], [-14.60853342626362, 57.2891268521754]]}, "properties": {"source": "23364700", "target": "22854806"}}, {"type": "Feature", "geometry": {"type": "LineString", "coordinates": [[-14.546405985961997, 57.27379215806583], [-14.546823113222416, 57.29354450553441]]}, "properties": {"source": "26310813", "target": "23844414"}}, {"type": "Feature", "geometry": {"type": "LineString", "coordinates": [[-14.546405985961997, 57.27379215806583], [-14.624672903984106, 57.28068662580327]]}, "properties": {"source": "26310813", "target": "25502195"}}, {"type": "Feature", "geometry": {"type": "LineString", "coordinates": [[-14.546405985961997, 57.27379215806583], [-14.549280566552369, 57.27249694786103]]}, "properties": {"source": "26310813", "target": "19180883"}}, {"type": "Feature", "geometry": {"type": "LineString", "coordinates": [[-14.585081690350563, 57.28656188400362], [-14.60775728495139, 57.28317166391349]]}, "properties": {"source": "23161447", "target": "23662053"}}, {"type": "Feature", "geometry": {"type": "LineString", "coordinates": [[-14.585081690350563, 57.28656188400362], [-14.543520558533999, 57.270280481929035]]}, "properties": {"source": "23161447", "target": "23521324"}}, {"type": "Feature", "geometry": {"type": "LineString", "coordinates": [[-14.585081690350563, 57.28656188400362], [-14.536840874948439, 57.28409009687208]]}, "properties": {"source": "23161447", "target": "31283058"}}, {"type": "Feature", "geometry": {"type": "LineString", "coordinates": [[-14.585081690350563, 57.28656188400362], [-14.589544716222775, 57.286944712267285]]}, "properties": {"source": "23161447", "target": "32960684"}}, {"type": "Feature", "geometry": {"type": "LineString", "coordinates": [[-14.585081690350563, 57.28656188400362], [-14.585510274273673, 57.28505289556348]]}, "properties": {"source": "23161447", "target": "32968992"}}, {"type": "Feature", "geometry": {"type": "LineString", "coordinates": [[-14.585081690350563, 57.28656188400362], [-14.568166872183582, 57.29439076057122]]}, "properties": {"source": "23161447", "target": "23662114"}}, {"type": "Feature", "geometry": {"type": "LineString", "coordinates": [[-14.581537027682089, 57.27808534285553], [-14.548917708157205, 57.277827602703724]]}, "properties": {"source": "22669015", "target": "23622173"}}, {"type": "Feature", "geometry": {"type": "LineString", "coordinates": [[-14.581537027682089, 57.27808534285553], [-14.61986338619991, 57.27740114800014]]}, "properties": {"source": "22669015", "target": "22838811"}}, {"type": "Feature", "geometry": {"type": "LineString", "coordinates": [[-14.536373985516235, 57.28070387351056], [-14.594240455380742, 57.270572317387206]]}, "properties": {"source": "23663677", "target": "23734167"}}, {"type": "Feature", "geometry": {"type": "LineString", "coordinates": [[-14.536373985516235, 57.28070387351056], [-14.592842445384974, 57.27957885906669]]}, "properties": {"source": "23663677", "target": "27851148"}}, {"type": "Feature", "geometry": {"type": "LineString", "coordinates": [[-14.549220863268516, 57.286872920876505], [-14.600809641369267, 57.27135203749013]]}, "properties": {"source": "31122752", "target": "32913083"}}, {"type": "Feature", "geometry": {"type": "LineString", "coordinates": [[-14.549220863268516, 57.286872920876505], [-14.575686161460993, 57.277409036968976]]}, "properties": {"source": "31122752", "target": "23989100"}}, {"type": "Feature", "geometry": {"type": "LineString", "coordinates": [[-14.549220863268516, 57.286872920876505], [-14.575601979862597, 57.265116752704856]]}, "properties": {"source": "31122752", "target": "29958356"}}, {"type": "Feature", "geometry": {"type": "LineString", "coordinates": [[-14.549220863268516, 57.286872920876505], [-14.548269177155078, 57.29309402942458]]}, "properties": {"source": "31122752", "target": "25968411"}}, {"type": "Feature", "geometry": {"type": "LineString", "coordinates": [[-14.549220863268516, 57.286872920876505], [-14.60775728495139, 57.28317166391349]]}, "properties": {"source": "31122752", "target": "23662053"}}, {"type": "Feature", "geometry": {"type": "LineString", "coordinates": [[-14.536373985516235, 57.28070387351056], [-14.611039762304046, 57.279443797041196]]}, "properties": {"source": "23663677", "target": "25541245"}}, {"type": "Feature", "geometry": {"type": "LineString", "coordinates": [[-14.552287740125678, 57.28547256818197], [-14.564694086299937, 57.267002782351724]]}, "properties": {"source": "18401170", "target": "18745277"}}, {"type": "Feature", "geometry": {"type": "LineString", "coordinates": [[-14.552287740125678, 57.28547256818197], [-14.560988087491808, 57.27193997935099]]}, "properties": {"source": "18401170", "target": "17832986"}}, {"type": "Feature", "geometry": {"type": "LineString", "coordinates": [[-14.552287740125678, 57.28547256818197], [-14.615457270715012, 57.29053108132668]]}, "properties": {"source": "18401170", "target": "18374999"}}, {"type": "Feature", "geometry": {"type": "LineString", "coordinates": [[-14.552287740125678, 57.28547256818197], [-14.569551255401421, 57.26798515209627]]}, "properties": {"source": "18401170", "target": "17832415"}}, {"type": "Feature", "geometry": {"type": "LineString", "coordinates": [[-14.552287740125678, 57.28547256818197], [-14.605314795609672, 57.276588295280405]]}, "properties": {"source": "18401170", "target": "17878281"}}, {"type": "Feature", "geometry": {"type": "LineString", "coordinates": [[-14.552287740125678, 57.28547256818197], [-14.58941071905673, 57.265728828526306]]}, "properties": {"source": "18401170", "target": "20629817"}}, {"type": "Feature", "geometry": {"type": "LineString", "coordinates": [[-14.552287740125678, 57.28547256818197], [-14.57368538374027, 57.28206766873758]]}, "properties": {"source": "18401170", "target": "18039219"}}, {"type": "Feature", "geometry": {"type": "LineString", "coordinates": [[-14.552287740125678, 57.28547256818197], [-14.573416033070686, 57.26867917232474]]}, "properties": {"source": "18401170", "target": "23287178"}}, {"type": "Feature", "geometry": {"type": "LineString", "coordinates": [[-14.60361477266457, 57.29115041084299], [-14.597993074979883, 57.288670374526916]]}, "properties": {"source": "21063217", "target": "26838703"}}, {"type": "Feature", "geometry": {"type": "LineString", "coordinates": [[-14.60361477266457, 57.29115041084299], [-14.622948453900278, 57.27452265525841]]}, "properties": {"source": "21063217", "target": "25234004"}}, {"type": "Feature", "geometry": {"type": "LineString", "coordinates": [[-14.60361477266457, 57.29115041084299], [-14.608777681290377, 57.26649676108683]]}, "properties": {"source": "21063217", "target": "30306841"}}, {"type": "Feature", "geometry": {"type": "LineString", "coordinates": [[-14.60361477266457, 57.29115041084299], [-14.565309519557161, 57.28211470267587]]}, "properties": {"source": "21063217", "target": "25815089"}}, {"type": "Feature", "geometry": {"type": "LineString", "coordinates": [[-14.60361477266457, 57.29115041084299], [-14.573747010989337, 57.283907441616265]]}, "properties": {"source": "21063217", "target": "18781543"}}, {"type": "Feature", "geometry": {"type": "LineString", "coordinates": [[-14.60361477266457, 57.29115041084299], [-14.594809226161743, 57.28382486619776]]}, "properties": {"source": "21063217", "target": "30195145"}}, {"type": "Feature", "geometry": {"type": "LineString", "coordinates": [[-14.60361477266457, 57.29115041084299], [-14.535442786010833, 57.26466864361166]]}, "properties": {"source": "21063217", "target": "18340482"}}, {"type": "Feature", "geometry": {"type": "LineString", "coordinates": [[-14.60361477266457, 57.29115041084299], [-14.622867245319469, 57.26763823152561]]}, "properties": {"source": "21063217", "target": "23276717"}}, {"type": "Feature", "geometry": {"type": "LineString", "coordinates": [[-14.58406288383975, 57.272948585387766], [-14.58051374821872, 57.29030243691261]]}, "properties": {"source": "24539690", "target": "25041079"}}, {"type": "Feature", "geometry": {"type": "LineString", "coordinates": [[-14.58406288383975, 57.272948585387766], [-14.565321907643153, 57.2827171885921]]}, "properties": {"source": "24539690", "target": "18743467"}}, {"type": "Feature", "geometry": {"type": "LineString", "coordinates": [[-14.58406288383975, 57.272948585387766], [-14.605898314570396, 57.293370862838856]]}, "properties": {"source": "24539690", "target": "28821417"}}, {"type": "Feature", "geometry": {"type": "LineString", "coordinates": [[-14.58406288383975, 57.272948585387766], [-14.573148149529118, 57.26601390993251]]}, "properties": {"source": "24539690", "target": "21902503"}}, {"type": "Feature", "geometry": {"type": "LineString", "coordinates": [[-14.58406288383975, 57.272948585387766], [-14.610112273651197, 57.28852600281655]]}, "properties": {"source": "24539690", "target": "28012921"}}, {"type": "Feature", "geometry": {"type": "LineString", "coordinates": [[-14.58406288383975, 57.272948585387766], [-14.624530504345898, 57.29284020141503]]}, "properties": {"source": "24539690", "target": "30622123"}}, {"type": "Feature", "geometry": {"type": "LineString", "coordinates": [[-14.58406288383975, 57.272948585387766], [-14.623091903210963, 57.27231636368069]]}, "properties": {"source": "24539690", "target": "28475027"}}, {"type": "Feature", "geometry": {"type": "LineString", "coordinates": [[-14.609459506560256, 57.265396599922425], [-14.625922283630274, 57.29111445489981]]}, "properties": {"source": "33597798", "target": "25502442"}}, {"type": "Feature", "geometry": {"type": "LineString", "coordinates": [[-14.609459506560256, 57.265396599922425], [-14.548862805208842, 57.27680463411568]]}, "properties": {"source": "33597798", "target": "33840688"}}, {"type": "Feature", "geometry": {"type": "LineString", "coordinates": [[-14.609459506560256, 57.265396599922425], [-14.620798151449577, 57.26600461721918]]}, "properties": {"source": "33597798", "target": "25025389"}}, {"type": "Feature", "geometry": {"type": "LineString", "coordinates": [[-14.609459506560256, 57.265396599922425], [-14.549139399648993, 57.2708592526466]]}, "properties": {"source": "33597798", "target": "23491832"}}, {"type": "Feature", "geometry": {"type": "LineString", "coordinates": [[-14.609459506560256, 57.265396599922425], [-14.537554941920803, 57.294088552801654]]}, "properties": {"source": "33597798", "target": "20647753"}}, {"type": "Feature", "geometry": {"type": "LineString", "coordinates": [[-14.609459506560256, 57.265396599922425], [-14.58203664817961, 57.28894796968166]]}, "properties": {"source": "33597798", "target": "34834103"}}, {"type": "Feature", "geometry": {"type": "LineString", "coordinates": [[-14.609459506560256, 57.265396599922425], [-14.546621667593257, 57.28398693470881]]}, "properties": {"source": "33597798", "target": "34792185"}}, {"type": "Feature", "geometry": {"type": "LineString", "coordinates": [[-14.625922283630274, 57.29111445489981], [-14.573969313937766, 57.28578369800283]]}, "properties": {"source": "25502442", "target": "25763989"}}, {"type": "Feature", "geometry": {"type": "LineString", "coordinates": [[-14.58406288383975, 57.272948585387766], [-14.544352324845136, 57.26654044550153]]}, "properties": {"source": "24539690", "target": "22613246"}}, {"type": "Feature", "geometry": {"type": "LineString", "coordinates": [[-14.62013864244679, 57.267486792585004], [-14.60686601465585, 57.26581052037777]]}, "properties": {"source": "23686727", "target": "25178429"}}, {"type": "Feature", "geometry": {"type": "LineString", "coordinates": [[-14.589710585667234, 57.28602032561764], [-14.595322993671743, 57.26734082826468]]}, "properties": {"source": "24308122", "target": "25341651"}}, {"type": "Feature", "geometry": {"type": "LineString", "coordinates": [[-14.589710585667234, 57.28602032561764], [-14.60686601465585, 57.26581052037777]]}, "properties": {"source": "24308122", "target": "25178429"}}, {"type": "Feature", "geometry": {"type": "LineString", "coordinates": [[-14.589710585667234, 57.28602032561764], [-14.581309784175005, 57.26856242942286]]}, "properties": {"source": "24308122", "target": "25170969"}}, {"type": "Feature", "geometry": {"type": "LineString", "coordinates": [[-14.589710585667234, 57.28602032561764], [-14.587683022984777, 57.28881675994269]]}, "properties": {"source": "24308122", "target": "25171485"}}, {"type": "Feature", "geometry": {"type": "LineString", "coordinates": [[-14.589710585667234, 57.28602032561764], [-14.545200965242003, 57.27299628228343]]}, "properties": {"source": "24308122", "target": "26805129"}}, {"type": "Feature", "geometry": {"type": "LineString", "coordinates": [[-14.589710585667234, 57.28602032561764], [-14.59411257564875, 57.27863202910213]]}, "properties": {"source": "24308122", "target": "25170980"}}, {"type": "Feature", "geometry": {"type": "LineString", "coordinates": [[-14.589710585667234, 57.28602032561764], [-14.569379594786625, 57.274201205113314]]}, "properties": {"source": "24308122", "target": "24367985"}}, {"type": "Feature", "geometry": {"type": "LineString", "coordinates": [[-14.58051374821872, 57.29030243691261], [-14.624530504345898, 57.29284020141503]]}, "properties": {"source": "25041079", "target": "30622123"}}, {"type": "Feature", "geometry": {"type": "LineString", "coordinates": [[-14.58051374821872, 57.29030243691261], [-14.623091903210963, 57.27231636368069]]}, "properties": {"source": "25041079", "target": "28475027"}}, {"type": "Feature", "geometry": {"type": "LineString", "coordinates": [[-14.58051374821872, 57.29030243691261], [-14.55041826596181, 57.27552063136771]]}, "properties": {"source": "25041079", "target": "18054056"}}, {"type": "Feature", "geometry": {"type": "LineString", "coordinates": [[-14.58051374821872, 57.29030243691261], [-14.611339732644723, 57.286921271401624]]}, "properties": {"source": "25041079", "target": "23447383"}}, {"type": "Feature", "geometry": {"type": "LineString", "coordinates": [[-14.58051374821872, 57.29030243691261], [-14.618339271505675, 57.2883768800272]]}, "properties": {"source": "25041079", "target": "18405928"}}, {"type": "Feature", "geometry": {"type": "LineString", "coordinates": [[-14.58051374821872, 57.29030243691261], [-14.582241335555864, 57.28566964555969]]}, "properties": {"source": "25041079", "target": "24582443"}}, {"type": "Feature", "geometry": {"type": "LineString", "coordinates": [[-14.575452225524572, 57.28330300435431], [-14.594704617484553, 57.277044975186584]]}, "properties": {"source": "23761744", "target": "24655681"}}, {"type": "Feature", "geometry": {"type": "LineString", "coordinates": [[-14.575452225524572, 57.28330300435431], [-14.620673848037654, 57.27271940071695]]}, "properties": {"source": "23761744", "target": "26312175"}}, {"type": "Feature", "geometry": {"type": "LineString", "coordinates": [[-14.615457270715012, 57.29053108132668], [-14.599993876341927, 57.26642400487985]]}, "properties": {"source": "18374999", "target": "23259118"}}, {"type": "Feature", "geometry": {"type": "LineString", "coordinates": [[-14.615457270715012, 57.29053108132668], [-14.53587548392386, 57.28673082176485]]}, "properties": {"source": "18374999", "target": "18717645"}}, {"type": "Feature", "geometry": {"type": "LineString", "coordinates": [[-14.615457270715012, 57.29053108132668], [-14.563497128362343, 57.27834717727691]]}, "properties": {"source": "18374999", "target": "18517009"}}, {"type": "Feature", "geometry": {"type": "LineString", "coordinates": [[-14.615457270715012, 57.29053108132668], [-14.569551255401421, 57.26798515209627]]}, "properties": {"source": "18374999", "target": "17832415"}}, {"type": "Feature", "geometry": {"type": "LineString", "coordinates": [[-14.576344346472894, 57.29177636477499], [-14.568840830539813, 57.27312420304028]]}, "properties": {"source": "16165667", "target": "17976745"}}, {"type": "Feature", "geometry": {"type": "LineString", "coordinates": [[-14.576344346472894, 57.29177636477499], [-14.55041826596181, 57.27552063136771]]}, "properties": {"source": "16165667", "target": "18054056"}}, {"type": "Feature", "geometry": {"type": "LineString", "coordinates": [[-14.576344346472894, 57.29177636477499], [-14.563316194423379, 57.278242963540094]]}, "properties": {"source": "16165667", "target": "17876030"}}, {"type": "Feature", "geometry": {"type": "LineString", "coordinates": [[-14.576344346472894, 57.29177636477499], [-14.602647533593597, 57.27791233083963]]}, "properties": {"source": "16165667", "target": "17226501"}}, {"type": "Feature", "geometry": {"type": "LineString", "coordinates": [[-14.587683022984777, 57.28881675994269], [-14.565309519557161, 57.28211470267587]]}, "properties": {"source": "25171485", "target": "25815089"}}, {"type": "Feature", "geometry": {"type": "LineString", "coordinates": [[-14.587683022984777, 57.28881675994269], [-14.538366164444767, 57.28567480830435]]}, "properties": {"source": "25171485", "target": "25906956"}}, {"type": "Feature", "geometry": {"type": "LineString", "coordinates": [[-14.587683022984777, 57.28881675994269], [-14.595322993671743, 57.26734082826468]]}, "properties": {"source": "25171485", "target": "25341651"}}, {"type": "Feature", "geometry": {"type": "LineString", "coordinates": [[-14.587683022984777, 57.28881675994269], [-14.60686601465585, 57.26581052037777]]}, "properties": {"source": "25171485", "target": "25178429"}}, {"type": "Feature", "geometry": {"type": "LineString", "coordinates": [[-14.587683022984777, 57.28881675994269], [-14.545200965242003, 57.27299628228343]]}, "properties": {"source": "25171485", "target": "26805129"}}, {"type": "Feature", "geometry": {"type": "LineString", "coordinates": [[-14.587683022984777, 57.28881675994269], [-14.59411257564875, 57.27863202910213]]}, "properties": {"source": "25171485", "target": "25170980"}}, {"type": "Feature", "geometry": {"type": "LineString", "coordinates": [[-14.587683022984777, 57.28881675994269], [-14.610390233355304, 57.268787097284445]]}, "properties": {"source": "25171485", "target": "18809943"}}, {"type": "Feature", "geometry": {"type": "LineString", "coordinates": [[-14.587683022984777, 57.28881675994269], [-14.569379594786625, 57.274201205113314]]}, "properties": {"source": "25171485", "target": "24367985"}}, {"type": "Feature", "geometry": {"type": "LineString", "coordinates": [[-14.584646658466738, 57.28390920600134], [-14.557240056372763, 57.286360032067066]]}, "properties": {"source": "20737507", "target": "23437061"}}, {"type": "Feature", "geometry": {"type": "LineString", "coordinates": [[-14.536373985516235, 57.28070387351056], [-14.622948453900278, 57.27452265525841]]}, "properties": {"source": "23663677", "target": "25234004"}}, {"type": "Feature", "geometry": {"type": "LineString", "coordinates": [[-14.536373985516235, 57.28070387351056], [-14.605898314570396, 57.293370862838856]]}, "properties": {"source": "23663677", "target": "28821417"}}, {"type": "Feature", "geometry": {"type": "LineString", "coordinates": [[-14.536373985516235, 57.28070387351056], [-14.548917708157205, 57.277827602703724]]}, "properties": {"source": "23663677", "target": "23622173"}}, {"type": "Feature", "geometry": {"type": "LineString", "coordinates": [[-14.536373985516235, 57.28070387351056], [-14.613981580628973, 57.27394834492556]]}, "properties": {"source": "23663677", "target": "22910368"}}, {"type": "Feature", "geometry": {"type": "LineString", "coordinates": [[-14.536373985516235, 57.28070387351056], [-14.582807044405655, 57.2835953407872]]}, "properties": {"source": "23663677", "target": "23623746"}}, {"type": "Feature", "geometry": {"type": "LineString", "coordinates": [[-14.536373985516235, 57.28070387351056], [-14.581537027682089, 57.27808534285553]]}, "properties": {"source": "23663677", "target": "22669015"}}, {"type": "Feature", "geometry": {"type": "LineString", "coordinates": [[-14.536373985516235, 57.28070387351056], [-14.595477083264655, 57.26900690157305]]}, "properties": {"source": "23663677", "target": "24654248"}}, {"type": "Feature", "geometry": {"type": "LineString", "coordinates": [[-14.612374776522017, 57.28522274207576], [-14.58406288383975, 57.272948585387766]]}, "properties": {"source": "18690140", "target": "24539690"}}, {"type": "Feature", "geometry": {"type": "LineString", "coordinates": [[-14.612374776522017, 57.28522274207576], [-14.618339271505675, 57.2883768800272]]}, "properties": {"source": "18690140", "target": "18405928"}}, {"type": "Feature", "geometry": {"type": "LineString", "coordinates": [[-14.597803435174512, 57.26535977966718], [-14.615818646390863, 57.27999291145585]]}, "properties": {"source": "35077197", "target": "31824035"}}, {"type": "Feature", "geometry": {"type": "LineString", "coordinates": [[-14.597803435174512, 57.26535977966718], [-14.544430254623052, 57.274057110436345]]}, "properties": {"source": "35077197", "target": "28574017"}}, {"type": "Feature", "geometry": {"type": "LineString", "coordinates": [[-14.597803435174512, 57.26535977966718], [-14.590844835937588, 57.27492349667024]]}, "properties": {"source": "35077197", "target": "28096326"}}, {"type": "Feature", "geometry": {"type": "LineString", "coordinates": [[-14.597803435174512, 57.26535977966718], [-14.609459506560256, 57.265396599922425]]}, "properties": {"source": "35077197", "target": "33597798"}}, {"type": "Feature", "geometry": {"type": "LineString", "coordinates": [[-14.597803435174512, 57.26535977966718], [-14.625922283630274, 57.29111445489981]]}, "properties": {"source": "35077197", "target": "25502442"}}, {"type": "Feature", "geometry": {"type": "LineString", "coordinates": [[-14.597803435174512, 57.26535977966718], [-14.608460732058944, 57.273903103439864]]}, "properties": {"source": "35077197", "target": "24976627"}}, {"type": "Feature", "geometry": {"type": "LineString", "coordinates": [[-14.572042212352642, 57.29037309869503], [-14.617880079485616, 57.268196234818845]]}, "properties": {"source": "22818232", "target": "21528220"}}, {"type": "Feature", "geometry": {"type": "LineString", "coordinates": [[-14.596093132663725, 57.276758055810944], [-14.58845688624649, 57.269983111736764]]}, "properties": {"source": "23473718", "target": "23558735"}}, {"type": "Feature", "geometry": {"type": "LineString", "coordinates": [[-14.596093132663725, 57.276758055810944], [-14.582807044405655, 57.2835953407872]]}, "properties": {"source": "23473718", "target": "23623746"}}, {"type": "Feature", "geometry": {"type": "LineString", "coordinates": [[-14.620775470229887, 57.290012699973985], [-14.609669169976769, 57.2718850538438]]}, "properties": {"source": "21847016", "target": "20497027"}}, {"type": "Feature", "geometry": {"type": "LineString", "coordinates": [[-14.620775470229887, 57.290012699973985], [-14.61909236990357, 57.29021316452881]]}, "properties": {"source": "21847016", "target": "18225174"}}, {"type": "Feature", "geometry": {"type": "LineString", "coordinates": [[-14.537071498302055, 57.29010399525437], [-14.535497089237879, 57.27490530178302]]}, "properties": {"source": "26809710", "target": "25340094"}}, {"type": "Feature", "geometry": {"type": "LineString", "coordinates": [[-14.537071498302055, 57.29010399525437], [-14.540378778794405, 57.28099653265723]]}, "properties": {"source": "26809710", "target": "25878739"}}, {"type": "Feature", "geometry": {"type": "LineString", "coordinates": [[-14.54009152782001, 57.27719245161086], [-14.551684209396996, 57.28381317791316]]}, "properties": {"source": "17255057", "target": "17436480"}}, {"type": "Feature", "geometry": {"type": "LineString", "coordinates": [[-14.587235554895926, 57.292017798719314], [-14.59540847219563, 57.28001375336714]]}, "properties": {"source": "18781540", "target": "18269958"}}, {"type": "Feature", "geometry": {"type": "LineString", "coordinates": [[-14.575601979862597, 57.265116752704856], [-14.620673848037654, 57.27271940071695]]}, "properties": {"source": "29958356", "target": "26312175"}}, {"type": "Feature", "geometry": {"type": "LineString", "coordinates": [[-14.575601979862597, 57.265116752704856], [-14.556970450724975, 57.27625718603662]]}, "properties": {"source": "29958356", "target": "26312198"}}, {"type": "Feature", "geometry": {"type": "LineString", "coordinates": [[-14.575601979862597, 57.265116752704856], [-14.556743309007715, 57.271028799948084]]}, "properties": {"source": "29958356", "target": "28438274"}}, {"type": "Feature", "geometry": {"type": "LineString", "coordinates": [[-14.575601979862597, 57.265116752704856], [-14.587923057887423, 57.285365471362866]]}, "properties": {"source": "29958356", "target": "23597033"}}, {"type": "Feature", "geometry": {"type": "LineString", "coordinates": [[-14.575601979862597, 57.265116752704856], [-14.535497089237879, 57.27490530178302]]}, "properties": {"source": "29958356", "target": "25340094"}}, {"type": "Feature", "geometry": {"type": "LineString", "coordinates": [[-14.575601979862597, 57.265116752704856], [-14.587797304610234, 57.28242235496499]]}, "properties": {"source": "29958356", "target": "36429045"}}, {"type": "Feature", "geometry": {"type": "LineString", "coordinates": [[-14.537118949915083, 57.28030565453237], [-14.564955038662049, 57.279815856102644]]}, "properties": {"source": "18190566", "target": "18605047"}}, {"type": "Feature", "geometry": {"type": "LineString", "coordinates": [[-14.608777681290377, 57.26649676108683], [-14.56976225600883, 57.26834950256992]]}, "properties": {"source": "30306841", "target": "23471550"}}, {"type": "Feature", "geometry": {"type": "LineString", "coordinates": [[-14.608777681290377, 57.26649676108683], [-14.58171483934575, 57.27876772071242]]}, "properties": {"source": "30306841", "target": "23471558"}}, {"type": "Feature", "geometry": {"type": "LineString", "coordinates": [[-14.608777681290377, 57.26649676108683], [-14.611630359992091, 57.289434317015335]]}, "properties": {"source": "30306841", "target": "29405105"}}, {"type": "Feature", "geometry": {"type": "LineString", "coordinates": [[-14.608777681290377, 57.26649676108683], [-14.563376604532323, 57.265087238023995]]}, "properties": {"source": "30306841", "target": "31753318"}}, {"type": "Feature", "geometry": {"type": "LineString", "coordinates": [[-14.608777681290377, 57.26649676108683], [-14.54037031445452, 57.27814290343876]]}, "properties": {"source": "30306841", "target": "34828379"}}, {"type": "Feature", "geometry": {"type": "LineString", "coordinates": [[-14.538696571036269, 57.27849976962102], [-14.594704617484553, 57.277044975186584]]}, "properties": {"source": "24655635", "target": "24655681"}}, {"type": "Feature", "geometry": {"type": "LineString", "coordinates": [[-14.538696571036269, 57.27849976962102], [-14.620673848037654, 57.27271940071695]]}, "properties": {"source": "24655635", "target": "26312175"}}, {"type": "Feature", "geometry": {"type": "LineString", "coordinates": [[-14.538696571036269, 57.27849976962102], [-14.575452225524572, 57.28330300435431]]}, "properties": {"source": "24655635", "target": "23761744"}}, {"type": "Feature", "geometry": {"type": "LineString", "coordinates": [[-14.538696571036269, 57.27849976962102], [-14.556970450724975, 57.27625718603662]]}, "properties": {"source": "24655635", "target": "26312198"}}, {"type": "Feature", "geometry": {"type": "LineString", "coordinates": [[-14.538696571036269, 57.27849976962102], [-14.548917708157205, 57.277827602703724]]}, "properties": {"source": "24655635", "target": "23622173"}}, {"type": "Feature", "geometry": {"type": "LineString", "coordinates": [[-14.538696571036269, 57.27849976962102], [-14.609839340541612, 57.292040809945604]]}, "properties": {"source": "24655635", "target": "28438267"}}, {"type": "Feature", "geometry": {"type": "LineString", "coordinates": [[-14.538696571036269, 57.27849976962102], [-14.545510171579735, 57.2723446070265]]}, "properties": {"source": "24655635", "target": "26312131"}}, {"type": "Feature", "geometry": {"type": "LineString", "coordinates": [[-14.538696571036269, 57.27849976962102], [-14.61986338619991, 57.27740114800014]]}, "properties": {"source": "24655635", "target": "22838811"}}, {"type": "Feature", "geometry": {"type": "LineString", "coordinates": [[-14.538696571036269, 57.27849976962102], [-14.600809641369267, 57.27135203749013]]}, "properties": {"source": "24655635", "target": "32913083"}}, {"type": "Feature", "geometry": {"type": "LineString", "coordinates": [[-14.538696571036269, 57.27849976962102], [-14.551021512078108, 57.29096018122823]]}, "properties": {"source": "24655635", "target": "20497619"}}, {"type": "Feature", "geometry": {"type": "LineString", "coordinates": [[-14.538696571036269, 57.27849976962102], [-14.550443595970961, 57.26950046151573]]}, "properties": {"source": "24655635", "target": "21483120"}}, {"type": "Feature", "geometry": {"type": "LineString", "coordinates": [[-14.579357492487986, 57.28159851857562], [-14.616274947779942, 57.27296741737125]]}, "properties": {"source": "18076876", "target": "16114861"}}, {"type": "Feature", "geometry": {"type": "LineString", "coordinates": [[-14.579357492487986, 57.28159851857562], [-14.624833671559713, 57.28176034121185]]}, "properties": {"source": "18076876", "target": "17800073"}}, {"type": "Feature", "geometry": {"type": "LineString", "coordinates": [[-14.579357492487986, 57.28159851857562], [-14.544820967572122, 57.294075654234234]]}, "properties": {"source": "18076876", "target": "18040069"}}, {"type": "Feature", "geometry": {"type": "LineString", "coordinates": [[-14.6138306411857, 57.28203153628624], [-14.603648866924829, 57.276406812079784]]}, "properties": {"source": "26167797", "target": "23300811"}}, {"type": "Feature", "geometry": {"type": "LineString", "coordinates": [[-14.6138306411857, 57.28203153628624], [-14.58051374821872, 57.29030243691261]]}, "properties": {"source": "26167797", "target": "25041079"}}, {"type": "Feature", "geometry": {"type": "LineString", "coordinates": [[-14.6138306411857, 57.28203153628624], [-14.610112273651197, 57.28852600281655]]}, "properties": {"source": "26167797", "target": "28012921"}}, {"type": "Feature", "geometry": {"type": "LineString", "coordinates": [[-14.6138306411857, 57.28203153628624], [-14.624530504345898, 57.29284020141503]]}, "properties": {"source": "26167797", "target": "30622123"}}, {"type": "Feature", "geometry": {"type": "LineString", "coordinates": [[-14.608777681290377, 57.26649676108683], [-14.622867245319469, 57.26763823152561]]}, "properties": {"source": "30306841", "target": "23276717"}}, {"type": "Feature", "geometry": {"type": "LineString", "coordinates": [[-14.608777681290377, 57.26649676108683], [-14.538366164444767, 57.28567480830435]]}, "properties": {"source": "30306841", "target": "25906956"}}, {"type": "Feature", "geometry": {"type": "LineString", "coordinates": [[-14.608777681290377, 57.26649676108683], [-14.595322993671743, 57.26734082826468]]}, "properties": {"source": "30306841", "target": "25341651"}}, {"type": "Feature", "geometry": {"type": "LineString", "coordinates": [[-14.608777681290377, 57.26649676108683], [-14.544031839998297, 57.26648740007714]]}, "properties": {"source": "30306841", "target": "21064108"}}, {"type": "Feature", "geometry": {"type": "LineString", "coordinates": [[-14.608777681290377, 57.26649676108683], [-14.587235554895926, 57.292017798719314]]}, "properties": {"source": "30306841", "target": "18781540"}}, {"type": "Feature", "geometry": {"type": "LineString", "coordinates": [[-14.608777681290377, 57.26649676108683], [-14.557267192962883, 57.26439579445902]]}, "properties": {"source": "30306841", "target": "25865290"}}, {"type": "Feature", "geometry": {"type": "LineString", "coordinates": [[-14.608777681290377, 57.26649676108683], [-14.548862805208842, 57.27680463411568]]}, "properties": {"source": "30306841", "target": "33840688"}}, {"type": "Feature", "geometry": {"type": "LineString", "coordinates": [[-14.608777681290377, 57.26649676108683], [-14.57450390773701, 57.280248355719365]]}, "properties": {"source": "30306841", "target": "22884603"}}, {"type": "Feature", "geometry": {"type": "LineString", "coordinates": [[-14.6138306411857, 57.28203153628624], [-14.544352324845136, 57.26654044550153]]}, "properties": {"source": "26167797", "target": "22613246"}}, {"type": "Feature", "geometry": {"type": "LineString", "coordinates": [[-14.608460732058944, 57.273903103439864], [-14.625922283630274, 57.29111445489981]]}, "properties": {"source": "24976627", "target": "25502442"}}, {"type": "Feature", "geometry": {"type": "LineString", "coordinates": [[-14.608460732058944, 57.273903103439864], [-14.620798151449577, 57.26600461721918]]}, "properties": {"source": "24976627", "target": "25025389"}}, {"type": "Feature", "geometry": {"type": "LineString", "coordinates": [[-14.608460732058944, 57.273903103439864], [-14.549139399648993, 57.2708592526466]]}, "properties": {"source": "24976627", "target": "23491832"}}, {"type": "Feature", "geometry": {"type": "LineString", "coordinates": [[-14.608460732058944, 57.273903103439864], [-14.540761222556256, 57.28481225766761]]}, "properties": {"source": "24976627", "target": "27834947"}}, {"type": "Feature", "geometry": {"type": "LineString", "coordinates": [[-14.608460732058944, 57.273903103439864], [-14.537554941920803, 57.294088552801654]]}, "properties": {"source": "24976627", "target": "20647753"}}, {"type": "Feature", "geometry": {"type": "LineString", "coordinates": [[-14.608460732058944, 57.273903103439864], [-14.56318582016658, 57.26684165056881]]}, "properties": {"source": "24976627", "target": "20581108"}}, {"type": "Feature", "geometry": {"type": "LineString", "coordinates": [[-14.608460732058944, 57.273903103439864], [-14.567965199026276, 57.27328010375649]]}, "properties": {"source": "24976627", "target": "21902162"}}, {"type": "Feature", "geometry": {"type": "LineString", "coordinates": [[-14.608460732058944, 57.273903103439864], [-14.622086123707618, 57.28427834909169]]}, "properties": {"source": "24976627", "target": "25681827"}}, {"type": "Feature", "geometry": {"type": "LineString", "coordinates": [[-14.558901380895719, 57.28943783509776], [-14.54941072989709, 57.28673161750632]]}, "properties": {"source": "20985987", "target": "19064742"}}, {"type": "Feature", "geometry": {"type": "LineString", "coordinates": [[-14.568200528850099, 57.276019956160695], [-14.594704617484553, 57.277044975186584]]}, "properties": {"source": "27404782", "target": "24655681"}}, {"type": "Feature", "geometry": {"type": "LineString", "coordinates": [[-14.568200528850099, 57.276019956160695], [-14.620673848037654, 57.27271940071695]]}, "properties": {"source": "27404782", "target": "26312175"}}, {"type": "Feature", "geometry": {"type": "LineString", "coordinates": [[-14.568200528850099, 57.276019956160695], [-14.575452225524572, 57.28330300435431]]}, "properties": {"source": "27404782", "target": "23761744"}}, {"type": "Feature", "geometry": {"type": "LineString", "coordinates": [[-14.568200528850099, 57.276019956160695], [-14.556970450724975, 57.27625718603662]]}, "properties": {"source": "27404782", "target": "26312198"}}, {"type": "Feature", "geometry": {"type": "LineString", "coordinates": [[-14.568200528850099, 57.276019956160695], [-14.548917708157205, 57.277827602703724]]}, "properties": {"source": "27404782", "target": "23622173"}}, {"type": "Feature", "geometry": {"type": "LineString", "coordinates": [[-14.568200528850099, 57.276019956160695], [-14.609839340541612, 57.292040809945604]]}, "properties": {"source": "27404782", "target": "28438267"}}, {"type": "Feature", "geometry": {"type": "LineString", "coordinates": [[-14.568200528850099, 57.276019956160695], [-14.545510171579735, 57.2723446070265]]}, "properties": {"source": "27404782", "target": "26312131"}}, {"type": "Feature", "geometry": {"type": "LineString", "coordinates": [[-14.553382464007171, 57.29245436046122], [-14.579769272527017, 57.28524234533418]]}, "properties": {"source": "20342016", "target": "20553451"}}, {"type": "Feature", "geometry": {"type": "LineString", "coordinates": [[-14.553382464007171, 57.29245436046122], [-14.592808097777407, 57.27117507010796]]}, "properties": {"source": "20342016", "target": "20879280"}}, {"type": "Feature", "geometry": {"type": "LineString", "coordinates": [[-14.544115177562077, 57.28222394879194], [-14.546235813383504, 57.27190123452648]]}, "properties": {"source": "20442180", "target": "21063639"}}, {"type": "Feature", "geometry": {"type": "LineString", "coordinates": [[-14.544115177562077, 57.28222394879194], [-14.592279800320597, 57.270932714103765]]}, "properties": {"source": "20442180", "target": "20622381"}}, {"type": "Feature", "geometry": {"type": "LineString", "coordinates": [[-14.544115177562077, 57.28222394879194], [-14.583885729039366, 57.28597916105255]]}, "properties": {"source": "20442180", "target": "20737459"}}, {"type": "Feature", "geometry": {"type": "LineString", "coordinates": [[-14.544115177562077, 57.28222394879194], [-14.57150615094696, 57.26480491605352]]}, "properties": {"source": "20442180", "target": "18102898"}}, {"type": "Feature", "geometry": {"type": "LineString", "coordinates": [[-14.544115177562077, 57.28222394879194], [-14.59540847219563, 57.28001375336714]]}, "properties": {"source": "20442180", "target": "18269958"}}, {"type": "Feature", "geometry": {"type": "LineString", "coordinates": [[-14.544115177562077, 57.28222394879194], [-14.573416033070686, 57.26867917232474]]}, "properties": {"source": "20442180", "target": "23287178"}}, {"type": "Feature", "geometry": {"type": "LineString", "coordinates": [[-14.583137014295602, 57.27512211675467], [-14.6138306411857, 57.28203153628624]]}, "properties": {"source": "36119169", "target": "26167797"}}, {"type": "Feature", "geometry": {"type": "LineString", "coordinates": [[-14.583137014295602, 57.27512211675467], [-14.610112273651197, 57.28852600281655]]}, "properties": {"source": "36119169", "target": "28012921"}}, {"type": "Feature", "geometry": {"type": "LineString", "coordinates": [[-14.583137014295602, 57.27512211675467], [-14.624530504345898, 57.29284020141503]]}, "properties": {"source": "36119169", "target": "30622123"}}, {"type": "Feature", "geometry": {"type": "LineString", "coordinates": [[-14.583137014295602, 57.27512211675467], [-14.623091903210963, 57.27231636368069]]}, "properties": {"source": "36119169", "target": "28475027"}}, {"type": "Feature", "geometry": {"type": "LineString", "coordinates": [[-14.583137014295602, 57.27512211675467], [-14.55215170591896, 57.28322146770435]]}, "properties": {"source": "36119169", "target": "25476480"}}, {"type": "Feature", "geometry": {"type": "LineString", "coordinates": [[-14.567965199026276, 57.27328010375649], [-14.549139399648993, 57.2708592526466]]}, "properties": {"source": "21902162", "target": "23491832"}}, {"type": "Feature", "geometry": {"type": "LineString", "coordinates": [[-14.567965199026276, 57.27328010375649], [-14.618676075588297, 57.29400890782135]]}, "properties": {"source": "21902162", "target": "18583972"}}, {"type": "Feature", "geometry": {"type": "LineString", "coordinates": [[-14.54941072989709, 57.28673161750632], [-14.579769272527017, 57.28524234533418]]}, "properties": {"source": "19064742", "target": "20553451"}}, {"type": "Feature", "geometry": {"type": "LineString", "coordinates": [[-14.572450139300969, 57.27820051438201], [-14.56166862902296, 57.281000114695146]]}, "properties": {"source": "18625450", "target": "17926109"}}, {"type": "Feature", "geometry": {"type": "LineString", "coordinates": [[-14.572450139300969, 57.27820051438201], [-14.603582424098164, 57.28946965795285]]}, "properties": {"source": "18625450", "target": "17926108"}}, {"type": "Feature", "geometry": {"type": "LineString", "coordinates": [[-14.572450139300969, 57.27820051438201], [-14.568840830539813, 57.27312420304028]]}, "properties": {"source": "18625450", "target": "17976745"}}, {"type": "Feature", "geometry": {"type": "LineString", "coordinates": [[-14.572450139300969, 57.27820051438201], [-14.59385806804275, 57.26929892956018]]}, "properties": {"source": "18625450", "target": "19301526"}}, {"type": "Feature", "geometry": {"type": "LineString", "coordinates": [[-14.572450139300969, 57.27820051438201], [-14.563316194423379, 57.278242963540094]]}, "properties": {"source": "18625450", "target": "17876030"}}, {"type": "Feature", "geometry": {"type": "LineString", "coordinates": [[-14.572450139300969, 57.27820051438201], [-14.58519309386196, 57.27255013646672]]}, "properties": {"source": "18625450", "target": "18686810"}}, {"type": "Feature", "geometry": {"type": "LineString", "coordinates": [[-14.572450139300969, 57.27820051438201], [-14.602647533593597, 57.27791233083963]]}, "properties": {"source": "18625450", "target": "17226501"}}, {"type": "Feature", "geometry": {"type": "LineString", "coordinates": [[-14.572450139300969, 57.27820051438201], [-14.5703340780303, 57.268711105929356]]}, "properties": {"source": "18625450", "target": "17969685"}}, {"type": "Feature", "geometry": {"type": "LineString", "coordinates": [[-14.58176011455447, 57.283263524927094], [-14.563019619274598, 57.281132435653035]]}, "properties": {"source": "18098854", "target": "13568654"}}, {"type": "Feature", "geometry": {"type": "LineString", "coordinates": [[-14.545852547506513, 57.268108431523444], [-14.602887376460217, 57.270492285900275]]}, "properties": {"source": "23002432", "target": "22068620"}}, {"type": "Feature", "geometry": {"type": "LineString", "coordinates": [[-14.545852547506513, 57.268108431523444], [-14.59356467813717, 57.27735284531124]]}, "properties": {"source": "23002432", "target": "23375508"}}, {"type": "Feature", "geometry": {"type": "LineString", "coordinates": [[-14.545852547506513, 57.268108431523444], [-14.603648866924829, 57.276406812079784]]}, "properties": {"source": "23002432", "target": "23300811"}}, {"type": "Feature", "geometry": {"type": "LineString", "coordinates": [[-14.545852547506513, 57.268108431523444], [-14.58051374821872, 57.29030243691261]]}, "properties": {"source": "23002432", "target": "25041079"}}, {"type": "Feature", "geometry": {"type": "LineString", "coordinates": [[-14.545852547506513, 57.268108431523444], [-14.574366220245253, 57.272931764903774]]}, "properties": {"source": "23002432", "target": "23010184"}}, {"type": "Feature", "geometry": {"type": "LineString", "coordinates": [[-14.592684196491007, 57.28024056981589], [-14.572450139300969, 57.27820051438201]]}, "properties": {"source": "17834090", "target": "18625450"}}, {"type": "Feature", "geometry": {"type": "LineString", "coordinates": [[-14.592684196491007, 57.28024056981589], [-14.546609779555666, 57.275098720135574]]}, "properties": {"source": "17834090", "target": "18364153"}}, {"type": "Feature", "geometry": {"type": "LineString", "coordinates": [[-14.562054243570088, 57.28162637610994], [-14.541977796370304, 57.290802049394884]]}, "properties": {"source": "22249086", "target": "20884636"}}, {"type": "Feature", "geometry": {"type": "LineString", "coordinates": [[-14.562054243570088, 57.28162637610994], [-14.584154978596075, 57.28910195434105]]}, "properties": {"source": "22249086", "target": "23475917"}}, {"type": "Feature", "geometry": {"type": "LineString", "coordinates": [[-14.562054243570088, 57.28162637610994], [-14.549280566552369, 57.27249694786103]]}, "properties": {"source": "22249086", "target": "19180883"}}, {"type": "Feature", "geometry": {"type": "LineString", "coordinates": [[-14.59482066843546, 57.277161225402764], [-14.619319944393197, 57.26625825962333]]}, "properties": {"source": "29741547", "target": "23551042"}}, {"type": "Feature", "geometry": {"type": "LineString", "coordinates": [[-14.59482066843546, 57.277161225402764], [-14.569065885612105, 57.28751582171607]]}, "properties": {"source": "29741547", "target": "27836005"}}, {"type": "Feature", "geometry": {"type": "LineString", "coordinates": [[-14.59482066843546, 57.277161225402764], [-14.585414546019308, 57.280996233739444]]}, "properties": {"source": "29741547", "target": "31435554"}}, {"type": "Feature", "geometry": {"type": "LineString", "coordinates": [[-14.59482066843546, 57.277161225402764], [-14.600902831753245, 57.270426871874534]]}, "properties": {"source": "29741547", "target": "25854788"}}, {"type": "Feature", "geometry": {"type": "LineString", "coordinates": [[-14.59482066843546, 57.277161225402764], [-14.617257067269634, 57.294433793526196]]}, "properties": {"source": "29741547", "target": "26401378"}}, {"type": "Feature", "geometry": {"type": "LineString", "coordinates": [[-14.618339271505675, 57.2883768800272], [-14.564955038662049, 57.279815856102644]]}, "properties": {"source": "18405928", "target": "18605047"}}, {"type": "Feature", "geometry": {"type": "LineString", "coordinates": [[-14.560988087491808, 57.27193997935099], [-14.569551255401421, 57.26798515209627]]}, "properties": {"source": "17832986", "target": "17832415"}}, {"type": "Feature", "geometry": {"type": "LineString", "coordinates": [[-14.560988087491808, 57.27193997935099], [-14.579793614871676, 57.27746732617712]]}, "properties": {"source": "17832986", "target": "17854691"}}, {"type": "Feature", "geometry": {"type": "LineString", "coordinates": [[-14.606253782005751, 57.28146170741124], [-14.594704617484553, 57.277044975186584]]}, "properties": {"source": "26311787", "target": "24655681"}}, {"type": "Feature", "geometry": {"type": "LineString", "coordinates": [[-14.606253782005751, 57.28146170741124], [-14.620673848037654, 57.27271940071695]]}, "properties": {"source": "26311787", "target": "26312175"}}, {"type": "Feature", "geometry": {"type": "LineString", "coordinates": [[-14.606253782005751, 57.28146170741124], [-14.556970450724975, 57.27625718603662]]}, "properties": {"source": "26311787", "target": "26312198"}}, {"type": "Feature", "geometry": {"type": "LineString", "coordinates": [[-14.583885729039366, 57.28597916105255], [-14.601652090862302, 57.29377006019445]]}, "properties": {"source": "20737459", "target": "22925759"}}, {"type": "Feature", "geometry": {"type": "LineString", "coordinates": [[-14.583885729039366, 57.28597916105255], [-14.610052021791148, 57.29403962500446]]}, "properties": {"source": "20737459", "target": "22725532"}}, {"type": "Feature", "geometry": {"type": "LineString", "coordinates": [[-14.625922283630274, 57.29111445489981], [-14.590844835937588, 57.27492349667024]]}, "properties": {"source": "25502442", "target": "28096326"}}, {"type": "Feature", "geometry": {"type": "LineString", "coordinates": [[-14.625922283630274, 57.29111445489981], [-14.620798151449577, 57.26600461721918]]}, "properties": {"source": "25502442", "target": "25025389"}}, {"type": "Feature", "geometry": {"type": "LineString", "coordinates": [[-14.625922283630274, 57.29111445489981], [-14.549139399648993, 57.2708592526466]]}, "properties": {"source": "25502442", "target": "23491832"}}, {"type": "Feature", "geometry": {"type": "LineString", "coordinates": [[-14.625922283630274, 57.29111445489981], [-14.537554941920803, 57.294088552801654]]}, "properties": {"source": "25502442", "target": "20647753"}}, {"type": "Feature", "geometry": {"type": "LineString", "coordinates": [[-14.625922283630274, 57.29111445489981], [-14.618676075588297, 57.29400890782135]]}, "properties": {"source": "25502442", "target": "18583972"}}, {"type": "Feature", "geometry": {"type": "LineString", "coordinates": [[-14.538070736168436, 57.267056789126], [-14.59112937914287, 57.27723799975361]]}, "properties": {"source": "23287381", "target": "22589352"}}, {"type": "Feature", "geometry": {"type": "LineString", "coordinates": [[-14.538070736168436, 57.267056789126], [-14.574366220245253, 57.272931764903774]]}, "properties": {"source": "23287381", "target": "23010184"}}, {"type": "Feature", "geometry": {"type": "LineString", "coordinates": [[-14.538070736168436, 57.267056789126], [-14.547749962413747, 57.288757176766026]]}, "properties": {"source": "23287381", "target": "25550961"}}, {"type": "Feature", "geometry": {"type": "LineString", "coordinates": [[-14.536880150820195, 57.267791866513946], [-14.58941071905673, 57.265728828526306]]}, "properties": {"source": "22083017", "target": "20629817"}}, {"type": "Feature", "geometry": {"type": "LineString", "coordinates": [[-14.605671534770067, 57.279638297127406], [-14.602887376460217, 57.270492285900275]]}, "properties": {"source": "20549525", "target": "22068620"}}, {"type": "Feature", "geometry": {"type": "LineString", "coordinates": [[-14.605671534770067, 57.279638297127406], [-14.560331347324222, 57.29375447268876]]}, "properties": {"source": "20549525", "target": "21807998"}}, {"type": "Feature", "geometry": {"type": "LineString", "coordinates": [[-14.605671534770067, 57.279638297127406], [-14.599993876341927, 57.26642400487985]]}, "properties": {"source": "20549525", "target": "23259118"}}, {"type": "Feature", "geometry": {"type": "LineString", "coordinates": [[-14.605671534770067, 57.279638297127406], [-14.586671832913424, 57.28313260872574]]}, "properties": {"source": "20549525", "target": "20943984"}}, {"type": "Feature", "geometry": {"type": "LineString", "coordinates": [[-14.605671534770067, 57.279638297127406], [-14.536627365486794, 57.26784935871244]]}, "properties": {"source": "20549525", "target": "21805408"}}, {"type": "Feature", "geometry": {"type": "LineString", "coordinates": [[-14.605671534770067, 57.279638297127406], [-14.561096142655202, 57.26474660678626]]}, "properties": {"source": "20549525", "target": "18622604"}}, {"type": "Feature", "geometry": {"type": "LineString", "coordinates": [[-14.605671534770067, 57.279638297127406], [-14.620514347332062, 57.26505574558759]]}, "properties": {"source": "20549525", "target": "18808407"}}, {"type": "Feature", "geometry": {"type": "LineString", "coordinates": [[-14.582595693918506, 57.28893057909434], [-14.613981580628973, 57.27394834492556]]}, "properties": {"source": "23269991", "target": "22910368"}}, {"type": "Feature", "geometry": {"type": "LineString", "coordinates": [[-14.582595693918506, 57.28893057909434], [-14.59385806804275, 57.26929892956018]]}, "properties": {"source": "23269991", "target": "19301526"}}, {"type": "Feature", "geometry": {"type": "LineString", "coordinates": [[-14.582595693918506, 57.28893057909434], [-14.617615445639018, 57.26918606200002]]}, "properties": {"source": "23269991", "target": "23612689"}}, {"type": "Feature", "geometry": {"type": "LineString", "coordinates": [[-14.582595693918506, 57.28893057909434], [-14.538070736168436, 57.267056789126]]}, "properties": {"source": "23269991", "target": "23287381"}}, {"type": "Feature", "geometry": {"type": "LineString", "coordinates": [[-14.582595693918506, 57.28893057909434], [-14.547749962413747, 57.288757176766026]]}, "properties": {"source": "23269991", "target": "25550961"}}, {"type": "Feature", "geometry": {"type": "LineString", "coordinates": [[-14.582595693918506, 57.28893057909434], [-14.538434119863638, 57.27977074163924]]}, "properties": {"source": "23269991", "target": "25392083"}}, {"type": "Feature", "geometry": {"type": "LineString", "coordinates": [[-14.582595693918506, 57.28893057909434], [-14.555872294135526, 57.27453070663479]]}, "properties": {"source": "23269991", "target": "25281368"}}, {"type": "Feature", "geometry": {"type": "LineString", "coordinates": [[-14.582595693918506, 57.28893057909434], [-14.546154661159846, 57.28748084166661]]}, "properties": {"source": "23269991", "target": "25448986"}}, {"type": "Feature", "geometry": {"type": "LineString", "coordinates": [[-14.546609779555666, 57.275098720135574], [-14.603582424098164, 57.28946965795285]]}, "properties": {"source": "18364153", "target": "17926108"}}, {"type": "Feature", "geometry": {"type": "LineString", "coordinates": [[-14.546609779555666, 57.275098720135574], [-14.568840830539813, 57.27312420304028]]}, "properties": {"source": "18364153", "target": "17976745"}}, {"type": "Feature", "geometry": {"type": "LineString", "coordinates": [[-14.546609779555666, 57.275098720135574], [-14.55041826596181, 57.27552063136771]]}, "properties": {"source": "18364153", "target": "18054056"}}, {"type": "Feature", "geometry": {"type": "LineString", "coordinates": [[-14.546609779555666, 57.275098720135574], [-14.563316194423379, 57.278242963540094]]}, "properties": {"source": "18364153", "target": "17876030"}}, {"type": "Feature", "geometry": {"type": "LineString", "coordinates": [[-14.546609779555666, 57.275098720135574], [-14.602647533593597, 57.27791233083963]]}, "properties": {"source": "18364153", "target": "17226501"}}, {"type": "Feature", "geometry": {"type": "LineString", "coordinates": [[-14.546609779555666, 57.275098720135574], [-14.537118949915083, 57.28030565453237]]}, "properties": {"source": "18364153", "target": "18190566"}}, {"type": "Feature", "geometry": {"type": "LineString", "coordinates": [[-14.546609779555666, 57.275098720135574], [-14.590049048613025, 57.2658623210022]]}, "properties": {"source": "18364153", "target": "17375956"}}, {"type": "Feature", "geometry": {"type": "LineString", "coordinates": [[-14.546609779555666, 57.275098720135574], [-14.625332853793168, 57.27745358493935]]}, "properties": {"source": "18364153", "target": "16114862"}}, {"type": "Feature", "geometry": {"type": "LineString", "coordinates": [[-14.612487120723586, 57.28357796895068], [-14.539689316833346, 57.270693488096924]]}, "properties": {"source": "17829764", "target": "18341046"}}, {"type": "Feature", "geometry": {"type": "LineString", "coordinates": [[-14.612487120723586, 57.28357796895068], [-14.55598424639922, 57.27141486431326]]}, "properties": {"source": "17829764", "target": "18375518"}}, {"type": "Feature", "geometry": {"type": "LineString", "coordinates": [[-14.612487120723586, 57.28357796895068], [-14.582798578274549, 57.274408462399904]]}, "properties": {"source": "17829764", "target": "18468103"}}, {"type": "Feature", "geometry": {"type": "LineString", "coordinates": [[-14.611039762304046, 57.279443797041196], [-14.613981580628973, 57.27394834492556]]}, "properties": {"source": "25541245", "target": "22910368"}}, {"type": "Feature", "geometry": {"type": "LineString", "coordinates": [[-14.611039762304046, 57.279443797041196], [-14.595477083264655, 57.26900690157305]]}, "properties": {"source": "25541245", "target": "24654248"}}, {"type": "Feature", "geometry": {"type": "LineString", "coordinates": [[-14.611039762304046, 57.279443797041196], [-14.592842445384974, 57.27957885906669]]}, "properties": {"source": "25541245", "target": "27851148"}}, {"type": "Feature", "geometry": {"type": "LineString", "coordinates": [[-14.611039762304046, 57.279443797041196], [-14.591707394056726, 57.29234031342381]]}, "properties": {"source": "25541245", "target": "24669408"}}, {"type": "Feature", "geometry": {"type": "LineString", "coordinates": [[-14.611039762304046, 57.279443797041196], [-14.623136052512848, 57.28741344942465]]}, "properties": {"source": "25541245", "target": "24221306"}}, {"type": "Feature", "geometry": {"type": "LineString", "coordinates": [[-14.619205958723342, 57.2873251987768], [-14.58941071905673, 57.265728828526306]]}, "properties": {"source": "20737479", "target": "20629817"}}, {"type": "Feature", "geometry": {"type": "LineString", "coordinates": [[-14.619205958723342, 57.2873251987768], [-14.554833965102972, 57.269227024878546]]}, "properties": {"source": "20737479", "target": "20737487"}}, {"type": "Feature", "geometry": {"type": "LineString", "coordinates": [[-14.619205958723342, 57.2873251987768], [-14.568936901653444, 57.289934557136974]]}, "properties": {"source": "20737479", "target": "27930482"}}, {"type": "Feature", "geometry": {"type": "LineString", "coordinates": [[-14.5834469286672, 57.27472899714928], [-14.575348082733115, 57.28551578863859]]}, "properties": {"source": "20843860", "target": "21902610"}}, {"type": "Feature", "geometry": {"type": "LineString", "coordinates": [[-14.5834469286672, 57.27472899714928], [-14.573148149529118, 57.26601390993251]]}, "properties": {"source": "20843860", "target": "21902503"}}, {"type": "Feature", "geometry": {"type": "LineString", "coordinates": [[-14.5834469286672, 57.27472899714928], [-14.605671534770067, 57.279638297127406]]}, "properties": {"source": "20843860", "target": "20549525"}}, {"type": "Feature", "geometry": {"type": "LineString", "coordinates": [[-14.5834469286672, 57.27472899714928], [-14.550443595970961, 57.26950046151573]]}, "properties": {"source": "20843860", "target": "21483120"}}, {"type": "Feature", "geometry": {"type": "LineString", "coordinates": [[-14.5834469286672, 57.27472899714928], [-14.552977874518604, 57.280253288045046]]}, "properties": {"source": "20843860", "target": "19068786"}}, {"type": "Feature", "geometry": {"type": "LineString", "coordinates": [[-14.568355534410614, 57.26736684224291], [-14.54755597012462, 57.29036134249077]]}, "properties": {"source": "18131119", "target": "20414715"}}, {"type": "Feature", "geometry": {"type": "LineString", "coordinates": [[-14.568355534410614, 57.26736684224291], [-14.56478207445133, 57.26451902933293]]}, "properties": {"source": "18131119", "target": "18241159"}}, {"type": "Feature", "geometry": {"type": "LineString", "coordinates": [[-14.568355534410614, 57.26736684224291], [-14.558215051770702, 57.264375429005824]]}, "properties": {"source": "18131119", "target": "18069234"}}, {"type": "Feature", "geometry": {"type": "LineString", "coordinates": [[-14.568355534410614, 57.26736684224291], [-14.544820967572122, 57.294075654234234]]}, "properties": {"source": "18131119", "target": "18040069"}}, {"type": "Feature", "geometry": {"type": "LineString", "coordinates": [[-14.568355534410614, 57.26736684224291], [-14.544850594936577, 57.28094327597634]]}, "properties": {"source": "18131119", "target": "18835734"}}, {"type": "Feature", "geometry": {"type": "LineString", "coordinates": [[-14.568355534410614, 57.26736684224291], [-14.54165812653659, 57.273734647265044]]}, "properties": {"source": "18131119", "target": "21518679"}}, {"type": "Feature", "geometry": {"type": "LineString", "coordinates": [[-14.585175506771265, 57.291485096045164], [-14.594704617484553, 57.277044975186584]]}, "properties": {"source": "23173003", "target": "24655681"}}, {"type": "Feature", "geometry": {"type": "LineString", "coordinates": [[-14.585175506771265, 57.291485096045164], [-14.548917708157205, 57.277827602703724]]}, "properties": {"source": "23173003", "target": "23622173"}}, {"type": "Feature", "geometry": {"type": "LineString", "coordinates": [[-14.552287740125678, 57.28547256818197], [-14.606144105093534, 57.28652813176521]]}, "properties": {"source": "18401170", "target": "18183848"}}, {"type": "Feature", "geometry": {"type": "LineString", "coordinates": [[-14.551021512078108, 57.29096018122823], [-14.594704617484553, 57.277044975186584]]}, "properties": {"source": "20497619", "target": "24655681"}}, {"type": "Feature", "geometry": {"type": "LineString", "coordinates": [[-14.551021512078108, 57.29096018122823], [-14.620673848037654, 57.27271940071695]]}, "properties": {"source": "20497619", "target": "26312175"}}, {"type": "Feature", "geometry": {"type": "LineString", "coordinates": [[-14.551021512078108, 57.29096018122823], [-14.575452225524572, 57.28330300435431]]}, "properties": {"source": "20497619", "target": "23761744"}}, {"type": "Feature", "geometry": {"type": "LineString", "coordinates": [[-14.551021512078108, 57.29096018122823], [-14.556970450724975, 57.27625718603662]]}, "properties": {"source": "20497619", "target": "26312198"}}, {"type": "Feature", "geometry": {"type": "LineString", "coordinates": [[-14.551021512078108, 57.29096018122823], [-14.609839340541612, 57.292040809945604]]}, "properties": {"source": "20497619", "target": "28438267"}}, {"type": "Feature", "geometry": {"type": "LineString", "coordinates": [[-14.551021512078108, 57.29096018122823], [-14.61986338619991, 57.27740114800014]]}, "properties": {"source": "20497619", "target": "22838811"}}, {"type": "Feature", "geometry": {"type": "LineString", "coordinates": [[-14.551021512078108, 57.29096018122823], [-14.603615351848077, 57.28797075760296]]}, "properties": {"source": "20497619", "target": "20497616"}}, {"type": "Feature", "geometry": {"type": "LineString", "coordinates": [[-14.593353631998013, 57.26884970093498], [-14.623091903210963, 57.27231636368069]]}, "properties": {"source": "27805860", "target": "28475027"}}, {"type": "Feature", "geometry": {"type": "LineString", "coordinates": [[-14.593353631998013, 57.26884970093498], [-14.590844835937588, 57.27492349667024]]}, "properties": {"source": "27805860", "target": "28096326"}}, {"type": "Feature", "geometry": {"type": "LineString", "coordinates": [[-14.593353631998013, 57.26884970093498], [-14.560274628523302, 57.28872198969471]]}, "properties": {"source": "27805860", "target": "22083637"}}, {"type": "Feature", "geometry": {"type": "LineString", "coordinates": [[-14.593353631998013, 57.26884970093498], [-14.59712870987866, 57.28561463514946]]}, "properties": {"source": "27805860", "target": "27221238"}}, {"type": "Feature", "geometry": {"type": "LineString", "coordinates": [[-14.593353631998013, 57.26884970093498], [-14.596949960317772, 57.27336300310961]]}, "properties": {"source": "27805860", "target": "32909903"}}, {"type": "Feature", "geometry": {"type": "LineString", "coordinates": [[-14.611339732644723, 57.286921271401624], [-14.579175753503677, 57.28541045503897]]}, "properties": {"source": "23447383", "target": "22585874"}}, {"type": "Feature", "geometry": {"type": "LineString", "coordinates": [[-14.611339732644723, 57.286921271401624], [-14.617880079485616, 57.268196234818845]]}, "properties": {"source": "23447383", "target": "21528220"}}, {"type": "Feature", "geometry": {"type": "LineString", "coordinates": [[-14.611339732644723, 57.286921271401624], [-14.625211857997556, 57.284776494987426]]}, "properties": {"source": "23447383", "target": "35570300"}}, {"type": "Feature", "geometry": {"type": "LineString", "coordinates": [[-14.579357492487986, 57.28159851857562], [-14.56166862902296, 57.281000114695146]]}, "properties": {"source": "18076876", "target": "17926109"}}, {"type": "Feature", "geometry": {"type": "LineString", "coordinates": [[-14.579357492487986, 57.28159851857562], [-14.603582424098164, 57.28946965795285]]}, "properties": {"source": "18076876", "target": "17926108"}}, {"type": "Feature", "geometry": {"type": "LineString", "coordinates": [[-14.579357492487986, 57.28159851857562], [-14.568840830539813, 57.27312420304028]]}, "properties": {"source": "18076876", "target": "17976745"}}, {"type": "Feature", "geometry": {"type": "LineString", "coordinates": [[-14.579357492487986, 57.28159851857562], [-14.563316194423379, 57.278242963540094]]}, "properties": {"source": "18076876", "target": "17876030"}}, {"type": "Feature", "geometry": {"type": "LineString", "coordinates": [[-14.579357492487986, 57.28159851857562], [-14.590049048613025, 57.2658623210022]]}, "properties": {"source": "18076876", "target": "17375956"}}, {"type": "Feature", "geometry": {"type": "LineString", "coordinates": [[-14.579357492487986, 57.28159851857562], [-14.625332853793168, 57.27745358493935]]}, "properties": {"source": "18076876", "target": "16114862"}}, {"type": "Feature", "geometry": {"type": "LineString", "coordinates": [[-14.579357492487986, 57.28159851857562], [-14.622128170805894, 57.29028595678788]]}, "properties": {"source": "18076876", "target": "17727180"}}, {"type": "Feature", "geometry": {"type": "LineString", "coordinates": [[-14.579357492487986, 57.28159851857562], [-14.558215051770702, 57.264375429005824]]}, "properties": {"source": "18076876", "target": "18069234"}}, {"type": "Feature", "geometry": {"type": "LineString", "coordinates": [[-14.552977874518604, 57.280253288045046], [-14.60853342626362, 57.2891268521754]]}, "properties": {"source": "19068786", "target": "22854806"}}, {"type": "Feature", "geometry": {"type": "LineString", "coordinates": [[-14.568567924973024, 57.283905463267686], [-14.602887376460217, 57.270492285900275]]}, "properties": {"source": "24582414", "target": "22068620"}}, {"type": "Feature", "geometry": {"type": "LineString", "coordinates": [[-14.568567924973024, 57.283905463267686], [-14.579357492487986, 57.28159851857562]]}, "properties": {"source": "24582414", "target": "18076876"}}, {"type": "Feature", "geometry": {"type": "LineString", "coordinates": [[-14.568567924973024, 57.283905463267686], [-14.623569671476304, 57.26974711467997]]}, "properties": {"source": "24582414", "target": "20821294"}}, {"type": "Feature", "geometry": {"type": "LineString", "coordinates": [[-14.568567924973024, 57.283905463267686], [-14.599993876341927, 57.26642400487985]]}, "properties": {"source": "24582414", "target": "23259118"}}, {"type": "Feature", "geometry": {"type": "LineString", "coordinates": [[-14.568567924973024, 57.283905463267686], [-14.61766947399326, 57.27288719784934]]}, "properties": {"source": "24582414", "target": "26538415"}}, {"type": "Feature", "geometry": {"type": "LineString", "coordinates": [[-14.568567924973024, 57.283905463267686], [-14.56896553730411, 57.27146970041038]]}, "properties": {"source": "24582414", "target": "21853688"}}, {"type": "Feature", "geometry": {"type": "LineString", "coordinates": [[-14.568567924973024, 57.283905463267686], [-14.582241335555864, 57.28566964555969]]}, "properties": {"source": "24582414", "target": "24582443"}}, {"type": "Feature", "geometry": {"type": "LineString", "coordinates": [[-14.542244902634195, 57.28056412544872], [-14.536373985516235, 57.28070387351056]]}, "properties": {"source": "25595331", "target": "23663677"}}, {"type": "Feature", "geometry": {"type": "LineString", "coordinates": [[-14.542244902634195, 57.28056412544872], [-14.595477083264655, 57.26900690157305]]}, "properties": {"source": "25595331", "target": "24654248"}}, {"type": "Feature", "geometry": {"type": "LineString", "coordinates": [[-14.542244902634195, 57.28056412544872], [-14.592842445384974, 57.27957885906669]]}, "properties": {"source": "25595331", "target": "27851148"}}, {"type": "Feature", "geometry": {"type": "LineString", "coordinates": [[-14.542244902634195, 57.28056412544872], [-14.623136052512848, 57.28741344942465]]}, "properties": {"source": "25595331", "target": "24221306"}}, {"type": "Feature", "geometry": {"type": "LineString", "coordinates": [[-14.585081690350563, 57.28656188400362], [-14.575686161460993, 57.277409036968976]]}, "properties": {"source": "23161447", "target": "23989100"}}, {"type": "Feature", "geometry": {"type": "LineString", "coordinates": [[-14.585081690350563, 57.28656188400362], [-14.548269177155078, 57.29309402942458]]}, "properties": {"source": "23161447", "target": "25968411"}}, {"type": "Feature", "geometry": {"type": "LineString", "coordinates": [[-14.585081690350563, 57.28656188400362], [-14.549220863268516, 57.286872920876505]]}, "properties": {"source": "23161447", "target": "31122752"}}, {"type": "Feature", "geometry": {"type": "LineString", "coordinates": [[-14.542244902634195, 57.28056412544872], [-14.611039762304046, 57.279443797041196]]}, "properties": {"source": "25595331", "target": "25541245"}}, {"type": "Feature", "geometry": {"type": "LineString", "coordinates": [[-14.562524691145654, 57.28391571273498], [-14.602887376460217, 57.270492285900275]]}, "properties": {"source": "21865128", "target": "22068620"}}, {"type": "Feature", "geometry": {"type": "LineString", "coordinates": [[-14.562524691145654, 57.28391571273498], [-14.59112937914287, 57.27723799975361]]}, "properties": {"source": "21865128", "target": "22589352"}}, {"type": "Feature", "geometry": {"type": "LineString", "coordinates": [[-14.562524691145654, 57.28391571273498], [-14.582595693918506, 57.28893057909434]]}, "properties": {"source": "21865128", "target": "23269991"}}, {"type": "Feature", "geometry": {"type": "LineString", "coordinates": [[-14.562524691145654, 57.28391571273498], [-14.574366220245253, 57.272931764903774]]}, "properties": {"source": "21865128", "target": "23010184"}}, {"type": "Feature", "geometry": {"type": "LineString", "coordinates": [[-14.562524691145654, 57.28391571273498], [-14.611699975299757, 57.273579071276814]]}, "properties": {"source": "21865128", "target": "22430842"}}, {"type": "Feature", "geometry": {"type": "LineString", "coordinates": [[-14.562524691145654, 57.28391571273498], [-14.617615445639018, 57.26918606200002]]}, "properties": {"source": "21865128", "target": "23612689"}}, {"type": "Feature", "geometry": {"type": "LineString", "coordinates": [[-14.562524691145654, 57.28391571273498], [-14.538070736168436, 57.267056789126]]}, "properties": {"source": "21865128", "target": "23287381"}}, {"type": "Feature", "geometry": {"type": "LineString", "coordinates": [[-14.562524691145654, 57.28391571273498], [-14.558901380895719, 57.28943783509776]]}, "properties": {"source": "21865128", "target": "20985987"}}, {"type": "Feature", "geometry": {"type": "LineString", "coordinates": [[-14.5703340780303, 57.268711105929356], [-14.568840830539813, 57.27312420304028]]}, "properties": {"source": "17969685", "target": "17976745"}}, {"type": "Feature", "geometry": {"type": "LineString", "coordinates": [[-14.5703340780303, 57.268711105929356], [-14.55041826596181, 57.27552063136771]]}, "properties": {"source": "17969685", "target": "18054056"}}, {"type": "Feature", "geometry": {"type": "LineString", "coordinates": [[-14.5703340780303, 57.268711105929356], [-14.563316194423379, 57.278242963540094]]}, "properties": {"source": "17969685", "target": "17876030"}}, {"type": "Feature", "geometry": {"type": "LineString", "coordinates": [[-14.5703340780303, 57.268711105929356], [-14.602647533593597, 57.27791233083963]]}, "properties": {"source": "17969685", "target": "17226501"}}, {"type": "Feature", "geometry": {"type": "LineString", "coordinates": [[-14.5703340780303, 57.268711105929356], [-14.537118949915083, 57.28030565453237]]}, "properties": {"source": "17969685", "target": "18190566"}}, {"type": "Feature", "geometry": {"type": "LineString", "coordinates": [[-14.5703340780303, 57.268711105929356], [-14.561096142655202, 57.26474660678626]]}, "properties": {"source": "17969685", "target": "18622604"}}, {"type": "Feature", "geometry": {"type": "LineString", "coordinates": [[-14.5703340780303, 57.268711105929356], [-14.576344346472894, 57.29177636477499]]}, "properties": {"source": "17969685", "target": "16165667"}}, {"type": "Feature", "geometry": {"type": "LineString", "coordinates": [[-14.558901380895719, 57.28943783509776], [-14.575348082733115, 57.28551578863859]]}, "properties": {"source": "20985987", "target": "21902610"}}, {"type": "Feature", "geometry": {"type": "LineString", "coordinates": [[-14.558901380895719, 57.28943783509776], [-14.602887376460217, 57.270492285900275]]}, "properties": {"source": "20985987", "target": "22068620"}}, {"type": "Feature", "geometry": {"type": "LineString", "coordinates": [[-14.558901380895719, 57.28943783509776], [-14.59112937914287, 57.27723799975361]]}, "properties": {"source": "20985987", "target": "22589352"}}, {"type": "Feature", "geometry": {"type": "LineString", "coordinates": [[-14.558901380895719, 57.28943783509776], [-14.61986338619991, 57.27740114800014]]}, "properties": {"source": "20985987", "target": "22838811"}}, {"type": "Feature", "geometry": {"type": "LineString", "coordinates": [[-14.558901380895719, 57.28943783509776], [-14.603615351848077, 57.28797075760296]]}, "properties": {"source": "20985987", "target": "20497616"}}, {"type": "Feature", "geometry": {"type": "LineString", "coordinates": [[-14.558901380895719, 57.28943783509776], [-14.541977796370304, 57.290802049394884]]}, "properties": {"source": "20985987", "target": "20884636"}}, {"type": "Feature", "geometry": {"type": "LineString", "coordinates": [[-14.558901380895719, 57.28943783509776], [-14.579769272527017, 57.28524234533418]]}, "properties": {"source": "20985987", "target": "20553451"}}, {"type": "Feature", "geometry": {"type": "LineString", "coordinates": [[-14.558901380895719, 57.28943783509776], [-14.585175506771265, 57.291485096045164]]}, "properties": {"source": "20985987", "target": "23173003"}}, {"type": "Feature", "geometry": {"type": "LineString", "coordinates": [[-14.558901380895719, 57.28943783509776], [-14.595484863518806, 57.266466919328465]]}, "properties": {"source": "20985987", "target": "20497609"}}, {"type": "Feature", "geometry": {"type": "LineString", "coordinates": [[-14.575686161460993, 57.277409036968976], [-14.611258579312562, 57.26751339990574]]}, "properties": {"source": "23989100", "target": "25968516"}}, {"type": "Feature", "geometry": {"type": "LineString", "coordinates": [[-14.552977874518604, 57.280253288045046], [-14.602887376460217, 57.270492285900275]]}, "properties": {"source": "19068786", "target": "22068620"}}, {"type": "Feature", "geometry": {"type": "LineString", "coordinates": [[-14.552977874518604, 57.280253288045046], [-14.623569671476304, 57.26974711467997]]}, "properties": {"source": "19068786", "target": "20821294"}}, {"type": "Feature", "geometry": {"type": "LineString", "coordinates": [[-14.552977874518604, 57.280253288045046], [-14.605671534770067, 57.279638297127406]]}, "properties": {"source": "19068786", "target": "20549525"}}, {"type": "Feature", "geometry": {"type": "LineString", "coordinates": [[-14.552977874518604, 57.280253288045046], [-14.58519309386196, 57.27255013646672]]}, "properties": {"source": "19068786", "target": "18686810"}}, {"type": "Feature", "geometry": {"type": "LineString", "coordinates": [[-14.552977874518604, 57.280253288045046], [-14.577821317102945, 57.267402206075005]]}, "properties": {"source": "19068786", "target": "19569028"}}, {"type": "Feature", "geometry": {"type": "LineString", "coordinates": [[-14.552977874518604, 57.280253288045046], [-14.620514347332062, 57.26505574558759]]}, "properties": {"source": "19068786", "target": "18808407"}}, {"type": "Feature", "geometry": {"type": "LineString", "coordinates": [[-14.552977874518604, 57.280253288045046], [-14.602416303435376, 57.28410885262848]]}, "properties": {"source": "19068786", "target": "18715733"}}, {"type": "Feature", "geometry": {"type": "LineString", "coordinates": [[-14.591373952933083, 57.27118850459827], [-14.611630359992091, 57.289434317015335]]}, "properties": {"source": "24151121", "target": "29405105"}}, {"type": "Feature", "geometry": {"type": "LineString", "coordinates": [[-14.591373952933083, 57.27118850459827], [-14.554833965102972, 57.269227024878546]]}, "properties": {"source": "24151121", "target": "20737487"}}, {"type": "Feature", "geometry": {"type": "LineString", "coordinates": [[-14.546609779555666, 57.275098720135574], [-14.59112937914287, 57.27723799975361]]}, "properties": {"source": "18364153", "target": "22589352"}}, {"type": "Feature", "geometry": {"type": "LineString", "coordinates": [[-14.546609779555666, 57.275098720135574], [-14.56991189848361, 57.28589004795742]]}, "properties": {"source": "18364153", "target": "18211118"}}, {"type": "Feature", "geometry": {"type": "LineString", "coordinates": [[-14.546609779555666, 57.275098720135574], [-14.574366220245253, 57.272931764903774]]}, "properties": {"source": "18364153", "target": "23010184"}}, {"type": "Feature", "geometry": {"type": "LineString", "coordinates": [[-14.546609779555666, 57.275098720135574], [-14.565321907643153, 57.2827171885921]]}, "properties": {"source": "18364153", "target": "18743467"}}, {"type": "Feature", "geometry": {"type": "LineString", "coordinates": [[-14.546609779555666, 57.275098720135574], [-14.564955038662049, 57.279815856102644]]}, "properties": {"source": "18364153", "target": "18605047"}}, {"type": "Feature", "geometry": {"type": "LineString", "coordinates": [[-14.546609779555666, 57.275098720135574], [-14.56166862902296, 57.281000114695146]]}, "properties": {"source": "18364153", "target": "17926109"}}, {"type": "Feature", "geometry": {"type": "LineString", "coordinates": [[-14.605898314570396, 57.293370862838856], [-14.547749962413747, 57.288757176766026]]}, "properties": {"source": "28821417", "target": "25550961"}}, {"type": "Feature", "geometry": {"type": "LineString", "coordinates": [[-14.605898314570396, 57.293370862838856], [-14.538434119863638, 57.27977074163924]]}, "properties": {"source": "28821417", "target": "25392083"}}, {"type": "Feature", "geometry": {"type": "LineString", "coordinates": [[-14.605898314570396, 57.293370862838856], [-14.548698490966757, 57.27443163521045]]}, "properties": {"source": "28821417", "target": "27274306"}}, {"type": "Feature", "geometry": {"type": "LineString", "coordinates": [[-14.605898314570396, 57.293370862838856], [-14.593805532525579, 57.28873838111768]]}, "properties": {"source": "28821417", "target": "27274305"}}, {"type": "Feature", "geometry": {"type": "LineString", "coordinates": [[-14.605898314570396, 57.293370862838856], [-14.592842445384974, 57.27957885906669]]}, "properties": {"source": "28821417", "target": "27851148"}}, {"type": "Feature", "geometry": {"type": "LineString", "coordinates": [[-14.605898314570396, 57.293370862838856], [-14.583137014295602, 57.27512211675467]]}, "properties": {"source": "28821417", "target": "36119169"}}, {"type": "Feature", "geometry": {"type": "LineString", "coordinates": [[-14.573148149529118, 57.26601390993251], [-14.575348082733115, 57.28551578863859]]}, "properties": {"source": "21902503", "target": "21902610"}}, {"type": "Feature", "geometry": {"type": "LineString", "coordinates": [[-14.573148149529118, 57.26601390993251], [-14.59356467813717, 57.27735284531124]]}, "properties": {"source": "21902503", "target": "23375508"}}, {"type": "Feature", "geometry": {"type": "LineString", "coordinates": [[-14.544352324845136, 57.26654044550153], [-14.610112273651197, 57.28852600281655]]}, "properties": {"source": "22613246", "target": "28012921"}}, {"type": "Feature", "geometry": {"type": "LineString", "coordinates": [[-14.544352324845136, 57.26654044550153], [-14.553077835713424, 57.27101371809863]]}, "properties": {"source": "22613246", "target": "18192699"}}, {"type": "Feature", "geometry": {"type": "LineString", "coordinates": [[-14.544352324845136, 57.26654044550153], [-14.564955038662049, 57.279815856102644]]}, "properties": {"source": "22613246", "target": "18605047"}}, {"type": "Feature", "geometry": {"type": "LineString", "coordinates": [[-14.544352324845136, 57.26654044550153], [-14.55041826596181, 57.27552063136771]]}, "properties": {"source": "22613246", "target": "18054056"}}, {"type": "Feature", "geometry": {"type": "LineString", "coordinates": [[-14.544352324845136, 57.26654044550153], [-14.560274628523302, 57.28872198969471]]}, "properties": {"source": "22613246", "target": "22083637"}}, {"type": "Feature", "geometry": {"type": "LineString", "coordinates": [[-14.544352324845136, 57.26654044550153], [-14.579175753503677, 57.28541045503897]]}, "properties": {"source": "22613246", "target": "22585874"}}, {"type": "Feature", "geometry": {"type": "LineString", "coordinates": [[-14.544352324845136, 57.26654044550153], [-14.618339271505675, 57.2883768800272]]}, "properties": {"source": "22613246", "target": "18405928"}}, {"type": "Feature", "geometry": {"type": "LineString", "coordinates": [[-14.544352324845136, 57.26654044550153], [-14.602416303435376, 57.28410885262848]]}, "properties": {"source": "22613246", "target": "18715733"}}, {"type": "Feature", "geometry": {"type": "LineString", "coordinates": [[-14.577329952798863, 57.267215804919104], [-14.58608575917745, 57.26696540566404]]}, "properties": {"source": "35398601", "target": "35619967"}}, {"type": "Feature", "geometry": {"type": "LineString", "coordinates": [[-14.596077904486435, 57.271882809837265], [-14.568166872183582, 57.29439076057122]]}, "properties": {"source": "24804665", "target": "23662114"}}, {"type": "Feature", "geometry": {"type": "LineString", "coordinates": [[-14.596077904486435, 57.271882809837265], [-14.538294537087125, 57.27231916457335]]}, "properties": {"source": "24804665", "target": "26252172"}}, {"type": "Feature", "geometry": {"type": "LineString", "coordinates": [[-14.605431502773598, 57.283660954081114], [-14.590844835937588, 57.27492349667024]]}, "properties": {"source": "23574611", "target": "28096326"}}, {"type": "Feature", "geometry": {"type": "LineString", "coordinates": [[-14.609669169976769, 57.2718850538438], [-14.539297066191722, 57.27369256864941]]}, "properties": {"source": "20497027", "target": "18457632"}}, {"type": "Feature", "geometry": {"type": "LineString", "coordinates": [[-14.623136052512848, 57.28741344942465], [-14.594704617484553, 57.277044975186584]]}, "properties": {"source": "24221306", "target": "24655681"}}, {"type": "Feature", "geometry": {"type": "LineString", "coordinates": [[-14.546621667593257, 57.28398693470881], [-14.58203664817961, 57.28894796968166]]}, "properties": {"source": "34792185", "target": "34834103"}}, {"type": "Feature", "geometry": {"type": "LineString", "coordinates": [[-14.575200839942994, 57.272195891958404], [-14.603582424098164, 57.28946965795285]]}, "properties": {"source": "16117488", "target": "17926108"}}, {"type": "Feature", "geometry": {"type": "LineString", "coordinates": [[-14.55598424639922, 57.27141486431326], [-14.560274628523302, 57.28872198969471]]}, "properties": {"source": "18375518", "target": "22083637"}}, {"type": "Feature", "geometry": {"type": "LineString", "coordinates": [[-14.55598424639922, 57.27141486431326], [-14.611705234616494, 57.27464977589548]]}, "properties": {"source": "18375518", "target": "21473305"}}, {"type": "Feature", "geometry": {"type": "LineString", "coordinates": [[-14.55598424639922, 57.27141486431326], [-14.560988087491808, 57.27193997935099]]}, "properties": {"source": "18375518", "target": "17832986"}}, {"type": "Feature", "geometry": {"type": "LineString", "coordinates": [[-14.55598424639922, 57.27141486431326], [-14.569551255401421, 57.26798515209627]]}, "properties": {"source": "18375518", "target": "17832415"}}, {"type": "Feature", "geometry": {"type": "LineString", "coordinates": [[-14.55598424639922, 57.27141486431326], [-14.59540847219563, 57.28001375336714]]}, "properties": {"source": "18375518", "target": "18269958"}}, {"type": "Feature", "geometry": {"type": "LineString", "coordinates": [[-14.602647533593597, 57.27791233083963], [-14.541563889169964, 57.293864809343106]]}, "properties": {"source": "17226501", "target": "17190349"}}, {"type": "Feature", "geometry": {"type": "LineString", "coordinates": [[-14.560274628523302, 57.28872198969471], [-14.59712870987866, 57.28561463514946]]}, "properties": {"source": "22083637", "target": "27221238"}}, {"type": "Feature", "geometry": {"type": "LineString", "coordinates": [[-14.581309784175005, 57.26856242942286], [-14.573969313937766, 57.28578369800283]]}, "properties": {"source": "25170969", "target": "25763989"}}, {"type": "Feature", "geometry": {"type": "LineString", "coordinates": [[-14.573148149529118, 57.26601390993251], [-14.605671534770067, 57.279638297127406]]}, "properties": {"source": "21902503", "target": "20549525"}}, {"type": "Feature", "geometry": {"type": "LineString", "coordinates": [[-14.573148149529118, 57.26601390993251], [-14.586671832913424, 57.28313260872574]]}, "properties": {"source": "21902503", "target": "20943984"}}, {"type": "Feature", "geometry": {"type": "LineString", "coordinates": [[-14.573148149529118, 57.26601390993251], [-14.617646544969375, 57.280924568492]]}, "properties": {"source": "21902503", "target": "20262760"}}, {"type": "Feature", "geometry": {"type": "LineString", "coordinates": [[-14.573148149529118, 57.26601390993251], [-14.618339271505675, 57.2883768800272]]}, "properties": {"source": "21902503", "target": "18405928"}}, {"type": "Feature", "geometry": {"type": "LineString", "coordinates": [[-14.573148149529118, 57.26601390993251], [-14.617880079485616, 57.268196234818845]]}, "properties": {"source": "21902503", "target": "21528220"}}, {"type": "Feature", "geometry": {"type": "LineString", "coordinates": [[-14.573148149529118, 57.26601390993251], [-14.602416303435376, 57.28410885262848]]}, "properties": {"source": "21902503", "target": "18715733"}}, {"type": "Feature", "geometry": {"type": "LineString", "coordinates": [[-14.573148149529118, 57.26601390993251], [-14.612928626432733, 57.27796240255134]]}, "properties": {"source": "21902503", "target": "20745142"}}, {"type": "Feature", "geometry": {"type": "LineString", "coordinates": [[-14.548917708157205, 57.277827602703724], [-14.594704617484553, 57.277044975186584]]}, "properties": {"source": "23622173", "target": "24655681"}}, {"type": "Feature", "geometry": {"type": "LineString", "coordinates": [[-14.595484863518806, 57.266466919328465], [-14.548917708157205, 57.277827602703724]]}, "properties": {"source": "20497609", "target": "23622173"}}, {"type": "Feature", "geometry": {"type": "LineString", "coordinates": [[-14.595484863518806, 57.266466919328465], [-14.61986338619991, 57.27740114800014]]}, "properties": {"source": "20497609", "target": "22838811"}}, {"type": "Feature", "geometry": {"type": "LineString", "coordinates": [[-14.595484863518806, 57.266466919328465], [-14.603615351848077, 57.28797075760296]]}, "properties": {"source": "20497609", "target": "20497616"}}, {"type": "Feature", "geometry": {"type": "LineString", "coordinates": [[-14.595484863518806, 57.266466919328465], [-14.578754039358898, 57.29333771775211]]}, "properties": {"source": "20497609", "target": "22853093"}}, {"type": "Feature", "geometry": {"type": "LineString", "coordinates": [[-14.595484863518806, 57.266466919328465], [-14.541556992140556, 57.268933283442394]]}, "properties": {"source": "20497609", "target": "22840041"}}, {"type": "Feature", "geometry": {"type": "LineString", "coordinates": [[-14.595484863518806, 57.266466919328465], [-14.563497128362343, 57.27834717727691]]}, "properties": {"source": "20497609", "target": "18517009"}}, {"type": "Feature", "geometry": {"type": "LineString", "coordinates": [[-14.625332853793168, 57.27745358493935], [-14.603582424098164, 57.28946965795285]]}, "properties": {"source": "16114862", "target": "17926108"}}, {"type": "Feature", "geometry": {"type": "LineString", "coordinates": [[-14.625332853793168, 57.27745358493935], [-14.590049048613025, 57.2658623210022]]}, "properties": {"source": "16114862", "target": "17375956"}}, {"type": "Feature", "geometry": {"type": "LineString", "coordinates": [[-14.594809226161743, 57.28382486619776], [-14.573969313937766, 57.28578369800283]]}, "properties": {"source": "30195145", "target": "25763989"}}, {"type": "Feature", "geometry": {"type": "LineString", "coordinates": [[-14.594809226161743, 57.28382486619776], [-14.597993074979883, 57.288670374526916]]}, "properties": {"source": "30195145", "target": "26838703"}}, {"type": "Feature", "geometry": {"type": "LineString", "coordinates": [[-14.594809226161743, 57.28382486619776], [-14.622948453900278, 57.27452265525841]]}, "properties": {"source": "30195145", "target": "25234004"}}, {"type": "Feature", "geometry": {"type": "LineString", "coordinates": [[-14.594809226161743, 57.28382486619776], [-14.538366164444767, 57.28567480830435]]}, "properties": {"source": "30195145", "target": "25906956"}}, {"type": "Feature", "geometry": {"type": "LineString", "coordinates": [[-14.594809226161743, 57.28382486619776], [-14.557267192962883, 57.26439579445902]]}, "properties": {"source": "30195145", "target": "25865290"}}, {"type": "Feature", "geometry": {"type": "LineString", "coordinates": [[-14.594809226161743, 57.28382486619776], [-14.57450390773701, 57.280248355719365]]}, "properties": {"source": "30195145", "target": "22884603"}}, {"type": "Feature", "geometry": {"type": "LineString", "coordinates": [[-14.594809226161743, 57.28382486619776], [-14.56976225600883, 57.26834950256992]]}, "properties": {"source": "30195145", "target": "23471550"}}, {"type": "Feature", "geometry": {"type": "LineString", "coordinates": [[-14.594809226161743, 57.28382486619776], [-14.58171483934575, 57.27876772071242]]}, "properties": {"source": "30195145", "target": "23471558"}}, {"type": "Feature", "geometry": {"type": "LineString", "coordinates": [[-14.618811085116477, 57.26765867290054], [-14.558215051770702, 57.264375429005824]]}, "properties": {"source": "18241166", "target": "18069234"}}, {"type": "Feature", "geometry": {"type": "LineString", "coordinates": [[-14.618811085116477, 57.26765867290054], [-14.544820967572122, 57.294075654234234]]}, "properties": {"source": "18241166", "target": "18040069"}}, {"type": "Feature", "geometry": {"type": "LineString", "coordinates": [[-14.539297066191722, 57.27369256864941], [-14.587235554895926, 57.292017798719314]]}, "properties": {"source": "18457632", "target": "18781540"}}, {"type": "Feature", "geometry": {"type": "LineString", "coordinates": [[-14.539297066191722, 57.27369256864941], [-14.61662184268522, 57.26551705374092]]}, "properties": {"source": "18457632", "target": "18692169"}}, {"type": "Feature", "geometry": {"type": "LineString", "coordinates": [[-14.539297066191722, 57.27369256864941], [-14.557240056372763, 57.286360032067066]]}, "properties": {"source": "18457632", "target": "23437061"}}, {"type": "Feature", "geometry": {"type": "LineString", "coordinates": [[-14.61766947399326, 57.27288719784934], [-14.610112273651197, 57.28852600281655]]}, "properties": {"source": "26538415", "target": "28012921"}}, {"type": "Feature", "geometry": {"type": "LineString", "coordinates": [[-14.61766947399326, 57.27288719784934], [-14.582241335555864, 57.28566964555969]]}, "properties": {"source": "26538415", "target": "24582443"}}, {"type": "Feature", "geometry": {"type": "LineString", "coordinates": [[-14.595477083264655, 57.26900690157305], [-14.594704617484553, 57.277044975186584]]}, "properties": {"source": "24654248", "target": "24655681"}}, {"type": "Feature", "geometry": {"type": "LineString", "coordinates": [[-14.614992362156585, 57.26512845758438], [-14.560274628523302, 57.28872198969471]]}, "properties": {"source": "29503163", "target": "22083637"}}, {"type": "Feature", "geometry": {"type": "LineString", "coordinates": [[-14.614992362156585, 57.26512845758438], [-14.593353631998013, 57.26884970093498]]}, "properties": {"source": "29503163", "target": "27805860"}}, {"type": "Feature", "geometry": {"type": "LineString", "coordinates": [[-14.614992362156585, 57.26512845758438], [-14.59712870987866, 57.28561463514946]]}, "properties": {"source": "29503163", "target": "27221238"}}, {"type": "Feature", "geometry": {"type": "LineString", "coordinates": [[-14.614992362156585, 57.26512845758438], [-14.548698490966757, 57.27443163521045]]}, "properties": {"source": "29503163", "target": "27274306"}}, {"type": "Feature", "geometry": {"type": "LineString", "coordinates": [[-14.614992362156585, 57.26512845758438], [-14.593805532525579, 57.28873838111768]]}, "properties": {"source": "29503163", "target": "27274305"}}, {"type": "Feature", "geometry": {"type": "LineString", "coordinates": [[-14.614992362156585, 57.26512845758438], [-14.565811807820097, 57.275956857844946]]}, "properties": {"source": "29503163", "target": "31222872"}}, {"type": "Feature", "geometry": {"type": "LineString", "coordinates": [[-14.614992362156585, 57.26512845758438], [-14.596949960317772, 57.27336300310961]]}, "properties": {"source": "29503163", "target": "32909903"}}, {"type": "Feature", "geometry": {"type": "LineString", "coordinates": [[-14.614992362156585, 57.26512845758438], [-14.539176149256491, 57.26574711634798]]}, "properties": {"source": "29503163", "target": "30111325"}}, {"type": "Feature", "geometry": {"type": "LineString", "coordinates": [[-14.59590501337371, 57.27174701745139], [-14.602887376460217, 57.270492285900275]]}, "properties": {"source": "20518655", "target": "22068620"}}, {"type": "Feature", "geometry": {"type": "LineString", "coordinates": [[-14.59590501337371, 57.27174701745139], [-14.623569671476304, 57.26974711467997]]}, "properties": {"source": "20518655", "target": "20821294"}}, {"type": "Feature", "geometry": {"type": "LineString", "coordinates": [[-14.59590501337371, 57.27174701745139], [-14.605671534770067, 57.279638297127406]]}, "properties": {"source": "20518655", "target": "20549525"}}, {"type": "Feature", "geometry": {"type": "LineString", "coordinates": [[-14.59590501337371, 57.27174701745139], [-14.552977874518604, 57.280253288045046]]}, "properties": {"source": "20518655", "target": "19068786"}}, {"type": "Feature", "geometry": {"type": "LineString", "coordinates": [[-14.59590501337371, 57.27174701745139], [-14.549524411994952, 57.2860343538736]]}, "properties": {"source": "20518655", "target": "18730386"}}, {"type": "Feature", "geometry": {"type": "LineString", "coordinates": [[-14.59590501337371, 57.27174701745139], [-14.60853342626362, 57.2891268521754]]}, "properties": {"source": "20518655", "target": "22854806"}}, {"type": "Feature", "geometry": {"type": "LineString", "coordinates": [[-14.582807044405655, 57.2835953407872], [-14.594704617484553, 57.277044975186584]]}, "properties": {"source": "23623746", "target": "24655681"}}, {"type": "Feature", "geometry": {"type": "LineString", "coordinates": [[-14.582807044405655, 57.2835953407872], [-14.575452225524572, 57.28330300435431]]}, "properties": {"source": "23623746", "target": "23761744"}}, {"type": "Feature", "geometry": {"type": "LineString", "coordinates": [[-14.556272599579842, 57.26641652321344], [-14.564410029703481, 57.277170522912485]]}, "properties": {"source": "19459671", "target": "18625453"}}, {"type": "Feature", "geometry": {"type": "LineString", "coordinates": [[-14.618811085116477, 57.26765867290054], [-14.535442786010833, 57.26466864361166]]}, "properties": {"source": "18241166", "target": "18340482"}}, {"type": "Feature", "geometry": {"type": "LineString", "coordinates": [[-14.618811085116477, 57.26765867290054], [-14.539689316833346, 57.270693488096924]]}, "properties": {"source": "18241166", "target": "18341046"}}, {"type": "Feature", "geometry": {"type": "LineString", "coordinates": [[-14.618811085116477, 57.26765867290054], [-14.568355534410614, 57.26736684224291]]}, "properties": {"source": "18241166", "target": "18131119"}}, {"type": "Feature", "geometry": {"type": "LineString", "coordinates": [[-14.618811085116477, 57.26765867290054], [-14.565961945033877, 57.2798057816466]]}, "properties": {"source": "18241166", "target": "18131118"}}, {"type": "Feature", "geometry": {"type": "LineString", "coordinates": [[-14.618811085116477, 57.26765867290054], [-14.54755597012462, 57.29036134249077]]}, "properties": {"source": "18241166", "target": "20414715"}}, {"type": "Feature", "geometry": {"type": "LineString", "coordinates": [[-14.618811085116477, 57.26765867290054], [-14.56478207445133, 57.26451902933293]]}, "properties": {"source": "18241166", "target": "18241159"}}, {"type": "Feature", "geometry": {"type": "LineString", "coordinates": [[-14.556272599579842, 57.26641652321344], [-14.567628965868863, 57.2839484459098]]}, "properties": {"source": "19459671", "target": "19275709"}}, {"type": "Feature", "geometry": {"type": "LineString", "coordinates": [[-14.601103083514943, 57.27484504609161], [-14.58051374821872, 57.29030243691261]]}, "properties": {"source": "23470867", "target": "25041079"}}, {"type": "Feature", "geometry": {"type": "LineString", "coordinates": [[-14.601103083514943, 57.27484504609161], [-14.610112273651197, 57.28852600281655]]}, "properties": {"source": "23470867", "target": "28012921"}}, {"type": "Feature", "geometry": {"type": "LineString", "coordinates": [[-14.601103083514943, 57.27484504609161], [-14.58406288383975, 57.272948585387766]]}, "properties": {"source": "23470867", "target": "24539690"}}, {"type": "Feature", "geometry": {"type": "LineString", "coordinates": [[-14.601103083514943, 57.27484504609161], [-14.624530504345898, 57.29284020141503]]}, "properties": {"source": "23470867", "target": "30622123"}}, {"type": "Feature", "geometry": {"type": "LineString", "coordinates": [[-14.601103083514943, 57.27484504609161], [-14.54131638713045, 57.28952278335224]]}, "properties": {"source": "23470867", "target": "24375551"}}, {"type": "Feature", "geometry": {"type": "LineString", "coordinates": [[-14.601103083514943, 57.27484504609161], [-14.619319944393197, 57.26625825962333]]}, "properties": {"source": "23470867", "target": "23551042"}}, {"type": "Feature", "geometry": {"type": "LineString", "coordinates": [[-14.601103083514943, 57.27484504609161], [-14.562054243570088, 57.28162637610994]]}, "properties": {"source": "23470867", "target": "22249086"}}, {"type": "Feature", "geometry": {"type": "LineString", "coordinates": [[-14.595538920607254, 57.266436247227745], [-14.537354732301623, 57.2735816345204]]}, "properties": {"source": "25812418", "target": "25922912"}}, {"type": "Feature", "geometry": {"type": "LineString", "coordinates": [[-14.599731063941363, 57.2777554057694], [-14.537118949915083, 57.28030565453237]]}, "properties": {"source": "17869229", "target": "18190566"}}, {"type": "Feature", "geometry": {"type": "LineString", "coordinates": [[-14.599731063941363, 57.2777554057694], [-14.58146540528412, 57.27739688373532]]}, "properties": {"source": "17869229", "target": "18249941"}}, {"type": "Feature", "geometry": {"type": "LineString", "coordinates": [[-14.599731063941363, 57.2777554057694], [-14.622128170805894, 57.29028595678788]]}, "properties": {"source": "17869229", "target": "17727180"}}, {"type": "Feature", "geometry": {"type": "LineString", "coordinates": [[-14.599731063941363, 57.2777554057694], [-14.6034334385038, 57.27656123796881]]}, "properties": {"source": "17869229", "target": "17881358"}}, {"type": "Feature", "geometry": {"type": "LineString", "coordinates": [[-14.599731063941363, 57.2777554057694], [-14.616465145804284, 57.27655702570108]]}, "properties": {"source": "17869229", "target": "18073066"}}, {"type": "Feature", "geometry": {"type": "LineString", "coordinates": [[-14.599731063941363, 57.2777554057694], [-14.551684209396996, 57.28381317791316]]}, "properties": {"source": "17869229", "target": "17436480"}}, {"type": "Feature", "geometry": {"type": "LineString", "coordinates": [[-14.59590501337371, 57.27174701745139], [-14.575348082733115, 57.28551578863859]]}, "properties": {"source": "20518655", "target": "21902610"}}, {"type": "Feature", "geometry": {"type": "LineString", "coordinates": [[-14.599731063941363, 57.2777554057694], [-14.614359196032751, 57.278733716165235]]}, "properties": {"source": "17869229", "target": "18275876"}}, {"type": "Feature", "geometry": {"type": "LineString", "coordinates": [[-14.592684196491007, 57.28024056981589], [-14.56991189848361, 57.28589004795742]]}, "properties": {"source": "17834090", "target": "18211118"}}, {"type": "Feature", "geometry": {"type": "LineString", "coordinates": [[-14.592684196491007, 57.28024056981589], [-14.553077835713424, 57.27101371809863]]}, "properties": {"source": "17834090", "target": "18192699"}}, {"type": "Feature", "geometry": {"type": "LineString", "coordinates": [[-14.592684196491007, 57.28024056981589], [-14.55041826596181, 57.27552063136771]]}, "properties": {"source": "17834090", "target": "18054056"}}, {"type": "Feature", "geometry": {"type": "LineString", "coordinates": [[-14.592684196491007, 57.28024056981589], [-14.563316194423379, 57.278242963540094]]}, "properties": {"source": "17834090", "target": "17876030"}}, {"type": "Feature", "geometry": {"type": "LineString", "coordinates": [[-14.592684196491007, 57.28024056981589], [-14.54691395693527, 57.27241550645971]]}, "properties": {"source": "17834090", "target": "17155500"}}, {"type": "Feature", "geometry": {"type": "LineString", "coordinates": [[-14.557694149965215, 57.27259554842951], [-14.602887376460217, 57.270492285900275]]}, "properties": {"source": "20639136", "target": "22068620"}}, {"type": "Feature", "geometry": {"type": "LineString", "coordinates": [[-14.557694149965215, 57.27259554842951], [-14.541977796370304, 57.290802049394884]]}, "properties": {"source": "20639136", "target": "20884636"}}, {"type": "Feature", "geometry": {"type": "LineString", "coordinates": [[-14.557694149965215, 57.27259554842951], [-14.620514347332062, 57.26505574558759]]}, "properties": {"source": "20639136", "target": "18808407"}}, {"type": "Feature", "geometry": {"type": "LineString", "coordinates": [[-14.538582086716957, 57.2896906725903], [-14.5703340780303, 57.268711105929356]]}, "properties": {"source": "18880307", "target": "17969685"}}, {"type": "Feature", "geometry": {"type": "LineString", "coordinates": [[-14.538582086716957, 57.2896906725903], [-14.537118949915083, 57.28030565453237]]}, "properties": {"source": "18880307", "target": "18190566"}}, {"type": "Feature", "geometry": {"type": "LineString", "coordinates": [[-14.538582086716957, 57.2896906725903], [-14.59012068234307, 57.2693443043251]]}, "properties": {"source": "18880307", "target": "18596498"}}, {"type": "Feature", "geometry": {"type": "LineString", "coordinates": [[-14.538582086716957, 57.2896906725903], [-14.59590501337371, 57.27174701745139]]}, "properties": {"source": "18880307", "target": "20518655"}}, {"type": "Feature", "geometry": {"type": "LineString", "coordinates": [[-14.538582086716957, 57.2896906725903], [-14.577821317102945, 57.267402206075005]]}, "properties": {"source": "18880307", "target": "19569028"}}, {"type": "Feature", "geometry": {"type": "LineString", "coordinates": [[-14.538582086716957, 57.2896906725903], [-14.561096142655202, 57.26474660678626]]}, "properties": {"source": "18880307", "target": "18622604"}}, {"type": "Feature", "geometry": {"type": "LineString", "coordinates": [[-14.538582086716957, 57.2896906725903], [-14.620514347332062, 57.26505574558759]]}, "properties": {"source": "18880307", "target": "18808407"}}, {"type": "Feature", "geometry": {"type": "LineString", "coordinates": [[-14.538582086716957, 57.2896906725903], [-14.549524411994952, 57.2860343538736]]}, "properties": {"source": "18880307", "target": "18730386"}}, {"type": "Feature", "geometry": {"type": "LineString", "coordinates": [[-14.608777681290377, 57.26649676108683], [-14.573969313937766, 57.28578369800283]]}, "properties": {"source": "30306841", "target": "25763989"}}, {"type": "Feature", "geometry": {"type": "LineString", "coordinates": [[-14.608777681290377, 57.26649676108683], [-14.597993074979883, 57.288670374526916]]}, "properties": {"source": "30306841", "target": "26838703"}}, {"type": "Feature", "geometry": {"type": "LineString", "coordinates": [[-14.608777681290377, 57.26649676108683], [-14.622948453900278, 57.27452265525841]]}, "properties": {"source": "30306841", "target": "25234004"}}, {"type": "Feature", "geometry": {"type": "LineString", "coordinates": [[-14.608777681290377, 57.26649676108683], [-14.565309519557161, 57.28211470267587]]}, "properties": {"source": "30306841", "target": "25815089"}}, {"type": "Feature", "geometry": {"type": "LineString", "coordinates": [[-14.608777681290377, 57.26649676108683], [-14.573747010989337, 57.283907441616265]]}, "properties": {"source": "30306841", "target": "18781543"}}, {"type": "Feature", "geometry": {"type": "LineString", "coordinates": [[-14.608777681290377, 57.26649676108683], [-14.594809226161743, 57.28382486619776]]}, "properties": {"source": "30306841", "target": "30195145"}}, {"type": "Feature", "geometry": {"type": "LineString", "coordinates": [[-14.608777681290377, 57.26649676108683], [-14.615818646390863, 57.27999291145585]]}, "properties": {"source": "30306841", "target": "31824035"}}, {"type": "Feature", "geometry": {"type": "LineString", "coordinates": [[-14.608777681290377, 57.26649676108683], [-14.535442786010833, 57.26466864361166]]}, "properties": {"source": "30306841", "target": "18340482"}}, {"type": "Feature", "geometry": {"type": "LineString", "coordinates": [[-14.612487120723586, 57.28357796895068], [-14.560988087491808, 57.27193997935099]]}, "properties": {"source": "17829764", "target": "17832986"}}, {"type": "Feature", "geometry": {"type": "LineString", "coordinates": [[-14.612487120723586, 57.28357796895068], [-14.569551255401421, 57.26798515209627]]}, "properties": {"source": "17829764", "target": "17832415"}}, {"type": "Feature", "geometry": {"type": "LineString", "coordinates": [[-14.612487120723586, 57.28357796895068], [-14.605314795609672, 57.276588295280405]]}, "properties": {"source": "17829764", "target": "17878281"}}, {"type": "Feature", "geometry": {"type": "LineString", "coordinates": [[-14.612487120723586, 57.28357796895068], [-14.57368538374027, 57.28206766873758]]}, "properties": {"source": "17829764", "target": "18039219"}}, {"type": "Feature", "geometry": {"type": "LineString", "coordinates": [[-14.563376604532323, 57.265087238023995], [-14.597993074979883, 57.288670374526916]]}, "properties": {"source": "31753318", "target": "26838703"}}, {"type": "Feature", "geometry": {"type": "LineString", "coordinates": [[-14.563376604532323, 57.265087238023995], [-14.565309519557161, 57.28211470267587]]}, "properties": {"source": "31753318", "target": "25815089"}}, {"type": "Feature", "geometry": {"type": "LineString", "coordinates": [[-14.563376604532323, 57.265087238023995], [-14.594809226161743, 57.28382486619776]]}, "properties": {"source": "31753318", "target": "30195145"}}, {"type": "Feature", "geometry": {"type": "LineString", "coordinates": [[-14.563376604532323, 57.265087238023995], [-14.615818646390863, 57.27999291145585]]}, "properties": {"source": "31753318", "target": "31824035"}}, {"type": "Feature", "geometry": {"type": "LineString", "coordinates": [[-14.535442786010833, 57.26466864361166], [-14.539689316833346, 57.270693488096924]]}, "properties": {"source": "18340482", "target": "18341046"}}, {"type": "Feature", "geometry": {"type": "LineString", "coordinates": [[-14.535442786010833, 57.26466864361166], [-14.587235554895926, 57.292017798719314]]}, "properties": {"source": "18340482", "target": "18781540"}}, {"type": "Feature", "geometry": {"type": "LineString", "coordinates": [[-14.535442786010833, 57.26466864361166], [-14.560988087491808, 57.27193997935099]]}, "properties": {"source": "18340482", "target": "17832986"}}, {"type": "Feature", "geometry": {"type": "LineString", "coordinates": [[-14.535442786010833, 57.26466864361166], [-14.565961945033877, 57.2798057816466]]}, "properties": {"source": "18340482", "target": "18131118"}}, {"type": "Feature", "geometry": {"type": "LineString", "coordinates": [[-14.535442786010833, 57.26466864361166], [-14.569551255401421, 57.26798515209627]]}, "properties": {"source": "18340482", "target": "17832415"}}, {"type": "Feature", "geometry": {"type": "LineString", "coordinates": [[-14.535442786010833, 57.26466864361166], [-14.56478207445133, 57.26451902933293]]}, "properties": {"source": "18340482", "target": "18241159"}}, {"type": "Feature", "geometry": {"type": "LineString", "coordinates": [[-14.535442786010833, 57.26466864361166], [-14.558215051770702, 57.264375429005824]]}, "properties": {"source": "18340482", "target": "18069234"}}, {"type": "Feature", "geometry": {"type": "LineString", "coordinates": [[-14.535442786010833, 57.26466864361166], [-14.59540847219563, 57.28001375336714]]}, "properties": {"source": "18340482", "target": "18269958"}}, {"type": "Feature", "geometry": {"type": "LineString", "coordinates": [[-14.606335681832235, 57.26938139688953], [-14.554833965102972, 57.269227024878546]]}, "properties": {"source": "26158237", "target": "20737487"}}, {"type": "Feature", "geometry": {"type": "LineString", "coordinates": [[-14.606335681832235, 57.26938139688953], [-14.568936901653444, 57.289934557136974]]}, "properties": {"source": "26158237", "target": "27930482"}}, {"type": "Feature", "geometry": {"type": "LineString", "coordinates": [[-14.620514347332062, 57.26505574558759], [-14.602887376460217, 57.270492285900275]]}, "properties": {"source": "18808407", "target": "22068620"}}, {"type": "Feature", "geometry": {"type": "LineString", "coordinates": [[-14.620514347332062, 57.26505574558759], [-14.537118949915083, 57.28030565453237]]}, "properties": {"source": "18808407", "target": "18190566"}}, {"type": "Feature", "geometry": {"type": "LineString", "coordinates": [[-14.620514347332062, 57.26505574558759], [-14.61662184268522, 57.26551705374092]]}, "properties": {"source": "18808407", "target": "18692169"}}, {"type": "Feature", "geometry": {"type": "LineString", "coordinates": [[-14.620514347332062, 57.26505574558759], [-14.602416303435376, 57.28410885262848]]}, "properties": {"source": "18808407", "target": "18715733"}}, {"type": "Feature", "geometry": {"type": "LineString", "coordinates": [[-14.620514347332062, 57.26505574558759], [-14.542832742643498, 57.28538342657538]]}, "properties": {"source": "18808407", "target": "20639078"}}, {"type": "Feature", "geometry": {"type": "LineString", "coordinates": [[-14.548698490966757, 57.27443163521045], [-14.560331347324222, 57.29375447268876]]}, "properties": {"source": "27274306", "target": "21807998"}}, {"type": "Feature", "geometry": {"type": "LineString", "coordinates": [[-14.546154661159846, 57.28748084166661], [-14.547749962413747, 57.288757176766026]]}, "properties": {"source": "25448986", "target": "25550961"}}, {"type": "Feature", "geometry": {"type": "LineString", "coordinates": [[-14.546154661159846, 57.28748084166661], [-14.59642632596558, 57.292993517823604]]}, "properties": {"source": "25448986", "target": "24895218"}}, {"type": "Feature", "geometry": {"type": "LineString", "coordinates": [[-14.557267192962883, 57.26439579445902], [-14.538366164444767, 57.28567480830435]]}, "properties": {"source": "25865290", "target": "25906956"}}, {"type": "Feature", "geometry": {"type": "LineString", "coordinates": [[-14.557267192962883, 57.26439579445902], [-14.600766692868064, 57.287063192435326]]}, "properties": {"source": "25865290", "target": "25620093"}}, {"type": "Feature", "geometry": {"type": "LineString", "coordinates": [[-14.537354732301623, 57.2735816345204], [-14.611980319608364, 57.2863038704573]]}, "properties": {"source": "25922912", "target": "22152589"}}, {"type": "Feature", "geometry": {"type": "LineString", "coordinates": [[-14.537354732301623, 57.2735816345204], [-14.613981580628973, 57.27394834492556]]}, "properties": {"source": "25922912", "target": "22910368"}}, {"type": "Feature", "geometry": {"type": "LineString", "coordinates": [[-14.537354732301623, 57.2735816345204], [-14.538644370714024, 57.27150465700004]]}, "properties": {"source": "25922912", "target": "27188165"}}, {"type": "Feature", "geometry": {"type": "LineString", "coordinates": [[-14.537354732301623, 57.2735816345204], [-14.548269177155078, 57.29309402942458]]}, "properties": {"source": "25922912", "target": "25968411"}}, {"type": "Feature", "geometry": {"type": "LineString", "coordinates": [[-14.54131638713045, 57.28952278335224], [-14.6138306411857, 57.28203153628624]]}, "properties": {"source": "24375551", "target": "26167797"}}, {"type": "Feature", "geometry": {"type": "LineString", "coordinates": [[-14.54131638713045, 57.28952278335224], [-14.610112273651197, 57.28852600281655]]}, "properties": {"source": "24375551", "target": "28012921"}}, {"type": "Feature", "geometry": {"type": "LineString", "coordinates": [[-14.54131638713045, 57.28952278335224], [-14.55598424639922, 57.27141486431326]]}, "properties": {"source": "24375551", "target": "18375518"}}, {"type": "Feature", "geometry": {"type": "LineString", "coordinates": [[-14.54131638713045, 57.28952278335224], [-14.560274628523302, 57.28872198969471]]}, "properties": {"source": "24375551", "target": "22083637"}}, {"type": "Feature", "geometry": {"type": "LineString", "coordinates": [[-14.54131638713045, 57.28952278335224], [-14.59712870987866, 57.28561463514946]]}, "properties": {"source": "24375551", "target": "27221238"}}, {"type": "Feature", "geometry": {"type": "LineString", "coordinates": [[-14.54131638713045, 57.28952278335224], [-14.564694086299937, 57.267002782351724]]}, "properties": {"source": "24375551", "target": "18745277"}}, {"type": "Feature", "geometry": {"type": "LineString", "coordinates": [[-14.579219706212626, 57.293912266171645], [-14.568567924973024, 57.283905463267686]]}, "properties": {"source": "23703728", "target": "24582414"}}, {"type": "Feature", "geometry": {"type": "LineString", "coordinates": [[-14.579219706212626, 57.293912266171645], [-14.546823113222416, 57.29354450553441]]}, "properties": {"source": "23703728", "target": "23844414"}}, {"type": "Feature", "geometry": {"type": "LineString", "coordinates": [[-14.573747010989337, 57.283907441616265], [-14.544031839998297, 57.26648740007714]]}, "properties": {"source": "18781543", "target": "21064108"}}, {"type": "Feature", "geometry": {"type": "LineString", "coordinates": [[-14.573747010989337, 57.283907441616265], [-14.55598424639922, 57.27141486431326]]}, "properties": {"source": "18781543", "target": "18375518"}}, {"type": "Feature", "geometry": {"type": "LineString", "coordinates": [[-14.573747010989337, 57.283907441616265], [-14.587235554895926, 57.292017798719314]]}, "properties": {"source": "18781543", "target": "18781540"}}, {"type": "Feature", "geometry": {"type": "LineString", "coordinates": [[-14.573747010989337, 57.283907441616265], [-14.564694086299937, 57.267002782351724]]}, "properties": {"source": "18781543", "target": "18745277"}}, {"type": "Feature", "geometry": {"type": "LineString", "coordinates": [[-14.573747010989337, 57.283907441616265], [-14.568355534410614, 57.26736684224291]]}, "properties": {"source": "18781543", "target": "18131119"}}, {"type": "Feature", "geometry": {"type": "LineString", "coordinates": [[-14.573747010989337, 57.283907441616265], [-14.57450390773701, 57.280248355719365]]}, "properties": {"source": "18781543", "target": "22884603"}}, {"type": "Feature", "geometry": {"type": "LineString", "coordinates": [[-14.573747010989337, 57.283907441616265], [-14.618811085116477, 57.26765867290054]]}, "properties": {"source": "18781543", "target": "18241166"}}, {"type": "Feature", "geometry": {"type": "LineString", "coordinates": [[-14.573747010989337, 57.283907441616265], [-14.59540847219563, 57.28001375336714]]}, "properties": {"source": "18781543", "target": "18269958"}}, {"type": "Feature", "geometry": {"type": "LineString", "coordinates": [[-14.611980319608364, 57.2863038704573], [-14.577821317102945, 57.267402206075005]]}, "properties": {"source": "22152589", "target": "19569028"}}, {"type": "Feature", "geometry": {"type": "LineString", "coordinates": [[-14.611980319608364, 57.2863038704573], [-14.592279800320597, 57.270932714103765]]}, "properties": {"source": "22152589", "target": "20622381"}}, {"type": "Feature", "geometry": {"type": "LineString", "coordinates": [[-14.611980319608364, 57.2863038704573], [-14.595477083264655, 57.26900690157305]]}, "properties": {"source": "22152589", "target": "24654248"}}, {"type": "Feature", "geometry": {"type": "LineString", "coordinates": [[-14.611980319608364, 57.2863038704573], [-14.56896553730411, 57.27146970041038]]}, "properties": {"source": "22152589", "target": "21853688"}}, {"type": "Feature", "geometry": {"type": "LineString", "coordinates": [[-14.58406288383975, 57.272948585387766], [-14.575348082733115, 57.28551578863859]]}, "properties": {"source": "24539690", "target": "21902610"}}, {"type": "Feature", "geometry": {"type": "LineString", "coordinates": [[-14.58406288383975, 57.272948585387766], [-14.59356467813717, 57.27735284531124]]}, "properties": {"source": "24539690", "target": "23375508"}}, {"type": "Feature", "geometry": {"type": "LineString", "coordinates": [[-14.58406288383975, 57.272948585387766], [-14.603648866924829, 57.276406812079784]]}, "properties": {"source": "24539690", "target": "23300811"}}, {"type": "Feature", "geometry": {"type": "LineString", "coordinates": [[-14.58406288383975, 57.272948585387766], [-14.6138306411857, 57.28203153628624]]}, "properties": {"source": "24539690", "target": "26167797"}}, {"type": "Feature", "geometry": {"type": "LineString", "coordinates": [[-14.61909236990357, 57.29021316452881], [-14.539297066191722, 57.27369256864941]]}, "properties": {"source": "18225174", "target": "18457632"}}, {"type": "Feature", "geometry": {"type": "LineString", "coordinates": [[-14.61909236990357, 57.29021316452881], [-14.609669169976769, 57.2718850538438]]}, "properties": {"source": "18225174", "target": "20497027"}}, {"type": "Feature", "geometry": {"type": "LineString", "coordinates": [[-14.535250345795987, 57.27872954010719], [-14.56896553730411, 57.27146970041038]]}, "properties": {"source": "22929550", "target": "21853688"}}, {"type": "Feature", "geometry": {"type": "LineString", "coordinates": [[-14.535250345795987, 57.27872954010719], [-14.56780338328062, 57.270781149806865]]}, "properties": {"source": "22929550", "target": "23723778"}}, {"type": "Feature", "geometry": {"type": "LineString", "coordinates": [[-14.551735303061491, 57.28918005374271], [-14.620673848037654, 57.27271940071695]]}, "properties": {"source": "26208869", "target": "26312175"}}, {"type": "Feature", "geometry": {"type": "LineString", "coordinates": [[-14.551735303061491, 57.28918005374271], [-14.556970450724975, 57.27625718603662]]}, "properties": {"source": "26208869", "target": "26312198"}}, {"type": "Feature", "geometry": {"type": "LineString", "coordinates": [[-14.551735303061491, 57.28918005374271], [-14.545510171579735, 57.2723446070265]]}, "properties": {"source": "26208869", "target": "26312131"}}, {"type": "Feature", "geometry": {"type": "LineString", "coordinates": [[-14.6143832365008, 57.26980421466567], [-14.539297066191722, 57.27369256864941]]}, "properties": {"source": "18493012", "target": "18457632"}}, {"type": "Feature", "geometry": {"type": "LineString", "coordinates": [[-14.538434119863638, 57.27977074163924], [-14.617615445639018, 57.26918606200002]]}, "properties": {"source": "25392083", "target": "23612689"}}, {"type": "Feature", "geometry": {"type": "LineString", "coordinates": [[-14.538434119863638, 57.27977074163924], [-14.538070736168436, 57.267056789126]]}, "properties": {"source": "25392083", "target": "23287381"}}, {"type": "Feature", "geometry": {"type": "LineString", "coordinates": [[-14.538434119863638, 57.27977074163924], [-14.547749962413747, 57.288757176766026]]}, "properties": {"source": "25392083", "target": "25550961"}}, {"type": "Feature", "geometry": {"type": "LineString", "coordinates": [[-14.538434119863638, 57.27977074163924], [-14.555872294135526, 57.27453070663479]]}, "properties": {"source": "25392083", "target": "25281368"}}, {"type": "Feature", "geometry": {"type": "LineString", "coordinates": [[-14.538434119863638, 57.27977074163924], [-14.546154661159846, 57.28748084166661]]}, "properties": {"source": "25392083", "target": "25448986"}}, {"type": "Feature", "geometry": {"type": "LineString", "coordinates": [[-14.538434119863638, 57.27977074163924], [-14.59642632596558, 57.292993517823604]]}, "properties": {"source": "25392083", "target": "24895218"}}, {"type": "Feature", "geometry": {"type": "LineString", "coordinates": [[-14.538434119863638, 57.27977074163924], [-14.56826778316102, 57.290042086412925]]}, "properties": {"source": "25392083", "target": "25448985"}}, {"type": "Feature", "geometry": {"type": "LineString", "coordinates": [[-14.575686161460993, 57.277409036968976], [-14.546823113222416, 57.29354450553441]]}, "properties": {"source": "23989100", "target": "23844414"}}, {"type": "Feature", "geometry": {"type": "LineString", "coordinates": [[-14.610390233355304, 57.268787097284445], [-14.60686601465585, 57.26581052037777]]}, "properties": {"source": "18809943", "target": "25178429"}}, {"type": "Feature", "geometry": {"type": "LineString", "coordinates": [[-14.610390233355304, 57.268787097284445], [-14.569379594786625, 57.274201205113314]]}, "properties": {"source": "18809943", "target": "24367985"}}, {"type": "Feature", "geometry": {"type": "LineString", "coordinates": [[-14.610390233355304, 57.268787097284445], [-14.565961945033877, 57.2798057816466]]}, "properties": {"source": "18809943", "target": "18131118"}}, {"type": "Feature", "geometry": {"type": "LineString", "coordinates": [[-14.610390233355304, 57.268787097284445], [-14.54755597012462, 57.29036134249077]]}, "properties": {"source": "18809943", "target": "20414715"}}, {"type": "Feature", "geometry": {"type": "LineString", "coordinates": [[-14.57450390773701, 57.280248355719365], [-14.573969313937766, 57.28578369800283]]}, "properties": {"source": "22884603", "target": "25763989"}}, {"type": "Feature", "geometry": {"type": "LineString", "coordinates": [[-14.57450390773701, 57.280248355719365], [-14.622948453900278, 57.27452265525841]]}, "properties": {"source": "22884603", "target": "25234004"}}, {"type": "Feature", "geometry": {"type": "LineString", "coordinates": [[-14.563497128362343, 57.27834717727691], [-14.620673848037654, 57.27271940071695]]}, "properties": {"source": "18517009", "target": "26312175"}}, {"type": "Feature", "geometry": {"type": "LineString", "coordinates": [[-14.563497128362343, 57.27834717727691], [-14.556970450724975, 57.27625718603662]]}, "properties": {"source": "18517009", "target": "26312198"}}, {"type": "Feature", "geometry": {"type": "LineString", "coordinates": [[-14.617112245927814, 57.28218116995262], [-14.575348082733115, 57.28551578863859]]}, "properties": {"source": "20431030", "target": "21902610"}}, {"type": "Feature", "geometry": {"type": "LineString", "coordinates": [[-14.617112245927814, 57.28218116995262], [-14.59112937914287, 57.27723799975361]]}, "properties": {"source": "20431030", "target": "22589352"}}, {"type": "Feature", "geometry": {"type": "LineString", "coordinates": [[-14.617112245927814, 57.28218116995262], [-14.538582086716957, 57.2896906725903]]}, "properties": {"source": "20431030", "target": "18880307"}}, {"type": "Feature", "geometry": {"type": "LineString", "coordinates": [[-14.617112245927814, 57.28218116995262], [-14.582595693918506, 57.28893057909434]]}, "properties": {"source": "20431030", "target": "23269991"}}, {"type": "Feature", "geometry": {"type": "LineString", "coordinates": [[-14.617112245927814, 57.28218116995262], [-14.546609779555666, 57.275098720135574]]}, "properties": {"source": "20431030", "target": "18364153"}}, {"type": "Feature", "geometry": {"type": "LineString", "coordinates": [[-14.617112245927814, 57.28218116995262], [-14.56991189848361, 57.28589004795742]]}, "properties": {"source": "20431030", "target": "18211118"}}, {"type": "Feature", "geometry": {"type": "LineString", "coordinates": [[-14.617112245927814, 57.28218116995262], [-14.574366220245253, 57.272931764903774]]}, "properties": {"source": "20431030", "target": "23010184"}}, {"type": "Feature", "geometry": {"type": "LineString", "coordinates": [[-14.617112245927814, 57.28218116995262], [-14.59385806804275, 57.26929892956018]]}, "properties": {"source": "20431030", "target": "19301526"}}, {"type": "Feature", "geometry": {"type": "LineString", "coordinates": [[-14.579219706212626, 57.293912266171645], [-14.577821317102945, 57.267402206075005]]}, "properties": {"source": "23703728", "target": "19569028"}}, {"type": "Feature", "geometry": {"type": "LineString", "coordinates": [[-14.579219706212626, 57.293912266171645], [-14.617646544969375, 57.280924568492]]}, "properties": {"source": "23703728", "target": "20262760"}}, {"type": "Feature", "geometry": {"type": "LineString", "coordinates": [[-14.579219706212626, 57.293912266171645], [-14.594240455380742, 57.270572317387206]]}, "properties": {"source": "23703728", "target": "23734167"}}, {"type": "Feature", "geometry": {"type": "LineString", "coordinates": [[-14.579219706212626, 57.293912266171645], [-14.544555140546208, 57.27758864352607]]}, "properties": {"source": "23703728", "target": "25438676"}}, {"type": "Feature", "geometry": {"type": "LineString", "coordinates": [[-14.579219706212626, 57.293912266171645], [-14.538294537087125, 57.27231916457335]]}, "properties": {"source": "23703728", "target": "26252172"}}, {"type": "Feature", "geometry": {"type": "LineString", "coordinates": [[-14.579219706212626, 57.293912266171645], [-14.545461798953625, 57.29095675436939]]}, "properties": {"source": "23703728", "target": "25601814"}}, {"type": "Feature", "geometry": {"type": "LineString", "coordinates": [[-14.579219706212626, 57.293912266171645], [-14.596077904486435, 57.271882809837265]]}, "properties": {"source": "23703728", "target": "24804665"}}, {"type": "Feature", "geometry": {"type": "LineString", "coordinates": [[-14.549280566552369, 57.27249694786103], [-14.59112937914287, 57.27723799975361]]}, "properties": {"source": "19180883", "target": "22589352"}}, {"type": "Feature", "geometry": {"type": "LineString", "coordinates": [[-14.62119295418961, 57.29229136397066], [-14.603534666777108, 57.27964184978153]]}, "properties": {"source": "17797720", "target": "18159850"}}, {"type": "Feature", "geometry": {"type": "LineString", "coordinates": [[-14.62119295418961, 57.29229136397066], [-14.614208989643458, 57.28627127221715]]}, "properties": {"source": "17797720", "target": "17693550"}}, {"type": "Feature", "geometry": {"type": "LineString", "coordinates": [[-14.604821642859747, 57.29169638578209], [-14.573353609769072, 57.29276436584831]]}, "properties": {"source": "17557583", "target": "17611319"}}, {"type": "Feature", "geometry": {"type": "LineString", "coordinates": [[-14.604821642859747, 57.29169638578209], [-14.610390408659384, 57.28875532047631]]}, "properties": {"source": "17557583", "target": "18623791"}}, {"type": "Feature", "geometry": {"type": "LineString", "coordinates": [[-14.604821642859747, 57.29169638578209], [-14.581382479601643, 57.28445938153354]]}, "properties": {"source": "17557583", "target": "18372293"}}, {"type": "Feature", "geometry": {"type": "LineString", "coordinates": [[-14.604821642859747, 57.29169638578209], [-14.616467167589661, 57.28894770052729]]}, "properties": {"source": "17557583", "target": "28442558"}}, {"type": "Feature", "geometry": {"type": "LineString", "coordinates": [[-14.596762044142736, 57.27272936523016], [-14.57150615094696, 57.26480491605352]]}, "properties": {"source": "17880603", "target": "18102898"}}, {"type": "Feature", "geometry": {"type": "LineString", "coordinates": [[-14.62119295418961, 57.29229136397066], [-14.555108111328849, 57.26896646670849]]}, "properties": {"source": "17797720", "target": "17668900"}}, {"type": "Feature", "geometry": {"type": "LineString", "coordinates": [[-14.555872294135526, 57.27453070663479], [-14.59112937914287, 57.27723799975361]]}, "properties": {"source": "25281368", "target": "22589352"}}, {"type": "Feature", "geometry": {"type": "LineString", "coordinates": [[-14.555872294135526, 57.27453070663479], [-14.574366220245253, 57.272931764903774]]}, "properties": {"source": "25281368", "target": "23010184"}}, {"type": "Feature", "geometry": {"type": "LineString", "coordinates": [[-14.555872294135526, 57.27453070663479], [-14.538070736168436, 57.267056789126]]}, "properties": {"source": "25281368", "target": "23287381"}}, {"type": "Feature", "geometry": {"type": "LineString", "coordinates": [[-14.555872294135526, 57.27453070663479], [-14.547749962413747, 57.288757176766026]]}, "properties": {"source": "25281368", "target": "25550961"}}, {"type": "Feature", "geometry": {"type": "LineString", "coordinates": [[-14.555872294135526, 57.27453070663479], [-14.546154661159846, 57.28748084166661]]}, "properties": {"source": "25281368", "target": "25448986"}}, {"type": "Feature", "geometry": {"type": "LineString", "coordinates": [[-14.555872294135526, 57.27453070663479], [-14.59642632596558, 57.292993517823604]]}, "properties": {"source": "25281368", "target": "24895218"}}, {"type": "Feature", "geometry": {"type": "LineString", "coordinates": [[-14.555872294135526, 57.27453070663479], [-14.575785523199556, 57.28509773111365]]}, "properties": {"source": "25281368", "target": "24809903"}}, {"type": "Feature", "geometry": {"type": "LineString", "coordinates": [[-14.578754039358898, 57.29333771775211], [-14.594704617484553, 57.277044975186584]]}, "properties": {"source": "22853093", "target": "24655681"}}, {"type": "Feature", "geometry": {"type": "LineString", "coordinates": [[-14.606173461938141, 57.278217164589364], [-14.545200965242003, 57.27299628228343]]}, "properties": {"source": "25168121", "target": "26805129"}}, {"type": "Feature", "geometry": {"type": "LineString", "coordinates": [[-14.606173461938141, 57.278217164589364], [-14.59411257564875, 57.27863202910213]]}, "properties": {"source": "25168121", "target": "25170980"}}, {"type": "Feature", "geometry": {"type": "LineString", "coordinates": [[-14.606173461938141, 57.278217164589364], [-14.610390233355304, 57.268787097284445]]}, "properties": {"source": "25168121", "target": "18809943"}}, {"type": "Feature", "geometry": {"type": "LineString", "coordinates": [[-14.606173461938141, 57.278217164589364], [-14.569379594786625, 57.274201205113314]]}, "properties": {"source": "25168121", "target": "24367985"}}, {"type": "Feature", "geometry": {"type": "LineString", "coordinates": [[-14.606173461938141, 57.278217164589364], [-14.62013864244679, 57.267486792585004]]}, "properties": {"source": "25168121", "target": "23686727"}}, {"type": "Feature", "geometry": {"type": "LineString", "coordinates": [[-14.592279800320597, 57.270932714103765], [-14.602887376460217, 57.270492285900275]]}, "properties": {"source": "20622381", "target": "22068620"}}, {"type": "Feature", "geometry": {"type": "LineString", "coordinates": [[-14.592279800320597, 57.270932714103765], [-14.623569671476304, 57.26974711467997]]}, "properties": {"source": "20622381", "target": "20821294"}}, {"type": "Feature", "geometry": {"type": "LineString", "coordinates": [[-14.592279800320597, 57.270932714103765], [-14.536880150820195, 57.267791866513946]]}, "properties": {"source": "20622381", "target": "22083017"}}, {"type": "Feature", "geometry": {"type": "LineString", "coordinates": [[-14.574546691941407, 57.29411011996737], [-14.606253782005751, 57.28146170741124]]}, "properties": {"source": "26312223", "target": "26311787"}}, {"type": "Feature", "geometry": {"type": "LineString", "coordinates": [[-14.574546691941407, 57.29411011996737], [-14.577001204813229, 57.28072020104166]]}, "properties": {"source": "26312223", "target": "28633883"}}, {"type": "Feature", "geometry": {"type": "LineString", "coordinates": [[-14.574546691941407, 57.29411011996737], [-14.547383965014745, 57.265265021696706]]}, "properties": {"source": "26312223", "target": "21902087"}}, {"type": "Feature", "geometry": {"type": "LineString", "coordinates": [[-14.574546691941407, 57.29411011996737], [-14.587923057887423, 57.285365471362866]]}, "properties": {"source": "26312223", "target": "23597033"}}, {"type": "Feature", "geometry": {"type": "LineString", "coordinates": [[-14.574546691941407, 57.29411011996737], [-14.61315434310714, 57.2752941940479]]}, "properties": {"source": "26312223", "target": "25862352"}}, {"type": "Feature", "geometry": {"type": "LineString", "coordinates": [[-14.574546691941407, 57.29411011996737], [-14.551735303061491, 57.28918005374271]]}, "properties": {"source": "26312223", "target": "26208869"}}, {"type": "Feature", "geometry": {"type": "LineString", "coordinates": [[-14.59356467813717, 57.27735284531124], [-14.602887376460217, 57.270492285900275]]}, "properties": {"source": "23375508", "target": "22068620"}}, {"type": "Feature", "geometry": {"type": "LineString", "coordinates": [[-14.59356467813717, 57.27735284531124], [-14.59112937914287, 57.27723799975361]]}, "properties": {"source": "23375508", "target": "22589352"}}, {"type": "Feature", "geometry": {"type": "LineString", "coordinates": [[-14.582595693918506, 57.28893057909434], [-14.572450139300969, 57.27820051438201]]}, "properties": {"source": "23269991", "target": "18625450"}}, {"type": "Feature", "geometry": {"type": "LineString", "coordinates": [[-14.582595693918506, 57.28893057909434], [-14.59112937914287, 57.27723799975361]]}, "properties": {"source": "23269991", "target": "22589352"}}, {"type": "Feature", "geometry": {"type": "LineString", "coordinates": [[-14.582595693918506, 57.28893057909434], [-14.59356467813717, 57.27735284531124]]}, "properties": {"source": "23269991", "target": "23375508"}}, {"type": "Feature", "geometry": {"type": "LineString", "coordinates": [[-14.582595693918506, 57.28893057909434], [-14.603648866924829, 57.276406812079784]]}, "properties": {"source": "23269991", "target": "23300811"}}, {"type": "Feature", "geometry": {"type": "LineString", "coordinates": [[-14.582595693918506, 57.28893057909434], [-14.546609779555666, 57.275098720135574]]}, "properties": {"source": "23269991", "target": "18364153"}}, {"type": "Feature", "geometry": {"type": "LineString", "coordinates": [[-14.582595693918506, 57.28893057909434], [-14.574366220245253, 57.272931764903774]]}, "properties": {"source": "23269991", "target": "23010184"}}, {"type": "Feature", "geometry": {"type": "LineString", "coordinates": [[-14.582595693918506, 57.28893057909434], [-14.599993876341927, 57.26642400487985]]}, "properties": {"source": "23269991", "target": "23259118"}}, {"type": "Feature", "geometry": {"type": "LineString", "coordinates": [[-14.582595693918506, 57.28893057909434], [-14.59384866591617, 57.27545880466819]]}, "properties": {"source": "23269991", "target": "25550971"}}, {"type": "Feature", "geometry": {"type": "LineString", "coordinates": [[-14.548698490966757, 57.27443163521045], [-14.560274628523302, 57.28872198969471]]}, "properties": {"source": "27274306", "target": "22083637"}}, {"type": "Feature", "geometry": {"type": "LineString", "coordinates": [[-14.548698490966757, 57.27443163521045], [-14.593353631998013, 57.26884970093498]]}, "properties": {"source": "27274306", "target": "27805860"}}, {"type": "Feature", "geometry": {"type": "LineString", "coordinates": [[-14.567628965868863, 57.2839484459098], [-14.59112937914287, 57.27723799975361]]}, "properties": {"source": "19275709", "target": "22589352"}}, {"type": "Feature", "geometry": {"type": "LineString", "coordinates": [[-14.567628965868863, 57.2839484459098], [-14.574366220245253, 57.272931764903774]]}, "properties": {"source": "19275709", "target": "23010184"}}, {"type": "Feature", "geometry": {"type": "LineString", "coordinates": [[-14.567628965868863, 57.2839484459098], [-14.538070736168436, 57.267056789126]]}, "properties": {"source": "19275709", "target": "23287381"}}, {"type": "Feature", "geometry": {"type": "LineString", "coordinates": [[-14.567628965868863, 57.2839484459098], [-14.592808097777407, 57.27117507010796]]}, "properties": {"source": "19275709", "target": "20879280"}}, {"type": "Feature", "geometry": {"type": "LineString", "coordinates": [[-14.567628965868863, 57.2839484459098], [-14.564410029703481, 57.277170522912485]]}, "properties": {"source": "19275709", "target": "18625453"}}, {"type": "Feature", "geometry": {"type": "LineString", "coordinates": [[-14.567628965868863, 57.2839484459098], [-14.544850594936577, 57.28094327597634]]}, "properties": {"source": "19275709", "target": "18835734"}}, {"type": "Feature", "geometry": {"type": "LineString", "coordinates": [[-14.616465145804284, 57.27655702570108], [-14.624458444919071, 57.28145602171388]]}, "properties": {"source": "18073066", "target": "18802240"}}, {"type": "Feature", "geometry": {"type": "LineString", "coordinates": [[-14.611630359992091, 57.289434317015335], [-14.597993074979883, 57.288670374526916]]}, "properties": {"source": "29405105", "target": "26838703"}}, {"type": "Feature", "geometry": {"type": "LineString", "coordinates": [[-14.611630359992091, 57.289434317015335], [-14.622948453900278, 57.27452265525841]]}, "properties": {"source": "29405105", "target": "25234004"}}, {"type": "Feature", "geometry": {"type": "LineString", "coordinates": [[-14.611630359992091, 57.289434317015335], [-14.565309519557161, 57.28211470267587]]}, "properties": {"source": "29405105", "target": "25815089"}}, {"type": "Feature", "geometry": {"type": "LineString", "coordinates": [[-14.611630359992091, 57.289434317015335], [-14.594809226161743, 57.28382486619776]]}, "properties": {"source": "29405105", "target": "30195145"}}, {"type": "Feature", "geometry": {"type": "LineString", "coordinates": [[-14.611630359992091, 57.289434317015335], [-14.538366164444767, 57.28567480830435]]}, "properties": {"source": "29405105", "target": "25906956"}}, {"type": "Feature", "geometry": {"type": "LineString", "coordinates": [[-14.611630359992091, 57.289434317015335], [-14.547749962413747, 57.288757176766026]]}, "properties": {"source": "29405105", "target": "25550961"}}, {"type": "Feature", "geometry": {"type": "LineString", "coordinates": [[-14.611630359992091, 57.289434317015335], [-14.557267192962883, 57.26439579445902]]}, "properties": {"source": "29405105", "target": "25865290"}}, {"type": "Feature", "geometry": {"type": "LineString", "coordinates": [[-14.619205958723342, 57.2873251987768], [-14.601652090862302, 57.29377006019445]]}, "properties": {"source": "20737479", "target": "22925759"}}, {"type": "Feature", "geometry": {"type": "LineString", "coordinates": [[-14.619205958723342, 57.2873251987768], [-14.610052021791148, 57.29403962500446]]}, "properties": {"source": "20737479", "target": "22725532"}}, {"type": "Feature", "geometry": {"type": "LineString", "coordinates": [[-14.619205958723342, 57.2873251987768], [-14.611705234616494, 57.27464977589548]]}, "properties": {"source": "20737479", "target": "21473305"}}, {"type": "Feature", "geometry": {"type": "LineString", "coordinates": [[-14.619205958723342, 57.2873251987768], [-14.584646658466738, 57.28390920600134]]}, "properties": {"source": "20737479", "target": "20737507"}}, {"type": "Feature", "geometry": {"type": "LineString", "coordinates": [[-14.619205958723342, 57.2873251987768], [-14.598259109173853, 57.28467203532075]]}, "properties": {"source": "20737479", "target": "26158233"}}, {"type": "Feature", "geometry": {"type": "LineString", "coordinates": [[-14.619205958723342, 57.2873251987768], [-14.564694086299937, 57.267002782351724]]}, "properties": {"source": "20737479", "target": "18745277"}}, {"type": "Feature", "geometry": {"type": "LineString", "coordinates": [[-14.619205958723342, 57.2873251987768], [-14.606335681832235, 57.26938139688953]]}, "properties": {"source": "20737479", "target": "26158237"}}, {"type": "Feature", "geometry": {"type": "LineString", "coordinates": [[-14.619205958723342, 57.2873251987768], [-14.583885729039366, 57.28597916105255]]}, "properties": {"source": "20737479", "target": "20737459"}}, {"type": "Feature", "geometry": {"type": "LineString", "coordinates": [[-14.585668396646412, 57.26505477412607], [-14.571760769770378, 57.29417489201359]]}, "properties": {"source": "16099258", "target": "16109563"}}, {"type": "Feature", "geometry": {"type": "LineString", "coordinates": [[-14.585668396646412, 57.26505477412607], [-14.586655782523678, 57.286181685982726]]}, "properties": {"source": "16099258", "target": "17860622"}}, {"type": "Feature", "geometry": {"type": "LineString", "coordinates": [[-14.596949960317772, 57.27336300310961], [-14.59712870987866, 57.28561463514946]]}, "properties": {"source": "32909903", "target": "27221238"}}, {"type": "Feature", "geometry": {"type": "LineString", "coordinates": [[-14.616274947779942, 57.27296741737125], [-14.56417175096584, 57.28934451840087]]}, "properties": {"source": "16114861", "target": "16099246"}}, {"type": "Feature", "geometry": {"type": "LineString", "coordinates": [[-14.616274947779942, 57.27296741737125], [-14.571760769770378, 57.29417489201359]]}, "properties": {"source": "16114861", "target": "16109563"}}, {"type": "Feature", "geometry": {"type": "LineString", "coordinates": [[-14.56417175096584, 57.28934451840087], [-14.571760769770378, 57.29417489201359]]}, "properties": {"source": "16099246", "target": "16109563"}}, {"type": "Feature", "geometry": {"type": "LineString", "coordinates": [[-14.56417175096584, 57.28934451840087], [-14.586655782523678, 57.286181685982726]]}, "properties": {"source": "16099246", "target": "17860622"}}, {"type": "Feature", "geometry": {"type": "LineString", "coordinates": [[-14.582241335555864, 57.28566964555969], [-14.625211857997556, 57.284776494987426]]}, "properties": {"source": "24582443", "target": "35570300"}}, {"type": "Feature", "geometry": {"type": "LineString", "coordinates": [[-14.538696571036269, 57.27849976962102], [-14.53626595813651, 57.271936131931085]]}, "properties": {"source": "24655635", "target": "22853160"}}, {"type": "Feature", "geometry": {"type": "LineString", "coordinates": [[-14.538696571036269, 57.27849976962102], [-14.575686161460993, 57.277409036968976]]}, "properties": {"source": "24655635", "target": "23989100"}}, {"type": "Feature", "geometry": {"type": "LineString", "coordinates": [[-14.538696571036269, 57.27849976962102], [-14.578754039358898, 57.29333771775211]]}, "properties": {"source": "24655635", "target": "22853093"}}, {"type": "Feature", "geometry": {"type": "LineString", "coordinates": [[-14.538696571036269, 57.27849976962102], [-14.58845688624649, 57.269983111736764]]}, "properties": {"source": "24655635", "target": "23558735"}}, {"type": "Feature", "geometry": {"type": "LineString", "coordinates": [[-14.538696571036269, 57.27849976962102], [-14.582807044405655, 57.2835953407872]]}, "properties": {"source": "24655635", "target": "23623746"}}, {"type": "Feature", "geometry": {"type": "LineString", "coordinates": [[-14.538696571036269, 57.27849976962102], [-14.541556992140556, 57.268933283442394]]}, "properties": {"source": "24655635", "target": "22840041"}}, {"type": "Feature", "geometry": {"type": "LineString", "coordinates": [[-14.538696571036269, 57.27849976962102], [-14.585175506771265, 57.291485096045164]]}, "properties": {"source": "24655635", "target": "23173003"}}, {"type": "Feature", "geometry": {"type": "LineString", "coordinates": [[-14.538696571036269, 57.27849976962102], [-14.556743309007715, 57.271028799948084]]}, "properties": {"source": "24655635", "target": "28438274"}}, {"type": "Feature", "geometry": {"type": "LineString", "coordinates": [[-14.58406288383975, 57.272948585387766], [-14.611339732644723, 57.286921271401624]]}, "properties": {"source": "24539690", "target": "23447383"}}, {"type": "Feature", "geometry": {"type": "LineString", "coordinates": [[-14.58406288383975, 57.272948585387766], [-14.618339271505675, 57.2883768800272]]}, "properties": {"source": "24539690", "target": "18405928"}}, {"type": "Feature", "geometry": {"type": "LineString", "coordinates": [[-14.58406288383975, 57.272948585387766], [-14.545852547506513, 57.268108431523444]]}, "properties": {"source": "24539690", "target": "23002432"}}, {"type": "Feature", "geometry": {"type": "LineString", "coordinates": [[-14.58406288383975, 57.272948585387766], [-14.544555140546208, 57.27758864352607]]}, "properties": {"source": "24539690", "target": "25438676"}}, {"type": "Feature", "geometry": {"type": "LineString", "coordinates": [[-14.615818646390863, 57.27999291145585], [-14.573969313937766, 57.28578369800283]]}, "properties": {"source": "31824035", "target": "25763989"}}, {"type": "Feature", "geometry": {"type": "LineString", "coordinates": [[-14.615818646390863, 57.27999291145585], [-14.544430254623052, 57.274057110436345]]}, "properties": {"source": "31824035", "target": "28574017"}}, {"type": "Feature", "geometry": {"type": "LineString", "coordinates": [[-14.615818646390863, 57.27999291145585], [-14.590844835937588, 57.27492349667024]]}, "properties": {"source": "31824035", "target": "28096326"}}, {"type": "Feature", "geometry": {"type": "LineString", "coordinates": [[-14.615818646390863, 57.27999291145585], [-14.609459506560256, 57.265396599922425]]}, "properties": {"source": "31824035", "target": "33597798"}}, {"type": "Feature", "geometry": {"type": "LineString", "coordinates": [[-14.57453171176752, 57.27860549859028], [-14.61766947399326, 57.27288719784934]]}, "properties": {"source": "25391835", "target": "26538415"}}, {"type": "Feature", "geometry": {"type": "LineString", "coordinates": [[-14.57453171176752, 57.27860549859028], [-14.582241335555864, 57.28566964555969]]}, "properties": {"source": "25391835", "target": "24582443"}}, {"type": "Feature", "geometry": {"type": "LineString", "coordinates": [[-14.595430625839697, 57.271456003271496], [-14.620673848037654, 57.27271940071695]]}, "properties": {"source": "25992199", "target": "26312175"}}, {"type": "Feature", "geometry": {"type": "LineString", "coordinates": [[-14.595430625839697, 57.271456003271496], [-14.61766947399326, 57.27288719784934]]}, "properties": {"source": "25992199", "target": "26538415"}}, {"type": "Feature", "geometry": {"type": "LineString", "coordinates": [[-14.540378778794405, 57.28099653265723], [-14.535497089237879, 57.27490530178302]]}, "properties": {"source": "25878739", "target": "25340094"}}, {"type": "Feature", "geometry": {"type": "LineString", "coordinates": [[-14.602222215604314, 57.27160496419269], [-14.570711304258623, 57.26579951549054]]}, "properties": {"source": "8977999", "target": "25733879"}}, {"type": "Feature", "geometry": {"type": "LineString", "coordinates": [[-14.611089758879132, 57.26457931445293], [-14.538355198476694, 57.2664400688213]]}, "properties": {"source": "26137879", "target": "26132248"}}, {"type": "Feature", "geometry": {"type": "LineString", "coordinates": [[-14.594982539422745, 57.268472546943045], [-14.614208989643458, 57.28627127221715]]}, "properties": {"source": "17903732", "target": "17693550"}}, {"type": "Feature", "geometry": {"type": "LineString", "coordinates": [[-14.60775728495139, 57.28317166391349], [-14.536840874948439, 57.28409009687208]]}, "properties": {"source": "23662053", "target": "31283058"}}, {"type": "Feature", "geometry": {"type": "LineString", "coordinates": [[-14.60775728495139, 57.28317166391349], [-14.585510274273673, 57.28505289556348]]}, "properties": {"source": "23662053", "target": "32968992"}}, {"type": "Feature", "geometry": {"type": "LineString", "coordinates": [[-14.60775728495139, 57.28317166391349], [-14.568166872183582, 57.29439076057122]]}, "properties": {"source": "23662053", "target": "23662114"}}, {"type": "Feature", "geometry": {"type": "LineString", "coordinates": [[-14.60775728495139, 57.28317166391349], [-14.577329952798863, 57.267215804919104]]}, "properties": {"source": "23662053", "target": "35398601"}}, {"type": "Feature", "geometry": {"type": "LineString", "coordinates": [[-14.60775728495139, 57.28317166391349], [-14.559692771194307, 57.27625205965187]]}, "properties": {"source": "23662053", "target": "22818659"}}, {"type": "Feature", "geometry": {"type": "LineString", "coordinates": [[-14.56826778316102, 57.290042086412925], [-14.59384866591617, 57.27545880466819]]}, "properties": {"source": "25448985", "target": "25550971"}}, {"type": "Feature", "geometry": {"type": "LineString", "coordinates": [[-14.56826778316102, 57.290042086412925], [-14.547749962413747, 57.288757176766026]]}, "properties": {"source": "25448985", "target": "25550961"}}, {"type": "Feature", "geometry": {"type": "LineString", "coordinates": [[-14.56826778316102, 57.290042086412925], [-14.555872294135526, 57.27453070663479]]}, "properties": {"source": "25448985", "target": "25281368"}}, {"type": "Feature", "geometry": {"type": "LineString", "coordinates": [[-14.568840830539813, 57.27312420304028], [-14.55041826596181, 57.27552063136771]]}, "properties": {"source": "17976745", "target": "18054056"}}, {"type": "Feature", "geometry": {"type": "LineString", "coordinates": [[-14.568840830539813, 57.27312420304028], [-14.563316194423379, 57.278242963540094]]}, "properties": {"source": "17976745", "target": "17876030"}}, {"type": "Feature", "geometry": {"type": "LineString", "coordinates": [[-14.568840830539813, 57.27312420304028], [-14.537118949915083, 57.28030565453237]]}, "properties": {"source": "17976745", "target": "18190566"}}, {"type": "Feature", "geometry": {"type": "LineString", "coordinates": [[-14.568840830539813, 57.27312420304028], [-14.622128170805894, 57.29028595678788]]}, "properties": {"source": "17976745", "target": "17727180"}}, {"type": "Feature", "geometry": {"type": "LineString", "coordinates": [[-14.599993876341927, 57.26642400487985], [-14.603648866924829, 57.276406812079784]]}, "properties": {"source": "23259118", "target": "23300811"}}, {"type": "Feature", "geometry": {"type": "LineString", "coordinates": [[-14.599993876341927, 57.26642400487985], [-14.622867245319469, 57.26763823152561]]}, "properties": {"source": "23259118", "target": "23276717"}}, {"type": "Feature", "geometry": {"type": "LineString", "coordinates": [[-14.599993876341927, 57.26642400487985], [-14.623091903210963, 57.27231636368069]]}, "properties": {"source": "23259118", "target": "28475027"}}, {"type": "Feature", "geometry": {"type": "LineString", "coordinates": [[-14.599993876341927, 57.26642400487985], [-14.541977796370304, 57.290802049394884]]}, "properties": {"source": "23259118", "target": "20884636"}}, {"type": "Feature", "geometry": {"type": "LineString", "coordinates": [[-14.546823113222416, 57.29354450553441], [-14.59920477424535, 57.289783478456144]]}, "properties": {"source": "23844414", "target": "23571314"}}, {"type": "Feature", "geometry": {"type": "LineString", "coordinates": [[-14.546823113222416, 57.29354450553441], [-14.575785523199556, 57.28509773111365]]}, "properties": {"source": "23844414", "target": "24809903"}}, {"type": "Feature", "geometry": {"type": "LineString", "coordinates": [[-14.579769272527017, 57.28524234533418], [-14.602887376460217, 57.270492285900275]]}, "properties": {"source": "20553451", "target": "22068620"}}, {"type": "Feature", "geometry": {"type": "LineString", "coordinates": [[-14.579769272527017, 57.28524234533418], [-14.59112937914287, 57.27723799975361]]}, "properties": {"source": "20553451", "target": "22589352"}}, {"type": "Feature", "geometry": {"type": "LineString", "coordinates": [[-14.579769272527017, 57.28524234533418], [-14.536627365486794, 57.26784935871244]]}, "properties": {"source": "20553451", "target": "21805408"}}, {"type": "Feature", "geometry": {"type": "LineString", "coordinates": [[-14.58845688624649, 57.269983111736764], [-14.594704617484553, 57.277044975186584]]}, "properties": {"source": "23558735", "target": "24655681"}}, {"type": "Feature", "geometry": {"type": "LineString", "coordinates": [[-14.58845688624649, 57.269983111736764], [-14.620673848037654, 57.27271940071695]]}, "properties": {"source": "23558735", "target": "26312175"}}, {"type": "Feature", "geometry": {"type": "LineString", "coordinates": [[-14.58845688624649, 57.269983111736764], [-14.575452225524572, 57.28330300435431]]}, "properties": {"source": "23558735", "target": "23761744"}}, {"type": "Feature", "geometry": {"type": "LineString", "coordinates": [[-14.611699975299757, 57.273579071276814], [-14.59112937914287, 57.27723799975361]]}, "properties": {"source": "22430842", "target": "22589352"}}, {"type": "Feature", "geometry": {"type": "LineString", "coordinates": [[-14.611699975299757, 57.273579071276814], [-14.582595693918506, 57.28893057909434]]}, "properties": {"source": "22430842", "target": "23269991"}}, {"type": "Feature", "geometry": {"type": "LineString", "coordinates": [[-14.611699975299757, 57.273579071276814], [-14.574366220245253, 57.272931764903774]]}, "properties": {"source": "22430842", "target": "23010184"}}, {"type": "Feature", "geometry": {"type": "LineString", "coordinates": [[-14.611699975299757, 57.273579071276814], [-14.59384866591617, 57.27545880466819]]}, "properties": {"source": "22430842", "target": "25550971"}}, {"type": "Feature", "geometry": {"type": "LineString", "coordinates": [[-14.611699975299757, 57.273579071276814], [-14.59385806804275, 57.26929892956018]]}, "properties": {"source": "22430842", "target": "19301526"}}, {"type": "Feature", "geometry": {"type": "LineString", "coordinates": [[-14.611699975299757, 57.273579071276814], [-14.617615445639018, 57.26918606200002]]}, "properties": {"source": "22430842", "target": "23612689"}}, {"type": "Feature", "geometry": {"type": "LineString", "coordinates": [[-14.611699975299757, 57.273579071276814], [-14.538070736168436, 57.267056789126]]}, "properties": {"source": "22430842", "target": "23287381"}}, {"type": "Feature", "geometry": {"type": "LineString", "coordinates": [[-14.604578553588567, 57.29092095667097], [-14.574546691941407, 57.29411011996737]]}, "properties": {"source": "25206983", "target": "26312223"}}, {"type": "Feature", "geometry": {"type": "LineString", "coordinates": [[-14.604578553588567, 57.29092095667097], [-14.556970450724975, 57.27625718603662]]}, "properties": {"source": "25206983", "target": "26312198"}}, {"type": "Feature", "geometry": {"type": "LineString", "coordinates": [[-14.604578553588567, 57.29092095667097], [-14.545510171579735, 57.2723446070265]]}, "properties": {"source": "25206983", "target": "26312131"}}, {"type": "Feature", "geometry": {"type": "LineString", "coordinates": [[-14.604578553588567, 57.29092095667097], [-14.537354732301623, 57.2735816345204]]}, "properties": {"source": "25206983", "target": "25922912"}}, {"type": "Feature", "geometry": {"type": "LineString", "coordinates": [[-14.604578553588567, 57.29092095667097], [-14.606253782005751, 57.28146170741124]]}, "properties": {"source": "25206983", "target": "26311787"}}, {"type": "Feature", "geometry": {"type": "LineString", "coordinates": [[-14.61318272855192, 57.279775262183634], [-14.602887376460217, 57.270492285900275]]}, "properties": {"source": "20309341", "target": "22068620"}}, {"type": "Feature", "geometry": {"type": "LineString", "coordinates": [[-14.61318272855192, 57.279775262183634], [-14.573148149529118, 57.26601390993251]]}, "properties": {"source": "20309341", "target": "21902503"}}, {"type": "Feature", "geometry": {"type": "LineString", "coordinates": [[-14.61318272855192, 57.279775262183634], [-14.605671534770067, 57.279638297127406]]}, "properties": {"source": "20309341", "target": "20549525"}}, {"type": "Feature", "geometry": {"type": "LineString", "coordinates": [[-14.611699975299757, 57.273579071276814], [-14.617112245927814, 57.28218116995262]]}, "properties": {"source": "22430842", "target": "20431030"}}, {"type": "Feature", "geometry": {"type": "LineString", "coordinates": [[-14.536880150820195, 57.267791866513946], [-14.55598424639922, 57.27141486431326]]}, "properties": {"source": "22083017", "target": "18375518"}}, {"type": "Feature", "geometry": {"type": "LineString", "coordinates": [[-14.536880150820195, 57.267791866513946], [-14.560274628523302, 57.28872198969471]]}, "properties": {"source": "22083017", "target": "22083637"}}, {"type": "Feature", "geometry": {"type": "LineString", "coordinates": [[-14.536880150820195, 57.267791866513946], [-14.586671832913424, 57.28313260872574]]}, "properties": {"source": "22083017", "target": "20943984"}}, {"type": "Feature", "geometry": {"type": "LineString", "coordinates": [[-14.536880150820195, 57.267791866513946], [-14.593353631998013, 57.26884970093498]]}, "properties": {"source": "22083017", "target": "27805860"}}, {"type": "Feature", "geometry": {"type": "LineString", "coordinates": [[-14.536880150820195, 57.267791866513946], [-14.59712870987866, 57.28561463514946]]}, "properties": {"source": "22083017", "target": "27221238"}}, {"type": "Feature", "geometry": {"type": "LineString", "coordinates": [[-14.536880150820195, 57.267791866513946], [-14.564694086299937, 57.267002782351724]]}, "properties": {"source": "22083017", "target": "18745277"}}, {"type": "Feature", "geometry": {"type": "LineString", "coordinates": [[-14.536880150820195, 57.267791866513946], [-14.548698490966757, 57.27443163521045]]}, "properties": {"source": "22083017", "target": "27274306"}}, {"type": "Feature", "geometry": {"type": "LineString", "coordinates": [[-14.536880150820195, 57.267791866513946], [-14.54131638713045, 57.28952278335224]]}, "properties": {"source": "22083017", "target": "24375551"}}, {"type": "Feature", "geometry": {"type": "LineString", "coordinates": [[-14.565867932535014, 57.27094994834589], [-14.618339271505675, 57.2883768800272]]}, "properties": {"source": "25385454", "target": "18405928"}}, {"type": "Feature", "geometry": {"type": "LineString", "coordinates": [[-14.565867932535014, 57.27094994834589], [-14.545852547506513, 57.268108431523444]]}, "properties": {"source": "25385454", "target": "23002432"}}, {"type": "Feature", "geometry": {"type": "LineString", "coordinates": [[-14.573747010989337, 57.283907441616265], [-14.573969313937766, 57.28578369800283]]}, "properties": {"source": "18781543", "target": "25763989"}}, {"type": "Feature", "geometry": {"type": "LineString", "coordinates": [[-14.573747010989337, 57.283907441616265], [-14.597993074979883, 57.288670374526916]]}, "properties": {"source": "18781543", "target": "26838703"}}, {"type": "Feature", "geometry": {"type": "LineString", "coordinates": [[-14.573747010989337, 57.283907441616265], [-14.622948453900278, 57.27452265525841]]}, "properties": {"source": "18781543", "target": "25234004"}}, {"type": "Feature", "geometry": {"type": "LineString", "coordinates": [[-14.573747010989337, 57.283907441616265], [-14.535442786010833, 57.26466864361166]]}, "properties": {"source": "18781543", "target": "18340482"}}, {"type": "Feature", "geometry": {"type": "LineString", "coordinates": [[-14.573747010989337, 57.283907441616265], [-14.622867245319469, 57.26763823152561]]}, "properties": {"source": "18781543", "target": "23276717"}}, {"type": "Feature", "geometry": {"type": "LineString", "coordinates": [[-14.573747010989337, 57.283907441616265], [-14.539689316833346, 57.270693488096924]]}, "properties": {"source": "18781543", "target": "18341046"}}, {"type": "Feature", "geometry": {"type": "LineString", "coordinates": [[-14.582798578274549, 57.274408462399904], [-14.57368538374027, 57.28206766873758]]}, "properties": {"source": "18468103", "target": "18039219"}}, {"type": "Feature", "geometry": {"type": "LineString", "coordinates": [[-14.582798578274549, 57.274408462399904], [-14.573416033070686, 57.26867917232474]]}, "properties": {"source": "18468103", "target": "23287178"}}, {"type": "Feature", "geometry": {"type": "LineString", "coordinates": [[-14.582798578274549, 57.274408462399904], [-14.606144105093534, 57.28652813176521]]}, "properties": {"source": "18468103", "target": "18183848"}}, {"type": "Feature", "geometry": {"type": "LineString", "coordinates": [[-14.561096142655202, 57.26474660678626], [-14.563316194423379, 57.278242963540094]]}, "properties": {"source": "18622604", "target": "17876030"}}, {"type": "Feature", "geometry": {"type": "LineString", "coordinates": [[-14.561096142655202, 57.26474660678626], [-14.549524411994952, 57.2860343538736]]}, "properties": {"source": "18622604", "target": "18730386"}}, {"type": "Feature", "geometry": {"type": "LineString", "coordinates": [[-14.561096142655202, 57.26474660678626], [-14.617646544969375, 57.280924568492]]}, "properties": {"source": "18622604", "target": "20262760"}}, {"type": "Feature", "geometry": {"type": "LineString", "coordinates": [[-14.564694086299937, 57.267002782351724], [-14.560331347324222, 57.29375447268876]]}, "properties": {"source": "18745277", "target": "21807998"}}, {"type": "Feature", "geometry": {"type": "LineString", "coordinates": [[-14.589710585667234, 57.28602032561764], [-14.606173461938141, 57.278217164589364]]}, "properties": {"source": "24308122", "target": "25168121"}}, {"type": "Feature", "geometry": {"type": "LineString", "coordinates": [[-14.589710585667234, 57.28602032561764], [-14.62013864244679, 57.267486792585004]]}, "properties": {"source": "24308122", "target": "23686727"}}, {"type": "Feature", "geometry": {"type": "LineString", "coordinates": [[-14.589710585667234, 57.28602032561764], [-14.604076622066913, 57.28931273825988]]}, "properties": {"source": "24308122", "target": "23011613"}}, {"type": "Feature", "geometry": {"type": "LineString", "coordinates": [[-14.612810059093448, 57.27520802797258], [-14.552977874518604, 57.280253288045046]]}, "properties": {"source": "19025755", "target": "19068786"}}, {"type": "Feature", "geometry": {"type": "LineString", "coordinates": [[-14.612810059093448, 57.27520802797258], [-14.54507781658208, 57.280676996353264]]}, "properties": {"source": "19025755", "target": "20889588"}}, {"type": "Feature", "geometry": {"type": "LineString", "coordinates": [[-14.612810059093448, 57.27520802797258], [-14.605307415844806, 57.29242007123791]]}, "properties": {"source": "19025755", "target": "22232698"}}, {"type": "Feature", "geometry": {"type": "LineString", "coordinates": [[-14.612810059093448, 57.27520802797258], [-14.5491481238777, 57.26926115874522]]}, "properties": {"source": "19025755", "target": "17737927"}}, {"type": "Feature", "geometry": {"type": "LineString", "coordinates": [[-14.612810059093448, 57.27520802797258], [-14.579793614871676, 57.27746732617712]]}, "properties": {"source": "19025755", "target": "17854691"}}, {"type": "Feature", "geometry": {"type": "LineString", "coordinates": [[-14.561096142655202, 57.26474660678626], [-14.614359196032751, 57.278733716165235]]}, "properties": {"source": "18622604", "target": "18275876"}}, {"type": "Feature", "geometry": {"type": "LineString", "coordinates": [[-14.551021512078108, 57.29096018122823], [-14.550443595970961, 57.26950046151573]]}, "properties": {"source": "20497619", "target": "21483120"}}, {"type": "Feature", "geometry": {"type": "LineString", "coordinates": [[-14.551021512078108, 57.29096018122823], [-14.558761086442871, 57.264610630015724]]}, "properties": {"source": "20497619", "target": "20497613"}}, {"type": "Feature", "geometry": {"type": "LineString", "coordinates": [[-14.551021512078108, 57.29096018122823], [-14.563497128362343, 57.27834717727691]]}, "properties": {"source": "20497619", "target": "18517009"}}, {"type": "Feature", "geometry": {"type": "LineString", "coordinates": [[-14.551021512078108, 57.29096018122823], [-14.595484863518806, 57.266466919328465]]}, "properties": {"source": "20497619", "target": "20497609"}}, {"type": "Feature", "geometry": {"type": "LineString", "coordinates": [[-14.551021512078108, 57.29096018122823], [-14.556272599579842, 57.26641652321344]]}, "properties": {"source": "20497619", "target": "19459671"}}, {"type": "Feature", "geometry": {"type": "LineString", "coordinates": [[-14.551021512078108, 57.29096018122823], [-14.54941072989709, 57.28673161750632]]}, "properties": {"source": "20497619", "target": "19064742"}}, {"type": "Feature", "geometry": {"type": "LineString", "coordinates": [[-14.550443595970961, 57.26950046151573], [-14.594704617484553, 57.277044975186584]]}, "properties": {"source": "21483120", "target": "24655681"}}, {"type": "Feature", "geometry": {"type": "LineString", "coordinates": [[-14.550443595970961, 57.26950046151573], [-14.620673848037654, 57.27271940071695]]}, "properties": {"source": "21483120", "target": "26312175"}}, {"type": "Feature", "geometry": {"type": "LineString", "coordinates": [[-14.591373952933083, 57.27118850459827], [-14.587235554895926, 57.292017798719314]]}, "properties": {"source": "24151121", "target": "18781540"}}, {"type": "Feature", "geometry": {"type": "LineString", "coordinates": [[-14.591373952933083, 57.27118850459827], [-14.557267192962883, 57.26439579445902]]}, "properties": {"source": "24151121", "target": "25865290"}}, {"type": "Feature", "geometry": {"type": "LineString", "coordinates": [[-14.591373952933083, 57.27118850459827], [-14.601652090862302, 57.29377006019445]]}, "properties": {"source": "24151121", "target": "22925759"}}, {"type": "Feature", "geometry": {"type": "LineString", "coordinates": [[-14.591373952933083, 57.27118850459827], [-14.610052021791148, 57.29403962500446]]}, "properties": {"source": "24151121", "target": "22725532"}}, {"type": "Feature", "geometry": {"type": "LineString", "coordinates": [[-14.591373952933083, 57.27118850459827], [-14.610390233355304, 57.268787097284445]]}, "properties": {"source": "24151121", "target": "18809943"}}, {"type": "Feature", "geometry": {"type": "LineString", "coordinates": [[-14.591373952933083, 57.27118850459827], [-14.57450390773701, 57.280248355719365]]}, "properties": {"source": "24151121", "target": "22884603"}}, {"type": "Feature", "geometry": {"type": "LineString", "coordinates": [[-14.591373952933083, 57.27118850459827], [-14.56976225600883, 57.26834950256992]]}, "properties": {"source": "24151121", "target": "23471550"}}, {"type": "Feature", "geometry": {"type": "LineString", "coordinates": [[-14.591373952933083, 57.27118850459827], [-14.58171483934575, 57.27876772071242]]}, "properties": {"source": "24151121", "target": "23471558"}}, {"type": "Feature", "geometry": {"type": "LineString", "coordinates": [[-14.568117155625657, 57.26450123433702], [-14.54691395693527, 57.27241550645971]]}, "properties": {"source": "20632548", "target": "17155500"}}, {"type": "Feature", "geometry": {"type": "LineString", "coordinates": [[-14.568117155625657, 57.26450123433702], [-14.543476846653988, 57.2692213728041]]}, "properties": {"source": "20632548", "target": "21816542"}}, {"type": "Feature", "geometry": {"type": "LineString", "coordinates": [[-14.58176011455447, 57.283263524927094], [-14.553077835713424, 57.27101371809863]]}, "properties": {"source": "18098854", "target": "18192699"}}, {"type": "Feature", "geometry": {"type": "LineString", "coordinates": [[-14.58176011455447, 57.283263524927094], [-14.618339271505675, 57.2883768800272]]}, "properties": {"source": "18098854", "target": "18405928"}}, {"type": "Feature", "geometry": {"type": "LineString", "coordinates": [[-14.58176011455447, 57.283263524927094], [-14.56611896248279, 57.275951046520106]]}, "properties": {"source": "18098854", "target": "17212972"}}, {"type": "Feature", "geometry": {"type": "LineString", "coordinates": [[-14.58176011455447, 57.283263524927094], [-14.579248766632418, 57.292173879730186]]}, "properties": {"source": "18098854", "target": "16116922"}}, {"type": "Feature", "geometry": {"type": "LineString", "coordinates": [[-14.58176011455447, 57.283263524927094], [-14.54691395693527, 57.27241550645971]]}, "properties": {"source": "18098854", "target": "17155500"}}, {"type": "Feature", "geometry": {"type": "LineString", "coordinates": [[-14.58176011455447, 57.283263524927094], [-14.542832742643498, 57.28538342657538]]}, "properties": {"source": "18098854", "target": "20639078"}}, {"type": "Feature", "geometry": {"type": "LineString", "coordinates": [[-14.597993074979883, 57.288670374526916], [-14.622948453900278, 57.27452265525841]]}, "properties": {"source": "26838703", "target": "25234004"}}, {"type": "Feature", "geometry": {"type": "LineString", "coordinates": [[-14.597993074979883, 57.288670374526916], [-14.538366164444767, 57.28567480830435]]}, "properties": {"source": "26838703", "target": "25906956"}}, {"type": "Feature", "geometry": {"type": "LineString", "coordinates": [[-14.597993074979883, 57.288670374526916], [-14.60686601465585, 57.26581052037777]]}, "properties": {"source": "26838703", "target": "25178429"}}, {"type": "Feature", "geometry": {"type": "LineString", "coordinates": [[-14.597993074979883, 57.288670374526916], [-14.557267192962883, 57.26439579445902]]}, "properties": {"source": "26838703", "target": "25865290"}}, {"type": "Feature", "geometry": {"type": "LineString", "coordinates": [[-14.597993074979883, 57.288670374526916], [-14.57450390773701, 57.280248355719365]]}, "properties": {"source": "26838703", "target": "22884603"}}, {"type": "Feature", "geometry": {"type": "LineString", "coordinates": [[-14.597993074979883, 57.288670374526916], [-14.58171483934575, 57.27876772071242]]}, "properties": {"source": "26838703", "target": "23471558"}}, {"type": "Feature", "geometry": {"type": "LineString", "coordinates": [[-14.601323351550946, 57.26877631816775], [-14.574546691941407, 57.29411011996737]]}, "properties": {"source": "24092889", "target": "26312223"}}, {"type": "Feature", "geometry": {"type": "LineString", "coordinates": [[-14.601323351550946, 57.26877631816775], [-14.594704617484553, 57.277044975186584]]}, "properties": {"source": "24092889", "target": "24655681"}}, {"type": "Feature", "geometry": {"type": "LineString", "coordinates": [[-14.61662184268522, 57.26551705374092], [-14.53587548392386, 57.28673082176485]]}, "properties": {"source": "18692169", "target": "18717645"}}, {"type": "Feature", "geometry": {"type": "LineString", "coordinates": [[-14.554833965102972, 57.269227024878546], [-14.601652090862302, 57.29377006019445]]}, "properties": {"source": "20737487", "target": "22925759"}}, {"type": "Feature", "geometry": {"type": "LineString", "coordinates": [[-14.554833965102972, 57.269227024878546], [-14.610052021791148, 57.29403962500446]]}, "properties": {"source": "20737487", "target": "22725532"}}, {"type": "Feature", "geometry": {"type": "LineString", "coordinates": [[-14.554833965102972, 57.269227024878546], [-14.611705234616494, 57.27464977589548]]}, "properties": {"source": "20737487", "target": "21473305"}}, {"type": "Feature", "geometry": {"type": "LineString", "coordinates": [[-14.554833965102972, 57.269227024878546], [-14.583885729039366, 57.28597916105255]]}, "properties": {"source": "20737487", "target": "20737459"}}, {"type": "Feature", "geometry": {"type": "LineString", "coordinates": [[-14.56478207445133, 57.26451902933293], [-14.539689316833346, 57.270693488096924]]}, "properties": {"source": "18241159", "target": "18341046"}}, {"type": "Feature", "geometry": {"type": "LineString", "coordinates": [[-14.56478207445133, 57.26451902933293], [-14.610390233355304, 57.268787097284445]]}, "properties": {"source": "18241159", "target": "18809943"}}, {"type": "Feature", "geometry": {"type": "LineString", "coordinates": [[-14.56478207445133, 57.26451902933293], [-14.565961945033877, 57.2798057816466]]}, "properties": {"source": "18241159", "target": "18131118"}}, {"type": "Feature", "geometry": {"type": "LineString", "coordinates": [[-14.595538920607254, 57.266436247227745], [-14.600630319305338, 57.27516435850639]]}, "properties": {"source": "25812418", "target": "23197095"}}, {"type": "Feature", "geometry": {"type": "LineString", "coordinates": [[-14.595538920607254, 57.266436247227745], [-14.578965180084538, 57.27775946225455]]}, "properties": {"source": "25812418", "target": "22922906"}}, {"type": "Feature", "geometry": {"type": "LineString", "coordinates": [[-14.595538920607254, 57.266436247227745], [-14.591707394056726, 57.29234031342381]]}, "properties": {"source": "25812418", "target": "24669408"}}, {"type": "Feature", "geometry": {"type": "LineString", "coordinates": [[-14.595538920607254, 57.266436247227745], [-14.601249045329439, 57.268489379788534]]}, "properties": {"source": "25812418", "target": "24446976"}}, {"type": "Feature", "geometry": {"type": "LineString", "coordinates": [[-14.595538920607254, 57.266436247227745], [-14.550214487135207, 57.27906568376169]]}, "properties": {"source": "25812418", "target": "24868482"}}, {"type": "Feature", "geometry": {"type": "LineString", "coordinates": [[-14.539230280490955, 57.272824751367], [-14.615818646390863, 57.27999291145585]]}, "properties": {"source": "21896342", "target": "31824035"}}, {"type": "Feature", "geometry": {"type": "LineString", "coordinates": [[-14.539230280490955, 57.272824751367], [-14.625922283630274, 57.29111445489981]]}, "properties": {"source": "21896342", "target": "25502442"}}, {"type": "Feature", "geometry": {"type": "LineString", "coordinates": [[-14.595538920607254, 57.266436247227745], [-14.611039762304046, 57.279443797041196]]}, "properties": {"source": "25812418", "target": "25541245"}}, {"type": "Feature", "geometry": {"type": "LineString", "coordinates": [[-14.548862805208842, 57.27680463411568], [-14.54037031445452, 57.27814290343876]]}, "properties": {"source": "33840688", "target": "34828379"}}, {"type": "Feature", "geometry": {"type": "LineString", "coordinates": [[-14.620798151449577, 57.26600461721918], [-14.573969313937766, 57.28578369800283]]}, "properties": {"source": "25025389", "target": "25763989"}}, {"type": "Feature", "geometry": {"type": "LineString", "coordinates": [[-14.620798151449577, 57.26600461721918], [-14.622948453900278, 57.27452265525841]]}, "properties": {"source": "25025389", "target": "25234004"}}, {"type": "Feature", "geometry": {"type": "LineString", "coordinates": [[-14.620798151449577, 57.26600461721918], [-14.590844835937588, 57.27492349667024]]}, "properties": {"source": "25025389", "target": "28096326"}}, {"type": "Feature", "geometry": {"type": "LineString", "coordinates": [[-14.620798151449577, 57.26600461721918], [-14.549139399648993, 57.2708592526466]]}, "properties": {"source": "25025389", "target": "23491832"}}, {"type": "Feature", "geometry": {"type": "LineString", "coordinates": [[-14.620798151449577, 57.26600461721918], [-14.537554941920803, 57.294088552801654]]}, "properties": {"source": "25025389", "target": "20647753"}}, {"type": "Feature", "geometry": {"type": "LineString", "coordinates": [[-14.545200965242003, 57.27299628228343], [-14.597993074979883, 57.288670374526916]]}, "properties": {"source": "26805129", "target": "26838703"}}, {"type": "Feature", "geometry": {"type": "LineString", "coordinates": [[-14.545200965242003, 57.27299628228343], [-14.538366164444767, 57.28567480830435]]}, "properties": {"source": "26805129", "target": "25906956"}}, {"type": "Feature", "geometry": {"type": "LineString", "coordinates": [[-14.600630319305338, 57.27516435850639], [-14.578965180084538, 57.27775946225455]]}, "properties": {"source": "23197095", "target": "22922906"}}, {"type": "Feature", "geometry": {"type": "LineString", "coordinates": [[-14.600630319305338, 57.27516435850639], [-14.587638616310187, 57.284850167647065]]}, "properties": {"source": "23197095", "target": "23364700"}}, {"type": "Feature", "geometry": {"type": "LineString", "coordinates": [[-14.600630319305338, 57.27516435850639], [-14.591707394056726, 57.29234031342381]]}, "properties": {"source": "23197095", "target": "24669408"}}, {"type": "Feature", "geometry": {"type": "LineString", "coordinates": [[-14.600630319305338, 57.27516435850639], [-14.601249045329439, 57.268489379788534]]}, "properties": {"source": "23197095", "target": "24446976"}}, {"type": "Feature", "geometry": {"type": "LineString", "coordinates": [[-14.600630319305338, 57.27516435850639], [-14.559692771194307, 57.27625205965187]]}, "properties": {"source": "23197095", "target": "22818659"}}, {"type": "Feature", "geometry": {"type": "LineString", "coordinates": [[-14.616890188366483, 57.264441287375575], [-14.575686161460993, 57.277409036968976]]}, "properties": {"source": "35464880", "target": "23989100"}}, {"type": "Feature", "geometry": {"type": "LineString", "coordinates": [[-14.616890188366483, 57.264441287375575], [-14.548269177155078, 57.29309402942458]]}, "properties": {"source": "35464880", "target": "25968411"}}, {"type": "Feature", "geometry": {"type": "LineString", "coordinates": [[-14.616890188366483, 57.264441287375575], [-14.549220863268516, 57.286872920876505]]}, "properties": {"source": "35464880", "target": "31122752"}}, {"type": "Feature", "geometry": {"type": "LineString", "coordinates": [[-14.611630359992091, 57.289434317015335], [-14.54037031445452, 57.27814290343876]]}, "properties": {"source": "29405105", "target": "34828379"}}, {"type": "Feature", "geometry": {"type": "LineString", "coordinates": [[-14.58941071905673, 57.265728828526306], [-14.560331347324222, 57.29375447268876]]}, "properties": {"source": "20629817", "target": "21807998"}}, {"type": "Feature", "geometry": {"type": "LineString", "coordinates": [[-14.58941071905673, 57.265728828526306], [-14.560274628523302, 57.28872198969471]]}, "properties": {"source": "20629817", "target": "22083637"}}, {"type": "Feature", "geometry": {"type": "LineString", "coordinates": [[-14.58941071905673, 57.265728828526306], [-14.586671832913424, 57.28313260872574]]}, "properties": {"source": "20629817", "target": "20943984"}}, {"type": "Feature", "geometry": {"type": "LineString", "coordinates": [[-14.58941071905673, 57.265728828526306], [-14.536627365486794, 57.26784935871244]]}, "properties": {"source": "20629817", "target": "21805408"}}, {"type": "Feature", "geometry": {"type": "LineString", "coordinates": [[-14.58941071905673, 57.265728828526306], [-14.573416033070686, 57.26867917232474]]}, "properties": {"source": "20629817", "target": "23287178"}}, {"type": "Feature", "geometry": {"type": "LineString", "coordinates": [[-14.58941071905673, 57.265728828526306], [-14.606144105093534, 57.28652813176521]]}, "properties": {"source": "20629817", "target": "18183848"}}, {"type": "Feature", "geometry": {"type": "LineString", "coordinates": [[-14.556272599579842, 57.26641652321344], [-14.603615351848077, 57.28797075760296]]}, "properties": {"source": "19459671", "target": "20497616"}}, {"type": "Feature", "geometry": {"type": "LineString", "coordinates": [[-14.608460732058944, 57.273903103439864], [-14.618676075588297, 57.29400890782135]]}, "properties": {"source": "24976627", "target": "18583972"}}, {"type": "Feature", "geometry": {"type": "LineString", "coordinates": [[-14.575397623403433, 57.27620137480021], [-14.602887376460217, 57.270492285900275]]}, "properties": {"source": "20874330", "target": "22068620"}}, {"type": "Feature", "geometry": {"type": "LineString", "coordinates": [[-14.575397623403433, 57.27620137480021], [-14.59112937914287, 57.27723799975361]]}, "properties": {"source": "20874330", "target": "22589352"}}, {"type": "Feature", "geometry": {"type": "LineString", "coordinates": [[-14.575397623403433, 57.27620137480021], [-14.548917708157205, 57.277827602703724]]}, "properties": {"source": "20874330", "target": "23622173"}}, {"type": "Feature", "geometry": {"type": "LineString", "coordinates": [[-14.575397623403433, 57.27620137480021], [-14.541977796370304, 57.290802049394884]]}, "properties": {"source": "20874330", "target": "20884636"}}, {"type": "Feature", "geometry": {"type": "LineString", "coordinates": [[-14.575397623403433, 57.27620137480021], [-14.558901380895719, 57.28943783509776]]}, "properties": {"source": "20874330", "target": "20985987"}}, {"type": "Feature", "geometry": {"type": "LineString", "coordinates": [[-14.575397623403433, 57.27620137480021], [-14.558761086442871, 57.264610630015724]]}, "properties": {"source": "20874330", "target": "20497613"}}, {"type": "Feature", "geometry": {"type": "LineString", "coordinates": [[-14.575397623403433, 57.27620137480021], [-14.584118891566277, 57.28855845013278]]}, "properties": {"source": "20874330", "target": "20891547"}}, {"type": "Feature", "geometry": {"type": "LineString", "coordinates": [[-14.6138306411857, 57.28203153628624], [-14.600766692868064, 57.287063192435326]]}, "properties": {"source": "26167797", "target": "25620093"}}, {"type": "Feature", "geometry": {"type": "LineString", "coordinates": [[-14.6138306411857, 57.28203153628624], [-14.570711304258623, 57.26579951549054]]}, "properties": {"source": "26167797", "target": "25733879"}}, {"type": "Feature", "geometry": {"type": "LineString", "coordinates": [[-14.58051374821872, 57.29030243691261], [-14.603648866924829, 57.276406812079784]]}, "properties": {"source": "25041079", "target": "23300811"}}, {"type": "Feature", "geometry": {"type": "LineString", "coordinates": [[-14.58051374821872, 57.29030243691261], [-14.565321907643153, 57.2827171885921]]}, "properties": {"source": "25041079", "target": "18743467"}}, {"type": "Feature", "geometry": {"type": "LineString", "coordinates": [[-14.58051374821872, 57.29030243691261], [-14.610112273651197, 57.28852600281655]]}, "properties": {"source": "25041079", "target": "28012921"}}, {"type": "Feature", "geometry": {"type": "LineString", "coordinates": [[-14.58051374821872, 57.29030243691261], [-14.553077835713424, 57.27101371809863]]}, "properties": {"source": "25041079", "target": "18192699"}}, {"type": "Feature", "geometry": {"type": "LineString", "coordinates": [[-14.58051374821872, 57.29030243691261], [-14.564955038662049, 57.279815856102644]]}, "properties": {"source": "25041079", "target": "18605047"}}, {"type": "Feature", "geometry": {"type": "LineString", "coordinates": [[-14.611980319608364, 57.2863038704573], [-14.602887376460217, 57.270492285900275]]}, "properties": {"source": "22152589", "target": "22068620"}}, {"type": "Feature", "geometry": {"type": "LineString", "coordinates": [[-14.611980319608364, 57.2863038704573], [-14.59112937914287, 57.27723799975361]]}, "properties": {"source": "22152589", "target": "22589352"}}, {"type": "Feature", "geometry": {"type": "LineString", "coordinates": [[-14.611980319608364, 57.2863038704573], [-14.59356467813717, 57.27735284531124]]}, "properties": {"source": "22152589", "target": "23375508"}}, {"type": "Feature", "geometry": {"type": "LineString", "coordinates": [[-14.611980319608364, 57.2863038704573], [-14.582595693918506, 57.28893057909434]]}, "properties": {"source": "22152589", "target": "23269991"}}, {"type": "Feature", "geometry": {"type": "LineString", "coordinates": [[-14.611980319608364, 57.2863038704573], [-14.623569671476304, 57.26974711467997]]}, "properties": {"source": "22152589", "target": "20821294"}}, {"type": "Feature", "geometry": {"type": "LineString", "coordinates": [[-14.611980319608364, 57.2863038704573], [-14.536880150820195, 57.267791866513946]]}, "properties": {"source": "22152589", "target": "22083017"}}, {"type": "Feature", "geometry": {"type": "LineString", "coordinates": [[-14.611980319608364, 57.2863038704573], [-14.560331347324222, 57.29375447268876]]}, "properties": {"source": "22152589", "target": "21807998"}}, {"type": "Feature", "geometry": {"type": "LineString", "coordinates": [[-14.58051374821872, 57.29030243691261], [-14.544352324845136, 57.26654044550153]]}, "properties": {"source": "25041079", "target": "22613246"}}, {"type": "Feature", "geometry": {"type": "LineString", "coordinates": [[-14.611980319608364, 57.2863038704573], [-14.544352324845136, 57.26654044550153]]}, "properties": {"source": "22152589", "target": "22613246"}}, {"type": "Feature", "geometry": {"type": "LineString", "coordinates": [[-14.605314795609672, 57.276588295280405], [-14.582798578274549, 57.274408462399904]]}, "properties": {"source": "17878281", "target": "18468103"}}, {"type": "Feature", "geometry": {"type": "LineString", "coordinates": [[-14.605314795609672, 57.276588295280405], [-14.560988087491808, 57.27193997935099]]}, "properties": {"source": "17878281", "target": "17832986"}}, {"type": "Feature", "geometry": {"type": "LineString", "coordinates": [[-14.605314795609672, 57.276588295280405], [-14.569551255401421, 57.26798515209627]]}, "properties": {"source": "17878281", "target": "17832415"}}, {"type": "Feature", "geometry": {"type": "LineString", "coordinates": [[-14.605314795609672, 57.276588295280405], [-14.57368538374027, 57.28206766873758]]}, "properties": {"source": "17878281", "target": "18039219"}}, {"type": "Feature", "geometry": {"type": "LineString", "coordinates": [[-14.605314795609672, 57.276588295280405], [-14.573416033070686, 57.26867917232474]]}, "properties": {"source": "17878281", "target": "23287178"}}, {"type": "Feature", "geometry": {"type": "LineString", "coordinates": [[-14.616465145804284, 57.27655702570108], [-14.58146540528412, 57.27739688373532]]}, "properties": {"source": "18073066", "target": "18249941"}}, {"type": "Feature", "geometry": {"type": "LineString", "coordinates": [[-14.616465145804284, 57.27655702570108], [-14.6034334385038, 57.27656123796881]]}, "properties": {"source": "18073066", "target": "17881358"}}, {"type": "Feature", "geometry": {"type": "LineString", "coordinates": [[-14.616465145804284, 57.27655702570108], [-14.551684209396996, 57.28381317791316]]}, "properties": {"source": "18073066", "target": "17436480"}}, {"type": "Feature", "geometry": {"type": "LineString", "coordinates": [[-14.562524691145654, 57.28391571273498], [-14.59642632596558, 57.292993517823604]]}, "properties": {"source": "21865128", "target": "24895218"}}, {"type": "Feature", "geometry": {"type": "LineString", "coordinates": [[-14.562524691145654, 57.28391571273498], [-14.56826778316102, 57.290042086412925]]}, "properties": {"source": "21865128", "target": "25448985"}}, {"type": "Feature", "geometry": {"type": "LineString", "coordinates": [[-14.562524691145654, 57.28391571273498], [-14.592808097777407, 57.27117507010796]]}, "properties": {"source": "21865128", "target": "20879280"}}, {"type": "Feature", "geometry": {"type": "LineString", "coordinates": [[-14.562524691145654, 57.28391571273498], [-14.564410029703481, 57.277170522912485]]}, "properties": {"source": "21865128", "target": "18625453"}}, {"type": "Feature", "geometry": {"type": "LineString", "coordinates": [[-14.562524691145654, 57.28391571273498], [-14.556272599579842, 57.26641652321344]]}, "properties": {"source": "21865128", "target": "19459671"}}, {"type": "Feature", "geometry": {"type": "LineString", "coordinates": [[-14.570735212441178, 57.268853183003], [-14.573747010989337, 57.283907441616265]]}, "properties": {"source": "18628525", "target": "18781543"}}, {"type": "Feature", "geometry": {"type": "LineString", "coordinates": [[-14.570735212441178, 57.268853183003], [-14.536880150820195, 57.267791866513946]]}, "properties": {"source": "18628525", "target": "22083017"}}, {"type": "Feature", "geometry": {"type": "LineString", "coordinates": [[-14.562524691145654, 57.28391571273498], [-14.567628965868863, 57.2839484459098]]}, "properties": {"source": "21865128", "target": "19275709"}}, {"type": "Feature", "geometry": {"type": "LineString", "coordinates": [[-14.606144105093534, 57.28652813176521], [-14.55598424639922, 57.27141486431326]]}, "properties": {"source": "18183848", "target": "18375518"}}, {"type": "Feature", "geometry": {"type": "LineString", "coordinates": [[-14.606144105093534, 57.28652813176521], [-14.59540847219563, 57.28001375336714]]}, "properties": {"source": "18183848", "target": "18269958"}}, {"type": "Feature", "geometry": {"type": "LineString", "coordinates": [[-14.557240056372763, 57.286360032067066], [-14.601652090862302, 57.29377006019445]]}, "properties": {"source": "23437061", "target": "22925759"}}, {"type": "Feature", "geometry": {"type": "LineString", "coordinates": [[-14.557240056372763, 57.286360032067066], [-14.610052021791148, 57.29403962500446]]}, "properties": {"source": "23437061", "target": "22725532"}}, {"type": "Feature", "geometry": {"type": "LineString", "coordinates": [[-14.557240056372763, 57.286360032067066], [-14.583885729039366, 57.28597916105255]]}, "properties": {"source": "23437061", "target": "20737459"}}, {"type": "Feature", "geometry": {"type": "LineString", "coordinates": [[-14.544820967572122, 57.294075654234234], [-14.539689316833346, 57.270693488096924]]}, "properties": {"source": "18040069", "target": "18341046"}}, {"type": "Feature", "geometry": {"type": "LineString", "coordinates": [[-14.544820967572122, 57.294075654234234], [-14.565961945033877, 57.2798057816466]]}, "properties": {"source": "18040069", "target": "18131118"}}, {"type": "Feature", "geometry": {"type": "LineString", "coordinates": [[-14.58608575917745, 57.26696540566404], [-14.585510274273673, 57.28505289556348]]}, "properties": {"source": "35619967", "target": "32968992"}}, {"type": "Feature", "geometry": {"type": "LineString", "coordinates": [[-14.556744491028098, 57.27949349777903], [-14.552977874518604, 57.280253288045046]]}, "properties": {"source": "19546770", "target": "19068786"}}, {"type": "Feature", "geometry": {"type": "LineString", "coordinates": [[-14.556744491028098, 57.27949349777903], [-14.558761086442871, 57.264610630015724]]}, "properties": {"source": "19546770", "target": "20497613"}}, {"type": "Feature", "geometry": {"type": "LineString", "coordinates": [[-14.556744491028098, 57.27949349777903], [-14.561096142655202, 57.26474660678626]]}, "properties": {"source": "19546770", "target": "18622604"}}, {"type": "Feature", "geometry": {"type": "LineString", "coordinates": [[-14.556744491028098, 57.27949349777903], [-14.549524411994952, 57.2860343538736]]}, "properties": {"source": "19546770", "target": "18730386"}}, {"type": "Feature", "geometry": {"type": "LineString", "coordinates": [[-14.556744491028098, 57.27949349777903], [-14.563497128362343, 57.27834717727691]]}, "properties": {"source": "19546770", "target": "18517009"}}, {"type": "Feature", "geometry": {"type": "LineString", "coordinates": [[-14.556744491028098, 57.27949349777903], [-14.595484863518806, 57.266466919328465]]}, "properties": {"source": "19546770", "target": "20497609"}}, {"type": "Feature", "geometry": {"type": "LineString", "coordinates": [[-14.556744491028098, 57.27949349777903], [-14.615457270715012, 57.29053108132668]]}, "properties": {"source": "19546770", "target": "18374999"}}, {"type": "Feature", "geometry": {"type": "LineString", "coordinates": [[-14.556744491028098, 57.27949349777903], [-14.556272599579842, 57.26641652321344]]}, "properties": {"source": "19546770", "target": "19459671"}}, {"type": "Feature", "geometry": {"type": "LineString", "coordinates": [[-14.57893085352768, 57.294503083729495], [-14.57072069244876, 57.290008660130866]]}, "properties": {"source": "27296292", "target": "29907006"}}, {"type": "Feature", "geometry": {"type": "LineString", "coordinates": [[-14.57893085352768, 57.294503083729495], [-14.59642632596558, 57.292993517823604]]}, "properties": {"source": "27296292", "target": "24895218"}}, {"type": "Feature", "geometry": {"type": "LineString", "coordinates": [[-14.57893085352768, 57.294503083729495], [-14.56826778316102, 57.290042086412925]]}, "properties": {"source": "27296292", "target": "25448985"}}, {"type": "Feature", "geometry": {"type": "LineString", "coordinates": [[-14.625354174982164, 57.26573184724465], [-14.541977796370304, 57.290802049394884]]}, "properties": {"source": "19397862", "target": "20884636"}}, {"type": "Feature", "geometry": {"type": "LineString", "coordinates": [[-14.625354174982164, 57.26573184724465], [-14.579769272527017, 57.28524234533418]]}, "properties": {"source": "19397862", "target": "20553451"}}, {"type": "Feature", "geometry": {"type": "LineString", "coordinates": [[-14.625354174982164, 57.26573184724465], [-14.59590501337371, 57.27174701745139]]}, "properties": {"source": "19397862", "target": "20518655"}}, {"type": "Feature", "geometry": {"type": "LineString", "coordinates": [[-14.625354174982164, 57.26573184724465], [-14.620514347332062, 57.26505574558759]]}, "properties": {"source": "19397862", "target": "18808407"}}, {"type": "Feature", "geometry": {"type": "LineString", "coordinates": [[-14.544555140546208, 57.27758864352607], [-14.554363948345326, 57.28558676656564]]}, "properties": {"source": "25438676", "target": "27269944"}}, {"type": "Feature", "geometry": {"type": "LineString", "coordinates": [[-14.603534666777108, 57.27964184978153], [-14.58146540528412, 57.27739688373532]]}, "properties": {"source": "18159850", "target": "18249941"}}, {"type": "Feature", "geometry": {"type": "LineString", "coordinates": [[-14.603534666777108, 57.27964184978153], [-14.6034334385038, 57.27656123796881]]}, "properties": {"source": "18159850", "target": "17881358"}}, {"type": "Feature", "geometry": {"type": "LineString", "coordinates": [[-14.603534666777108, 57.27964184978153], [-14.551684209396996, 57.28381317791316]]}, "properties": {"source": "18159850", "target": "17436480"}}, {"type": "Feature", "geometry": {"type": "LineString", "coordinates": [[-14.577232205921945, 57.28878075232426], [-14.603648866924829, 57.276406812079784]]}, "properties": {"source": "22365786", "target": "23300811"}}, {"type": "Feature", "geometry": {"type": "LineString", "coordinates": [[-14.577232205921945, 57.28878075232426], [-14.579175753503677, 57.28541045503897]]}, "properties": {"source": "22365786", "target": "22585874"}}, {"type": "Feature", "geometry": {"type": "LineString", "coordinates": [[-14.577232205921945, 57.28878075232426], [-14.549524411994952, 57.2860343538736]]}, "properties": {"source": "22365786", "target": "18730386"}}, {"type": "Feature", "geometry": {"type": "LineString", "coordinates": [[-14.625354174982164, 57.26573184724465], [-14.544352324845136, 57.26654044550153]]}, "properties": {"source": "19397862", "target": "22613246"}}, {"type": "Feature", "geometry": {"type": "LineString", "coordinates": [[-14.603534666777108, 57.27964184978153], [-14.614359196032751, 57.278733716165235]]}, "properties": {"source": "18159850", "target": "18275876"}}, {"type": "Feature", "geometry": {"type": "LineString", "coordinates": [[-14.591707394056726, 57.29234031342381], [-14.601249045329439, 57.268489379788534]]}, "properties": {"source": "24669408", "target": "24446976"}}, {"type": "Feature", "geometry": {"type": "LineString", "coordinates": [[-14.591707394056726, 57.29234031342381], [-14.550214487135207, 57.27906568376169]]}, "properties": {"source": "24669408", "target": "24868482"}}, {"type": "Feature", "geometry": {"type": "LineString", "coordinates": [[-14.55600800066236, 57.27649786917932], [-14.58146540528412, 57.27739688373532]]}, "properties": {"source": "23399746", "target": "18249941"}}, {"type": "Feature", "geometry": {"type": "LineString", "coordinates": [[-14.55600800066236, 57.27649786917932], [-14.624458444919071, 57.28145602171388]]}, "properties": {"source": "23399746", "target": "18802240"}}, {"type": "Feature", "geometry": {"type": "LineString", "coordinates": [[-14.55600800066236, 57.27649786917932], [-14.551020799266013, 57.280579068295054]]}, "properties": {"source": "23399746", "target": "25026501"}}, {"type": "Feature", "geometry": {"type": "LineString", "coordinates": [[-14.610390408659384, 57.28875532047631], [-14.602647533593597, 57.27791233083963]]}, "properties": {"source": "18623791", "target": "17226501"}}, {"type": "Feature", "geometry": {"type": "LineString", "coordinates": [[-14.610390408659384, 57.28875532047631], [-14.616467167589661, 57.28894770052729]]}, "properties": {"source": "18623791", "target": "28442558"}}, {"type": "Feature", "geometry": {"type": "LineString", "coordinates": [[-14.581826321946835, 57.294358703637656], [-14.603648866924829, 57.276406812079784]]}, "properties": {"source": "23005153", "target": "23300811"}}, {"type": "Feature", "geometry": {"type": "LineString", "coordinates": [[-14.56478207445133, 57.26451902933293], [-14.54755597012462, 57.29036134249077]]}, "properties": {"source": "18241159", "target": "20414715"}}, {"type": "Feature", "geometry": {"type": "LineString", "coordinates": [[-14.56478207445133, 57.26451902933293], [-14.558215051770702, 57.264375429005824]]}, "properties": {"source": "18241159", "target": "18069234"}}, {"type": "Feature", "geometry": {"type": "LineString", "coordinates": [[-14.56478207445133, 57.26451902933293], [-14.544850594936577, 57.28094327597634]]}, "properties": {"source": "18241159", "target": "18835734"}}, {"type": "Feature", "geometry": {"type": "LineString", "coordinates": [[-14.568166872183582, 57.29439076057122], [-14.543520558533999, 57.270280481929035]]}, "properties": {"source": "23662114", "target": "23521324"}}, {"type": "Feature", "geometry": {"type": "LineString", "coordinates": [[-14.551684209396996, 57.28381317791316], [-14.6034334385038, 57.27656123796881]]}, "properties": {"source": "17436480", "target": "17881358"}}, {"type": "Feature", "geometry": {"type": "LineString", "coordinates": [[-14.551684209396996, 57.28381317791316], [-14.620475278437937, 57.288631064507584]]}, "properties": {"source": "17436480", "target": "17166938"}}, {"type": "Feature", "geometry": {"type": "LineString", "coordinates": [[-14.595836518562322, 57.270604693515224], [-14.599731063941363, 57.2777554057694]]}, "properties": {"source": "17314424", "target": "17869229"}}, {"type": "Feature", "geometry": {"type": "LineString", "coordinates": [[-14.595836518562322, 57.270604693515224], [-14.622128170805894, 57.29028595678788]]}, "properties": {"source": "17314424", "target": "17727180"}}, {"type": "Feature", "geometry": {"type": "LineString", "coordinates": [[-14.612810059093448, 57.27520802797258], [-14.556766725399427, 57.273853090204724]]}, "properties": {"source": "19025755", "target": "17934979"}}, {"type": "Feature", "geometry": {"type": "LineString", "coordinates": [[-14.612810059093448, 57.27520802797258], [-14.541633690352455, 57.27299721501474]]}, "properties": {"source": "19025755", "target": "18282913"}}, {"type": "Feature", "geometry": {"type": "LineString", "coordinates": [[-14.612810059093448, 57.27520802797258], [-14.596365926958697, 57.28836801644749]]}, "properties": {"source": "19025755", "target": "20868172"}}, {"type": "Feature", "geometry": {"type": "LineString", "coordinates": [[-14.612810059093448, 57.27520802797258], [-14.576672841459782, 57.29184979069605]]}, "properties": {"source": "19025755", "target": "21458612"}}, {"type": "Feature", "geometry": {"type": "LineString", "coordinates": [[-14.542244902634195, 57.28056412544872], [-14.605898314570396, 57.293370862838856]]}, "properties": {"source": "25595331", "target": "28821417"}}, {"type": "Feature", "geometry": {"type": "LineString", "coordinates": [[-14.542244902634195, 57.28056412544872], [-14.611980319608364, 57.2863038704573]]}, "properties": {"source": "25595331", "target": "22152589"}}, {"type": "Feature", "geometry": {"type": "LineString", "coordinates": [[-14.542244902634195, 57.28056412544872], [-14.623091903210963, 57.27231636368069]]}, "properties": {"source": "25595331", "target": "28475027"}}, {"type": "Feature", "geometry": {"type": "LineString", "coordinates": [[-14.542244902634195, 57.28056412544872], [-14.613981580628973, 57.27394834492556]]}, "properties": {"source": "25595331", "target": "22910368"}}, {"type": "Feature", "geometry": {"type": "LineString", "coordinates": [[-14.59356467813717, 57.27735284531124], [-14.603648866924829, 57.276406812079784]]}, "properties": {"source": "23375508", "target": "23300811"}}, {"type": "Feature", "geometry": {"type": "LineString", "coordinates": [[-14.59356467813717, 57.27735284531124], [-14.6138306411857, 57.28203153628624]]}, "properties": {"source": "23375508", "target": "26167797"}}, {"type": "Feature", "geometry": {"type": "LineString", "coordinates": [[-14.59356467813717, 57.27735284531124], [-14.58051374821872, 57.29030243691261]]}, "properties": {"source": "23375508", "target": "25041079"}}, {"type": "Feature", "geometry": {"type": "LineString", "coordinates": [[-14.59356467813717, 57.27735284531124], [-14.574366220245253, 57.272931764903774]]}, "properties": {"source": "23375508", "target": "23010184"}}, {"type": "Feature", "geometry": {"type": "LineString", "coordinates": [[-14.59356467813717, 57.27735284531124], [-14.565321907643153, 57.2827171885921]]}, "properties": {"source": "23375508", "target": "18743467"}}, {"type": "Feature", "geometry": {"type": "LineString", "coordinates": [[-14.59356467813717, 57.27735284531124], [-14.610112273651197, 57.28852600281655]]}, "properties": {"source": "23375508", "target": "28012921"}}, {"type": "Feature", "geometry": {"type": "LineString", "coordinates": [[-14.59356467813717, 57.27735284531124], [-14.553077835713424, 57.27101371809863]]}, "properties": {"source": "23375508", "target": "18192699"}}, {"type": "Feature", "geometry": {"type": "LineString", "coordinates": [[-14.59356467813717, 57.27735284531124], [-14.544352324845136, 57.26654044550153]]}, "properties": {"source": "23375508", "target": "22613246"}}, {"type": "Feature", "geometry": {"type": "LineString", "coordinates": [[-14.597803435174512, 57.26535977966718], [-14.548862805208842, 57.27680463411568]]}, "properties": {"source": "35077197", "target": "33840688"}}, {"type": "Feature", "geometry": {"type": "LineString", "coordinates": [[-14.597803435174512, 57.26535977966718], [-14.620798151449577, 57.26600461721918]]}, "properties": {"source": "35077197", "target": "25025389"}}, {"type": "Feature", "geometry": {"type": "LineString", "coordinates": [[-14.597803435174512, 57.26535977966718], [-14.549139399648993, 57.2708592526466]]}, "properties": {"source": "35077197", "target": "23491832"}}, {"type": "Feature", "geometry": {"type": "LineString", "coordinates": [[-14.597803435174512, 57.26535977966718], [-14.58203664817961, 57.28894796968166]]}, "properties": {"source": "35077197", "target": "34834103"}}, {"type": "Feature", "geometry": {"type": "LineString", "coordinates": [[-14.597803435174512, 57.26535977966718], [-14.546621667593257, 57.28398693470881]]}, "properties": {"source": "35077197", "target": "34792185"}}, {"type": "Feature", "geometry": {"type": "LineString", "coordinates": [[-14.584646658466738, 57.28390920600134], [-14.597993074979883, 57.288670374526916]]}, "properties": {"source": "20737507", "target": "26838703"}}, {"type": "Feature", "geometry": {"type": "LineString", "coordinates": [[-14.584646658466738, 57.28390920600134], [-14.591373952933083, 57.27118850459827]]}, "properties": {"source": "20737507", "target": "24151121"}}, {"type": "Feature", "geometry": {"type": "LineString", "coordinates": [[-14.584646658466738, 57.28390920600134], [-14.601652090862302, 57.29377006019445]]}, "properties": {"source": "20737507", "target": "22925759"}}, {"type": "Feature", "geometry": {"type": "LineString", "coordinates": [[-14.577821317102945, 57.267402206075005], [-14.602887376460217, 57.270492285900275]]}, "properties": {"source": "19569028", "target": "22068620"}}, {"type": "Feature", "geometry": {"type": "LineString", "coordinates": [[-14.577821317102945, 57.267402206075005], [-14.59112937914287, 57.27723799975361]]}, "properties": {"source": "19569028", "target": "22589352"}}, {"type": "Feature", "geometry": {"type": "LineString", "coordinates": [[-14.577821317102945, 57.267402206075005], [-14.561096142655202, 57.26474660678626]]}, "properties": {"source": "19569028", "target": "18622604"}}, {"type": "Feature", "geometry": {"type": "LineString", "coordinates": [[-14.577821317102945, 57.267402206075005], [-14.617646544969375, 57.280924568492]]}, "properties": {"source": "19569028", "target": "20262760"}}, {"type": "Feature", "geometry": {"type": "LineString", "coordinates": [[-14.582798578274549, 57.274408462399904], [-14.560331347324222, 57.29375447268876]]}, "properties": {"source": "18468103", "target": "21807998"}}, {"type": "Feature", "geometry": {"type": "LineString", "coordinates": [[-14.582798578274549, 57.274408462399904], [-14.586671832913424, 57.28313260872574]]}, "properties": {"source": "18468103", "target": "20943984"}}, {"type": "Feature", "geometry": {"type": "LineString", "coordinates": [[-14.582798578274549, 57.274408462399904], [-14.560988087491808, 57.27193997935099]]}, "properties": {"source": "18468103", "target": "17832986"}}, {"type": "Feature", "geometry": {"type": "LineString", "coordinates": [[-14.582798578274549, 57.274408462399904], [-14.61662184268522, 57.26551705374092]]}, "properties": {"source": "18468103", "target": "18692169"}}, {"type": "Feature", "geometry": {"type": "LineString", "coordinates": [[-14.56166862902296, 57.281000114695146], [-14.56417175096584, 57.28934451840087]]}, "properties": {"source": "17926109", "target": "16099246"}}, {"type": "Feature", "geometry": {"type": "LineString", "coordinates": [[-14.56166862902296, 57.281000114695146], [-14.625211857997556, 57.284776494987426]]}, "properties": {"source": "17926109", "target": "35570300"}}, {"type": "Feature", "geometry": {"type": "LineString", "coordinates": [[-14.56166862902296, 57.281000114695146], [-14.575200839942994, 57.272195891958404]]}, "properties": {"source": "17926109", "target": "16117488"}}, {"type": "Feature", "geometry": {"type": "LineString", "coordinates": [[-14.56166862902296, 57.281000114695146], [-14.586655782523678, 57.286181685982726]]}, "properties": {"source": "17926109", "target": "17860622"}}, {"type": "Feature", "geometry": {"type": "LineString", "coordinates": [[-14.544430254623052, 57.274057110436345], [-14.573969313937766, 57.28578369800283]]}, "properties": {"source": "28574017", "target": "25763989"}}, {"type": "Feature", "geometry": {"type": "LineString", "coordinates": [[-14.544430254623052, 57.274057110436345], [-14.595322993671743, 57.26734082826468]]}, "properties": {"source": "28574017", "target": "25341651"}}, {"type": "Feature", "geometry": {"type": "LineString", "coordinates": [[-14.544430254623052, 57.274057110436345], [-14.590844835937588, 57.27492349667024]]}, "properties": {"source": "28574017", "target": "28096326"}}, {"type": "Feature", "geometry": {"type": "LineString", "coordinates": [[-14.544430254623052, 57.274057110436345], [-14.625922283630274, 57.29111445489981]]}, "properties": {"source": "28574017", "target": "25502442"}}, {"type": "Feature", "geometry": {"type": "LineString", "coordinates": [[-14.59385806804275, 57.26929892956018], [-14.561096142655202, 57.26474660678626]]}, "properties": {"source": "19301526", "target": "18622604"}}, {"type": "Feature", "geometry": {"type": "LineString", "coordinates": [[-14.59385806804275, 57.26929892956018], [-14.564410029703481, 57.277170522912485]]}, "properties": {"source": "19301526", "target": "18625453"}}, {"type": "Feature", "geometry": {"type": "LineString", "coordinates": [[-14.552287740125678, 57.28547256818197], [-14.573747010989337, 57.283907441616265]]}, "properties": {"source": "18401170", "target": "18781543"}}, {"type": "Feature", "geometry": {"type": "LineString", "coordinates": [[-14.552287740125678, 57.28547256818197], [-14.560331347324222, 57.29375447268876]]}, "properties": {"source": "18401170", "target": "21807998"}}, {"type": "Feature", "geometry": {"type": "LineString", "coordinates": [[-14.552287740125678, 57.28547256818197], [-14.55598424639922, 57.27141486431326]]}, "properties": {"source": "18401170", "target": "18375518"}}, {"type": "Feature", "geometry": {"type": "LineString", "coordinates": [[-14.552287740125678, 57.28547256818197], [-14.560274628523302, 57.28872198969471]]}, "properties": {"source": "18401170", "target": "22083637"}}, {"type": "Feature", "geometry": {"type": "LineString", "coordinates": [[-14.552287740125678, 57.28547256818197], [-14.582798578274549, 57.274408462399904]]}, "properties": {"source": "18401170", "target": "18468103"}}, {"type": "Feature", "geometry": {"type": "LineString", "coordinates": [[-14.59385806804275, 57.26929892956018], [-14.567628965868863, 57.2839484459098]]}, "properties": {"source": "19301526", "target": "19275709"}}, {"type": "Feature", "geometry": {"type": "LineString", "coordinates": [[-14.565867932535014, 57.27094994834589], [-14.610112273651197, 57.28852600281655]]}, "properties": {"source": "25385454", "target": "28012921"}}, {"type": "Feature", "geometry": {"type": "LineString", "coordinates": [[-14.565867932535014, 57.27094994834589], [-14.58406288383975, 57.272948585387766]]}, "properties": {"source": "25385454", "target": "24539690"}}, {"type": "Feature", "geometry": {"type": "LineString", "coordinates": [[-14.565867932535014, 57.27094994834589], [-14.624530504345898, 57.29284020141503]]}, "properties": {"source": "25385454", "target": "30622123"}}, {"type": "Feature", "geometry": {"type": "LineString", "coordinates": [[-14.565867932535014, 57.27094994834589], [-14.623091903210963, 57.27231636368069]]}, "properties": {"source": "25385454", "target": "28475027"}}, {"type": "Feature", "geometry": {"type": "LineString", "coordinates": [[-14.565867932535014, 57.27094994834589], [-14.599993876341927, 57.26642400487985]]}, "properties": {"source": "25385454", "target": "23259118"}}, {"type": "Feature", "geometry": {"type": "LineString", "coordinates": [[-14.565867932535014, 57.27094994834589], [-14.538434119863638, 57.27977074163924]]}, "properties": {"source": "25385454", "target": "25392083"}}, {"type": "Feature", "geometry": {"type": "LineString", "coordinates": [[-14.565867932535014, 57.27094994834589], [-14.546154661159846, 57.28748084166661]]}, "properties": {"source": "25385454", "target": "25448986"}}, {"type": "Feature", "geometry": {"type": "LineString", "coordinates": [[-14.565867932535014, 57.27094994834589], [-14.611339732644723, 57.286921271401624]]}, "properties": {"source": "25385454", "target": "23447383"}}, {"type": "Feature", "geometry": {"type": "LineString", "coordinates": [[-14.55103292910644, 57.27682418534884], [-14.56318582016658, 57.26684165056881]]}, "properties": {"source": "28535515", "target": "20581108"}}, {"type": "Feature", "geometry": {"type": "LineString", "coordinates": [[-14.55103292910644, 57.27682418534884], [-14.568936901653444, 57.289934557136974]]}, "properties": {"source": "28535515", "target": "27930482"}}, {"type": "Feature", "geometry": {"type": "LineString", "coordinates": [[-14.55103292910644, 57.27682418534884], [-14.58203664817961, 57.28894796968166]]}, "properties": {"source": "28535515", "target": "34834103"}}, {"type": "Feature", "geometry": {"type": "LineString", "coordinates": [[-14.55103292910644, 57.27682418534884], [-14.622086123707618, 57.28427834909169]]}, "properties": {"source": "28535515", "target": "25681827"}}, {"type": "Feature", "geometry": {"type": "LineString", "coordinates": [[-14.55103292910644, 57.27682418534884], [-14.605431502773598, 57.283660954081114]]}, "properties": {"source": "28535515", "target": "23574611"}}, {"type": "Feature", "geometry": {"type": "LineString", "coordinates": [[-14.536880150820195, 57.267791866513946], [-14.560331347324222, 57.29375447268876]]}, "properties": {"source": "22083017", "target": "21807998"}}, {"type": "Feature", "geometry": {"type": "LineString", "coordinates": [[-14.536880150820195, 57.267791866513946], [-14.552287740125678, 57.28547256818197]]}, "properties": {"source": "22083017", "target": "18401170"}}, {"type": "Feature", "geometry": {"type": "LineString", "coordinates": [[-14.536880150820195, 57.267791866513946], [-14.544352324845136, 57.26654044550153]]}, "properties": {"source": "22083017", "target": "22613246"}}, {"type": "Feature", "geometry": {"type": "LineString", "coordinates": [[-14.570735212441178, 57.268853183003], [-14.560331347324222, 57.29375447268876]]}, "properties": {"source": "18628525", "target": "21807998"}}, {"type": "Feature", "geometry": {"type": "LineString", "coordinates": [[-14.570735212441178, 57.268853183003], [-14.552287740125678, 57.28547256818197]]}, "properties": {"source": "18628525", "target": "18401170"}}, {"type": "Feature", "geometry": {"type": "LineString", "coordinates": [[-14.570735212441178, 57.268853183003], [-14.55598424639922, 57.27141486431326]]}, "properties": {"source": "18628525", "target": "18375518"}}, {"type": "Feature", "geometry": {"type": "LineString", "coordinates": [[-14.570735212441178, 57.268853183003], [-14.560274628523302, 57.28872198969471]]}, "properties": {"source": "18628525", "target": "22083637"}}, {"type": "Feature", "geometry": {"type": "LineString", "coordinates": [[-14.570735212441178, 57.268853183003], [-14.587235554895926, 57.292017798719314]]}, "properties": {"source": "18628525", "target": "18781540"}}, {"type": "Feature", "geometry": {"type": "LineString", "coordinates": [[-14.570735212441178, 57.268853183003], [-14.59712870987866, 57.28561463514946]]}, "properties": {"source": "18628525", "target": "27221238"}}, {"type": "Feature", "geometry": {"type": "LineString", "coordinates": [[-14.570735212441178, 57.268853183003], [-14.611705234616494, 57.27464977589548]]}, "properties": {"source": "18628525", "target": "21473305"}}, {"type": "Feature", "geometry": {"type": "LineString", "coordinates": [[-14.570735212441178, 57.268853183003], [-14.582798578274549, 57.274408462399904]]}, "properties": {"source": "18628525", "target": "18468103"}}, {"type": "Feature", "geometry": {"type": "LineString", "coordinates": [[-14.570735212441178, 57.268853183003], [-14.564694086299937, 57.267002782351724]]}, "properties": {"source": "18628525", "target": "18745277"}}, {"type": "Feature", "geometry": {"type": "LineString", "coordinates": [[-14.570735212441178, 57.268853183003], [-14.560988087491808, 57.27193997935099]]}, "properties": {"source": "18628525", "target": "17832986"}}, {"type": "Feature", "geometry": {"type": "LineString", "coordinates": [[-14.570735212441178, 57.268853183003], [-14.54131638713045, 57.28952278335224]]}, "properties": {"source": "18628525", "target": "24375551"}}, {"type": "Feature", "geometry": {"type": "LineString", "coordinates": [[-14.570735212441178, 57.268853183003], [-14.612487120723586, 57.28357796895068]]}, "properties": {"source": "18628525", "target": "17829764"}}, {"type": "Feature", "geometry": {"type": "LineString", "coordinates": [[-14.57072069244876, 57.290008660130866], [-14.624530504345898, 57.29284020141503]]}, "properties": {"source": "29907006", "target": "30622123"}}, {"type": "Feature", "geometry": {"type": "LineString", "coordinates": [[-14.57072069244876, 57.290008660130866], [-14.59384866591617, 57.27545880466819]]}, "properties": {"source": "29907006", "target": "25550971"}}, {"type": "Feature", "geometry": {"type": "LineString", "coordinates": [[-14.57072069244876, 57.290008660130866], [-14.547749962413747, 57.288757176766026]]}, "properties": {"source": "29907006", "target": "25550961"}}, {"type": "Feature", "geometry": {"type": "LineString", "coordinates": [[-14.57072069244876, 57.290008660130866], [-14.538434119863638, 57.27977074163924]]}, "properties": {"source": "29907006", "target": "25392083"}}, {"type": "Feature", "geometry": {"type": "LineString", "coordinates": [[-14.538582086716957, 57.2896906725903], [-14.599171937154637, 57.282358347840244]]}, "properties": {"source": "18880307", "target": "18462806"}}, {"type": "Feature", "geometry": {"type": "LineString", "coordinates": [[-14.538582086716957, 57.2896906725903], [-14.615457270715012, 57.29053108132668]]}, "properties": {"source": "18880307", "target": "18374999"}}, {"type": "Feature", "geometry": {"type": "LineString", "coordinates": [[-14.538582086716957, 57.2896906725903], [-14.569551255401421, 57.26798515209627]]}, "properties": {"source": "18880307", "target": "17832415"}}, {"type": "Feature", "geometry": {"type": "LineString", "coordinates": [[-14.538582086716957, 57.2896906725903], [-14.61662184268522, 57.26551705374092]]}, "properties": {"source": "18880307", "target": "18692169"}}, {"type": "Feature", "geometry": {"type": "LineString", "coordinates": [[-14.538582086716957, 57.2896906725903], [-14.602416303435376, 57.28410885262848]]}, "properties": {"source": "18880307", "target": "18715733"}}, {"type": "Feature", "geometry": {"type": "LineString", "coordinates": [[-14.538582086716957, 57.2896906725903], [-14.57368538374027, 57.28206766873758]]}, "properties": {"source": "18880307", "target": "18039219"}}, {"type": "Feature", "geometry": {"type": "LineString", "coordinates": [[-14.538582086716957, 57.2896906725903], [-14.61315072692662, 57.27212778292558]]}, "properties": {"source": "18880307", "target": "18526139"}}, {"type": "Feature", "geometry": {"type": "LineString", "coordinates": [[-14.597993074979883, 57.288670374526916], [-14.573969313937766, 57.28578369800283]]}, "properties": {"source": "26838703", "target": "25763989"}}, {"type": "Feature", "geometry": {"type": "LineString", "coordinates": [[-14.611699975299757, 57.273579071276814], [-14.547749962413747, 57.288757176766026]]}, "properties": {"source": "22430842", "target": "25550961"}}, {"type": "Feature", "geometry": {"type": "LineString", "coordinates": [[-14.611699975299757, 57.273579071276814], [-14.555872294135526, 57.27453070663479]]}, "properties": {"source": "22430842", "target": "25281368"}}, {"type": "Feature", "geometry": {"type": "LineString", "coordinates": [[-14.611699975299757, 57.273579071276814], [-14.59642632596558, 57.292993517823604]]}, "properties": {"source": "22430842", "target": "24895218"}}, {"type": "Feature", "geometry": {"type": "LineString", "coordinates": [[-14.611699975299757, 57.273579071276814], [-14.56826778316102, 57.290042086412925]]}, "properties": {"source": "22430842", "target": "25448985"}}, {"type": "Feature", "geometry": {"type": "LineString", "coordinates": [[-14.611699975299757, 57.273579071276814], [-14.592808097777407, 57.27117507010796]]}, "properties": {"source": "22430842", "target": "20879280"}}, {"type": "Feature", "geometry": {"type": "LineString", "coordinates": [[-14.611699975299757, 57.273579071276814], [-14.564410029703481, 57.277170522912485]]}, "properties": {"source": "22430842", "target": "18625453"}}, {"type": "Feature", "geometry": {"type": "LineString", "coordinates": [[-14.611699975299757, 57.273579071276814], [-14.591462049244456, 57.27874250943506]]}, "properties": {"source": "22430842", "target": "22082208"}}, {"type": "Feature", "geometry": {"type": "LineString", "coordinates": [[-14.611699975299757, 57.273579071276814], [-14.567628965868863, 57.2839484459098]]}, "properties": {"source": "22430842", "target": "19275709"}}, {"type": "Feature", "geometry": {"type": "LineString", "coordinates": [[-14.60361477266457, 57.29115041084299], [-14.539689316833346, 57.270693488096924]]}, "properties": {"source": "21063217", "target": "18341046"}}, {"type": "Feature", "geometry": {"type": "LineString", "coordinates": [[-14.60361477266457, 57.29115041084299], [-14.552287740125678, 57.28547256818197]]}, "properties": {"source": "21063217", "target": "18401170"}}, {"type": "Feature", "geometry": {"type": "LineString", "coordinates": [[-14.60361477266457, 57.29115041084299], [-14.544031839998297, 57.26648740007714]]}, "properties": {"source": "21063217", "target": "21064108"}}, {"type": "Feature", "geometry": {"type": "LineString", "coordinates": [[-14.60361477266457, 57.29115041084299], [-14.587235554895926, 57.292017798719314]]}, "properties": {"source": "21063217", "target": "18781540"}}, {"type": "Feature", "geometry": {"type": "LineString", "coordinates": [[-14.60361477266457, 57.29115041084299], [-14.54755597012462, 57.29036134249077]]}, "properties": {"source": "21063217", "target": "20414715"}}, {"type": "Feature", "geometry": {"type": "LineString", "coordinates": [[-14.538434119863638, 57.27977074163924], [-14.59112937914287, 57.27723799975361]]}, "properties": {"source": "25392083", "target": "22589352"}}, {"type": "Feature", "geometry": {"type": "LineString", "coordinates": [[-14.538434119863638, 57.27977074163924], [-14.574366220245253, 57.272931764903774]]}, "properties": {"source": "25392083", "target": "23010184"}}, {"type": "Feature", "geometry": {"type": "LineString", "coordinates": [[-14.538434119863638, 57.27977074163924], [-14.59384866591617, 57.27545880466819]]}, "properties": {"source": "25392083", "target": "25550971"}}, {"type": "Feature", "geometry": {"type": "LineString", "coordinates": [[-14.582807044405655, 57.2835953407872], [-14.579769272527017, 57.28524234533418]]}, "properties": {"source": "23623746", "target": "20553451"}}, {"type": "Feature", "geometry": {"type": "LineString", "coordinates": [[-14.582807044405655, 57.2835953407872], [-14.594240455380742, 57.270572317387206]]}, "properties": {"source": "23623746", "target": "23734167"}}, {"type": "Feature", "geometry": {"type": "LineString", "coordinates": [[-14.582807044405655, 57.2835953407872], [-14.54941072989709, 57.28673161750632]]}, "properties": {"source": "23623746", "target": "19064742"}}, {"type": "Feature", "geometry": {"type": "LineString", "coordinates": [[-14.582807044405655, 57.2835953407872], [-14.622482109470184, 57.28887716002471]]}, "properties": {"source": "23623746", "target": "22668979"}}, {"type": "Feature", "geometry": {"type": "LineString", "coordinates": [[-14.598259109173853, 57.28467203532075], [-14.597993074979883, 57.288670374526916]]}, "properties": {"source": "26158233", "target": "26838703"}}, {"type": "Feature", "geometry": {"type": "LineString", "coordinates": [[-14.598259109173853, 57.28467203532075], [-14.6138306411857, 57.28203153628624]]}, "properties": {"source": "26158233", "target": "26167797"}}, {"type": "Feature", "geometry": {"type": "LineString", "coordinates": [[-14.598259109173853, 57.28467203532075], [-14.601652090862302, 57.29377006019445]]}, "properties": {"source": "26158233", "target": "22925759"}}, {"type": "Feature", "geometry": {"type": "LineString", "coordinates": [[-14.598259109173853, 57.28467203532075], [-14.610052021791148, 57.29403962500446]]}, "properties": {"source": "26158233", "target": "22725532"}}, {"type": "Feature", "geometry": {"type": "LineString", "coordinates": [[-14.596762044142736, 57.27272936523016], [-14.567965199026276, 57.27328010375649]]}, "properties": {"source": "17880603", "target": "21902162"}}, {"type": "Feature", "geometry": {"type": "LineString", "coordinates": [[-14.596762044142736, 57.27272936523016], [-14.618676075588297, 57.29400890782135]]}, "properties": {"source": "17880603", "target": "18583972"}}, {"type": "Feature", "geometry": {"type": "LineString", "coordinates": [[-14.555108111328849, 57.26896646670849], [-14.6034334385038, 57.27656123796881]]}, "properties": {"source": "17668900", "target": "17881358"}}, {"type": "Feature", "geometry": {"type": "LineString", "coordinates": [[-14.555108111328849, 57.26896646670849], [-14.603534666777108, 57.27964184978153]]}, "properties": {"source": "17668900", "target": "18159850"}}, {"type": "Feature", "geometry": {"type": "LineString", "coordinates": [[-14.555108111328849, 57.26896646670849], [-14.614208989643458, 57.28627127221715]]}, "properties": {"source": "17668900", "target": "17693550"}}, {"type": "Feature", "geometry": {"type": "LineString", "coordinates": [[-14.591462049244456, 57.27874250943506], [-14.59112937914287, 57.27723799975361]]}, "properties": {"source": "22082208", "target": "22589352"}}, {"type": "Feature", "geometry": {"type": "LineString", "coordinates": [[-14.591462049244456, 57.27874250943506], [-14.574366220245253, 57.272931764903774]]}, "properties": {"source": "22082208", "target": "23010184"}}, {"type": "Feature", "geometry": {"type": "LineString", "coordinates": [[-14.591462049244456, 57.27874250943506], [-14.617257067269634, 57.294433793526196]]}, "properties": {"source": "22082208", "target": "26401378"}}, {"type": "Feature", "geometry": {"type": "LineString", "coordinates": [[-14.58950869541107, 57.28483607353593], [-14.538644370714024, 57.27150465700004]]}, "properties": {"source": "23258847", "target": "27188165"}}, {"type": "Feature", "geometry": {"type": "LineString", "coordinates": [[-14.58950869541107, 57.28483607353593], [-14.592279800320597, 57.270932714103765]]}, "properties": {"source": "23258847", "target": "20622381"}}, {"type": "Feature", "geometry": {"type": "LineString", "coordinates": [[-14.58950869541107, 57.28483607353593], [-14.585081690350563, 57.28656188400362]]}, "properties": {"source": "23258847", "target": "23161447"}}, {"type": "Feature", "geometry": {"type": "LineString", "coordinates": [[-14.58950869541107, 57.28483607353593], [-14.61766947399326, 57.27288719784934]]}, "properties": {"source": "23258847", "target": "26538415"}}, {"type": "Feature", "geometry": {"type": "LineString", "coordinates": [[-14.58950869541107, 57.28483607353593], [-14.56896553730411, 57.27146970041038]]}, "properties": {"source": "23258847", "target": "21853688"}}, {"type": "Feature", "geometry": {"type": "LineString", "coordinates": [[-14.58950869541107, 57.28483607353593], [-14.582241335555864, 57.28566964555969]]}, "properties": {"source": "23258847", "target": "24582443"}}, {"type": "Feature", "geometry": {"type": "LineString", "coordinates": [[-14.58950869541107, 57.28483607353593], [-14.625211857997556, 57.284776494987426]]}, "properties": {"source": "23258847", "target": "35570300"}}, {"type": "Feature", "geometry": {"type": "LineString", "coordinates": [[-14.58950869541107, 57.28483607353593], [-14.616118700729032, 57.28270382247693]]}, "properties": {"source": "23258847", "target": "33293941"}}, {"type": "Feature", "geometry": {"type": "LineString", "coordinates": [[-14.574546691941407, 57.29411011996737], [-14.609839340541612, 57.292040809945604]]}, "properties": {"source": "26312223", "target": "28438267"}}, {"type": "Feature", "geometry": {"type": "LineString", "coordinates": [[-14.574546691941407, 57.29411011996737], [-14.545510171579735, 57.2723446070265]]}, "properties": {"source": "26312223", "target": "26312131"}}, {"type": "Feature", "geometry": {"type": "LineString", "coordinates": [[-14.574546691941407, 57.29411011996737], [-14.61986338619991, 57.27740114800014]]}, "properties": {"source": "26312223", "target": "22838811"}}, {"type": "Feature", "geometry": {"type": "LineString", "coordinates": [[-14.574546691941407, 57.29411011996737], [-14.600809641369267, 57.27135203749013]]}, "properties": {"source": "26312223", "target": "32913083"}}, {"type": "Feature", "geometry": {"type": "LineString", "coordinates": [[-14.574546691941407, 57.29411011996737], [-14.551021512078108, 57.29096018122823]]}, "properties": {"source": "26312223", "target": "20497619"}}, {"type": "Feature", "geometry": {"type": "LineString", "coordinates": [[-14.574546691941407, 57.29411011996737], [-14.550443595970961, 57.26950046151573]]}, "properties": {"source": "26312223", "target": "21483120"}}, {"type": "Feature", "geometry": {"type": "LineString", "coordinates": [[-14.574546691941407, 57.29411011996737], [-14.53626595813651, 57.271936131931085]]}, "properties": {"source": "26312223", "target": "22853160"}}, {"type": "Feature", "geometry": {"type": "LineString", "coordinates": [[-14.574546691941407, 57.29411011996737], [-14.578754039358898, 57.29333771775211]]}, "properties": {"source": "26312223", "target": "22853093"}}, {"type": "Feature", "geometry": {"type": "LineString", "coordinates": [[-14.595836518562322, 57.270604693515224], [-14.573041653700898, 57.268091129809164]]}, "properties": {"source": "17314424", "target": "17869239"}}, {"type": "Feature", "geometry": {"type": "LineString", "coordinates": [[-14.595836518562322, 57.270604693515224], [-14.603534666777108, 57.27964184978153]]}, "properties": {"source": "17314424", "target": "18159850"}}, {"type": "Feature", "geometry": {"type": "LineString", "coordinates": [[-14.595836518562322, 57.270604693515224], [-14.620475278437937, 57.288631064507584]]}, "properties": {"source": "17314424", "target": "17166938"}}, {"type": "Feature", "geometry": {"type": "LineString", "coordinates": [[-14.56878118191733, 57.266687630261586], [-14.603648866924829, 57.276406812079784]]}, "properties": {"source": "23148892", "target": "23300811"}}, {"type": "Feature", "geometry": {"type": "LineString", "coordinates": [[-14.56878118191733, 57.266687630261586], [-14.577821317102945, 57.267402206075005]]}, "properties": {"source": "23148892", "target": "19569028"}}, {"type": "Feature", "geometry": {"type": "LineString", "coordinates": [[-14.56878118191733, 57.266687630261586], [-14.617646544969375, 57.280924568492]]}, "properties": {"source": "23148892", "target": "20262760"}}, {"type": "Feature", "geometry": {"type": "LineString", "coordinates": [[-14.595836518562322, 57.270604693515224], [-14.54009152782001, 57.27719245161086]]}, "properties": {"source": "17314424", "target": "17255057"}}, {"type": "Feature", "geometry": {"type": "LineString", "coordinates": [[-14.56878118191733, 57.266687630261586], [-14.579219706212626, 57.293912266171645]]}, "properties": {"source": "23148892", "target": "23703728"}}, {"type": "Feature", "geometry": {"type": "LineString", "coordinates": [[-14.539176149256491, 57.26574711634798], [-14.55115334024947, 57.290911213946586]]}, "properties": {"source": "30111325", "target": "29442359"}}, {"type": "Feature", "geometry": {"type": "LineString", "coordinates": [[-14.544555140546208, 57.27758864352607], [-14.58519309386196, 57.27255013646672]]}, "properties": {"source": "25438676", "target": "18686810"}}, {"type": "Feature", "geometry": {"type": "LineString", "coordinates": [[-14.544555140546208, 57.27758864352607], [-14.584154978596075, 57.28910195434105]]}, "properties": {"source": "25438676", "target": "23475917"}}, {"type": "Feature", "geometry": {"type": "LineString", "coordinates": [[-14.61315072692662, 57.27212778292558], [-14.564955038662049, 57.279815856102644]]}, "properties": {"source": "18526139", "target": "18605047"}}, {"type": "Feature", "geometry": {"type": "LineString", "coordinates": [[-14.61315072692662, 57.27212778292558], [-14.605671534770067, 57.279638297127406]]}, "properties": {"source": "18526139", "target": "20549525"}}, {"type": "Feature", "geometry": {"type": "LineString", "coordinates": [[-14.61315072692662, 57.27212778292558], [-14.552977874518604, 57.280253288045046]]}, "properties": {"source": "18526139", "target": "19068786"}}, {"type": "Feature", "geometry": {"type": "LineString", "coordinates": [[-14.61315072692662, 57.27212778292558], [-14.58519309386196, 57.27255013646672]]}, "properties": {"source": "18526139", "target": "18686810"}}, {"type": "Feature", "geometry": {"type": "LineString", "coordinates": [[-14.61315072692662, 57.27212778292558], [-14.59012068234307, 57.2693443043251]]}, "properties": {"source": "18526139", "target": "18596498"}}, {"type": "Feature", "geometry": {"type": "LineString", "coordinates": [[-14.6143832365008, 57.26980421466567], [-14.609669169976769, 57.2718850538438]]}, "properties": {"source": "18493012", "target": "20497027"}}, {"type": "Feature", "geometry": {"type": "LineString", "coordinates": [[-14.6143832365008, 57.26980421466567], [-14.624607848301622, 57.278959143850926]]}, "properties": {"source": "18493012", "target": "23318098"}}, {"type": "Feature", "geometry": {"type": "LineString", "coordinates": [[-14.581382479601643, 57.28445938153354], [-14.610390408659384, 57.28875532047631]]}, "properties": {"source": "18372293", "target": "18623791"}}, {"type": "Feature", "geometry": {"type": "LineString", "coordinates": [[-14.554363948345326, 57.28558676656564], [-14.58519309386196, 57.27255013646672]]}, "properties": {"source": "27269944", "target": "18686810"}}, {"type": "Feature", "geometry": {"type": "LineString", "coordinates": [[-14.554363948345326, 57.28558676656564], [-14.584154978596075, 57.28910195434105]]}, "properties": {"source": "27269944", "target": "23475917"}}, {"type": "Feature", "geometry": {"type": "LineString", "coordinates": [[-14.554363948345326, 57.28558676656564], [-14.538294537087125, 57.27231916457335]]}, "properties": {"source": "27269944", "target": "26252172"}}, {"type": "Feature", "geometry": {"type": "LineString", "coordinates": [[-14.624607848301622, 57.278959143850926], [-14.539297066191722, 57.27369256864941]]}, "properties": {"source": "23318098", "target": "18457632"}}, {"type": "Feature", "geometry": {"type": "LineString", "coordinates": [[-14.624607848301622, 57.278959143850926], [-14.550214487135207, 57.27906568376169]]}, "properties": {"source": "23318098", "target": "24868482"}}, {"type": "Feature", "geometry": {"type": "LineString", "coordinates": [[-14.544031839998297, 57.26648740007714], [-14.573969313937766, 57.28578369800283]]}, "properties": {"source": "21064108", "target": "25763989"}}, {"type": "Feature", "geometry": {"type": "LineString", "coordinates": [[-14.544031839998297, 57.26648740007714], [-14.597993074979883, 57.288670374526916]]}, "properties": {"source": "21064108", "target": "26838703"}}, {"type": "Feature", "geometry": {"type": "LineString", "coordinates": [[-14.544031839998297, 57.26648740007714], [-14.622948453900278, 57.27452265525841]]}, "properties": {"source": "21064108", "target": "25234004"}}, {"type": "Feature", "geometry": {"type": "LineString", "coordinates": [[-14.544031839998297, 57.26648740007714], [-14.565309519557161, 57.28211470267587]]}, "properties": {"source": "21064108", "target": "25815089"}}, {"type": "Feature", "geometry": {"type": "LineString", "coordinates": [[-14.544031839998297, 57.26648740007714], [-14.594809226161743, 57.28382486619776]]}, "properties": {"source": "21064108", "target": "30195145"}}, {"type": "Feature", "geometry": {"type": "LineString", "coordinates": [[-14.544031839998297, 57.26648740007714], [-14.535442786010833, 57.26466864361166]]}, "properties": {"source": "21064108", "target": "18340482"}}, {"type": "Feature", "geometry": {"type": "LineString", "coordinates": [[-14.544031839998297, 57.26648740007714], [-14.622867245319469, 57.26763823152561]]}, "properties": {"source": "21064108", "target": "23276717"}}, {"type": "Feature", "geometry": {"type": "LineString", "coordinates": [[-14.544031839998297, 57.26648740007714], [-14.539689316833346, 57.270693488096924]]}, "properties": {"source": "21064108", "target": "18341046"}}, {"type": "Feature", "geometry": {"type": "LineString", "coordinates": [[-14.544031839998297, 57.26648740007714], [-14.587235554895926, 57.292017798719314]]}, "properties": {"source": "21064108", "target": "18781540"}}, {"type": "Feature", "geometry": {"type": "LineString", "coordinates": [[-14.544031839998297, 57.26648740007714], [-14.57450390773701, 57.280248355719365]]}, "properties": {"source": "21064108", "target": "22884603"}}, {"type": "Feature", "geometry": {"type": "LineString", "coordinates": [[-14.544031839998297, 57.26648740007714], [-14.54037031445452, 57.27814290343876]]}, "properties": {"source": "21064108", "target": "34828379"}}, {"type": "Feature", "geometry": {"type": "LineString", "coordinates": [[-14.541977796370304, 57.290802049394884], [-14.602887376460217, 57.270492285900275]]}, "properties": {"source": "20884636", "target": "22068620"}}, {"type": "Feature", "geometry": {"type": "LineString", "coordinates": [[-14.541977796370304, 57.290802049394884], [-14.579769272527017, 57.28524234533418]]}, "properties": {"source": "20884636", "target": "20553451"}}, {"type": "Feature", "geometry": {"type": "LineString", "coordinates": [[-14.541977796370304, 57.290802049394884], [-14.586671832913424, 57.28313260872574]]}, "properties": {"source": "20884636", "target": "20943984"}}, {"type": "Feature", "geometry": {"type": "LineString", "coordinates": [[-14.541977796370304, 57.290802049394884], [-14.611705234616494, 57.27464977589548]]}, "properties": {"source": "20884636", "target": "21473305"}}, {"type": "Feature", "geometry": {"type": "LineString", "coordinates": [[-14.541977796370304, 57.290802049394884], [-14.542832742643498, 57.28538342657538]]}, "properties": {"source": "20884636", "target": "20639078"}}, {"type": "Feature", "geometry": {"type": "LineString", "coordinates": [[-14.56826778316102, 57.290042086412925], [-14.546154661159846, 57.28748084166661]]}, "properties": {"source": "25448985", "target": "25448986"}}, {"type": "Feature", "geometry": {"type": "LineString", "coordinates": [[-14.56826778316102, 57.290042086412925], [-14.59642632596558, 57.292993517823604]]}, "properties": {"source": "25448985", "target": "24895218"}}, {"type": "Feature", "geometry": {"type": "LineString", "coordinates": [[-14.56826778316102, 57.290042086412925], [-14.592808097777407, 57.27117507010796]]}, "properties": {"source": "25448985", "target": "20879280"}}, {"type": "Feature", "geometry": {"type": "LineString", "coordinates": [[-14.58146540528412, 57.27739688373532], [-14.6034334385038, 57.27656123796881]]}, "properties": {"source": "18249941", "target": "17881358"}}, {"type": "Feature", "geometry": {"type": "LineString", "coordinates": [[-14.58146540528412, 57.27739688373532], [-14.551684209396996, 57.28381317791316]]}, "properties": {"source": "18249941", "target": "17436480"}}, {"type": "Feature", "geometry": {"type": "LineString", "coordinates": [[-14.58146540528412, 57.27739688373532], [-14.624458444919071, 57.28145602171388]]}, "properties": {"source": "18249941", "target": "18802240"}}, {"type": "Feature", "geometry": {"type": "LineString", "coordinates": [[-14.58146540528412, 57.27739688373532], [-14.551020799266013, 57.280579068295054]]}, "properties": {"source": "18249941", "target": "25026501"}}, {"type": "Feature", "geometry": {"type": "LineString", "coordinates": [[-14.56318582016658, 57.26684165056881], [-14.615818646390863, 57.27999291145585]]}, "properties": {"source": "20581108", "target": "31824035"}}, {"type": "Feature", "geometry": {"type": "LineString", "coordinates": [[-14.56318582016658, 57.26684165056881], [-14.544430254623052, 57.274057110436345]]}, "properties": {"source": "20581108", "target": "28574017"}}, {"type": "Feature", "geometry": {"type": "LineString", "coordinates": [[-14.56318582016658, 57.26684165056881], [-14.590844835937588, 57.27492349667024]]}, "properties": {"source": "20581108", "target": "28096326"}}, {"type": "Feature", "geometry": {"type": "LineString", "coordinates": [[-14.56318582016658, 57.26684165056881], [-14.625922283630274, 57.29111445489981]]}, "properties": {"source": "20581108", "target": "25502442"}}, {"type": "Feature", "geometry": {"type": "LineString", "coordinates": [[-14.56318582016658, 57.26684165056881], [-14.620798151449577, 57.26600461721918]]}, "properties": {"source": "20581108", "target": "25025389"}}, {"type": "Feature", "geometry": {"type": "LineString", "coordinates": [[-14.56318582016658, 57.26684165056881], [-14.549139399648993, 57.2708592526466]]}, "properties": {"source": "20581108", "target": "23491832"}}, {"type": "Feature", "geometry": {"type": "LineString", "coordinates": [[-14.56318582016658, 57.26684165056881], [-14.540761222556256, 57.28481225766761]]}, "properties": {"source": "20581108", "target": "27834947"}}, {"type": "Feature", "geometry": {"type": "LineString", "coordinates": [[-14.56318582016658, 57.26684165056881], [-14.537554941920803, 57.294088552801654]]}, "properties": {"source": "20581108", "target": "20647753"}}, {"type": "Feature", "geometry": {"type": "LineString", "coordinates": [[-14.58146540528412, 57.27739688373532], [-14.614359196032751, 57.278733716165235]]}, "properties": {"source": "18249941", "target": "18275876"}}, {"type": "Feature", "geometry": {"type": "LineString", "coordinates": [[-14.617112245927814, 57.28218116995262], [-14.538070736168436, 57.267056789126]]}, "properties": {"source": "20431030", "target": "23287381"}}, {"type": "Feature", "geometry": {"type": "LineString", "coordinates": [[-14.617112245927814, 57.28218116995262], [-14.552977874518604, 57.280253288045046]]}, "properties": {"source": "20431030", "target": "19068786"}}, {"type": "Feature", "geometry": {"type": "LineString", "coordinates": [[-14.617112245927814, 57.28218116995262], [-14.59590501337371, 57.27174701745139]]}, "properties": {"source": "20431030", "target": "20518655"}}, {"type": "Feature", "geometry": {"type": "LineString", "coordinates": [[-14.617112245927814, 57.28218116995262], [-14.577821317102945, 57.267402206075005]]}, "properties": {"source": "20431030", "target": "19569028"}}, {"type": "Feature", "geometry": {"type": "LineString", "coordinates": [[-14.617112245927814, 57.28218116995262], [-14.620514347332062, 57.26505574558759]]}, "properties": {"source": "20431030", "target": "18808407"}}, {"type": "Feature", "geometry": {"type": "LineString", "coordinates": [[-14.617112245927814, 57.28218116995262], [-14.592808097777407, 57.27117507010796]]}, "properties": {"source": "20431030", "target": "20879280"}}, {"type": "Feature", "geometry": {"type": "LineString", "coordinates": [[-14.617112245927814, 57.28218116995262], [-14.564532921093416, 57.28888411894063]]}, "properties": {"source": "20431030", "target": "18247333"}}, {"type": "Feature", "geometry": {"type": "LineString", "coordinates": [[-14.599993876341927, 57.26642400487985], [-14.537118949915083, 57.28030565453237]]}, "properties": {"source": "23259118", "target": "18190566"}}, {"type": "Feature", "geometry": {"type": "LineString", "coordinates": [[-14.599993876341927, 57.26642400487985], [-14.611339732644723, 57.286921271401624]]}, "properties": {"source": "23259118", "target": "23447383"}}, {"type": "Feature", "geometry": {"type": "LineString", "coordinates": [[-14.599993876341927, 57.26642400487985], [-14.564532921093416, 57.28888411894063]]}, "properties": {"source": "23259118", "target": "18247333"}}, {"type": "Feature", "geometry": {"type": "LineString", "coordinates": [[-14.599993876341927, 57.26642400487985], [-14.602416303435376, 57.28410885262848]]}, "properties": {"source": "23259118", "target": "18715733"}}, {"type": "Feature", "geometry": {"type": "LineString", "coordinates": [[-14.599993876341927, 57.26642400487985], [-14.625211857997556, 57.284776494987426]]}, "properties": {"source": "23259118", "target": "35570300"}}, {"type": "Feature", "geometry": {"type": "LineString", "coordinates": [[-14.59384866591617, 57.27545880466819], [-14.59112937914287, 57.27723799975361]]}, "properties": {"source": "25550971", "target": "22589352"}}, {"type": "Feature", "geometry": {"type": "LineString", "coordinates": [[-14.59384866591617, 57.27545880466819], [-14.574366220245253, 57.272931764903774]]}, "properties": {"source": "25550971", "target": "23010184"}}, {"type": "Feature", "geometry": {"type": "LineString", "coordinates": [[-14.59384866591617, 57.27545880466819], [-14.538070736168436, 57.267056789126]]}, "properties": {"source": "25550971", "target": "23287381"}}, {"type": "Feature", "geometry": {"type": "LineString", "coordinates": [[-14.617112245927814, 57.28218116995262], [-14.567628965868863, 57.2839484459098]]}, "properties": {"source": "20431030", "target": "19275709"}}, {"type": "Feature", "geometry": {"type": "LineString", "coordinates": [[-14.546235813383504, 57.27190123452648], [-14.573969313937766, 57.28578369800283]]}, "properties": {"source": "21063639", "target": "25763989"}}, {"type": "Feature", "geometry": {"type": "LineString", "coordinates": [[-14.546235813383504, 57.27190123452648], [-14.597993074979883, 57.288670374526916]]}, "properties": {"source": "21063639", "target": "26838703"}}, {"type": "Feature", "geometry": {"type": "LineString", "coordinates": [[-14.546235813383504, 57.27190123452648], [-14.622948453900278, 57.27452265525841]]}, "properties": {"source": "21063639", "target": "25234004"}}, {"type": "Feature", "geometry": {"type": "LineString", "coordinates": [[-14.546235813383504, 57.27190123452648], [-14.608777681290377, 57.26649676108683]]}, "properties": {"source": "21063639", "target": "30306841"}}, {"type": "Feature", "geometry": {"type": "LineString", "coordinates": [[-14.546235813383504, 57.27190123452648], [-14.565309519557161, 57.28211470267587]]}, "properties": {"source": "21063639", "target": "25815089"}}, {"type": "Feature", "geometry": {"type": "LineString", "coordinates": [[-14.546235813383504, 57.27190123452648], [-14.573747010989337, 57.283907441616265]]}, "properties": {"source": "21063639", "target": "18781543"}}, {"type": "Feature", "geometry": {"type": "LineString", "coordinates": [[-14.546235813383504, 57.27190123452648], [-14.594809226161743, 57.28382486619776]]}, "properties": {"source": "21063639", "target": "30195145"}}, {"type": "Feature", "geometry": {"type": "LineString", "coordinates": [[-14.546235813383504, 57.27190123452648], [-14.535442786010833, 57.26466864361166]]}, "properties": {"source": "21063639", "target": "18340482"}}, {"type": "Feature", "geometry": {"type": "LineString", "coordinates": [[-14.56991189848361, 57.28589004795742], [-14.537118949915083, 57.28030565453237]]}, "properties": {"source": "18211118", "target": "18190566"}}, {"type": "Feature", "geometry": {"type": "LineString", "coordinates": [[-14.56991189848361, 57.28589004795742], [-14.590049048613025, 57.2658623210022]]}, "properties": {"source": "18211118", "target": "17375956"}}, {"type": "Feature", "geometry": {"type": "LineString", "coordinates": [[-14.56991189848361, 57.28589004795742], [-14.625332853793168, 57.27745358493935]]}, "properties": {"source": "18211118", "target": "16114862"}}, {"type": "Feature", "geometry": {"type": "LineString", "coordinates": [[-14.56991189848361, 57.28589004795742], [-14.622128170805894, 57.29028595678788]]}, "properties": {"source": "18211118", "target": "17727180"}}, {"type": "Feature", "geometry": {"type": "LineString", "coordinates": [[-14.56991189848361, 57.28589004795742], [-14.5491481238777, 57.26926115874522]]}, "properties": {"source": "18211118", "target": "17737927"}}, {"type": "Feature", "geometry": {"type": "LineString", "coordinates": [[-14.594704617484553, 57.277044975186584], [-14.620673848037654, 57.27271940071695]]}, "properties": {"source": "24655681", "target": "26312175"}}, {"type": "Feature", "geometry": {"type": "LineString", "coordinates": [[-14.594704617484553, 57.277044975186584], [-14.556970450724975, 57.27625718603662]]}, "properties": {"source": "24655681", "target": "26312198"}}, {"type": "Feature", "geometry": {"type": "LineString", "coordinates": [[-14.594704617484553, 57.277044975186584], [-14.61986338619991, 57.27740114800014]]}, "properties": {"source": "24655681", "target": "22838811"}}, {"type": "Feature", "geometry": {"type": "LineString", "coordinates": [[-14.556265754165594, 57.28741069742635], [-14.616465145804284, 57.27655702570108]]}, "properties": {"source": "18802230", "target": "18073066"}}, {"type": "Feature", "geometry": {"type": "LineString", "coordinates": [[-14.556265754165594, 57.28741069742635], [-14.624458444919071, 57.28145602171388]]}, "properties": {"source": "18802230", "target": "18802240"}}, {"type": "Feature", "geometry": {"type": "LineString", "coordinates": [[-14.556265754165594, 57.28741069742635], [-14.55600800066236, 57.27649786917932]]}, "properties": {"source": "18802230", "target": "23399746"}}, {"type": "Feature", "geometry": {"type": "LineString", "coordinates": [[-14.556265754165594, 57.28741069742635], [-14.551020799266013, 57.280579068295054]]}, "properties": {"source": "18802230", "target": "25026501"}}, {"type": "Feature", "geometry": {"type": "LineString", "coordinates": [[-14.56896553730411, 57.27146970041038], [-14.59112937914287, 57.27723799975361]]}, "properties": {"source": "21853688", "target": "22589352"}}, {"type": "Feature", "geometry": {"type": "LineString", "coordinates": [[-14.56896553730411, 57.27146970041038], [-14.613981580628973, 57.27394834492556]]}, "properties": {"source": "21853688", "target": "22910368"}}, {"type": "Feature", "geometry": {"type": "LineString", "coordinates": [[-14.565811807820097, 57.275956857844946], [-14.593353631998013, 57.26884970093498]]}, "properties": {"source": "31222872", "target": "27805860"}}, {"type": "Feature", "geometry": {"type": "LineString", "coordinates": [[-14.565811807820097, 57.275956857844946], [-14.59712870987866, 57.28561463514946]]}, "properties": {"source": "31222872", "target": "27221238"}}, {"type": "Feature", "geometry": {"type": "LineString", "coordinates": [[-14.568567924973024, 57.283905463267686], [-14.56780338328062, 57.270781149806865]]}, "properties": {"source": "24582414", "target": "23723778"}}, {"type": "Feature", "geometry": {"type": "LineString", "coordinates": [[-14.568567924973024, 57.283905463267686], [-14.624607848301622, 57.278959143850926]]}, "properties": {"source": "24582414", "target": "23318098"}}, {"type": "Feature", "geometry": {"type": "LineString", "coordinates": [[-14.568567924973024, 57.283905463267686], [-14.584053772114657, 57.27252173597873]]}, "properties": {"source": "24582414", "target": "24485852"}}, {"type": "Feature", "geometry": {"type": "LineString", "coordinates": [[-14.58519309386196, 57.27255013646672], [-14.53587548392386, 57.28673082176485]]}, "properties": {"source": "18686810", "target": "18717645"}}, {"type": "Feature", "geometry": {"type": "LineString", "coordinates": [[-14.58519309386196, 57.27255013646672], [-14.584154978596075, 57.28910195434105]]}, "properties": {"source": "18686810", "target": "23475917"}}, {"type": "Feature", "geometry": {"type": "LineString", "coordinates": [[-14.58519309386196, 57.27255013646672], [-14.564532921093416, 57.28888411894063]]}, "properties": {"source": "18686810", "target": "18247333"}}, {"type": "Feature", "geometry": {"type": "LineString", "coordinates": [[-14.58519309386196, 57.27255013646672], [-14.579793614871676, 57.27746732617712]]}, "properties": {"source": "18686810", "target": "17854691"}}, {"type": "Feature", "geometry": {"type": "LineString", "coordinates": [[-14.58519309386196, 57.27255013646672], [-14.614359196032751, 57.278733716165235]]}, "properties": {"source": "18686810", "target": "18275876"}}, {"type": "Feature", "geometry": {"type": "LineString", "coordinates": [[-14.601323351550946, 57.26877631816775], [-14.620673848037654, 57.27271940071695]]}, "properties": {"source": "24092889", "target": "26312175"}}, {"type": "Feature", "geometry": {"type": "LineString", "coordinates": [[-14.601323351550946, 57.26877631816775], [-14.575452225524572, 57.28330300435431]]}, "properties": {"source": "24092889", "target": "23761744"}}, {"type": "Feature", "geometry": {"type": "LineString", "coordinates": [[-14.601323351550946, 57.26877631816775], [-14.556970450724975, 57.27625718603662]]}, "properties": {"source": "24092889", "target": "26312198"}}, {"type": "Feature", "geometry": {"type": "LineString", "coordinates": [[-14.601323351550946, 57.26877631816775], [-14.538696571036269, 57.27849976962102]]}, "properties": {"source": "24092889", "target": "24655635"}}, {"type": "Feature", "geometry": {"type": "LineString", "coordinates": [[-14.601323351550946, 57.26877631816775], [-14.548917708157205, 57.277827602703724]]}, "properties": {"source": "24092889", "target": "23622173"}}, {"type": "Feature", "geometry": {"type": "LineString", "coordinates": [[-14.601323351550946, 57.26877631816775], [-14.609839340541612, 57.292040809945604]]}, "properties": {"source": "24092889", "target": "28438267"}}, {"type": "Feature", "geometry": {"type": "LineString", "coordinates": [[-14.601323351550946, 57.26877631816775], [-14.545510171579735, 57.2723446070265]]}, "properties": {"source": "24092889", "target": "26312131"}}, {"type": "Feature", "geometry": {"type": "LineString", "coordinates": [[-14.601323351550946, 57.26877631816775], [-14.61986338619991, 57.27740114800014]]}, "properties": {"source": "24092889", "target": "22838811"}}, {"type": "Feature", "geometry": {"type": "LineString", "coordinates": [[-14.572450139300969, 57.27820051438201], [-14.59112937914287, 57.27723799975361]]}, "properties": {"source": "18625450", "target": "22589352"}}, {"type": "Feature", "geometry": {"type": "LineString", "coordinates": [[-14.572450139300969, 57.27820051438201], [-14.546609779555666, 57.275098720135574]]}, "properties": {"source": "18625450", "target": "18364153"}}, {"type": "Feature", "geometry": {"type": "LineString", "coordinates": [[-14.572450139300969, 57.27820051438201], [-14.56991189848361, 57.28589004795742]]}, "properties": {"source": "18625450", "target": "18211118"}}, {"type": "Feature", "geometry": {"type": "LineString", "coordinates": [[-14.572450139300969, 57.27820051438201], [-14.579357492487986, 57.28159851857562]]}, "properties": {"source": "18625450", "target": "18076876"}}, {"type": "Feature", "geometry": {"type": "LineString", "coordinates": [[-14.572450139300969, 57.27820051438201], [-14.574366220245253, 57.272931764903774]]}, "properties": {"source": "18625450", "target": "23010184"}}, {"type": "Feature", "geometry": {"type": "LineString", "coordinates": [[-14.572450139300969, 57.27820051438201], [-14.623569671476304, 57.26974711467997]]}, "properties": {"source": "18625450", "target": "20821294"}}, {"type": "Feature", "geometry": {"type": "LineString", "coordinates": [[-14.572450139300969, 57.27820051438201], [-14.565321907643153, 57.2827171885921]]}, "properties": {"source": "18625450", "target": "18743467"}}, {"type": "Feature", "geometry": {"type": "LineString", "coordinates": [[-14.572450139300969, 57.27820051438201], [-14.564955038662049, 57.279815856102644]]}, "properties": {"source": "18625450", "target": "18605047"}}, {"type": "Feature", "geometry": {"type": "LineString", "coordinates": [[-14.546405985961997, 57.27379215806583], [-14.553754727164346, 57.268359136596104]]}, "properties": {"source": "26310813", "target": "27888635"}}, {"type": "Feature", "geometry": {"type": "LineString", "coordinates": [[-14.546405985961997, 57.27379215806583], [-14.59920477424535, 57.289783478456144]]}, "properties": {"source": "26310813", "target": "23571314"}}, {"type": "Feature", "geometry": {"type": "LineString", "coordinates": [[-14.546405985961997, 57.27379215806583], [-14.575785523199556, 57.28509773111365]]}, "properties": {"source": "26310813", "target": "24809903"}}, {"type": "Feature", "geometry": {"type": "LineString", "coordinates": [[-14.546405985961997, 57.27379215806583], [-14.589029711014547, 57.274302569121375]]}, "properties": {"source": "26310813", "target": "29975006"}}, {"type": "Feature", "geometry": {"type": "LineString", "coordinates": [[-14.585989349111685, 57.26540833548289], [-14.597993074979883, 57.288670374526916]]}, "properties": {"source": "25800860", "target": "26838703"}}, {"type": "Feature", "geometry": {"type": "LineString", "coordinates": [[-14.585989349111685, 57.26540833548289], [-14.565309519557161, 57.28211470267587]]}, "properties": {"source": "25800860", "target": "25815089"}}, {"type": "Feature", "geometry": {"type": "LineString", "coordinates": [[-14.585989349111685, 57.26540833548289], [-14.594809226161743, 57.28382486619776]]}, "properties": {"source": "25800860", "target": "30195145"}}, {"type": "Feature", "geometry": {"type": "LineString", "coordinates": [[-14.585989349111685, 57.26540833548289], [-14.557267192962883, 57.26439579445902]]}, "properties": {"source": "25800860", "target": "25865290"}}, {"type": "Feature", "geometry": {"type": "LineString", "coordinates": [[-14.570772016036358, 57.276516925932114], [-14.606253782005751, 57.28146170741124]]}, "properties": {"source": "25710067", "target": "26311787"}}, {"type": "Feature", "geometry": {"type": "LineString", "coordinates": [[-14.570772016036358, 57.276516925932114], [-14.543520558533999, 57.270280481929035]]}, "properties": {"source": "25710067", "target": "23521324"}}, {"type": "Feature", "geometry": {"type": "LineString", "coordinates": [[-14.570772016036358, 57.276516925932114], [-14.577001204813229, 57.28072020104166]]}, "properties": {"source": "25710067", "target": "28633883"}}, {"type": "Feature", "geometry": {"type": "LineString", "coordinates": [[-14.570772016036358, 57.276516925932114], [-14.616890188366483, 57.264441287375575]]}, "properties": {"source": "25710067", "target": "35464880"}}, {"type": "Feature", "geometry": {"type": "LineString", "coordinates": [[-14.570772016036358, 57.276516925932114], [-14.547383965014745, 57.265265021696706]]}, "properties": {"source": "25710067", "target": "21902087"}}, {"type": "Feature", "geometry": {"type": "LineString", "coordinates": [[-14.612374776522017, 57.28522274207576], [-14.575348082733115, 57.28551578863859]]}, "properties": {"source": "18690140", "target": "21902610"}}, {"type": "Feature", "geometry": {"type": "LineString", "coordinates": [[-14.612374776522017, 57.28522274207576], [-14.59356467813717, 57.27735284531124]]}, "properties": {"source": "18690140", "target": "23375508"}}, {"type": "Feature", "geometry": {"type": "LineString", "coordinates": [[-14.612374776522017, 57.28522274207576], [-14.603648866924829, 57.276406812079784]]}, "properties": {"source": "18690140", "target": "23300811"}}, {"type": "Feature", "geometry": {"type": "LineString", "coordinates": [[-14.616890188366483, 57.264441287375575], [-14.60775728495139, 57.28317166391349]]}, "properties": {"source": "35464880", "target": "23662053"}}, {"type": "Feature", "geometry": {"type": "LineString", "coordinates": [[-14.616890188366483, 57.264441287375575], [-14.536840874948439, 57.28409009687208]]}, "properties": {"source": "35464880", "target": "31283058"}}, {"type": "Feature", "geometry": {"type": "LineString", "coordinates": [[-14.616890188366483, 57.264441287375575], [-14.589544716222775, 57.286944712267285]]}, "properties": {"source": "35464880", "target": "32960684"}}, {"type": "Feature", "geometry": {"type": "LineString", "coordinates": [[-14.616890188366483, 57.264441287375575], [-14.585510274273673, 57.28505289556348]]}, "properties": {"source": "35464880", "target": "32968992"}}, {"type": "Feature", "geometry": {"type": "LineString", "coordinates": [[-14.616890188366483, 57.264441287375575], [-14.577329952798863, 57.267215804919104]]}, "properties": {"source": "35464880", "target": "35398601"}}, {"type": "Feature", "geometry": {"type": "LineString", "coordinates": [[-14.608670068317423, 57.27323622486318], [-14.579357492487986, 57.28159851857562]]}, "properties": {"source": "17788556", "target": "18076876"}}, {"type": "Feature", "geometry": {"type": "LineString", "coordinates": [[-14.608670068317423, 57.27323622486318], [-14.553077835713424, 57.27101371809863]]}, "properties": {"source": "17788556", "target": "18192699"}}, {"type": "Feature", "geometry": {"type": "LineString", "coordinates": [[-14.608670068317423, 57.27323622486318], [-14.56166862902296, 57.281000114695146]]}, "properties": {"source": "17788556", "target": "17926109"}}, {"type": "Feature", "geometry": {"type": "LineString", "coordinates": [[-14.560531900187868, 57.26627826235082], [-14.590844835937588, 57.27492349667024]]}, "properties": {"source": "33671825", "target": "28096326"}}, {"type": "Feature", "geometry": {"type": "LineString", "coordinates": [[-14.560531900187868, 57.26627826235082], [-14.609459506560256, 57.265396599922425]]}, "properties": {"source": "33671825", "target": "33597798"}}, {"type": "Feature", "geometry": {"type": "LineString", "coordinates": [[-14.560531900187868, 57.26627826235082], [-14.625922283630274, 57.29111445489981]]}, "properties": {"source": "33671825", "target": "25502442"}}, {"type": "Feature", "geometry": {"type": "LineString", "coordinates": [[-14.560531900187868, 57.26627826235082], [-14.597803435174512, 57.26535977966718]]}, "properties": {"source": "33671825", "target": "35077197"}}, {"type": "Feature", "geometry": {"type": "LineString", "coordinates": [[-14.560531900187868, 57.26627826235082], [-14.58203664817961, 57.28894796968166]]}, "properties": {"source": "33671825", "target": "34834103"}}, {"type": "Feature", "geometry": {"type": "LineString", "coordinates": [[-14.560531900187868, 57.26627826235082], [-14.546621667593257, 57.28398693470881]]}, "properties": {"source": "33671825", "target": "34792185"}}, {"type": "Feature", "geometry": {"type": "LineString", "coordinates": [[-14.554554994782563, 57.28550034484272], [-14.6138306411857, 57.28203153628624]]}, "properties": {"source": "28676154", "target": "26167797"}}, {"type": "Feature", "geometry": {"type": "LineString", "coordinates": [[-14.554554994782563, 57.28550034484272], [-14.58051374821872, 57.29030243691261]]}, "properties": {"source": "28676154", "target": "25041079"}}, {"type": "Feature", "geometry": {"type": "LineString", "coordinates": [[-14.594809226161743, 57.28382486619776], [-14.536319313052502, 57.27987092672204]]}, "properties": {"source": "30195145", "target": "30753643"}}, {"type": "Feature", "geometry": {"type": "LineString", "coordinates": [[-14.594809226161743, 57.28382486619776], [-14.54037031445452, 57.27814290343876]]}, "properties": {"source": "30195145", "target": "34828379"}}, {"type": "Feature", "geometry": {"type": "LineString", "coordinates": [[-14.57486637527444, 57.280581073331845], [-14.59356467813717, 57.27735284531124]]}, "properties": {"source": "26162383", "target": "23375508"}}, {"type": "Feature", "geometry": {"type": "LineString", "coordinates": [[-14.57486637527444, 57.280581073331845], [-14.603648866924829, 57.276406812079784]]}, "properties": {"source": "26162383", "target": "23300811"}}, {"type": "Feature", "geometry": {"type": "LineString", "coordinates": [[-14.57486637527444, 57.280581073331845], [-14.6138306411857, 57.28203153628624]]}, "properties": {"source": "26162383", "target": "26167797"}}, {"type": "Feature", "geometry": {"type": "LineString", "coordinates": [[-14.57486637527444, 57.280581073331845], [-14.58051374821872, 57.29030243691261]]}, "properties": {"source": "26162383", "target": "25041079"}}, {"type": "Feature", "geometry": {"type": "LineString", "coordinates": [[-14.57486637527444, 57.280581073331845], [-14.565321907643153, 57.2827171885921]]}, "properties": {"source": "26162383", "target": "18743467"}}, {"type": "Feature", "geometry": {"type": "LineString", "coordinates": [[-14.601323351550946, 57.26877631816775], [-14.547383965014745, 57.265265021696706]]}, "properties": {"source": "24092889", "target": "21902087"}}, {"type": "Feature", "geometry": {"type": "LineString", "coordinates": [[-14.601323351550946, 57.26877631816775], [-14.587923057887423, 57.285365471362866]]}, "properties": {"source": "24092889", "target": "23597033"}}, {"type": "Feature", "geometry": {"type": "LineString", "coordinates": [[-14.601323351550946, 57.26877631816775], [-14.594240455380742, 57.270572317387206]]}, "properties": {"source": "24092889", "target": "23734167"}}, {"type": "Feature", "geometry": {"type": "LineString", "coordinates": [[-14.574546691941407, 57.29411011996737], [-14.594704617484553, 57.277044975186584]]}, "properties": {"source": "26312223", "target": "24655681"}}, {"type": "Feature", "geometry": {"type": "LineString", "coordinates": [[-14.574546691941407, 57.29411011996737], [-14.620673848037654, 57.27271940071695]]}, "properties": {"source": "26312223", "target": "26312175"}}, {"type": "Feature", "geometry": {"type": "LineString", "coordinates": [[-14.574546691941407, 57.29411011996737], [-14.575452225524572, 57.28330300435431]]}, "properties": {"source": "26312223", "target": "23761744"}}, {"type": "Feature", "geometry": {"type": "LineString", "coordinates": [[-14.574546691941407, 57.29411011996737], [-14.556970450724975, 57.27625718603662]]}, "properties": {"source": "26312223", "target": "26312198"}}, {"type": "Feature", "geometry": {"type": "LineString", "coordinates": [[-14.574546691941407, 57.29411011996737], [-14.538696571036269, 57.27849976962102]]}, "properties": {"source": "26312223", "target": "24655635"}}, {"type": "Feature", "geometry": {"type": "LineString", "coordinates": [[-14.57486637527444, 57.280581073331845], [-14.544352324845136, 57.26654044550153]]}, "properties": {"source": "26162383", "target": "22613246"}}, {"type": "Feature", "geometry": {"type": "LineString", "coordinates": [[-14.612374776522017, 57.28522274207576], [-14.58051374821872, 57.29030243691261]]}, "properties": {"source": "18690140", "target": "25041079"}}, {"type": "Feature", "geometry": {"type": "LineString", "coordinates": [[-14.612374776522017, 57.28522274207576], [-14.565321907643153, 57.2827171885921]]}, "properties": {"source": "18690140", "target": "18743467"}}, {"type": "Feature", "geometry": {"type": "LineString", "coordinates": [[-14.612374776522017, 57.28522274207576], [-14.573148149529118, 57.26601390993251]]}, "properties": {"source": "18690140", "target": "21902503"}}, {"type": "Feature", "geometry": {"type": "LineString", "coordinates": [[-14.612374776522017, 57.28522274207576], [-14.610112273651197, 57.28852600281655]]}, "properties": {"source": "18690140", "target": "28012921"}}, {"type": "Feature", "geometry": {"type": "LineString", "coordinates": [[-14.612374776522017, 57.28522274207576], [-14.553077835713424, 57.27101371809863]]}, "properties": {"source": "18690140", "target": "18192699"}}, {"type": "Feature", "geometry": {"type": "LineString", "coordinates": [[-14.612374776522017, 57.28522274207576], [-14.564955038662049, 57.279815856102644]]}, "properties": {"source": "18690140", "target": "18605047"}}, {"type": "Feature", "geometry": {"type": "LineString", "coordinates": [[-14.612374776522017, 57.28522274207576], [-14.565867932535014, 57.27094994834589]]}, "properties": {"source": "18690140", "target": "25385454"}}, {"type": "Feature", "geometry": {"type": "LineString", "coordinates": [[-14.59411257564875, 57.27863202910213], [-14.622948453900278, 57.27452265525841]]}, "properties": {"source": "25170980", "target": "25234004"}}, {"type": "Feature", "geometry": {"type": "LineString", "coordinates": [[-14.59411257564875, 57.27863202910213], [-14.538366164444767, 57.28567480830435]]}, "properties": {"source": "25170980", "target": "25906956"}}, {"type": "Feature", "geometry": {"type": "LineString", "coordinates": [[-14.59411257564875, 57.27863202910213], [-14.595322993671743, 57.26734082826468]]}, "properties": {"source": "25170980", "target": "25341651"}}, {"type": "Feature", "geometry": {"type": "LineString", "coordinates": [[-14.59411257564875, 57.27863202910213], [-14.60686601465585, 57.26581052037777]]}, "properties": {"source": "25170980", "target": "25178429"}}, {"type": "Feature", "geometry": {"type": "LineString", "coordinates": [[-14.59411257564875, 57.27863202910213], [-14.610390233355304, 57.268787097284445]]}, "properties": {"source": "25170980", "target": "18809943"}}, {"type": "Feature", "geometry": {"type": "LineString", "coordinates": [[-14.59411257564875, 57.27863202910213], [-14.569379594786625, 57.274201205113314]]}, "properties": {"source": "25170980", "target": "24367985"}}, {"type": "Feature", "geometry": {"type": "LineString", "coordinates": [[-14.59411257564875, 57.27863202910213], [-14.62013864244679, 57.267486792585004]]}, "properties": {"source": "25170980", "target": "23686727"}}, {"type": "Feature", "geometry": {"type": "LineString", "coordinates": [[-14.593353631998013, 57.26884970093498], [-14.560331347324222, 57.29375447268876]]}, "properties": {"source": "27805860", "target": "21807998"}}, {"type": "Feature", "geometry": {"type": "LineString", "coordinates": [[-14.612374776522017, 57.28522274207576], [-14.544352324845136, 57.26654044550153]]}, "properties": {"source": "18690140", "target": "22613246"}}, {"type": "Feature", "geometry": {"type": "LineString", "coordinates": [[-14.624530504345898, 57.29284020141503], [-14.610112273651197, 57.28852600281655]]}, "properties": {"source": "30622123", "target": "28012921"}}, {"type": "Feature", "geometry": {"type": "LineString", "coordinates": [[-14.624530504345898, 57.29284020141503], [-14.623091903210963, 57.27231636368069]]}, "properties": {"source": "30622123", "target": "28475027"}}, {"type": "Feature", "geometry": {"type": "LineString", "coordinates": [[-14.624530504345898, 57.29284020141503], [-14.548698490966757, 57.27443163521045]]}, "properties": {"source": "30622123", "target": "27274306"}}, {"type": "Feature", "geometry": {"type": "LineString", "coordinates": [[-14.624530504345898, 57.29284020141503], [-14.585414546019308, 57.280996233739444]]}, "properties": {"source": "30622123", "target": "31435554"}}, {"type": "Feature", "geometry": {"type": "LineString", "coordinates": [[-14.609839340541612, 57.292040809945604], [-14.594704617484553, 57.277044975186584]]}, "properties": {"source": "28438267", "target": "24655681"}}, {"type": "Feature", "geometry": {"type": "LineString", "coordinates": [[-14.609839340541612, 57.292040809945604], [-14.620673848037654, 57.27271940071695]]}, "properties": {"source": "28438267", "target": "26312175"}}, {"type": "Feature", "geometry": {"type": "LineString", "coordinates": [[-14.609839340541612, 57.292040809945604], [-14.556970450724975, 57.27625718603662]]}, "properties": {"source": "28438267", "target": "26312198"}}, {"type": "Feature", "geometry": {"type": "LineString", "coordinates": [[-14.622948453900278, 57.27452265525841], [-14.60686601465585, 57.26581052037777]]}, "properties": {"source": "25234004", "target": "25178429"}}, {"type": "Feature", "geometry": {"type": "LineString", "coordinates": [[-14.622948453900278, 57.27452265525841], [-14.557267192962883, 57.26439579445902]]}, "properties": {"source": "25234004", "target": "25865290"}}, {"type": "Feature", "geometry": {"type": "LineString", "coordinates": [[-14.591373952933083, 57.27118850459827], [-14.573969313937766, 57.28578369800283]]}, "properties": {"source": "24151121", "target": "25763989"}}, {"type": "Feature", "geometry": {"type": "LineString", "coordinates": [[-14.591373952933083, 57.27118850459827], [-14.597993074979883, 57.288670374526916]]}, "properties": {"source": "24151121", "target": "26838703"}}, {"type": "Feature", "geometry": {"type": "LineString", "coordinates": [[-14.591373952933083, 57.27118850459827], [-14.622948453900278, 57.27452265525841]]}, "properties": {"source": "24151121", "target": "25234004"}}, {"type": "Feature", "geometry": {"type": "LineString", "coordinates": [[-14.591373952933083, 57.27118850459827], [-14.608777681290377, 57.26649676108683]]}, "properties": {"source": "24151121", "target": "30306841"}}, {"type": "Feature", "geometry": {"type": "LineString", "coordinates": [[-14.591373952933083, 57.27118850459827], [-14.565309519557161, 57.28211470267587]]}, "properties": {"source": "24151121", "target": "25815089"}}, {"type": "Feature", "geometry": {"type": "LineString", "coordinates": [[-14.591373952933083, 57.27118850459827], [-14.573747010989337, 57.283907441616265]]}, "properties": {"source": "24151121", "target": "18781543"}}, {"type": "Feature", "geometry": {"type": "LineString", "coordinates": [[-14.624530504345898, 57.29284020141503], [-14.544352324845136, 57.26654044550153]]}, "properties": {"source": "30622123", "target": "22613246"}}, {"type": "Feature", "geometry": {"type": "LineString", "coordinates": [[-14.573148149529118, 57.26601390993251], [-14.603648866924829, 57.276406812079784]]}, "properties": {"source": "21902503", "target": "23300811"}}, {"type": "Feature", "geometry": {"type": "LineString", "coordinates": [[-14.573148149529118, 57.26601390993251], [-14.6138306411857, 57.28203153628624]]}, "properties": {"source": "21902503", "target": "26167797"}}, {"type": "Feature", "geometry": {"type": "LineString", "coordinates": [[-14.573148149529118, 57.26601390993251], [-14.58051374821872, 57.29030243691261]]}, "properties": {"source": "21902503", "target": "25041079"}}, {"type": "Feature", "geometry": {"type": "LineString", "coordinates": [[-14.573148149529118, 57.26601390993251], [-14.565321907643153, 57.2827171885921]]}, "properties": {"source": "21902503", "target": "18743467"}}, {"type": "Feature", "geometry": {"type": "LineString", "coordinates": [[-14.573148149529118, 57.26601390993251], [-14.610112273651197, 57.28852600281655]]}, "properties": {"source": "21902503", "target": "28012921"}}, {"type": "Feature", "geometry": {"type": "LineString", "coordinates": [[-14.573148149529118, 57.26601390993251], [-14.553077835713424, 57.27101371809863]]}, "properties": {"source": "21902503", "target": "18192699"}}, {"type": "Feature", "geometry": {"type": "LineString", "coordinates": [[-14.573148149529118, 57.26601390993251], [-14.564955038662049, 57.279815856102644]]}, "properties": {"source": "21902503", "target": "18605047"}}, {"type": "Feature", "geometry": {"type": "LineString", "coordinates": [[-14.59078915021243, 57.29259809831525], [-14.553077835713424, 57.27101371809863]]}, "properties": {"source": "17876047", "target": "18192699"}}, {"type": "Feature", "geometry": {"type": "LineString", "coordinates": [[-14.59078915021243, 57.29259809831525], [-14.603582424098164, 57.28946965795285]]}, "properties": {"source": "17876047", "target": "17926108"}}, {"type": "Feature", "geometry": {"type": "LineString", "coordinates": [[-14.59078915021243, 57.29259809831525], [-14.568840830539813, 57.27312420304028]]}, "properties": {"source": "17876047", "target": "17976745"}}, {"type": "Feature", "geometry": {"type": "LineString", "coordinates": [[-14.59078915021243, 57.29259809831525], [-14.58176011455447, 57.283263524927094]]}, "properties": {"source": "17876047", "target": "18098854"}}, {"type": "Feature", "geometry": {"type": "LineString", "coordinates": [[-14.541633690352455, 57.27299721501474], [-14.54507781658208, 57.280676996353264]]}, "properties": {"source": "18282913", "target": "20889588"}}, {"type": "Feature", "geometry": {"type": "LineString", "coordinates": [[-14.541633690352455, 57.27299721501474], [-14.605307415844806, 57.29242007123791]]}, "properties": {"source": "18282913", "target": "22232698"}}, {"type": "Feature", "geometry": {"type": "LineString", "coordinates": [[-14.541633690352455, 57.27299721501474], [-14.5491481238777, 57.26926115874522]]}, "properties": {"source": "18282913", "target": "17737927"}}, {"type": "Feature", "geometry": {"type": "LineString", "coordinates": [[-14.541633690352455, 57.27299721501474], [-14.579793614871676, 57.27746732617712]]}, "properties": {"source": "18282913", "target": "17854691"}}, {"type": "Feature", "geometry": {"type": "LineString", "coordinates": [[-14.573148149529118, 57.26601390993251], [-14.544352324845136, 57.26654044550153]]}, "properties": {"source": "21902503", "target": "22613246"}}, {"type": "Feature", "geometry": {"type": "LineString", "coordinates": [[-14.623569671476304, 57.26974711467997], [-14.605671534770067, 57.279638297127406]]}, "properties": {"source": "20821294", "target": "20549525"}}, {"type": "Feature", "geometry": {"type": "LineString", "coordinates": [[-14.623569671476304, 57.26974711467997], [-14.58519309386196, 57.27255013646672]]}, "properties": {"source": "20821294", "target": "18686810"}}, {"type": "Feature", "geometry": {"type": "LineString", "coordinates": [[-14.623569671476304, 57.26974711467997], [-14.59012068234307, 57.2693443043251]]}, "properties": {"source": "20821294", "target": "18596498"}}, {"type": "Feature", "geometry": {"type": "LineString", "coordinates": [[-14.623569671476304, 57.26974711467997], [-14.590049048613025, 57.2658623210022]]}, "properties": {"source": "20821294", "target": "17375956"}}, {"type": "Feature", "geometry": {"type": "LineString", "coordinates": [[-14.623569671476304, 57.26974711467997], [-14.577821317102945, 57.267402206075005]]}, "properties": {"source": "20821294", "target": "19569028"}}, {"type": "Feature", "geometry": {"type": "LineString", "coordinates": [[-14.623569671476304, 57.26974711467997], [-14.549524411994952, 57.2860343538736]]}, "properties": {"source": "20821294", "target": "18730386"}}, {"type": "Feature", "geometry": {"type": "LineString", "coordinates": [[-14.623569671476304, 57.26974711467997], [-14.617646544969375, 57.280924568492]]}, "properties": {"source": "20821294", "target": "20262760"}}, {"type": "Feature", "geometry": {"type": "LineString", "coordinates": [[-14.623569671476304, 57.26974711467997], [-14.61766947399326, 57.27288719784934]]}, "properties": {"source": "20821294", "target": "26538415"}}, {"type": "Feature", "geometry": {"type": "LineString", "coordinates": [[-14.539013748364397, 57.28222050422913], [-14.539689316833346, 57.270693488096924]]}, "properties": {"source": "18337069", "target": "18341046"}}, {"type": "Feature", "geometry": {"type": "LineString", "coordinates": [[-14.539013748364397, 57.28222050422913], [-14.55598424639922, 57.27141486431326]]}, "properties": {"source": "18337069", "target": "18375518"}}, {"type": "Feature", "geometry": {"type": "LineString", "coordinates": [[-14.539013748364397, 57.28222050422913], [-14.539297066191722, 57.27369256864941]]}, "properties": {"source": "18337069", "target": "18457632"}}, {"type": "Feature", "geometry": {"type": "LineString", "coordinates": [[-14.539013748364397, 57.28222050422913], [-14.61662184268522, 57.26551705374092]]}, "properties": {"source": "18337069", "target": "18692169"}}, {"type": "Feature", "geometry": {"type": "LineString", "coordinates": [[-14.539013748364397, 57.28222050422913], [-14.609669169976769, 57.2718850538438]]}, "properties": {"source": "18337069", "target": "20497027"}}, {"type": "Feature", "geometry": {"type": "LineString", "coordinates": [[-14.539013748364397, 57.28222050422913], [-14.61909236990357, 57.29021316452881]]}, "properties": {"source": "18337069", "target": "18225174"}}, {"type": "Feature", "geometry": {"type": "LineString", "coordinates": [[-14.539013748364397, 57.28222050422913], [-14.6143832365008, 57.26980421466567]]}, "properties": {"source": "18337069", "target": "18493012"}}, {"type": "Feature", "geometry": {"type": "LineString", "coordinates": [[-14.612487120723586, 57.28357796895068], [-14.573747010989337, 57.283907441616265]]}, "properties": {"source": "17829764", "target": "18781543"}}, {"type": "Feature", "geometry": {"type": "LineString", "coordinates": [[-14.601685753229702, 57.281880534634084], [-14.61766947399326, 57.27288719784934]]}, "properties": {"source": "18693621", "target": "26538415"}}, {"type": "Feature", "geometry": {"type": "LineString", "coordinates": [[-14.622867245319469, 57.26763823152561], [-14.573969313937766, 57.28578369800283]]}, "properties": {"source": "23276717", "target": "25763989"}}, {"type": "Feature", "geometry": {"type": "LineString", "coordinates": [[-14.622867245319469, 57.26763823152561], [-14.597993074979883, 57.288670374526916]]}, "properties": {"source": "23276717", "target": "26838703"}}, {"type": "Feature", "geometry": {"type": "LineString", "coordinates": [[-14.622867245319469, 57.26763823152561], [-14.622948453900278, 57.27452265525841]]}, "properties": {"source": "23276717", "target": "25234004"}}, {"type": "Feature", "geometry": {"type": "LineString", "coordinates": [[-14.622867245319469, 57.26763823152561], [-14.565309519557161, 57.28211470267587]]}, "properties": {"source": "23276717", "target": "25815089"}}, {"type": "Feature", "geometry": {"type": "LineString", "coordinates": [[-14.622867245319469, 57.26763823152561], [-14.594809226161743, 57.28382486619776]]}, "properties": {"source": "23276717", "target": "30195145"}}, {"type": "Feature", "geometry": {"type": "LineString", "coordinates": [[-14.622867245319469, 57.26763823152561], [-14.587235554895926, 57.292017798719314]]}, "properties": {"source": "23276717", "target": "18781540"}}, {"type": "Feature", "geometry": {"type": "LineString", "coordinates": [[-14.622867245319469, 57.26763823152561], [-14.557267192962883, 57.26439579445902]]}, "properties": {"source": "23276717", "target": "25865290"}}, {"type": "Feature", "geometry": {"type": "LineString", "coordinates": [[-14.596365926958697, 57.28836801644749], [-14.556766725399427, 57.273853090204724]]}, "properties": {"source": "20868172", "target": "17934979"}}, {"type": "Feature", "geometry": {"type": "LineString", "coordinates": [[-14.554168561645128, 57.2726220034273], [-14.568355534410614, 57.26736684224291]]}, "properties": {"source": "21521348", "target": "18131119"}}, {"type": "Feature", "geometry": {"type": "LineString", "coordinates": [[-14.554168561645128, 57.2726220034273], [-14.565961945033877, 57.2798057816466]]}, "properties": {"source": "21521348", "target": "18131118"}}, {"type": "Feature", "geometry": {"type": "LineString", "coordinates": [[-14.554168561645128, 57.2726220034273], [-14.54755597012462, 57.29036134249077]]}, "properties": {"source": "21521348", "target": "20414715"}}, {"type": "Feature", "geometry": {"type": "LineString", "coordinates": [[-14.554168561645128, 57.2726220034273], [-14.62013864244679, 57.267486792585004]]}, "properties": {"source": "21521348", "target": "23686727"}}, {"type": "Feature", "geometry": {"type": "LineString", "coordinates": [[-14.554168561645128, 57.2726220034273], [-14.54165812653659, 57.273734647265044]]}, "properties": {"source": "21521348", "target": "21518679"}}, {"type": "Feature", "geometry": {"type": "LineString", "coordinates": [[-14.538294537087125, 57.27231916457335], [-14.617646544969375, 57.280924568492]]}, "properties": {"source": "26252172", "target": "20262760"}}, {"type": "Feature", "geometry": {"type": "LineString", "coordinates": [[-14.57716476843396, 57.27725438523838], [-14.601652090862302, 57.29377006019445]]}, "properties": {"source": "28939398", "target": "22925759"}}, {"type": "Feature", "geometry": {"type": "LineString", "coordinates": [[-14.605898314570396, 57.293370862838856], [-14.6138306411857, 57.28203153628624]]}, "properties": {"source": "28821417", "target": "26167797"}}, {"type": "Feature", "geometry": {"type": "LineString", "coordinates": [[-14.605898314570396, 57.293370862838856], [-14.58051374821872, 57.29030243691261]]}, "properties": {"source": "28821417", "target": "25041079"}}, {"type": "Feature", "geometry": {"type": "LineString", "coordinates": [[-14.605898314570396, 57.293370862838856], [-14.610112273651197, 57.28852600281655]]}, "properties": {"source": "28821417", "target": "28012921"}}, {"type": "Feature", "geometry": {"type": "LineString", "coordinates": [[-14.605898314570396, 57.293370862838856], [-14.564955038662049, 57.279815856102644]]}, "properties": {"source": "28821417", "target": "18605047"}}, {"type": "Feature", "geometry": {"type": "LineString", "coordinates": [[-14.605898314570396, 57.293370862838856], [-14.624530504345898, 57.29284020141503]]}, "properties": {"source": "28821417", "target": "30622123"}}, {"type": "Feature", "geometry": {"type": "LineString", "coordinates": [[-14.605898314570396, 57.293370862838856], [-14.623091903210963, 57.27231636368069]]}, "properties": {"source": "28821417", "target": "28475027"}}, {"type": "Feature", "geometry": {"type": "LineString", "coordinates": [[-14.605898314570396, 57.293370862838856], [-14.59384866591617, 57.27545880466819]]}, "properties": {"source": "28821417", "target": "25550971"}}, {"type": "Feature", "geometry": {"type": "LineString", "coordinates": [[-14.565867932535014, 57.27094994834589], [-14.59356467813717, 57.27735284531124]]}, "properties": {"source": "25385454", "target": "23375508"}}, {"type": "Feature", "geometry": {"type": "LineString", "coordinates": [[-14.565867932535014, 57.27094994834589], [-14.603648866924829, 57.276406812079784]]}, "properties": {"source": "25385454", "target": "23300811"}}, {"type": "Feature", "geometry": {"type": "LineString", "coordinates": [[-14.565867932535014, 57.27094994834589], [-14.6138306411857, 57.28203153628624]]}, "properties": {"source": "25385454", "target": "26167797"}}, {"type": "Feature", "geometry": {"type": "LineString", "coordinates": [[-14.565867932535014, 57.27094994834589], [-14.58051374821872, 57.29030243691261]]}, "properties": {"source": "25385454", "target": "25041079"}}, {"type": "Feature", "geometry": {"type": "LineString", "coordinates": [[-14.565867932535014, 57.27094994834589], [-14.565321907643153, 57.2827171885921]]}, "properties": {"source": "25385454", "target": "18743467"}}, {"type": "Feature", "geometry": {"type": "LineString", "coordinates": [[-14.565867932535014, 57.27094994834589], [-14.605898314570396, 57.293370862838856]]}, "properties": {"source": "25385454", "target": "28821417"}}, {"type": "Feature", "geometry": {"type": "LineString", "coordinates": [[-14.565867932535014, 57.27094994834589], [-14.573148149529118, 57.26601390993251]]}, "properties": {"source": "25385454", "target": "21902503"}}, {"type": "Feature", "geometry": {"type": "LineString", "coordinates": [[-14.605898314570396, 57.293370862838856], [-14.544352324845136, 57.26654044550153]]}, "properties": {"source": "28821417", "target": "22613246"}}, {"type": "Feature", "geometry": {"type": "LineString", "coordinates": [[-14.565867932535014, 57.27094994834589], [-14.544352324845136, 57.26654044550153]]}, "properties": {"source": "25385454", "target": "22613246"}}, {"type": "Feature", "geometry": {"type": "LineString", "coordinates": [[-14.572450139300969, 57.27820051438201], [-14.5491481238777, 57.26926115874522]]}, "properties": {"source": "18625450", "target": "17737927"}}, {"type": "Feature", "geometry": {"type": "LineString", "coordinates": [[-14.572450139300969, 57.27820051438201], [-14.556766725399427, 57.273853090204724]]}, "properties": {"source": "18625450", "target": "17934979"}}, {"type": "Feature", "geometry": {"type": "LineString", "coordinates": [[-14.572450139300969, 57.27820051438201], [-14.61315072692662, 57.27212778292558]]}, "properties": {"source": "18625450", "target": "18526139"}}, {"type": "Feature", "geometry": {"type": "LineString", "coordinates": [[-14.575348082733115, 57.28551578863859], [-14.59356467813717, 57.27735284531124]]}, "properties": {"source": "21902610", "target": "23375508"}}, {"type": "Feature", "geometry": {"type": "LineString", "coordinates": [[-14.575348082733115, 57.28551578863859], [-14.603648866924829, 57.276406812079784]]}, "properties": {"source": "21902610", "target": "23300811"}}, {"type": "Feature", "geometry": {"type": "LineString", "coordinates": [[-14.575348082733115, 57.28551578863859], [-14.6138306411857, 57.28203153628624]]}, "properties": {"source": "21902610", "target": "26167797"}}, {"type": "Feature", "geometry": {"type": "LineString", "coordinates": [[-14.575348082733115, 57.28551578863859], [-14.58051374821872, 57.29030243691261]]}, "properties": {"source": "21902610", "target": "25041079"}}, {"type": "Feature", "geometry": {"type": "LineString", "coordinates": [[-14.611258579312562, 57.26751339990574], [-14.545510171579735, 57.2723446070265]]}, "properties": {"source": "25968516", "target": "26312131"}}, {"type": "Feature", "geometry": {"type": "LineString", "coordinates": [[-14.611258579312562, 57.26751339990574], [-14.568166872183582, 57.29439076057122]]}, "properties": {"source": "25968516", "target": "23662114"}}, {"type": "Feature", "geometry": {"type": "LineString", "coordinates": [[-14.611258579312562, 57.26751339990574], [-14.58608575917745, 57.26696540566404]]}, "properties": {"source": "25968516", "target": "35619967"}}, {"type": "Feature", "geometry": {"type": "LineString", "coordinates": [[-14.569065885612105, 57.28751582171607], [-14.553754727164346, 57.268359136596104]]}, "properties": {"source": "27836005", "target": "27888635"}}, {"type": "Feature", "geometry": {"type": "LineString", "coordinates": [[-14.569065885612105, 57.28751582171607], [-14.619319944393197, 57.26625825962333]]}, "properties": {"source": "27836005", "target": "23551042"}}, {"type": "Feature", "geometry": {"type": "LineString", "coordinates": [[-14.569065885612105, 57.28751582171607], [-14.585414546019308, 57.280996233739444]]}, "properties": {"source": "27836005", "target": "31435554"}}, {"type": "Feature", "geometry": {"type": "LineString", "coordinates": [[-14.568936901653444, 57.289934557136974], [-14.601652090862302, 57.29377006019445]]}, "properties": {"source": "27930482", "target": "22925759"}}, {"type": "Feature", "geometry": {"type": "LineString", "coordinates": [[-14.568936901653444, 57.289934557136974], [-14.610052021791148, 57.29403962500446]]}, "properties": {"source": "27930482", "target": "22725532"}}, {"type": "Feature", "geometry": {"type": "LineString", "coordinates": [[-14.575348082733115, 57.28551578863859], [-14.544352324845136, 57.26654044550153]]}, "properties": {"source": "21902610", "target": "22613246"}}, {"type": "Feature", "geometry": {"type": "LineString", "coordinates": [[-14.59385806804275, 57.26929892956018], [-14.59112937914287, 57.27723799975361]]}, "properties": {"source": "19301526", "target": "22589352"}}, {"type": "Feature", "geometry": {"type": "LineString", "coordinates": [[-14.59385806804275, 57.26929892956018], [-14.546609779555666, 57.275098720135574]]}, "properties": {"source": "19301526", "target": "18364153"}}, {"type": "Feature", "geometry": {"type": "LineString", "coordinates": [[-14.59385806804275, 57.26929892956018], [-14.56991189848361, 57.28589004795742]]}, "properties": {"source": "19301526", "target": "18211118"}}, {"type": "Feature", "geometry": {"type": "LineString", "coordinates": [[-14.59385806804275, 57.26929892956018], [-14.574366220245253, 57.272931764903774]]}, "properties": {"source": "19301526", "target": "23010184"}}, {"type": "Feature", "geometry": {"type": "LineString", "coordinates": [[-14.59385806804275, 57.26929892956018], [-14.573148149529118, 57.26601390993251]]}, "properties": {"source": "19301526", "target": "21902503"}}, {"type": "Feature", "geometry": {"type": "LineString", "coordinates": [[-14.59385806804275, 57.26929892956018], [-14.603615351848077, 57.28797075760296]]}, "properties": {"source": "19301526", "target": "20497616"}}, {"type": "Feature", "geometry": {"type": "LineString", "coordinates": [[-14.59385806804275, 57.26929892956018], [-14.538070736168436, 57.267056789126]]}, "properties": {"source": "19301526", "target": "23287381"}}, {"type": "Feature", "geometry": {"type": "LineString", "coordinates": [[-14.59385806804275, 57.26929892956018], [-14.558761086442871, 57.264610630015724]]}, "properties": {"source": "19301526", "target": "20497613"}}, {"type": "Feature", "geometry": {"type": "LineString", "coordinates": [[-14.565321907643153, 57.2827171885921], [-14.549524411994952, 57.2860343538736]]}, "properties": {"source": "18743467", "target": "18730386"}}, {"type": "Feature", "geometry": {"type": "LineString", "coordinates": [[-14.565321907643153, 57.2827171885921], [-14.618339271505675, 57.2883768800272]]}, "properties": {"source": "18743467", "target": "18405928"}}, {"type": "Feature", "geometry": {"type": "LineString", "coordinates": [[-14.565321907643153, 57.2827171885921], [-14.61662184268522, 57.26551705374092]]}, "properties": {"source": "18743467", "target": "18692169"}}, {"type": "Feature", "geometry": {"type": "LineString", "coordinates": [[-14.565321907643153, 57.2827171885921], [-14.602416303435376, 57.28410885262848]]}, "properties": {"source": "18743467", "target": "18715733"}}, {"type": "Feature", "geometry": {"type": "LineString", "coordinates": [[-14.605898314570396, 57.293370862838856], [-14.575348082733115, 57.28551578863859]]}, "properties": {"source": "28821417", "target": "21902610"}}, {"type": "Feature", "geometry": {"type": "LineString", "coordinates": [[-14.605898314570396, 57.293370862838856], [-14.59356467813717, 57.27735284531124]]}, "properties": {"source": "28821417", "target": "23375508"}}, {"type": "Feature", "geometry": {"type": "LineString", "coordinates": [[-14.605898314570396, 57.293370862838856], [-14.603648866924829, 57.276406812079784]]}, "properties": {"source": "28821417", "target": "23300811"}}, {"type": "Feature", "geometry": {"type": "LineString", "coordinates": [[-14.565321907643153, 57.2827171885921], [-14.614359196032751, 57.278733716165235]]}, "properties": {"source": "18743467", "target": "18275876"}}, {"type": "Feature", "geometry": {"type": "LineString", "coordinates": [[-14.546609779555666, 57.275098720135574], [-14.564532921093416, 57.28888411894063]]}, "properties": {"source": "18364153", "target": "18247333"}}, {"type": "Feature", "geometry": {"type": "LineString", "coordinates": [[-14.546609779555666, 57.275098720135574], [-14.618811085116477, 57.26765867290054]]}, "properties": {"source": "18364153", "target": "18241166"}}, {"type": "Feature", "geometry": {"type": "LineString", "coordinates": [[-14.56991189848361, 57.28589004795742], [-14.59112937914287, 57.27723799975361]]}, "properties": {"source": "18211118", "target": "22589352"}}, {"type": "Feature", "geometry": {"type": "LineString", "coordinates": [[-14.56991189848361, 57.28589004795742], [-14.574366220245253, 57.272931764903774]]}, "properties": {"source": "18211118", "target": "23010184"}}, {"type": "Feature", "geometry": {"type": "LineString", "coordinates": [[-14.56991189848361, 57.28589004795742], [-14.564955038662049, 57.279815856102644]]}, "properties": {"source": "18211118", "target": "18605047"}}, {"type": "Feature", "geometry": {"type": "LineString", "coordinates": [[-14.56991189848361, 57.28589004795742], [-14.603582424098164, 57.28946965795285]]}, "properties": {"source": "18211118", "target": "17926108"}}, {"type": "Feature", "geometry": {"type": "LineString", "coordinates": [[-14.56991189848361, 57.28589004795742], [-14.55041826596181, 57.27552063136771]]}, "properties": {"source": "18211118", "target": "18054056"}}, {"type": "Feature", "geometry": {"type": "LineString", "coordinates": [[-14.56991189848361, 57.28589004795742], [-14.563316194423379, 57.278242963540094]]}, "properties": {"source": "18211118", "target": "17876030"}}, {"type": "Feature", "geometry": {"type": "LineString", "coordinates": [[-14.549280566552369, 57.27249694786103], [-14.546823113222416, 57.29354450553441]]}, "properties": {"source": "19180883", "target": "23844414"}}, {"type": "Feature", "geometry": {"type": "LineString", "coordinates": [[-14.549280566552369, 57.27249694786103], [-14.53587548392386, 57.28673082176485]]}, "properties": {"source": "19180883", "target": "18717645"}}, {"type": "Feature", "geometry": {"type": "LineString", "coordinates": [[-14.549280566552369, 57.27249694786103], [-14.553754727164346, 57.268359136596104]]}, "properties": {"source": "19180883", "target": "27888635"}}, {"type": "Feature", "geometry": {"type": "LineString", "coordinates": [[-14.549280566552369, 57.27249694786103], [-14.59920477424535, 57.289783478456144]]}, "properties": {"source": "19180883", "target": "23571314"}}, {"type": "Feature", "geometry": {"type": "LineString", "coordinates": [[-14.549280566552369, 57.27249694786103], [-14.575785523199556, 57.28509773111365]]}, "properties": {"source": "19180883", "target": "24809903"}}, {"type": "Feature", "geometry": {"type": "LineString", "coordinates": [[-14.605314795609672, 57.276588295280405], [-14.56166862902296, 57.281000114695146]]}, "properties": {"source": "17878281", "target": "17926109"}}, {"type": "Feature", "geometry": {"type": "LineString", "coordinates": [[-14.605314795609672, 57.276588295280405], [-14.535442786010833, 57.26466864361166]]}, "properties": {"source": "17878281", "target": "18340482"}}, {"type": "Feature", "geometry": {"type": "LineString", "coordinates": [[-14.605314795609672, 57.276588295280405], [-14.55598424639922, 57.27141486431326]]}, "properties": {"source": "17878281", "target": "18375518"}}, {"type": "Feature", "geometry": {"type": "LineString", "coordinates": [[-14.61318272855192, 57.279775262183634], [-14.541977796370304, 57.290802049394884]]}, "properties": {"source": "20309341", "target": "20884636"}}, {"type": "Feature", "geometry": {"type": "LineString", "coordinates": [[-14.61318272855192, 57.279775262183634], [-14.579769272527017, 57.28524234533418]]}, "properties": {"source": "20309341", "target": "20553451"}}, {"type": "Feature", "geometry": {"type": "LineString", "coordinates": [[-14.570714650904705, 57.289136875409795], [-14.568355534410614, 57.26736684224291]]}, "properties": {"source": "21518647", "target": "18131119"}}, {"type": "Feature", "geometry": {"type": "LineString", "coordinates": [[-14.570714650904705, 57.289136875409795], [-14.565961945033877, 57.2798057816466]]}, "properties": {"source": "21518647", "target": "18131118"}}, {"type": "Feature", "geometry": {"type": "LineString", "coordinates": [[-14.570714650904705, 57.289136875409795], [-14.54755597012462, 57.29036134249077]]}, "properties": {"source": "21518647", "target": "20414715"}}, {"type": "Feature", "geometry": {"type": "LineString", "coordinates": [[-14.570714650904705, 57.289136875409795], [-14.554168561645128, 57.2726220034273]]}, "properties": {"source": "21518647", "target": "21521348"}}, {"type": "Feature", "geometry": {"type": "LineString", "coordinates": [[-14.570714650904705, 57.289136875409795], [-14.54165812653659, 57.273734647265044]]}, "properties": {"source": "21518647", "target": "21518679"}}, {"type": "Feature", "geometry": {"type": "LineString", "coordinates": [[-14.536419066922804, 57.26858353110532], [-14.549524411994952, 57.2860343538736]]}, "properties": {"source": "17278299", "target": "18730386"}}, {"type": "Feature", "geometry": {"type": "LineString", "coordinates": [[-14.538790569383934, 57.27084557294748], [-14.572450139300969, 57.27820051438201]]}, "properties": {"source": "18363846", "target": "18625450"}}, {"type": "Feature", "geometry": {"type": "LineString", "coordinates": [[-14.538790569383934, 57.27084557294748], [-14.59385806804275, 57.26929892956018]]}, "properties": {"source": "18363846", "target": "19301526"}}, {"type": "Feature", "geometry": {"type": "LineString", "coordinates": [[-14.538790569383934, 57.27084557294748], [-14.564410029703481, 57.277170522912485]]}, "properties": {"source": "18363846", "target": "18625453"}}, {"type": "Feature", "geometry": {"type": "LineString", "coordinates": [[-14.538790569383934, 57.27084557294748], [-14.556272599579842, 57.26641652321344]]}, "properties": {"source": "18363846", "target": "19459671"}}, {"type": "Feature", "geometry": {"type": "LineString", "coordinates": [[-14.562054243570088, 57.28162637610994], [-14.59112937914287, 57.27723799975361]]}, "properties": {"source": "22249086", "target": "22589352"}}, {"type": "Feature", "geometry": {"type": "LineString", "coordinates": [[-14.562054243570088, 57.28162637610994], [-14.58051374821872, 57.29030243691261]]}, "properties": {"source": "22249086", "target": "25041079"}}, {"type": "Feature", "geometry": {"type": "LineString", "coordinates": [[-14.538790569383934, 57.27084557294748], [-14.567628965868863, 57.2839484459098]]}, "properties": {"source": "18363846", "target": "19275709"}}, {"type": "Feature", "geometry": {"type": "LineString", "coordinates": [[-14.538790569383934, 57.27084557294748], [-14.623175280404695, 57.27444239331673]]}, "properties": {"source": "18363846", "target": "26092048"}}]}