{"type": "FeatureCollection", "features": [{"type": "Feature", "geometry": {"type": "LineString", "coordinates": [[-78.54789591992478, 67.8848153520806], [-78.56316802368545, 67.89095652854755]]}, "properties": {"source": "35809414", "target": "32572390"}}, {"type": "Feature", "geometry": {"type": "LineString", "coordinates": [[-78.54789591992478, 67.8848153520806], [-78.54096711475073, 67.88870539973726]]}, "properties": {"source": "35809414", "target": "33410814"}}, {"type": "Feature", "geometry": {"type": "LineString", "coordinates": [[-78.54789591992478, 67.8848153520806], [-78.54542920361841, 67.8935104307118]]}, "properties": {"source": "35809414", "target": "33962327"}}, {"type": "Feature", "geometry": {"type": "LineString", "coordinates": [[-78.54789591992478, 67.8848153520806], [-78.54697511321213, 67.89005760561541]]}, "properties": {"source": "35809414", "target": "10429443"}}, {"type": "Feature", "geometry": {"type": "LineString", "coordinates": [[-78.54789591992478, 67.8848153520806], [-78.55806640400063, 67.88780589423008]]}, "properties": {"source": "35809414", "target": "6222779"}}, {"type": "Feature", "geometry": {"type": "LineString", "coordinates": [[-78.54789591992478, 67.8848153520806], [-78.54291468107769, 67.88895013249922]]}, "properties": {"source": "35809414", "target": "550122"}}, {"type": "Feature", "geometry": {"type": "LineString", "coordinates": [[-78.54789591992478, 67.8848153520806], [-78.55964851043724, 67.88459389632332]]}, "properties": {"source": "35809414", "target": "37343"}}, {"type": "Feature", "geometry": {"type": "LineString", "coordinates": [[-78.54789591992478, 67.8848153520806], [-78.56685837265276, 67.89447408691485]]}, "properties": {"source": "35809414", "target": "34144611"}}, {"type": "Feature", "geometry": {"type": "LineString", "coordinates": [[-78.55333447510347, 67.89505976149601], [-78.57029490080949, 67.8901609308042]]}, "properties": {"source": "15738722", "target": "32614047"}}, {"type": "Feature", "geometry": {"type": "LineString", "coordinates": [[-78.55778249831394, 67.88623586381183], [-78.54665816471875, 67.88467054110015]]}, "properties": {"source": "20640241", "target": "20640268"}}, {"type": "Feature", "geometry": {"type": "LineString", "coordinates": [[-78.55778249831394, 67.88623586381183], [-78.54169441577689, 67.89202992224602]]}, "properties": {"source": "20640241", "target": "23148016"}}, {"type": "Feature", "geometry": {"type": "LineString", "coordinates": [[-78.55778249831394, 67.88623586381183], [-78.55748736290353, 67.88938040513644]]}, "properties": {"source": "20640241", "target": "20640247"}}, {"type": "Feature", "geometry": {"type": "LineString", "coordinates": [[-78.55778249831394, 67.88623586381183], [-78.56025881270278, 67.89170876623861]]}, "properties": {"source": "20640241", "target": "27207818"}}, {"type": "Feature", "geometry": {"type": "LineString", "coordinates": [[-78.55952512529052, 67.88471897431567], [-78.5652392391776, 67.88561867344454]]}, "properties": {"source": "18330020", "target": "25997635"}}, {"type": "Feature", "geometry": {"type": "LineString", "coordinates": [[-78.56455672967653, 67.89023952654166], [-78.57024160729493, 67.88807761076592]]}, "properties": {"source": "22467844", "target": "25069885"}}, {"type": "Feature", "geometry": {"type": "LineString", "coordinates": [[-78.57024160729493, 67.88807761076592], [-78.55120223078042, 67.89412939831206]]}, "properties": {"source": "25069885", "target": "25069985"}}, {"type": "Feature", "geometry": {"type": "LineString", "coordinates": [[-78.57029490080949, 67.8901609308042], [-78.54697511321213, 67.89005760561541]]}, "properties": {"source": "32614047", "target": "10429443"}}, {"type": "Feature", "geometry": {"type": "LineString", "coordinates": [[-78.57029490080949, 67.8901609308042], [-78.53841377184906, 67.89407969760495]]}, "properties": {"source": "32614047", "target": "29622023"}}, {"type": "Feature", "geometry": {"type": "LineString", "coordinates": [[-78.5652392391776, 67.88561867344454], [-78.56393269630722, 67.8917125321242]]}, "properties": {"source": "25997635", "target": "22907131"}}, {"type": "Feature", "geometry": {"type": "LineString", "coordinates": [[-78.5652392391776, 67.88561867344454], [-78.54151131562068, 67.88924208859403]]}, "properties": {"source": "25997635", "target": "25656871"}}, {"type": "Feature", "geometry": {"type": "LineString", "coordinates": [[-78.5652392391776, 67.88561867344454], [-78.56138723960618, 67.89345350716466]]}, "properties": {"source": "25997635", "target": "18622239"}}, {"type": "Feature", "geometry": {"type": "LineString", "coordinates": [[-78.5652392391776, 67.88561867344454], [-78.54701062572657, 67.88792072085211]]}, "properties": {"source": "25997635", "target": "16280494"}}, {"type": "Feature", "geometry": {"type": "LineString", "coordinates": [[-78.5652392391776, 67.88561867344454], [-78.55735565179371, 67.88852479432542]]}, "properties": {"source": "25997635", "target": "17887777"}}, {"type": "Feature", "geometry": {"type": "LineString", "coordinates": [[-78.55696125531568, 67.88874776772063], [-78.54394896849273, 67.89218266301471]]}, "properties": {"source": "24204852", "target": "27843077"}}, {"type": "Feature", "geometry": {"type": "LineString", "coordinates": [[-78.55970154965571, 67.88929966628561], [-78.54603833874198, 67.89472525440564]]}, "properties": {"source": "36298172", "target": "35065540"}}, {"type": "Feature", "geometry": {"type": "LineString", "coordinates": [[-78.55970154965571, 67.88929966628561], [-78.55560248357244, 67.88822765943556]]}, "properties": {"source": "36298172", "target": "35649074"}}, {"type": "Feature", "geometry": {"type": "LineString", "coordinates": [[-78.55970154965571, 67.88929966628561], [-78.55947974021429, 67.88803237687411]]}, "properties": {"source": "36298172", "target": "36302676"}}, {"type": "Feature", "geometry": {"type": "LineString", "coordinates": [[-78.55970154965571, 67.88929966628561], [-78.56501878522957, 67.89400943001165]]}, "properties": {"source": "36298172", "target": "32315364"}}, {"type": "Feature", "geometry": {"type": "LineString", "coordinates": [[-78.55970154965571, 67.88929966628561], [-78.54011108716269, 67.89254389507266]]}, "properties": {"source": "36298172", "target": "32454206"}}, {"type": "Feature", "geometry": {"type": "LineString", "coordinates": [[-78.55970154965571, 67.88929966628561], [-78.5409223349805, 67.88527659488655]]}, "properties": {"source": "36298172", "target": "23593564"}}, {"type": "Feature", "geometry": {"type": "LineString", "coordinates": [[-78.55970154965571, 67.88929966628561], [-78.5536822028622, 67.8890737057504]]}, "properties": {"source": "36298172", "target": "24346256"}}, {"type": "Feature", "geometry": {"type": "LineString", "coordinates": [[-78.55970154965571, 67.88929966628561], [-78.54151131562068, 67.88924208859403]]}, "properties": {"source": "36298172", "target": "25656871"}}, {"type": "Feature", "geometry": {"type": "LineString", "coordinates": [[-78.55970154965571, 67.88929966628561], [-78.56691281506845, 67.88893775057198]]}, "properties": {"source": "36298172", "target": "18283912"}}, {"type": "Feature", "geometry": {"type": "LineString", "coordinates": [[-78.55970154965571, 67.88929966628561], [-78.56138723960618, 67.89345350716466]]}, "properties": {"source": "36298172", "target": "18622239"}}, {"type": "Feature", "geometry": {"type": "LineString", "coordinates": [[-78.55970154965571, 67.88929966628561], [-78.54949370387574, 67.89433481043753]]}, "properties": {"source": "36298172", "target": "27207840"}}, {"type": "Feature", "geometry": {"type": "LineString", "coordinates": [[-78.55970154965571, 67.88929966628561], [-78.54542920361841, 67.8935104307118]]}, "properties": {"source": "36298172", "target": "33962327"}}, {"type": "Feature", "geometry": {"type": "LineString", "coordinates": [[-78.55970154965571, 67.88929966628561], [-78.55617752660896, 67.88772151237687]]}, "properties": {"source": "36298172", "target": "26040775"}}, {"type": "Feature", "geometry": {"type": "LineString", "coordinates": [[-78.55970154965571, 67.88929966628561], [-78.55952512529052, 67.88471897431567]]}, "properties": {"source": "36298172", "target": "18330020"}}, {"type": "Feature", "geometry": {"type": "LineString", "coordinates": [[-78.55970154965571, 67.88929966628561], [-78.55964851043724, 67.88459389632332]]}, "properties": {"source": "36298172", "target": "37343"}}, {"type": "Feature", "geometry": {"type": "LineString", "coordinates": [[-78.55970154965571, 67.88929966628561], [-78.55735565179371, 67.88852479432542]]}, "properties": {"source": "36298172", "target": "17887777"}}, {"type": "Feature", "geometry": {"type": "LineString", "coordinates": [[-78.54542920361841, 67.8935104307118], [-78.54517337560414, 67.89359157903596]]}, "properties": {"source": "33962327", "target": "33268114"}}, {"type": "Feature", "geometry": {"type": "LineString", "coordinates": [[-78.55020405380388, 67.89116078630578], [-78.54665816471875, 67.88467054110015]]}, "properties": {"source": "23432785", "target": "20640268"}}, {"type": "Feature", "geometry": {"type": "LineString", "coordinates": [[-78.55020405380388, 67.89116078630578], [-78.5547020534658, 67.88600896256065]]}, "properties": {"source": "23432785", "target": "24356170"}}, {"type": "Feature", "geometry": {"type": "LineString", "coordinates": [[-78.56025881270278, 67.89170876623861], [-78.54151131562068, 67.88924208859403]]}, "properties": {"source": "27207818", "target": "25656871"}}, {"type": "Feature", "geometry": {"type": "LineString", "coordinates": [[-78.54697511321213, 67.89005760561541], [-78.56740457291392, 67.8848434315181]]}, "properties": {"source": "10429443", "target": "22127616"}}, {"type": "Feature", "geometry": {"type": "LineString", "coordinates": [[-78.55610592291954, 67.88680461893156], [-78.56740457291392, 67.8848434315181]]}, "properties": {"source": "19499321", "target": "22127616"}}, {"type": "Feature", "geometry": {"type": "LineString", "coordinates": [[-78.55498298919645, 67.88593874440882], [-78.55552075483928, 67.8879860343607]]}, "properties": {"source": "18356855", "target": "21400433"}}, {"type": "Feature", "geometry": {"type": "LineString", "coordinates": [[-78.55498298919645, 67.88593874440882], [-78.55668807658351, 67.89156314382375]]}, "properties": {"source": "18356855", "target": "22238922"}}, {"type": "Feature", "geometry": {"type": "LineString", "coordinates": [[-78.55498298919645, 67.88593874440882], [-78.55415419122244, 67.89305142965908]]}, "properties": {"source": "18356855", "target": "21534286"}}, {"type": "Feature", "geometry": {"type": "LineString", "coordinates": [[-78.55498298919645, 67.88593874440882], [-78.54968148119767, 67.88446634764593]]}, "properties": {"source": "18356855", "target": "20710289"}}, {"type": "Feature", "geometry": {"type": "LineString", "coordinates": [[-78.55498298919645, 67.88593874440882], [-78.55030500825927, 67.89272112020333]]}, "properties": {"source": "18356855", "target": "22054381"}}, {"type": "Feature", "geometry": {"type": "LineString", "coordinates": [[-78.55498298919645, 67.88593874440882], [-78.56287959726832, 67.89428766708434]]}, "properties": {"source": "18356855", "target": "18218784"}}, {"type": "Feature", "geometry": {"type": "LineString", "coordinates": [[-78.55498298919645, 67.88593874440882], [-78.5630636655583, 67.88466292612783]]}, "properties": {"source": "18356855", "target": "18838102"}}, {"type": "Feature", "geometry": {"type": "LineString", "coordinates": [[-78.55498298919645, 67.88593874440882], [-78.56470601056114, 67.8897569615252]]}, "properties": {"source": "18356855", "target": "16160171"}}, {"type": "Feature", "geometry": {"type": "LineString", "coordinates": [[-78.54470352154348, 67.88814298694248], [-78.5409223349805, 67.88527659488655]]}, "properties": {"source": "25070007", "target": "23593564"}}, {"type": "Feature", "geometry": {"type": "LineString", "coordinates": [[-78.54470352154348, 67.88814298694248], [-78.5400312315107, 67.8929429929352]]}, "properties": {"source": "25070007", "target": "22892332"}}, {"type": "Feature", "geometry": {"type": "LineString", "coordinates": [[-78.54026886686147, 67.89337755128685], [-78.55560248357244, 67.88822765943556]]}, "properties": {"source": "33322124", "target": "35649074"}}, {"type": "Feature", "geometry": {"type": "LineString", "coordinates": [[-78.54026886686147, 67.89337755128685], [-78.55947974021429, 67.88803237687411]]}, "properties": {"source": "33322124", "target": "36302676"}}, {"type": "Feature", "geometry": {"type": "LineString", "coordinates": [[-78.54026886686147, 67.89337755128685], [-78.54203559915535, 67.89036822376924]]}, "properties": {"source": "33322124", "target": "28692433"}}, {"type": "Feature", "geometry": {"type": "LineString", "coordinates": [[-78.54026886686147, 67.89337755128685], [-78.55282666329437, 67.88553793499959]]}, "properties": {"source": "33322124", "target": "27760332"}}, {"type": "Feature", "geometry": {"type": "LineString", "coordinates": [[-78.56266765860144, 67.88481587542492], [-78.53981232765987, 67.8878677777857]]}, "properties": {"source": "25627744", "target": "25424015"}}, {"type": "Feature", "geometry": {"type": "LineString", "coordinates": [[-78.55104227775206, 67.88528207859446], [-78.54394896849273, 67.89218266301471]]}, "properties": {"source": "25128530", "target": "27843077"}}, {"type": "Feature", "geometry": {"type": "LineString", "coordinates": [[-78.55104227775206, 67.88528207859446], [-78.54665816471875, 67.88467054110015]]}, "properties": {"source": "25128530", "target": "20640268"}}, {"type": "Feature", "geometry": {"type": "LineString", "coordinates": [[-78.55104227775206, 67.88528207859446], [-78.55020405380388, 67.89116078630578]]}, "properties": {"source": "25128530", "target": "23432785"}}, {"type": "Feature", "geometry": {"type": "LineString", "coordinates": [[-78.55672006410929, 67.89151448506513], [-78.54007890657881, 67.89126152062629]]}, "properties": {"source": "22925607", "target": "21842352"}}, {"type": "Feature", "geometry": {"type": "LineString", "coordinates": [[-78.55672006410929, 67.89151448506513], [-78.55020405380388, 67.89116078630578]]}, "properties": {"source": "22925607", "target": "23432785"}}, {"type": "Feature", "geometry": {"type": "LineString", "coordinates": [[-78.55672006410929, 67.89151448506513], [-78.55030500825927, 67.89272112020333]]}, "properties": {"source": "22925607", "target": "22054381"}}, {"type": "Feature", "geometry": {"type": "LineString", "coordinates": [[-78.55672006410929, 67.89151448506513], [-78.5547020534658, 67.88600896256065]]}, "properties": {"source": "22925607", "target": "24356170"}}, {"type": "Feature", "geometry": {"type": "LineString", "coordinates": [[-78.55672006410929, 67.89151448506513], [-78.55874685438256, 67.89335425364168]]}, "properties": {"source": "22925607", "target": "23210250"}}, {"type": "Feature", "geometry": {"type": "LineString", "coordinates": [[-78.55672006410929, 67.89151448506513], [-78.56464938291987, 67.88494429891469]]}, "properties": {"source": "22925607", "target": "25430502"}}, {"type": "Feature", "geometry": {"type": "LineString", "coordinates": [[-78.55672006410929, 67.89151448506513], [-78.56801136166199, 67.8856326725367]]}, "properties": {"source": "22925607", "target": "21113431"}}, {"type": "Feature", "geometry": {"type": "LineString", "coordinates": [[-78.55672006410929, 67.89151448506513], [-78.54599821289666, 67.88826921323762]]}, "properties": {"source": "22925607", "target": "13561779"}}, {"type": "Feature", "geometry": {"type": "LineString", "coordinates": [[-78.55998109436538, 67.88718318949188], [-78.56409526749295, 67.88557292133474]]}, "properties": {"source": "22556888", "target": "20945447"}}, {"type": "Feature", "geometry": {"type": "LineString", "coordinates": [[-78.55998109436538, 67.88718318949188], [-78.54194100740608, 67.89298312138635]]}, "properties": {"source": "22556888", "target": "22921268"}}, {"type": "Feature", "geometry": {"type": "LineString", "coordinates": [[-78.55998109436538, 67.88718318949188], [-78.56266765860144, 67.88481587542492]]}, "properties": {"source": "22556888", "target": "25627744"}}, {"type": "Feature", "geometry": {"type": "LineString", "coordinates": [[-78.55998109436538, 67.88718318949188], [-78.56744021692577, 67.89012998429939]]}, "properties": {"source": "22556888", "target": "19100973"}}, {"type": "Feature", "geometry": {"type": "LineString", "coordinates": [[-78.55998109436538, 67.88718318949188], [-78.55610592291954, 67.88680461893156]]}, "properties": {"source": "22556888", "target": "19499321"}}, {"type": "Feature", "geometry": {"type": "LineString", "coordinates": [[-78.55998109436538, 67.88718318949188], [-78.56904520195741, 67.88832267004703]]}, "properties": {"source": "22556888", "target": "20649139"}}, {"type": "Feature", "geometry": {"type": "LineString", "coordinates": [[-78.55552075483928, 67.8879860343607], [-78.53984537192486, 67.88609794520129]]}, "properties": {"source": "21400433", "target": "23603805"}}, {"type": "Feature", "geometry": {"type": "LineString", "coordinates": [[-78.55552075483928, 67.8879860343607], [-78.56740457291392, 67.8848434315181]]}, "properties": {"source": "21400433", "target": "22127616"}}, {"type": "Feature", "geometry": {"type": "LineString", "coordinates": [[-78.54586499134835, 67.89113422102749], [-78.5409223349805, 67.88527659488655]]}, "properties": {"source": "25069997", "target": "23593564"}}, {"type": "Feature", "geometry": {"type": "LineString", "coordinates": [[-78.54586499134835, 67.89113422102749], [-78.56455672967653, 67.89023952654166]]}, "properties": {"source": "25069997", "target": "22467844"}}, {"type": "Feature", "geometry": {"type": "LineString", "coordinates": [[-78.54586499134835, 67.89113422102749], [-78.57024160729493, 67.88807761076592]]}, "properties": {"source": "25069997", "target": "25069885"}}, {"type": "Feature", "geometry": {"type": "LineString", "coordinates": [[-78.54586499134835, 67.89113422102749], [-78.55120223078042, 67.89412939831206]]}, "properties": {"source": "25069997", "target": "25069985"}}, {"type": "Feature", "geometry": {"type": "LineString", "coordinates": [[-78.5514527620286, 67.89232365182804], [-78.56740457291392, 67.8848434315181]]}, "properties": {"source": "10574132", "target": "22127616"}}, {"type": "Feature", "geometry": {"type": "LineString", "coordinates": [[-78.5514527620286, 67.89232365182804], [-78.54857073928339, 67.89513717089997]]}, "properties": {"source": "10574132", "target": "21902175"}}, {"type": "Feature", "geometry": {"type": "LineString", "coordinates": [[-78.5514527620286, 67.89232365182804], [-78.5602831753038, 67.88866126080197]]}, "properties": {"source": "10574132", "target": "25754640"}}, {"type": "Feature", "geometry": {"type": "LineString", "coordinates": [[-78.5514527620286, 67.89232365182804], [-78.54736650299618, 67.88913482293361]]}, "properties": {"source": "10574132", "target": "35777735"}}, {"type": "Feature", "geometry": {"type": "LineString", "coordinates": [[-78.5514527620286, 67.89232365182804], [-78.57029490080949, 67.8901609308042]]}, "properties": {"source": "10574132", "target": "32614047"}}, {"type": "Feature", "geometry": {"type": "LineString", "coordinates": [[-78.55806640400063, 67.88780589423008], [-78.55970154965571, 67.88929966628561]]}, "properties": {"source": "6222779", "target": "36298172"}}, {"type": "Feature", "geometry": {"type": "LineString", "coordinates": [[-78.55806640400063, 67.88780589423008], [-78.54603833874198, 67.89472525440564]]}, "properties": {"source": "6222779", "target": "35065540"}}, {"type": "Feature", "geometry": {"type": "LineString", "coordinates": [[-78.55806640400063, 67.88780589423008], [-78.55560248357244, 67.88822765943556]]}, "properties": {"source": "6222779", "target": "35649074"}}, {"type": "Feature", "geometry": {"type": "LineString", "coordinates": [[-78.55806640400063, 67.88780589423008], [-78.55947974021429, 67.88803237687411]]}, "properties": {"source": "6222779", "target": "36302676"}}, {"type": "Feature", "geometry": {"type": "LineString", "coordinates": [[-78.55806640400063, 67.88780589423008], [-78.56355179584345, 67.88588737143175]]}, "properties": {"source": "6222779", "target": "770497"}}, {"type": "Feature", "geometry": {"type": "LineString", "coordinates": [[-78.56287959726832, 67.89428766708434], [-78.54857073928339, 67.89513717089997]]}, "properties": {"source": "18218784", "target": "21902175"}}, {"type": "Feature", "geometry": {"type": "LineString", "coordinates": [[-78.56287959726832, 67.89428766708434], [-78.56266518839698, 67.89193542787537]]}, "properties": {"source": "18218784", "target": "23450178"}}, {"type": "Feature", "geometry": {"type": "LineString", "coordinates": [[-78.56086188882243, 67.88467128878257], [-78.56516516311467, 67.88745684062458]]}, "properties": {"source": "21971490", "target": "23401247"}}, {"type": "Feature", "geometry": {"type": "LineString", "coordinates": [[-78.54968598025636, 67.88648756703935], [-78.54007890657881, 67.89126152062629]]}, "properties": {"source": "12486724", "target": "21842352"}}, {"type": "Feature", "geometry": {"type": "LineString", "coordinates": [[-78.54968598025636, 67.88648756703935], [-78.54599821289666, 67.88826921323762]]}, "properties": {"source": "12486724", "target": "13561779"}}, {"type": "Feature", "geometry": {"type": "LineString", "coordinates": [[-78.54968598025636, 67.88648756703935], [-78.53842263613979, 67.89075464179504]]}, "properties": {"source": "12486724", "target": "17465317"}}, {"type": "Feature", "geometry": {"type": "LineString", "coordinates": [[-78.54679358547546, 67.8851801726882], [-78.5385384877377, 67.88470547306783]]}, "properties": {"source": "25356936", "target": "27998024"}}, {"type": "Feature", "geometry": {"type": "LineString", "coordinates": [[-78.54679358547546, 67.8851801726882], [-78.5602831753038, 67.88866126080197]]}, "properties": {"source": "25356936", "target": "25754640"}}, {"type": "Feature", "geometry": {"type": "LineString", "coordinates": [[-78.54679358547546, 67.8851801726882], [-78.54135806388777, 67.89096904583973]]}, "properties": {"source": "25356936", "target": "25443640"}}, {"type": "Feature", "geometry": {"type": "LineString", "coordinates": [[-78.55417809478466, 67.89372685041259], [-78.55104227775206, 67.88528207859446]]}, "properties": {"source": "25108757", "target": "25128530"}}, {"type": "Feature", "geometry": {"type": "LineString", "coordinates": [[-78.55002955947472, 67.89101656594539], [-78.56685837265276, 67.89447408691485]]}, "properties": {"source": "33775897", "target": "34144611"}}, {"type": "Feature", "geometry": {"type": "LineString", "coordinates": [[-78.54608647222156, 67.89512276365393], [-78.54586499134835, 67.89113422102749]]}, "properties": {"source": "25511603", "target": "25069997"}}, {"type": "Feature", "geometry": {"type": "LineString", "coordinates": [[-78.54608647222156, 67.89512276365393], [-78.57024160729493, 67.88807761076592]]}, "properties": {"source": "25511603", "target": "25069885"}}, {"type": "Feature", "geometry": {"type": "LineString", "coordinates": [[-78.54608647222156, 67.89512276365393], [-78.55120223078042, 67.89412939831206]]}, "properties": {"source": "25511603", "target": "25069985"}}, {"type": "Feature", "geometry": {"type": "LineString", "coordinates": [[-78.54669762374404, 67.8845958162197], [-78.55970154965571, 67.88929966628561]]}, "properties": {"source": "18509622", "target": "36298172"}}, {"type": "Feature", "geometry": {"type": "LineString", "coordinates": [[-78.54669762374404, 67.8845958162197], [-78.56266518839698, 67.89193542787537]]}, "properties": {"source": "18509622", "target": "23450178"}}, {"type": "Feature", "geometry": {"type": "LineString", "coordinates": [[-78.56805194605967, 67.88860448793821], [-78.56740457291392, 67.8848434315181]]}, "properties": {"source": "15821525", "target": "22127616"}}, {"type": "Feature", "geometry": {"type": "LineString", "coordinates": [[-78.56805194605967, 67.88860448793821], [-78.54857073928339, 67.89513717089997]]}, "properties": {"source": "15821525", "target": "21902175"}}, {"type": "Feature", "geometry": {"type": "LineString", "coordinates": [[-78.56165657927612, 67.8941397945394], [-78.54394896849273, 67.89218266301471]]}, "properties": {"source": "27133453", "target": "27843077"}}, {"type": "Feature", "geometry": {"type": "LineString", "coordinates": [[-78.56165657927612, 67.8941397945394], [-78.5602831753038, 67.88866126080197]]}, "properties": {"source": "27133453", "target": "25754640"}}, {"type": "Feature", "geometry": {"type": "LineString", "coordinates": [[-78.56165657927612, 67.8941397945394], [-78.57029490080949, 67.8901609308042]]}, "properties": {"source": "27133453", "target": "32614047"}}, {"type": "Feature", "geometry": {"type": "LineString", "coordinates": [[-78.56165657927612, 67.8941397945394], [-78.55696125531568, 67.88874776772063]]}, "properties": {"source": "27133453", "target": "24204852"}}, {"type": "Feature", "geometry": {"type": "LineString", "coordinates": [[-78.56165657927612, 67.8941397945394], [-78.54977914674423, 67.89461022788274]]}, "properties": {"source": "27133453", "target": "25059802"}}, {"type": "Feature", "geometry": {"type": "LineString", "coordinates": [[-78.56165657927612, 67.8941397945394], [-78.56658638124456, 67.88953246020922]]}, "properties": {"source": "27133453", "target": "32855631"}}, {"type": "Feature", "geometry": {"type": "LineString", "coordinates": [[-78.56165657927612, 67.8941397945394], [-78.56501878522957, 67.89400943001165]]}, "properties": {"source": "27133453", "target": "32315364"}}, {"type": "Feature", "geometry": {"type": "LineString", "coordinates": [[-78.56165657927612, 67.8941397945394], [-78.55723430704897, 67.88949120546654]]}, "properties": {"source": "27133453", "target": "23300460"}}, {"type": "Feature", "geometry": {"type": "LineString", "coordinates": [[-78.55696125531568, 67.88874776772063], [-78.56740457291392, 67.8848434315181]]}, "properties": {"source": "24204852", "target": "22127616"}}, {"type": "Feature", "geometry": {"type": "LineString", "coordinates": [[-78.55696125531568, 67.88874776772063], [-78.54857073928339, 67.89513717089997]]}, "properties": {"source": "24204852", "target": "21902175"}}, {"type": "Feature", "geometry": {"type": "LineString", "coordinates": [[-78.55696125531568, 67.88874776772063], [-78.5602831753038, 67.88866126080197]]}, "properties": {"source": "24204852", "target": "25754640"}}, {"type": "Feature", "geometry": {"type": "LineString", "coordinates": [[-78.55696125531568, 67.88874776772063], [-78.56633690566969, 67.88717191972769]]}, "properties": {"source": "24204852", "target": "22923736"}}, {"type": "Feature", "geometry": {"type": "LineString", "coordinates": [[-78.55696125531568, 67.88874776772063], [-78.55998109436538, 67.88718318949188]]}, "properties": {"source": "24204852", "target": "22556888"}}, {"type": "Feature", "geometry": {"type": "LineString", "coordinates": [[-78.55696125531568, 67.88874776772063], [-78.54977914674423, 67.89461022788274]]}, "properties": {"source": "24204852", "target": "25059802"}}, {"type": "Feature", "geometry": {"type": "LineString", "coordinates": [[-78.55696125531568, 67.88874776772063], [-78.54830569197217, 67.88787264859175]]}, "properties": {"source": "24204852", "target": "21822869"}}, {"type": "Feature", "geometry": {"type": "LineString", "coordinates": [[-78.55696125531568, 67.88874776772063], [-78.54917063011285, 67.8917582165287]]}, "properties": {"source": "24204852", "target": "21185838"}}, {"type": "Feature", "geometry": {"type": "LineString", "coordinates": [[-78.54945463225283, 67.88930310155986], [-78.54203559915535, 67.89036822376924]]}, "properties": {"source": "23412671", "target": "28692433"}}, {"type": "Feature", "geometry": {"type": "LineString", "coordinates": [[-78.54945463225283, 67.88930310155986], [-78.55282666329437, 67.88553793499959]]}, "properties": {"source": "23412671", "target": "27760332"}}, {"type": "Feature", "geometry": {"type": "LineString", "coordinates": [[-78.54945463225283, 67.88930310155986], [-78.56266765860144, 67.88481587542492]]}, "properties": {"source": "23412671", "target": "25627744"}}, {"type": "Feature", "geometry": {"type": "LineString", "coordinates": [[-78.54026886686147, 67.89337755128685], [-78.55970154965571, 67.88929966628561]]}, "properties": {"source": "33322124", "target": "36298172"}}, {"type": "Feature", "geometry": {"type": "LineString", "coordinates": [[-78.54026886686147, 67.89337755128685], [-78.55437493696697, 67.88680706999114]]}, "properties": {"source": "33322124", "target": "33396283"}}, {"type": "Feature", "geometry": {"type": "LineString", "coordinates": [[-78.54026886686147, 67.89337755128685], [-78.54736650299618, 67.88913482293361]]}, "properties": {"source": "33322124", "target": "35777735"}}, {"type": "Feature", "geometry": {"type": "LineString", "coordinates": [[-78.54026886686147, 67.89337755128685], [-78.56303001273092, 67.89318704118094]]}, "properties": {"source": "33322124", "target": "33552730"}}, {"type": "Feature", "geometry": {"type": "LineString", "coordinates": [[-78.54026886686147, 67.89337755128685], [-78.54603833874198, 67.89472525440564]]}, "properties": {"source": "33322124", "target": "35065540"}}, {"type": "Feature", "geometry": {"type": "LineString", "coordinates": [[-78.54291468107769, 67.88895013249922], [-78.55560248357244, 67.88822765943556]]}, "properties": {"source": "550122", "target": "35649074"}}, {"type": "Feature", "geometry": {"type": "LineString", "coordinates": [[-78.54291468107769, 67.88895013249922], [-78.55947974021429, 67.88803237687411]]}, "properties": {"source": "550122", "target": "36302676"}}, {"type": "Feature", "geometry": {"type": "LineString", "coordinates": [[-78.5630636655583, 67.88466292612783], [-78.55020405380388, 67.89116078630578]]}, "properties": {"source": "18838102", "target": "23432785"}}, {"type": "Feature", "geometry": {"type": "LineString", "coordinates": [[-78.5630636655583, 67.88466292612783], [-78.5547020534658, 67.88600896256065]]}, "properties": {"source": "18838102", "target": "24356170"}}, {"type": "Feature", "geometry": {"type": "LineString", "coordinates": [[-78.5630636655583, 67.88466292612783], [-78.55617752660896, 67.88772151237687]]}, "properties": {"source": "18838102", "target": "26040775"}}, {"type": "Feature", "geometry": {"type": "LineString", "coordinates": [[-78.54484284097944, 67.88835284291635], [-78.54128838408947, 67.89312186388536]]}, "properties": {"source": "23175367", "target": "23635149"}}, {"type": "Feature", "geometry": {"type": "LineString", "coordinates": [[-78.54484284097944, 67.88835284291635], [-78.54987509386035, 67.89128599896344]]}, "properties": {"source": "23175367", "target": "2288439"}}, {"type": "Feature", "geometry": {"type": "LineString", "coordinates": [[-78.54877619181585, 67.88988823713166], [-78.57029490080949, 67.8901609308042]]}, "properties": {"source": "32570201", "target": "32614047"}}, {"type": "Feature", "geometry": {"type": "LineString", "coordinates": [[-78.54917063011285, 67.8917582165287], [-78.54968148119767, 67.88446634764593]]}, "properties": {"source": "21185838", "target": "20710289"}}, {"type": "Feature", "geometry": {"type": "LineString", "coordinates": [[-78.54917063011285, 67.8917582165287], [-78.55610592291954, 67.88680461893156]]}, "properties": {"source": "21185838", "target": "19499321"}}, {"type": "Feature", "geometry": {"type": "LineString", "coordinates": [[-78.54321576221098, 67.89107175721753], [-78.5602831753038, 67.88866126080197]]}, "properties": {"source": "32200781", "target": "25754640"}}, {"type": "Feature", "geometry": {"type": "LineString", "coordinates": [[-78.54321576221098, 67.89107175721753], [-78.57029490080949, 67.8901609308042]]}, "properties": {"source": "32200781", "target": "32614047"}}, {"type": "Feature", "geometry": {"type": "LineString", "coordinates": [[-78.54321576221098, 67.89107175721753], [-78.56303001273092, 67.89318704118094]]}, "properties": {"source": "32200781", "target": "33552730"}}, {"type": "Feature", "geometry": {"type": "LineString", "coordinates": [[-78.54321576221098, 67.89107175721753], [-78.54603833874198, 67.89472525440564]]}, "properties": {"source": "32200781", "target": "35065540"}}, {"type": "Feature", "geometry": {"type": "LineString", "coordinates": [[-78.54321576221098, 67.89107175721753], [-78.55560248357244, 67.88822765943556]]}, "properties": {"source": "32200781", "target": "35649074"}}, {"type": "Feature", "geometry": {"type": "LineString", "coordinates": [[-78.54321576221098, 67.89107175721753], [-78.56266765860144, 67.88481587542492]]}, "properties": {"source": "32200781", "target": "25627744"}}, {"type": "Feature", "geometry": {"type": "LineString", "coordinates": [[-78.56543237001053, 67.89306354650427], [-78.55778249831394, 67.88623586381183]]}, "properties": {"source": "22431094", "target": "20640241"}}, {"type": "Feature", "geometry": {"type": "LineString", "coordinates": [[-78.54762682189099, 67.88759026431276], [-78.55970154965571, 67.88929966628561]]}, "properties": {"source": "17378761", "target": "36298172"}}, {"type": "Feature", "geometry": {"type": "LineString", "coordinates": [[-78.54762682189099, 67.88759026431276], [-78.5652392391776, 67.88561867344454]]}, "properties": {"source": "17378761", "target": "25997635"}}, {"type": "Feature", "geometry": {"type": "LineString", "coordinates": [[-78.54762682189099, 67.88759026431276], [-78.56691281506845, 67.88893775057198]]}, "properties": {"source": "17378761", "target": "18283912"}}, {"type": "Feature", "geometry": {"type": "LineString", "coordinates": [[-78.54762682189099, 67.88759026431276], [-78.55776561310338, 67.88729356994816]]}, "properties": {"source": "17378761", "target": "15827947"}}, {"type": "Feature", "geometry": {"type": "LineString", "coordinates": [[-78.55617752660896, 67.88772151237687], [-78.54151131562068, 67.88924208859403]]}, "properties": {"source": "26040775", "target": "25656871"}}, {"type": "Feature", "geometry": {"type": "LineString", "coordinates": [[-78.56185005342132, 67.88821478695431], [-78.5602831753038, 67.88866126080197]]}, "properties": {"source": "22336924", "target": "25754640"}}, {"type": "Feature", "geometry": {"type": "LineString", "coordinates": [[-78.56185005342132, 67.88821478695431], [-78.5400312315107, 67.8929429929352]]}, "properties": {"source": "22336924", "target": "22892332"}}, {"type": "Feature", "geometry": {"type": "LineString", "coordinates": [[-78.5647165298786, 67.89423923609975], [-78.56740457291392, 67.8848434315181]]}, "properties": {"source": "18356854", "target": "22127616"}}, {"type": "Feature", "geometry": {"type": "LineString", "coordinates": [[-78.5647165298786, 67.89423923609975], [-78.54857073928339, 67.89513717089997]]}, "properties": {"source": "18356854", "target": "21902175"}}, {"type": "Feature", "geometry": {"type": "LineString", "coordinates": [[-78.5647165298786, 67.89423923609975], [-78.54917063011285, 67.8917582165287]]}, "properties": {"source": "18356854", "target": "21185838"}}, {"type": "Feature", "geometry": {"type": "LineString", "coordinates": [[-78.5647165298786, 67.89423923609975], [-78.56262392214698, 67.88504174174074]]}, "properties": {"source": "18356854", "target": "21482857"}}, {"type": "Feature", "geometry": {"type": "LineString", "coordinates": [[-78.5647165298786, 67.89423923609975], [-78.54346149771824, 67.88850289081472]]}, "properties": {"source": "18356854", "target": "18063461"}}, {"type": "Feature", "geometry": {"type": "LineString", "coordinates": [[-78.5647165298786, 67.89423923609975], [-78.56183193532203, 67.88450443694211]]}, "properties": {"source": "18356854", "target": "17457728"}}, {"type": "Feature", "geometry": {"type": "LineString", "coordinates": [[-78.54291468107769, 67.88895013249922], [-78.55970154965571, 67.88929966628561]]}, "properties": {"source": "550122", "target": "36298172"}}, {"type": "Feature", "geometry": {"type": "LineString", "coordinates": [[-78.54291468107769, 67.88895013249922], [-78.54603833874198, 67.89472525440564]]}, "properties": {"source": "550122", "target": "35065540"}}, {"type": "Feature", "geometry": {"type": "LineString", "coordinates": [[-78.54011108716269, 67.89254389507266], [-78.55947974021429, 67.88803237687411]]}, "properties": {"source": "32454206", "target": "36302676"}}, {"type": "Feature", "geometry": {"type": "LineString", "coordinates": [[-78.5702362154516, 67.88952706511729], [-78.55970154965571, 67.88929966628561]]}, "properties": {"source": "24646651", "target": "36298172"}}, {"type": "Feature", "geometry": {"type": "LineString", "coordinates": [[-78.5702362154516, 67.88952706511729], [-78.56266518839698, 67.89193542787537]]}, "properties": {"source": "24646651", "target": "23450178"}}, {"type": "Feature", "geometry": {"type": "LineString", "coordinates": [[-78.5702362154516, 67.88952706511729], [-78.5652392391776, 67.88561867344454]]}, "properties": {"source": "24646651", "target": "25997635"}}, {"type": "Feature", "geometry": {"type": "LineString", "coordinates": [[-78.5702362154516, 67.88952706511729], [-78.56393269630722, 67.8917125321242]]}, "properties": {"source": "24646651", "target": "22907131"}}, {"type": "Feature", "geometry": {"type": "LineString", "coordinates": [[-78.5702362154516, 67.88952706511729], [-78.5409223349805, 67.88527659488655]]}, "properties": {"source": "24646651", "target": "23593564"}}, {"type": "Feature", "geometry": {"type": "LineString", "coordinates": [[-78.5702362154516, 67.88952706511729], [-78.54685424866932, 67.89232328454659]]}, "properties": {"source": "24646651", "target": "31951301"}}, {"type": "Feature", "geometry": {"type": "LineString", "coordinates": [[-78.5702362154516, 67.88952706511729], [-78.5536822028622, 67.8890737057504]]}, "properties": {"source": "24646651", "target": "24346256"}}, {"type": "Feature", "geometry": {"type": "LineString", "coordinates": [[-78.54977914674423, 67.89461022788274], [-78.54194100740608, 67.89298312138635]]}, "properties": {"source": "25059802", "target": "22921268"}}, {"type": "Feature", "geometry": {"type": "LineString", "coordinates": [[-78.54977914674423, 67.89461022788274], [-78.56266765860144, 67.88481587542492]]}, "properties": {"source": "25059802", "target": "25627744"}}, {"type": "Feature", "geometry": {"type": "LineString", "coordinates": [[-78.54977914674423, 67.89461022788274], [-78.53981232765987, 67.8878677777857]]}, "properties": {"source": "25059802", "target": "25424015"}}, {"type": "Feature", "geometry": {"type": "LineString", "coordinates": [[-78.54977914674423, 67.89461022788274], [-78.53801446736608, 67.8938735305038]]}, "properties": {"source": "25059802", "target": "2396046"}}, {"type": "Feature", "geometry": {"type": "LineString", "coordinates": [[-78.54830569197217, 67.88787264859175], [-78.56740457291392, 67.8848434315181]]}, "properties": {"source": "21822869", "target": "22127616"}}, {"type": "Feature", "geometry": {"type": "LineString", "coordinates": [[-78.54830569197217, 67.88787264859175], [-78.54857073928339, 67.89513717089997]]}, "properties": {"source": "21822869", "target": "21902175"}}, {"type": "Feature", "geometry": {"type": "LineString", "coordinates": [[-78.54830569197217, 67.88787264859175], [-78.54917063011285, 67.8917582165287]]}, "properties": {"source": "21822869", "target": "21185838"}}, {"type": "Feature", "geometry": {"type": "LineString", "coordinates": [[-78.54830569197217, 67.88787264859175], [-78.56262392214698, 67.88504174174074]]}, "properties": {"source": "21822869", "target": "21482857"}}, {"type": "Feature", "geometry": {"type": "LineString", "coordinates": [[-78.54194100740608, 67.89298312138635], [-78.56138723960618, 67.89345350716466]]}, "properties": {"source": "22921268", "target": "18622239"}}, {"type": "Feature", "geometry": {"type": "LineString", "coordinates": [[-78.56511186204176, 67.88429779142588], [-78.56165657927612, 67.8941397945394]]}, "properties": {"source": "23519664", "target": "27133453"}}, {"type": "Feature", "geometry": {"type": "LineString", "coordinates": [[-78.56511186204176, 67.88429779142588], [-78.5385384877377, 67.88470547306783]]}, "properties": {"source": "23519664", "target": "27998024"}}, {"type": "Feature", "geometry": {"type": "LineString", "coordinates": [[-78.56511186204176, 67.88429779142588], [-78.54394896849273, 67.89218266301471]]}, "properties": {"source": "23519664", "target": "27843077"}}, {"type": "Feature", "geometry": {"type": "LineString", "coordinates": [[-78.56511186204176, 67.88429779142588], [-78.56740457291392, 67.8848434315181]]}, "properties": {"source": "23519664", "target": "22127616"}}, {"type": "Feature", "geometry": {"type": "LineString", "coordinates": [[-78.5702362154516, 67.88952706511729], [-78.56499452813287, 67.89433042722669]]}, "properties": {"source": "24646651", "target": "20659775"}}, {"type": "Feature", "geometry": {"type": "LineString", "coordinates": [[-78.5702362154516, 67.88952706511729], [-78.56691281506845, 67.88893775057198]]}, "properties": {"source": "24646651", "target": "18283912"}}, {"type": "Feature", "geometry": {"type": "LineString", "coordinates": [[-78.5702362154516, 67.88952706511729], [-78.56138723960618, 67.89345350716466]]}, "properties": {"source": "24646651", "target": "18622239"}}, {"type": "Feature", "geometry": {"type": "LineString", "coordinates": [[-78.54747685716966, 67.88657501349353], [-78.54917063011285, 67.8917582165287]]}, "properties": {"source": "20447676", "target": "21185838"}}, {"type": "Feature", "geometry": {"type": "LineString", "coordinates": [[-78.54747685716966, 67.88657501349353], [-78.56262392214698, 67.88504174174074]]}, "properties": {"source": "20447676", "target": "21482857"}}, {"type": "Feature", "geometry": {"type": "LineString", "coordinates": [[-78.54747685716966, 67.88657501349353], [-78.56409526749295, 67.88557292133474]]}, "properties": {"source": "20447676", "target": "20945447"}}, {"type": "Feature", "geometry": {"type": "LineString", "coordinates": [[-78.54747685716966, 67.88657501349353], [-78.55723430704897, 67.88949120546654]]}, "properties": {"source": "20447676", "target": "23300460"}}, {"type": "Feature", "geometry": {"type": "LineString", "coordinates": [[-78.54747685716966, 67.88657501349353], [-78.56744021692577, 67.89012998429939]]}, "properties": {"source": "20447676", "target": "19100973"}}, {"type": "Feature", "geometry": {"type": "LineString", "coordinates": [[-78.54747685716966, 67.88657501349353], [-78.54346149771824, 67.88850289081472]]}, "properties": {"source": "20447676", "target": "18063461"}}, {"type": "Feature", "geometry": {"type": "LineString", "coordinates": [[-78.55415419122244, 67.89305142965908], [-78.56740457291392, 67.8848434315181]]}, "properties": {"source": "21534286", "target": "22127616"}}, {"type": "Feature", "geometry": {"type": "LineString", "coordinates": [[-78.55415419122244, 67.89305142965908], [-78.54857073928339, 67.89513717089997]]}, "properties": {"source": "21534286", "target": "21902175"}}, {"type": "Feature", "geometry": {"type": "LineString", "coordinates": [[-78.55415419122244, 67.89305142965908], [-78.56633690566969, 67.88717191972769]]}, "properties": {"source": "21534286", "target": "22923736"}}, {"type": "Feature", "geometry": {"type": "LineString", "coordinates": [[-78.55415419122244, 67.89305142965908], [-78.5652392391776, 67.88561867344454]]}, "properties": {"source": "21534286", "target": "25997635"}}, {"type": "Feature", "geometry": {"type": "LineString", "coordinates": [[-78.55415419122244, 67.89305142965908], [-78.56393269630722, 67.8917125321242]]}, "properties": {"source": "21534286", "target": "22907131"}}, {"type": "Feature", "geometry": {"type": "LineString", "coordinates": [[-78.55415419122244, 67.89305142965908], [-78.5409223349805, 67.88527659488655]]}, "properties": {"source": "21534286", "target": "23593564"}}, {"type": "Feature", "geometry": {"type": "LineString", "coordinates": [[-78.55415419122244, 67.89305142965908], [-78.56455672967653, 67.89023952654166]]}, "properties": {"source": "21534286", "target": "22467844"}}, {"type": "Feature", "geometry": {"type": "LineString", "coordinates": [[-78.55415419122244, 67.89305142965908], [-78.54701062572657, 67.88792072085211]]}, "properties": {"source": "21534286", "target": "16280494"}}, {"type": "Feature", "geometry": {"type": "LineString", "coordinates": [[-78.54685424866932, 67.89232328454659], [-78.57029490080949, 67.8901609308042]]}, "properties": {"source": "31951301", "target": "32614047"}}, {"type": "Feature", "geometry": {"type": "LineString", "coordinates": [[-78.54685424866932, 67.89232328454659], [-78.5652392391776, 67.88561867344454]]}, "properties": {"source": "31951301", "target": "25997635"}}, {"type": "Feature", "geometry": {"type": "LineString", "coordinates": [[-78.56501878522957, 67.89400943001165], [-78.54685424866932, 67.89232328454659]]}, "properties": {"source": "32315364", "target": "31951301"}}, {"type": "Feature", "geometry": {"type": "LineString", "coordinates": [[-78.56501878522957, 67.89400943001165], [-78.5479973769407, 67.88985739681893]]}, "properties": {"source": "32315364", "target": "26309824"}}, {"type": "Feature", "geometry": {"type": "LineString", "coordinates": [[-78.56409526749295, 67.88557292133474], [-78.56740457291392, 67.8848434315181]]}, "properties": {"source": "20945447", "target": "22127616"}}, {"type": "Feature", "geometry": {"type": "LineString", "coordinates": [[-78.56409526749295, 67.88557292133474], [-78.54857073928339, 67.89513717089997]]}, "properties": {"source": "20945447", "target": "21902175"}}, {"type": "Feature", "geometry": {"type": "LineString", "coordinates": [[-78.56409526749295, 67.88557292133474], [-78.54917063011285, 67.8917582165287]]}, "properties": {"source": "20945447", "target": "21185838"}}, {"type": "Feature", "geometry": {"type": "LineString", "coordinates": [[-78.56409526749295, 67.88557292133474], [-78.56262392214698, 67.88504174174074]]}, "properties": {"source": "20945447", "target": "21482857"}}, {"type": "Feature", "geometry": {"type": "LineString", "coordinates": [[-78.56409526749295, 67.88557292133474], [-78.56744021692577, 67.89012998429939]]}, "properties": {"source": "20945447", "target": "19100973"}}, {"type": "Feature", "geometry": {"type": "LineString", "coordinates": [[-78.56409526749295, 67.88557292133474], [-78.54346149771824, 67.88850289081472]]}, "properties": {"source": "20945447", "target": "18063461"}}, {"type": "Feature", "geometry": {"type": "LineString", "coordinates": [[-78.54394896849273, 67.89218266301471], [-78.57029490080949, 67.8901609308042]]}, "properties": {"source": "27843077", "target": "32614047"}}, {"type": "Feature", "geometry": {"type": "LineString", "coordinates": [[-78.54394896849273, 67.89218266301471], [-78.56266765860144, 67.88481587542492]]}, "properties": {"source": "27843077", "target": "25627744"}}, {"type": "Feature", "geometry": {"type": "LineString", "coordinates": [[-78.54394896849273, 67.89218266301471], [-78.54169441577689, 67.89202992224602]]}, "properties": {"source": "27843077", "target": "23148016"}}, {"type": "Feature", "geometry": {"type": "LineString", "coordinates": [[-78.54394896849273, 67.89218266301471], [-78.53981232765987, 67.8878677777857]]}, "properties": {"source": "27843077", "target": "25424015"}}, {"type": "Feature", "geometry": {"type": "LineString", "coordinates": [[-78.54394896849273, 67.89218266301471], [-78.55020405380388, 67.89116078630578]]}, "properties": {"source": "27843077", "target": "23432785"}}, {"type": "Feature", "geometry": {"type": "LineString", "coordinates": [[-78.54394896849273, 67.89218266301471], [-78.5547020534658, 67.88600896256065]]}, "properties": {"source": "27843077", "target": "24356170"}}, {"type": "Feature", "geometry": {"type": "LineString", "coordinates": [[-78.54394896849273, 67.89218266301471], [-78.54599821289666, 67.88826921323762]]}, "properties": {"source": "27843077", "target": "13561779"}}, {"type": "Feature", "geometry": {"type": "LineString", "coordinates": [[-78.54394896849273, 67.89218266301471], [-78.56124119451587, 67.88452003317333]]}, "properties": {"source": "27843077", "target": "22818392"}}, {"type": "Feature", "geometry": {"type": "LineString", "coordinates": [[-78.54194100740608, 67.89298312138635], [-78.56740457291392, 67.8848434315181]]}, "properties": {"source": "22921268", "target": "22127616"}}, {"type": "Feature", "geometry": {"type": "LineString", "coordinates": [[-78.54194100740608, 67.89298312138635], [-78.54857073928339, 67.89513717089997]]}, "properties": {"source": "22921268", "target": "21902175"}}, {"type": "Feature", "geometry": {"type": "LineString", "coordinates": [[-78.54194100740608, 67.89298312138635], [-78.5602831753038, 67.88866126080197]]}, "properties": {"source": "22921268", "target": "25754640"}}, {"type": "Feature", "geometry": {"type": "LineString", "coordinates": [[-78.54194100740608, 67.89298312138635], [-78.54830569197217, 67.88787264859175]]}, "properties": {"source": "22921268", "target": "21822869"}}, {"type": "Feature", "geometry": {"type": "LineString", "coordinates": [[-78.54194100740608, 67.89298312138635], [-78.54917063011285, 67.8917582165287]]}, "properties": {"source": "22921268", "target": "21185838"}}, {"type": "Feature", "geometry": {"type": "LineString", "coordinates": [[-78.54194100740608, 67.89298312138635], [-78.56262392214698, 67.88504174174074]]}, "properties": {"source": "22921268", "target": "21482857"}}, {"type": "Feature", "geometry": {"type": "LineString", "coordinates": [[-78.54194100740608, 67.89298312138635], [-78.56409526749295, 67.88557292133474]]}, "properties": {"source": "22921268", "target": "20945447"}}, {"type": "Feature", "geometry": {"type": "LineString", "coordinates": [[-78.54194100740608, 67.89298312138635], [-78.56393269630722, 67.8917125321242]]}, "properties": {"source": "22921268", "target": "22907131"}}, {"type": "Feature", "geometry": {"type": "LineString", "coordinates": [[-78.56409526749295, 67.88557292133474], [-78.55610592291954, 67.88680461893156]]}, "properties": {"source": "20945447", "target": "19499321"}}, {"type": "Feature", "geometry": {"type": "LineString", "coordinates": [[-78.55723430704897, 67.88949120546654], [-78.56740457291392, 67.8848434315181]]}, "properties": {"source": "23300460", "target": "22127616"}}, {"type": "Feature", "geometry": {"type": "LineString", "coordinates": [[-78.55723430704897, 67.88949120546654], [-78.54857073928339, 67.89513717089997]]}, "properties": {"source": "23300460", "target": "21902175"}}, {"type": "Feature", "geometry": {"type": "LineString", "coordinates": [[-78.55723430704897, 67.88949120546654], [-78.5602831753038, 67.88866126080197]]}, "properties": {"source": "23300460", "target": "25754640"}}, {"type": "Feature", "geometry": {"type": "LineString", "coordinates": [[-78.55723430704897, 67.88949120546654], [-78.55696125531568, 67.88874776772063]]}, "properties": {"source": "23300460", "target": "24204852"}}, {"type": "Feature", "geometry": {"type": "LineString", "coordinates": [[-78.55723430704897, 67.88949120546654], [-78.55998109436538, 67.88718318949188]]}, "properties": {"source": "23300460", "target": "22556888"}}, {"type": "Feature", "geometry": {"type": "LineString", "coordinates": [[-78.55723430704897, 67.88949120546654], [-78.54977914674423, 67.89461022788274]]}, "properties": {"source": "23300460", "target": "25059802"}}, {"type": "Feature", "geometry": {"type": "LineString", "coordinates": [[-78.55723430704897, 67.88949120546654], [-78.54830569197217, 67.88787264859175]]}, "properties": {"source": "23300460", "target": "21822869"}}, {"type": "Feature", "geometry": {"type": "LineString", "coordinates": [[-78.56511186204176, 67.88429779142588], [-78.54857073928339, 67.89513717089997]]}, "properties": {"source": "23519664", "target": "21902175"}}, {"type": "Feature", "geometry": {"type": "LineString", "coordinates": [[-78.56511186204176, 67.88429779142588], [-78.5602831753038, 67.88866126080197]]}, "properties": {"source": "23519664", "target": "25754640"}}, {"type": "Feature", "geometry": {"type": "LineString", "coordinates": [[-78.56511186204176, 67.88429779142588], [-78.55696125531568, 67.88874776772063]]}, "properties": {"source": "23519664", "target": "24204852"}}, {"type": "Feature", "geometry": {"type": "LineString", "coordinates": [[-78.56511186204176, 67.88429779142588], [-78.55998109436538, 67.88718318949188]]}, "properties": {"source": "23519664", "target": "22556888"}}, {"type": "Feature", "geometry": {"type": "LineString", "coordinates": [[-78.56511186204176, 67.88429779142588], [-78.54977914674423, 67.89461022788274]]}, "properties": {"source": "23519664", "target": "25059802"}}, {"type": "Feature", "geometry": {"type": "LineString", "coordinates": [[-78.56511186204176, 67.88429779142588], [-78.54830569197217, 67.88787264859175]]}, "properties": {"source": "23519664", "target": "21822869"}}, {"type": "Feature", "geometry": {"type": "LineString", "coordinates": [[-78.56511186204176, 67.88429779142588], [-78.54203559915535, 67.89036822376924]]}, "properties": {"source": "23519664", "target": "28692433"}}, {"type": "Feature", "geometry": {"type": "LineString", "coordinates": [[-78.56511186204176, 67.88429779142588], [-78.55282666329437, 67.88553793499959]]}, "properties": {"source": "23519664", "target": "27760332"}}, {"type": "Feature", "geometry": {"type": "LineString", "coordinates": [[-78.54696347423136, 67.89439648438241], [-78.56501878522957, 67.89400943001165]]}, "properties": {"source": "25797821", "target": "32315364"}}, {"type": "Feature", "geometry": {"type": "LineString", "coordinates": [[-78.54696347423136, 67.89439648438241], [-78.54203559915535, 67.89036822376924]]}, "properties": {"source": "25797821", "target": "28692433"}}, {"type": "Feature", "geometry": {"type": "LineString", "coordinates": [[-78.54696347423136, 67.89439648438241], [-78.55282666329437, 67.88553793499959]]}, "properties": {"source": "25797821", "target": "27760332"}}, {"type": "Feature", "geometry": {"type": "LineString", "coordinates": [[-78.54696347423136, 67.89439648438241], [-78.54011108716269, 67.89254389507266]]}, "properties": {"source": "25797821", "target": "32454206"}}, {"type": "Feature", "geometry": {"type": "LineString", "coordinates": [[-78.54096711475073, 67.88870539973726], [-78.55970154965571, 67.88929966628561]]}, "properties": {"source": "33410814", "target": "36298172"}}, {"type": "Feature", "geometry": {"type": "LineString", "coordinates": [[-78.54096711475073, 67.88870539973726], [-78.54603833874198, 67.89472525440564]]}, "properties": {"source": "33410814", "target": "35065540"}}, {"type": "Feature", "geometry": {"type": "LineString", "coordinates": [[-78.54096711475073, 67.88870539973726], [-78.55560248357244, 67.88822765943556]]}, "properties": {"source": "33410814", "target": "35649074"}}, {"type": "Feature", "geometry": {"type": "LineString", "coordinates": [[-78.54096711475073, 67.88870539973726], [-78.55947974021429, 67.88803237687411]]}, "properties": {"source": "33410814", "target": "36302676"}}, {"type": "Feature", "geometry": {"type": "LineString", "coordinates": [[-78.54096711475073, 67.88870539973726], [-78.54517337560414, 67.89359157903596]]}, "properties": {"source": "33410814", "target": "33268114"}}, {"type": "Feature", "geometry": {"type": "LineString", "coordinates": [[-78.5479973769407, 67.88985739681893], [-78.54394896849273, 67.89218266301471]]}, "properties": {"source": "26309824", "target": "27843077"}}, {"type": "Feature", "geometry": {"type": "LineString", "coordinates": [[-78.5479973769407, 67.88985739681893], [-78.57029490080949, 67.8901609308042]]}, "properties": {"source": "26309824", "target": "32614047"}}, {"type": "Feature", "geometry": {"type": "LineString", "coordinates": [[-78.5479973769407, 67.88985739681893], [-78.54321576221098, 67.89107175721753]]}, "properties": {"source": "26309824", "target": "32200781"}}, {"type": "Feature", "geometry": {"type": "LineString", "coordinates": [[-78.5479973769407, 67.88985739681893], [-78.54011108716269, 67.89254389507266]]}, "properties": {"source": "26309824", "target": "32454206"}}, {"type": "Feature", "geometry": {"type": "LineString", "coordinates": [[-78.56499452813287, 67.89433042722669], [-78.56393269630722, 67.8917125321242]]}, "properties": {"source": "20659775", "target": "22907131"}}, {"type": "Feature", "geometry": {"type": "LineString", "coordinates": [[-78.56499452813287, 67.89433042722669], [-78.5536822028622, 67.8890737057504]]}, "properties": {"source": "20659775", "target": "24346256"}}, {"type": "Feature", "geometry": {"type": "LineString", "coordinates": [[-78.56744021692577, 67.89012998429939], [-78.56740457291392, 67.8848434315181]]}, "properties": {"source": "19100973", "target": "22127616"}}, {"type": "Feature", "geometry": {"type": "LineString", "coordinates": [[-78.54685424866932, 67.89232328454659], [-78.56303001273092, 67.89318704118094]]}, "properties": {"source": "31951301", "target": "33552730"}}, {"type": "Feature", "geometry": {"type": "LineString", "coordinates": [[-78.54685424866932, 67.89232328454659], [-78.56658638124456, 67.88953246020922]]}, "properties": {"source": "31951301", "target": "32855631"}}, {"type": "Feature", "geometry": {"type": "LineString", "coordinates": [[-78.54685424866932, 67.89232328454659], [-78.5536822028622, 67.8890737057504]]}, "properties": {"source": "31951301", "target": "24346256"}}, {"type": "Feature", "geometry": {"type": "LineString", "coordinates": [[-78.5536822028622, 67.8890737057504], [-78.5652392391776, 67.88561867344454]]}, "properties": {"source": "24346256", "target": "25997635"}}, {"type": "Feature", "geometry": {"type": "LineString", "coordinates": [[-78.54968148119767, 67.88446634764593], [-78.56740457291392, 67.8848434315181]]}, "properties": {"source": "20710289", "target": "22127616"}}, {"type": "Feature", "geometry": {"type": "LineString", "coordinates": [[-78.54968148119767, 67.88446634764593], [-78.54857073928339, 67.89513717089997]]}, "properties": {"source": "20710289", "target": "21902175"}}, {"type": "Feature", "geometry": {"type": "LineString", "coordinates": [[-78.54968148119767, 67.88446634764593], [-78.56393269630722, 67.8917125321242]]}, "properties": {"source": "20710289", "target": "22907131"}}, {"type": "Feature", "geometry": {"type": "LineString", "coordinates": [[-78.54665816471875, 67.88467054110015], [-78.54169441577689, 67.89202992224602]]}, "properties": {"source": "20640268", "target": "23148016"}}, {"type": "Feature", "geometry": {"type": "LineString", "coordinates": [[-78.54665816471875, 67.88467054110015], [-78.56025881270278, 67.89170876623861]]}, "properties": {"source": "20640268", "target": "27207818"}}, {"type": "Feature", "geometry": {"type": "LineString", "coordinates": [[-78.54665816471875, 67.88467054110015], [-78.5547020534658, 67.88600896256065]]}, "properties": {"source": "20640268", "target": "24356170"}}, {"type": "Feature", "geometry": {"type": "LineString", "coordinates": [[-78.54665816471875, 67.88467054110015], [-78.55617752660896, 67.88772151237687]]}, "properties": {"source": "20640268", "target": "26040775"}}, {"type": "Feature", "geometry": {"type": "LineString", "coordinates": [[-78.54169441577689, 67.89202992224602], [-78.54151131562068, 67.88924208859403]]}, "properties": {"source": "23148016", "target": "25656871"}}, {"type": "Feature", "geometry": {"type": "LineString", "coordinates": [[-78.54169441577689, 67.89202992224602], [-78.56025881270278, 67.89170876623861]]}, "properties": {"source": "23148016", "target": "27207818"}}, {"type": "Feature", "geometry": {"type": "LineString", "coordinates": [[-78.5635859706934, 67.88741390835808], [-78.56740457291392, 67.8848434315181]]}, "properties": {"source": "18629174", "target": "22127616"}}, {"type": "Feature", "geometry": {"type": "LineString", "coordinates": [[-78.5635859706934, 67.88741390835808], [-78.54857073928339, 67.89513717089997]]}, "properties": {"source": "18629174", "target": "21902175"}}, {"type": "Feature", "geometry": {"type": "LineString", "coordinates": [[-78.5635859706934, 67.88741390835808], [-78.54830569197217, 67.88787264859175]]}, "properties": {"source": "18629174", "target": "21822869"}}, {"type": "Feature", "geometry": {"type": "LineString", "coordinates": [[-78.56519265442643, 67.89512756966488], [-78.54169441577689, 67.89202992224602]]}, "properties": {"source": "23254280", "target": "23148016"}}, {"type": "Feature", "geometry": {"type": "LineString", "coordinates": [[-78.56519265442643, 67.89512756966488], [-78.54151131562068, 67.88924208859403]]}, "properties": {"source": "23254280", "target": "25656871"}}, {"type": "Feature", "geometry": {"type": "LineString", "coordinates": [[-78.56519265442643, 67.89512756966488], [-78.56488086411368, 67.8869760793034]]}, "properties": {"source": "23254280", "target": "26877925"}}, {"type": "Feature", "geometry": {"type": "LineString", "coordinates": [[-78.56519265442643, 67.89512756966488], [-78.55748736290353, 67.88938040513644]]}, "properties": {"source": "23254280", "target": "20640247"}}, {"type": "Feature", "geometry": {"type": "LineString", "coordinates": [[-78.56519265442643, 67.89512756966488], [-78.56025881270278, 67.89170876623861]]}, "properties": {"source": "23254280", "target": "27207818"}}, {"type": "Feature", "geometry": {"type": "LineString", "coordinates": [[-78.56519265442643, 67.89512756966488], [-78.56543237001053, 67.89306354650427]]}, "properties": {"source": "23254280", "target": "22431094"}}, {"type": "Feature", "geometry": {"type": "LineString", "coordinates": [[-78.56519265442643, 67.89512756966488], [-78.54432401191573, 67.88456712929822]]}, "properties": {"source": "23254280", "target": "35713410"}}, {"type": "Feature", "geometry": {"type": "LineString", "coordinates": [[-78.54135806388777, 67.89096904583973], [-78.5602831753038, 67.88866126080197]]}, "properties": {"source": "25443640", "target": "25754640"}}, {"type": "Feature", "geometry": {"type": "LineString", "coordinates": [[-78.55282666329437, 67.88553793499959], [-78.57029490080949, 67.8901609308042]]}, "properties": {"source": "27760332", "target": "32614047"}}, {"type": "Feature", "geometry": {"type": "LineString", "coordinates": [[-78.55282666329437, 67.88553793499959], [-78.54321576221098, 67.89107175721753]]}, "properties": {"source": "27760332", "target": "32200781"}}, {"type": "Feature", "geometry": {"type": "LineString", "coordinates": [[-78.55282666329437, 67.88553793499959], [-78.56658638124456, 67.88953246020922]]}, "properties": {"source": "27760332", "target": "32855631"}}, {"type": "Feature", "geometry": {"type": "LineString", "coordinates": [[-78.55282666329437, 67.88553793499959], [-78.54011108716269, 67.89254389507266]]}, "properties": {"source": "27760332", "target": "32454206"}}, {"type": "Feature", "geometry": {"type": "LineString", "coordinates": [[-78.54011108716269, 67.89254389507266], [-78.5602831753038, 67.88866126080197]]}, "properties": {"source": "32454206", "target": "25754640"}}, {"type": "Feature", "geometry": {"type": "LineString", "coordinates": [[-78.54011108716269, 67.89254389507266], [-78.57029490080949, 67.8901609308042]]}, "properties": {"source": "32454206", "target": "32614047"}}, {"type": "Feature", "geometry": {"type": "LineString", "coordinates": [[-78.54011108716269, 67.89254389507266], [-78.54603833874198, 67.89472525440564]]}, "properties": {"source": "32454206", "target": "35065540"}}, {"type": "Feature", "geometry": {"type": "LineString", "coordinates": [[-78.54011108716269, 67.89254389507266], [-78.55560248357244, 67.88822765943556]]}, "properties": {"source": "32454206", "target": "35649074"}}, {"type": "Feature", "geometry": {"type": "LineString", "coordinates": [[-78.54830569197217, 67.88787264859175], [-78.56409526749295, 67.88557292133474]]}, "properties": {"source": "21822869", "target": "20945447"}}, {"type": "Feature", "geometry": {"type": "LineString", "coordinates": [[-78.54830569197217, 67.88787264859175], [-78.56744021692577, 67.89012998429939]]}, "properties": {"source": "21822869", "target": "19100973"}}, {"type": "Feature", "geometry": {"type": "LineString", "coordinates": [[-78.54830569197217, 67.88787264859175], [-78.54346149771824, 67.88850289081472]]}, "properties": {"source": "21822869", "target": "18063461"}}, {"type": "Feature", "geometry": {"type": "LineString", "coordinates": [[-78.54830569197217, 67.88787264859175], [-78.55610592291954, 67.88680461893156]]}, "properties": {"source": "21822869", "target": "19499321"}}, {"type": "Feature", "geometry": {"type": "LineString", "coordinates": [[-78.54830569197217, 67.88787264859175], [-78.56904520195741, 67.88832267004703]]}, "properties": {"source": "21822869", "target": "20649139"}}, {"type": "Feature", "geometry": {"type": "LineString", "coordinates": [[-78.54917063011285, 67.8917582165287], [-78.56740457291392, 67.8848434315181]]}, "properties": {"source": "21185838", "target": "22127616"}}, {"type": "Feature", "geometry": {"type": "LineString", "coordinates": [[-78.54917063011285, 67.8917582165287], [-78.54857073928339, 67.89513717089997]]}, "properties": {"source": "21185838", "target": "21902175"}}, {"type": "Feature", "geometry": {"type": "LineString", "coordinates": [[-78.54917063011285, 67.8917582165287], [-78.56262392214698, 67.88504174174074]]}, "properties": {"source": "21185838", "target": "21482857"}}, {"type": "Feature", "geometry": {"type": "LineString", "coordinates": [[-78.55668807658351, 67.89156314382375], [-78.56393269630722, 67.8917125321242]]}, "properties": {"source": "22238922", "target": "22907131"}}, {"type": "Feature", "geometry": {"type": "LineString", "coordinates": [[-78.55668807658351, 67.89156314382375], [-78.55415419122244, 67.89305142965908]]}, "properties": {"source": "22238922", "target": "21534286"}}, {"type": "Feature", "geometry": {"type": "LineString", "coordinates": [[-78.55668807658351, 67.89156314382375], [-78.54968148119767, 67.88446634764593]]}, "properties": {"source": "22238922", "target": "20710289"}}, {"type": "Feature", "geometry": {"type": "LineString", "coordinates": [[-78.55668807658351, 67.89156314382375], [-78.56499452813287, 67.89433042722669]]}, "properties": {"source": "22238922", "target": "20659775"}}, {"type": "Feature", "geometry": {"type": "LineString", "coordinates": [[-78.56380490520047, 67.88899758317517], [-78.54394896849273, 67.89218266301471]]}, "properties": {"source": "25196609", "target": "27843077"}}, {"type": "Feature", "geometry": {"type": "LineString", "coordinates": [[-78.56380490520047, 67.88899758317517], [-78.56740457291392, 67.8848434315181]]}, "properties": {"source": "25196609", "target": "22127616"}}, {"type": "Feature", "geometry": {"type": "LineString", "coordinates": [[-78.56380490520047, 67.88899758317517], [-78.5602831753038, 67.88866126080197]]}, "properties": {"source": "25196609", "target": "25754640"}}, {"type": "Feature", "geometry": {"type": "LineString", "coordinates": [[-78.56380490520047, 67.88899758317517], [-78.55998109436538, 67.88718318949188]]}, "properties": {"source": "25196609", "target": "22556888"}}, {"type": "Feature", "geometry": {"type": "LineString", "coordinates": [[-78.56380490520047, 67.88899758317517], [-78.54977914674423, 67.89461022788274]]}, "properties": {"source": "25196609", "target": "25059802"}}, {"type": "Feature", "geometry": {"type": "LineString", "coordinates": [[-78.56380490520047, 67.88899758317517], [-78.54203559915535, 67.89036822376924]]}, "properties": {"source": "25196609", "target": "28692433"}}, {"type": "Feature", "geometry": {"type": "LineString", "coordinates": [[-78.56380490520047, 67.88899758317517], [-78.55282666329437, 67.88553793499959]]}, "properties": {"source": "25196609", "target": "27760332"}}, {"type": "Feature", "geometry": {"type": "LineString", "coordinates": [[-78.56380490520047, 67.88899758317517], [-78.56266765860144, 67.88481587542492]]}, "properties": {"source": "25196609", "target": "25627744"}}, {"type": "Feature", "geometry": {"type": "LineString", "coordinates": [[-78.56380490520047, 67.88899758317517], [-78.53981232765987, 67.8878677777857]]}, "properties": {"source": "25196609", "target": "25424015"}}, {"type": "Feature", "geometry": {"type": "LineString", "coordinates": [[-78.55672006410929, 67.89151448506513], [-78.56165657927612, 67.8941397945394]]}, "properties": {"source": "22925607", "target": "27133453"}}, {"type": "Feature", "geometry": {"type": "LineString", "coordinates": [[-78.55672006410929, 67.89151448506513], [-78.54394896849273, 67.89218266301471]]}, "properties": {"source": "22925607", "target": "27843077"}}, {"type": "Feature", "geometry": {"type": "LineString", "coordinates": [[-78.55672006410929, 67.89151448506513], [-78.55104227775206, 67.88528207859446]]}, "properties": {"source": "22925607", "target": "25128530"}}, {"type": "Feature", "geometry": {"type": "LineString", "coordinates": [[-78.56165657927612, 67.8941397945394], [-78.53981232765987, 67.8878677777857]]}, "properties": {"source": "27133453", "target": "25424015"}}, {"type": "Feature", "geometry": {"type": "LineString", "coordinates": [[-78.56165657927612, 67.8941397945394], [-78.54007890657881, 67.89126152062629]]}, "properties": {"source": "27133453", "target": "21842352"}}, {"type": "Feature", "geometry": {"type": "LineString", "coordinates": [[-78.56165657927612, 67.8941397945394], [-78.55020405380388, 67.89116078630578]]}, "properties": {"source": "27133453", "target": "23432785"}}, {"type": "Feature", "geometry": {"type": "LineString", "coordinates": [[-78.56165657927612, 67.8941397945394], [-78.5547020534658, 67.88600896256065]]}, "properties": {"source": "27133453", "target": "24356170"}}, {"type": "Feature", "geometry": {"type": "LineString", "coordinates": [[-78.56165657927612, 67.8941397945394], [-78.55617752660896, 67.88772151237687]]}, "properties": {"source": "27133453", "target": "26040775"}}, {"type": "Feature", "geometry": {"type": "LineString", "coordinates": [[-78.56165657927612, 67.8941397945394], [-78.55874685438256, 67.89335425364168]]}, "properties": {"source": "27133453", "target": "23210250"}}, {"type": "Feature", "geometry": {"type": "LineString", "coordinates": [[-78.56165657927612, 67.8941397945394], [-78.5630636655583, 67.88466292612783]]}, "properties": {"source": "27133453", "target": "18838102"}}, {"type": "Feature", "geometry": {"type": "LineString", "coordinates": [[-78.56165657927612, 67.8941397945394], [-78.56801136166199, 67.8856326725367]]}, "properties": {"source": "27133453", "target": "21113431"}}, {"type": "Feature", "geometry": {"type": "LineString", "coordinates": [[-78.54341346565263, 67.89068852913299], [-78.54203559915535, 67.89036822376924]]}, "properties": {"source": "33845516", "target": "28692433"}}, {"type": "Feature", "geometry": {"type": "LineString", "coordinates": [[-78.54341346565263, 67.89068852913299], [-78.54011108716269, 67.89254389507266]]}, "properties": {"source": "33845516", "target": "32454206"}}, {"type": "Feature", "geometry": {"type": "LineString", "coordinates": [[-78.54341346565263, 67.89068852913299], [-78.5702362154516, 67.88952706511729]]}, "properties": {"source": "33845516", "target": "24646651"}}, {"type": "Feature", "geometry": {"type": "LineString", "coordinates": [[-78.54341346565263, 67.89068852913299], [-78.5414609035117, 67.89076074067323]]}, "properties": {"source": "33845516", "target": "30646790"}}, {"type": "Feature", "geometry": {"type": "LineString", "coordinates": [[-78.54341346565263, 67.89068852913299], [-78.54026886686147, 67.89337755128685]]}, "properties": {"source": "33845516", "target": "33322124"}}, {"type": "Feature", "geometry": {"type": "LineString", "coordinates": [[-78.54341346565263, 67.89068852913299], [-78.5409223349805, 67.88527659488655]]}, "properties": {"source": "33845516", "target": "23593564"}}, {"type": "Feature", "geometry": {"type": "LineString", "coordinates": [[-78.54341346565263, 67.89068852913299], [-78.54685424866932, 67.89232328454659]]}, "properties": {"source": "33845516", "target": "31951301"}}, {"type": "Feature", "geometry": {"type": "LineString", "coordinates": [[-78.54341346565263, 67.89068852913299], [-78.5536822028622, 67.8890737057504]]}, "properties": {"source": "33845516", "target": "24346256"}}, {"type": "Feature", "geometry": {"type": "LineString", "coordinates": [[-78.54341346565263, 67.89068852913299], [-78.56316802368545, 67.89095652854755]]}, "properties": {"source": "33845516", "target": "32572390"}}, {"type": "Feature", "geometry": {"type": "LineString", "coordinates": [[-78.54341346565263, 67.89068852913299], [-78.54151131562068, 67.88924208859403]]}, "properties": {"source": "33845516", "target": "25656871"}}, {"type": "Feature", "geometry": {"type": "LineString", "coordinates": [[-78.54341346565263, 67.89068852913299], [-78.54096711475073, 67.88870539973726]]}, "properties": {"source": "33845516", "target": "33410814"}}, {"type": "Feature", "geometry": {"type": "LineString", "coordinates": [[-78.54341346565263, 67.89068852913299], [-78.5613721390215, 67.88592928380766]]}, "properties": {"source": "33845516", "target": "23403608"}}, {"type": "Feature", "geometry": {"type": "LineString", "coordinates": [[-78.54341346565263, 67.89068852913299], [-78.56691281506845, 67.88893775057198]]}, "properties": {"source": "33845516", "target": "18283912"}}, {"type": "Feature", "geometry": {"type": "LineString", "coordinates": [[-78.54341346565263, 67.89068852913299], [-78.56138723960618, 67.89345350716466]]}, "properties": {"source": "33845516", "target": "18622239"}}, {"type": "Feature", "geometry": {"type": "LineString", "coordinates": [[-78.54341346565263, 67.89068852913299], [-78.54949370387574, 67.89433481043753]]}, "properties": {"source": "33845516", "target": "27207840"}}, {"type": "Feature", "geometry": {"type": "LineString", "coordinates": [[-78.54341346565263, 67.89068852913299], [-78.54542920361841, 67.8935104307118]]}, "properties": {"source": "33845516", "target": "33962327"}}, {"type": "Feature", "geometry": {"type": "LineString", "coordinates": [[-78.5414609035117, 67.89076074067323], [-78.5479973769407, 67.88985739681893]]}, "properties": {"source": "30646790", "target": "26309824"}}, {"type": "Feature", "geometry": {"type": "LineString", "coordinates": [[-78.55668807658351, 67.89156314382375], [-78.56740457291392, 67.8848434315181]]}, "properties": {"source": "22238922", "target": "22127616"}}, {"type": "Feature", "geometry": {"type": "LineString", "coordinates": [[-78.55668807658351, 67.89156314382375], [-78.54857073928339, 67.89513717089997]]}, "properties": {"source": "22238922", "target": "21902175"}}, {"type": "Feature", "geometry": {"type": "LineString", "coordinates": [[-78.55668807658351, 67.89156314382375], [-78.56633690566969, 67.88717191972769]]}, "properties": {"source": "22238922", "target": "22923736"}}, {"type": "Feature", "geometry": {"type": "LineString", "coordinates": [[-78.55668807658351, 67.89156314382375], [-78.56266518839698, 67.89193542787537]]}, "properties": {"source": "22238922", "target": "23450178"}}, {"type": "Feature", "geometry": {"type": "LineString", "coordinates": [[-78.55668807658351, 67.89156314382375], [-78.5652392391776, 67.88561867344454]]}, "properties": {"source": "22238922", "target": "25997635"}}, {"type": "Feature", "geometry": {"type": "LineString", "coordinates": [[-78.55668807658351, 67.89156314382375], [-78.55998109436538, 67.88718318949188]]}, "properties": {"source": "22238922", "target": "22556888"}}, {"type": "Feature", "geometry": {"type": "LineString", "coordinates": [[-78.55668807658351, 67.89156314382375], [-78.56262392214698, 67.88504174174074]]}, "properties": {"source": "22238922", "target": "21482857"}}, {"type": "Feature", "geometry": {"type": "LineString", "coordinates": [[-78.56488086411368, 67.8869760793034], [-78.56025881270278, 67.89170876623861]]}, "properties": {"source": "26877925", "target": "27207818"}}, {"type": "Feature", "geometry": {"type": "LineString", "coordinates": [[-78.56488086411368, 67.8869760793034], [-78.56543237001053, 67.89306354650427]]}, "properties": {"source": "26877925", "target": "22431094"}}, {"type": "Feature", "geometry": {"type": "LineString", "coordinates": [[-78.56488086411368, 67.8869760793034], [-78.55778249831394, 67.88623586381183]]}, "properties": {"source": "26877925", "target": "20640241"}}, {"type": "Feature", "geometry": {"type": "LineString", "coordinates": [[-78.55748736290353, 67.88938040513644], [-78.54665816471875, 67.88467054110015]]}, "properties": {"source": "20640247", "target": "20640268"}}, {"type": "Feature", "geometry": {"type": "LineString", "coordinates": [[-78.55748736290353, 67.88938040513644], [-78.54169441577689, 67.89202992224602]]}, "properties": {"source": "20640247", "target": "23148016"}}, {"type": "Feature", "geometry": {"type": "LineString", "coordinates": [[-78.55748736290353, 67.88938040513644], [-78.54151131562068, 67.88924208859403]]}, "properties": {"source": "20640247", "target": "25656871"}}, {"type": "Feature", "geometry": {"type": "LineString", "coordinates": [[-78.55748736290353, 67.88938040513644], [-78.56025881270278, 67.89170876623861]]}, "properties": {"source": "20640247", "target": "27207818"}}, {"type": "Feature", "geometry": {"type": "LineString", "coordinates": [[-78.56691281506845, 67.88893775057198], [-78.5652392391776, 67.88561867344454]]}, "properties": {"source": "18283912", "target": "25997635"}}, {"type": "Feature", "geometry": {"type": "LineString", "coordinates": [[-78.54007890657881, 67.89126152062629], [-78.54394896849273, 67.89218266301471]]}, "properties": {"source": "21842352", "target": "27843077"}}, {"type": "Feature", "geometry": {"type": "LineString", "coordinates": [[-78.54007890657881, 67.89126152062629], [-78.55020405380388, 67.89116078630578]]}, "properties": {"source": "21842352", "target": "23432785"}}, {"type": "Feature", "geometry": {"type": "LineString", "coordinates": [[-78.54007890657881, 67.89126152062629], [-78.54599821289666, 67.88826921323762]]}, "properties": {"source": "21842352", "target": "13561779"}}, {"type": "Feature", "geometry": {"type": "LineString", "coordinates": [[-78.54949370387574, 67.89433481043753], [-78.54394896849273, 67.89218266301471]]}, "properties": {"source": "27207840", "target": "27843077"}}, {"type": "Feature", "geometry": {"type": "LineString", "coordinates": [[-78.54949370387574, 67.89433481043753], [-78.54151131562068, 67.88924208859403]]}, "properties": {"source": "27207840", "target": "25656871"}}, {"type": "Feature", "geometry": {"type": "LineString", "coordinates": [[-78.54949370387574, 67.89433481043753], [-78.56025881270278, 67.89170876623861]]}, "properties": {"source": "27207840", "target": "27207818"}}, {"type": "Feature", "geometry": {"type": "LineString", "coordinates": [[-78.54949370387574, 67.89433481043753], [-78.55617752660896, 67.88772151237687]]}, "properties": {"source": "27207840", "target": "26040775"}}, {"type": "Feature", "geometry": {"type": "LineString", "coordinates": [[-78.54542920361841, 67.8935104307118], [-78.55947974021429, 67.88803237687411]]}, "properties": {"source": "33962327", "target": "36302676"}}, {"type": "Feature", "geometry": {"type": "LineString", "coordinates": [[-78.54135806388777, 67.89096904583973], [-78.54321576221098, 67.89107175721753]]}, "properties": {"source": "25443640", "target": "32200781"}}, {"type": "Feature", "geometry": {"type": "LineString", "coordinates": [[-78.54135806388777, 67.89096904583973], [-78.56266765860144, 67.88481587542492]]}, "properties": {"source": "25443640", "target": "25627744"}}, {"type": "Feature", "geometry": {"type": "LineString", "coordinates": [[-78.54135806388777, 67.89096904583973], [-78.53981232765987, 67.8878677777857]]}, "properties": {"source": "25443640", "target": "25424015"}}, {"type": "Feature", "geometry": {"type": "LineString", "coordinates": [[-78.55874685438256, 67.89335425364168], [-78.54394896849273, 67.89218266301471]]}, "properties": {"source": "23210250", "target": "27843077"}}, {"type": "Feature", "geometry": {"type": "LineString", "coordinates": [[-78.55874685438256, 67.89335425364168], [-78.55020405380388, 67.89116078630578]]}, "properties": {"source": "23210250", "target": "23432785"}}, {"type": "Feature", "geometry": {"type": "LineString", "coordinates": [[-78.55874685438256, 67.89335425364168], [-78.5547020534658, 67.88600896256065]]}, "properties": {"source": "23210250", "target": "24356170"}}, {"type": "Feature", "geometry": {"type": "LineString", "coordinates": [[-78.55333447510347, 67.89505976149601], [-78.56740457291392, 67.8848434315181]]}, "properties": {"source": "15738722", "target": "22127616"}}, {"type": "Feature", "geometry": {"type": "LineString", "coordinates": [[-78.55333447510347, 67.89505976149601], [-78.54857073928339, 67.89513717089997]]}, "properties": {"source": "15738722", "target": "21902175"}}, {"type": "Feature", "geometry": {"type": "LineString", "coordinates": [[-78.53984537192486, 67.88609794520129], [-78.5652392391776, 67.88561867344454]]}, "properties": {"source": "23603805", "target": "25997635"}}, {"type": "Feature", "geometry": {"type": "LineString", "coordinates": [[-78.53984537192486, 67.88609794520129], [-78.5702362154516, 67.88952706511729]]}, "properties": {"source": "23603805", "target": "24646651"}}, {"type": "Feature", "geometry": {"type": "LineString", "coordinates": [[-78.53984537192486, 67.88609794520129], [-78.55668807658351, 67.89156314382375]]}, "properties": {"source": "23603805", "target": "22238922"}}, {"type": "Feature", "geometry": {"type": "LineString", "coordinates": [[-78.53984537192486, 67.88609794520129], [-78.56393269630722, 67.8917125321242]]}, "properties": {"source": "23603805", "target": "22907131"}}, {"type": "Feature", "geometry": {"type": "LineString", "coordinates": [[-78.53984537192486, 67.88609794520129], [-78.5409223349805, 67.88527659488655]]}, "properties": {"source": "23603805", "target": "23593564"}}, {"type": "Feature", "geometry": {"type": "LineString", "coordinates": [[-78.53984537192486, 67.88609794520129], [-78.5536822028622, 67.8890737057504]]}, "properties": {"source": "23603805", "target": "24346256"}}, {"type": "Feature", "geometry": {"type": "LineString", "coordinates": [[-78.53984537192486, 67.88609794520129], [-78.54968148119767, 67.88446634764593]]}, "properties": {"source": "23603805", "target": "20710289"}}, {"type": "Feature", "geometry": {"type": "LineString", "coordinates": [[-78.53984537192486, 67.88609794520129], [-78.54169441577689, 67.89202992224602]]}, "properties": {"source": "23603805", "target": "23148016"}}, {"type": "Feature", "geometry": {"type": "LineString", "coordinates": [[-78.53984537192486, 67.88609794520129], [-78.5400312315107, 67.8929429929352]]}, "properties": {"source": "23603805", "target": "22892332"}}, {"type": "Feature", "geometry": {"type": "LineString", "coordinates": [[-78.53984537192486, 67.88609794520129], [-78.56499452813287, 67.89433042722669]]}, "properties": {"source": "23603805", "target": "20659775"}}, {"type": "Feature", "geometry": {"type": "LineString", "coordinates": [[-78.53984537192486, 67.88609794520129], [-78.5613721390215, 67.88592928380766]]}, "properties": {"source": "23603805", "target": "23403608"}}, {"type": "Feature", "geometry": {"type": "LineString", "coordinates": [[-78.53984537192486, 67.88609794520129], [-78.56691281506845, 67.88893775057198]]}, "properties": {"source": "23603805", "target": "18283912"}}, {"type": "Feature", "geometry": {"type": "LineString", "coordinates": [[-78.53984537192486, 67.88609794520129], [-78.56138723960618, 67.89345350716466]]}, "properties": {"source": "23603805", "target": "18622239"}}, {"type": "Feature", "geometry": {"type": "LineString", "coordinates": [[-78.53984537192486, 67.88609794520129], [-78.56000063267011, 67.89460368610328]]}, "properties": {"source": "23603805", "target": "23403887"}}, {"type": "Feature", "geometry": {"type": "LineString", "coordinates": [[-78.53984537192486, 67.88609794520129], [-78.56287959726832, 67.89428766708434]]}, "properties": {"source": "23603805", "target": "18218784"}}, {"type": "Feature", "geometry": {"type": "LineString", "coordinates": [[-78.53984537192486, 67.88609794520129], [-78.54762682189099, 67.88759026431276]]}, "properties": {"source": "23603805", "target": "17378761"}}, {"type": "Feature", "geometry": {"type": "LineString", "coordinates": [[-78.56165657927612, 67.8941397945394], [-78.55780571949258, 67.88647668422342]]}, "properties": {"source": "27133453", "target": "23607952"}}, {"type": "Feature", "geometry": {"type": "LineString", "coordinates": [[-78.56165657927612, 67.8941397945394], [-78.53801446736608, 67.8938735305038]]}, "properties": {"source": "27133453", "target": "2396046"}}, {"type": "Feature", "geometry": {"type": "LineString", "coordinates": [[-78.56165657927612, 67.8941397945394], [-78.54599821289666, 67.88826921323762]]}, "properties": {"source": "27133453", "target": "13561779"}}, {"type": "Feature", "geometry": {"type": "LineString", "coordinates": [[-78.56165657927612, 67.8941397945394], [-78.53842263613979, 67.89075464179504]]}, "properties": {"source": "27133453", "target": "17465317"}}, {"type": "Feature", "geometry": {"type": "LineString", "coordinates": [[-78.56165657927612, 67.8941397945394], [-78.56124119451587, 67.88452003317333]]}, "properties": {"source": "27133453", "target": "22818392"}}, {"type": "Feature", "geometry": {"type": "LineString", "coordinates": [[-78.53984537192486, 67.88609794520129], [-78.55970154965571, 67.88929966628561]]}, "properties": {"source": "23603805", "target": "36298172"}}, {"type": "Feature", "geometry": {"type": "LineString", "coordinates": [[-78.53984537192486, 67.88609794520129], [-78.56633690566969, 67.88717191972769]]}, "properties": {"source": "23603805", "target": "22923736"}}, {"type": "Feature", "geometry": {"type": "LineString", "coordinates": [[-78.53984537192486, 67.88609794520129], [-78.56266518839698, 67.89193542787537]]}, "properties": {"source": "23603805", "target": "23450178"}}, {"type": "Feature", "geometry": {"type": "LineString", "coordinates": [[-78.54669762374404, 67.8845958162197], [-78.5652392391776, 67.88561867344454]]}, "properties": {"source": "18509622", "target": "25997635"}}, {"type": "Feature", "geometry": {"type": "LineString", "coordinates": [[-78.55780571949258, 67.88647668422342], [-78.5602831753038, 67.88866126080197]]}, "properties": {"source": "23607952", "target": "25754640"}}, {"type": "Feature", "geometry": {"type": "LineString", "coordinates": [[-78.55780571949258, 67.88647668422342], [-78.54977914674423, 67.89461022788274]]}, "properties": {"source": "23607952", "target": "25059802"}}, {"type": "Feature", "geometry": {"type": "LineString", "coordinates": [[-78.56685837265276, 67.89447408691485], [-78.54542920361841, 67.8935104307118]]}, "properties": {"source": "34144611", "target": "33962327"}}, {"type": "Feature", "geometry": {"type": "LineString", "coordinates": [[-78.54128838408947, 67.89312186388536], [-78.54987509386035, 67.89128599896344]]}, "properties": {"source": "23635149", "target": "2288439"}}, {"type": "Feature", "geometry": {"type": "LineString", "coordinates": [[-78.5392055551634, 67.89341931117168], [-78.56165657927612, 67.8941397945394]]}, "properties": {"source": "18103119", "target": "27133453"}}, {"type": "Feature", "geometry": {"type": "LineString", "coordinates": [[-78.5392055551634, 67.89341931117168], [-78.54394896849273, 67.89218266301471]]}, "properties": {"source": "18103119", "target": "27843077"}}, {"type": "Feature", "geometry": {"type": "LineString", "coordinates": [[-78.5392055551634, 67.89341931117168], [-78.54007890657881, 67.89126152062629]]}, "properties": {"source": "18103119", "target": "21842352"}}, {"type": "Feature", "geometry": {"type": "LineString", "coordinates": [[-78.56904520195741, 67.88832267004703], [-78.56740457291392, 67.8848434315181]]}, "properties": {"source": "20649139", "target": "22127616"}}, {"type": "Feature", "geometry": {"type": "LineString", "coordinates": [[-78.56904520195741, 67.88832267004703], [-78.54857073928339, 67.89513717089997]]}, "properties": {"source": "20649139", "target": "21902175"}}, {"type": "Feature", "geometry": {"type": "LineString", "coordinates": [[-78.56904520195741, 67.88832267004703], [-78.54917063011285, 67.8917582165287]]}, "properties": {"source": "20649139", "target": "21185838"}}, {"type": "Feature", "geometry": {"type": "LineString", "coordinates": [[-78.56904520195741, 67.88832267004703], [-78.56262392214698, 67.88504174174074]]}, "properties": {"source": "20649139", "target": "21482857"}}, {"type": "Feature", "geometry": {"type": "LineString", "coordinates": [[-78.56904520195741, 67.88832267004703], [-78.56409526749295, 67.88557292133474]]}, "properties": {"source": "20649139", "target": "20945447"}}, {"type": "Feature", "geometry": {"type": "LineString", "coordinates": [[-78.5501464725982, 67.89017846767531], [-78.56740457291392, 67.8848434315181]]}, "properties": {"source": "19449035", "target": "22127616"}}, {"type": "Feature", "geometry": {"type": "LineString", "coordinates": [[-78.5501464725982, 67.89017846767531], [-78.54857073928339, 67.89513717089997]]}, "properties": {"source": "19449035", "target": "21902175"}}, {"type": "Feature", "geometry": {"type": "LineString", "coordinates": [[-78.5501464725982, 67.89017846767531], [-78.56633690566969, 67.88717191972769]]}, "properties": {"source": "19449035", "target": "22923736"}}, {"type": "Feature", "geometry": {"type": "LineString", "coordinates": [[-78.5501464725982, 67.89017846767531], [-78.54917063011285, 67.8917582165287]]}, "properties": {"source": "19449035", "target": "21185838"}}, {"type": "Feature", "geometry": {"type": "LineString", "coordinates": [[-78.5501464725982, 67.89017846767531], [-78.56262392214698, 67.88504174174074]]}, "properties": {"source": "19449035", "target": "21482857"}}, {"type": "Feature", "geometry": {"type": "LineString", "coordinates": [[-78.5501464725982, 67.89017846767531], [-78.54346149771824, 67.88850289081472]]}, "properties": {"source": "19449035", "target": "18063461"}}, {"type": "Feature", "geometry": {"type": "LineString", "coordinates": [[-78.56464938291987, 67.88494429891469], [-78.56165657927612, 67.8941397945394]]}, "properties": {"source": "25430502", "target": "27133453"}}, {"type": "Feature", "geometry": {"type": "LineString", "coordinates": [[-78.56464938291987, 67.88494429891469], [-78.54394896849273, 67.89218266301471]]}, "properties": {"source": "25430502", "target": "27843077"}}, {"type": "Feature", "geometry": {"type": "LineString", "coordinates": [[-78.56464938291987, 67.88494429891469], [-78.54949370387574, 67.89433481043753]]}, "properties": {"source": "25430502", "target": "27207840"}}, {"type": "Feature", "geometry": {"type": "LineString", "coordinates": [[-78.56464938291987, 67.88494429891469], [-78.55617752660896, 67.88772151237687]]}, "properties": {"source": "25430502", "target": "26040775"}}, {"type": "Feature", "geometry": {"type": "LineString", "coordinates": [[-78.56464938291987, 67.88494429891469], [-78.55874685438256, 67.89335425364168]]}, "properties": {"source": "25430502", "target": "23210250"}}, {"type": "Feature", "geometry": {"type": "LineString", "coordinates": [[-78.54736650299618, 67.88913482293361], [-78.55970154965571, 67.88929966628561]]}, "properties": {"source": "35777735", "target": "36298172"}}, {"type": "Feature", "geometry": {"type": "LineString", "coordinates": [[-78.54736650299618, 67.88913482293361], [-78.57029490080949, 67.8901609308042]]}, "properties": {"source": "35777735", "target": "32614047"}}, {"type": "Feature", "geometry": {"type": "LineString", "coordinates": [[-78.54736650299618, 67.88913482293361], [-78.54321576221098, 67.89107175721753]]}, "properties": {"source": "35777735", "target": "32200781"}}, {"type": "Feature", "geometry": {"type": "LineString", "coordinates": [[-78.54736650299618, 67.88913482293361], [-78.56303001273092, 67.89318704118094]]}, "properties": {"source": "35777735", "target": "33552730"}}, {"type": "Feature", "geometry": {"type": "LineString", "coordinates": [[-78.54736650299618, 67.88913482293361], [-78.56658638124456, 67.88953246020922]]}, "properties": {"source": "35777735", "target": "32855631"}}, {"type": "Feature", "geometry": {"type": "LineString", "coordinates": [[-78.54736650299618, 67.88913482293361], [-78.54603833874198, 67.89472525440564]]}, "properties": {"source": "35777735", "target": "35065540"}}, {"type": "Feature", "geometry": {"type": "LineString", "coordinates": [[-78.54736650299618, 67.88913482293361], [-78.55560248357244, 67.88822765943556]]}, "properties": {"source": "35777735", "target": "35649074"}}, {"type": "Feature", "geometry": {"type": "LineString", "coordinates": [[-78.54736650299618, 67.88913482293361], [-78.55947974021429, 67.88803237687411]]}, "properties": {"source": "35777735", "target": "36302676"}}, {"type": "Feature", "geometry": {"type": "LineString", "coordinates": [[-78.55758262748893, 67.89494099968124], [-78.56262392214698, 67.88504174174074]]}, "properties": {"source": "19375662", "target": "21482857"}}, {"type": "Feature", "geometry": {"type": "LineString", "coordinates": [[-78.55758262748893, 67.89494099968124], [-78.56409526749295, 67.88557292133474]]}, "properties": {"source": "19375662", "target": "20945447"}}, {"type": "Feature", "geometry": {"type": "LineString", "coordinates": [[-78.54154830250518, 67.8921457114055], [-78.56633690566969, 67.88717191972769]]}, "properties": {"source": "22602629", "target": "22923736"}}, {"type": "Feature", "geometry": {"type": "LineString", "coordinates": [[-78.54154830250518, 67.8921457114055], [-78.56266518839698, 67.89193542787537]]}, "properties": {"source": "22602629", "target": "23450178"}}, {"type": "Feature", "geometry": {"type": "LineString", "coordinates": [[-78.54154830250518, 67.8921457114055], [-78.5652392391776, 67.88561867344454]]}, "properties": {"source": "22602629", "target": "25997635"}}, {"type": "Feature", "geometry": {"type": "LineString", "coordinates": [[-78.54154830250518, 67.8921457114055], [-78.5702362154516, 67.88952706511729]]}, "properties": {"source": "22602629", "target": "24646651"}}, {"type": "Feature", "geometry": {"type": "LineString", "coordinates": [[-78.54154830250518, 67.8921457114055], [-78.5536822028622, 67.8890737057504]]}, "properties": {"source": "22602629", "target": "24346256"}}, {"type": "Feature", "geometry": {"type": "LineString", "coordinates": [[-78.54154830250518, 67.8921457114055], [-78.56499452813287, 67.89433042722669]]}, "properties": {"source": "22602629", "target": "20659775"}}, {"type": "Feature", "geometry": {"type": "LineString", "coordinates": [[-78.54341346565263, 67.89068852913299], [-78.56000063267011, 67.89460368610328]]}, "properties": {"source": "33845516", "target": "23403887"}}, {"type": "Feature", "geometry": {"type": "LineString", "coordinates": [[-78.54341346565263, 67.89068852913299], [-78.54762682189099, 67.88759026431276]]}, "properties": {"source": "33845516", "target": "17378761"}}, {"type": "Feature", "geometry": {"type": "LineString", "coordinates": [[-78.54341346565263, 67.89068852913299], [-78.55617752660896, 67.88772151237687]]}, "properties": {"source": "33845516", "target": "26040775"}}, {"type": "Feature", "geometry": {"type": "LineString", "coordinates": [[-78.54341346565263, 67.89068852913299], [-78.53831525395027, 67.88924848560349]]}, "properties": {"source": "33845516", "target": "18476931"}}, {"type": "Feature", "geometry": {"type": "LineString", "coordinates": [[-78.54341346565263, 67.89068852913299], [-78.55952512529052, 67.88471897431567]]}, "properties": {"source": "33845516", "target": "18330020"}}, {"type": "Feature", "geometry": {"type": "LineString", "coordinates": [[-78.54341346565263, 67.89068852913299], [-78.54877619181585, 67.88988823713166]]}, "properties": {"source": "33845516", "target": "32570201"}}, {"type": "Feature", "geometry": {"type": "LineString", "coordinates": [[-78.54341346565263, 67.89068852913299], [-78.54701062572657, 67.88792072085211]]}, "properties": {"source": "33845516", "target": "16280494"}}, {"type": "Feature", "geometry": {"type": "LineString", "coordinates": [[-78.54341346565263, 67.89068852913299], [-78.53841377184906, 67.89407969760495]]}, "properties": {"source": "33845516", "target": "29622023"}}, {"type": "Feature", "geometry": {"type": "LineString", "coordinates": [[-78.54341346565263, 67.89068852913299], [-78.55002955947472, 67.89101656594539]]}, "properties": {"source": "33845516", "target": "33775897"}}, {"type": "Feature", "geometry": {"type": "LineString", "coordinates": [[-78.54341346565263, 67.89068852913299], [-78.54669762374404, 67.8845958162197]]}, "properties": {"source": "33845516", "target": "18509622"}}, {"type": "Feature", "geometry": {"type": "LineString", "coordinates": [[-78.54341346565263, 67.89068852913299], [-78.56685837265276, 67.89447408691485]]}, "properties": {"source": "33845516", "target": "34144611"}}, {"type": "Feature", "geometry": {"type": "LineString", "coordinates": [[-78.54341346565263, 67.89068852913299], [-78.55735565179371, 67.88852479432542]]}, "properties": {"source": "33845516", "target": "17887777"}}, {"type": "Feature", "geometry": {"type": "LineString", "coordinates": [[-78.55970154965571, 67.88929966628561], [-78.57029490080949, 67.8901609308042]]}, "properties": {"source": "36298172", "target": "32614047"}}, {"type": "Feature", "geometry": {"type": "LineString", "coordinates": [[-78.55970154965571, 67.88929966628561], [-78.5652392391776, 67.88561867344454]]}, "properties": {"source": "36298172", "target": "25997635"}}, {"type": "Feature", "geometry": {"type": "LineString", "coordinates": [[-78.55970154965571, 67.88929966628561], [-78.56303001273092, 67.89318704118094]]}, "properties": {"source": "36298172", "target": "33552730"}}, {"type": "Feature", "geometry": {"type": "LineString", "coordinates": [[-78.55970154965571, 67.88929966628561], [-78.56658638124456, 67.88953246020922]]}, "properties": {"source": "36298172", "target": "32855631"}}, {"type": "Feature", "geometry": {"type": "LineString", "coordinates": [[-78.54736650299618, 67.88913482293361], [-78.56501878522957, 67.89400943001165]]}, "properties": {"source": "35777735", "target": "32315364"}}, {"type": "Feature", "geometry": {"type": "LineString", "coordinates": [[-78.54736650299618, 67.88913482293361], [-78.54011108716269, 67.89254389507266]]}, "properties": {"source": "35777735", "target": "32454206"}}, {"type": "Feature", "geometry": {"type": "LineString", "coordinates": [[-78.54736650299618, 67.88913482293361], [-78.54685424866932, 67.89232328454659]]}, "properties": {"source": "35777735", "target": "31951301"}}, {"type": "Feature", "geometry": {"type": "LineString", "coordinates": [[-78.54736650299618, 67.88913482293361], [-78.56316802368545, 67.89095652854755]]}, "properties": {"source": "35777735", "target": "32572390"}}, {"type": "Feature", "geometry": {"type": "LineString", "coordinates": [[-78.54736650299618, 67.88913482293361], [-78.54096711475073, 67.88870539973726]]}, "properties": {"source": "35777735", "target": "33410814"}}, {"type": "Feature", "geometry": {"type": "LineString", "coordinates": [[-78.54736650299618, 67.88913482293361], [-78.54542920361841, 67.8935104307118]]}, "properties": {"source": "35777735", "target": "33962327"}}, {"type": "Feature", "geometry": {"type": "LineString", "coordinates": [[-78.54736650299618, 67.88913482293361], [-78.54697511321213, 67.89005760561541]]}, "properties": {"source": "35777735", "target": "10429443"}}, {"type": "Feature", "geometry": {"type": "LineString", "coordinates": [[-78.54736650299618, 67.88913482293361], [-78.55806640400063, 67.88780589423008]]}, "properties": {"source": "35777735", "target": "6222779"}}, {"type": "Feature", "geometry": {"type": "LineString", "coordinates": [[-78.54736650299618, 67.88913482293361], [-78.55333447510347, 67.89505976149601]]}, "properties": {"source": "35777735", "target": "15738722"}}, {"type": "Feature", "geometry": {"type": "LineString", "coordinates": [[-78.54736650299618, 67.88913482293361], [-78.54291468107769, 67.88895013249922]]}, "properties": {"source": "35777735", "target": "550122"}}, {"type": "Feature", "geometry": {"type": "LineString", "coordinates": [[-78.54736650299618, 67.88913482293361], [-78.55964851043724, 67.88459389632332]]}, "properties": {"source": "35777735", "target": "37343"}}, {"type": "Feature", "geometry": {"type": "LineString", "coordinates": [[-78.54736650299618, 67.88913482293361], [-78.56685837265276, 67.89447408691485]]}, "properties": {"source": "35777735", "target": "34144611"}}, {"type": "Feature", "geometry": {"type": "LineString", "coordinates": [[-78.56266518839698, 67.89193542787537], [-78.55970154965571, 67.88929966628561]]}, "properties": {"source": "23450178", "target": "36298172"}}, {"type": "Feature", "geometry": {"type": "LineString", "coordinates": [[-78.56266518839698, 67.89193542787537], [-78.56633690566969, 67.88717191972769]]}, "properties": {"source": "23450178", "target": "22923736"}}, {"type": "Feature", "geometry": {"type": "LineString", "coordinates": [[-78.56266518839698, 67.89193542787537], [-78.5652392391776, 67.88561867344454]]}, "properties": {"source": "23450178", "target": "25997635"}}, {"type": "Feature", "geometry": {"type": "LineString", "coordinates": [[-78.54736650299618, 67.88913482293361], [-78.56805194605967, 67.88860448793821]]}, "properties": {"source": "35777735", "target": "15821525"}}, {"type": "Feature", "geometry": {"type": "LineString", "coordinates": [[-78.54470352154348, 67.88814298694248], [-78.54586499134835, 67.89113422102749]]}, "properties": {"source": "25070007", "target": "25069997"}}, {"type": "Feature", "geometry": {"type": "LineString", "coordinates": [[-78.54470352154348, 67.88814298694248], [-78.56455672967653, 67.89023952654166]]}, "properties": {"source": "25070007", "target": "22467844"}}, {"type": "Feature", "geometry": {"type": "LineString", "coordinates": [[-78.54470352154348, 67.88814298694248], [-78.57024160729493, 67.88807761076592]]}, "properties": {"source": "25070007", "target": "25069885"}}, {"type": "Feature", "geometry": {"type": "LineString", "coordinates": [[-78.54470352154348, 67.88814298694248], [-78.55120223078042, 67.89412939831206]]}, "properties": {"source": "25070007", "target": "25069985"}}, {"type": "Feature", "geometry": {"type": "LineString", "coordinates": [[-78.54470352154348, 67.88814298694248], [-78.54608647222156, 67.89512276365393]]}, "properties": {"source": "25070007", "target": "25511603"}}, {"type": "Feature", "geometry": {"type": "LineString", "coordinates": [[-78.56000063267011, 67.89460368610328], [-78.55970154965571, 67.88929966628561]]}, "properties": {"source": "23403887", "target": "36298172"}}, {"type": "Feature", "geometry": {"type": "LineString", "coordinates": [[-78.56000063267011, 67.89460368610328], [-78.56266518839698, 67.89193542787537]]}, "properties": {"source": "23403887", "target": "23450178"}}, {"type": "Feature", "geometry": {"type": "LineString", "coordinates": [[-78.56000063267011, 67.89460368610328], [-78.5652392391776, 67.88561867344454]]}, "properties": {"source": "23403887", "target": "25997635"}}, {"type": "Feature", "geometry": {"type": "LineString", "coordinates": [[-78.56000063267011, 67.89460368610328], [-78.5702362154516, 67.88952706511729]]}, "properties": {"source": "23403887", "target": "24646651"}}, {"type": "Feature", "geometry": {"type": "LineString", "coordinates": [[-78.56000063267011, 67.89460368610328], [-78.5536822028622, 67.8890737057504]]}, "properties": {"source": "23403887", "target": "24346256"}}, {"type": "Feature", "geometry": {"type": "LineString", "coordinates": [[-78.55030500825927, 67.89272112020333], [-78.56740457291392, 67.8848434315181]]}, "properties": {"source": "22054381", "target": "22127616"}}, {"type": "Feature", "geometry": {"type": "LineString", "coordinates": [[-78.55030500825927, 67.89272112020333], [-78.56633690566969, 67.88717191972769]]}, "properties": {"source": "22054381", "target": "22923736"}}, {"type": "Feature", "geometry": {"type": "LineString", "coordinates": [[-78.55030500825927, 67.89272112020333], [-78.55998109436538, 67.88718318949188]]}, "properties": {"source": "22054381", "target": "22556888"}}, {"type": "Feature", "geometry": {"type": "LineString", "coordinates": [[-78.55030500825927, 67.89272112020333], [-78.55104227775206, 67.88528207859446]]}, "properties": {"source": "22054381", "target": "25128530"}}, {"type": "Feature", "geometry": {"type": "LineString", "coordinates": [[-78.55030500825927, 67.89272112020333], [-78.54665816471875, 67.88467054110015]]}, "properties": {"source": "22054381", "target": "20640268"}}, {"type": "Feature", "geometry": {"type": "LineString", "coordinates": [[-78.55030500825927, 67.89272112020333], [-78.55748736290353, 67.88938040513644]]}, "properties": {"source": "22054381", "target": "20640247"}}, {"type": "Feature", "geometry": {"type": "LineString", "coordinates": [[-78.55723430704897, 67.88949120546654], [-78.54917063011285, 67.8917582165287]]}, "properties": {"source": "23300460", "target": "21185838"}}, {"type": "Feature", "geometry": {"type": "LineString", "coordinates": [[-78.55723430704897, 67.88949120546654], [-78.56409526749295, 67.88557292133474]]}, "properties": {"source": "23300460", "target": "20945447"}}, {"type": "Feature", "geometry": {"type": "LineString", "coordinates": [[-78.55723430704897, 67.88949120546654], [-78.54194100740608, 67.89298312138635]]}, "properties": {"source": "23300460", "target": "22921268"}}, {"type": "Feature", "geometry": {"type": "LineString", "coordinates": [[-78.55723430704897, 67.88949120546654], [-78.55668807658351, 67.89156314382375]]}, "properties": {"source": "23300460", "target": "22238922"}}, {"type": "Feature", "geometry": {"type": "LineString", "coordinates": [[-78.55723430704897, 67.88949120546654], [-78.56393269630722, 67.8917125321242]]}, "properties": {"source": "23300460", "target": "22907131"}}, {"type": "Feature", "geometry": {"type": "LineString", "coordinates": [[-78.55723430704897, 67.88949120546654], [-78.55610592291954, 67.88680461893156]]}, "properties": {"source": "23300460", "target": "19499321"}}, {"type": "Feature", "geometry": {"type": "LineString", "coordinates": [[-78.54203559915535, 67.89036822376924], [-78.5602831753038, 67.88866126080197]]}, "properties": {"source": "28692433", "target": "25754640"}}, {"type": "Feature", "geometry": {"type": "LineString", "coordinates": [[-78.54203559915535, 67.89036822376924], [-78.57029490080949, 67.8901609308042]]}, "properties": {"source": "28692433", "target": "32614047"}}, {"type": "Feature", "geometry": {"type": "LineString", "coordinates": [[-78.54203559915535, 67.89036822376924], [-78.54977914674423, 67.89461022788274]]}, "properties": {"source": "28692433", "target": "25059802"}}, {"type": "Feature", "geometry": {"type": "LineString", "coordinates": [[-78.54203559915535, 67.89036822376924], [-78.54321576221098, 67.89107175721753]]}, "properties": {"source": "28692433", "target": "32200781"}}, {"type": "Feature", "geometry": {"type": "LineString", "coordinates": [[-78.54203559915535, 67.89036822376924], [-78.56303001273092, 67.89318704118094]]}, "properties": {"source": "28692433", "target": "33552730"}}, {"type": "Feature", "geometry": {"type": "LineString", "coordinates": [[-78.54203559915535, 67.89036822376924], [-78.56658638124456, 67.88953246020922]]}, "properties": {"source": "28692433", "target": "32855631"}}, {"type": "Feature", "geometry": {"type": "LineString", "coordinates": [[-78.54203559915535, 67.89036822376924], [-78.56501878522957, 67.89400943001165]]}, "properties": {"source": "28692433", "target": "32315364"}}, {"type": "Feature", "geometry": {"type": "LineString", "coordinates": [[-78.54203559915535, 67.89036822376924], [-78.54011108716269, 67.89254389507266]]}, "properties": {"source": "28692433", "target": "32454206"}}, {"type": "Feature", "geometry": {"type": "LineString", "coordinates": [[-78.55282666329437, 67.88553793499959], [-78.54394896849273, 67.89218266301471]]}, "properties": {"source": "27760332", "target": "27843077"}}, {"type": "Feature", "geometry": {"type": "LineString", "coordinates": [[-78.55282666329437, 67.88553793499959], [-78.5602831753038, 67.88866126080197]]}, "properties": {"source": "27760332", "target": "25754640"}}, {"type": "Feature", "geometry": {"type": "LineString", "coordinates": [[-78.53984537192486, 67.88609794520129], [-78.54154830250518, 67.8921457114055]]}, "properties": {"source": "23603805", "target": "22602629"}}, {"type": "Feature", "geometry": {"type": "LineString", "coordinates": [[-78.53984537192486, 67.88609794520129], [-78.55952512529052, 67.88471897431567]]}, "properties": {"source": "23603805", "target": "18330020"}}, {"type": "Feature", "geometry": {"type": "LineString", "coordinates": [[-78.53984537192486, 67.88609794520129], [-78.54484284097944, 67.88835284291635]]}, "properties": {"source": "23603805", "target": "23175367"}}, {"type": "Feature", "geometry": {"type": "LineString", "coordinates": [[-78.53984537192486, 67.88609794520129], [-78.54701062572657, 67.88792072085211]]}, "properties": {"source": "23603805", "target": "16280494"}}, {"type": "Feature", "geometry": {"type": "LineString", "coordinates": [[-78.53984537192486, 67.88609794520129], [-78.54669762374404, 67.8845958162197]]}, "properties": {"source": "23603805", "target": "18509622"}}, {"type": "Feature", "geometry": {"type": "LineString", "coordinates": [[-78.53984537192486, 67.88609794520129], [-78.54128838408947, 67.89312186388536]]}, "properties": {"source": "23603805", "target": "23635149"}}, {"type": "Feature", "geometry": {"type": "LineString", "coordinates": [[-78.53984537192486, 67.88609794520129], [-78.55735565179371, 67.88852479432542]]}, "properties": {"source": "23603805", "target": "17887777"}}, {"type": "Feature", "geometry": {"type": "LineString", "coordinates": [[-78.53984537192486, 67.88609794520129], [-78.54987509386035, 67.89128599896344]]}, "properties": {"source": "23603805", "target": "2288439"}}, {"type": "Feature", "geometry": {"type": "LineString", "coordinates": [[-78.53984537192486, 67.88609794520129], [-78.5574060560816, 67.88531264244251]]}, "properties": {"source": "23603805", "target": "22706790"}}, {"type": "Feature", "geometry": {"type": "LineString", "coordinates": [[-78.53984537192486, 67.88609794520129], [-78.56516516311467, 67.88745684062458]]}, "properties": {"source": "23603805", "target": "23401247"}}, {"type": "Feature", "geometry": {"type": "LineString", "coordinates": [[-78.53984537192486, 67.88609794520129], [-78.54936577284063, 67.88790609400166]]}, "properties": {"source": "23603805", "target": "23117680"}}, {"type": "Feature", "geometry": {"type": "LineString", "coordinates": [[-78.5385384877377, 67.88470547306783], [-78.56165657927612, 67.8941397945394]]}, "properties": {"source": "27998024", "target": "27133453"}}, {"type": "Feature", "geometry": {"type": "LineString", "coordinates": [[-78.5385384877377, 67.88470547306783], [-78.54394896849273, 67.89218266301471]]}, "properties": {"source": "27998024", "target": "27843077"}}, {"type": "Feature", "geometry": {"type": "LineString", "coordinates": [[-78.5385384877377, 67.88470547306783], [-78.5602831753038, 67.88866126080197]]}, "properties": {"source": "27998024", "target": "25754640"}}, {"type": "Feature", "geometry": {"type": "LineString", "coordinates": [[-78.5385384877377, 67.88470547306783], [-78.57010996293224, 67.88883839964761]]}, "properties": {"source": "27998024", "target": "33347781"}}, {"type": "Feature", "geometry": {"type": "LineString", "coordinates": [[-78.5385384877377, 67.88470547306783], [-78.55437493696697, 67.88680706999114]]}, "properties": {"source": "27998024", "target": "33396283"}}, {"type": "Feature", "geometry": {"type": "LineString", "coordinates": [[-78.56185005342132, 67.88821478695431], [-78.54470352154348, 67.88814298694248]]}, "properties": {"source": "22336924", "target": "25070007"}}, {"type": "Feature", "geometry": {"type": "LineString", "coordinates": [[-78.56185005342132, 67.88821478695431], [-78.54586499134835, 67.89113422102749]]}, "properties": {"source": "22336924", "target": "25069997"}}, {"type": "Feature", "geometry": {"type": "LineString", "coordinates": [[-78.56185005342132, 67.88821478695431], [-78.56455672967653, 67.89023952654166]]}, "properties": {"source": "22336924", "target": "22467844"}}, {"type": "Feature", "geometry": {"type": "LineString", "coordinates": [[-78.56185005342132, 67.88821478695431], [-78.55120223078042, 67.89412939831206]]}, "properties": {"source": "22336924", "target": "25069985"}}, {"type": "Feature", "geometry": {"type": "LineString", "coordinates": [[-78.56185005342132, 67.88821478695431], [-78.54608647222156, 67.89512276365393]]}, "properties": {"source": "22336924", "target": "25511603"}}, {"type": "Feature", "geometry": {"type": "LineString", "coordinates": [[-78.53831525395027, 67.88924848560349], [-78.55970154965571, 67.88929966628561]]}, "properties": {"source": "18476931", "target": "36298172"}}, {"type": "Feature", "geometry": {"type": "LineString", "coordinates": [[-78.53831525395027, 67.88924848560349], [-78.53984537192486, 67.88609794520129]]}, "properties": {"source": "18476931", "target": "23603805"}}, {"type": "Feature", "geometry": {"type": "LineString", "coordinates": [[-78.53831525395027, 67.88924848560349], [-78.56266518839698, 67.89193542787537]]}, "properties": {"source": "18476931", "target": "23450178"}}, {"type": "Feature", "geometry": {"type": "LineString", "coordinates": [[-78.53831525395027, 67.88924848560349], [-78.5652392391776, 67.88561867344454]]}, "properties": {"source": "18476931", "target": "25997635"}}, {"type": "Feature", "geometry": {"type": "LineString", "coordinates": [[-78.53831525395027, 67.88924848560349], [-78.55952512529052, 67.88471897431567]]}, "properties": {"source": "18476931", "target": "18330020"}}, {"type": "Feature", "geometry": {"type": "LineString", "coordinates": [[-78.53831525395027, 67.88924848560349], [-78.56376625608628, 67.88591973141102]]}, "properties": {"source": "18476931", "target": "18303570"}}, {"type": "Feature", "geometry": {"type": "LineString", "coordinates": [[-78.55758262748893, 67.89494099968124], [-78.56740457291392, 67.8848434315181]]}, "properties": {"source": "19375662", "target": "22127616"}}, {"type": "Feature", "geometry": {"type": "LineString", "coordinates": [[-78.55758262748893, 67.89494099968124], [-78.54857073928339, 67.89513717089997]]}, "properties": {"source": "19375662", "target": "21902175"}}, {"type": "Feature", "geometry": {"type": "LineString", "coordinates": [[-78.55758262748893, 67.89494099968124], [-78.55998109436538, 67.88718318949188]]}, "properties": {"source": "19375662", "target": "22556888"}}, {"type": "Feature", "geometry": {"type": "LineString", "coordinates": [[-78.55758262748893, 67.89494099968124], [-78.54830569197217, 67.88787264859175]]}, "properties": {"source": "19375662", "target": "21822869"}}, {"type": "Feature", "geometry": {"type": "LineString", "coordinates": [[-78.55758262748893, 67.89494099968124], [-78.54917063011285, 67.8917582165287]]}, "properties": {"source": "19375662", "target": "21185838"}}, {"type": "Feature", "geometry": {"type": "LineString", "coordinates": [[-78.55696125531568, 67.88874776772063], [-78.55780571949258, 67.88647668422342]]}, "properties": {"source": "24204852", "target": "23607952"}}, {"type": "Feature", "geometry": {"type": "LineString", "coordinates": [[-78.55696125531568, 67.88874776772063], [-78.53801446736608, 67.8938735305038]]}, "properties": {"source": "24204852", "target": "2396046"}}, {"type": "Feature", "geometry": {"type": "LineString", "coordinates": [[-78.54789591992478, 67.8848153520806], [-78.55970154965571, 67.88929966628561]]}, "properties": {"source": "35809414", "target": "36298172"}}, {"type": "Feature", "geometry": {"type": "LineString", "coordinates": [[-78.54789591992478, 67.8848153520806], [-78.55437493696697, 67.88680706999114]]}, "properties": {"source": "35809414", "target": "33396283"}}, {"type": "Feature", "geometry": {"type": "LineString", "coordinates": [[-78.54789591992478, 67.8848153520806], [-78.54736650299618, 67.88913482293361]]}, "properties": {"source": "35809414", "target": "35777735"}}, {"type": "Feature", "geometry": {"type": "LineString", "coordinates": [[-78.54789591992478, 67.8848153520806], [-78.57029490080949, 67.8901609308042]]}, "properties": {"source": "35809414", "target": "32614047"}}, {"type": "Feature", "geometry": {"type": "LineString", "coordinates": [[-78.54789591992478, 67.8848153520806], [-78.54321576221098, 67.89107175721753]]}, "properties": {"source": "35809414", "target": "32200781"}}, {"type": "Feature", "geometry": {"type": "LineString", "coordinates": [[-78.54789591992478, 67.8848153520806], [-78.56303001273092, 67.89318704118094]]}, "properties": {"source": "35809414", "target": "33552730"}}, {"type": "Feature", "geometry": {"type": "LineString", "coordinates": [[-78.54789591992478, 67.8848153520806], [-78.56658638124456, 67.88953246020922]]}, "properties": {"source": "35809414", "target": "32855631"}}, {"type": "Feature", "geometry": {"type": "LineString", "coordinates": [[-78.54789591992478, 67.8848153520806], [-78.54603833874198, 67.89472525440564]]}, "properties": {"source": "35809414", "target": "35065540"}}, {"type": "Feature", "geometry": {"type": "LineString", "coordinates": [[-78.54789591992478, 67.8848153520806], [-78.55560248357244, 67.88822765943556]]}, "properties": {"source": "35809414", "target": "35649074"}}, {"type": "Feature", "geometry": {"type": "LineString", "coordinates": [[-78.54789591992478, 67.8848153520806], [-78.55947974021429, 67.88803237687411]]}, "properties": {"source": "35809414", "target": "36302676"}}, {"type": "Feature", "geometry": {"type": "LineString", "coordinates": [[-78.54789591992478, 67.8848153520806], [-78.56501878522957, 67.89400943001165]]}, "properties": {"source": "35809414", "target": "32315364"}}, {"type": "Feature", "geometry": {"type": "LineString", "coordinates": [[-78.54789591992478, 67.8848153520806], [-78.54011108716269, 67.89254389507266]]}, "properties": {"source": "35809414", "target": "32454206"}}, {"type": "Feature", "geometry": {"type": "LineString", "coordinates": [[-78.54789591992478, 67.8848153520806], [-78.54026886686147, 67.89337755128685]]}, "properties": {"source": "35809414", "target": "33322124"}}, {"type": "Feature", "geometry": {"type": "LineString", "coordinates": [[-78.54789591992478, 67.8848153520806], [-78.54685424866932, 67.89232328454659]]}, "properties": {"source": "35809414", "target": "31951301"}}, {"type": "Feature", "geometry": {"type": "LineString", "coordinates": [[-78.56266518839698, 67.89193542787537], [-78.56393269630722, 67.8917125321242]]}, "properties": {"source": "23450178", "target": "22907131"}}, {"type": "Feature", "geometry": {"type": "LineString", "coordinates": [[-78.56266518839698, 67.89193542787537], [-78.5536822028622, 67.8890737057504]]}, "properties": {"source": "23450178", "target": "24346256"}}, {"type": "Feature", "geometry": {"type": "LineString", "coordinates": [[-78.56266518839698, 67.89193542787537], [-78.54968148119767, 67.88446634764593]]}, "properties": {"source": "23450178", "target": "20710289"}}, {"type": "Feature", "geometry": {"type": "LineString", "coordinates": [[-78.56266518839698, 67.89193542787537], [-78.54169441577689, 67.89202992224602]]}, "properties": {"source": "23450178", "target": "23148016"}}, {"type": "Feature", "geometry": {"type": "LineString", "coordinates": [[-78.56266518839698, 67.89193542787537], [-78.56499452813287, 67.89433042722669]]}, "properties": {"source": "23450178", "target": "20659775"}}, {"type": "Feature", "geometry": {"type": "LineString", "coordinates": [[-78.56266518839698, 67.89193542787537], [-78.56691281506845, 67.88893775057198]]}, "properties": {"source": "23450178", "target": "18283912"}}, {"type": "Feature", "geometry": {"type": "LineString", "coordinates": [[-78.56266518839698, 67.89193542787537], [-78.56138723960618, 67.89345350716466]]}, "properties": {"source": "23450178", "target": "18622239"}}, {"type": "Feature", "geometry": {"type": "LineString", "coordinates": [[-78.56266518839698, 67.89193542787537], [-78.54762682189099, 67.88759026431276]]}, "properties": {"source": "23450178", "target": "17378761"}}, {"type": "Feature", "geometry": {"type": "LineString", "coordinates": [[-78.56266518839698, 67.89193542787537], [-78.55952512529052, 67.88471897431567]]}, "properties": {"source": "23450178", "target": "18330020"}}, {"type": "Feature", "geometry": {"type": "LineString", "coordinates": [[-78.56266518839698, 67.89193542787537], [-78.54701062572657, 67.88792072085211]]}, "properties": {"source": "23450178", "target": "16280494"}}, {"type": "Feature", "geometry": {"type": "LineString", "coordinates": [[-78.56266518839698, 67.89193542787537], [-78.55735565179371, 67.88852479432542]]}, "properties": {"source": "23450178", "target": "17887777"}}, {"type": "Feature", "geometry": {"type": "LineString", "coordinates": [[-78.56266518839698, 67.89193542787537], [-78.56516516311467, 67.88745684062458]]}, "properties": {"source": "23450178", "target": "23401247"}}, {"type": "Feature", "geometry": {"type": "LineString", "coordinates": [[-78.57029490080949, 67.8901609308042], [-78.56303001273092, 67.89318704118094]]}, "properties": {"source": "32614047", "target": "33552730"}}, {"type": "Feature", "geometry": {"type": "LineString", "coordinates": [[-78.57029490080949, 67.8901609308042], [-78.54603833874198, 67.89472525440564]]}, "properties": {"source": "32614047", "target": "35065540"}}, {"type": "Feature", "geometry": {"type": "LineString", "coordinates": [[-78.57029490080949, 67.8901609308042], [-78.55560248357244, 67.88822765943556]]}, "properties": {"source": "32614047", "target": "35649074"}}, {"type": "Feature", "geometry": {"type": "LineString", "coordinates": [[-78.57029490080949, 67.8901609308042], [-78.55947974021429, 67.88803237687411]]}, "properties": {"source": "32614047", "target": "36302676"}}, {"type": "Feature", "geometry": {"type": "LineString", "coordinates": [[-78.54936577284063, 67.88790609400166], [-78.54484284097944, 67.88835284291635]]}, "properties": {"source": "23117680", "target": "23175367"}}, {"type": "Feature", "geometry": {"type": "LineString", "coordinates": [[-78.54936577284063, 67.88790609400166], [-78.54128838408947, 67.89312186388536]]}, "properties": {"source": "23117680", "target": "23635149"}}, {"type": "Feature", "geometry": {"type": "LineString", "coordinates": [[-78.55900852657031, 67.8898477586159], [-78.56086188882243, 67.88467128878257]]}, "properties": {"source": "23506931", "target": "21971490"}}, {"type": "Feature", "geometry": {"type": "LineString", "coordinates": [[-78.53817387619542, 67.88859283973088], [-78.54484284097944, 67.88835284291635]]}, "properties": {"source": "21943342", "target": "23175367"}}, {"type": "Feature", "geometry": {"type": "LineString", "coordinates": [[-78.53817387619542, 67.88859283973088], [-78.54987509386035, 67.89128599896344]]}, "properties": {"source": "21943342", "target": "2288439"}}, {"type": "Feature", "geometry": {"type": "LineString", "coordinates": [[-78.56376625608628, 67.88591973141102], [-78.55952512529052, 67.88471897431567]]}, "properties": {"source": "18303570", "target": "18330020"}}, {"type": "Feature", "geometry": {"type": "LineString", "coordinates": [[-78.55332971910164, 67.88883711200891], [-78.56355179584345, 67.88588737143175]]}, "properties": {"source": "7576494", "target": "770497"}}, {"type": "Feature", "geometry": {"type": "LineString", "coordinates": [[-78.5559901739115, 67.88735051639861], [-78.56000063267011, 67.89460368610328]]}, "properties": {"source": "28186326", "target": "23403887"}}, {"type": "Feature", "geometry": {"type": "LineString", "coordinates": [[-78.56316802368545, 67.89095652854755], [-78.57029490080949, 67.8901609308042]]}, "properties": {"source": "32572390", "target": "32614047"}}, {"type": "Feature", "geometry": {"type": "LineString", "coordinates": [[-78.56316802368545, 67.89095652854755], [-78.54603833874198, 67.89472525440564]]}, "properties": {"source": "32572390", "target": "35065540"}}, {"type": "Feature", "geometry": {"type": "LineString", "coordinates": [[-78.56316802368545, 67.89095652854755], [-78.55560248357244, 67.88822765943556]]}, "properties": {"source": "32572390", "target": "35649074"}}, {"type": "Feature", "geometry": {"type": "LineString", "coordinates": [[-78.56316802368545, 67.89095652854755], [-78.55947974021429, 67.88803237687411]]}, "properties": {"source": "32572390", "target": "36302676"}}, {"type": "Feature", "geometry": {"type": "LineString", "coordinates": [[-78.56316802368545, 67.89095652854755], [-78.5479973769407, 67.88985739681893]]}, "properties": {"source": "32572390", "target": "26309824"}}, {"type": "Feature", "geometry": {"type": "LineString", "coordinates": [[-78.54947832064855, 67.8932581493671], [-78.56165657927612, 67.8941397945394]]}, "properties": {"source": "23311124", "target": "27133453"}}, {"type": "Feature", "geometry": {"type": "LineString", "coordinates": [[-78.54947832064855, 67.8932581493671], [-78.54394896849273, 67.89218266301471]]}, "properties": {"source": "23311124", "target": "27843077"}}, {"type": "Feature", "geometry": {"type": "LineString", "coordinates": [[-78.54947832064855, 67.8932581493671], [-78.5602831753038, 67.88866126080197]]}, "properties": {"source": "23311124", "target": "25754640"}}, {"type": "Feature", "geometry": {"type": "LineString", "coordinates": [[-78.56744021692577, 67.89012998429939], [-78.54857073928339, 67.89513717089997]]}, "properties": {"source": "19100973", "target": "21902175"}}, {"type": "Feature", "geometry": {"type": "LineString", "coordinates": [[-78.56744021692577, 67.89012998429939], [-78.54917063011285, 67.8917582165287]]}, "properties": {"source": "19100973", "target": "21185838"}}, {"type": "Feature", "geometry": {"type": "LineString", "coordinates": [[-78.56744021692577, 67.89012998429939], [-78.56262392214698, 67.88504174174074]]}, "properties": {"source": "19100973", "target": "21482857"}}, {"type": "Feature", "geometry": {"type": "LineString", "coordinates": [[-78.54346149771824, 67.88850289081472], [-78.54917063011285, 67.8917582165287]]}, "properties": {"source": "18063461", "target": "21185838"}}, {"type": "Feature", "geometry": {"type": "LineString", "coordinates": [[-78.54346149771824, 67.88850289081472], [-78.56262392214698, 67.88504174174074]]}, "properties": {"source": "18063461", "target": "21482857"}}, {"type": "Feature", "geometry": {"type": "LineString", "coordinates": [[-78.5613721390215, 67.88592928380766], [-78.55970154965571, 67.88929966628561]]}, "properties": {"source": "23403608", "target": "36298172"}}, {"type": "Feature", "geometry": {"type": "LineString", "coordinates": [[-78.5613721390215, 67.88592928380766], [-78.56266518839698, 67.89193542787537]]}, "properties": {"source": "23403608", "target": "23450178"}}, {"type": "Feature", "geometry": {"type": "LineString", "coordinates": [[-78.5613721390215, 67.88592928380766], [-78.5652392391776, 67.88561867344454]]}, "properties": {"source": "23403608", "target": "25997635"}}, {"type": "Feature", "geometry": {"type": "LineString", "coordinates": [[-78.5613721390215, 67.88592928380766], [-78.5702362154516, 67.88952706511729]]}, "properties": {"source": "23403608", "target": "24646651"}}, {"type": "Feature", "geometry": {"type": "LineString", "coordinates": [[-78.5613721390215, 67.88592928380766], [-78.5536822028622, 67.8890737057504]]}, "properties": {"source": "23403608", "target": "24346256"}}, {"type": "Feature", "geometry": {"type": "LineString", "coordinates": [[-78.5613721390215, 67.88592928380766], [-78.56499452813287, 67.89433042722669]]}, "properties": {"source": "23403608", "target": "20659775"}}, {"type": "Feature", "geometry": {"type": "LineString", "coordinates": [[-78.56488086411368, 67.8869760793034], [-78.54665816471875, 67.88467054110015]]}, "properties": {"source": "26877925", "target": "20640268"}}, {"type": "Feature", "geometry": {"type": "LineString", "coordinates": [[-78.56488086411368, 67.8869760793034], [-78.54169441577689, 67.89202992224602]]}, "properties": {"source": "26877925", "target": "23148016"}}, {"type": "Feature", "geometry": {"type": "LineString", "coordinates": [[-78.56488086411368, 67.8869760793034], [-78.54151131562068, 67.88924208859403]]}, "properties": {"source": "26877925", "target": "25656871"}}, {"type": "Feature", "geometry": {"type": "LineString", "coordinates": [[-78.56488086411368, 67.8869760793034], [-78.55748736290353, 67.88938040513644]]}, "properties": {"source": "26877925", "target": "20640247"}}, {"type": "Feature", "geometry": {"type": "LineString", "coordinates": [[-78.56488086411368, 67.8869760793034], [-78.54949370387574, 67.89433481043753]]}, "properties": {"source": "26877925", "target": "27207840"}}, {"type": "Feature", "geometry": {"type": "LineString", "coordinates": [[-78.56604847471307, 67.88807907344595], [-78.54917063011285, 67.8917582165287]]}, "properties": {"source": "20500567", "target": "21185838"}}, {"type": "Feature", "geometry": {"type": "LineString", "coordinates": [[-78.56604847471307, 67.88807907344595], [-78.56262392214698, 67.88504174174074]]}, "properties": {"source": "20500567", "target": "21482857"}}, {"type": "Feature", "geometry": {"type": "LineString", "coordinates": [[-78.56604847471307, 67.88807907344595], [-78.56409526749295, 67.88557292133474]]}, "properties": {"source": "20500567", "target": "20945447"}}, {"type": "Feature", "geometry": {"type": "LineString", "coordinates": [[-78.56604847471307, 67.88807907344595], [-78.55723430704897, 67.88949120546654]]}, "properties": {"source": "20500567", "target": "23300460"}}, {"type": "Feature", "geometry": {"type": "LineString", "coordinates": [[-78.56604847471307, 67.88807907344595], [-78.56744021692577, 67.89012998429939]]}, "properties": {"source": "20500567", "target": "19100973"}}, {"type": "Feature", "geometry": {"type": "LineString", "coordinates": [[-78.56604847471307, 67.88807907344595], [-78.54346149771824, 67.88850289081472]]}, "properties": {"source": "20500567", "target": "18063461"}}, {"type": "Feature", "geometry": {"type": "LineString", "coordinates": [[-78.56604847471307, 67.88807907344595], [-78.56183193532203, 67.88450443694211]]}, "properties": {"source": "20500567", "target": "17457728"}}, {"type": "Feature", "geometry": {"type": "LineString", "coordinates": [[-78.54945463225283, 67.88930310155986], [-78.56165657927612, 67.8941397945394]]}, "properties": {"source": "23412671", "target": "27133453"}}, {"type": "Feature", "geometry": {"type": "LineString", "coordinates": [[-78.54945463225283, 67.88930310155986], [-78.54394896849273, 67.89218266301471]]}, "properties": {"source": "23412671", "target": "27843077"}}, {"type": "Feature", "geometry": {"type": "LineString", "coordinates": [[-78.54945463225283, 67.88930310155986], [-78.56740457291392, 67.8848434315181]]}, "properties": {"source": "23412671", "target": "22127616"}}, {"type": "Feature", "geometry": {"type": "LineString", "coordinates": [[-78.54945463225283, 67.88930310155986], [-78.54857073928339, 67.89513717089997]]}, "properties": {"source": "23412671", "target": "21902175"}}, {"type": "Feature", "geometry": {"type": "LineString", "coordinates": [[-78.54945463225283, 67.88930310155986], [-78.5602831753038, 67.88866126080197]]}, "properties": {"source": "23412671", "target": "25754640"}}, {"type": "Feature", "geometry": {"type": "LineString", "coordinates": [[-78.54945463225283, 67.88930310155986], [-78.55696125531568, 67.88874776772063]]}, "properties": {"source": "23412671", "target": "24204852"}}, {"type": "Feature", "geometry": {"type": "LineString", "coordinates": [[-78.54945463225283, 67.88930310155986], [-78.55998109436538, 67.88718318949188]]}, "properties": {"source": "23412671", "target": "22556888"}}, {"type": "Feature", "geometry": {"type": "LineString", "coordinates": [[-78.54945463225283, 67.88930310155986], [-78.54977914674423, 67.89461022788274]]}, "properties": {"source": "23412671", "target": "25059802"}}, {"type": "Feature", "geometry": {"type": "LineString", "coordinates": [[-78.54945463225283, 67.88930310155986], [-78.54830569197217, 67.88787264859175]]}, "properties": {"source": "23412671", "target": "21822869"}}, {"type": "Feature", "geometry": {"type": "LineString", "coordinates": [[-78.56658638124456, 67.88953246020922], [-78.54394896849273, 67.89218266301471]]}, "properties": {"source": "32855631", "target": "27843077"}}, {"type": "Feature", "geometry": {"type": "LineString", "coordinates": [[-78.56658638124456, 67.88953246020922], [-78.54321576221098, 67.89107175721753]]}, "properties": {"source": "32855631", "target": "32200781"}}, {"type": "Feature", "geometry": {"type": "LineString", "coordinates": [[-78.56658638124456, 67.88953246020922], [-78.56303001273092, 67.89318704118094]]}, "properties": {"source": "32855631", "target": "33552730"}}, {"type": "Feature", "geometry": {"type": "LineString", "coordinates": [[-78.56658638124456, 67.88953246020922], [-78.54603833874198, 67.89472525440564]]}, "properties": {"source": "32855631", "target": "35065540"}}, {"type": "Feature", "geometry": {"type": "LineString", "coordinates": [[-78.56658638124456, 67.88953246020922], [-78.55947974021429, 67.88803237687411]]}, "properties": {"source": "32855631", "target": "36302676"}}, {"type": "Feature", "geometry": {"type": "LineString", "coordinates": [[-78.56658638124456, 67.88953246020922], [-78.54877619181585, 67.88988823713166]]}, "properties": {"source": "32855631", "target": "32570201"}}, {"type": "Feature", "geometry": {"type": "LineString", "coordinates": [[-78.54603833874198, 67.89472525440564], [-78.56303001273092, 67.89318704118094]]}, "properties": {"source": "35065540", "target": "33552730"}}, {"type": "Feature", "geometry": {"type": "LineString", "coordinates": [[-78.54603833874198, 67.89472525440564], [-78.55560248357244, 67.88822765943556]]}, "properties": {"source": "35065540", "target": "35649074"}}, {"type": "Feature", "geometry": {"type": "LineString", "coordinates": [[-78.54603833874198, 67.89472525440564], [-78.55947974021429, 67.88803237687411]]}, "properties": {"source": "35065540", "target": "36302676"}}, {"type": "Feature", "geometry": {"type": "LineString", "coordinates": [[-78.55560248357244, 67.88822765943556], [-78.55947974021429, 67.88803237687411]]}, "properties": {"source": "35649074", "target": "36302676"}}, {"type": "Feature", "geometry": {"type": "LineString", "coordinates": [[-78.56501878522957, 67.89400943001165], [-78.54394896849273, 67.89218266301471]]}, "properties": {"source": "32315364", "target": "27843077"}}, {"type": "Feature", "geometry": {"type": "LineString", "coordinates": [[-78.56501878522957, 67.89400943001165], [-78.5602831753038, 67.88866126080197]]}, "properties": {"source": "32315364", "target": "25754640"}}, {"type": "Feature", "geometry": {"type": "LineString", "coordinates": [[-78.56501878522957, 67.89400943001165], [-78.57029490080949, 67.8901609308042]]}, "properties": {"source": "32315364", "target": "32614047"}}, {"type": "Feature", "geometry": {"type": "LineString", "coordinates": [[-78.56501878522957, 67.89400943001165], [-78.56303001273092, 67.89318704118094]]}, "properties": {"source": "32315364", "target": "33552730"}}, {"type": "Feature", "geometry": {"type": "LineString", "coordinates": [[-78.56501878522957, 67.89400943001165], [-78.56658638124456, 67.88953246020922]]}, "properties": {"source": "32315364", "target": "32855631"}}, {"type": "Feature", "geometry": {"type": "LineString", "coordinates": [[-78.56501878522957, 67.89400943001165], [-78.55282666329437, 67.88553793499959]]}, "properties": {"source": "32315364", "target": "27760332"}}, {"type": "Feature", "geometry": {"type": "LineString", "coordinates": [[-78.56633690566969, 67.88717191972769], [-78.56740457291392, 67.8848434315181]]}, "properties": {"source": "22923736", "target": "22127616"}}, {"type": "Feature", "geometry": {"type": "LineString", "coordinates": [[-78.56633690566969, 67.88717191972769], [-78.54857073928339, 67.89513717089997]]}, "properties": {"source": "22923736", "target": "21902175"}}, {"type": "Feature", "geometry": {"type": "LineString", "coordinates": [[-78.56633690566969, 67.88717191972769], [-78.5602831753038, 67.88866126080197]]}, "properties": {"source": "22923736", "target": "25754640"}}, {"type": "Feature", "geometry": {"type": "LineString", "coordinates": [[-78.56633690566969, 67.88717191972769], [-78.5652392391776, 67.88561867344454]]}, "properties": {"source": "22923736", "target": "25997635"}}, {"type": "Feature", "geometry": {"type": "LineString", "coordinates": [[-78.56633690566969, 67.88717191972769], [-78.54830569197217, 67.88787264859175]]}, "properties": {"source": "22923736", "target": "21822869"}}, {"type": "Feature", "geometry": {"type": "LineString", "coordinates": [[-78.56633690566969, 67.88717191972769], [-78.54917063011285, 67.8917582165287]]}, "properties": {"source": "22923736", "target": "21185838"}}, {"type": "Feature", "geometry": {"type": "LineString", "coordinates": [[-78.56633690566969, 67.88717191972769], [-78.56262392214698, 67.88504174174074]]}, "properties": {"source": "22923736", "target": "21482857"}}, {"type": "Feature", "geometry": {"type": "LineString", "coordinates": [[-78.56633690566969, 67.88717191972769], [-78.56409526749295, 67.88557292133474]]}, "properties": {"source": "22923736", "target": "20945447"}}, {"type": "Feature", "geometry": {"type": "LineString", "coordinates": [[-78.56633690566969, 67.88717191972769], [-78.54194100740608, 67.89298312138635]]}, "properties": {"source": "22923736", "target": "22921268"}}, {"type": "Feature", "geometry": {"type": "LineString", "coordinates": [[-78.56633690566969, 67.88717191972769], [-78.56393269630722, 67.8917125321242]]}, "properties": {"source": "22923736", "target": "22907131"}}, {"type": "Feature", "geometry": {"type": "LineString", "coordinates": [[-78.56633690566969, 67.88717191972769], [-78.54968148119767, 67.88446634764593]]}, "properties": {"source": "22923736", "target": "20710289"}}, {"type": "Feature", "geometry": {"type": "LineString", "coordinates": [[-78.56633690566969, 67.88717191972769], [-78.56499452813287, 67.89433042722669]]}, "properties": {"source": "22923736", "target": "20659775"}}, {"type": "Feature", "geometry": {"type": "LineString", "coordinates": [[-78.56633690566969, 67.88717191972769], [-78.56691281506845, 67.88893775057198]]}, "properties": {"source": "22923736", "target": "18283912"}}, {"type": "Feature", "geometry": {"type": "LineString", "coordinates": [[-78.56633690566969, 67.88717191972769], [-78.56138723960618, 67.89345350716466]]}, "properties": {"source": "22923736", "target": "18622239"}}, {"type": "Feature", "geometry": {"type": "LineString", "coordinates": [[-78.56633690566969, 67.88717191972769], [-78.55610592291954, 67.88680461893156]]}, "properties": {"source": "22923736", "target": "19499321"}}, {"type": "Feature", "geometry": {"type": "LineString", "coordinates": [[-78.56633690566969, 67.88717191972769], [-78.54762682189099, 67.88759026431276]]}, "properties": {"source": "22923736", "target": "17378761"}}, {"type": "Feature", "geometry": {"type": "LineString", "coordinates": [[-78.56511186204176, 67.88429779142588], [-78.54945463225283, 67.88930310155986]]}, "properties": {"source": "23519664", "target": "23412671"}}, {"type": "Feature", "geometry": {"type": "LineString", "coordinates": [[-78.56511186204176, 67.88429779142588], [-78.56266765860144, 67.88481587542492]]}, "properties": {"source": "23519664", "target": "25627744"}}, {"type": "Feature", "geometry": {"type": "LineString", "coordinates": [[-78.5414609035117, 67.89076074067323], [-78.5602831753038, 67.88866126080197]]}, "properties": {"source": "30646790", "target": "25754640"}}, {"type": "Feature", "geometry": {"type": "LineString", "coordinates": [[-78.5414609035117, 67.89076074067323], [-78.57010996293224, 67.88883839964761]]}, "properties": {"source": "30646790", "target": "33347781"}}, {"type": "Feature", "geometry": {"type": "LineString", "coordinates": [[-78.5414609035117, 67.89076074067323], [-78.55437493696697, 67.88680706999114]]}, "properties": {"source": "30646790", "target": "33396283"}}, {"type": "Feature", "geometry": {"type": "LineString", "coordinates": [[-78.5414609035117, 67.89076074067323], [-78.57029490080949, 67.8901609308042]]}, "properties": {"source": "30646790", "target": "32614047"}}, {"type": "Feature", "geometry": {"type": "LineString", "coordinates": [[-78.5414609035117, 67.89076074067323], [-78.54977914674423, 67.89461022788274]]}, "properties": {"source": "30646790", "target": "25059802"}}, {"type": "Feature", "geometry": {"type": "LineString", "coordinates": [[-78.5635859706934, 67.88741390835808], [-78.54917063011285, 67.8917582165287]]}, "properties": {"source": "18629174", "target": "21185838"}}, {"type": "Feature", "geometry": {"type": "LineString", "coordinates": [[-78.5635859706934, 67.88741390835808], [-78.56262392214698, 67.88504174174074]]}, "properties": {"source": "18629174", "target": "21482857"}}, {"type": "Feature", "geometry": {"type": "LineString", "coordinates": [[-78.5635859706934, 67.88741390835808], [-78.56409526749295, 67.88557292133474]]}, "properties": {"source": "18629174", "target": "20945447"}}, {"type": "Feature", "geometry": {"type": "LineString", "coordinates": [[-78.5635859706934, 67.88741390835808], [-78.56604847471307, 67.88807907344595]]}, "properties": {"source": "18629174", "target": "20500567"}}, {"type": "Feature", "geometry": {"type": "LineString", "coordinates": [[-78.5635859706934, 67.88741390835808], [-78.54346149771824, 67.88850289081472]]}, "properties": {"source": "18629174", "target": "18063461"}}, {"type": "Feature", "geometry": {"type": "LineString", "coordinates": [[-78.5635859706934, 67.88741390835808], [-78.56183193532203, 67.88450443694211]]}, "properties": {"source": "18629174", "target": "17457728"}}, {"type": "Feature", "geometry": {"type": "LineString", "coordinates": [[-78.5635859706934, 67.88741390835808], [-78.55776561310338, 67.88729356994816]]}, "properties": {"source": "18629174", "target": "15827947"}}, {"type": "Feature", "geometry": {"type": "LineString", "coordinates": [[-78.5400312315107, 67.8929429929352], [-78.56633690566969, 67.88717191972769]]}, "properties": {"source": "22892332", "target": "22923736"}}, {"type": "Feature", "geometry": {"type": "LineString", "coordinates": [[-78.56511186204176, 67.88429779142588], [-78.56380490520047, 67.88899758317517]]}, "properties": {"source": "23519664", "target": "25196609"}}, {"type": "Feature", "geometry": {"type": "LineString", "coordinates": [[-78.55552075483928, 67.8879860343607], [-78.54857073928339, 67.89513717089997]]}, "properties": {"source": "21400433", "target": "21902175"}}, {"type": "Feature", "geometry": {"type": "LineString", "coordinates": [[-78.55552075483928, 67.8879860343607], [-78.56633690566969, 67.88717191972769]]}, "properties": {"source": "21400433", "target": "22923736"}}, {"type": "Feature", "geometry": {"type": "LineString", "coordinates": [[-78.55552075483928, 67.8879860343607], [-78.56266518839698, 67.89193542787537]]}, "properties": {"source": "21400433", "target": "23450178"}}, {"type": "Feature", "geometry": {"type": "LineString", "coordinates": [[-78.55552075483928, 67.8879860343607], [-78.5652392391776, 67.88561867344454]]}, "properties": {"source": "21400433", "target": "25997635"}}, {"type": "Feature", "geometry": {"type": "LineString", "coordinates": [[-78.55552075483928, 67.8879860343607], [-78.55696125531568, 67.88874776772063]]}, "properties": {"source": "21400433", "target": "24204852"}}, {"type": "Feature", "geometry": {"type": "LineString", "coordinates": [[-78.55552075483928, 67.8879860343607], [-78.54830569197217, 67.88787264859175]]}, "properties": {"source": "21400433", "target": "21822869"}}, {"type": "Feature", "geometry": {"type": "LineString", "coordinates": [[-78.55552075483928, 67.8879860343607], [-78.54917063011285, 67.8917582165287]]}, "properties": {"source": "21400433", "target": "21185838"}}, {"type": "Feature", "geometry": {"type": "LineString", "coordinates": [[-78.55552075483928, 67.8879860343607], [-78.56262392214698, 67.88504174174074]]}, "properties": {"source": "21400433", "target": "21482857"}}, {"type": "Feature", "geometry": {"type": "LineString", "coordinates": [[-78.55552075483928, 67.8879860343607], [-78.56409526749295, 67.88557292133474]]}, "properties": {"source": "21400433", "target": "20945447"}}, {"type": "Feature", "geometry": {"type": "LineString", "coordinates": [[-78.55552075483928, 67.8879860343607], [-78.54194100740608, 67.89298312138635]]}, "properties": {"source": "21400433", "target": "22921268"}}, {"type": "Feature", "geometry": {"type": "LineString", "coordinates": [[-78.55552075483928, 67.8879860343607], [-78.56604847471307, 67.88807907344595]]}, "properties": {"source": "21400433", "target": "20500567"}}, {"type": "Feature", "geometry": {"type": "LineString", "coordinates": [[-78.55552075483928, 67.8879860343607], [-78.54747685716966, 67.88657501349353]]}, "properties": {"source": "21400433", "target": "20447676"}}, {"type": "Feature", "geometry": {"type": "LineString", "coordinates": [[-78.55552075483928, 67.8879860343607], [-78.54968148119767, 67.88446634764593]]}, "properties": {"source": "21400433", "target": "20710289"}}, {"type": "Feature", "geometry": {"type": "LineString", "coordinates": [[-78.55552075483928, 67.8879860343607], [-78.5635859706934, 67.88741390835808]]}, "properties": {"source": "21400433", "target": "18629174"}}, {"type": "Feature", "geometry": {"type": "LineString", "coordinates": [[-78.55552075483928, 67.8879860343607], [-78.56499452813287, 67.89433042722669]]}, "properties": {"source": "21400433", "target": "20659775"}}, {"type": "Feature", "geometry": {"type": "LineString", "coordinates": [[-78.55552075483928, 67.8879860343607], [-78.56744021692577, 67.89012998429939]]}, "properties": {"source": "21400433", "target": "19100973"}}, {"type": "Feature", "geometry": {"type": "LineString", "coordinates": [[-78.55552075483928, 67.8879860343607], [-78.54346149771824, 67.88850289081472]]}, "properties": {"source": "21400433", "target": "18063461"}}, {"type": "Feature", "geometry": {"type": "LineString", "coordinates": [[-78.55552075483928, 67.8879860343607], [-78.56691281506845, 67.88893775057198]]}, "properties": {"source": "21400433", "target": "18283912"}}, {"type": "Feature", "geometry": {"type": "LineString", "coordinates": [[-78.55552075483928, 67.8879860343607], [-78.56138723960618, 67.89345350716466]]}, "properties": {"source": "21400433", "target": "18622239"}}, {"type": "Feature", "geometry": {"type": "LineString", "coordinates": [[-78.55552075483928, 67.8879860343607], [-78.56287959726832, 67.89428766708434]]}, "properties": {"source": "21400433", "target": "18218784"}}, {"type": "Feature", "geometry": {"type": "LineString", "coordinates": [[-78.56009594045568, 67.89268264290942], [-78.54341346565263, 67.89068852913299]]}, "properties": {"source": "31350769", "target": "33845516"}}, {"type": "Feature", "geometry": {"type": "LineString", "coordinates": [[-78.56009594045568, 67.89268264290942], [-78.55970154965571, 67.88929966628561]]}, "properties": {"source": "31350769", "target": "36298172"}}, {"type": "Feature", "geometry": {"type": "LineString", "coordinates": [[-78.56009594045568, 67.89268264290942], [-78.53984537192486, 67.88609794520129]]}, "properties": {"source": "31350769", "target": "23603805"}}, {"type": "Feature", "geometry": {"type": "LineString", "coordinates": [[-78.56009594045568, 67.89268264290942], [-78.5385384877377, 67.88470547306783]]}, "properties": {"source": "31350769", "target": "27998024"}}, {"type": "Feature", "geometry": {"type": "LineString", "coordinates": [[-78.56009594045568, 67.89268264290942], [-78.5602831753038, 67.88866126080197]]}, "properties": {"source": "31350769", "target": "25754640"}}, {"type": "Feature", "geometry": {"type": "LineString", "coordinates": [[-78.56009594045568, 67.89268264290942], [-78.57010996293224, 67.88883839964761]]}, "properties": {"source": "31350769", "target": "33347781"}}, {"type": "Feature", "geometry": {"type": "LineString", "coordinates": [[-78.56009594045568, 67.89268264290942], [-78.55437493696697, 67.88680706999114]]}, "properties": {"source": "31350769", "target": "33396283"}}, {"type": "Feature", "geometry": {"type": "LineString", "coordinates": [[-78.56009594045568, 67.89268264290942], [-78.56266518839698, 67.89193542787537]]}, "properties": {"source": "31350769", "target": "23450178"}}, {"type": "Feature", "geometry": {"type": "LineString", "coordinates": [[-78.56009594045568, 67.89268264290942], [-78.57029490080949, 67.8901609308042]]}, "properties": {"source": "31350769", "target": "32614047"}}, {"type": "Feature", "geometry": {"type": "LineString", "coordinates": [[-78.56009594045568, 67.89268264290942], [-78.5652392391776, 67.88561867344454]]}, "properties": {"source": "31350769", "target": "25997635"}}, {"type": "Feature", "geometry": {"type": "LineString", "coordinates": [[-78.56009594045568, 67.89268264290942], [-78.54321576221098, 67.89107175721753]]}, "properties": {"source": "31350769", "target": "32200781"}}, {"type": "Feature", "geometry": {"type": "LineString", "coordinates": [[-78.56009594045568, 67.89268264290942], [-78.56303001273092, 67.89318704118094]]}, "properties": {"source": "31350769", "target": "33552730"}}, {"type": "Feature", "geometry": {"type": "LineString", "coordinates": [[-78.56183193532203, 67.88450443694211], [-78.56470601056114, 67.8897569615252]]}, "properties": {"source": "17457728", "target": "16160171"}}, {"type": "Feature", "geometry": {"type": "LineString", "coordinates": [[-78.5574060560816, 67.88531264244251], [-78.54484284097944, 67.88835284291635]]}, "properties": {"source": "22706790", "target": "23175367"}}, {"type": "Feature", "geometry": {"type": "LineString", "coordinates": [[-78.5574060560816, 67.88531264244251], [-78.54128838408947, 67.89312186388536]]}, "properties": {"source": "22706790", "target": "23635149"}}, {"type": "Feature", "geometry": {"type": "LineString", "coordinates": [[-78.5574060560816, 67.88531264244251], [-78.54987509386035, 67.89128599896344]]}, "properties": {"source": "22706790", "target": "2288439"}}, {"type": "Feature", "geometry": {"type": "LineString", "coordinates": [[-78.53842263613979, 67.89075464179504], [-78.54007890657881, 67.89126152062629]]}, "properties": {"source": "17465317", "target": "21842352"}}, {"type": "Feature", "geometry": {"type": "LineString", "coordinates": [[-78.56801136166199, 67.8856326725367], [-78.54394896849273, 67.89218266301471]]}, "properties": {"source": "21113431", "target": "27843077"}}, {"type": "Feature", "geometry": {"type": "LineString", "coordinates": [[-78.56801136166199, 67.8856326725367], [-78.54007890657881, 67.89126152062629]]}, "properties": {"source": "21113431", "target": "21842352"}}, {"type": "Feature", "geometry": {"type": "LineString", "coordinates": [[-78.56801136166199, 67.8856326725367], [-78.55778249831394, 67.88623586381183]]}, "properties": {"source": "21113431", "target": "20640241"}}, {"type": "Feature", "geometry": {"type": "LineString", "coordinates": [[-78.54877619181585, 67.88988823713166], [-78.56303001273092, 67.89318704118094]]}, "properties": {"source": "32570201", "target": "33552730"}}, {"type": "Feature", "geometry": {"type": "LineString", "coordinates": [[-78.55964851043724, 67.88459389632332], [-78.55560248357244, 67.88822765943556]]}, "properties": {"source": "37343", "target": "35649074"}}, {"type": "Feature", "geometry": {"type": "LineString", "coordinates": [[-78.55964851043724, 67.88459389632332], [-78.55947974021429, 67.88803237687411]]}, "properties": {"source": "37343", "target": "36302676"}}, {"type": "Feature", "geometry": {"type": "LineString", "coordinates": [[-78.55964851043724, 67.88459389632332], [-78.53801446736608, 67.8938735305038]]}, "properties": {"source": "37343", "target": "2396046"}}, {"type": "Feature", "geometry": {"type": "LineString", "coordinates": [[-78.53841377184906, 67.89407969760495], [-78.56303001273092, 67.89318704118094]]}, "properties": {"source": "29622023", "target": "33552730"}}, {"type": "Feature", "geometry": {"type": "LineString", "coordinates": [[-78.55002955947472, 67.89101656594539], [-78.54736650299618, 67.88913482293361]]}, "properties": {"source": "33775897", "target": "35777735"}}, {"type": "Feature", "geometry": {"type": "LineString", "coordinates": [[-78.55002955947472, 67.89101656594539], [-78.54789591992478, 67.8848153520806]]}, "properties": {"source": "33775897", "target": "35809414"}}, {"type": "Feature", "geometry": {"type": "LineString", "coordinates": [[-78.55002955947472, 67.89101656594539], [-78.54542920361841, 67.8935104307118]]}, "properties": {"source": "33775897", "target": "33962327"}}, {"type": "Feature", "geometry": {"type": "LineString", "coordinates": [[-78.56165657927612, 67.8941397945394], [-78.54194100740608, 67.89298312138635]]}, "properties": {"source": "27133453", "target": "22921268"}}, {"type": "Feature", "geometry": {"type": "LineString", "coordinates": [[-78.56165657927612, 67.8941397945394], [-78.56266765860144, 67.88481587542492]]}, "properties": {"source": "27133453", "target": "25627744"}}, {"type": "Feature", "geometry": {"type": "LineString", "coordinates": [[-78.56165657927612, 67.8941397945394], [-78.55104227775206, 67.88528207859446]]}, "properties": {"source": "27133453", "target": "25128530"}}, {"type": "Feature", "geometry": {"type": "LineString", "coordinates": [[-78.56165657927612, 67.8941397945394], [-78.54665816471875, 67.88467054110015]]}, "properties": {"source": "27133453", "target": "20640268"}}, {"type": "Feature", "geometry": {"type": "LineString", "coordinates": [[-78.56165657927612, 67.8941397945394], [-78.54169441577689, 67.89202992224602]]}, "properties": {"source": "27133453", "target": "23148016"}}, {"type": "Feature", "geometry": {"type": "LineString", "coordinates": [[-78.56165657927612, 67.8941397945394], [-78.54696347423136, 67.89439648438241]]}, "properties": {"source": "27133453", "target": "25797821"}}, {"type": "Feature", "geometry": {"type": "LineString", "coordinates": [[-78.56165657927612, 67.8941397945394], [-78.5479973769407, 67.88985739681893]]}, "properties": {"source": "27133453", "target": "26309824"}}, {"type": "Feature", "geometry": {"type": "LineString", "coordinates": [[-78.55998109436538, 67.88718318949188], [-78.56740457291392, 67.8848434315181]]}, "properties": {"source": "22556888", "target": "22127616"}}, {"type": "Feature", "geometry": {"type": "LineString", "coordinates": [[-78.55998109436538, 67.88718318949188], [-78.54857073928339, 67.89513717089997]]}, "properties": {"source": "22556888", "target": "21902175"}}, {"type": "Feature", "geometry": {"type": "LineString", "coordinates": [[-78.55998109436538, 67.88718318949188], [-78.5602831753038, 67.88866126080197]]}, "properties": {"source": "22556888", "target": "25754640"}}, {"type": "Feature", "geometry": {"type": "LineString", "coordinates": [[-78.55998109436538, 67.88718318949188], [-78.56633690566969, 67.88717191972769]]}, "properties": {"source": "22556888", "target": "22923736"}}, {"type": "Feature", "geometry": {"type": "LineString", "coordinates": [[-78.55998109436538, 67.88718318949188], [-78.54977914674423, 67.89461022788274]]}, "properties": {"source": "22556888", "target": "25059802"}}, {"type": "Feature", "geometry": {"type": "LineString", "coordinates": [[-78.55998109436538, 67.88718318949188], [-78.54830569197217, 67.88787264859175]]}, "properties": {"source": "22556888", "target": "21822869"}}, {"type": "Feature", "geometry": {"type": "LineString", "coordinates": [[-78.55998109436538, 67.88718318949188], [-78.54917063011285, 67.8917582165287]]}, "properties": {"source": "22556888", "target": "21185838"}}, {"type": "Feature", "geometry": {"type": "LineString", "coordinates": [[-78.55998109436538, 67.88718318949188], [-78.56262392214698, 67.88504174174074]]}, "properties": {"source": "22556888", "target": "21482857"}}, {"type": "Feature", "geometry": {"type": "LineString", "coordinates": [[-78.56165657927612, 67.8941397945394], [-78.56380490520047, 67.88899758317517]]}, "properties": {"source": "27133453", "target": "25196609"}}, {"type": "Feature", "geometry": {"type": "LineString", "coordinates": [[-78.5400312315107, 67.8929429929352], [-78.56266518839698, 67.89193542787537]]}, "properties": {"source": "22892332", "target": "23450178"}}, {"type": "Feature", "geometry": {"type": "LineString", "coordinates": [[-78.5400312315107, 67.8929429929352], [-78.56393269630722, 67.8917125321242]]}, "properties": {"source": "22892332", "target": "22907131"}}, {"type": "Feature", "geometry": {"type": "LineString", "coordinates": [[-78.5400312315107, 67.8929429929352], [-78.5409223349805, 67.88527659488655]]}, "properties": {"source": "22892332", "target": "23593564"}}, {"type": "Feature", "geometry": {"type": "LineString", "coordinates": [[-78.5400312315107, 67.8929429929352], [-78.55415419122244, 67.89305142965908]]}, "properties": {"source": "22892332", "target": "21534286"}}, {"type": "Feature", "geometry": {"type": "LineString", "coordinates": [[-78.5400312315107, 67.8929429929352], [-78.54586499134835, 67.89113422102749]]}, "properties": {"source": "22892332", "target": "25069997"}}, {"type": "Feature", "geometry": {"type": "LineString", "coordinates": [[-78.5400312315107, 67.8929429929352], [-78.56455672967653, 67.89023952654166]]}, "properties": {"source": "22892332", "target": "22467844"}}, {"type": "Feature", "geometry": {"type": "LineString", "coordinates": [[-78.5400312315107, 67.8929429929352], [-78.57024160729493, 67.88807761076592]]}, "properties": {"source": "22892332", "target": "25069885"}}, {"type": "Feature", "geometry": {"type": "LineString", "coordinates": [[-78.56316802368545, 67.89095652854755], [-78.55970154965571, 67.88929966628561]]}, "properties": {"source": "32572390", "target": "36298172"}}, {"type": "Feature", "geometry": {"type": "LineString", "coordinates": [[-78.5414609035117, 67.89076074067323], [-78.54321576221098, 67.89107175721753]]}, "properties": {"source": "30646790", "target": "32200781"}}, {"type": "Feature", "geometry": {"type": "LineString", "coordinates": [[-78.5414609035117, 67.89076074067323], [-78.56303001273092, 67.89318704118094]]}, "properties": {"source": "30646790", "target": "33552730"}}, {"type": "Feature", "geometry": {"type": "LineString", "coordinates": [[-78.5414609035117, 67.89076074067323], [-78.56658638124456, 67.88953246020922]]}, "properties": {"source": "30646790", "target": "32855631"}}, {"type": "Feature", "geometry": {"type": "LineString", "coordinates": [[-78.5414609035117, 67.89076074067323], [-78.54603833874198, 67.89472525440564]]}, "properties": {"source": "30646790", "target": "35065540"}}, {"type": "Feature", "geometry": {"type": "LineString", "coordinates": [[-78.5414609035117, 67.89076074067323], [-78.54011108716269, 67.89254389507266]]}, "properties": {"source": "30646790", "target": "32454206"}}, {"type": "Feature", "geometry": {"type": "LineString", "coordinates": [[-78.5414609035117, 67.89076074067323], [-78.54026886686147, 67.89337755128685]]}, "properties": {"source": "30646790", "target": "33322124"}}, {"type": "Feature", "geometry": {"type": "LineString", "coordinates": [[-78.5414609035117, 67.89076074067323], [-78.54696347423136, 67.89439648438241]]}, "properties": {"source": "30646790", "target": "25797821"}}, {"type": "Feature", "geometry": {"type": "LineString", "coordinates": [[-78.5414609035117, 67.89076074067323], [-78.56380490520047, 67.88899758317517]]}, "properties": {"source": "30646790", "target": "25196609"}}, {"type": "Feature", "geometry": {"type": "LineString", "coordinates": [[-78.57010996293224, 67.88883839964761], [-78.53841377184906, 67.89407969760495]]}, "properties": {"source": "33347781", "target": "29622023"}}, {"type": "Feature", "geometry": {"type": "LineString", "coordinates": [[-78.55437493696697, 67.88680706999114], [-78.55970154965571, 67.88929966628561]]}, "properties": {"source": "33396283", "target": "36298172"}}, {"type": "Feature", "geometry": {"type": "LineString", "coordinates": [[-78.55437493696697, 67.88680706999114], [-78.54394896849273, 67.89218266301471]]}, "properties": {"source": "33396283", "target": "27843077"}}, {"type": "Feature", "geometry": {"type": "LineString", "coordinates": [[-78.55437493696697, 67.88680706999114], [-78.54736650299618, 67.88913482293361]]}, "properties": {"source": "33396283", "target": "35777735"}}, {"type": "Feature", "geometry": {"type": "LineString", "coordinates": [[-78.55437493696697, 67.88680706999114], [-78.57029490080949, 67.8901609308042]]}, "properties": {"source": "33396283", "target": "32614047"}}, {"type": "Feature", "geometry": {"type": "LineString", "coordinates": [[-78.55437493696697, 67.88680706999114], [-78.54321576221098, 67.89107175721753]]}, "properties": {"source": "33396283", "target": "32200781"}}, {"type": "Feature", "geometry": {"type": "LineString", "coordinates": [[-78.55437493696697, 67.88680706999114], [-78.56303001273092, 67.89318704118094]]}, "properties": {"source": "33396283", "target": "33552730"}}, {"type": "Feature", "geometry": {"type": "LineString", "coordinates": [[-78.55437493696697, 67.88680706999114], [-78.56658638124456, 67.88953246020922]]}, "properties": {"source": "33396283", "target": "32855631"}}, {"type": "Feature", "geometry": {"type": "LineString", "coordinates": [[-78.55437493696697, 67.88680706999114], [-78.54603833874198, 67.89472525440564]]}, "properties": {"source": "33396283", "target": "35065540"}}, {"type": "Feature", "geometry": {"type": "LineString", "coordinates": [[-78.55437493696697, 67.88680706999114], [-78.55560248357244, 67.88822765943556]]}, "properties": {"source": "33396283", "target": "35649074"}}, {"type": "Feature", "geometry": {"type": "LineString", "coordinates": [[-78.55437493696697, 67.88680706999114], [-78.55947974021429, 67.88803237687411]]}, "properties": {"source": "33396283", "target": "36302676"}}, {"type": "Feature", "geometry": {"type": "LineString", "coordinates": [[-78.55437493696697, 67.88680706999114], [-78.56501878522957, 67.89400943001165]]}, "properties": {"source": "33396283", "target": "32315364"}}, {"type": "Feature", "geometry": {"type": "LineString", "coordinates": [[-78.55437493696697, 67.88680706999114], [-78.54203559915535, 67.89036822376924]]}, "properties": {"source": "33396283", "target": "28692433"}}, {"type": "Feature", "geometry": {"type": "LineString", "coordinates": [[-78.55437493696697, 67.88680706999114], [-78.55282666329437, 67.88553793499959]]}, "properties": {"source": "33396283", "target": "27760332"}}, {"type": "Feature", "geometry": {"type": "LineString", "coordinates": [[-78.55437493696697, 67.88680706999114], [-78.54011108716269, 67.89254389507266]]}, "properties": {"source": "33396283", "target": "32454206"}}, {"type": "Feature", "geometry": {"type": "LineString", "coordinates": [[-78.57010996293224, 67.88883839964761], [-78.56805194605967, 67.88860448793821]]}, "properties": {"source": "33347781", "target": "15821525"}}, {"type": "Feature", "geometry": {"type": "LineString", "coordinates": [[-78.54857073928339, 67.89513717089997], [-78.56740457291392, 67.8848434315181]]}, "properties": {"source": "21902175", "target": "22127616"}}, {"type": "Feature", "geometry": {"type": "LineString", "coordinates": [[-78.54857073928339, 67.89513717089997], [-78.54697511321213, 67.89005760561541]]}, "properties": {"source": "21902175", "target": "10429443"}}, {"type": "Feature", "geometry": {"type": "LineString", "coordinates": [[-78.54857073928339, 67.89513717089997], [-78.55610592291954, 67.88680461893156]]}, "properties": {"source": "21902175", "target": "19499321"}}, {"type": "Feature", "geometry": {"type": "LineString", "coordinates": [[-78.5602831753038, 67.88866126080197], [-78.54394896849273, 67.89218266301471]]}, "properties": {"source": "25754640", "target": "27843077"}}, {"type": "Feature", "geometry": {"type": "LineString", "coordinates": [[-78.5602831753038, 67.88866126080197], [-78.56393269630722, 67.8917125321242]]}, "properties": {"source": "25754640", "target": "22907131"}}, {"type": "Feature", "geometry": {"type": "LineString", "coordinates": [[-78.5602831753038, 67.88866126080197], [-78.56266765860144, 67.88481587542492]]}, "properties": {"source": "25754640", "target": "25627744"}}, {"type": "Feature", "geometry": {"type": "LineString", "coordinates": [[-78.5602831753038, 67.88866126080197], [-78.53981232765987, 67.8878677777857]]}, "properties": {"source": "25754640", "target": "25424015"}}, {"type": "Feature", "geometry": {"type": "LineString", "coordinates": [[-78.5602831753038, 67.88866126080197], [-78.54697511321213, 67.89005760561541]]}, "properties": {"source": "25754640", "target": "10429443"}}, {"type": "Feature", "geometry": {"type": "LineString", "coordinates": [[-78.5602831753038, 67.88866126080197], [-78.53801446736608, 67.8938735305038]]}, "properties": {"source": "25754640", "target": "2396046"}}, {"type": "Feature", "geometry": {"type": "LineString", "coordinates": [[-78.57010996293224, 67.88883839964761], [-78.55970154965571, 67.88929966628561]]}, "properties": {"source": "33347781", "target": "36298172"}}, {"type": "Feature", "geometry": {"type": "LineString", "coordinates": [[-78.57010996293224, 67.88883839964761], [-78.54394896849273, 67.89218266301471]]}, "properties": {"source": "33347781", "target": "27843077"}}, {"type": "Feature", "geometry": {"type": "LineString", "coordinates": [[-78.57010996293224, 67.88883839964761], [-78.55437493696697, 67.88680706999114]]}, "properties": {"source": "33347781", "target": "33396283"}}, {"type": "Feature", "geometry": {"type": "LineString", "coordinates": [[-78.57010996293224, 67.88883839964761], [-78.54736650299618, 67.88913482293361]]}, "properties": {"source": "33347781", "target": "35777735"}}, {"type": "Feature", "geometry": {"type": "LineString", "coordinates": [[-78.57010996293224, 67.88883839964761], [-78.57029490080949, 67.8901609308042]]}, "properties": {"source": "33347781", "target": "32614047"}}, {"type": "Feature", "geometry": {"type": "LineString", "coordinates": [[-78.57010996293224, 67.88883839964761], [-78.54789591992478, 67.8848153520806]]}, "properties": {"source": "33347781", "target": "35809414"}}, {"type": "Feature", "geometry": {"type": "LineString", "coordinates": [[-78.57010996293224, 67.88883839964761], [-78.54321576221098, 67.89107175721753]]}, "properties": {"source": "33347781", "target": "32200781"}}, {"type": "Feature", "geometry": {"type": "LineString", "coordinates": [[-78.55417809478466, 67.89372685041259], [-78.56086188882243, 67.88467128878257]]}, "properties": {"source": "25108757", "target": "21971490"}}, {"type": "Feature", "geometry": {"type": "LineString", "coordinates": [[-78.55417809478466, 67.89372685041259], [-78.55900852657031, 67.8898477586159]]}, "properties": {"source": "25108757", "target": "23506931"}}, {"type": "Feature", "geometry": {"type": "LineString", "coordinates": [[-78.54524409608506, 67.8932765277832], [-78.54096711475073, 67.88870539973726]]}, "properties": {"source": "33400476", "target": "33410814"}}, {"type": "Feature", "geometry": {"type": "LineString", "coordinates": [[-78.54524409608506, 67.8932765277832], [-78.54542920361841, 67.8935104307118]]}, "properties": {"source": "33400476", "target": "33962327"}}, {"type": "Feature", "geometry": {"type": "LineString", "coordinates": [[-78.54524409608506, 67.8932765277832], [-78.54517337560414, 67.89359157903596]]}, "properties": {"source": "33400476", "target": "33268114"}}, {"type": "Feature", "geometry": {"type": "LineString", "coordinates": [[-78.56936213789055, 67.88679609399928], [-78.55806640400063, 67.88780589423008]]}, "properties": {"source": "8693737", "target": "6222779"}}, {"type": "Feature", "geometry": {"type": "LineString", "coordinates": [[-78.56936213789055, 67.88679609399928], [-78.56355179584345, 67.88588737143175]]}, "properties": {"source": "8693737", "target": "770497"}}, {"type": "Feature", "geometry": {"type": "LineString", "coordinates": [[-78.56936213789055, 67.88679609399928], [-78.55332971910164, 67.88883711200891]]}, "properties": {"source": "8693737", "target": "7576494"}}, {"type": "Feature", "geometry": {"type": "LineString", "coordinates": [[-78.56287959726832, 67.89428766708434], [-78.5652392391776, 67.88561867344454]]}, "properties": {"source": "18218784", "target": "25997635"}}, {"type": "Feature", "geometry": {"type": "LineString", "coordinates": [[-78.56287959726832, 67.89428766708434], [-78.55415419122244, 67.89305142965908]]}, "properties": {"source": "18218784", "target": "21534286"}}, {"type": "Feature", "geometry": {"type": "LineString", "coordinates": [[-78.56287959726832, 67.89428766708434], [-78.54968148119767, 67.88446634764593]]}, "properties": {"source": "18218784", "target": "20710289"}}, {"type": "Feature", "geometry": {"type": "LineString", "coordinates": [[-78.56543237001053, 67.89306354650427], [-78.54665816471875, 67.88467054110015]]}, "properties": {"source": "22431094", "target": "20640268"}}, {"type": "Feature", "geometry": {"type": "LineString", "coordinates": [[-78.56543237001053, 67.89306354650427], [-78.54169441577689, 67.89202992224602]]}, "properties": {"source": "22431094", "target": "23148016"}}, {"type": "Feature", "geometry": {"type": "LineString", "coordinates": [[-78.56543237001053, 67.89306354650427], [-78.54151131562068, 67.88924208859403]]}, "properties": {"source": "22431094", "target": "25656871"}}, {"type": "Feature", "geometry": {"type": "LineString", "coordinates": [[-78.56543237001053, 67.89306354650427], [-78.55748736290353, 67.88938040513644]]}, "properties": {"source": "22431094", "target": "20640247"}}, {"type": "Feature", "geometry": {"type": "LineString", "coordinates": [[-78.56543237001053, 67.89306354650427], [-78.56025881270278, 67.89170876623861]]}, "properties": {"source": "22431094", "target": "27207818"}}, {"type": "Feature", "geometry": {"type": "LineString", "coordinates": [[-78.54341346565263, 67.89068852913299], [-78.55970154965571, 67.88929966628561]]}, "properties": {"source": "33845516", "target": "36298172"}}, {"type": "Feature", "geometry": {"type": "LineString", "coordinates": [[-78.54341346565263, 67.89068852913299], [-78.53984537192486, 67.88609794520129]]}, "properties": {"source": "33845516", "target": "23603805"}}, {"type": "Feature", "geometry": {"type": "LineString", "coordinates": [[-78.54341346565263, 67.89068852913299], [-78.57010996293224, 67.88883839964761]]}, "properties": {"source": "33845516", "target": "33347781"}}, {"type": "Feature", "geometry": {"type": "LineString", "coordinates": [[-78.54341346565263, 67.89068852913299], [-78.55437493696697, 67.88680706999114]]}, "properties": {"source": "33845516", "target": "33396283"}}, {"type": "Feature", "geometry": {"type": "LineString", "coordinates": [[-78.54341346565263, 67.89068852913299], [-78.54736650299618, 67.88913482293361]]}, "properties": {"source": "33845516", "target": "35777735"}}, {"type": "Feature", "geometry": {"type": "LineString", "coordinates": [[-78.54341346565263, 67.89068852913299], [-78.56266518839698, 67.89193542787537]]}, "properties": {"source": "33845516", "target": "23450178"}}, {"type": "Feature", "geometry": {"type": "LineString", "coordinates": [[-78.54341346565263, 67.89068852913299], [-78.57029490080949, 67.8901609308042]]}, "properties": {"source": "33845516", "target": "32614047"}}, {"type": "Feature", "geometry": {"type": "LineString", "coordinates": [[-78.54341346565263, 67.89068852913299], [-78.5652392391776, 67.88561867344454]]}, "properties": {"source": "33845516", "target": "25997635"}}, {"type": "Feature", "geometry": {"type": "LineString", "coordinates": [[-78.54341346565263, 67.89068852913299], [-78.54789591992478, 67.8848153520806]]}, "properties": {"source": "33845516", "target": "35809414"}}, {"type": "Feature", "geometry": {"type": "LineString", "coordinates": [[-78.54341346565263, 67.89068852913299], [-78.54321576221098, 67.89107175721753]]}, "properties": {"source": "33845516", "target": "32200781"}}, {"type": "Feature", "geometry": {"type": "LineString", "coordinates": [[-78.54341346565263, 67.89068852913299], [-78.56303001273092, 67.89318704118094]]}, "properties": {"source": "33845516", "target": "33552730"}}, {"type": "Feature", "geometry": {"type": "LineString", "coordinates": [[-78.54341346565263, 67.89068852913299], [-78.56658638124456, 67.88953246020922]]}, "properties": {"source": "33845516", "target": "32855631"}}, {"type": "Feature", "geometry": {"type": "LineString", "coordinates": [[-78.54341346565263, 67.89068852913299], [-78.54603833874198, 67.89472525440564]]}, "properties": {"source": "33845516", "target": "35065540"}}, {"type": "Feature", "geometry": {"type": "LineString", "coordinates": [[-78.54341346565263, 67.89068852913299], [-78.55560248357244, 67.88822765943556]]}, "properties": {"source": "33845516", "target": "35649074"}}, {"type": "Feature", "geometry": {"type": "LineString", "coordinates": [[-78.54341346565263, 67.89068852913299], [-78.55947974021429, 67.88803237687411]]}, "properties": {"source": "33845516", "target": "36302676"}}, {"type": "Feature", "geometry": {"type": "LineString", "coordinates": [[-78.54341346565263, 67.89068852913299], [-78.56501878522957, 67.89400943001165]]}, "properties": {"source": "33845516", "target": "32315364"}}, {"type": "Feature", "geometry": {"type": "LineString", "coordinates": [[-78.56009594045568, 67.89268264290942], [-78.56658638124456, 67.88953246020922]]}, "properties": {"source": "31350769", "target": "32855631"}}, {"type": "Feature", "geometry": {"type": "LineString", "coordinates": [[-78.56009594045568, 67.89268264290942], [-78.54603833874198, 67.89472525440564]]}, "properties": {"source": "31350769", "target": "35065540"}}, {"type": "Feature", "geometry": {"type": "LineString", "coordinates": [[-78.56009594045568, 67.89268264290942], [-78.55560248357244, 67.88822765943556]]}, "properties": {"source": "31350769", "target": "35649074"}}, {"type": "Feature", "geometry": {"type": "LineString", "coordinates": [[-78.56009594045568, 67.89268264290942], [-78.5702362154516, 67.88952706511729]]}, "properties": {"source": "31350769", "target": "24646651"}}, {"type": "Feature", "geometry": {"type": "LineString", "coordinates": [[-78.56009594045568, 67.89268264290942], [-78.5536822028622, 67.8890737057504]]}, "properties": {"source": "31350769", "target": "24346256"}}, {"type": "Feature", "geometry": {"type": "LineString", "coordinates": [[-78.56009594045568, 67.89268264290942], [-78.54696347423136, 67.89439648438241]]}, "properties": {"source": "31350769", "target": "25797821"}}, {"type": "Feature", "geometry": {"type": "LineString", "coordinates": [[-78.56009594045568, 67.89268264290942], [-78.5479973769407, 67.88985739681893]]}, "properties": {"source": "31350769", "target": "26309824"}}, {"type": "Feature", "geometry": {"type": "LineString", "coordinates": [[-78.56009594045568, 67.89268264290942], [-78.5613721390215, 67.88592928380766]]}, "properties": {"source": "31350769", "target": "23403608"}}, {"type": "Feature", "geometry": {"type": "LineString", "coordinates": [[-78.56009594045568, 67.89268264290942], [-78.54949370387574, 67.89433481043753]]}, "properties": {"source": "31350769", "target": "27207840"}}, {"type": "Feature", "geometry": {"type": "LineString", "coordinates": [[-78.54977914674423, 67.89461022788274], [-78.54394896849273, 67.89218266301471]]}, "properties": {"source": "25059802", "target": "27843077"}}, {"type": "Feature", "geometry": {"type": "LineString", "coordinates": [[-78.54977914674423, 67.89461022788274], [-78.56740457291392, 67.8848434315181]]}, "properties": {"source": "25059802", "target": "22127616"}}, {"type": "Feature", "geometry": {"type": "LineString", "coordinates": [[-78.54977914674423, 67.89461022788274], [-78.54857073928339, 67.89513717089997]]}, "properties": {"source": "25059802", "target": "21902175"}}, {"type": "Feature", "geometry": {"type": "LineString", "coordinates": [[-78.54977914674423, 67.89461022788274], [-78.5602831753038, 67.88866126080197]]}, "properties": {"source": "25059802", "target": "25754640"}}, {"type": "Feature", "geometry": {"type": "LineString", "coordinates": [[-78.54977914674423, 67.89461022788274], [-78.54830569197217, 67.88787264859175]]}, "properties": {"source": "25059802", "target": "21822869"}}, {"type": "Feature", "geometry": {"type": "LineString", "coordinates": [[-78.54977914674423, 67.89461022788274], [-78.55282666329437, 67.88553793499959]]}, "properties": {"source": "25059802", "target": "27760332"}}, {"type": "Feature", "geometry": {"type": "LineString", "coordinates": [[-78.56009594045568, 67.89268264290942], [-78.56380490520047, 67.88899758317517]]}, "properties": {"source": "31350769", "target": "25196609"}}, {"type": "Feature", "geometry": {"type": "LineString", "coordinates": [[-78.54321576221098, 67.89107175721753], [-78.53841377184906, 67.89407969760495]]}, "properties": {"source": "32200781", "target": "29622023"}}, {"type": "Feature", "geometry": {"type": "LineString", "coordinates": [[-78.56303001273092, 67.89318704118094], [-78.55560248357244, 67.88822765943556]]}, "properties": {"source": "33552730", "target": "35649074"}}, {"type": "Feature", "geometry": {"type": "LineString", "coordinates": [[-78.56303001273092, 67.89318704118094], [-78.55947974021429, 67.88803237687411]]}, "properties": {"source": "33552730", "target": "36302676"}}, {"type": "Feature", "geometry": {"type": "LineString", "coordinates": [[-78.56262392214698, 67.88504174174074], [-78.56740457291392, 67.8848434315181]]}, "properties": {"source": "21482857", "target": "22127616"}}, {"type": "Feature", "geometry": {"type": "LineString", "coordinates": [[-78.56262392214698, 67.88504174174074], [-78.54857073928339, 67.89513717089997]]}, "properties": {"source": "21482857", "target": "21902175"}}, {"type": "Feature", "geometry": {"type": "LineString", "coordinates": [[-78.56262392214698, 67.88504174174074], [-78.54968148119767, 67.88446634764593]]}, "properties": {"source": "21482857", "target": "20710289"}}, {"type": "Feature", "geometry": {"type": "LineString", "coordinates": [[-78.56262392214698, 67.88504174174074], [-78.55610592291954, 67.88680461893156]]}, "properties": {"source": "21482857", "target": "19499321"}}, {"type": "Feature", "geometry": {"type": "LineString", "coordinates": [[-78.55696125531568, 67.88874776772063], [-78.54203559915535, 67.89036822376924]]}, "properties": {"source": "24204852", "target": "28692433"}}, {"type": "Feature", "geometry": {"type": "LineString", "coordinates": [[-78.55696125531568, 67.88874776772063], [-78.55282666329437, 67.88553793499959]]}, "properties": {"source": "24204852", "target": "27760332"}}, {"type": "Feature", "geometry": {"type": "LineString", "coordinates": [[-78.55696125531568, 67.88874776772063], [-78.54194100740608, 67.89298312138635]]}, "properties": {"source": "24204852", "target": "22921268"}}, {"type": "Feature", "geometry": {"type": "LineString", "coordinates": [[-78.55696125531568, 67.88874776772063], [-78.55668807658351, 67.89156314382375]]}, "properties": {"source": "24204852", "target": "22238922"}}, {"type": "Feature", "geometry": {"type": "LineString", "coordinates": [[-78.55696125531568, 67.88874776772063], [-78.56393269630722, 67.8917125321242]]}, "properties": {"source": "24204852", "target": "22907131"}}, {"type": "Feature", "geometry": {"type": "LineString", "coordinates": [[-78.55696125531568, 67.88874776772063], [-78.56266765860144, 67.88481587542492]]}, "properties": {"source": "24204852", "target": "25627744"}}, {"type": "Feature", "geometry": {"type": "LineString", "coordinates": [[-78.55696125531568, 67.88874776772063], [-78.53981232765987, 67.8878677777857]]}, "properties": {"source": "24204852", "target": "25424015"}}, {"type": "Feature", "geometry": {"type": "LineString", "coordinates": [[-78.56262392214698, 67.88504174174074], [-78.56805194605967, 67.88860448793821]]}, "properties": {"source": "21482857", "target": "15821525"}}, {"type": "Feature", "geometry": {"type": "LineString", "coordinates": [[-78.55696125531568, 67.88874776772063], [-78.56380490520047, 67.88899758317517]]}, "properties": {"source": "24204852", "target": "25196609"}}, {"type": "Feature", "geometry": {"type": "LineString", "coordinates": [[-78.5385384877377, 67.88470547306783], [-78.57029490080949, 67.8901609308042]]}, "properties": {"source": "27998024", "target": "32614047"}}, {"type": "Feature", "geometry": {"type": "LineString", "coordinates": [[-78.5385384877377, 67.88470547306783], [-78.55696125531568, 67.88874776772063]]}, "properties": {"source": "27998024", "target": "24204852"}}, {"type": "Feature", "geometry": {"type": "LineString", "coordinates": [[-78.5385384877377, 67.88470547306783], [-78.54977914674423, 67.89461022788274]]}, "properties": {"source": "27998024", "target": "25059802"}}, {"type": "Feature", "geometry": {"type": "LineString", "coordinates": [[-78.5385384877377, 67.88470547306783], [-78.54321576221098, 67.89107175721753]]}, "properties": {"source": "27998024", "target": "32200781"}}, {"type": "Feature", "geometry": {"type": "LineString", "coordinates": [[-78.5385384877377, 67.88470547306783], [-78.56303001273092, 67.89318704118094]]}, "properties": {"source": "27998024", "target": "33552730"}}, {"type": "Feature", "geometry": {"type": "LineString", "coordinates": [[-78.5385384877377, 67.88470547306783], [-78.56658638124456, 67.88953246020922]]}, "properties": {"source": "27998024", "target": "32855631"}}, {"type": "Feature", "geometry": {"type": "LineString", "coordinates": [[-78.5385384877377, 67.88470547306783], [-78.56501878522957, 67.89400943001165]]}, "properties": {"source": "27998024", "target": "32315364"}}, {"type": "Feature", "geometry": {"type": "LineString", "coordinates": [[-78.5385384877377, 67.88470547306783], [-78.55723430704897, 67.88949120546654]]}, "properties": {"source": "27998024", "target": "23300460"}}, {"type": "Feature", "geometry": {"type": "LineString", "coordinates": [[-78.5385384877377, 67.88470547306783], [-78.55282666329437, 67.88553793499959]]}, "properties": {"source": "27998024", "target": "27760332"}}, {"type": "Feature", "geometry": {"type": "LineString", "coordinates": [[-78.5385384877377, 67.88470547306783], [-78.54011108716269, 67.89254389507266]]}, "properties": {"source": "27998024", "target": "32454206"}}, {"type": "Feature", "geometry": {"type": "LineString", "coordinates": [[-78.5385384877377, 67.88470547306783], [-78.54945463225283, 67.88930310155986]]}, "properties": {"source": "27998024", "target": "23412671"}}, {"type": "Feature", "geometry": {"type": "LineString", "coordinates": [[-78.5385384877377, 67.88470547306783], [-78.54026886686147, 67.89337755128685]]}, "properties": {"source": "27998024", "target": "33322124"}}, {"type": "Feature", "geometry": {"type": "LineString", "coordinates": [[-78.5385384877377, 67.88470547306783], [-78.56266765860144, 67.88481587542492]]}, "properties": {"source": "27998024", "target": "25627744"}}, {"type": "Feature", "geometry": {"type": "LineString", "coordinates": [[-78.5385384877377, 67.88470547306783], [-78.54947832064855, 67.8932581493671]]}, "properties": {"source": "27998024", "target": "23311124"}}, {"type": "Feature", "geometry": {"type": "LineString", "coordinates": [[-78.5385384877377, 67.88470547306783], [-78.54696347423136, 67.89439648438241]]}, "properties": {"source": "27998024", "target": "25797821"}}, {"type": "Feature", "geometry": {"type": "LineString", "coordinates": [[-78.5385384877377, 67.88470547306783], [-78.56380490520047, 67.88899758317517]]}, "properties": {"source": "27998024", "target": "25196609"}}, {"type": "Feature", "geometry": {"type": "LineString", "coordinates": [[-78.55672006410929, 67.89151448506513], [-78.5392055551634, 67.89341931117168]]}, "properties": {"source": "22925607", "target": "18103119"}}, {"type": "Feature", "geometry": {"type": "LineString", "coordinates": [[-78.55672006410929, 67.89151448506513], [-78.53842263613979, 67.89075464179504]]}, "properties": {"source": "22925607", "target": "17465317"}}, {"type": "Feature", "geometry": {"type": "LineString", "coordinates": [[-78.55672006410929, 67.89151448506513], [-78.56124119451587, 67.88452003317333]]}, "properties": {"source": "22925607", "target": "22818392"}}, {"type": "Feature", "geometry": {"type": "LineString", "coordinates": [[-78.56604847471307, 67.88807907344595], [-78.56740457291392, 67.8848434315181]]}, "properties": {"source": "20500567", "target": "22127616"}}, {"type": "Feature", "geometry": {"type": "LineString", "coordinates": [[-78.56604847471307, 67.88807907344595], [-78.54857073928339, 67.89513717089997]]}, "properties": {"source": "20500567", "target": "21902175"}}, {"type": "Feature", "geometry": {"type": "LineString", "coordinates": [[-78.56604847471307, 67.88807907344595], [-78.56633690566969, 67.88717191972769]]}, "properties": {"source": "20500567", "target": "22923736"}}, {"type": "Feature", "geometry": {"type": "LineString", "coordinates": [[-78.56604847471307, 67.88807907344595], [-78.55998109436538, 67.88718318949188]]}, "properties": {"source": "20500567", "target": "22556888"}}, {"type": "Feature", "geometry": {"type": "LineString", "coordinates": [[-78.56604847471307, 67.88807907344595], [-78.54830569197217, 67.88787264859175]]}, "properties": {"source": "20500567", "target": "21822869"}}, {"type": "Feature", "geometry": {"type": "LineString", "coordinates": [[-78.55437493696697, 67.88680706999114], [-78.54685424866932, 67.89232328454659]]}, "properties": {"source": "33396283", "target": "31951301"}}, {"type": "Feature", "geometry": {"type": "LineString", "coordinates": [[-78.55437493696697, 67.88680706999114], [-78.56316802368545, 67.89095652854755]]}, "properties": {"source": "33396283", "target": "32572390"}}, {"type": "Feature", "geometry": {"type": "LineString", "coordinates": [[-78.55437493696697, 67.88680706999114], [-78.54096711475073, 67.88870539973726]]}, "properties": {"source": "33396283", "target": "33410814"}}, {"type": "Feature", "geometry": {"type": "LineString", "coordinates": [[-78.55437493696697, 67.88680706999114], [-78.54697511321213, 67.89005760561541]]}, "properties": {"source": "33396283", "target": "10429443"}}, {"type": "Feature", "geometry": {"type": "LineString", "coordinates": [[-78.55437493696697, 67.88680706999114], [-78.55333447510347, 67.89505976149601]]}, "properties": {"source": "33396283", "target": "15738722"}}, {"type": "Feature", "geometry": {"type": "LineString", "coordinates": [[-78.55437493696697, 67.88680706999114], [-78.54877619181585, 67.88988823713166]]}, "properties": {"source": "33396283", "target": "32570201"}}, {"type": "Feature", "geometry": {"type": "LineString", "coordinates": [[-78.55437493696697, 67.88680706999114], [-78.53841377184906, 67.89407969760495]]}, "properties": {"source": "33396283", "target": "29622023"}}, {"type": "Feature", "geometry": {"type": "LineString", "coordinates": [[-78.55437493696697, 67.88680706999114], [-78.5514527620286, 67.89232365182804]]}, "properties": {"source": "33396283", "target": "10574132"}}, {"type": "Feature", "geometry": {"type": "LineString", "coordinates": [[-78.57010996293224, 67.88883839964761], [-78.56303001273092, 67.89318704118094]]}, "properties": {"source": "33347781", "target": "33552730"}}, {"type": "Feature", "geometry": {"type": "LineString", "coordinates": [[-78.57010996293224, 67.88883839964761], [-78.56658638124456, 67.88953246020922]]}, "properties": {"source": "33347781", "target": "32855631"}}, {"type": "Feature", "geometry": {"type": "LineString", "coordinates": [[-78.57010996293224, 67.88883839964761], [-78.54603833874198, 67.89472525440564]]}, "properties": {"source": "33347781", "target": "35065540"}}, {"type": "Feature", "geometry": {"type": "LineString", "coordinates": [[-78.57010996293224, 67.88883839964761], [-78.55560248357244, 67.88822765943556]]}, "properties": {"source": "33347781", "target": "35649074"}}, {"type": "Feature", "geometry": {"type": "LineString", "coordinates": [[-78.57010996293224, 67.88883839964761], [-78.55947974021429, 67.88803237687411]]}, "properties": {"source": "33347781", "target": "36302676"}}, {"type": "Feature", "geometry": {"type": "LineString", "coordinates": [[-78.57010996293224, 67.88883839964761], [-78.56501878522957, 67.89400943001165]]}, "properties": {"source": "33347781", "target": "32315364"}}, {"type": "Feature", "geometry": {"type": "LineString", "coordinates": [[-78.57010996293224, 67.88883839964761], [-78.54203559915535, 67.89036822376924]]}, "properties": {"source": "33347781", "target": "28692433"}}, {"type": "Feature", "geometry": {"type": "LineString", "coordinates": [[-78.57010996293224, 67.88883839964761], [-78.55282666329437, 67.88553793499959]]}, "properties": {"source": "33347781", "target": "27760332"}}, {"type": "Feature", "geometry": {"type": "LineString", "coordinates": [[-78.57010996293224, 67.88883839964761], [-78.54011108716269, 67.89254389507266]]}, "properties": {"source": "33347781", "target": "32454206"}}, {"type": "Feature", "geometry": {"type": "LineString", "coordinates": [[-78.57010996293224, 67.88883839964761], [-78.54026886686147, 67.89337755128685]]}, "properties": {"source": "33347781", "target": "33322124"}}, {"type": "Feature", "geometry": {"type": "LineString", "coordinates": [[-78.57010996293224, 67.88883839964761], [-78.54685424866932, 67.89232328454659]]}, "properties": {"source": "33347781", "target": "31951301"}}, {"type": "Feature", "geometry": {"type": "LineString", "coordinates": [[-78.57010996293224, 67.88883839964761], [-78.56316802368545, 67.89095652854755]]}, "properties": {"source": "33347781", "target": "32572390"}}, {"type": "Feature", "geometry": {"type": "LineString", "coordinates": [[-78.57010996293224, 67.88883839964761], [-78.54697511321213, 67.89005760561541]]}, "properties": {"source": "33347781", "target": "10429443"}}, {"type": "Feature", "geometry": {"type": "LineString", "coordinates": [[-78.57010996293224, 67.88883839964761], [-78.55333447510347, 67.89505976149601]]}, "properties": {"source": "33347781", "target": "15738722"}}, {"type": "Feature", "geometry": {"type": "LineString", "coordinates": [[-78.57010996293224, 67.88883839964761], [-78.54877619181585, 67.88988823713166]]}, "properties": {"source": "33347781", "target": "32570201"}}, {"type": "Feature", "geometry": {"type": "LineString", "coordinates": [[-78.57010996293224, 67.88883839964761], [-78.5514527620286, 67.89232365182804]]}, "properties": {"source": "33347781", "target": "10574132"}}, {"type": "Feature", "geometry": {"type": "LineString", "coordinates": [[-78.55104227775206, 67.88528207859446], [-78.5547020534658, 67.88600896256065]]}, "properties": {"source": "25128530", "target": "24356170"}}, {"type": "Feature", "geometry": {"type": "LineString", "coordinates": [[-78.55104227775206, 67.88528207859446], [-78.55874685438256, 67.89335425364168]]}, "properties": {"source": "25128530", "target": "23210250"}}, {"type": "Feature", "geometry": {"type": "LineString", "coordinates": [[-78.55104227775206, 67.88528207859446], [-78.5630636655583, 67.88466292612783]]}, "properties": {"source": "25128530", "target": "18838102"}}, {"type": "Feature", "geometry": {"type": "LineString", "coordinates": [[-78.55104227775206, 67.88528207859446], [-78.56086188882243, 67.88467128878257]]}, "properties": {"source": "25128530", "target": "21971490"}}, {"type": "Feature", "geometry": {"type": "LineString", "coordinates": [[-78.55104227775206, 67.88528207859446], [-78.56516516311467, 67.88745684062458]]}, "properties": {"source": "25128530", "target": "23401247"}}, {"type": "Feature", "geometry": {"type": "LineString", "coordinates": [[-78.55104227775206, 67.88528207859446], [-78.55900852657031, 67.8898477586159]]}, "properties": {"source": "25128530", "target": "23506931"}}, {"type": "Feature", "geometry": {"type": "LineString", "coordinates": [[-78.5409223349805, 67.88527659488655], [-78.5652392391776, 67.88561867344454]]}, "properties": {"source": "23593564", "target": "25997635"}}, {"type": "Feature", "geometry": {"type": "LineString", "coordinates": [[-78.5409223349805, 67.88527659488655], [-78.56455672967653, 67.89023952654166]]}, "properties": {"source": "23593564", "target": "22467844"}}, {"type": "Feature", "geometry": {"type": "LineString", "coordinates": [[-78.5409223349805, 67.88527659488655], [-78.57024160729493, 67.88807761076592]]}, "properties": {"source": "23593564", "target": "25069885"}}, {"type": "Feature", "geometry": {"type": "LineString", "coordinates": [[-78.5409223349805, 67.88527659488655], [-78.54701062572657, 67.88792072085211]]}, "properties": {"source": "23593564", "target": "16280494"}}, {"type": "Feature", "geometry": {"type": "LineString", "coordinates": [[-78.5409223349805, 67.88527659488655], [-78.55120223078042, 67.89412939831206]]}, "properties": {"source": "23593564", "target": "25069985"}}, {"type": "Feature", "geometry": {"type": "LineString", "coordinates": [[-78.54747685716966, 67.88657501349353], [-78.56740457291392, 67.8848434315181]]}, "properties": {"source": "20447676", "target": "22127616"}}, {"type": "Feature", "geometry": {"type": "LineString", "coordinates": [[-78.54747685716966, 67.88657501349353], [-78.54857073928339, 67.89513717089997]]}, "properties": {"source": "20447676", "target": "21902175"}}, {"type": "Feature", "geometry": {"type": "LineString", "coordinates": [[-78.54747685716966, 67.88657501349353], [-78.56633690566969, 67.88717191972769]]}, "properties": {"source": "20447676", "target": "22923736"}}, {"type": "Feature", "geometry": {"type": "LineString", "coordinates": [[-78.54747685716966, 67.88657501349353], [-78.55998109436538, 67.88718318949188]]}, "properties": {"source": "20447676", "target": "22556888"}}, {"type": "Feature", "geometry": {"type": "LineString", "coordinates": [[-78.54747685716966, 67.88657501349353], [-78.54830569197217, 67.88787264859175]]}, "properties": {"source": "20447676", "target": "21822869"}}, {"type": "Feature", "geometry": {"type": "LineString", "coordinates": [[-78.54947832064855, 67.8932581493671], [-78.55696125531568, 67.88874776772063]]}, "properties": {"source": "23311124", "target": "24204852"}}, {"type": "Feature", "geometry": {"type": "LineString", "coordinates": [[-78.54947832064855, 67.8932581493671], [-78.54977914674423, 67.89461022788274]]}, "properties": {"source": "23311124", "target": "25059802"}}, {"type": "Feature", "geometry": {"type": "LineString", "coordinates": [[-78.54947832064855, 67.8932581493671], [-78.56393269630722, 67.8917125321242]]}, "properties": {"source": "23311124", "target": "22907131"}}, {"type": "Feature", "geometry": {"type": "LineString", "coordinates": [[-78.54947832064855, 67.8932581493671], [-78.56266765860144, 67.88481587542492]]}, "properties": {"source": "23311124", "target": "25627744"}}, {"type": "Feature", "geometry": {"type": "LineString", "coordinates": [[-78.54947832064855, 67.8932581493671], [-78.53981232765987, 67.8878677777857]]}, "properties": {"source": "23311124", "target": "25424015"}}, {"type": "Feature", "geometry": {"type": "LineString", "coordinates": [[-78.54947832064855, 67.8932581493671], [-78.54135806388777, 67.89096904583973]]}, "properties": {"source": "23311124", "target": "25443640"}}, {"type": "Feature", "geometry": {"type": "LineString", "coordinates": [[-78.54696347423136, 67.89439648438241], [-78.54394896849273, 67.89218266301471]]}, "properties": {"source": "25797821", "target": "27843077"}}, {"type": "Feature", "geometry": {"type": "LineString", "coordinates": [[-78.54696347423136, 67.89439648438241], [-78.54321576221098, 67.89107175721753]]}, "properties": {"source": "25797821", "target": "32200781"}}, {"type": "Feature", "geometry": {"type": "LineString", "coordinates": [[-78.5385384877377, 67.88470547306783], [-78.5479973769407, 67.88985739681893]]}, "properties": {"source": "27998024", "target": "26309824"}}, {"type": "Feature", "geometry": {"type": "LineString", "coordinates": [[-78.5385384877377, 67.88470547306783], [-78.53981232765987, 67.8878677777857]]}, "properties": {"source": "27998024", "target": "25424015"}}, {"type": "Feature", "geometry": {"type": "LineString", "coordinates": [[-78.5385384877377, 67.88470547306783], [-78.54697511321213, 67.89005760561541]]}, "properties": {"source": "27998024", "target": "10429443"}}, {"type": "Feature", "geometry": {"type": "LineString", "coordinates": [[-78.5385384877377, 67.88470547306783], [-78.54135806388777, 67.89096904583973]]}, "properties": {"source": "27998024", "target": "25443640"}}, {"type": "Feature", "geometry": {"type": "LineString", "coordinates": [[-78.5385384877377, 67.88470547306783], [-78.55333447510347, 67.89505976149601]]}, "properties": {"source": "27998024", "target": "15738722"}}, {"type": "Feature", "geometry": {"type": "LineString", "coordinates": [[-78.5385384877377, 67.88470547306783], [-78.55780571949258, 67.88647668422342]]}, "properties": {"source": "27998024", "target": "23607952"}}, {"type": "Feature", "geometry": {"type": "LineString", "coordinates": [[-78.5385384877377, 67.88470547306783], [-78.56805194605967, 67.88860448793821]]}, "properties": {"source": "27998024", "target": "15821525"}}, {"type": "Feature", "geometry": {"type": "LineString", "coordinates": [[-78.5385384877377, 67.88470547306783], [-78.5514527620286, 67.89232365182804]]}, "properties": {"source": "27998024", "target": "10574132"}}]}