{"type": "FeatureCollection", "features": [{"type": "Feature", "geometry": {"type": "LineString", "coordinates": [[-144.8198683440589, 62.857663850645295], [-144.85905696030835, 62.84240061186355]]}, "properties": {"source": "2053045", "target": "2500418"}}, {"type": "Feature", "geometry": {"type": "LineString", "coordinates": [[-144.8198683440589, 62.857663850645295], [-144.84700345380404, 62.84896982731489]]}, "properties": {"source": "2053045", "target": "2322340"}}, {"type": "Feature", "geometry": {"type": "LineString", "coordinates": [[-144.8198683440589, 62.857663850645295], [-144.85101881405149, 62.85380941054106]]}, "properties": {"source": "2053045", "target": "2121361"}}, {"type": "Feature", "geometry": {"type": "LineString", "coordinates": [[-144.8198683440589, 62.857663850645295], [-144.82339129350967, 62.86062481183778]]}, "properties": {"source": "2053045", "target": "18316"}}, {"type": "Feature", "geometry": {"type": "LineString", "coordinates": [[-144.8198683440589, 62.857663850645295], [-144.85134234038128, 62.85167721124684]]}, "properties": {"source": "2053045", "target": "1767738"}}, {"type": "Feature", "geometry": {"type": "LineString", "coordinates": [[-144.81803225724497, 62.84835237510572], [-144.82458618851248, 62.85485888329872]]}, "properties": {"source": "3103015", "target": "7357047"}}, {"type": "Feature", "geometry": {"type": "LineString", "coordinates": [[-144.80533586632689, 62.85210224577429], [-144.83807026641034, 62.84808319786838]]}, "properties": {"source": "2116771", "target": "9484547"}}, {"type": "Feature", "geometry": {"type": "LineString", "coordinates": [[-144.86393312580012, 62.85600643617923], [-144.82859335884802, 62.84280126488372]]}, "properties": {"source": "2116118", "target": "2121357"}}, {"type": "Feature", "geometry": {"type": "LineString", "coordinates": [[-144.86393312580012, 62.85600643617923], [-144.8664883831778, 62.853743324417735]]}, "properties": {"source": "2116118", "target": "1969159"}}, {"type": "Feature", "geometry": {"type": "LineString", "coordinates": [[-144.81343631084755, 62.85660029792773], [-144.80489257983314, 62.853513770293944]]}, "properties": {"source": "6810276", "target": "6810249"}}, {"type": "Feature", "geometry": {"type": "LineString", "coordinates": [[-144.81343631084755, 62.85660029792773], [-144.80743089982775, 62.853691822591685]]}, "properties": {"source": "6810276", "target": "8931943"}}, {"type": "Feature", "geometry": {"type": "LineString", "coordinates": [[-144.84950906052984, 62.855641851383965], [-144.82880554950123, 62.84207858820352]]}, "properties": {"source": "2980540", "target": "3176248"}}, {"type": "Feature", "geometry": {"type": "LineString", "coordinates": [[-144.81318189820004, 62.84912220944615], [-144.81343631084755, 62.85660029792773]]}, "properties": {"source": "6810291", "target": "6810276"}}, {"type": "Feature", "geometry": {"type": "LineString", "coordinates": [[-144.81318189820004, 62.84912220944615], [-144.81816736759433, 62.84093914042049]]}, "properties": {"source": "6810291", "target": "6810269"}}, {"type": "Feature", "geometry": {"type": "LineString", "coordinates": [[-144.81318189820004, 62.84912220944615], [-144.80489257983314, 62.853513770293944]]}, "properties": {"source": "6810291", "target": "6810249"}}, {"type": "Feature", "geometry": {"type": "LineString", "coordinates": [[-144.81318189820004, 62.84912220944615], [-144.82426656210657, 62.84818803562126]]}, "properties": {"source": "6810291", "target": "7075431"}}, {"type": "Feature", "geometry": {"type": "LineString", "coordinates": [[-144.81318189820004, 62.84912220944615], [-144.80743089982775, 62.853691822591685]]}, "properties": {"source": "6810291", "target": "8931943"}}, {"type": "Feature", "geometry": {"type": "LineString", "coordinates": [[-144.83371701195313, 62.858527268668354], [-144.82859335884802, 62.84280126488372]]}, "properties": {"source": "1819674", "target": "2121357"}}, {"type": "Feature", "geometry": {"type": "LineString", "coordinates": [[-144.83371701195313, 62.858527268668354], [-144.82701968666322, 62.84290019140789]]}, "properties": {"source": "1819674", "target": "2116134"}}, {"type": "Feature", "geometry": {"type": "LineString", "coordinates": [[-144.83371701195313, 62.858527268668354], [-144.8293867911369, 62.85826437553523]]}, "properties": {"source": "1819674", "target": "2116133"}}, {"type": "Feature", "geometry": {"type": "LineString", "coordinates": [[-144.83371701195313, 62.858527268668354], [-144.80533586632689, 62.85210224577429]]}, "properties": {"source": "1819674", "target": "2116771"}}, {"type": "Feature", "geometry": {"type": "LineString", "coordinates": [[-144.83371701195313, 62.858527268668354], [-144.85569981599204, 62.842334614143326]]}, "properties": {"source": "1819674", "target": "1373743"}}, {"type": "Feature", "geometry": {"type": "LineString", "coordinates": [[-144.8644901460109, 62.853316278806275], [-144.81367824340435, 62.8585441912911]]}, "properties": {"source": "1632187", "target": "1819910"}}, {"type": "Feature", "geometry": {"type": "LineString", "coordinates": [[-144.858313312004, 62.8421225332511], [-144.8069011501101, 62.85311342516252]]}, "properties": {"source": "2142091", "target": "2322356"}}, {"type": "Feature", "geometry": {"type": "LineString", "coordinates": [[-144.82667706650363, 62.84704776478375], [-144.83408470534957, 62.845131227865664]]}, "properties": {"source": "18301", "target": "1737929"}}, {"type": "Feature", "geometry": {"type": "LineString", "coordinates": [[-144.82667706650363, 62.84704776478375], [-144.82742844430288, 62.846945881910386]]}, "properties": {"source": "18301", "target": "15805642"}}, {"type": "Feature", "geometry": {"type": "LineString", "coordinates": [[-144.82667706650363, 62.84704776478375], [-144.80849397237228, 62.85393031835966]]}, "properties": {"source": "18301", "target": "1548517"}}, {"type": "Feature", "geometry": {"type": "LineString", "coordinates": [[-144.82667706650363, 62.84704776478375], [-144.8421016859548, 62.86152918399722]]}, "properties": {"source": "18301", "target": "13550417"}}, {"type": "Feature", "geometry": {"type": "LineString", "coordinates": [[-144.83942185859263, 62.85990770195282], [-144.86022831578373, 62.85680094410655]]}, "properties": {"source": "1632189", "target": "178315"}}, {"type": "Feature", "geometry": {"type": "LineString", "coordinates": [[-144.83942185859263, 62.85990770195282], [-144.82784469823446, 62.85151191798077]]}, "properties": {"source": "1632189", "target": "1819908"}}, {"type": "Feature", "geometry": {"type": "LineString", "coordinates": [[-144.83942185859263, 62.85990770195282], [-144.8365325366537, 62.848620642940475]]}, "properties": {"source": "1632189", "target": "1819909"}}, {"type": "Feature", "geometry": {"type": "LineString", "coordinates": [[-144.83942185859263, 62.85990770195282], [-144.81367824340435, 62.8585441912911]]}, "properties": {"source": "1632189", "target": "1819910"}}, {"type": "Feature", "geometry": {"type": "LineString", "coordinates": [[-144.83942185859263, 62.85990770195282], [-144.85832501934482, 62.858231847638265]]}, "properties": {"source": "1632189", "target": "1722808"}}, {"type": "Feature", "geometry": {"type": "LineString", "coordinates": [[-144.83942185859263, 62.85990770195282], [-144.85849594990452, 62.8411686577964]]}, "properties": {"source": "1632189", "target": "1632191"}}, {"type": "Feature", "geometry": {"type": "LineString", "coordinates": [[-144.83942185859263, 62.85990770195282], [-144.8488704765483, 62.849272980741475]]}, "properties": {"source": "1632189", "target": "1632192"}}, {"type": "Feature", "geometry": {"type": "LineString", "coordinates": [[-144.83942185859263, 62.85990770195282], [-144.8644901460109, 62.853316278806275]]}, "properties": {"source": "1632189", "target": "1632187"}}, {"type": "Feature", "geometry": {"type": "LineString", "coordinates": [[-144.83942185859263, 62.85990770195282], [-144.84185730730894, 62.84700270601715]]}, "properties": {"source": "1632189", "target": "1435221"}}, {"type": "Feature", "geometry": {"type": "LineString", "coordinates": [[-144.83942185859263, 62.85990770195282], [-144.8219322416658, 62.84106717141006]]}, "properties": {"source": "1632189", "target": "1410387"}}, {"type": "Feature", "geometry": {"type": "LineString", "coordinates": [[-144.80886979685607, 62.85130475179912], [-144.86424209676971, 62.84376894889343]]}, "properties": {"source": "6809166", "target": "6250871"}}, {"type": "Feature", "geometry": {"type": "LineString", "coordinates": [[-144.80886979685607, 62.85130475179912], [-144.81160584647938, 62.84668142605382]]}, "properties": {"source": "6809166", "target": "6808954"}}, {"type": "Feature", "geometry": {"type": "LineString", "coordinates": [[-144.80886979685607, 62.85130475179912], [-144.81343631084755, 62.85660029792773]]}, "properties": {"source": "6809166", "target": "6810276"}}, {"type": "Feature", "geometry": {"type": "LineString", "coordinates": [[-144.80886979685607, 62.85130475179912], [-144.84877199841563, 62.85529630195023]]}, "properties": {"source": "6809166", "target": "6808725"}}, {"type": "Feature", "geometry": {"type": "LineString", "coordinates": [[-144.80886979685607, 62.85130475179912], [-144.81047471298479, 62.85463787718044]]}, "properties": {"source": "6809166", "target": "6068572"}}, {"type": "Feature", "geometry": {"type": "LineString", "coordinates": [[-144.80886979685607, 62.85130475179912], [-144.80931453738577, 62.85030632586529]]}, "properties": {"source": "6809166", "target": "6809886"}}, {"type": "Feature", "geometry": {"type": "LineString", "coordinates": [[-144.80886979685607, 62.85130475179912], [-144.8266261661337, 62.84324484534967]]}, "properties": {"source": "6809166", "target": "6808637"}}, {"type": "Feature", "geometry": {"type": "LineString", "coordinates": [[-144.86424209676971, 62.84376894889343], [-144.86682622848173, 62.85076897041621]]}, "properties": {"source": "6250871", "target": "6809179"}}, {"type": "Feature", "geometry": {"type": "LineString", "coordinates": [[-144.86424209676971, 62.84376894889343], [-144.8373130067128, 62.84609025933274]]}, "properties": {"source": "6250871", "target": "6809105"}}, {"type": "Feature", "geometry": {"type": "LineString", "coordinates": [[-144.86424209676971, 62.84376894889343], [-144.86030974995901, 62.845983137165106]]}, "properties": {"source": "6250871", "target": "6808838"}}, {"type": "Feature", "geometry": {"type": "LineString", "coordinates": [[-144.86424209676971, 62.84376894889343], [-144.86506968971878, 62.859083856635024]]}, "properties": {"source": "6250871", "target": "6288464"}}, {"type": "Feature", "geometry": {"type": "LineString", "coordinates": [[-144.86424209676971, 62.84376894889343], [-144.8176343426807, 62.85229710319071]]}, "properties": {"source": "6250871", "target": "6068567"}}, {"type": "Feature", "geometry": {"type": "LineString", "coordinates": [[-144.86424209676971, 62.84376894889343], [-144.8377932886048, 62.849425351997155]]}, "properties": {"source": "6250871", "target": "6810145"}}, {"type": "Feature", "geometry": {"type": "LineString", "coordinates": [[-144.86424209676971, 62.84376894889343], [-144.81160584647938, 62.84668142605382]]}, "properties": {"source": "6250871", "target": "6808954"}}, {"type": "Feature", "geometry": {"type": "LineString", "coordinates": [[-144.86424209676971, 62.84376894889343], [-144.84877199841563, 62.85529630195023]]}, "properties": {"source": "6250871", "target": "6808725"}}, {"type": "Feature", "geometry": {"type": "LineString", "coordinates": [[-144.86424209676971, 62.84376894889343], [-144.83339710252346, 62.858910374716444]]}, "properties": {"source": "6250871", "target": "6068564"}}, {"type": "Feature", "geometry": {"type": "LineString", "coordinates": [[-144.84286892010599, 62.85161249046297], [-144.8159047205372, 62.85056676542308]]}, "properties": {"source": "2142713", "target": "2122191"}}, {"type": "Feature", "geometry": {"type": "LineString", "coordinates": [[-144.84286892010599, 62.85161249046297], [-144.85905696030835, 62.84240061186355]]}, "properties": {"source": "2142713", "target": "2500418"}}, {"type": "Feature", "geometry": {"type": "LineString", "coordinates": [[-144.84286892010599, 62.85161249046297], [-144.8277349348561, 62.859107889569046]]}, "properties": {"source": "2142713", "target": "2740974"}}, {"type": "Feature", "geometry": {"type": "LineString", "coordinates": [[-144.84286892010599, 62.85161249046297], [-144.84809749584494, 62.854953993190634]]}, "properties": {"source": "2142713", "target": "2740752"}}, {"type": "Feature", "geometry": {"type": "LineString", "coordinates": [[-144.84286892010599, 62.85161249046297], [-144.82779373901639, 62.85098890219436]]}, "properties": {"source": "2142713", "target": "2113797"}}, {"type": "Feature", "geometry": {"type": "LineString", "coordinates": [[-144.83731959600877, 62.85926198231222], [-144.82859335884802, 62.84280126488372]]}, "properties": {"source": "19126", "target": "2121357"}}, {"type": "Feature", "geometry": {"type": "LineString", "coordinates": [[-144.8293867911369, 62.85826437553523], [-144.82859335884802, 62.84280126488372]]}, "properties": {"source": "2116133", "target": "2121357"}}, {"type": "Feature", "geometry": {"type": "LineString", "coordinates": [[-144.8293867911369, 62.85826437553523], [-144.82701968666322, 62.84290019140789]]}, "properties": {"source": "2116133", "target": "2116134"}}, {"type": "Feature", "geometry": {"type": "LineString", "coordinates": [[-144.8293867911369, 62.85826437553523], [-144.84094308835438, 62.85261718808886]]}, "properties": {"source": "2116133", "target": "2116760"}}, {"type": "Feature", "geometry": {"type": "LineString", "coordinates": [[-144.8293867911369, 62.85826437553523], [-144.80533586632689, 62.85210224577429]]}, "properties": {"source": "2116133", "target": "2116771"}}, {"type": "Feature", "geometry": {"type": "LineString", "coordinates": [[-144.8293867911369, 62.85826437553523], [-144.86393312580012, 62.85600643617923]]}, "properties": {"source": "2116133", "target": "2116118"}}, {"type": "Feature", "geometry": {"type": "LineString", "coordinates": [[-144.8293867911369, 62.85826437553523], [-144.85569981599204, 62.842334614143326]]}, "properties": {"source": "2116133", "target": "1373743"}}, {"type": "Feature", "geometry": {"type": "LineString", "coordinates": [[-144.8293867911369, 62.85826437553523], [-144.84630313661984, 62.842758445567526]]}, "properties": {"source": "2116133", "target": "2116781"}}, {"type": "Feature", "geometry": {"type": "LineString", "coordinates": [[-144.8293867911369, 62.85826437553523], [-144.8282385748851, 62.84282667717203]]}, "properties": {"source": "2116133", "target": "1373742"}}, {"type": "Feature", "geometry": {"type": "LineString", "coordinates": [[-144.8293867911369, 62.85826437553523], [-144.82018796685554, 62.84375271218872]]}, "properties": {"source": "2116133", "target": "1788611"}}, {"type": "Feature", "geometry": {"type": "LineString", "coordinates": [[-144.84807666987294, 62.86173465632832], [-144.82859335884802, 62.84280126488372]]}, "properties": {"source": "3160008", "target": "2121357"}}, {"type": "Feature", "geometry": {"type": "LineString", "coordinates": [[-144.8096851252921, 62.85894475486192], [-144.8522772284451, 62.85585554831299]]}, "properties": {"source": "2107272", "target": "2107259"}}, {"type": "Feature", "geometry": {"type": "LineString", "coordinates": [[-144.8096851252921, 62.85894475486192], [-144.8159047205372, 62.85056676542308]]}, "properties": {"source": "2107272", "target": "2122191"}}, {"type": "Feature", "geometry": {"type": "LineString", "coordinates": [[-144.8096851252921, 62.85894475486192], [-144.82902399331326, 62.84798574065694]]}, "properties": {"source": "2107272", "target": "2107208"}}, {"type": "Feature", "geometry": {"type": "LineString", "coordinates": [[-144.8096851252921, 62.85894475486192], [-144.8342921844593, 62.84895156908581]]}, "properties": {"source": "2107272", "target": "2107283"}}, {"type": "Feature", "geometry": {"type": "LineString", "coordinates": [[-144.8096851252921, 62.85894475486192], [-144.80697082790027, 62.85218769404196]]}, "properties": {"source": "2107272", "target": "2107204"}}, {"type": "Feature", "geometry": {"type": "LineString", "coordinates": [[-144.8096851252921, 62.85894475486192], [-144.85848860431918, 62.853954670928985]]}, "properties": {"source": "2107272", "target": "2107194"}}, {"type": "Feature", "geometry": {"type": "LineString", "coordinates": [[-144.86623928459503, 62.848294858538395], [-144.83408470534957, 62.845131227865664]]}, "properties": {"source": "1921348", "target": "1737929"}}, {"type": "Feature", "geometry": {"type": "LineString", "coordinates": [[-144.8282385748851, 62.84282667717203], [-144.82859335884802, 62.84280126488372]]}, "properties": {"source": "1373742", "target": "2121357"}}, {"type": "Feature", "geometry": {"type": "LineString", "coordinates": [[-144.8282385748851, 62.84282667717203], [-144.82701968666322, 62.84290019140789]]}, "properties": {"source": "1373742", "target": "2116134"}}, {"type": "Feature", "geometry": {"type": "LineString", "coordinates": [[-144.8282385748851, 62.84282667717203], [-144.85569981599204, 62.842334614143326]]}, "properties": {"source": "1373742", "target": "1373743"}}, {"type": "Feature", "geometry": {"type": "LineString", "coordinates": [[-144.8282385748851, 62.84282667717203], [-144.83769177319576, 62.851717906192775]]}, "properties": {"source": "1373742", "target": "969468"}}, {"type": "Feature", "geometry": {"type": "LineString", "coordinates": [[-144.8282385748851, 62.84282667717203], [-144.86424320209034, 62.85360258720095]]}, "properties": {"source": "1373742", "target": "13551"}}, {"type": "Feature", "geometry": {"type": "LineString", "coordinates": [[-144.8282385748851, 62.84282667717203], [-144.8184109474948, 62.84390850970861]]}, "properties": {"source": "1373742", "target": "13549"}}, {"type": "Feature", "geometry": {"type": "LineString", "coordinates": [[-144.80931453738577, 62.85030632586529], [-144.83672403597802, 62.850000292441905]]}, "properties": {"source": "6809886", "target": "6810184"}}, {"type": "Feature", "geometry": {"type": "LineString", "coordinates": [[-144.80931453738577, 62.85030632586529], [-144.86682622848173, 62.85076897041621]]}, "properties": {"source": "6809886", "target": "6809179"}}, {"type": "Feature", "geometry": {"type": "LineString", "coordinates": [[-144.80931453738577, 62.85030632586529], [-144.8377932886048, 62.849425351997155]]}, "properties": {"source": "6809886", "target": "6810145"}}, {"type": "Feature", "geometry": {"type": "LineString", "coordinates": [[-144.82229667544794, 62.85138385012476], [-144.81119014720477, 62.85979928299817]]}, "properties": {"source": "1734545", "target": "1605745"}}, {"type": "Feature", "geometry": {"type": "LineString", "coordinates": [[-144.8276745198478, 62.84218507217038], [-144.85024303505134, 62.85826040168746]]}, "properties": {"source": "3559951", "target": "3183389"}}, {"type": "Feature", "geometry": {"type": "LineString", "coordinates": [[-144.8276745198478, 62.84218507217038], [-144.82091437030795, 62.85735844281176]]}, "properties": {"source": "3559951", "target": "3159933"}}, {"type": "Feature", "geometry": {"type": "LineString", "coordinates": [[-144.82276924314596, 62.84382414717673], [-144.83807026641034, 62.84808319786838]]}, "properties": {"source": "880402", "target": "9484547"}}, {"type": "Feature", "geometry": {"type": "LineString", "coordinates": [[-144.82276924314596, 62.84382414717673], [-144.81463045048204, 62.8449539431809]]}, "properties": {"source": "880402", "target": "880397"}}, {"type": "Feature", "geometry": {"type": "LineString", "coordinates": [[-144.82276924314596, 62.84382414717673], [-144.84932879603565, 62.85643503640867]]}, "properties": {"source": "880402", "target": "880400"}}, {"type": "Feature", "geometry": {"type": "LineString", "coordinates": [[-144.82512266216872, 62.849450578326625], [-144.83882370559235, 62.85234363306465]]}, "properties": {"source": "5638572", "target": "2853435"}}, {"type": "Feature", "geometry": {"type": "LineString", "coordinates": [[-144.82512266216872, 62.849450578326625], [-144.83264518778265, 62.84995992544975]]}, "properties": {"source": "5638572", "target": "3159790"}}, {"type": "Feature", "geometry": {"type": "LineString", "coordinates": [[-144.82512266216872, 62.849450578326625], [-144.8380184886098, 62.86084177100703]]}, "properties": {"source": "5638572", "target": "1061188"}}, {"type": "Feature", "geometry": {"type": "LineString", "coordinates": [[-144.8240597219565, 62.84720055961748], [-144.82458618851248, 62.85485888329872]]}, "properties": {"source": "3470844", "target": "7357047"}}, {"type": "Feature", "geometry": {"type": "LineString", "coordinates": [[-144.8240597219565, 62.84720055961748], [-144.81466346969847, 62.84534315173131]]}, "properties": {"source": "3470844", "target": "6607394"}}, {"type": "Feature", "geometry": {"type": "LineString", "coordinates": [[-144.8240597219565, 62.84720055961748], [-144.84628291137847, 62.84983549951798]]}, "properties": {"source": "3470844", "target": "8590955"}}, {"type": "Feature", "geometry": {"type": "LineString", "coordinates": [[-144.8240597219565, 62.84720055961748], [-144.81803225724497, 62.84835237510572]]}, "properties": {"source": "3470844", "target": "3103015"}}, {"type": "Feature", "geometry": {"type": "LineString", "coordinates": [[-144.8240597219565, 62.84720055961748], [-144.85561817334624, 62.84688174510481]]}, "properties": {"source": "3470844", "target": "2418905"}}, {"type": "Feature", "geometry": {"type": "LineString", "coordinates": [[-144.83408470534957, 62.845131227865664], [-144.81661932280488, 62.847727872659945]]}, "properties": {"source": "1737929", "target": "1718785"}}, {"type": "Feature", "geometry": {"type": "LineString", "coordinates": [[-144.84964937168732, 62.85595495489436], [-144.8176343426807, 62.85229710319071]]}, "properties": {"source": "6013872", "target": "6068567"}}, {"type": "Feature", "geometry": {"type": "LineString", "coordinates": [[-144.83044259796372, 62.84964330399791], [-144.82672384060444, 62.85721453449926]]}, "properties": {"source": "2142614", "target": "2142237"}}, {"type": "Feature", "geometry": {"type": "LineString", "coordinates": [[-144.83044259796372, 62.84964330399791], [-144.80671426487743, 62.84395641236188]]}, "properties": {"source": "2142614", "target": "2573713"}}, {"type": "Feature", "geometry": {"type": "LineString", "coordinates": [[-144.83044259796372, 62.84964330399791], [-144.85559711590514, 62.84131843288682]]}, "properties": {"source": "2142614", "target": "2122299"}}, {"type": "Feature", "geometry": {"type": "LineString", "coordinates": [[-144.8488704765483, 62.849272980741475], [-144.86022831578373, 62.85680094410655]]}, "properties": {"source": "1632192", "target": "178315"}}, {"type": "Feature", "geometry": {"type": "LineString", "coordinates": [[-144.8488704765483, 62.849272980741475], [-144.82784469823446, 62.85151191798077]]}, "properties": {"source": "1632192", "target": "1819908"}}, {"type": "Feature", "geometry": {"type": "LineString", "coordinates": [[-144.8488704765483, 62.849272980741475], [-144.8365325366537, 62.848620642940475]]}, "properties": {"source": "1632192", "target": "1819909"}}, {"type": "Feature", "geometry": {"type": "LineString", "coordinates": [[-144.8488704765483, 62.849272980741475], [-144.8446828002605, 62.84738377320642]]}, "properties": {"source": "1632192", "target": "1819699"}}, {"type": "Feature", "geometry": {"type": "LineString", "coordinates": [[-144.8488704765483, 62.849272980741475], [-144.81367824340435, 62.8585441912911]]}, "properties": {"source": "1632192", "target": "1819910"}}, {"type": "Feature", "geometry": {"type": "LineString", "coordinates": [[-144.8488704765483, 62.849272980741475], [-144.85832501934482, 62.858231847638265]]}, "properties": {"source": "1632192", "target": "1722808"}}, {"type": "Feature", "geometry": {"type": "LineString", "coordinates": [[-144.8488704765483, 62.849272980741475], [-144.85849594990452, 62.8411686577964]]}, "properties": {"source": "1632192", "target": "1632191"}}, {"type": "Feature", "geometry": {"type": "LineString", "coordinates": [[-144.8488704765483, 62.849272980741475], [-144.8644901460109, 62.853316278806275]]}, "properties": {"source": "1632192", "target": "1632187"}}, {"type": "Feature", "geometry": {"type": "LineString", "coordinates": [[-144.8488704765483, 62.849272980741475], [-144.84185730730894, 62.84700270601715]]}, "properties": {"source": "1632192", "target": "1435221"}}, {"type": "Feature", "geometry": {"type": "LineString", "coordinates": [[-144.8488704765483, 62.849272980741475], [-144.8219322416658, 62.84106717141006]]}, "properties": {"source": "1632192", "target": "1410387"}}, {"type": "Feature", "geometry": {"type": "LineString", "coordinates": [[-144.82672384060444, 62.85721453449926], [-144.85905696030835, 62.84240061186355]]}, "properties": {"source": "2142237", "target": "2500418"}}, {"type": "Feature", "geometry": {"type": "LineString", "coordinates": [[-144.82672384060444, 62.85721453449926], [-144.84749315897812, 62.84871717511231]]}, "properties": {"source": "2142237", "target": "2322359"}}, {"type": "Feature", "geometry": {"type": "LineString", "coordinates": [[-144.82672384060444, 62.85721453449926], [-144.80671426487743, 62.84395641236188]]}, "properties": {"source": "2142237", "target": "2573713"}}, {"type": "Feature", "geometry": {"type": "LineString", "coordinates": [[-144.8368551109081, 62.85061385673551], [-144.82880554950123, 62.84207858820352]]}, "properties": {"source": "2318292", "target": "3176248"}}, {"type": "Feature", "geometry": {"type": "LineString", "coordinates": [[-144.8368551109081, 62.85061385673551], [-144.85136191866962, 62.84395797211731]]}, "properties": {"source": "2318292", "target": "2918534"}}, {"type": "Feature", "geometry": {"type": "LineString", "coordinates": [[-144.8368551109081, 62.85061385673551], [-144.85331153810503, 62.85998415153493]]}, "properties": {"source": "2318292", "target": "3159880"}}, {"type": "Feature", "geometry": {"type": "LineString", "coordinates": [[-144.8368551109081, 62.85061385673551], [-144.8069011501101, 62.85311342516252]]}, "properties": {"source": "2318292", "target": "2322356"}}, {"type": "Feature", "geometry": {"type": "LineString", "coordinates": [[-144.8368551109081, 62.85061385673551], [-144.80590097259744, 62.859548169571696]]}, "properties": {"source": "2318292", "target": "3160511"}}, {"type": "Feature", "geometry": {"type": "LineString", "coordinates": [[-144.8368551109081, 62.85061385673551], [-144.8267593166485, 62.855484539966525]]}, "properties": {"source": "2318292", "target": "3559591"}}, {"type": "Feature", "geometry": {"type": "LineString", "coordinates": [[-144.8286337744396, 62.842426956065054], [-144.83672403597802, 62.850000292441905]]}, "properties": {"source": "6810298", "target": "6810184"}}, {"type": "Feature", "geometry": {"type": "LineString", "coordinates": [[-144.8286337744396, 62.842426956065054], [-144.86682622848173, 62.85076897041621]]}, "properties": {"source": "6810298", "target": "6809179"}}, {"type": "Feature", "geometry": {"type": "LineString", "coordinates": [[-144.8286337744396, 62.842426956065054], [-144.81560012543792, 62.84822100195018]]}, "properties": {"source": "6810298", "target": "6810111"}}, {"type": "Feature", "geometry": {"type": "LineString", "coordinates": [[-144.8286337744396, 62.842426956065054], [-144.8373130067128, 62.84609025933274]]}, "properties": {"source": "6810298", "target": "6809105"}}, {"type": "Feature", "geometry": {"type": "LineString", "coordinates": [[-144.8286337744396, 62.842426956065054], [-144.8668861749665, 62.84105673234413]]}, "properties": {"source": "6810298", "target": "6810229"}}, {"type": "Feature", "geometry": {"type": "LineString", "coordinates": [[-144.8286337744396, 62.842426956065054], [-144.8530848293209, 62.85981346165637]]}, "properties": {"source": "6810298", "target": "6810164"}}, {"type": "Feature", "geometry": {"type": "LineString", "coordinates": [[-144.8286337744396, 62.842426956065054], [-144.8377932886048, 62.849425351997155]]}, "properties": {"source": "6810298", "target": "6810145"}}, {"type": "Feature", "geometry": {"type": "LineString", "coordinates": [[-144.8286337744396, 62.842426956065054], [-144.81160584647938, 62.84668142605382]]}, "properties": {"source": "6810298", "target": "6808954"}}, {"type": "Feature", "geometry": {"type": "LineString", "coordinates": [[-144.81156094860745, 62.84558153338601], [-144.83882370559235, 62.85234363306465]]}, "properties": {"source": "2121359", "target": "2853435"}}, {"type": "Feature", "geometry": {"type": "LineString", "coordinates": [[-144.8286337744396, 62.842426956065054], [-144.85392381378034, 62.856161596602576]]}, "properties": {"source": "6810298", "target": "6810283"}}, {"type": "Feature", "geometry": {"type": "LineString", "coordinates": [[-144.8444471998668, 62.85863355678018], [-144.84379974692317, 62.861335764328416]]}, "properties": {"source": "325675", "target": "1819884"}}, {"type": "Feature", "geometry": {"type": "LineString", "coordinates": [[-144.8444471998668, 62.85863355678018], [-144.8142675623939, 62.85443315884926]]}, "properties": {"source": "325675", "target": "1695318"}}, {"type": "Feature", "geometry": {"type": "LineString", "coordinates": [[-144.8444471998668, 62.85863355678018], [-144.8307878098148, 62.85339884828517]]}, "properties": {"source": "325675", "target": "1948372"}}, {"type": "Feature", "geometry": {"type": "LineString", "coordinates": [[-144.8444471998668, 62.85863355678018], [-144.84857519992326, 62.85884982115424]]}, "properties": {"source": "325675", "target": "325641"}}, {"type": "Feature", "geometry": {"type": "LineString", "coordinates": [[-144.8174174070227, 62.84265025797103], [-144.8159047205372, 62.85056676542308]]}, "properties": {"source": "2322325", "target": "2122191"}}, {"type": "Feature", "geometry": {"type": "LineString", "coordinates": [[-144.8174174070227, 62.84265025797103], [-144.84749315897812, 62.84871717511231]]}, "properties": {"source": "2322325", "target": "2322359"}}, {"type": "Feature", "geometry": {"type": "LineString", "coordinates": [[-144.83731959600877, 62.85926198231222], [-144.82701968666322, 62.84290019140789]]}, "properties": {"source": "19126", "target": "2116134"}}, {"type": "Feature", "geometry": {"type": "LineString", "coordinates": [[-144.83731959600877, 62.85926198231222], [-144.81624320428926, 62.85955918988262]]}, "properties": {"source": "19126", "target": "777471"}}, {"type": "Feature", "geometry": {"type": "LineString", "coordinates": [[-144.83731959600877, 62.85926198231222], [-144.83735366074478, 62.85218533185434]]}, "properties": {"source": "19126", "target": "2116130"}}, {"type": "Feature", "geometry": {"type": "LineString", "coordinates": [[-144.83731959600877, 62.85926198231222], [-144.82827288938722, 62.84862311954676]]}, "properties": {"source": "19126", "target": "936920"}}, {"type": "Feature", "geometry": {"type": "LineString", "coordinates": [[-144.83731959600877, 62.85926198231222], [-144.83769177319576, 62.851717906192775]]}, "properties": {"source": "19126", "target": "969468"}}, {"type": "Feature", "geometry": {"type": "LineString", "coordinates": [[-144.84207704024888, 62.85689945658527], [-144.81661932280488, 62.847727872659945]]}, "properties": {"source": "1137779", "target": "1718785"}}, {"type": "Feature", "geometry": {"type": "LineString", "coordinates": [[-144.84207704024888, 62.85689945658527], [-144.83971408047665, 62.84763854224687]]}, "properties": {"source": "1137779", "target": "5627868"}}, {"type": "Feature", "geometry": {"type": "LineString", "coordinates": [[-144.84207704024888, 62.85689945658527], [-144.81862108368432, 62.84537286575059]]}, "properties": {"source": "1137779", "target": "478353"}}, {"type": "Feature", "geometry": {"type": "LineString", "coordinates": [[-144.84207704024888, 62.85689945658527], [-144.84963970342338, 62.85297146334989]]}, "properties": {"source": "1137779", "target": "2484764"}}, {"type": "Feature", "geometry": {"type": "LineString", "coordinates": [[-144.80703829015596, 62.85408760994582], [-144.82458618851248, 62.85485888329872]]}, "properties": {"source": "25053195", "target": "7357047"}}, {"type": "Feature", "geometry": {"type": "LineString", "coordinates": [[-144.81905455431308, 62.8601098975211], [-144.83339710252346, 62.858910374716444]]}, "properties": {"source": "6068557", "target": "6068564"}}, {"type": "Feature", "geometry": {"type": "LineString", "coordinates": [[-144.81905455431308, 62.8601098975211], [-144.81047471298479, 62.85463787718044]]}, "properties": {"source": "6068557", "target": "6068572"}}, {"type": "Feature", "geometry": {"type": "LineString", "coordinates": [[-144.81905455431308, 62.8601098975211], [-144.83498200702786, 62.84095003491015]]}, "properties": {"source": "6068557", "target": "2655630"}}, {"type": "Feature", "geometry": {"type": "LineString", "coordinates": [[-144.81905455431308, 62.8601098975211], [-144.8246799139161, 62.85542308076279]]}, "properties": {"source": "6068557", "target": "2655389"}}, {"type": "Feature", "geometry": {"type": "LineString", "coordinates": [[-144.81905455431308, 62.8601098975211], [-144.8187983611763, 62.84445385278161]]}, "properties": {"source": "6068557", "target": "6068550"}}, {"type": "Feature", "geometry": {"type": "LineString", "coordinates": [[-144.82410198642083, 62.86048257531321], [-144.8605381339911, 62.85686167539836]]}, "properties": {"source": "4624869", "target": "7360245"}}, {"type": "Feature", "geometry": {"type": "LineString", "coordinates": [[-144.82410198642083, 62.86048257531321], [-144.85024303505134, 62.85826040168746]]}, "properties": {"source": "4624869", "target": "3183389"}}, {"type": "Feature", "geometry": {"type": "LineString", "coordinates": [[-144.82410198642083, 62.86048257531321], [-144.83787267434934, 62.84666868158476]]}, "properties": {"source": "4624869", "target": "4624889"}}, {"type": "Feature", "geometry": {"type": "LineString", "coordinates": [[-144.82410198642083, 62.86048257531321], [-144.8664883831778, 62.853743324417735]]}, "properties": {"source": "4624869", "target": "1969159"}}, {"type": "Feature", "geometry": {"type": "LineString", "coordinates": [[-144.82410198642083, 62.86048257531321], [-144.8423573806527, 62.84213542815]]}, "properties": {"source": "4624869", "target": "3159982"}}, {"type": "Feature", "geometry": {"type": "LineString", "coordinates": [[-144.82410198642083, 62.86048257531321], [-144.80900449780475, 62.85686405643902]]}, "properties": {"source": "4624869", "target": "2141843"}}, {"type": "Feature", "geometry": {"type": "LineString", "coordinates": [[-144.82410198642083, 62.86048257531321], [-144.80841419300884, 62.85629265902604]]}, "properties": {"source": "4624869", "target": "6241563"}}, {"type": "Feature", "geometry": {"type": "LineString", "coordinates": [[-144.82410198642083, 62.86048257531321], [-144.82091437030795, 62.85735844281176]]}, "properties": {"source": "4624869", "target": "3159933"}}, {"type": "Feature", "geometry": {"type": "LineString", "coordinates": [[-144.82410198642083, 62.86048257531321], [-144.8276745198478, 62.84218507217038]]}, "properties": {"source": "4624869", "target": "3559951"}}, {"type": "Feature", "geometry": {"type": "LineString", "coordinates": [[-144.85283400407195, 62.84407826946608], [-144.8069011501101, 62.85311342516252]]}, "properties": {"source": "2918541", "target": "2322356"}}, {"type": "Feature", "geometry": {"type": "LineString", "coordinates": [[-144.85283400407195, 62.84407826946608], [-144.80590097259744, 62.859548169571696]]}, "properties": {"source": "2918541", "target": "3160511"}}, {"type": "Feature", "geometry": {"type": "LineString", "coordinates": [[-144.8668861749665, 62.84105673234413], [-144.8377932886048, 62.849425351997155]]}, "properties": {"source": "6810229", "target": "6810145"}}, {"type": "Feature", "geometry": {"type": "LineString", "coordinates": [[-144.8668861749665, 62.84105673234413], [-144.81160584647938, 62.84668142605382]]}, "properties": {"source": "6810229", "target": "6808954"}}, {"type": "Feature", "geometry": {"type": "LineString", "coordinates": [[-144.8668861749665, 62.84105673234413], [-144.85706571690096, 62.8406666665838]]}, "properties": {"source": "6810229", "target": "6810201"}}, {"type": "Feature", "geometry": {"type": "LineString", "coordinates": [[-144.8668861749665, 62.84105673234413], [-144.81343631084755, 62.85660029792773]]}, "properties": {"source": "6810229", "target": "6810276"}}, {"type": "Feature", "geometry": {"type": "LineString", "coordinates": [[-144.8668861749665, 62.84105673234413], [-144.80931453738577, 62.85030632586529]]}, "properties": {"source": "6810229", "target": "6809886"}}, {"type": "Feature", "geometry": {"type": "LineString", "coordinates": [[-144.8668861749665, 62.84105673234413], [-144.81816736759433, 62.84093914042049]]}, "properties": {"source": "6810229", "target": "6810269"}}, {"type": "Feature", "geometry": {"type": "LineString", "coordinates": [[-144.84807666987294, 62.86173465632832], [-144.80739829501874, 62.859791763708614]]}, "properties": {"source": "3160008", "target": "3160519"}}, {"type": "Feature", "geometry": {"type": "LineString", "coordinates": [[-144.85521254036877, 62.85446760600895], [-144.86393312580012, 62.85600643617923]]}, "properties": {"source": "3180314", "target": "2116118"}}, {"type": "Feature", "geometry": {"type": "LineString", "coordinates": [[-144.85521254036877, 62.85446760600895], [-144.8423573806527, 62.84213542815]]}, "properties": {"source": "3180314", "target": "3159982"}}, {"type": "Feature", "geometry": {"type": "LineString", "coordinates": [[-144.85521254036877, 62.85446760600895], [-144.80841419300884, 62.85629265902604]]}, "properties": {"source": "3180314", "target": "6241563"}}, {"type": "Feature", "geometry": {"type": "LineString", "coordinates": [[-144.85521254036877, 62.85446760600895], [-144.82233680027176, 62.855772280383846]]}, "properties": {"source": "3180314", "target": "3176162"}}, {"type": "Feature", "geometry": {"type": "LineString", "coordinates": [[-144.8176343426807, 62.85229710319071], [-144.86682622848173, 62.85076897041621]]}, "properties": {"source": "6068567", "target": "6809179"}}, {"type": "Feature", "geometry": {"type": "LineString", "coordinates": [[-144.8590416703921, 62.85521923649513], [-144.82880554950123, 62.84207858820352]]}, "properties": {"source": "3176229", "target": "3176248"}}, {"type": "Feature", "geometry": {"type": "LineString", "coordinates": [[-144.8590416703921, 62.85521923649513], [-144.8605381339911, 62.85686167539836]]}, "properties": {"source": "3176229", "target": "7360245"}}, {"type": "Feature", "geometry": {"type": "LineString", "coordinates": [[-144.8590416703921, 62.85521923649513], [-144.80590097259744, 62.859548169571696]]}, "properties": {"source": "3176229", "target": "3160511"}}, {"type": "Feature", "geometry": {"type": "LineString", "coordinates": [[-144.8590416703921, 62.85521923649513], [-144.85024303505134, 62.85826040168746]]}, "properties": {"source": "3176229", "target": "3183389"}}, {"type": "Feature", "geometry": {"type": "LineString", "coordinates": [[-144.8602694064939, 62.85866505268615], [-144.8567243909148, 62.845632714700216]]}, "properties": {"source": "2035758", "target": "2116786"}}, {"type": "Feature", "geometry": {"type": "LineString", "coordinates": [[-144.8602694064939, 62.85866505268615], [-144.86623928459503, 62.848294858538395]]}, "properties": {"source": "2035758", "target": "1921348"}}, {"type": "Feature", "geometry": {"type": "LineString", "coordinates": [[-144.8602694064939, 62.85866505268615], [-144.83441657950004, 62.84836220245437]]}, "properties": {"source": "2035758", "target": "2121308"}}, {"type": "Feature", "geometry": {"type": "LineString", "coordinates": [[-144.8602694064939, 62.85866505268615], [-144.83948117722042, 62.85772373815486]]}, "properties": {"source": "2035758", "target": "2318317"}}, {"type": "Feature", "geometry": {"type": "LineString", "coordinates": [[-144.8602694064939, 62.85866505268615], [-144.82667706650363, 62.84704776478375]]}, "properties": {"source": "2035758", "target": "18301"}}, {"type": "Feature", "geometry": {"type": "LineString", "coordinates": [[-144.8602694064939, 62.85866505268615], [-144.8662476421105, 62.84530372667949]]}, "properties": {"source": "2035758", "target": "2142719"}}, {"type": "Feature", "geometry": {"type": "LineString", "coordinates": [[-144.81803225724497, 62.84835237510572], [-144.81466346969847, 62.84534315173131]]}, "properties": {"source": "3103015", "target": "6607394"}}, {"type": "Feature", "geometry": {"type": "LineString", "coordinates": [[-144.81803225724497, 62.84835237510572], [-144.85561817334624, 62.84688174510481]]}, "properties": {"source": "3103015", "target": "2418905"}}, {"type": "Feature", "geometry": {"type": "LineString", "coordinates": [[-144.82545143022705, 62.86040564734161], [-144.8069011501101, 62.85311342516252]]}, "properties": {"source": "1652153", "target": "2322356"}}, {"type": "Feature", "geometry": {"type": "LineString", "coordinates": [[-144.82545143022705, 62.86040564734161], [-144.80590097259744, 62.859548169571696]]}, "properties": {"source": "1652153", "target": "3160511"}}, {"type": "Feature", "geometry": {"type": "LineString", "coordinates": [[-144.82545143022705, 62.86040564734161], [-144.82339129350967, 62.86062481183778]]}, "properties": {"source": "1652153", "target": "18316"}}, {"type": "Feature", "geometry": {"type": "LineString", "coordinates": [[-144.84809749584494, 62.854953993190634], [-144.86170325145457, 62.851618777654224]]}, "properties": {"source": "2740752", "target": "2853403"}}, {"type": "Feature", "geometry": {"type": "LineString", "coordinates": [[-144.83384829088084, 62.85988255642562], [-144.82458618851248, 62.85485888329872]]}, "properties": {"source": "6992452", "target": "7357047"}}, {"type": "Feature", "geometry": {"type": "LineString", "coordinates": [[-144.83384829088084, 62.85988255642562], [-144.81466346969847, 62.84534315173131]]}, "properties": {"source": "6992452", "target": "6607394"}}, {"type": "Feature", "geometry": {"type": "LineString", "coordinates": [[-144.83384829088084, 62.85988255642562], [-144.86508528495816, 62.84896741631951]]}, "properties": {"source": "6992452", "target": "7043815"}}, {"type": "Feature", "geometry": {"type": "LineString", "coordinates": [[-144.85134234038128, 62.85167721124684], [-144.85101881405149, 62.85380941054106]]}, "properties": {"source": "1767738", "target": "2121361"}}, {"type": "Feature", "geometry": {"type": "LineString", "coordinates": [[-144.8277349348561, 62.859107889569046], [-144.8255606730823, 62.84474379239245]]}, "properties": {"source": "2740974", "target": "4697966"}}, {"type": "Feature", "geometry": {"type": "LineString", "coordinates": [[-144.83711627542453, 62.85273772157724], [-144.82859335884802, 62.84280126488372]]}, "properties": {"source": "2045074", "target": "2121357"}}, {"type": "Feature", "geometry": {"type": "LineString", "coordinates": [[-144.83711627542453, 62.85273772157724], [-144.82701968666322, 62.84290019140789]]}, "properties": {"source": "2045074", "target": "2116134"}}, {"type": "Feature", "geometry": {"type": "LineString", "coordinates": [[-144.83711627542453, 62.85273772157724], [-144.84094308835438, 62.85261718808886]]}, "properties": {"source": "2045074", "target": "2116760"}}, {"type": "Feature", "geometry": {"type": "LineString", "coordinates": [[-144.83711627542453, 62.85273772157724], [-144.86393312580012, 62.85600643617923]]}, "properties": {"source": "2045074", "target": "2116118"}}, {"type": "Feature", "geometry": {"type": "LineString", "coordinates": [[-144.83711627542453, 62.85273772157724], [-144.85941684061441, 62.86009398365093]]}, "properties": {"source": "2045074", "target": "1948371"}}, {"type": "Feature", "geometry": {"type": "LineString", "coordinates": [[-144.84379974692317, 62.861335764328416], [-144.8307878098148, 62.85339884828517]]}, "properties": {"source": "1819884", "target": "1948372"}}, {"type": "Feature", "geometry": {"type": "LineString", "coordinates": [[-144.8617037065527, 62.857818035674995], [-144.86623928459503, 62.848294858538395]]}, "properties": {"source": "1737922", "target": "1921348"}}, {"type": "Feature", "geometry": {"type": "LineString", "coordinates": [[-144.8617037065527, 62.857818035674995], [-144.81661932280488, 62.847727872659945]]}, "properties": {"source": "1737922", "target": "1718785"}}, {"type": "Feature", "geometry": {"type": "LineString", "coordinates": [[-144.8617037065527, 62.857818035674995], [-144.83408470534957, 62.845131227865664]]}, "properties": {"source": "1737922", "target": "1737929"}}, {"type": "Feature", "geometry": {"type": "LineString", "coordinates": [[-144.8617037065527, 62.857818035674995], [-144.84248094088846, 62.8534267398563]]}, "properties": {"source": "1737922", "target": "1007926"}}, {"type": "Feature", "geometry": {"type": "LineString", "coordinates": [[-144.83297387883636, 62.858636561821115], [-144.81493730325423, 62.84090266275497]]}, "properties": {"source": "382998", "target": "4567024"}}, {"type": "Feature", "geometry": {"type": "LineString", "coordinates": [[-144.83297387883636, 62.858636561821115], [-144.81119014720477, 62.85979928299817]]}, "properties": {"source": "382998", "target": "1605745"}}, {"type": "Feature", "geometry": {"type": "LineString", "coordinates": [[-144.83297387883636, 62.858636561821115], [-144.8255606730823, 62.84474379239245]]}, "properties": {"source": "382998", "target": "4697966"}}, {"type": "Feature", "geometry": {"type": "LineString", "coordinates": [[-144.8142675623939, 62.85443315884926], [-144.85941684061441, 62.86009398365093]]}, "properties": {"source": "1695318", "target": "1948371"}}, {"type": "Feature", "geometry": {"type": "LineString", "coordinates": [[-144.8142675623939, 62.85443315884926], [-144.80614519524383, 62.85496819645766]]}, "properties": {"source": "1695318", "target": "1695311"}}, {"type": "Feature", "geometry": {"type": "LineString", "coordinates": [[-144.86523723286237, 62.84788341348401], [-144.83498200702786, 62.84095003491015]]}, "properties": {"source": "6239211", "target": "2655630"}}, {"type": "Feature", "geometry": {"type": "LineString", "coordinates": [[-144.86523723286237, 62.84788341348401], [-144.8246799139161, 62.85542308076279]]}, "properties": {"source": "6239211", "target": "2655389"}}, {"type": "Feature", "geometry": {"type": "LineString", "coordinates": [[-144.86523723286237, 62.84788341348401], [-144.8187983611763, 62.84445385278161]]}, "properties": {"source": "6239211", "target": "6068550"}}, {"type": "Feature", "geometry": {"type": "LineString", "coordinates": [[-144.86022831578373, 62.85680094410655], [-144.84094308835438, 62.85261718808886]]}, "properties": {"source": "178315", "target": "2116760"}}, {"type": "Feature", "geometry": {"type": "LineString", "coordinates": [[-144.86022831578373, 62.85680094410655], [-144.8365325366537, 62.848620642940475]]}, "properties": {"source": "178315", "target": "1819909"}}, {"type": "Feature", "geometry": {"type": "LineString", "coordinates": [[-144.86022831578373, 62.85680094410655], [-144.8446828002605, 62.84738377320642]]}, "properties": {"source": "178315", "target": "1819699"}}, {"type": "Feature", "geometry": {"type": "LineString", "coordinates": [[-144.8521626792092, 62.861281553691754], [-144.82827288938722, 62.84862311954676]]}, "properties": {"source": "13550", "target": "936920"}}, {"type": "Feature", "geometry": {"type": "LineString", "coordinates": [[-144.8521626792092, 62.861281553691754], [-144.83769177319576, 62.851717906192775]]}, "properties": {"source": "13550", "target": "969468"}}, {"type": "Feature", "geometry": {"type": "LineString", "coordinates": [[-144.8521626792092, 62.861281553691754], [-144.8282385748851, 62.84282667717203]]}, "properties": {"source": "13550", "target": "1373742"}}, {"type": "Feature", "geometry": {"type": "LineString", "coordinates": [[-144.8521626792092, 62.861281553691754], [-144.82039301185392, 62.84982843912128]]}, "properties": {"source": "13550", "target": "1373732"}}, {"type": "Feature", "geometry": {"type": "LineString", "coordinates": [[-144.8521626792092, 62.861281553691754], [-144.86424320209034, 62.85360258720095]]}, "properties": {"source": "13550", "target": "13551"}}, {"type": "Feature", "geometry": {"type": "LineString", "coordinates": [[-144.8521626792092, 62.861281553691754], [-144.8184109474948, 62.84390850970861]]}, "properties": {"source": "13550", "target": "13549"}}, {"type": "Feature", "geometry": {"type": "LineString", "coordinates": [[-144.85112291807042, 62.84180232872349], [-144.81730632113675, 62.860185198234944]]}, "properties": {"source": "2115744", "target": "3176228"}}, {"type": "Feature", "geometry": {"type": "LineString", "coordinates": [[-144.85112291807042, 62.84180232872349], [-144.84807666987294, 62.86173465632832]]}, "properties": {"source": "2115744", "target": "3160008"}}, {"type": "Feature", "geometry": {"type": "LineString", "coordinates": [[-144.85112291807042, 62.84180232872349], [-144.82784469823446, 62.85151191798077]]}, "properties": {"source": "2115744", "target": "1819908"}}, {"type": "Feature", "geometry": {"type": "LineString", "coordinates": [[-144.85112291807042, 62.84180232872349], [-144.8365325366537, 62.848620642940475]]}, "properties": {"source": "2115744", "target": "1819909"}}, {"type": "Feature", "geometry": {"type": "LineString", "coordinates": [[-144.81765676239127, 62.85668420020927], [-144.81466346969847, 62.84534315173131]]}, "properties": {"source": "13556", "target": "6607394"}}, {"type": "Feature", "geometry": {"type": "LineString", "coordinates": [[-144.81765676239127, 62.85668420020927], [-144.8240597219565, 62.84720055961748]]}, "properties": {"source": "13556", "target": "3470844"}}, {"type": "Feature", "geometry": {"type": "LineString", "coordinates": [[-144.8635779225477, 62.85118289284978], [-144.8470604042388, 62.854225287834495]]}, "properties": {"source": "3321279", "target": "321719"}}, {"type": "Feature", "geometry": {"type": "LineString", "coordinates": [[-144.8635779225477, 62.85118289284978], [-144.8238532312636, 62.84351952236017]]}, "properties": {"source": "3321279", "target": "1992777"}}, {"type": "Feature", "geometry": {"type": "LineString", "coordinates": [[-144.8635779225477, 62.85118289284978], [-144.81106824245788, 62.853865695945714]]}, "properties": {"source": "3321279", "target": "5983742"}}, {"type": "Feature", "geometry": {"type": "LineString", "coordinates": [[-144.85721181226089, 62.84844960460812], [-144.83882370559235, 62.85234363306465]]}, "properties": {"source": "2343143", "target": "2853435"}}, {"type": "Feature", "geometry": {"type": "LineString", "coordinates": [[-144.85721181226089, 62.84844960460812], [-144.85905696030835, 62.84240061186355]]}, "properties": {"source": "2343143", "target": "2500418"}}, {"type": "Feature", "geometry": {"type": "LineString", "coordinates": [[-144.85721181226089, 62.84844960460812], [-144.83948117722042, 62.85772373815486]]}, "properties": {"source": "2343143", "target": "2318317"}}, {"type": "Feature", "geometry": {"type": "LineString", "coordinates": [[-144.85721181226089, 62.84844960460812], [-144.86199528976752, 62.846652032152434]]}, "properties": {"source": "2343143", "target": "2573289"}}, {"type": "Feature", "geometry": {"type": "LineString", "coordinates": [[-144.85721181226089, 62.84844960460812], [-144.86170325145457, 62.851618777654224]]}, "properties": {"source": "2343143", "target": "2853403"}}, {"type": "Feature", "geometry": {"type": "LineString", "coordinates": [[-144.84185730730894, 62.84700270601715], [-144.85832501934482, 62.858231847638265]]}, "properties": {"source": "1435221", "target": "1722808"}}, {"type": "Feature", "geometry": {"type": "LineString", "coordinates": [[-144.84185730730894, 62.84700270601715], [-144.85849594990452, 62.8411686577964]]}, "properties": {"source": "1435221", "target": "1632191"}}, {"type": "Feature", "geometry": {"type": "LineString", "coordinates": [[-144.84185730730894, 62.84700270601715], [-144.8644901460109, 62.853316278806275]]}, "properties": {"source": "1435221", "target": "1632187"}}, {"type": "Feature", "geometry": {"type": "LineString", "coordinates": [[-144.84185730730894, 62.84700270601715], [-144.85134234038128, 62.85167721124684]]}, "properties": {"source": "1435221", "target": "1767738"}}, {"type": "Feature", "geometry": {"type": "LineString", "coordinates": [[-144.85703194973757, 62.84688552768512], [-144.8277349348561, 62.859107889569046]]}, "properties": {"source": "3470630", "target": "2740974"}}, {"type": "Feature", "geometry": {"type": "LineString", "coordinates": [[-144.85703194973757, 62.84688552768512], [-144.81493730325423, 62.84090266275497]]}, "properties": {"source": "3470630", "target": "4567024"}}, {"type": "Feature", "geometry": {"type": "LineString", "coordinates": [[-144.84468839345453, 62.844677758175564], [-144.86088421823382, 62.85165721321751]]}, "properties": {"source": "6071361", "target": "2107276"}}, {"type": "Feature", "geometry": {"type": "LineString", "coordinates": [[-144.84468839345453, 62.844677758175564], [-144.83625076443172, 62.85362971014733]]}, "properties": {"source": "6071361", "target": "2107237"}}, {"type": "Feature", "geometry": {"type": "LineString", "coordinates": [[-144.84468839345453, 62.844677758175564], [-144.8522772284451, 62.85585554831299]]}, "properties": {"source": "6071361", "target": "2107259"}}, {"type": "Feature", "geometry": {"type": "LineString", "coordinates": [[-144.84468839345453, 62.844677758175564], [-144.8342921844593, 62.84895156908581]]}, "properties": {"source": "6071361", "target": "2107283"}}, {"type": "Feature", "geometry": {"type": "LineString", "coordinates": [[-144.84468839345453, 62.844677758175564], [-144.83859633117913, 62.84550768600192]]}, "properties": {"source": "6071361", "target": "6071369"}}, {"type": "Feature", "geometry": {"type": "LineString", "coordinates": [[-144.84468839345453, 62.844677758175564], [-144.84989883349522, 62.854303284226305]]}, "properties": {"source": "6071361", "target": "2092640"}}, {"type": "Feature", "geometry": {"type": "LineString", "coordinates": [[-144.81707891973986, 62.85168188727643], [-144.80590097259744, 62.859548169571696]]}, "properties": {"source": "2116396", "target": "3160511"}}, {"type": "Feature", "geometry": {"type": "LineString", "coordinates": [[-144.81707891973986, 62.85168188727643], [-144.86623928459503, 62.848294858538395]]}, "properties": {"source": "2116396", "target": "1921348"}}, {"type": "Feature", "geometry": {"type": "LineString", "coordinates": [[-144.81707891973986, 62.85168188727643], [-144.81597572119315, 62.85461205388633]]}, "properties": {"source": "2116396", "target": "2142729"}}, {"type": "Feature", "geometry": {"type": "LineString", "coordinates": [[-144.81707891973986, 62.85168188727643], [-144.82672384060444, 62.85721453449926]]}, "properties": {"source": "2116396", "target": "2142237"}}, {"type": "Feature", "geometry": {"type": "LineString", "coordinates": [[-144.81707891973986, 62.85168188727643], [-144.80671426487743, 62.84395641236188]]}, "properties": {"source": "2116396", "target": "2573713"}}, {"type": "Feature", "geometry": {"type": "LineString", "coordinates": [[-144.83044259796372, 62.84964330399791], [-144.8069011501101, 62.85311342516252]]}, "properties": {"source": "2142614", "target": "2322356"}}, {"type": "Feature", "geometry": {"type": "LineString", "coordinates": [[-144.83044259796372, 62.84964330399791], [-144.85905696030835, 62.84240061186355]]}, "properties": {"source": "2142614", "target": "2500418"}}, {"type": "Feature", "geometry": {"type": "LineString", "coordinates": [[-144.83044259796372, 62.84964330399791], [-144.81963308871315, 62.84232499080086]]}, "properties": {"source": "2142614", "target": "2205402"}}, {"type": "Feature", "geometry": {"type": "LineString", "coordinates": [[-144.83044259796372, 62.84964330399791], [-144.84700345380404, 62.84896982731489]]}, "properties": {"source": "2142614", "target": "2322340"}}, {"type": "Feature", "geometry": {"type": "LineString", "coordinates": [[-144.83044259796372, 62.84964330399791], [-144.84749315897812, 62.84871717511231]]}, "properties": {"source": "2142614", "target": "2322359"}}, {"type": "Feature", "geometry": {"type": "LineString", "coordinates": [[-144.80990338953742, 62.85073950638636], [-144.86393312580012, 62.85600643617923]]}, "properties": {"source": "3176195", "target": "2116118"}}, {"type": "Feature", "geometry": {"type": "LineString", "coordinates": [[-144.80990338953742, 62.85073950638636], [-144.8423573806527, 62.84213542815]]}, "properties": {"source": "3176195", "target": "3159982"}}, {"type": "Feature", "geometry": {"type": "LineString", "coordinates": [[-144.80990338953742, 62.85073950638636], [-144.80841419300884, 62.85629265902604]]}, "properties": {"source": "3176195", "target": "6241563"}}, {"type": "Feature", "geometry": {"type": "LineString", "coordinates": [[-144.80990338953742, 62.85073950638636], [-144.82233680027176, 62.855772280383846]]}, "properties": {"source": "3176195", "target": "3176162"}}, {"type": "Feature", "geometry": {"type": "LineString", "coordinates": [[-144.8522772284451, 62.85585554831299], [-144.81763674884695, 62.85336370859365]]}, "properties": {"source": "2107259", "target": "2107232"}}, {"type": "Feature", "geometry": {"type": "LineString", "coordinates": [[-144.81047471298479, 62.85463787718044], [-144.86682622848173, 62.85076897041621]]}, "properties": {"source": "6068572", "target": "6809179"}}, {"type": "Feature", "geometry": {"type": "LineString", "coordinates": [[-144.81047471298479, 62.85463787718044], [-144.8176343426807, 62.85229710319071]]}, "properties": {"source": "6068572", "target": "6068567"}}, {"type": "Feature", "geometry": {"type": "LineString", "coordinates": [[-144.85569981599204, 62.842334614143326], [-144.86424320209034, 62.85360258720095]]}, "properties": {"source": "1373743", "target": "13551"}}, {"type": "Feature", "geometry": {"type": "LineString", "coordinates": [[-144.83976591822938, 62.84634950202502], [-144.85136191866962, 62.84395797211731]]}, "properties": {"source": "2393172", "target": "2918534"}}, {"type": "Feature", "geometry": {"type": "LineString", "coordinates": [[-144.83976591822938, 62.84634950202502], [-144.8069011501101, 62.85311342516252]]}, "properties": {"source": "2393172", "target": "2322356"}}, {"type": "Feature", "geometry": {"type": "LineString", "coordinates": [[-144.83976591822938, 62.84634950202502], [-144.83882370559235, 62.85234363306465]]}, "properties": {"source": "2393172", "target": "2853435"}}, {"type": "Feature", "geometry": {"type": "LineString", "coordinates": [[-144.83976591822938, 62.84634950202502], [-144.85283400407195, 62.84407826946608]]}, "properties": {"source": "2393172", "target": "2918541"}}, {"type": "Feature", "geometry": {"type": "LineString", "coordinates": [[-144.83976591822938, 62.84634950202502], [-144.8277349348561, 62.859107889569046]]}, "properties": {"source": "2393172", "target": "2740974"}}, {"type": "Feature", "geometry": {"type": "LineString", "coordinates": [[-144.83976591822938, 62.84634950202502], [-144.81597572119315, 62.85461205388633]]}, "properties": {"source": "2393172", "target": "2142729"}}, {"type": "Feature", "geometry": {"type": "LineString", "coordinates": [[-144.83976591822938, 62.84634950202502], [-144.83948117722042, 62.85772373815486]]}, "properties": {"source": "2393172", "target": "2318317"}}, {"type": "Feature", "geometry": {"type": "LineString", "coordinates": [[-144.83976591822938, 62.84634950202502], [-144.86199528976752, 62.846652032152434]]}, "properties": {"source": "2393172", "target": "2573289"}}, {"type": "Feature", "geometry": {"type": "LineString", "coordinates": [[-144.81862108368432, 62.84537286575059], [-144.81661932280488, 62.847727872659945]]}, "properties": {"source": "478353", "target": "1718785"}}, {"type": "Feature", "geometry": {"type": "LineString", "coordinates": [[-144.86187468696872, 62.847421916472356], [-144.8549331573907, 62.86105642586395]]}, "properties": {"source": "544899", "target": "6074357"}}, {"type": "Feature", "geometry": {"type": "LineString", "coordinates": [[-144.8433521185669, 62.845315431061806], [-144.80614519524383, 62.85496819645766]]}, "properties": {"source": "15801508", "target": "1695311"}}, {"type": "Feature", "geometry": {"type": "LineString", "coordinates": [[-144.8433521185669, 62.845315431061806], [-144.84379974692317, 62.861335764328416]]}, "properties": {"source": "15801508", "target": "1819884"}}, {"type": "Feature", "geometry": {"type": "LineString", "coordinates": [[-144.8433521185669, 62.845315431061806], [-144.8142675623939, 62.85443315884926]]}, "properties": {"source": "15801508", "target": "1695318"}}, {"type": "Feature", "geometry": {"type": "LineString", "coordinates": [[-144.8433521185669, 62.845315431061806], [-144.81527339810938, 62.85572416128501]]}, "properties": {"source": "15801508", "target": "14814349"}}, {"type": "Feature", "geometry": {"type": "LineString", "coordinates": [[-144.80590097259744, 62.859548169571696], [-144.86170325145457, 62.851618777654224]]}, "properties": {"source": "3160511", "target": "2853403"}}, {"type": "Feature", "geometry": {"type": "LineString", "coordinates": [[-144.82045570398247, 62.85325088952938], [-144.81763674884695, 62.85336370859365]]}, "properties": {"source": "2107260", "target": "2107232"}}, {"type": "Feature", "geometry": {"type": "LineString", "coordinates": [[-144.82045570398247, 62.85325088952938], [-144.8522772284451, 62.85585554831299]]}, "properties": {"source": "2107260", "target": "2107259"}}, {"type": "Feature", "geometry": {"type": "LineString", "coordinates": [[-144.82045570398247, 62.85325088952938], [-144.8342921844593, 62.84895156908581]]}, "properties": {"source": "2107260", "target": "2107283"}}, {"type": "Feature", "geometry": {"type": "LineString", "coordinates": [[-144.82045570398247, 62.85325088952938], [-144.8433179642066, 62.846594857860964]]}, "properties": {"source": "2107260", "target": "2029577"}}, {"type": "Feature", "geometry": {"type": "LineString", "coordinates": [[-144.82045570398247, 62.85325088952938], [-144.84989883349522, 62.854303284226305]]}, "properties": {"source": "2107260", "target": "2092640"}}, {"type": "Feature", "geometry": {"type": "LineString", "coordinates": [[-144.81156094860745, 62.84558153338601], [-144.82859335884802, 62.84280126488372]]}, "properties": {"source": "2121359", "target": "2121357"}}, {"type": "Feature", "geometry": {"type": "LineString", "coordinates": [[-144.81156094860745, 62.84558153338601], [-144.8605381339911, 62.85686167539836]]}, "properties": {"source": "2121359", "target": "7360245"}}, {"type": "Feature", "geometry": {"type": "LineString", "coordinates": [[-144.81156094860745, 62.84558153338601], [-144.82701968666322, 62.84290019140789]]}, "properties": {"source": "2121359", "target": "2116134"}}, {"type": "Feature", "geometry": {"type": "LineString", "coordinates": [[-144.81156094860745, 62.84558153338601], [-144.81730632113675, 62.860185198234944]]}, "properties": {"source": "2121359", "target": "3176228"}}, {"type": "Feature", "geometry": {"type": "LineString", "coordinates": [[-144.85166908620295, 62.84288506828496], [-144.8225585566361, 62.853286712006465]]}, "properties": {"source": "2107261", "target": "2107229"}}, {"type": "Feature", "geometry": {"type": "LineString", "coordinates": [[-144.85166908620295, 62.84288506828496], [-144.8522772284451, 62.85585554831299]]}, "properties": {"source": "2107261", "target": "2107259"}}, {"type": "Feature", "geometry": {"type": "LineString", "coordinates": [[-144.85166908620295, 62.84288506828496], [-144.8159047205372, 62.85056676542308]]}, "properties": {"source": "2107261", "target": "2122191"}}, {"type": "Feature", "geometry": {"type": "LineString", "coordinates": [[-144.85166908620295, 62.84288506828496], [-144.86623928459503, 62.848294858538395]]}, "properties": {"source": "2107261", "target": "1921348"}}, {"type": "Feature", "geometry": {"type": "LineString", "coordinates": [[-144.85166908620295, 62.84288506828496], [-144.82902399331326, 62.84798574065694]]}, "properties": {"source": "2107261", "target": "2107208"}}, {"type": "Feature", "geometry": {"type": "LineString", "coordinates": [[-144.85166908620295, 62.84288506828496], [-144.8342921844593, 62.84895156908581]]}, "properties": {"source": "2107261", "target": "2107283"}}, {"type": "Feature", "geometry": {"type": "LineString", "coordinates": [[-144.80778093080198, 62.86034879325605], [-144.83948117722042, 62.85772373815486]]}, "properties": {"source": "2142586", "target": "2318317"}}, {"type": "Feature", "geometry": {"type": "LineString", "coordinates": [[-144.80778093080198, 62.86034879325605], [-144.81707891973986, 62.85168188727643]]}, "properties": {"source": "2142586", "target": "2116396"}}, {"type": "Feature", "geometry": {"type": "LineString", "coordinates": [[-144.81576587467916, 62.86007102343105], [-144.86099312210817, 62.85386012649022]]}, "properties": {"source": "1721081", "target": "1885141"}}, {"type": "Feature", "geometry": {"type": "LineString", "coordinates": [[-144.81576587467916, 62.86007102343105], [-144.86623928459503, 62.848294858538395]]}, "properties": {"source": "1721081", "target": "1921348"}}, {"type": "Feature", "geometry": {"type": "LineString", "coordinates": [[-144.81576587467916, 62.86007102343105], [-144.82667706650363, 62.84704776478375]]}, "properties": {"source": "1721081", "target": "18301"}}, {"type": "Feature", "geometry": {"type": "LineString", "coordinates": [[-144.81576587467916, 62.86007102343105], [-144.82018796685554, 62.84375271218872]]}, "properties": {"source": "1721081", "target": "1788611"}}, {"type": "Feature", "geometry": {"type": "LineString", "coordinates": [[-144.81576587467916, 62.86007102343105], [-144.83408470534957, 62.845131227865664]]}, "properties": {"source": "1721081", "target": "1737929"}}, {"type": "Feature", "geometry": {"type": "LineString", "coordinates": [[-144.81576587467916, 62.86007102343105], [-144.8617037065527, 62.857818035674995]]}, "properties": {"source": "1721081", "target": "1737922"}}, {"type": "Feature", "geometry": {"type": "LineString", "coordinates": [[-144.84793294554274, 62.8589747353203], [-144.81493730325423, 62.84090266275497]]}, "properties": {"source": "1115807", "target": "4567024"}}, {"type": "Feature", "geometry": {"type": "LineString", "coordinates": [[-144.84793294554274, 62.8589747353203], [-144.83331321128182, 62.84922677591608]]}, "properties": {"source": "1115807", "target": "4566982"}}, {"type": "Feature", "geometry": {"type": "LineString", "coordinates": [[-144.8255606730823, 62.84474379239245], [-144.86199528976752, 62.846652032152434]]}, "properties": {"source": "4697966", "target": "2573289"}}, {"type": "Feature", "geometry": {"type": "LineString", "coordinates": [[-144.86559676362498, 62.849219332555165], [-144.81661932280488, 62.847727872659945]]}, "properties": {"source": "6566940", "target": "1718785"}}, {"type": "Feature", "geometry": {"type": "LineString", "coordinates": [[-144.86559676362498, 62.849219332555165], [-144.84207704024888, 62.85689945658527]]}, "properties": {"source": "6566940", "target": "1137779"}}, {"type": "Feature", "geometry": {"type": "LineString", "coordinates": [[-144.86559676362498, 62.849219332555165], [-144.83971408047665, 62.84763854224687]]}, "properties": {"source": "6566940", "target": "5627868"}}, {"type": "Feature", "geometry": {"type": "LineString", "coordinates": [[-144.86559676362498, 62.849219332555165], [-144.81862108368432, 62.84537286575059]]}, "properties": {"source": "6566940", "target": "478353"}}, {"type": "Feature", "geometry": {"type": "LineString", "coordinates": [[-144.81333038715567, 62.844111449182975], [-144.85941684061441, 62.86009398365093]]}, "properties": {"source": "1862771", "target": "1948371"}}, {"type": "Feature", "geometry": {"type": "LineString", "coordinates": [[-144.81333038715567, 62.844111449182975], [-144.80614519524383, 62.85496819645766]]}, "properties": {"source": "1862771", "target": "1695311"}}, {"type": "Feature", "geometry": {"type": "LineString", "coordinates": [[-144.81333038715567, 62.844111449182975], [-144.84379974692317, 62.861335764328416]]}, "properties": {"source": "1862771", "target": "1819884"}}, {"type": "Feature", "geometry": {"type": "LineString", "coordinates": [[-144.81333038715567, 62.844111449182975], [-144.8307878098148, 62.85339884828517]]}, "properties": {"source": "1862771", "target": "1948372"}}, {"type": "Feature", "geometry": {"type": "LineString", "coordinates": [[-144.8240628111367, 62.8520948927209], [-144.8069011501101, 62.85311342516252]]}, "properties": {"source": "2239950", "target": "2322356"}}, {"type": "Feature", "geometry": {"type": "LineString", "coordinates": [[-144.8240628111367, 62.8520948927209], [-144.84700345380404, 62.84896982731489]]}, "properties": {"source": "2239950", "target": "2322340"}}, {"type": "Feature", "geometry": {"type": "LineString", "coordinates": [[-144.8240628111367, 62.8520948927209], [-144.84749315897812, 62.84871717511231]]}, "properties": {"source": "2239950", "target": "2322359"}}, {"type": "Feature", "geometry": {"type": "LineString", "coordinates": [[-144.84963970342338, 62.85297146334989], [-144.81661932280488, 62.847727872659945]]}, "properties": {"source": "2484764", "target": "1718785"}}, {"type": "Feature", "geometry": {"type": "LineString", "coordinates": [[-144.84963970342338, 62.85297146334989], [-144.81862108368432, 62.84537286575059]]}, "properties": {"source": "2484764", "target": "478353"}}, {"type": "Feature", "geometry": {"type": "LineString", "coordinates": [[-144.867505073934, 62.85432616266101], [-144.82701968666322, 62.84290019140789]]}, "properties": {"source": "176006", "target": "2116134"}}, {"type": "Feature", "geometry": {"type": "LineString", "coordinates": [[-144.867505073934, 62.85432616266101], [-144.8293867911369, 62.85826437553523]]}, "properties": {"source": "176006", "target": "2116133"}}, {"type": "Feature", "geometry": {"type": "LineString", "coordinates": [[-144.85682481531444, 62.84200182852874], [-144.8668861749665, 62.84105673234413]]}, "properties": {"source": "6810309", "target": "6810229"}}, {"type": "Feature", "geometry": {"type": "LineString", "coordinates": [[-144.85682481531444, 62.84200182852874], [-144.8530848293209, 62.85981346165637]]}, "properties": {"source": "6810309", "target": "6810164"}}, {"type": "Feature", "geometry": {"type": "LineString", "coordinates": [[-144.85682481531444, 62.84200182852874], [-144.8377932886048, 62.849425351997155]]}, "properties": {"source": "6810309", "target": "6810145"}}, {"type": "Feature", "geometry": {"type": "LineString", "coordinates": [[-144.85682481531444, 62.84200182852874], [-144.81160584647938, 62.84668142605382]]}, "properties": {"source": "6810309", "target": "6808954"}}, {"type": "Feature", "geometry": {"type": "LineString", "coordinates": [[-144.85682481531444, 62.84200182852874], [-144.85706571690096, 62.8406666665838]]}, "properties": {"source": "6810309", "target": "6810201"}}, {"type": "Feature", "geometry": {"type": "LineString", "coordinates": [[-144.85682481531444, 62.84200182852874], [-144.81343631084755, 62.85660029792773]]}, "properties": {"source": "6810309", "target": "6810276"}}, {"type": "Feature", "geometry": {"type": "LineString", "coordinates": [[-144.85682481531444, 62.84200182852874], [-144.83974160118572, 62.85142716907113]]}, "properties": {"source": "6810309", "target": "6809913"}}, {"type": "Feature", "geometry": {"type": "LineString", "coordinates": [[-144.85682481531444, 62.84200182852874], [-144.81318189820004, 62.84912220944615]]}, "properties": {"source": "6810309", "target": "6810291"}}, {"type": "Feature", "geometry": {"type": "LineString", "coordinates": [[-144.85682481531444, 62.84200182852874], [-144.80931453738577, 62.85030632586529]]}, "properties": {"source": "6810309", "target": "6809886"}}, {"type": "Feature", "geometry": {"type": "LineString", "coordinates": [[-144.85682481531444, 62.84200182852874], [-144.81816736759433, 62.84093914042049]]}, "properties": {"source": "6810309", "target": "6810269"}}, {"type": "Feature", "geometry": {"type": "LineString", "coordinates": [[-144.85682481531444, 62.84200182852874], [-144.80489257983314, 62.853513770293944]]}, "properties": {"source": "6810309", "target": "6810249"}}, {"type": "Feature", "geometry": {"type": "LineString", "coordinates": [[-144.85682481531444, 62.84200182852874], [-144.82426656210657, 62.84818803562126]]}, "properties": {"source": "6810309", "target": "7075431"}}, {"type": "Feature", "geometry": {"type": "LineString", "coordinates": [[-144.85682481531444, 62.84200182852874], [-144.80743089982775, 62.853691822591685]]}, "properties": {"source": "6810309", "target": "8931943"}}, {"type": "Feature", "geometry": {"type": "LineString", "coordinates": [[-144.80510512402074, 62.84679391968851], [-144.86682622848173, 62.85076897041621]]}, "properties": {"source": "6288445", "target": "6809179"}}, {"type": "Feature", "geometry": {"type": "LineString", "coordinates": [[-144.80510512402074, 62.84679391968851], [-144.81560012543792, 62.84822100195018]]}, "properties": {"source": "6288445", "target": "6810111"}}, {"type": "Feature", "geometry": {"type": "LineString", "coordinates": [[-144.80510512402074, 62.84679391968851], [-144.8373130067128, 62.84609025933274]]}, "properties": {"source": "6288445", "target": "6809105"}}, {"type": "Feature", "geometry": {"type": "LineString", "coordinates": [[-144.81285051960595, 62.858523794568114], [-144.82701968666322, 62.84290019140789]]}, "properties": {"source": "2147558", "target": "2116134"}}, {"type": "Feature", "geometry": {"type": "LineString", "coordinates": [[-144.81285051960595, 62.858523794568114], [-144.81730632113675, 62.860185198234944]]}, "properties": {"source": "2147558", "target": "3176228"}}, {"type": "Feature", "geometry": {"type": "LineString", "coordinates": [[-144.81285051960595, 62.858523794568114], [-144.84094308835438, 62.85261718808886]]}, "properties": {"source": "2147558", "target": "2116760"}}, {"type": "Feature", "geometry": {"type": "LineString", "coordinates": [[-144.81285051960595, 62.858523794568114], [-144.81624320428926, 62.85955918988262]]}, "properties": {"source": "2147558", "target": "777471"}}, {"type": "Feature", "geometry": {"type": "LineString", "coordinates": [[-144.81285051960595, 62.858523794568114], [-144.8293867911369, 62.85826437553523]]}, "properties": {"source": "2147558", "target": "2116133"}}, {"type": "Feature", "geometry": {"type": "LineString", "coordinates": [[-144.8578197824633, 62.842855869934084], [-144.84749315897812, 62.84871717511231]]}, "properties": {"source": "2121483", "target": "2322359"}}, {"type": "Feature", "geometry": {"type": "LineString", "coordinates": [[-144.8578197824633, 62.842855869934084], [-144.83441657950004, 62.84836220245437]]}, "properties": {"source": "2121483", "target": "2121308"}}, {"type": "Feature", "geometry": {"type": "LineString", "coordinates": [[-144.8578197824633, 62.842855869934084], [-144.81707891973986, 62.85168188727643]]}, "properties": {"source": "2121483", "target": "2116396"}}, {"type": "Feature", "geometry": {"type": "LineString", "coordinates": [[-144.8578197824633, 62.842855869934084], [-144.86496548866424, 62.85720122684555]]}, "properties": {"source": "2121483", "target": "2121330"}}, {"type": "Feature", "geometry": {"type": "LineString", "coordinates": [[-144.8578197824633, 62.842855869934084], [-144.8174174070227, 62.84265025797103]]}, "properties": {"source": "2121483", "target": "2322325"}}, {"type": "Feature", "geometry": {"type": "LineString", "coordinates": [[-144.8578197824633, 62.842855869934084], [-144.82779373901639, 62.85098890219436]]}, "properties": {"source": "2121483", "target": "2113797"}}, {"type": "Feature", "geometry": {"type": "LineString", "coordinates": [[-144.83974160118572, 62.85142716907113], [-144.83672403597802, 62.850000292441905]]}, "properties": {"source": "6809913", "target": "6810184"}}, {"type": "Feature", "geometry": {"type": "LineString", "coordinates": [[-144.83974160118572, 62.85142716907113], [-144.86682622848173, 62.85076897041621]]}, "properties": {"source": "6809913", "target": "6809179"}}, {"type": "Feature", "geometry": {"type": "LineString", "coordinates": [[-144.83974160118572, 62.85142716907113], [-144.81560012543792, 62.84822100195018]]}, "properties": {"source": "6809913", "target": "6810111"}}, {"type": "Feature", "geometry": {"type": "LineString", "coordinates": [[-144.81285051960595, 62.858523794568114], [-144.81156094860745, 62.84558153338601]]}, "properties": {"source": "2147558", "target": "2121359"}}, {"type": "Feature", "geometry": {"type": "LineString", "coordinates": [[-144.83974160118572, 62.85142716907113], [-144.85392381378034, 62.856161596602576]]}, "properties": {"source": "6809913", "target": "6810283"}}, {"type": "Feature", "geometry": {"type": "LineString", "coordinates": [[-144.82784469823446, 62.85151191798077], [-144.8365325366537, 62.848620642940475]]}, "properties": {"source": "1819908", "target": "1819909"}}, {"type": "Feature", "geometry": {"type": "LineString", "coordinates": [[-144.82784469823446, 62.85151191798077], [-144.8446828002605, 62.84738377320642]]}, "properties": {"source": "1819908", "target": "1819699"}}, {"type": "Feature", "geometry": {"type": "LineString", "coordinates": [[-144.82784469823446, 62.85151191798077], [-144.81367824340435, 62.8585441912911]]}, "properties": {"source": "1819908", "target": "1819910"}}, {"type": "Feature", "geometry": {"type": "LineString", "coordinates": [[-144.82784469823446, 62.85151191798077], [-144.84713363289617, 62.85758157099406]]}, "properties": {"source": "1819908", "target": "1819698"}}, {"type": "Feature", "geometry": {"type": "LineString", "coordinates": [[-144.82784469823446, 62.85151191798077], [-144.85832501934482, 62.858231847638265]]}, "properties": {"source": "1819908", "target": "1722808"}}, {"type": "Feature", "geometry": {"type": "LineString", "coordinates": [[-144.82784469823446, 62.85151191798077], [-144.85849594990452, 62.8411686577964]]}, "properties": {"source": "1819908", "target": "1632191"}}, {"type": "Feature", "geometry": {"type": "LineString", "coordinates": [[-144.82784469823446, 62.85151191798077], [-144.84010779807105, 62.84751838696759]]}, "properties": {"source": "1819908", "target": "1819700"}}, {"type": "Feature", "geometry": {"type": "LineString", "coordinates": [[-144.82784469823446, 62.85151191798077], [-144.8644901460109, 62.853316278806275]]}, "properties": {"source": "1819908", "target": "1632187"}}, {"type": "Feature", "geometry": {"type": "LineString", "coordinates": [[-144.82784469823446, 62.85151191798077], [-144.84331727964798, 62.85823411163268]]}, "properties": {"source": "1819908", "target": "1722807"}}, {"type": "Feature", "geometry": {"type": "LineString", "coordinates": [[-144.82784469823446, 62.85151191798077], [-144.8238532312636, 62.84351952236017]]}, "properties": {"source": "1819908", "target": "1992777"}}, {"type": "Feature", "geometry": {"type": "LineString", "coordinates": [[-144.83769177319576, 62.851717906192775], [-144.82701968666322, 62.84290019140789]]}, "properties": {"source": "969468", "target": "2116134"}}, {"type": "Feature", "geometry": {"type": "LineString", "coordinates": [[-144.83769177319576, 62.851717906192775], [-144.85569981599204, 62.842334614143326]]}, "properties": {"source": "969468", "target": "1373743"}}, {"type": "Feature", "geometry": {"type": "LineString", "coordinates": [[-144.83769177319576, 62.851717906192775], [-144.82458618851248, 62.85485888329872]]}, "properties": {"source": "969468", "target": "7357047"}}, {"type": "Feature", "geometry": {"type": "LineString", "coordinates": [[-144.83769177319576, 62.851717906192775], [-144.86424320209034, 62.85360258720095]]}, "properties": {"source": "969468", "target": "13551"}}, {"type": "Feature", "geometry": {"type": "LineString", "coordinates": [[-144.8365325366537, 62.848620642940475], [-144.8446828002605, 62.84738377320642]]}, "properties": {"source": "1819909", "target": "1819699"}}, {"type": "Feature", "geometry": {"type": "LineString", "coordinates": [[-144.8365325366537, 62.848620642940475], [-144.81367824340435, 62.8585441912911]]}, "properties": {"source": "1819909", "target": "1819910"}}, {"type": "Feature", "geometry": {"type": "LineString", "coordinates": [[-144.86088421823382, 62.85165721321751], [-144.80697082790027, 62.85218769404196]]}, "properties": {"source": "2107276", "target": "2107204"}}, {"type": "Feature", "geometry": {"type": "LineString", "coordinates": [[-144.86088421823382, 62.85165721321751], [-144.85848860431918, 62.853954670928985]]}, "properties": {"source": "2107276", "target": "2107194"}}, {"type": "Feature", "geometry": {"type": "LineString", "coordinates": [[-144.86088421823382, 62.85165721321751], [-144.82102243582796, 62.85172874576763]]}, "properties": {"source": "2107276", "target": "2028817"}}, {"type": "Feature", "geometry": {"type": "LineString", "coordinates": [[-144.86088421823382, 62.85165721321751], [-144.84989883349522, 62.854303284226305]]}, "properties": {"source": "2107276", "target": "2092640"}}, {"type": "Feature", "geometry": {"type": "LineString", "coordinates": [[-144.86088421823382, 62.85165721321751], [-144.80555711968384, 62.841141588748954]]}, "properties": {"source": "2107276", "target": "962896"}}, {"type": "Feature", "geometry": {"type": "LineString", "coordinates": [[-144.84094308835438, 62.85261718808886], [-144.82859335884802, 62.84280126488372]]}, "properties": {"source": "2116760", "target": "2121357"}}, {"type": "Feature", "geometry": {"type": "LineString", "coordinates": [[-144.85015339037847, 62.84415947767893], [-144.86022831578373, 62.85680094410655]]}, "properties": {"source": "1605557", "target": "178315"}}, {"type": "Feature", "geometry": {"type": "LineString", "coordinates": [[-144.85015339037847, 62.84415947767893], [-144.82784469823446, 62.85151191798077]]}, "properties": {"source": "1605557", "target": "1819908"}}, {"type": "Feature", "geometry": {"type": "LineString", "coordinates": [[-144.85015339037847, 62.84415947767893], [-144.8365325366537, 62.848620642940475]]}, "properties": {"source": "1605557", "target": "1819909"}}, {"type": "Feature", "geometry": {"type": "LineString", "coordinates": [[-144.85015339037847, 62.84415947767893], [-144.81367824340435, 62.8585441912911]]}, "properties": {"source": "1605557", "target": "1819910"}}, {"type": "Feature", "geometry": {"type": "LineString", "coordinates": [[-144.85015339037847, 62.84415947767893], [-144.85832501934482, 62.858231847638265]]}, "properties": {"source": "1605557", "target": "1722808"}}, {"type": "Feature", "geometry": {"type": "LineString", "coordinates": [[-144.85015339037847, 62.84415947767893], [-144.85849594990452, 62.8411686577964]]}, "properties": {"source": "1605557", "target": "1632191"}}, {"type": "Feature", "geometry": {"type": "LineString", "coordinates": [[-144.85015339037847, 62.84415947767893], [-144.8488704765483, 62.849272980741475]]}, "properties": {"source": "1605557", "target": "1632192"}}, {"type": "Feature", "geometry": {"type": "LineString", "coordinates": [[-144.85015339037847, 62.84415947767893], [-144.8644901460109, 62.853316278806275]]}, "properties": {"source": "1605557", "target": "1632187"}}, {"type": "Feature", "geometry": {"type": "LineString", "coordinates": [[-144.85015339037847, 62.84415947767893], [-144.83942185859263, 62.85990770195282]]}, "properties": {"source": "1605557", "target": "1632189"}}, {"type": "Feature", "geometry": {"type": "LineString", "coordinates": [[-144.85015339037847, 62.84415947767893], [-144.84185730730894, 62.84700270601715]]}, "properties": {"source": "1605557", "target": "1435221"}}, {"type": "Feature", "geometry": {"type": "LineString", "coordinates": [[-144.82458618851248, 62.85485888329872], [-144.81466346969847, 62.84534315173131]]}, "properties": {"source": "7357047", "target": "6607394"}}, {"type": "Feature", "geometry": {"type": "LineString", "coordinates": [[-144.8187983611763, 62.84445385278161], [-144.86506968971878, 62.859083856635024]]}, "properties": {"source": "6068550", "target": "6288464"}}, {"type": "Feature", "geometry": {"type": "LineString", "coordinates": [[-144.8187983611763, 62.84445385278161], [-144.8176343426807, 62.85229710319071]]}, "properties": {"source": "6068550", "target": "6068567"}}, {"type": "Feature", "geometry": {"type": "LineString", "coordinates": [[-144.8187983611763, 62.84445385278161], [-144.81047471298479, 62.85463787718044]]}, "properties": {"source": "6068550", "target": "6068572"}}, {"type": "Feature", "geometry": {"type": "LineString", "coordinates": [[-144.8187983611763, 62.84445385278161], [-144.83498200702786, 62.84095003491015]]}, "properties": {"source": "6068550", "target": "2655630"}}, {"type": "Feature", "geometry": {"type": "LineString", "coordinates": [[-144.81285051960595, 62.858523794568114], [-144.84807666987294, 62.86173465632832]]}, "properties": {"source": "2147558", "target": "3160008"}}, {"type": "Feature", "geometry": {"type": "LineString", "coordinates": [[-144.81285051960595, 62.858523794568114], [-144.80470952166047, 62.84796953951226]]}, "properties": {"source": "2147558", "target": "1819676"}}, {"type": "Feature", "geometry": {"type": "LineString", "coordinates": [[-144.81285051960595, 62.858523794568114], [-144.80533586632689, 62.85210224577429]]}, "properties": {"source": "2147558", "target": "2116771"}}, {"type": "Feature", "geometry": {"type": "LineString", "coordinates": [[-144.81285051960595, 62.858523794568114], [-144.85569981599204, 62.842334614143326]]}, "properties": {"source": "2147558", "target": "1373743"}}, {"type": "Feature", "geometry": {"type": "LineString", "coordinates": [[-144.81285051960595, 62.858523794568114], [-144.83371701195313, 62.858527268668354]]}, "properties": {"source": "2147558", "target": "1819674"}}, {"type": "Feature", "geometry": {"type": "LineString", "coordinates": [[-144.81285051960595, 62.858523794568114], [-144.84630313661984, 62.842758445567526]]}, "properties": {"source": "2147558", "target": "2116781"}}, {"type": "Feature", "geometry": {"type": "LineString", "coordinates": [[-144.81285051960595, 62.858523794568114], [-144.84700345380404, 62.84896982731489]]}, "properties": {"source": "2147558", "target": "2322340"}}, {"type": "Feature", "geometry": {"type": "LineString", "coordinates": [[-144.81285051960595, 62.858523794568114], [-144.83787267434934, 62.84666868158476]]}, "properties": {"source": "2147558", "target": "4624889"}}, {"type": "Feature", "geometry": {"type": "LineString", "coordinates": [[-144.81285051960595, 62.858523794568114], [-144.82410198642083, 62.86048257531321]]}, "properties": {"source": "2147558", "target": "4624869"}}, {"type": "Feature", "geometry": {"type": "LineString", "coordinates": [[-144.81285051960595, 62.858523794568114], [-144.83711627542453, 62.85273772157724]]}, "properties": {"source": "2147558", "target": "2045074"}}, {"type": "Feature", "geometry": {"type": "LineString", "coordinates": [[-144.82458618851248, 62.85485888329872], [-144.8310381256446, 62.856293157320266]]}, "properties": {"source": "7357047", "target": "24947362"}}, {"type": "Feature", "geometry": {"type": "LineString", "coordinates": [[-144.85750410867365, 62.847283406465806], [-144.81963308871315, 62.84232499080086]]}, "properties": {"source": "6261474", "target": "2205402"}}, {"type": "Feature", "geometry": {"type": "LineString", "coordinates": [[-144.85750410867365, 62.847283406465806], [-144.86414464668673, 62.85182325211079]]}, "properties": {"source": "6261474", "target": "2637386"}}, {"type": "Feature", "geometry": {"type": "LineString", "coordinates": [[-144.85750410867365, 62.847283406465806], [-144.82154880198598, 62.848544752298494]]}, "properties": {"source": "6261474", "target": "6074414"}}, {"type": "Feature", "geometry": {"type": "LineString", "coordinates": [[-144.85750410867365, 62.847283406465806], [-144.85035169988288, 62.84170131841334]]}, "properties": {"source": "6261474", "target": "6074452"}}, {"type": "Feature", "geometry": {"type": "LineString", "coordinates": [[-144.85750410867365, 62.847283406465806], [-144.80841419300884, 62.85629265902604]]}, "properties": {"source": "6261474", "target": "6241563"}}, {"type": "Feature", "geometry": {"type": "LineString", "coordinates": [[-144.85750410867365, 62.847283406465806], [-144.8549331573907, 62.86105642586395]]}, "properties": {"source": "6261474", "target": "6074357"}}, {"type": "Feature", "geometry": {"type": "LineString", "coordinates": [[-144.8365325366537, 62.848620642940475], [-144.84713363289617, 62.85758157099406]]}, "properties": {"source": "1819909", "target": "1819698"}}, {"type": "Feature", "geometry": {"type": "LineString", "coordinates": [[-144.8365325366537, 62.848620642940475], [-144.85832501934482, 62.858231847638265]]}, "properties": {"source": "1819909", "target": "1722808"}}, {"type": "Feature", "geometry": {"type": "LineString", "coordinates": [[-144.8365325366537, 62.848620642940475], [-144.85849594990452, 62.8411686577964]]}, "properties": {"source": "1819909", "target": "1632191"}}, {"type": "Feature", "geometry": {"type": "LineString", "coordinates": [[-144.8365325366537, 62.848620642940475], [-144.84010779807105, 62.84751838696759]]}, "properties": {"source": "1819909", "target": "1819700"}}, {"type": "Feature", "geometry": {"type": "LineString", "coordinates": [[-144.8365325366537, 62.848620642940475], [-144.8644901460109, 62.853316278806275]]}, "properties": {"source": "1819909", "target": "1632187"}}, {"type": "Feature", "geometry": {"type": "LineString", "coordinates": [[-144.8365325366537, 62.848620642940475], [-144.84331727964798, 62.85823411163268]]}, "properties": {"source": "1819909", "target": "1722807"}}, {"type": "Feature", "geometry": {"type": "LineString", "coordinates": [[-144.8365325366537, 62.848620642940475], [-144.8238532312636, 62.84351952236017]]}, "properties": {"source": "1819909", "target": "1992777"}}, {"type": "Feature", "geometry": {"type": "LineString", "coordinates": [[-144.84630313661984, 62.842758445567526], [-144.82859335884802, 62.84280126488372]]}, "properties": {"source": "2116781", "target": "2121357"}}, {"type": "Feature", "geometry": {"type": "LineString", "coordinates": [[-144.84630313661984, 62.842758445567526], [-144.82701968666322, 62.84290019140789]]}, "properties": {"source": "2116781", "target": "2116134"}}, {"type": "Feature", "geometry": {"type": "LineString", "coordinates": [[-144.84630313661984, 62.842758445567526], [-144.81466346969847, 62.84534315173131]]}, "properties": {"source": "2116781", "target": "6607394"}}, {"type": "Feature", "geometry": {"type": "LineString", "coordinates": [[-144.86170325145457, 62.851618777654224], [-144.83882370559235, 62.85234363306465]]}, "properties": {"source": "2853403", "target": "2853435"}}, {"type": "Feature", "geometry": {"type": "LineString", "coordinates": [[-144.86170325145457, 62.851618777654224], [-144.85905696030835, 62.84240061186355]]}, "properties": {"source": "2853403", "target": "2500418"}}, {"type": "Feature", "geometry": {"type": "LineString", "coordinates": [[-144.83807026641034, 62.84808319786838], [-144.84298581422198, 62.84579953928821]]}, "properties": {"source": "9484547", "target": "944585"}}, {"type": "Feature", "geometry": {"type": "LineString", "coordinates": [[-144.83807026641034, 62.84808319786838], [-144.86068530212538, 62.85209652872764]]}, "properties": {"source": "9484547", "target": "7675659"}}, {"type": "Feature", "geometry": {"type": "LineString", "coordinates": [[-144.82502258982413, 62.841613764410056], [-144.82784469823446, 62.85151191798077]]}, "properties": {"source": "1992778", "target": "1819908"}}, {"type": "Feature", "geometry": {"type": "LineString", "coordinates": [[-144.82502258982413, 62.841613764410056], [-144.8365325366537, 62.848620642940475]]}, "properties": {"source": "1992778", "target": "1819909"}}, {"type": "Feature", "geometry": {"type": "LineString", "coordinates": [[-144.84774282349596, 62.84161762600313], [-144.82625315450707, 62.8603310228612]]}, "properties": {"source": "4567041", "target": "3275158"}}, {"type": "Feature", "geometry": {"type": "LineString", "coordinates": [[-144.84774282349596, 62.84161762600313], [-144.84298581422198, 62.84579953928821]]}, "properties": {"source": "4567041", "target": "944585"}}, {"type": "Feature", "geometry": {"type": "LineString", "coordinates": [[-144.81489120163698, 62.859787187309166], [-144.85905696030835, 62.84240061186355]]}, "properties": {"source": "2142684", "target": "2500418"}}, {"type": "Feature", "geometry": {"type": "LineString", "coordinates": [[-144.81489120163698, 62.859787187309166], [-144.81597572119315, 62.85461205388633]]}, "properties": {"source": "2142684", "target": "2142729"}}, {"type": "Feature", "geometry": {"type": "LineString", "coordinates": [[-144.81489120163698, 62.859787187309166], [-144.83044259796372, 62.84964330399791]]}, "properties": {"source": "2142684", "target": "2142614"}}, {"type": "Feature", "geometry": {"type": "LineString", "coordinates": [[-144.81489120163698, 62.859787187309166], [-144.8423573806527, 62.84213542815]]}, "properties": {"source": "2142684", "target": "3159982"}}, {"type": "Feature", "geometry": {"type": "LineString", "coordinates": [[-144.81489120163698, 62.859787187309166], [-144.80900449780475, 62.85686405643902]]}, "properties": {"source": "2142684", "target": "2141843"}}, {"type": "Feature", "geometry": {"type": "LineString", "coordinates": [[-144.81489120163698, 62.859787187309166], [-144.86555428106104, 62.845092917270506]]}, "properties": {"source": "2142684", "target": "2121337"}}, {"type": "Feature", "geometry": {"type": "LineString", "coordinates": [[-144.81489120163698, 62.859787187309166], [-144.8096250023165, 62.850845466692675]]}, "properties": {"source": "2142684", "target": "3180344"}}, {"type": "Feature", "geometry": {"type": "LineString", "coordinates": [[-144.81489120163698, 62.859787187309166], [-144.80778093080198, 62.86034879325605]]}, "properties": {"source": "2142684", "target": "2142586"}}, {"type": "Feature", "geometry": {"type": "LineString", "coordinates": [[-144.84950906052984, 62.855641851383965], [-144.82410198642083, 62.86048257531321]]}, "properties": {"source": "2980540", "target": "4624869"}}, {"type": "Feature", "geometry": {"type": "LineString", "coordinates": [[-144.84950906052984, 62.855641851383965], [-144.85283400407195, 62.84407826946608]]}, "properties": {"source": "2980540", "target": "2918541"}}, {"type": "Feature", "geometry": {"type": "LineString", "coordinates": [[-144.84950906052984, 62.855641851383965], [-144.86600862236853, 62.841742058825275]]}, "properties": {"source": "2980540", "target": "2918506"}}, {"type": "Feature", "geometry": {"type": "LineString", "coordinates": [[-144.8578197824633, 62.842855869934084], [-144.85166908620295, 62.84288506828496]]}, "properties": {"source": "2121483", "target": "2107261"}}, {"type": "Feature", "geometry": {"type": "LineString", "coordinates": [[-144.8578197824633, 62.842855869934084], [-144.8567243909148, 62.845632714700216]]}, "properties": {"source": "2121483", "target": "2116786"}}, {"type": "Feature", "geometry": {"type": "LineString", "coordinates": [[-144.8578197824633, 62.842855869934084], [-144.8159047205372, 62.85056676542308]]}, "properties": {"source": "2121483", "target": "2122191"}}, {"type": "Feature", "geometry": {"type": "LineString", "coordinates": [[-144.8174174070227, 62.84265025797103], [-144.83441657950004, 62.84836220245437]]}, "properties": {"source": "2322325", "target": "2121308"}}, {"type": "Feature", "geometry": {"type": "LineString", "coordinates": [[-144.8174174070227, 62.84265025797103], [-144.81597572119315, 62.85461205388633]]}, "properties": {"source": "2322325", "target": "2142729"}}, {"type": "Feature", "geometry": {"type": "LineString", "coordinates": [[-144.8174174070227, 62.84265025797103], [-144.86555428106104, 62.845092917270506]]}, "properties": {"source": "2322325", "target": "2121337"}}, {"type": "Feature", "geometry": {"type": "LineString", "coordinates": [[-144.8219322416658, 62.84106717141006], [-144.85832501934482, 62.858231847638265]]}, "properties": {"source": "1410387", "target": "1722808"}}, {"type": "Feature", "geometry": {"type": "LineString", "coordinates": [[-144.8219322416658, 62.84106717141006], [-144.85849594990452, 62.8411686577964]]}, "properties": {"source": "1410387", "target": "1632191"}}, {"type": "Feature", "geometry": {"type": "LineString", "coordinates": [[-144.8219322416658, 62.84106717141006], [-144.8644901460109, 62.853316278806275]]}, "properties": {"source": "1410387", "target": "1632187"}}, {"type": "Feature", "geometry": {"type": "LineString", "coordinates": [[-144.8219322416658, 62.84106717141006], [-144.84185730730894, 62.84700270601715]]}, "properties": {"source": "1410387", "target": "1435221"}}, {"type": "Feature", "geometry": {"type": "LineString", "coordinates": [[-144.84466698160747, 62.84102629041263], [-144.8069011501101, 62.85311342516252]]}, "properties": {"source": "6371160", "target": "2322356"}}, {"type": "Feature", "geometry": {"type": "LineString", "coordinates": [[-144.84466698160747, 62.84102629041263], [-144.84391845800326, 62.84198021770895]]}, "properties": {"source": "6371160", "target": "1126600"}}, {"type": "Feature", "geometry": {"type": "LineString", "coordinates": [[-144.84466698160747, 62.84102629041263], [-144.8255606730823, 62.84474379239245]]}, "properties": {"source": "6371160", "target": "4697966"}}, {"type": "Feature", "geometry": {"type": "LineString", "coordinates": [[-144.83974160118572, 62.85142716907113], [-144.80931453738577, 62.85030632586529]]}, "properties": {"source": "6809913", "target": "6809886"}}, {"type": "Feature", "geometry": {"type": "LineString", "coordinates": [[-144.83974160118572, 62.85142716907113], [-144.84964937168732, 62.85595495489436]]}, "properties": {"source": "6809913", "target": "6013872"}}, {"type": "Feature", "geometry": {"type": "LineString", "coordinates": [[-144.84877199841563, 62.85529630195023], [-144.83672403597802, 62.850000292441905]]}, "properties": {"source": "6808725", "target": "6810184"}}, {"type": "Feature", "geometry": {"type": "LineString", "coordinates": [[-144.84877199841563, 62.85529630195023], [-144.86682622848173, 62.85076897041621]]}, "properties": {"source": "6808725", "target": "6809179"}}, {"type": "Feature", "geometry": {"type": "LineString", "coordinates": [[-144.84877199841563, 62.85529630195023], [-144.8373130067128, 62.84609025933274]]}, "properties": {"source": "6808725", "target": "6809105"}}, {"type": "Feature", "geometry": {"type": "LineString", "coordinates": [[-144.84877199841563, 62.85529630195023], [-144.86030974995901, 62.845983137165106]]}, "properties": {"source": "6808725", "target": "6808838"}}, {"type": "Feature", "geometry": {"type": "LineString", "coordinates": [[-144.84877199841563, 62.85529630195023], [-144.8530848293209, 62.85981346165637]]}, "properties": {"source": "6808725", "target": "6810164"}}, {"type": "Feature", "geometry": {"type": "LineString", "coordinates": [[-144.84877199841563, 62.85529630195023], [-144.86506968971878, 62.859083856635024]]}, "properties": {"source": "6808725", "target": "6288464"}}, {"type": "Feature", "geometry": {"type": "LineString", "coordinates": [[-144.84877199841563, 62.85529630195023], [-144.8176343426807, 62.85229710319071]]}, "properties": {"source": "6808725", "target": "6068567"}}, {"type": "Feature", "geometry": {"type": "LineString", "coordinates": [[-144.84877199841563, 62.85529630195023], [-144.8377932886048, 62.849425351997155]]}, "properties": {"source": "6808725", "target": "6810145"}}, {"type": "Feature", "geometry": {"type": "LineString", "coordinates": [[-144.84877199841563, 62.85529630195023], [-144.81160584647938, 62.84668142605382]]}, "properties": {"source": "6808725", "target": "6808954"}}, {"type": "Feature", "geometry": {"type": "LineString", "coordinates": [[-144.84877199841563, 62.85529630195023], [-144.81047471298479, 62.85463787718044]]}, "properties": {"source": "6808725", "target": "6068572"}}, {"type": "Feature", "geometry": {"type": "LineString", "coordinates": [[-144.83339710252346, 62.858910374716444], [-144.86682622848173, 62.85076897041621]]}, "properties": {"source": "6068564", "target": "6809179"}}, {"type": "Feature", "geometry": {"type": "LineString", "coordinates": [[-144.83339710252346, 62.858910374716444], [-144.86030974995901, 62.845983137165106]]}, "properties": {"source": "6068564", "target": "6808838"}}, {"type": "Feature", "geometry": {"type": "LineString", "coordinates": [[-144.83339710252346, 62.858910374716444], [-144.86506968971878, 62.859083856635024]]}, "properties": {"source": "6068564", "target": "6288464"}}, {"type": "Feature", "geometry": {"type": "LineString", "coordinates": [[-144.84877199841563, 62.85529630195023], [-144.85392381378034, 62.856161596602576]]}, "properties": {"source": "6808725", "target": "6810283"}}, {"type": "Feature", "geometry": {"type": "LineString", "coordinates": [[-144.80470952166047, 62.84796953951226], [-144.84094308835438, 62.85261718808886]]}, "properties": {"source": "1819676", "target": "2116760"}}, {"type": "Feature", "geometry": {"type": "LineString", "coordinates": [[-144.80470952166047, 62.84796953951226], [-144.81624320428926, 62.85955918988262]]}, "properties": {"source": "1819676", "target": "777471"}}, {"type": "Feature", "geometry": {"type": "LineString", "coordinates": [[-144.80470952166047, 62.84796953951226], [-144.8293867911369, 62.85826437553523]]}, "properties": {"source": "1819676", "target": "2116133"}}, {"type": "Feature", "geometry": {"type": "LineString", "coordinates": [[-144.80470952166047, 62.84796953951226], [-144.80533586632689, 62.85210224577429]]}, "properties": {"source": "1819676", "target": "2116771"}}, {"type": "Feature", "geometry": {"type": "LineString", "coordinates": [[-144.80470952166047, 62.84796953951226], [-144.85569981599204, 62.842334614143326]]}, "properties": {"source": "1819676", "target": "1373743"}}, {"type": "Feature", "geometry": {"type": "LineString", "coordinates": [[-144.80470952166047, 62.84796953951226], [-144.83371701195313, 62.858527268668354]]}, "properties": {"source": "1819676", "target": "1819674"}}, {"type": "Feature", "geometry": {"type": "LineString", "coordinates": [[-144.80470952166047, 62.84796953951226], [-144.82827288938722, 62.84862311954676]]}, "properties": {"source": "1819676", "target": "936920"}}, {"type": "Feature", "geometry": {"type": "LineString", "coordinates": [[-144.80470952166047, 62.84796953951226], [-144.83769177319576, 62.851717906192775]]}, "properties": {"source": "1819676", "target": "969468"}}, {"type": "Feature", "geometry": {"type": "LineString", "coordinates": [[-144.80470952166047, 62.84796953951226], [-144.8282385748851, 62.84282667717203]]}, "properties": {"source": "1819676", "target": "1373742"}}, {"type": "Feature", "geometry": {"type": "LineString", "coordinates": [[-144.80470952166047, 62.84796953951226], [-144.82039301185392, 62.84982843912128]]}, "properties": {"source": "1819676", "target": "1373732"}}, {"type": "Feature", "geometry": {"type": "LineString", "coordinates": [[-144.80470952166047, 62.84796953951226], [-144.86424320209034, 62.85360258720095]]}, "properties": {"source": "1819676", "target": "13551"}}, {"type": "Feature", "geometry": {"type": "LineString", "coordinates": [[-144.80470952166047, 62.84796953951226], [-144.8521626792092, 62.861281553691754]]}, "properties": {"source": "1819676", "target": "13550"}}, {"type": "Feature", "geometry": {"type": "LineString", "coordinates": [[-144.80470952166047, 62.84796953951226], [-144.8184109474948, 62.84390850970861]]}, "properties": {"source": "1819676", "target": "13549"}}, {"type": "Feature", "geometry": {"type": "LineString", "coordinates": [[-144.8267593166485, 62.855484539966525], [-144.82880554950123, 62.84207858820352]]}, "properties": {"source": "3559591", "target": "3176248"}}, {"type": "Feature", "geometry": {"type": "LineString", "coordinates": [[-144.8267593166485, 62.855484539966525], [-144.85136191866962, 62.84395797211731]]}, "properties": {"source": "3559591", "target": "2918534"}}, {"type": "Feature", "geometry": {"type": "LineString", "coordinates": [[-144.8267593166485, 62.855484539966525], [-144.80590097259744, 62.859548169571696]]}, "properties": {"source": "3559591", "target": "3160511"}}, {"type": "Feature", "geometry": {"type": "LineString", "coordinates": [[-144.80805108852348, 62.845713257233626], [-144.81905455431308, 62.8601098975211]]}, "properties": {"source": "5638590", "target": "6068557"}}, {"type": "Feature", "geometry": {"type": "LineString", "coordinates": [[-144.80805108852348, 62.845713257233626], [-144.83498200702786, 62.84095003491015]]}, "properties": {"source": "5638590", "target": "2655630"}}, {"type": "Feature", "geometry": {"type": "LineString", "coordinates": [[-144.80805108852348, 62.845713257233626], [-144.86414464668673, 62.85182325211079]]}, "properties": {"source": "5638590", "target": "2637386"}}, {"type": "Feature", "geometry": {"type": "LineString", "coordinates": [[-144.80805108852348, 62.845713257233626], [-144.8246799139161, 62.85542308076279]]}, "properties": {"source": "5638590", "target": "2655389"}}, {"type": "Feature", "geometry": {"type": "LineString", "coordinates": [[-144.80805108852348, 62.845713257233626], [-144.8187983611763, 62.84445385278161]]}, "properties": {"source": "5638590", "target": "6068550"}}, {"type": "Feature", "geometry": {"type": "LineString", "coordinates": [[-144.86414464668673, 62.85182325211079], [-144.83750759713922, 62.84986735896341]]}, "properties": {"source": "2637386", "target": "6250878"}}, {"type": "Feature", "geometry": {"type": "LineString", "coordinates": [[-144.8530848293209, 62.85981346165637], [-144.86506968971878, 62.859083856635024]]}, "properties": {"source": "6810164", "target": "6288464"}}, {"type": "Feature", "geometry": {"type": "LineString", "coordinates": [[-144.8530848293209, 62.85981346165637], [-144.81343631084755, 62.85660029792773]]}, "properties": {"source": "6810164", "target": "6810276"}}, {"type": "Feature", "geometry": {"type": "LineString", "coordinates": [[-144.8530848293209, 62.85981346165637], [-144.80489257983314, 62.853513770293944]]}, "properties": {"source": "6810164", "target": "6810249"}}, {"type": "Feature", "geometry": {"type": "LineString", "coordinates": [[-144.86506968971878, 62.859083856635024], [-144.86682622848173, 62.85076897041621]]}, "properties": {"source": "6288464", "target": "6809179"}}, {"type": "Feature", "geometry": {"type": "LineString", "coordinates": [[-144.86506968971878, 62.859083856635024], [-144.8176343426807, 62.85229710319071]]}, "properties": {"source": "6288464", "target": "6068567"}}, {"type": "Feature", "geometry": {"type": "LineString", "coordinates": [[-144.86506968971878, 62.859083856635024], [-144.81047471298479, 62.85463787718044]]}, "properties": {"source": "6288464", "target": "6068572"}}, {"type": "Feature", "geometry": {"type": "LineString", "coordinates": [[-144.81757562592458, 62.84825945295282], [-144.82880554950123, 62.84207858820352]]}, "properties": {"source": "3176221", "target": "3176248"}}, {"type": "Feature", "geometry": {"type": "LineString", "coordinates": [[-144.81757562592458, 62.84825945295282], [-144.82859335884802, 62.84280126488372]]}, "properties": {"source": "3176221", "target": "2121357"}}, {"type": "Feature", "geometry": {"type": "LineString", "coordinates": [[-144.81757562592458, 62.84825945295282], [-144.85024303505134, 62.85826040168746]]}, "properties": {"source": "3176221", "target": "3183389"}}, {"type": "Feature", "geometry": {"type": "LineString", "coordinates": [[-144.81757562592458, 62.84825945295282], [-144.81285051960595, 62.858523794568114]]}, "properties": {"source": "3176221", "target": "2147558"}}, {"type": "Feature", "geometry": {"type": "LineString", "coordinates": [[-144.81285051960595, 62.858523794568114], [-144.82458618851248, 62.85485888329872]]}, "properties": {"source": "2147558", "target": "7357047"}}, {"type": "Feature", "geometry": {"type": "LineString", "coordinates": [[-144.81285051960595, 62.858523794568114], [-144.81466346969847, 62.84534315173131]]}, "properties": {"source": "2147558", "target": "6607394"}}, {"type": "Feature", "geometry": {"type": "LineString", "coordinates": [[-144.81285051960595, 62.858523794568114], [-144.83044259796372, 62.84964330399791]]}, "properties": {"source": "2147558", "target": "2142614"}}, {"type": "Feature", "geometry": {"type": "LineString", "coordinates": [[-144.81285051960595, 62.858523794568114], [-144.82672384060444, 62.85721453449926]]}, "properties": {"source": "2147558", "target": "2142237"}}, {"type": "Feature", "geometry": {"type": "LineString", "coordinates": [[-144.81285051960595, 62.858523794568114], [-144.85559711590514, 62.84131843288682]]}, "properties": {"source": "2147558", "target": "2122299"}}, {"type": "Feature", "geometry": {"type": "LineString", "coordinates": [[-144.81285051960595, 62.858523794568114], [-144.867505073934, 62.85432616266101]]}, "properties": {"source": "2147558", "target": "176006"}}, {"type": "Feature", "geometry": {"type": "LineString", "coordinates": [[-144.83498200702786, 62.84095003491015], [-144.86506968971878, 62.859083856635024]]}, "properties": {"source": "2655630", "target": "6288464"}}, {"type": "Feature", "geometry": {"type": "LineString", "coordinates": [[-144.83498200702786, 62.84095003491015], [-144.8176343426807, 62.85229710319071]]}, "properties": {"source": "2655630", "target": "6068567"}}, {"type": "Feature", "geometry": {"type": "LineString", "coordinates": [[-144.80805108852348, 62.845713257233626], [-144.83672403597802, 62.850000292441905]]}, "properties": {"source": "5638590", "target": "6810184"}}, {"type": "Feature", "geometry": {"type": "LineString", "coordinates": [[-144.80805108852348, 62.845713257233626], [-144.8530848293209, 62.85981346165637]]}, "properties": {"source": "5638590", "target": "6810164"}}, {"type": "Feature", "geometry": {"type": "LineString", "coordinates": [[-144.80805108852348, 62.845713257233626], [-144.80510512402074, 62.84679391968851]]}, "properties": {"source": "5638590", "target": "6288445"}}, {"type": "Feature", "geometry": {"type": "LineString", "coordinates": [[-144.80805108852348, 62.845713257233626], [-144.8176343426807, 62.85229710319071]]}, "properties": {"source": "5638590", "target": "6068567"}}, {"type": "Feature", "geometry": {"type": "LineString", "coordinates": [[-144.80805108852348, 62.845713257233626], [-144.86424209676971, 62.84376894889343]]}, "properties": {"source": "5638590", "target": "6250871"}}, {"type": "Feature", "geometry": {"type": "LineString", "coordinates": [[-144.80805108852348, 62.845713257233626], [-144.86523723286237, 62.84788341348401]]}, "properties": {"source": "5638590", "target": "6239211"}}, {"type": "Feature", "geometry": {"type": "LineString", "coordinates": [[-144.80805108852348, 62.845713257233626], [-144.83339710252346, 62.858910374716444]]}, "properties": {"source": "5638590", "target": "6068564"}}, {"type": "Feature", "geometry": {"type": "LineString", "coordinates": [[-144.80805108852348, 62.845713257233626], [-144.81047471298479, 62.85463787718044]]}, "properties": {"source": "5638590", "target": "6068572"}}, {"type": "Feature", "geometry": {"type": "LineString", "coordinates": [[-144.82426656210657, 62.84818803562126], [-144.81343631084755, 62.85660029792773]]}, "properties": {"source": "7075431", "target": "6810276"}}, {"type": "Feature", "geometry": {"type": "LineString", "coordinates": [[-144.82426656210657, 62.84818803562126], [-144.81816736759433, 62.84093914042049]]}, "properties": {"source": "7075431", "target": "6810269"}}, {"type": "Feature", "geometry": {"type": "LineString", "coordinates": [[-144.82426656210657, 62.84818803562126], [-144.80489257983314, 62.853513770293944]]}, "properties": {"source": "7075431", "target": "6810249"}}, {"type": "Feature", "geometry": {"type": "LineString", "coordinates": [[-144.82426656210657, 62.84818803562126], [-144.80743089982775, 62.853691822591685]]}, "properties": {"source": "7075431", "target": "8931943"}}, {"type": "Feature", "geometry": {"type": "LineString", "coordinates": [[-144.84628291137847, 62.84983549951798], [-144.83769177319576, 62.851717906192775]]}, "properties": {"source": "8590955", "target": "969468"}}, {"type": "Feature", "geometry": {"type": "LineString", "coordinates": [[-144.84628291137847, 62.84983549951798], [-144.82458618851248, 62.85485888329872]]}, "properties": {"source": "8590955", "target": "7357047"}}, {"type": "Feature", "geometry": {"type": "LineString", "coordinates": [[-144.83750759713922, 62.84986735896341], [-144.81047471298479, 62.85463787718044]]}, "properties": {"source": "6250878", "target": "6068572"}}, {"type": "Feature", "geometry": {"type": "LineString", "coordinates": [[-144.83750759713922, 62.84986735896341], [-144.8187983611763, 62.84445385278161]]}, "properties": {"source": "6250878", "target": "6068550"}}, {"type": "Feature", "geometry": {"type": "LineString", "coordinates": [[-144.83750759713922, 62.84986735896341], [-144.84964937168732, 62.85595495489436]]}, "properties": {"source": "6250878", "target": "6013872"}}, {"type": "Feature", "geometry": {"type": "LineString", "coordinates": [[-144.83750759713922, 62.84986735896341], [-144.83572484866664, 62.84580223391518]]}, "properties": {"source": "6250878", "target": "5899920"}}, {"type": "Feature", "geometry": {"type": "LineString", "coordinates": [[-144.8668861749665, 62.84105673234413], [-144.83672403597802, 62.850000292441905]]}, "properties": {"source": "6810229", "target": "6810184"}}, {"type": "Feature", "geometry": {"type": "LineString", "coordinates": [[-144.8668861749665, 62.84105673234413], [-144.86682622848173, 62.85076897041621]]}, "properties": {"source": "6810229", "target": "6809179"}}, {"type": "Feature", "geometry": {"type": "LineString", "coordinates": [[-144.8668861749665, 62.84105673234413], [-144.81560012543792, 62.84822100195018]]}, "properties": {"source": "6810229", "target": "6810111"}}, {"type": "Feature", "geometry": {"type": "LineString", "coordinates": [[-144.8668861749665, 62.84105673234413], [-144.8373130067128, 62.84609025933274]]}, "properties": {"source": "6810229", "target": "6809105"}}, {"type": "Feature", "geometry": {"type": "LineString", "coordinates": [[-144.8668861749665, 62.84105673234413], [-144.8530848293209, 62.85981346165637]]}, "properties": {"source": "6810229", "target": "6810164"}}, {"type": "Feature", "geometry": {"type": "LineString", "coordinates": [[-144.8668861749665, 62.84105673234413], [-144.85392381378034, 62.856161596602576]]}, "properties": {"source": "6810229", "target": "6810283"}}, {"type": "Feature", "geometry": {"type": "LineString", "coordinates": [[-144.8096250023165, 62.850845466692675], [-144.82880554950123, 62.84207858820352]]}, "properties": {"source": "3180344", "target": "3176248"}}, {"type": "Feature", "geometry": {"type": "LineString", "coordinates": [[-144.8096250023165, 62.850845466692675], [-144.80590097259744, 62.859548169571696]]}, "properties": {"source": "3180344", "target": "3160511"}}, {"type": "Feature", "geometry": {"type": "LineString", "coordinates": [[-144.8096250023165, 62.850845466692675], [-144.80990338953742, 62.85073950638636]]}, "properties": {"source": "3180344", "target": "3176195"}}, {"type": "Feature", "geometry": {"type": "LineString", "coordinates": [[-144.8096250023165, 62.850845466692675], [-144.81597572119315, 62.85461205388633]]}, "properties": {"source": "3180344", "target": "2142729"}}, {"type": "Feature", "geometry": {"type": "LineString", "coordinates": [[-144.8096250023165, 62.850845466692675], [-144.82091437030795, 62.85735844281176]]}, "properties": {"source": "3180344", "target": "3159933"}}, {"type": "Feature", "geometry": {"type": "LineString", "coordinates": [[-144.82512266216872, 62.849450578326625], [-144.80590097259744, 62.859548169571696]]}, "properties": {"source": "5638572", "target": "3160511"}}, {"type": "Feature", "geometry": {"type": "LineString", "coordinates": [[-144.86022831578373, 62.85680094410655], [-144.81367824340435, 62.8585441912911]]}, "properties": {"source": "178315", "target": "1819910"}}, {"type": "Feature", "geometry": {"type": "LineString", "coordinates": [[-144.86022831578373, 62.85680094410655], [-144.84713363289617, 62.85758157099406]]}, "properties": {"source": "178315", "target": "1819698"}}, {"type": "Feature", "geometry": {"type": "LineString", "coordinates": [[-144.86022831578373, 62.85680094410655], [-144.85832501934482, 62.858231847638265]]}, "properties": {"source": "178315", "target": "1722808"}}, {"type": "Feature", "geometry": {"type": "LineString", "coordinates": [[-144.86022831578373, 62.85680094410655], [-144.85849594990452, 62.8411686577964]]}, "properties": {"source": "178315", "target": "1632191"}}, {"type": "Feature", "geometry": {"type": "LineString", "coordinates": [[-144.86022831578373, 62.85680094410655], [-144.84010779807105, 62.84751838696759]]}, "properties": {"source": "178315", "target": "1819700"}}, {"type": "Feature", "geometry": {"type": "LineString", "coordinates": [[-144.86022831578373, 62.85680094410655], [-144.8644901460109, 62.853316278806275]]}, "properties": {"source": "178315", "target": "1632187"}}, {"type": "Feature", "geometry": {"type": "LineString", "coordinates": [[-144.86022831578373, 62.85680094410655], [-144.84331727964798, 62.85823411163268]]}, "properties": {"source": "178315", "target": "1722807"}}, {"type": "Feature", "geometry": {"type": "LineString", "coordinates": [[-144.86022831578373, 62.85680094410655], [-144.8470604042388, 62.854225287834495]]}, "properties": {"source": "178315", "target": "321719"}}, {"type": "Feature", "geometry": {"type": "LineString", "coordinates": [[-144.86022831578373, 62.85680094410655], [-144.85134234038128, 62.85167721124684]]}, "properties": {"source": "178315", "target": "1767738"}}, {"type": "Feature", "geometry": {"type": "LineString", "coordinates": [[-144.86022831578373, 62.85680094410655], [-144.81415807136926, 62.85343989635295]]}, "properties": {"source": "178315", "target": "21431131"}}, {"type": "Feature", "geometry": {"type": "LineString", "coordinates": [[-144.8142675623939, 62.85443315884926], [-144.8307878098148, 62.85339884828517]]}, "properties": {"source": "1695318", "target": "1948372"}}, {"type": "Feature", "geometry": {"type": "LineString", "coordinates": [[-144.8142675623939, 62.85443315884926], [-144.81527339810938, 62.85572416128501]]}, "properties": {"source": "1695318", "target": "14814349"}}, {"type": "Feature", "geometry": {"type": "LineString", "coordinates": [[-144.81765676239127, 62.85668420020927], [-144.84094308835438, 62.85261718808886]]}, "properties": {"source": "13556", "target": "2116760"}}, {"type": "Feature", "geometry": {"type": "LineString", "coordinates": [[-144.81765676239127, 62.85668420020927], [-144.85569981599204, 62.842334614143326]]}, "properties": {"source": "13556", "target": "1373743"}}, {"type": "Feature", "geometry": {"type": "LineString", "coordinates": [[-144.81765676239127, 62.85668420020927], [-144.84630313661984, 62.842758445567526]]}, "properties": {"source": "13556", "target": "2116781"}}, {"type": "Feature", "geometry": {"type": "LineString", "coordinates": [[-144.81765676239127, 62.85668420020927], [-144.82458618851248, 62.85485888329872]]}, "properties": {"source": "13556", "target": "7357047"}}, {"type": "Feature", "geometry": {"type": "LineString", "coordinates": [[-144.82502258982413, 62.841613764410056], [-144.81367824340435, 62.8585441912911]]}, "properties": {"source": "1992778", "target": "1819910"}}, {"type": "Feature", "geometry": {"type": "LineString", "coordinates": [[-144.82502258982413, 62.841613764410056], [-144.86119187999856, 62.85282376662305]]}, "properties": {"source": "1992778", "target": "6239064"}}, {"type": "Feature", "geometry": {"type": "LineString", "coordinates": [[-144.82502258982413, 62.841613764410056], [-144.80900449780475, 62.85686405643902]]}, "properties": {"source": "1992778", "target": "2141843"}}, {"type": "Feature", "geometry": {"type": "LineString", "coordinates": [[-144.82502258982413, 62.841613764410056], [-144.8238532312636, 62.84351952236017]]}, "properties": {"source": "1992778", "target": "1992777"}}, {"type": "Feature", "geometry": {"type": "LineString", "coordinates": [[-144.82502258982413, 62.841613764410056], [-144.86555428106104, 62.845092917270506]]}, "properties": {"source": "1992778", "target": "2121337"}}, {"type": "Feature", "geometry": {"type": "LineString", "coordinates": [[-144.82502258982413, 62.841613764410056], [-144.8635779225477, 62.85118289284978]]}, "properties": {"source": "1992778", "target": "3321279"}}, {"type": "Feature", "geometry": {"type": "LineString", "coordinates": [[-144.82502258982413, 62.841613764410056], [-144.81106824245788, 62.853865695945714]]}, "properties": {"source": "1992778", "target": "5983742"}}, {"type": "Feature", "geometry": {"type": "LineString", "coordinates": [[-144.80667462665565, 62.85073070083598], [-144.82880554950123, 62.84207858820352]]}, "properties": {"source": "2242258", "target": "3176248"}}, {"type": "Feature", "geometry": {"type": "LineString", "coordinates": [[-144.80667462665565, 62.85073070083598], [-144.85136191866962, 62.84395797211731]]}, "properties": {"source": "2242258", "target": "2918534"}}, {"type": "Feature", "geometry": {"type": "LineString", "coordinates": [[-144.80667462665565, 62.85073070083598], [-144.80590097259744, 62.859548169571696]]}, "properties": {"source": "2242258", "target": "3160511"}}, {"type": "Feature", "geometry": {"type": "LineString", "coordinates": [[-144.83735366074478, 62.85218533185434], [-144.80470952166047, 62.84796953951226]]}, "properties": {"source": "2116130", "target": "1819676"}}, {"type": "Feature", "geometry": {"type": "LineString", "coordinates": [[-144.83735366074478, 62.85218533185434], [-144.80533586632689, 62.85210224577429]]}, "properties": {"source": "2116130", "target": "2116771"}}, {"type": "Feature", "geometry": {"type": "LineString", "coordinates": [[-144.83735366074478, 62.85218533185434], [-144.85569981599204, 62.842334614143326]]}, "properties": {"source": "2116130", "target": "1373743"}}, {"type": "Feature", "geometry": {"type": "LineString", "coordinates": [[-144.83735366074478, 62.85218533185434], [-144.83371701195313, 62.858527268668354]]}, "properties": {"source": "2116130", "target": "1819674"}}, {"type": "Feature", "geometry": {"type": "LineString", "coordinates": [[-144.83735366074478, 62.85218533185434], [-144.84630313661984, 62.842758445567526]]}, "properties": {"source": "2116130", "target": "2116781"}}, {"type": "Feature", "geometry": {"type": "LineString", "coordinates": [[-144.83735366074478, 62.85218533185434], [-144.8282385748851, 62.84282667717203]]}, "properties": {"source": "2116130", "target": "1373742"}}, {"type": "Feature", "geometry": {"type": "LineString", "coordinates": [[-144.83735366074478, 62.85218533185434], [-144.83711627542453, 62.85273772157724]]}, "properties": {"source": "2116130", "target": "2045074"}}, {"type": "Feature", "geometry": {"type": "LineString", "coordinates": [[-144.83735366074478, 62.85218533185434], [-144.86424320209034, 62.85360258720095]]}, "properties": {"source": "2116130", "target": "13551"}}, {"type": "Feature", "geometry": {"type": "LineString", "coordinates": [[-144.83735366074478, 62.85218533185434], [-144.867505073934, 62.85432616266101]]}, "properties": {"source": "2116130", "target": "176006"}}, {"type": "Feature", "geometry": {"type": "LineString", "coordinates": [[-144.81293242959845, 62.86020852020772], [-144.82859335884802, 62.84280126488372]]}, "properties": {"source": "2116833", "target": "2121357"}}, {"type": "Feature", "geometry": {"type": "LineString", "coordinates": [[-144.81293242959845, 62.86020852020772], [-144.82701968666322, 62.84290019140789]]}, "properties": {"source": "2116833", "target": "2116134"}}, {"type": "Feature", "geometry": {"type": "LineString", "coordinates": [[-144.81293242959845, 62.86020852020772], [-144.81730632113675, 62.860185198234944]]}, "properties": {"source": "2116833", "target": "3176228"}}, {"type": "Feature", "geometry": {"type": "LineString", "coordinates": [[-144.81293242959845, 62.86020852020772], [-144.84094308835438, 62.85261718808886]]}, "properties": {"source": "2116833", "target": "2116760"}}, {"type": "Feature", "geometry": {"type": "LineString", "coordinates": [[-144.81293242959845, 62.86020852020772], [-144.8293867911369, 62.85826437553523]]}, "properties": {"source": "2116833", "target": "2116133"}}, {"type": "Feature", "geometry": {"type": "LineString", "coordinates": [[-144.81293242959845, 62.86020852020772], [-144.81285051960595, 62.858523794568114]]}, "properties": {"source": "2116833", "target": "2147558"}}, {"type": "Feature", "geometry": {"type": "LineString", "coordinates": [[-144.81293242959845, 62.86020852020772], [-144.81156094860745, 62.84558153338601]]}, "properties": {"source": "2116833", "target": "2121359"}}, {"type": "Feature", "geometry": {"type": "LineString", "coordinates": [[-144.82880554950123, 62.84207858820352], [-144.85136191866962, 62.84395797211731]]}, "properties": {"source": "3176248", "target": "2918534"}}, {"type": "Feature", "geometry": {"type": "LineString", "coordinates": [[-144.82880554950123, 62.84207858820352], [-144.8069011501101, 62.85311342516252]]}, "properties": {"source": "3176248", "target": "2322356"}}, {"type": "Feature", "geometry": {"type": "LineString", "coordinates": [[-144.82880554950123, 62.84207858820352], [-144.80590097259744, 62.859548169571696]]}, "properties": {"source": "3176248", "target": "3160511"}}, {"type": "Feature", "geometry": {"type": "LineString", "coordinates": [[-144.82880554950123, 62.84207858820352], [-144.85024303505134, 62.85826040168746]]}, "properties": {"source": "3176248", "target": "3183389"}}, {"type": "Feature", "geometry": {"type": "LineString", "coordinates": [[-144.82880554950123, 62.84207858820352], [-144.84807666987294, 62.86173465632832]]}, "properties": {"source": "3176248", "target": "3160008"}}, {"type": "Feature", "geometry": {"type": "LineString", "coordinates": [[-144.82880554950123, 62.84207858820352], [-144.85521254036877, 62.85446760600895]]}, "properties": {"source": "3176248", "target": "3180314"}}, {"type": "Feature", "geometry": {"type": "LineString", "coordinates": [[-144.82880554950123, 62.84207858820352], [-144.8567243909148, 62.845632714700216]]}, "properties": {"source": "3176248", "target": "2116786"}}, {"type": "Feature", "geometry": {"type": "LineString", "coordinates": [[-144.82880554950123, 62.84207858820352], [-144.8578197824633, 62.842855869934084]]}, "properties": {"source": "3176248", "target": "2121483"}}, {"type": "Feature", "geometry": {"type": "LineString", "coordinates": [[-144.82880554950123, 62.84207858820352], [-144.80990338953742, 62.85073950638636]]}, "properties": {"source": "3176248", "target": "3176195"}}, {"type": "Feature", "geometry": {"type": "LineString", "coordinates": [[-144.82880554950123, 62.84207858820352], [-144.85905696030835, 62.84240061186355]]}, "properties": {"source": "3176248", "target": "2500418"}}, {"type": "Feature", "geometry": {"type": "LineString", "coordinates": [[-144.82880554950123, 62.84207858820352], [-144.83787267434934, 62.84666868158476]]}, "properties": {"source": "3176248", "target": "4624889"}}, {"type": "Feature", "geometry": {"type": "LineString", "coordinates": [[-144.82880554950123, 62.84207858820352], [-144.82410198642083, 62.86048257531321]]}, "properties": {"source": "3176248", "target": "4624869"}}, {"type": "Feature", "geometry": {"type": "LineString", "coordinates": [[-144.82880554950123, 62.84207858820352], [-144.85283400407195, 62.84407826946608]]}, "properties": {"source": "3176248", "target": "2918541"}}, {"type": "Feature", "geometry": {"type": "LineString", "coordinates": [[-144.82880554950123, 62.84207858820352], [-144.81597572119315, 62.85461205388633]]}, "properties": {"source": "3176248", "target": "2142729"}}, {"type": "Feature", "geometry": {"type": "LineString", "coordinates": [[-144.82880554950123, 62.84207858820352], [-144.81707891973986, 62.85168188727643]]}, "properties": {"source": "3176248", "target": "2116396"}}, {"type": "Feature", "geometry": {"type": "LineString", "coordinates": [[-144.82880554950123, 62.84207858820352], [-144.82672384060444, 62.85721453449926]]}, "properties": {"source": "3176248", "target": "2142237"}}, {"type": "Feature", "geometry": {"type": "LineString", "coordinates": [[-144.81270622983303, 62.86043896140892], [-144.80886979685607, 62.85130475179912]]}, "properties": {"source": "6810103", "target": "6809166"}}, {"type": "Feature", "geometry": {"type": "LineString", "coordinates": [[-144.81270622983303, 62.86043896140892], [-144.8377932886048, 62.849425351997155]]}, "properties": {"source": "6810103", "target": "6810145"}}, {"type": "Feature", "geometry": {"type": "LineString", "coordinates": [[-144.81270622983303, 62.86043896140892], [-144.85706571690096, 62.8406666665838]]}, "properties": {"source": "6810103", "target": "6810201"}}, {"type": "Feature", "geometry": {"type": "LineString", "coordinates": [[-144.81270622983303, 62.86043896140892], [-144.81343631084755, 62.85660029792773]]}, "properties": {"source": "6810103", "target": "6810276"}}, {"type": "Feature", "geometry": {"type": "LineString", "coordinates": [[-144.81270622983303, 62.86043896140892], [-144.83974160118572, 62.85142716907113]]}, "properties": {"source": "6810103", "target": "6809913"}}, {"type": "Feature", "geometry": {"type": "LineString", "coordinates": [[-144.81270622983303, 62.86043896140892], [-144.80931453738577, 62.85030632586529]]}, "properties": {"source": "6810103", "target": "6809886"}}, {"type": "Feature", "geometry": {"type": "LineString", "coordinates": [[-144.8452832807898, 62.852088528768036], [-144.84391845800326, 62.84198021770895]]}, "properties": {"source": "2142715", "target": "1126600"}}, {"type": "Feature", "geometry": {"type": "LineString", "coordinates": [[-144.8452832807898, 62.852088528768036], [-144.82779373901639, 62.85098890219436]]}, "properties": {"source": "2142715", "target": "2113797"}}, {"type": "Feature", "geometry": {"type": "LineString", "coordinates": [[-144.80671426487743, 62.84395641236188], [-144.80590097259744, 62.859548169571696]]}, "properties": {"source": "2573713", "target": "3160511"}}, {"type": "Feature", "geometry": {"type": "LineString", "coordinates": [[-144.80671426487743, 62.84395641236188], [-144.83882370559235, 62.85234363306465]]}, "properties": {"source": "2573713", "target": "2853435"}}, {"type": "Feature", "geometry": {"type": "LineString", "coordinates": [[-144.80671426487743, 62.84395641236188], [-144.86170325145457, 62.851618777654224]]}, "properties": {"source": "2573713", "target": "2853403"}}, {"type": "Feature", "geometry": {"type": "LineString", "coordinates": [[-144.80671426487743, 62.84395641236188], [-144.83807026641034, 62.84808319786838]]}, "properties": {"source": "2573713", "target": "9484547"}}, {"type": "Feature", "geometry": {"type": "LineString", "coordinates": [[-144.80671426487743, 62.84395641236188], [-144.84809749584494, 62.854953993190634]]}, "properties": {"source": "2573713", "target": "2740752"}}, {"type": "Feature", "geometry": {"type": "LineString", "coordinates": [[-144.82426656210657, 62.84818803562126], [-144.83672403597802, 62.850000292441905]]}, "properties": {"source": "7075431", "target": "6810184"}}, {"type": "Feature", "geometry": {"type": "LineString", "coordinates": [[-144.82426656210657, 62.84818803562126], [-144.85706571690096, 62.8406666665838]]}, "properties": {"source": "7075431", "target": "6810201"}}, {"type": "Feature", "geometry": {"type": "LineString", "coordinates": [[-144.82426656210657, 62.84818803562126], [-144.85392381378034, 62.856161596602576]]}, "properties": {"source": "7075431", "target": "6810283"}}, {"type": "Feature", "geometry": {"type": "LineString", "coordinates": [[-144.86588545421998, 62.857065984571676], [-144.8578197824633, 62.842855869934084]]}, "properties": {"source": "2142725", "target": "2121483"}}, {"type": "Feature", "geometry": {"type": "LineString", "coordinates": [[-144.86588545421998, 62.857065984571676], [-144.83976591822938, 62.84634950202502]]}, "properties": {"source": "2142725", "target": "2393172"}}, {"type": "Feature", "geometry": {"type": "LineString", "coordinates": [[-144.86588545421998, 62.857065984571676], [-144.83441657950004, 62.84836220245437]]}, "properties": {"source": "2142725", "target": "2121308"}}, {"type": "Feature", "geometry": {"type": "LineString", "coordinates": [[-144.86588545421998, 62.857065984571676], [-144.81597572119315, 62.85461205388633]]}, "properties": {"source": "2142725", "target": "2142729"}}, {"type": "Feature", "geometry": {"type": "LineString", "coordinates": [[-144.86588545421998, 62.857065984571676], [-144.83948117722042, 62.85772373815486]]}, "properties": {"source": "2142725", "target": "2318317"}}, {"type": "Feature", "geometry": {"type": "LineString", "coordinates": [[-144.86588545421998, 62.857065984571676], [-144.81707891973986, 62.85168188727643]]}, "properties": {"source": "2142725", "target": "2116396"}}, {"type": "Feature", "geometry": {"type": "LineString", "coordinates": [[-144.85283400407195, 62.84407826946608], [-144.83882370559235, 62.85234363306465]]}, "properties": {"source": "2918541", "target": "2853435"}}, {"type": "Feature", "geometry": {"type": "LineString", "coordinates": [[-144.85283400407195, 62.84407826946608], [-144.81597572119315, 62.85461205388633]]}, "properties": {"source": "2918541", "target": "2142729"}}, {"type": "Feature", "geometry": {"type": "LineString", "coordinates": [[-144.85283400407195, 62.84407826946608], [-144.83948117722042, 62.85772373815486]]}, "properties": {"source": "2918541", "target": "2318317"}}, {"type": "Feature", "geometry": {"type": "LineString", "coordinates": [[-144.84749315897812, 62.84871717511231], [-144.8069011501101, 62.85311342516252]]}, "properties": {"source": "2322359", "target": "2322356"}}, {"type": "Feature", "geometry": {"type": "LineString", "coordinates": [[-144.84749315897812, 62.84871717511231], [-144.83882370559235, 62.85234363306465]]}, "properties": {"source": "2322359", "target": "2853435"}}, {"type": "Feature", "geometry": {"type": "LineString", "coordinates": [[-144.84749315897812, 62.84871717511231], [-144.84700345380404, 62.84896982731489]]}, "properties": {"source": "2322359", "target": "2322340"}}, {"type": "Feature", "geometry": {"type": "LineString", "coordinates": [[-144.84749315897812, 62.84871717511231], [-144.86555428106104, 62.845092917270506]]}, "properties": {"source": "2322359", "target": "2121337"}}, {"type": "Feature", "geometry": {"type": "LineString", "coordinates": [[-144.8277349348561, 62.859107889569046], [-144.83948117722042, 62.85772373815486]]}, "properties": {"source": "2740974", "target": "2318317"}}, {"type": "Feature", "geometry": {"type": "LineString", "coordinates": [[-144.8277349348561, 62.859107889569046], [-144.8662476421105, 62.84530372667949]]}, "properties": {"source": "2740974", "target": "2142719"}}, {"type": "Feature", "geometry": {"type": "LineString", "coordinates": [[-144.8277349348561, 62.859107889569046], [-144.86199528976752, 62.846652032152434]]}, "properties": {"source": "2740974", "target": "2573289"}}, {"type": "Feature", "geometry": {"type": "LineString", "coordinates": [[-144.84546348377376, 62.85708526489633], [-144.8096851252921, 62.85894475486192]]}, "properties": {"source": "2107292", "target": "2107272"}}, {"type": "Feature", "geometry": {"type": "LineString", "coordinates": [[-144.84546348377376, 62.85708526489633], [-144.86088421823382, 62.85165721321751]]}, "properties": {"source": "2107292", "target": "2107276"}}, {"type": "Feature", "geometry": {"type": "LineString", "coordinates": [[-144.84546348377376, 62.85708526489633], [-144.84094308835438, 62.85261718808886]]}, "properties": {"source": "2107292", "target": "2116760"}}, {"type": "Feature", "geometry": {"type": "LineString", "coordinates": [[-144.84546348377376, 62.85708526489633], [-144.85029136899732, 62.85798891297482]]}, "properties": {"source": "2107292", "target": "2107251"}}, {"type": "Feature", "geometry": {"type": "LineString", "coordinates": [[-144.84546348377376, 62.85708526489633], [-144.83625076443172, 62.85362971014733]]}, "properties": {"source": "2107292", "target": "2107237"}}, {"type": "Feature", "geometry": {"type": "LineString", "coordinates": [[-144.84546348377376, 62.85708526489633], [-144.8567243909148, 62.845632714700216]]}, "properties": {"source": "2107292", "target": "2116786"}}, {"type": "Feature", "geometry": {"type": "LineString", "coordinates": [[-144.84546348377376, 62.85708526489633], [-144.81763674884695, 62.85336370859365]]}, "properties": {"source": "2107292", "target": "2107232"}}, {"type": "Feature", "geometry": {"type": "LineString", "coordinates": [[-144.84546348377376, 62.85708526489633], [-144.8578197824633, 62.842855869934084]]}, "properties": {"source": "2107292", "target": "2121483"}}, {"type": "Feature", "geometry": {"type": "LineString", "coordinates": [[-144.84546348377376, 62.85708526489633], [-144.8225585566361, 62.853286712006465]]}, "properties": {"source": "2107292", "target": "2107229"}}, {"type": "Feature", "geometry": {"type": "LineString", "coordinates": [[-144.84546348377376, 62.85708526489633], [-144.8522772284451, 62.85585554831299]]}, "properties": {"source": "2107292", "target": "2107259"}}, {"type": "Feature", "geometry": {"type": "LineString", "coordinates": [[-144.84546348377376, 62.85708526489633], [-144.8159047205372, 62.85056676542308]]}, "properties": {"source": "2107292", "target": "2122191"}}, {"type": "Feature", "geometry": {"type": "LineString", "coordinates": [[-144.84546348377376, 62.85708526489633], [-144.86099312210817, 62.85386012649022]]}, "properties": {"source": "2107292", "target": "1885141"}}, {"type": "Feature", "geometry": {"type": "LineString", "coordinates": [[-144.84546348377376, 62.85708526489633], [-144.86623928459503, 62.848294858538395]]}, "properties": {"source": "2107292", "target": "1921348"}}, {"type": "Feature", "geometry": {"type": "LineString", "coordinates": [[-144.84546348377376, 62.85708526489633], [-144.82902399331326, 62.84798574065694]]}, "properties": {"source": "2107292", "target": "2107208"}}, {"type": "Feature", "geometry": {"type": "LineString", "coordinates": [[-144.84546348377376, 62.85708526489633], [-144.8342921844593, 62.84895156908581]]}, "properties": {"source": "2107292", "target": "2107283"}}, {"type": "Feature", "geometry": {"type": "LineString", "coordinates": [[-144.84546348377376, 62.85708526489633], [-144.83441657950004, 62.84836220245437]]}, "properties": {"source": "2107292", "target": "2121308"}}, {"type": "Feature", "geometry": {"type": "LineString", "coordinates": [[-144.84793294554274, 62.8589747353203], [-144.86496548866424, 62.85720122684555]]}, "properties": {"source": "1115807", "target": "2121330"}}, {"type": "Feature", "geometry": {"type": "LineString", "coordinates": [[-144.84793294554274, 62.8589747353203], [-144.85703194973757, 62.84688552768512]]}, "properties": {"source": "1115807", "target": "3470630"}}, {"type": "Feature", "geometry": {"type": "LineString", "coordinates": [[-144.84793294554274, 62.8589747353203], [-144.82625315450707, 62.8603310228612]]}, "properties": {"source": "1115807", "target": "3275158"}}, {"type": "Feature", "geometry": {"type": "LineString", "coordinates": [[-144.84379974692317, 62.861335764328416], [-144.85941684061441, 62.86009398365093]]}, "properties": {"source": "1819884", "target": "1948371"}}, {"type": "Feature", "geometry": {"type": "LineString", "coordinates": [[-144.84379974692317, 62.861335764328416], [-144.80614519524383, 62.85496819645766]]}, "properties": {"source": "1819884", "target": "1695311"}}, {"type": "Feature", "geometry": {"type": "LineString", "coordinates": [[-144.84379974692317, 62.861335764328416], [-144.8142675623939, 62.85443315884926]]}, "properties": {"source": "1819884", "target": "1695318"}}, {"type": "Feature", "geometry": {"type": "LineString", "coordinates": [[-144.8368551109081, 62.85061385673551], [-144.83882370559235, 62.85234363306465]]}, "properties": {"source": "2318292", "target": "2853435"}}, {"type": "Feature", "geometry": {"type": "LineString", "coordinates": [[-144.8368551109081, 62.85061385673551], [-144.8578197824633, 62.842855869934084]]}, "properties": {"source": "2318292", "target": "2121483"}}, {"type": "Feature", "geometry": {"type": "LineString", "coordinates": [[-144.8368551109081, 62.85061385673551], [-144.8159047205372, 62.85056676542308]]}, "properties": {"source": "2318292", "target": "2122191"}}, {"type": "Feature", "geometry": {"type": "LineString", "coordinates": [[-144.8368551109081, 62.85061385673551], [-144.85905696030835, 62.84240061186355]]}, "properties": {"source": "2318292", "target": "2500418"}}, {"type": "Feature", "geometry": {"type": "LineString", "coordinates": [[-144.8368551109081, 62.85061385673551], [-144.83044259796372, 62.84964330399791]]}, "properties": {"source": "2318292", "target": "2142614"}}, {"type": "Feature", "geometry": {"type": "LineString", "coordinates": [[-144.8368551109081, 62.85061385673551], [-144.8662476421105, 62.84530372667949]]}, "properties": {"source": "2318292", "target": "2142719"}}, {"type": "Feature", "geometry": {"type": "LineString", "coordinates": [[-144.8368551109081, 62.85061385673551], [-144.86170325145457, 62.851618777654224]]}, "properties": {"source": "2318292", "target": "2853403"}}, {"type": "Feature", "geometry": {"type": "LineString", "coordinates": [[-144.8368551109081, 62.85061385673551], [-144.80667462665565, 62.85073070083598]]}, "properties": {"source": "2318292", "target": "2242258"}}, {"type": "Feature", "geometry": {"type": "LineString", "coordinates": [[-144.8368551109081, 62.85061385673551], [-144.83536080042728, 62.846067956472154]]}, "properties": {"source": "2318292", "target": "1609292"}}, {"type": "Feature", "geometry": {"type": "LineString", "coordinates": [[-144.8368551109081, 62.85061385673551], [-144.85101881405149, 62.85380941054106]]}, "properties": {"source": "2318292", "target": "2121361"}}, {"type": "Feature", "geometry": {"type": "LineString", "coordinates": [[-144.8590416703921, 62.85521923649513], [-144.84807666987294, 62.86173465632832]]}, "properties": {"source": "3176229", "target": "3160008"}}, {"type": "Feature", "geometry": {"type": "LineString", "coordinates": [[-144.8590416703921, 62.85521923649513], [-144.85521254036877, 62.85446760600895]]}, "properties": {"source": "3176229", "target": "3180314"}}, {"type": "Feature", "geometry": {"type": "LineString", "coordinates": [[-144.8590416703921, 62.85521923649513], [-144.81293242959845, 62.86020852020772]]}, "properties": {"source": "3176229", "target": "2116833"}}, {"type": "Feature", "geometry": {"type": "LineString", "coordinates": [[-144.8590416703921, 62.85521923649513], [-144.8567243909148, 62.845632714700216]]}, "properties": {"source": "3176229", "target": "2116786"}}, {"type": "Feature", "geometry": {"type": "LineString", "coordinates": [[-144.8590416703921, 62.85521923649513], [-144.84950906052984, 62.855641851383965]]}, "properties": {"source": "3176229", "target": "2980540"}}, {"type": "Feature", "geometry": {"type": "LineString", "coordinates": [[-144.8590416703921, 62.85521923649513], [-144.80990338953742, 62.85073950638636]]}, "properties": {"source": "3176229", "target": "3176195"}}, {"type": "Feature", "geometry": {"type": "LineString", "coordinates": [[-144.85706571690096, 62.8406666665838], [-144.8377932886048, 62.849425351997155]]}, "properties": {"source": "6810201", "target": "6810145"}}, {"type": "Feature", "geometry": {"type": "LineString", "coordinates": [[-144.85706571690096, 62.8406666665838], [-144.81343631084755, 62.85660029792773]]}, "properties": {"source": "6810201", "target": "6810276"}}, {"type": "Feature", "geometry": {"type": "LineString", "coordinates": [[-144.85706571690096, 62.8406666665838], [-144.81816736759433, 62.84093914042049]]}, "properties": {"source": "6810201", "target": "6810269"}}, {"type": "Feature", "geometry": {"type": "LineString", "coordinates": [[-144.85706571690096, 62.8406666665838], [-144.80489257983314, 62.853513770293944]]}, "properties": {"source": "6810201", "target": "6810249"}}, {"type": "Feature", "geometry": {"type": "LineString", "coordinates": [[-144.80533586632689, 62.85210224577429], [-144.82859335884802, 62.84280126488372]]}, "properties": {"source": "2116771", "target": "2121357"}}, {"type": "Feature", "geometry": {"type": "LineString", "coordinates": [[-144.80533586632689, 62.85210224577429], [-144.82701968666322, 62.84290019140789]]}, "properties": {"source": "2116771", "target": "2116134"}}, {"type": "Feature", "geometry": {"type": "LineString", "coordinates": [[-144.80533586632689, 62.85210224577429], [-144.84094308835438, 62.85261718808886]]}, "properties": {"source": "2116771", "target": "2116760"}}, {"type": "Feature", "geometry": {"type": "LineString", "coordinates": [[-144.80533586632689, 62.85210224577429], [-144.84807666987294, 62.86173465632832]]}, "properties": {"source": "2116771", "target": "3160008"}}, {"type": "Feature", "geometry": {"type": "LineString", "coordinates": [[-144.80533586632689, 62.85210224577429], [-144.84630313661984, 62.842758445567526]]}, "properties": {"source": "2116771", "target": "2116781"}}, {"type": "Feature", "geometry": {"type": "LineString", "coordinates": [[-144.80533586632689, 62.85210224577429], [-144.83711627542453, 62.85273772157724]]}, "properties": {"source": "2116771", "target": "2045074"}}, {"type": "Feature", "geometry": {"type": "LineString", "coordinates": [[-144.84713363289617, 62.85758157099406], [-144.84010779807105, 62.84751838696759]]}, "properties": {"source": "1819698", "target": "1819700"}}, {"type": "Feature", "geometry": {"type": "LineString", "coordinates": [[-144.84713363289617, 62.85758157099406], [-144.84331727964798, 62.85823411163268]]}, "properties": {"source": "1819698", "target": "1722807"}}, {"type": "Feature", "geometry": {"type": "LineString", "coordinates": [[-144.84713363289617, 62.85758157099406], [-144.81415807136926, 62.85343989635295]]}, "properties": {"source": "1819698", "target": "21431131"}}, {"type": "Feature", "geometry": {"type": "LineString", "coordinates": [[-144.85832501934482, 62.858231847638265], [-144.81367824340435, 62.8585441912911]]}, "properties": {"source": "1722808", "target": "1819910"}}, {"type": "Feature", "geometry": {"type": "LineString", "coordinates": [[-144.85832501934482, 62.858231847638265], [-144.8644901460109, 62.853316278806275]]}, "properties": {"source": "1722808", "target": "1632187"}}, {"type": "Feature", "geometry": {"type": "LineString", "coordinates": [[-144.83498200702786, 62.84095003491015], [-144.86682622848173, 62.85076897041621]]}, "properties": {"source": "2655630", "target": "6809179"}}, {"type": "Feature", "geometry": {"type": "LineString", "coordinates": [[-144.83411420168778, 62.84145725963012], [-144.86099312210817, 62.85386012649022]]}, "properties": {"source": "1737925", "target": "1885141"}}, {"type": "Feature", "geometry": {"type": "LineString", "coordinates": [[-144.83411420168778, 62.84145725963012], [-144.86623928459503, 62.848294858538395]]}, "properties": {"source": "1737925", "target": "1921348"}}, {"type": "Feature", "geometry": {"type": "LineString", "coordinates": [[-144.83411420168778, 62.84145725963012], [-144.82667706650363, 62.84704776478375]]}, "properties": {"source": "1737925", "target": "18301"}}, {"type": "Feature", "geometry": {"type": "LineString", "coordinates": [[-144.83411420168778, 62.84145725963012], [-144.81661932280488, 62.847727872659945]]}, "properties": {"source": "1737925", "target": "1718785"}}, {"type": "Feature", "geometry": {"type": "LineString", "coordinates": [[-144.83411420168778, 62.84145725963012], [-144.83408470534957, 62.845131227865664]]}, "properties": {"source": "1737925", "target": "1737929"}}, {"type": "Feature", "geometry": {"type": "LineString", "coordinates": [[-144.83411420168778, 62.84145725963012], [-144.83053644211682, 62.84710920055542]]}, "properties": {"source": "1737925", "target": "1737920"}}, {"type": "Feature", "geometry": {"type": "LineString", "coordinates": [[-144.83411420168778, 62.84145725963012], [-144.81576587467916, 62.86007102343105]]}, "properties": {"source": "1737925", "target": "1721081"}}, {"type": "Feature", "geometry": {"type": "LineString", "coordinates": [[-144.83411420168778, 62.84145725963012], [-144.8617037065527, 62.857818035674995]]}, "properties": {"source": "1737925", "target": "1737922"}}, {"type": "Feature", "geometry": {"type": "LineString", "coordinates": [[-144.83411420168778, 62.84145725963012], [-144.84248094088846, 62.8534267398563]]}, "properties": {"source": "1737925", "target": "1007926"}}, {"type": "Feature", "geometry": {"type": "LineString", "coordinates": [[-144.84774282349596, 62.84161762600313], [-144.8605381339911, 62.85686167539836]]}, "properties": {"source": "4567041", "target": "7360245"}}, {"type": "Feature", "geometry": {"type": "LineString", "coordinates": [[-144.84807666987294, 62.86173465632832], [-144.82701968666322, 62.84290019140789]]}, "properties": {"source": "3160008", "target": "2116134"}}, {"type": "Feature", "geometry": {"type": "LineString", "coordinates": [[-144.84807666987294, 62.86173465632832], [-144.80590097259744, 62.859548169571696]]}, "properties": {"source": "3160008", "target": "3160511"}}, {"type": "Feature", "geometry": {"type": "LineString", "coordinates": [[-144.84807666987294, 62.86173465632832], [-144.85521254036877, 62.85446760600895]]}, "properties": {"source": "3160008", "target": "3180314"}}, {"type": "Feature", "geometry": {"type": "LineString", "coordinates": [[-144.84807666987294, 62.86173465632832], [-144.80990338953742, 62.85073950638636]]}, "properties": {"source": "3160008", "target": "3176195"}}, {"type": "Feature", "geometry": {"type": "LineString", "coordinates": [[-144.84807666987294, 62.86173465632832], [-144.84630313661984, 62.842758445567526]]}, "properties": {"source": "3160008", "target": "2116781"}}, {"type": "Feature", "geometry": {"type": "LineString", "coordinates": [[-144.84807666987294, 62.86173465632832], [-144.83711627542453, 62.85273772157724]]}, "properties": {"source": "3160008", "target": "2045074"}}, {"type": "Feature", "geometry": {"type": "LineString", "coordinates": [[-144.86119187999856, 62.85282376662305], [-144.80533586632689, 62.85210224577429]]}, "properties": {"source": "6239064", "target": "2116771"}}, {"type": "Feature", "geometry": {"type": "LineString", "coordinates": [[-144.86119187999856, 62.85282376662305], [-144.83787267434934, 62.84666868158476]]}, "properties": {"source": "6239064", "target": "4624889"}}, {"type": "Feature", "geometry": {"type": "LineString", "coordinates": [[-144.86119187999856, 62.85282376662305], [-144.8238532312636, 62.84351952236017]]}, "properties": {"source": "6239064", "target": "1992777"}}, {"type": "Feature", "geometry": {"type": "LineString", "coordinates": [[-144.86119187999856, 62.85282376662305], [-144.8240597219565, 62.84720055961748]]}, "properties": {"source": "6239064", "target": "3470844"}}, {"type": "Feature", "geometry": {"type": "LineString", "coordinates": [[-144.86119187999856, 62.85282376662305], [-144.8635779225477, 62.85118289284978]]}, "properties": {"source": "6239064", "target": "3321279"}}, {"type": "Feature", "geometry": {"type": "LineString", "coordinates": [[-144.86119187999856, 62.85282376662305], [-144.81106824245788, 62.853865695945714]]}, "properties": {"source": "6239064", "target": "5983742"}}, {"type": "Feature", "geometry": {"type": "LineString", "coordinates": [[-144.86119187999856, 62.85282376662305], [-144.81803225724497, 62.84835237510572]]}, "properties": {"source": "6239064", "target": "3103015"}}, {"type": "Feature", "geometry": {"type": "LineString", "coordinates": [[-144.86119187999856, 62.85282376662305], [-144.85561817334624, 62.84688174510481]]}, "properties": {"source": "6239064", "target": "2418905"}}, {"type": "Feature", "geometry": {"type": "LineString", "coordinates": [[-144.81963308871315, 62.84232499080086], [-144.84094308835438, 62.85261718808886]]}, "properties": {"source": "2205402", "target": "2116760"}}, {"type": "Feature", "geometry": {"type": "LineString", "coordinates": [[-144.81963308871315, 62.84232499080086], [-144.85521254036877, 62.85446760600895]]}, "properties": {"source": "2205402", "target": "3180314"}}, {"type": "Feature", "geometry": {"type": "LineString", "coordinates": [[-144.8605381339911, 62.85686167539836], [-144.8293867911369, 62.85826437553523]]}, "properties": {"source": "7360245", "target": "2116133"}}, {"type": "Feature", "geometry": {"type": "LineString", "coordinates": [[-144.8605381339911, 62.85686167539836], [-144.80533586632689, 62.85210224577429]]}, "properties": {"source": "7360245", "target": "2116771"}}, {"type": "Feature", "geometry": {"type": "LineString", "coordinates": [[-144.8605381339911, 62.85686167539836], [-144.84630313661984, 62.842758445567526]]}, "properties": {"source": "7360245", "target": "2116781"}}, {"type": "Feature", "geometry": {"type": "LineString", "coordinates": [[-144.8605381339911, 62.85686167539836], [-144.85283400407195, 62.84407826946608]]}, "properties": {"source": "7360245", "target": "2918541"}}, {"type": "Feature", "geometry": {"type": "LineString", "coordinates": [[-144.8605381339911, 62.85686167539836], [-144.84749315897812, 62.84871717511231]]}, "properties": {"source": "7360245", "target": "2322359"}}, {"type": "Feature", "geometry": {"type": "LineString", "coordinates": [[-144.8605381339911, 62.85686167539836], [-144.82458618851248, 62.85485888329872]]}, "properties": {"source": "7360245", "target": "7357047"}}, {"type": "Feature", "geometry": {"type": "LineString", "coordinates": [[-144.8451342187239, 62.84817837835439], [-144.80405171292588, 62.86044477319771]]}, "properties": {"source": "551083", "target": "1342219"}}, {"type": "Feature", "geometry": {"type": "LineString", "coordinates": [[-144.85789024956657, 62.856746563298984], [-144.8240597219565, 62.84720055961748]]}, "properties": {"source": "12915304", "target": "3470844"}}, {"type": "Feature", "geometry": {"type": "LineString", "coordinates": [[-144.85789024956657, 62.856746563298984], [-144.81765676239127, 62.85668420020927]]}, "properties": {"source": "12915304", "target": "13556"}}, {"type": "Feature", "geometry": {"type": "LineString", "coordinates": [[-144.85789024956657, 62.856746563298984], [-144.83384829088084, 62.85988255642562]]}, "properties": {"source": "12915304", "target": "6992452"}}, {"type": "Feature", "geometry": {"type": "LineString", "coordinates": [[-144.82387267668898, 62.8603978527961], [-144.8176343426807, 62.85229710319071]]}, "properties": {"source": "5960127", "target": "6068567"}}, {"type": "Feature", "geometry": {"type": "LineString", "coordinates": [[-144.82387267668898, 62.8603978527961], [-144.83339710252346, 62.858910374716444]]}, "properties": {"source": "5960127", "target": "6068564"}}, {"type": "Feature", "geometry": {"type": "LineString", "coordinates": [[-144.82387267668898, 62.8603978527961], [-144.81047471298479, 62.85463787718044]]}, "properties": {"source": "5960127", "target": "6068572"}}, {"type": "Feature", "geometry": {"type": "LineString", "coordinates": [[-144.80466669446338, 62.842291953112166], [-144.84207704024888, 62.85689945658527]]}, "properties": {"source": "2388612", "target": "1137779"}}, {"type": "Feature", "geometry": {"type": "LineString", "coordinates": [[-144.80466669446338, 62.842291953112166], [-144.81862108368432, 62.84537286575059]]}, "properties": {"source": "2388612", "target": "478353"}}, {"type": "Feature", "geometry": {"type": "LineString", "coordinates": [[-144.80466669446338, 62.842291953112166], [-144.84963970342338, 62.85297146334989]]}, "properties": {"source": "2388612", "target": "2484764"}}, {"type": "Feature", "geometry": {"type": "LineString", "coordinates": [[-144.81451988062344, 62.85932433554764], [-144.80830727141944, 62.84286157964597]]}, "properties": {"source": "16614860", "target": "10132053"}}, {"type": "Feature", "geometry": {"type": "LineString", "coordinates": [[-144.81567640422526, 62.8432084668341], [-144.82339129350967, 62.86062481183778]]}, "properties": {"source": "218631", "target": "18316"}}, {"type": "Feature", "geometry": {"type": "LineString", "coordinates": [[-144.80786625384147, 62.84573279678011], [-144.81661932280488, 62.847727872659945]]}, "properties": {"source": "4056975", "target": "1718785"}}, {"type": "Feature", "geometry": {"type": "LineString", "coordinates": [[-144.81555576836226, 62.847051373715516], [-144.83190204850482, 62.85243709199398]]}, "properties": {"source": "6281639", "target": "6377025"}}, {"type": "Feature", "geometry": {"type": "LineString", "coordinates": [[-144.84185495955415, 62.85571230708351], [-144.85908996636044, 62.852928442950926]]}, "properties": {"source": "1605750", "target": "1992783"}}, {"type": "Feature", "geometry": {"type": "LineString", "coordinates": [[-144.84185495955415, 62.85571230708351], [-144.83297387883636, 62.858636561821115]]}, "properties": {"source": "1605750", "target": "382998"}}, {"type": "Feature", "geometry": {"type": "LineString", "coordinates": [[-144.84185495955415, 62.85571230708351], [-144.81119014720477, 62.85979928299817]]}, "properties": {"source": "1605750", "target": "1605745"}}, {"type": "Feature", "geometry": {"type": "LineString", "coordinates": [[-144.85785089078644, 62.85130085666768], [-144.8069011501101, 62.85311342516252]]}, "properties": {"source": "1361768", "target": "2322356"}}, {"type": "Feature", "geometry": {"type": "LineString", "coordinates": [[-144.85785089078644, 62.85130085666768], [-144.81730632113675, 62.860185198234944]]}, "properties": {"source": "1361768", "target": "3176228"}}, {"type": "Feature", "geometry": {"type": "LineString", "coordinates": [[-144.85785089078644, 62.85130085666768], [-144.83735366074478, 62.85218533185434]]}, "properties": {"source": "1361768", "target": "2116130"}}, {"type": "Feature", "geometry": {"type": "LineString", "coordinates": [[-144.85785089078644, 62.85130085666768], [-144.84700345380404, 62.84896982731489]]}, "properties": {"source": "1361768", "target": "2322340"}}, {"type": "Feature", "geometry": {"type": "LineString", "coordinates": [[-144.85785089078644, 62.85130085666768], [-144.8664883831778, 62.853743324417735]]}, "properties": {"source": "1361768", "target": "1969159"}}, {"type": "Feature", "geometry": {"type": "LineString", "coordinates": [[-144.85785089078644, 62.85130085666768], [-144.84298581422198, 62.84579953928821]]}, "properties": {"source": "1361768", "target": "944585"}}, {"type": "Feature", "geometry": {"type": "LineString", "coordinates": [[-144.847641746667, 62.860887505019804], [-144.8310381256446, 62.856293157320266]]}, "properties": {"source": "25417844", "target": "24947362"}}, {"type": "Feature", "geometry": {"type": "LineString", "coordinates": [[-144.85873259503424, 62.84451600341775], [-144.81208282035362, 62.857743089895905]]}, "properties": {"source": "32672171", "target": "1131863"}}, {"type": "Feature", "geometry": {"type": "LineString", "coordinates": [[-144.84185495955415, 62.85571230708351], [-144.82229667544794, 62.85138385012476]]}, "properties": {"source": "1605750", "target": "1734545"}}, {"type": "Feature", "geometry": {"type": "LineString", "coordinates": [[-144.81757562592458, 62.84825945295282], [-144.82410198642083, 62.86048257531321]]}, "properties": {"source": "3176221", "target": "4624869"}}, {"type": "Feature", "geometry": {"type": "LineString", "coordinates": [[-144.81757562592458, 62.84825945295282], [-144.8423573806527, 62.84213542815]]}, "properties": {"source": "3176221", "target": "3159982"}}, {"type": "Feature", "geometry": {"type": "LineString", "coordinates": [[-144.81757562592458, 62.84825945295282], [-144.80900449780475, 62.85686405643902]]}, "properties": {"source": "3176221", "target": "2141843"}}, {"type": "Feature", "geometry": {"type": "LineString", "coordinates": [[-144.81757562592458, 62.84825945295282], [-144.80841419300884, 62.85629265902604]]}, "properties": {"source": "3176221", "target": "6241563"}}, {"type": "Feature", "geometry": {"type": "LineString", "coordinates": [[-144.81757562592458, 62.84825945295282], [-144.81489120163698, 62.859787187309166]]}, "properties": {"source": "3176221", "target": "2142684"}}, {"type": "Feature", "geometry": {"type": "LineString", "coordinates": [[-144.81757562592458, 62.84825945295282], [-144.8096250023165, 62.850845466692675]]}, "properties": {"source": "3176221", "target": "3180344"}}, {"type": "Feature", "geometry": {"type": "LineString", "coordinates": [[-144.81757562592458, 62.84825945295282], [-144.82091437030795, 62.85735844281176]]}, "properties": {"source": "3176221", "target": "3159933"}}, {"type": "Feature", "geometry": {"type": "LineString", "coordinates": [[-144.81757562592458, 62.84825945295282], [-144.85606156210355, 62.8599281214711]]}, "properties": {"source": "3176221", "target": "3211020"}}, {"type": "Feature", "geometry": {"type": "LineString", "coordinates": [[-144.81757562592458, 62.84825945295282], [-144.82233680027176, 62.855772280383846]]}, "properties": {"source": "3176221", "target": "3176162"}}, {"type": "Feature", "geometry": {"type": "LineString", "coordinates": [[-144.81757562592458, 62.84825945295282], [-144.84169976062068, 62.85303512625251]]}, "properties": {"source": "3176221", "target": "2980575"}}, {"type": "Feature", "geometry": {"type": "LineString", "coordinates": [[-144.85682481531444, 62.84200182852874], [-144.83672403597802, 62.850000292441905]]}, "properties": {"source": "6810309", "target": "6810184"}}, {"type": "Feature", "geometry": {"type": "LineString", "coordinates": [[-144.85682481531444, 62.84200182852874], [-144.81560012543792, 62.84822100195018]]}, "properties": {"source": "6810309", "target": "6810111"}}, {"type": "Feature", "geometry": {"type": "LineString", "coordinates": [[-144.85682481531444, 62.84200182852874], [-144.8373130067128, 62.84609025933274]]}, "properties": {"source": "6810309", "target": "6809105"}}, {"type": "Feature", "geometry": {"type": "LineString", "coordinates": [[-144.85682481531444, 62.84200182852874], [-144.8286337744396, 62.842426956065054]]}, "properties": {"source": "6810309", "target": "6810298"}}, {"type": "Feature", "geometry": {"type": "LineString", "coordinates": [[-144.85682481531444, 62.84200182852874], [-144.83750759713922, 62.84986735896341]]}, "properties": {"source": "6810309", "target": "6250878"}}, {"type": "Feature", "geometry": {"type": "LineString", "coordinates": [[-144.85682481531444, 62.84200182852874], [-144.85392381378034, 62.856161596602576]]}, "properties": {"source": "6810309", "target": "6810283"}}, {"type": "Feature", "geometry": {"type": "LineString", "coordinates": [[-144.81156094860745, 62.84558153338601], [-144.84094308835438, 62.85261718808886]]}, "properties": {"source": "2121359", "target": "2116760"}}, {"type": "Feature", "geometry": {"type": "LineString", "coordinates": [[-144.81156094860745, 62.84558153338601], [-144.85024303505134, 62.85826040168746]]}, "properties": {"source": "2121359", "target": "3183389"}}, {"type": "Feature", "geometry": {"type": "LineString", "coordinates": [[-144.81156094860745, 62.84558153338601], [-144.8293867911369, 62.85826437553523]]}, "properties": {"source": "2121359", "target": "2116133"}}, {"type": "Feature", "geometry": {"type": "LineString", "coordinates": [[-144.81156094860745, 62.84558153338601], [-144.84807666987294, 62.86173465632832]]}, "properties": {"source": "2121359", "target": "3160008"}}, {"type": "Feature", "geometry": {"type": "LineString", "coordinates": [[-144.81156094860745, 62.84558153338601], [-144.80533586632689, 62.85210224577429]]}, "properties": {"source": "2121359", "target": "2116771"}}, {"type": "Feature", "geometry": {"type": "LineString", "coordinates": [[-144.81156094860745, 62.84558153338601], [-144.86393312580012, 62.85600643617923]]}, "properties": {"source": "2121359", "target": "2116118"}}, {"type": "Feature", "geometry": {"type": "LineString", "coordinates": [[-144.86187468696872, 62.847421916472356], [-144.8451342187239, 62.84817837835439]]}, "properties": {"source": "544899", "target": "551083"}}, {"type": "Feature", "geometry": {"type": "LineString", "coordinates": [[-144.86187468696872, 62.847421916472356], [-144.80405171292588, 62.86044477319771]]}, "properties": {"source": "544899", "target": "1342219"}}, {"type": "Feature", "geometry": {"type": "LineString", "coordinates": [[-144.83742583718015, 62.848754364982995], [-144.82827288938722, 62.84862311954676]]}, "properties": {"source": "8870382", "target": "936920"}}, {"type": "Feature", "geometry": {"type": "LineString", "coordinates": [[-144.83742583718015, 62.848754364982995], [-144.83769177319576, 62.851717906192775]]}, "properties": {"source": "8870382", "target": "969468"}}, {"type": "Feature", "geometry": {"type": "LineString", "coordinates": [[-144.83742583718015, 62.848754364982995], [-144.84628291137847, 62.84983549951798]]}, "properties": {"source": "8870382", "target": "8590955"}}, {"type": "Feature", "geometry": {"type": "LineString", "coordinates": [[-144.83742583718015, 62.848754364982995], [-144.8240597219565, 62.84720055961748]]}, "properties": {"source": "8870382", "target": "3470844"}}, {"type": "Feature", "geometry": {"type": "LineString", "coordinates": [[-144.83742583718015, 62.848754364982995], [-144.81803225724497, 62.84835237510572]]}, "properties": {"source": "8870382", "target": "3103015"}}, {"type": "Feature", "geometry": {"type": "LineString", "coordinates": [[-144.81527339810938, 62.85572416128501], [-144.80614519524383, 62.85496819645766]]}, "properties": {"source": "14814349", "target": "1695311"}}, {"type": "Feature", "geometry": {"type": "LineString", "coordinates": [[-144.82869143156228, 62.8507388359469], [-144.8069011501101, 62.85311342516252]]}, "properties": {"source": "21640", "target": "2322356"}}, {"type": "Feature", "geometry": {"type": "LineString", "coordinates": [[-144.81527339810938, 62.85572416128501], [-144.81208282035362, 62.857743089895905]]}, "properties": {"source": "14814349", "target": "1131863"}}, {"type": "Feature", "geometry": {"type": "LineString", "coordinates": [[-144.8605381339911, 62.85686167539836], [-144.81466346969847, 62.84534315173131]]}, "properties": {"source": "7360245", "target": "6607394"}}, {"type": "Feature", "geometry": {"type": "LineString", "coordinates": [[-144.8605381339911, 62.85686167539836], [-144.81493730325423, 62.84090266275497]]}, "properties": {"source": "7360245", "target": "4567024"}}, {"type": "Feature", "geometry": {"type": "LineString", "coordinates": [[-144.8605381339911, 62.85686167539836], [-144.83807026641034, 62.84808319786838]]}, "properties": {"source": "7360245", "target": "9484547"}}, {"type": "Feature", "geometry": {"type": "LineString", "coordinates": [[-144.8605381339911, 62.85686167539836], [-144.83384829088084, 62.85988255642562]]}, "properties": {"source": "7360245", "target": "6992452"}}, {"type": "Feature", "geometry": {"type": "LineString", "coordinates": [[-144.8069011501101, 62.85311342516252], [-144.80590097259744, 62.859548169571696]]}, "properties": {"source": "2322356", "target": "3160511"}}, {"type": "Feature", "geometry": {"type": "LineString", "coordinates": [[-144.8069011501101, 62.85311342516252], [-144.85905696030835, 62.84240061186355]]}, "properties": {"source": "2322356", "target": "2500418"}}, {"type": "Feature", "geometry": {"type": "LineString", "coordinates": [[-144.8069011501101, 62.85311342516252], [-144.84700345380404, 62.84896982731489]]}, "properties": {"source": "2322356", "target": "2322340"}}, {"type": "Feature", "geometry": {"type": "LineString", "coordinates": [[-144.8069011501101, 62.85311342516252], [-144.83948117722042, 62.85772373815486]]}, "properties": {"source": "2322356", "target": "2318317"}}, {"type": "Feature", "geometry": {"type": "LineString", "coordinates": [[-144.8069011501101, 62.85311342516252], [-144.85101881405149, 62.85380941054106]]}, "properties": {"source": "2322356", "target": "2121361"}}, {"type": "Feature", "geometry": {"type": "LineString", "coordinates": [[-144.8069011501101, 62.85311342516252], [-144.82339129350967, 62.86062481183778]]}, "properties": {"source": "2322356", "target": "18316"}}, {"type": "Feature", "geometry": {"type": "LineString", "coordinates": [[-144.8069011501101, 62.85311342516252], [-144.84391845800326, 62.84198021770895]]}, "properties": {"source": "2322356", "target": "1126600"}}, {"type": "Feature", "geometry": {"type": "LineString", "coordinates": [[-144.82701968666322, 62.84290019140789], [-144.82859335884802, 62.84280126488372]]}, "properties": {"source": "2116134", "target": "2121357"}}, {"type": "Feature", "geometry": {"type": "LineString", "coordinates": [[-144.82701968666322, 62.84290019140789], [-144.86393312580012, 62.85600643617923]]}, "properties": {"source": "2116134", "target": "2116118"}}, {"type": "Feature", "geometry": {"type": "LineString", "coordinates": [[-144.82701968666322, 62.84290019140789], [-144.85569981599204, 62.842334614143326]]}, "properties": {"source": "2116134", "target": "1373743"}}, {"type": "Feature", "geometry": {"type": "LineString", "coordinates": [[-144.82701968666322, 62.84290019140789], [-144.8664883831778, 62.853743324417735]]}, "properties": {"source": "2116134", "target": "1969159"}}, {"type": "Feature", "geometry": {"type": "LineString", "coordinates": [[-144.82701968666322, 62.84290019140789], [-144.82018796685554, 62.84375271218872]]}, "properties": {"source": "2116134", "target": "1788611"}}, {"type": "Feature", "geometry": {"type": "LineString", "coordinates": [[-144.81757562592458, 62.84825945295282], [-144.85521254036877, 62.85446760600895]]}, "properties": {"source": "3176221", "target": "3180314"}}, {"type": "Feature", "geometry": {"type": "LineString", "coordinates": [[-144.81757562592458, 62.84825945295282], [-144.8590416703921, 62.85521923649513]]}, "properties": {"source": "3176221", "target": "3176229"}}, {"type": "Feature", "geometry": {"type": "LineString", "coordinates": [[-144.81757562592458, 62.84825945295282], [-144.8567243909148, 62.845632714700216]]}, "properties": {"source": "3176221", "target": "2116786"}}, {"type": "Feature", "geometry": {"type": "LineString", "coordinates": [[-144.81757562592458, 62.84825945295282], [-144.84950906052984, 62.855641851383965]]}, "properties": {"source": "3176221", "target": "2980540"}}, {"type": "Feature", "geometry": {"type": "LineString", "coordinates": [[-144.81757562592458, 62.84825945295282], [-144.80990338953742, 62.85073950638636]]}, "properties": {"source": "3176221", "target": "3176195"}}, {"type": "Feature", "geometry": {"type": "LineString", "coordinates": [[-144.81757562592458, 62.84825945295282], [-144.83787267434934, 62.84666868158476]]}, "properties": {"source": "3176221", "target": "4624889"}}, {"type": "Feature", "geometry": {"type": "LineString", "coordinates": [[-144.81624320428926, 62.85955918988262], [-144.82859335884802, 62.84280126488372]]}, "properties": {"source": "777471", "target": "2121357"}}, {"type": "Feature", "geometry": {"type": "LineString", "coordinates": [[-144.81624320428926, 62.85955918988262], [-144.8605381339911, 62.85686167539836]]}, "properties": {"source": "777471", "target": "7360245"}}, {"type": "Feature", "geometry": {"type": "LineString", "coordinates": [[-144.81624320428926, 62.85955918988262], [-144.8293867911369, 62.85826437553523]]}, "properties": {"source": "777471", "target": "2116133"}}, {"type": "Feature", "geometry": {"type": "LineString", "coordinates": [[-144.81624320428926, 62.85955918988262], [-144.80533586632689, 62.85210224577429]]}, "properties": {"source": "777471", "target": "2116771"}}, {"type": "Feature", "geometry": {"type": "LineString", "coordinates": [[-144.81624320428926, 62.85955918988262], [-144.85569981599204, 62.842334614143326]]}, "properties": {"source": "777471", "target": "1373743"}}, {"type": "Feature", "geometry": {"type": "LineString", "coordinates": [[-144.81624320428926, 62.85955918988262], [-144.83371701195313, 62.858527268668354]]}, "properties": {"source": "777471", "target": "1819674"}}, {"type": "Feature", "geometry": {"type": "LineString", "coordinates": [[-144.81624320428926, 62.85955918988262], [-144.82827288938722, 62.84862311954676]]}, "properties": {"source": "777471", "target": "936920"}}, {"type": "Feature", "geometry": {"type": "LineString", "coordinates": [[-144.81624320428926, 62.85955918988262], [-144.83769177319576, 62.851717906192775]]}, "properties": {"source": "777471", "target": "969468"}}, {"type": "Feature", "geometry": {"type": "LineString", "coordinates": [[-144.81624320428926, 62.85955918988262], [-144.8282385748851, 62.84282667717203]]}, "properties": {"source": "777471", "target": "1373742"}}, {"type": "Feature", "geometry": {"type": "LineString", "coordinates": [[-144.81624320428926, 62.85955918988262], [-144.82039301185392, 62.84982843912128]]}, "properties": {"source": "777471", "target": "1373732"}}, {"type": "Feature", "geometry": {"type": "LineString", "coordinates": [[-144.83859633117913, 62.84550768600192], [-144.86088421823382, 62.85165721321751]]}, "properties": {"source": "6071369", "target": "2107276"}}, {"type": "Feature", "geometry": {"type": "LineString", "coordinates": [[-144.83859633117913, 62.84550768600192], [-144.8522772284451, 62.85585554831299]]}, "properties": {"source": "6071369", "target": "2107259"}}, {"type": "Feature", "geometry": {"type": "LineString", "coordinates": [[-144.83859633117913, 62.84550768600192], [-144.8342921844593, 62.84895156908581]]}, "properties": {"source": "6071369", "target": "2107283"}}, {"type": "Feature", "geometry": {"type": "LineString", "coordinates": [[-144.8115942008685, 62.860050119029765], [-144.85136191866962, 62.84395797211731]]}, "properties": {"source": "2594115", "target": "2918534"}}, {"type": "Feature", "geometry": {"type": "LineString", "coordinates": [[-144.8115942008685, 62.860050119029765], [-144.80590097259744, 62.859548169571696]]}, "properties": {"source": "2594115", "target": "3160511"}}, {"type": "Feature", "geometry": {"type": "LineString", "coordinates": [[-144.8115942008685, 62.860050119029765], [-144.8277349348561, 62.859107889569046]]}, "properties": {"source": "2594115", "target": "2740974"}}, {"type": "Feature", "geometry": {"type": "LineString", "coordinates": [[-144.8065368189071, 62.85906478568535], [-144.85721181226089, 62.84844960460812]]}, "properties": {"source": "3421003", "target": "2343143"}}, {"type": "Feature", "geometry": {"type": "LineString", "coordinates": [[-144.8065368189071, 62.85906478568535], [-144.8255606730823, 62.84474379239245]]}, "properties": {"source": "3421003", "target": "4697966"}}, {"type": "Feature", "geometry": {"type": "LineString", "coordinates": [[-144.83042886616676, 62.85940926830844], [-144.8069011501101, 62.85311342516252]]}, "properties": {"source": "1328163", "target": "2322356"}}, {"type": "Feature", "geometry": {"type": "LineString", "coordinates": [[-144.83042886616676, 62.85940926830844], [-144.86393312580012, 62.85600643617923]]}, "properties": {"source": "1328163", "target": "2116118"}}, {"type": "Feature", "geometry": {"type": "LineString", "coordinates": [[-144.83042886616676, 62.85940926830844], [-144.8452832807898, 62.852088528768036]]}, "properties": {"source": "1328163", "target": "2142715"}}, {"type": "Feature", "geometry": {"type": "LineString", "coordinates": [[-144.83042886616676, 62.85940926830844], [-144.82018796685554, 62.84375271218872]]}, "properties": {"source": "1328163", "target": "1788611"}}, {"type": "Feature", "geometry": {"type": "LineString", "coordinates": [[-144.83042886616676, 62.85940926830844], [-144.84466698160747, 62.84102629041263]]}, "properties": {"source": "1328163", "target": "6371160"}}, {"type": "Feature", "geometry": {"type": "LineString", "coordinates": [[-144.83042886616676, 62.85940926830844], [-144.84391845800326, 62.84198021770895]]}, "properties": {"source": "1328163", "target": "1126600"}}, {"type": "Feature", "geometry": {"type": "LineString", "coordinates": [[-144.8444471998668, 62.85863355678018], [-144.85941684061441, 62.86009398365093]]}, "properties": {"source": "325675", "target": "1948371"}}, {"type": "Feature", "geometry": {"type": "LineString", "coordinates": [[-144.8444471998668, 62.85863355678018], [-144.80614519524383, 62.85496819645766]]}, "properties": {"source": "325675", "target": "1695311"}}, {"type": "Feature", "geometry": {"type": "LineString", "coordinates": [[-144.8452832807898, 62.852088528768036], [-144.8069011501101, 62.85311342516252]]}, "properties": {"source": "2142715", "target": "2322356"}}, {"type": "Feature", "geometry": {"type": "LineString", "coordinates": [[-144.8452832807898, 62.852088528768036], [-144.85283400407195, 62.84407826946608]]}, "properties": {"source": "2142715", "target": "2918541"}}, {"type": "Feature", "geometry": {"type": "LineString", "coordinates": [[-144.8452832807898, 62.852088528768036], [-144.81597572119315, 62.85461205388633]]}, "properties": {"source": "2142715", "target": "2142729"}}, {"type": "Feature", "geometry": {"type": "LineString", "coordinates": [[-144.8452832807898, 62.852088528768036], [-144.84466698160747, 62.84102629041263]]}, "properties": {"source": "2142715", "target": "6371160"}}, {"type": "Feature", "geometry": {"type": "LineString", "coordinates": [[-144.83331321128182, 62.84922677591608], [-144.82625315450707, 62.8603310228612]]}, "properties": {"source": "4566982", "target": "3275158"}}, {"type": "Feature", "geometry": {"type": "LineString", "coordinates": [[-144.83331321128182, 62.84922677591608], [-144.84298581422198, 62.84579953928821]]}, "properties": {"source": "4566982", "target": "944585"}}, {"type": "Feature", "geometry": {"type": "LineString", "coordinates": [[-144.8632209026909, 62.84570236830831], [-144.82667706650363, 62.84704776478375]]}, "properties": {"source": "217321", "target": "18301"}}, {"type": "Feature", "geometry": {"type": "LineString", "coordinates": [[-144.8632209026909, 62.84570236830831], [-144.82742844430288, 62.846945881910386]]}, "properties": {"source": "217321", "target": "15805642"}}, {"type": "Feature", "geometry": {"type": "LineString", "coordinates": [[-144.8632209026909, 62.84570236830831], [-144.80849397237228, 62.85393031835966]]}, "properties": {"source": "217321", "target": "1548517"}}, {"type": "Feature", "geometry": {"type": "LineString", "coordinates": [[-144.8632209026909, 62.84570236830831], [-144.8421016859548, 62.86152918399722]]}, "properties": {"source": "217321", "target": "13550417"}}, {"type": "Feature", "geometry": {"type": "LineString", "coordinates": [[-144.85189683809912, 62.85171783821954], [-144.8446828002605, 62.84738377320642]]}, "properties": {"source": "1632186", "target": "1819699"}}, {"type": "Feature", "geometry": {"type": "LineString", "coordinates": [[-144.85189683809912, 62.85171783821954], [-144.84713363289617, 62.85758157099406]]}, "properties": {"source": "1632186", "target": "1819698"}}, {"type": "Feature", "geometry": {"type": "LineString", "coordinates": [[-144.85189683809912, 62.85171783821954], [-144.84010779807105, 62.84751838696759]]}, "properties": {"source": "1632186", "target": "1819700"}}, {"type": "Feature", "geometry": {"type": "LineString", "coordinates": [[-144.85189683809912, 62.85171783821954], [-144.84331727964798, 62.85823411163268]]}, "properties": {"source": "1632186", "target": "1722807"}}, {"type": "Feature", "geometry": {"type": "LineString", "coordinates": [[-144.82742844430288, 62.846945881910386], [-144.80849397237228, 62.85393031835966]]}, "properties": {"source": "15805642", "target": "1548517"}}, {"type": "Feature", "geometry": {"type": "LineString", "coordinates": [[-144.82742844430288, 62.846945881910386], [-144.8421016859548, 62.86152918399722]]}, "properties": {"source": "15805642", "target": "13550417"}}, {"type": "Feature", "geometry": {"type": "LineString", "coordinates": [[-144.84630313661984, 62.842758445567526], [-144.86555428106104, 62.845092917270506]]}, "properties": {"source": "2116781", "target": "2121337"}}, {"type": "Feature", "geometry": {"type": "LineString", "coordinates": [[-144.8446828002605, 62.84738377320642], [-144.81367824340435, 62.8585441912911]]}, "properties": {"source": "1819699", "target": "1819910"}}, {"type": "Feature", "geometry": {"type": "LineString", "coordinates": [[-144.8446828002605, 62.84738377320642], [-144.84713363289617, 62.85758157099406]]}, "properties": {"source": "1819699", "target": "1819698"}}, {"type": "Feature", "geometry": {"type": "LineString", "coordinates": [[-144.8446828002605, 62.84738377320642], [-144.85832501934482, 62.858231847638265]]}, "properties": {"source": "1819699", "target": "1722808"}}, {"type": "Feature", "geometry": {"type": "LineString", "coordinates": [[-144.8446828002605, 62.84738377320642], [-144.84010779807105, 62.84751838696759]]}, "properties": {"source": "1819699", "target": "1819700"}}, {"type": "Feature", "geometry": {"type": "LineString", "coordinates": [[-144.8446828002605, 62.84738377320642], [-144.8644901460109, 62.853316278806275]]}, "properties": {"source": "1819699", "target": "1632187"}}, {"type": "Feature", "geometry": {"type": "LineString", "coordinates": [[-144.858313312004, 62.8421225332511], [-144.8368551109081, 62.85061385673551]]}, "properties": {"source": "2142091", "target": "2318292"}}, {"type": "Feature", "geometry": {"type": "LineString", "coordinates": [[-144.858313312004, 62.8421225332511], [-144.8578197824633, 62.842855869934084]]}, "properties": {"source": "2142091", "target": "2121483"}}, {"type": "Feature", "geometry": {"type": "LineString", "coordinates": [[-144.858313312004, 62.8421225332511], [-144.85905696030835, 62.84240061186355]]}, "properties": {"source": "2142091", "target": "2500418"}}, {"type": "Feature", "geometry": {"type": "LineString", "coordinates": [[-144.858313312004, 62.8421225332511], [-144.83044259796372, 62.84964330399791]]}, "properties": {"source": "2142091", "target": "2142614"}}, {"type": "Feature", "geometry": {"type": "LineString", "coordinates": [[-144.858313312004, 62.8421225332511], [-144.8174174070227, 62.84265025797103]]}, "properties": {"source": "2142091", "target": "2322325"}}, {"type": "Feature", "geometry": {"type": "LineString", "coordinates": [[-144.858313312004, 62.8421225332511], [-144.84809749584494, 62.854953993190634]]}, "properties": {"source": "2142091", "target": "2740752"}}, {"type": "Feature", "geometry": {"type": "LineString", "coordinates": [[-144.858313312004, 62.8421225332511], [-144.84286892010599, 62.85161249046297]]}, "properties": {"source": "2142091", "target": "2142713"}}, {"type": "Feature", "geometry": {"type": "LineString", "coordinates": [[-144.858313312004, 62.8421225332511], [-144.85559711590514, 62.84131843288682]]}, "properties": {"source": "2142091", "target": "2122299"}}, {"type": "Feature", "geometry": {"type": "LineString", "coordinates": [[-144.858313312004, 62.8421225332511], [-144.82869143156228, 62.8507388359469]]}, "properties": {"source": "2142091", "target": "21640"}}, {"type": "Feature", "geometry": {"type": "LineString", "coordinates": [[-144.858313312004, 62.8421225332511], [-144.82779373901639, 62.85098890219436]]}, "properties": {"source": "2142091", "target": "2113797"}}, {"type": "Feature", "geometry": {"type": "LineString", "coordinates": [[-144.82334666839333, 62.84378177471443], [-144.82339129350967, 62.86062481183778]]}, "properties": {"source": "2068434", "target": "18316"}}, {"type": "Feature", "geometry": {"type": "LineString", "coordinates": [[-144.82334666839333, 62.84378177471443], [-144.81567640422526, 62.8432084668341]]}, "properties": {"source": "2068434", "target": "218631"}}, {"type": "Feature", "geometry": {"type": "LineString", "coordinates": [[-144.81451988062344, 62.85932433554764], [-144.83971408047665, 62.84763854224687]]}, "properties": {"source": "16614860", "target": "5627868"}}, {"type": "Feature", "geometry": {"type": "LineString", "coordinates": [[-144.83333940221837, 62.84517556086402], [-144.85283400407195, 62.84407826946608]]}, "properties": {"source": "2803401", "target": "2918541"}}, {"type": "Feature", "geometry": {"type": "LineString", "coordinates": [[-144.83333940221837, 62.84517556086402], [-144.85559711590514, 62.84131843288682]]}, "properties": {"source": "2803401", "target": "2122299"}}, {"type": "Feature", "geometry": {"type": "LineString", "coordinates": [[-144.83333940221837, 62.84517556086402], [-144.86508528495816, 62.84896741631951]]}, "properties": {"source": "2803401", "target": "7043815"}}, {"type": "Feature", "geometry": {"type": "LineString", "coordinates": [[-144.8115942008685, 62.860050119029765], [-144.8662476421105, 62.84530372667949]]}, "properties": {"source": "2594115", "target": "2142719"}}, {"type": "Feature", "geometry": {"type": "LineString", "coordinates": [[-144.86296085528926, 62.85239335412143], [-144.86022831578373, 62.85680094410655]]}, "properties": {"source": "321717", "target": "178315"}}, {"type": "Feature", "geometry": {"type": "LineString", "coordinates": [[-144.86296085528926, 62.85239335412143], [-144.8446828002605, 62.84738377320642]]}, "properties": {"source": "321717", "target": "1819699"}}, {"type": "Feature", "geometry": {"type": "LineString", "coordinates": [[-144.86296085528926, 62.85239335412143], [-144.84713363289617, 62.85758157099406]]}, "properties": {"source": "321717", "target": "1819698"}}, {"type": "Feature", "geometry": {"type": "LineString", "coordinates": [[-144.86296085528926, 62.85239335412143], [-144.84010779807105, 62.84751838696759]]}, "properties": {"source": "321717", "target": "1819700"}}, {"type": "Feature", "geometry": {"type": "LineString", "coordinates": [[-144.86296085528926, 62.85239335412143], [-144.84331727964798, 62.85823411163268]]}, "properties": {"source": "321717", "target": "1722807"}}, {"type": "Feature", "geometry": {"type": "LineString", "coordinates": [[-144.86296085528926, 62.85239335412143], [-144.8470604042388, 62.854225287834495]]}, "properties": {"source": "321717", "target": "321719"}}, {"type": "Feature", "geometry": {"type": "LineString", "coordinates": [[-144.86296085528926, 62.85239335412143], [-144.8635779225477, 62.85118289284978]]}, "properties": {"source": "321717", "target": "3321279"}}, {"type": "Feature", "geometry": {"type": "LineString", "coordinates": [[-144.86296085528926, 62.85239335412143], [-144.81415807136926, 62.85343989635295]]}, "properties": {"source": "321717", "target": "21431131"}}, {"type": "Feature", "geometry": {"type": "LineString", "coordinates": [[-144.86296085528926, 62.85239335412143], [-144.82214611688664, 62.855118193044746]]}, "properties": {"source": "321717", "target": "2959575"}}, {"type": "Feature", "geometry": {"type": "LineString", "coordinates": [[-144.8238532312636, 62.84351952236017], [-144.81106824245788, 62.853865695945714]]}, "properties": {"source": "1992777", "target": "5983742"}}, {"type": "Feature", "geometry": {"type": "LineString", "coordinates": [[-144.82018796685554, 62.84375271218872], [-144.86393312580012, 62.85600643617923]]}, "properties": {"source": "1788611", "target": "2116118"}}, {"type": "Feature", "geometry": {"type": "LineString", "coordinates": [[-144.82018796685554, 62.84375271218872], [-144.8664883831778, 62.853743324417735]]}, "properties": {"source": "1788611", "target": "1969159"}}, {"type": "Feature", "geometry": {"type": "LineString", "coordinates": [[-144.85101881405149, 62.85380941054106], [-144.83882370559235, 62.85234363306465]]}, "properties": {"source": "2121361", "target": "2853435"}}, {"type": "Feature", "geometry": {"type": "LineString", "coordinates": [[-144.85101881405149, 62.85380941054106], [-144.83441657950004, 62.84836220245437]]}, "properties": {"source": "2121361", "target": "2121308"}}, {"type": "Feature", "geometry": {"type": "LineString", "coordinates": [[-144.85101881405149, 62.85380941054106], [-144.82339129350967, 62.86062481183778]]}, "properties": {"source": "2121361", "target": "18316"}}, {"type": "Feature", "geometry": {"type": "LineString", "coordinates": [[-144.81730632113675, 62.860185198234944], [-144.84630313661984, 62.842758445567526]]}, "properties": {"source": "3176228", "target": "2116781"}}, {"type": "Feature", "geometry": {"type": "LineString", "coordinates": [[-144.81730632113675, 62.860185198234944], [-144.81963308871315, 62.84232499080086]]}, "properties": {"source": "3176228", "target": "2205402"}}, {"type": "Feature", "geometry": {"type": "LineString", "coordinates": [[-144.81730632113675, 62.860185198234944], [-144.83711627542453, 62.85273772157724]]}, "properties": {"source": "3176228", "target": "2045074"}}, {"type": "Feature", "geometry": {"type": "LineString", "coordinates": [[-144.81730632113675, 62.860185198234944], [-144.80739829501874, 62.859791763708614]]}, "properties": {"source": "3176228", "target": "3160519"}}, {"type": "Feature", "geometry": {"type": "LineString", "coordinates": [[-144.81730632113675, 62.860185198234944], [-144.82018796685554, 62.84375271218872]]}, "properties": {"source": "3176228", "target": "1788611"}}, {"type": "Feature", "geometry": {"type": "LineString", "coordinates": [[-144.81730632113675, 62.860185198234944], [-144.82233680027176, 62.855772280383846]]}, "properties": {"source": "3176228", "target": "3176162"}}, {"type": "Feature", "geometry": {"type": "LineString", "coordinates": [[-144.8096851252921, 62.85894475486192], [-144.86088421823382, 62.85165721321751]]}, "properties": {"source": "2107272", "target": "2107276"}}, {"type": "Feature", "geometry": {"type": "LineString", "coordinates": [[-144.8096851252921, 62.85894475486192], [-144.81763674884695, 62.85336370859365]]}, "properties": {"source": "2107272", "target": "2107232"}}, {"type": "Feature", "geometry": {"type": "LineString", "coordinates": [[-144.8096851252921, 62.85894475486192], [-144.8225585566361, 62.853286712006465]]}, "properties": {"source": "2107272", "target": "2107229"}}, {"type": "Feature", "geometry": {"type": "LineString", "coordinates": [[-144.8096851252921, 62.85894475486192], [-144.82045570398247, 62.85325088952938]]}, "properties": {"source": "2107272", "target": "2107260"}}, {"type": "Feature", "geometry": {"type": "LineString", "coordinates": [[-144.82079953207528, 62.84561080956669], [-144.86119187999856, 62.85282376662305]]}, "properties": {"source": "3321289", "target": "6239064"}}, {"type": "Feature", "geometry": {"type": "LineString", "coordinates": [[-144.82079953207528, 62.84561080956669], [-144.82502258982413, 62.841613764410056]]}, "properties": {"source": "3321289", "target": "1992778"}}, {"type": "Feature", "geometry": {"type": "LineString", "coordinates": [[-144.82079953207528, 62.84561080956669], [-144.86296085528926, 62.85239335412143]]}, "properties": {"source": "3321289", "target": "321717"}}, {"type": "Feature", "geometry": {"type": "LineString", "coordinates": [[-144.82079953207528, 62.84561080956669], [-144.8470604042388, 62.854225287834495]]}, "properties": {"source": "3321289", "target": "321719"}}, {"type": "Feature", "geometry": {"type": "LineString", "coordinates": [[-144.82079953207528, 62.84561080956669], [-144.8238532312636, 62.84351952236017]]}, "properties": {"source": "3321289", "target": "1992777"}}, {"type": "Feature", "geometry": {"type": "LineString", "coordinates": [[-144.82079953207528, 62.84561080956669], [-144.8635779225477, 62.85118289284978]]}, "properties": {"source": "3321289", "target": "3321279"}}, {"type": "Feature", "geometry": {"type": "LineString", "coordinates": [[-144.8470604042388, 62.854225287834495], [-144.84331727964798, 62.85823411163268]]}, "properties": {"source": "321719", "target": "1722807"}}, {"type": "Feature", "geometry": {"type": "LineString", "coordinates": [[-144.8470604042388, 62.854225287834495], [-144.81415807136926, 62.85343989635295]]}, "properties": {"source": "321719", "target": "21431131"}}, {"type": "Feature", "geometry": {"type": "LineString", "coordinates": [[-144.8184109474948, 62.84390850970861], [-144.85569981599204, 62.842334614143326]]}, "properties": {"source": "13549", "target": "1373743"}}, {"type": "Feature", "geometry": {"type": "LineString", "coordinates": [[-144.8184109474948, 62.84390850970861], [-144.83769177319576, 62.851717906192775]]}, "properties": {"source": "13549", "target": "969468"}}, {"type": "Feature", "geometry": {"type": "LineString", "coordinates": [[-144.8184109474948, 62.84390850970861], [-144.86424320209034, 62.85360258720095]]}, "properties": {"source": "13549", "target": "13551"}}, {"type": "Feature", "geometry": {"type": "LineString", "coordinates": [[-144.80739829501874, 62.859791763708614], [-144.80590097259744, 62.859548169571696]]}, "properties": {"source": "3160519", "target": "3160511"}}, {"type": "Feature", "geometry": {"type": "LineString", "coordinates": [[-144.80739829501874, 62.859791763708614], [-144.84630313661984, 62.842758445567526]]}, "properties": {"source": "3160519", "target": "2116781"}}, {"type": "Feature", "geometry": {"type": "LineString", "coordinates": [[-144.80739829501874, 62.859791763708614], [-144.83264518778265, 62.84995992544975]]}, "properties": {"source": "3160519", "target": "3159790"}}, {"type": "Feature", "geometry": {"type": "LineString", "coordinates": [[-144.8238532312636, 62.84351952236017], [-144.81367824340435, 62.8585441912911]]}, "properties": {"source": "1992777", "target": "1819910"}}, {"type": "Feature", "geometry": {"type": "LineString", "coordinates": [[-144.8238532312636, 62.84351952236017], [-144.86555428106104, 62.845092917270506]]}, "properties": {"source": "1992777", "target": "2121337"}}, {"type": "Feature", "geometry": {"type": "LineString", "coordinates": [[-144.81624320428926, 62.85955918988262], [-144.82458618851248, 62.85485888329872]]}, "properties": {"source": "777471", "target": "7357047"}}, {"type": "Feature", "geometry": {"type": "LineString", "coordinates": [[-144.81624320428926, 62.85955918988262], [-144.86424320209034, 62.85360258720095]]}, "properties": {"source": "777471", "target": "13551"}}, {"type": "Feature", "geometry": {"type": "LineString", "coordinates": [[-144.81624320428926, 62.85955918988262], [-144.8521626792092, 62.861281553691754]]}, "properties": {"source": "777471", "target": "13550"}}, {"type": "Feature", "geometry": {"type": "LineString", "coordinates": [[-144.81624320428926, 62.85955918988262], [-144.84628291137847, 62.84983549951798]]}, "properties": {"source": "777471", "target": "8590955"}}, {"type": "Feature", "geometry": {"type": "LineString", "coordinates": [[-144.81624320428926, 62.85955918988262], [-144.8184109474948, 62.84390850970861]]}, "properties": {"source": "777471", "target": "13549"}}, {"type": "Feature", "geometry": {"type": "LineString", "coordinates": [[-144.81624320428926, 62.85955918988262], [-144.83384829088084, 62.85988255642562]]}, "properties": {"source": "777471", "target": "6992452"}}, {"type": "Feature", "geometry": {"type": "LineString", "coordinates": [[-144.82672384060444, 62.85721453449926], [-144.83807026641034, 62.84808319786838]]}, "properties": {"source": "2142237", "target": "9484547"}}, {"type": "Feature", "geometry": {"type": "LineString", "coordinates": [[-144.82672384060444, 62.85721453449926], [-144.85559711590514, 62.84131843288682]]}, "properties": {"source": "2142237", "target": "2122299"}}, {"type": "Feature", "geometry": {"type": "LineString", "coordinates": [[-144.8662476421105, 62.84530372667949], [-144.80590097259744, 62.859548169571696]]}, "properties": {"source": "2142719", "target": "3160511"}}, {"type": "Feature", "geometry": {"type": "LineString", "coordinates": [[-144.81493730325423, 62.84090266275497], [-144.81119014720477, 62.85979928299817]]}, "properties": {"source": "4567024", "target": "1605745"}}, {"type": "Feature", "geometry": {"type": "LineString", "coordinates": [[-144.81493730325423, 62.84090266275497], [-144.84298581422198, 62.84579953928821]]}, "properties": {"source": "4567024", "target": "944585"}}, {"type": "Feature", "geometry": {"type": "LineString", "coordinates": [[-144.84010779807105, 62.84751838696759], [-144.81367824340435, 62.8585441912911]]}, "properties": {"source": "1819700", "target": "1819910"}}, {"type": "Feature", "geometry": {"type": "LineString", "coordinates": [[-144.84010779807105, 62.84751838696759], [-144.81415807136926, 62.85343989635295]]}, "properties": {"source": "1819700", "target": "21431131"}}, {"type": "Feature", "geometry": {"type": "LineString", "coordinates": [[-144.8075697452983, 62.85439373375799], [-144.81763674884695, 62.85336370859365]]}, "properties": {"source": "2107162", "target": "2107232"}}, {"type": "Feature", "geometry": {"type": "LineString", "coordinates": [[-144.86199528976752, 62.846652032152434], [-144.83882370559235, 62.85234363306465]]}, "properties": {"source": "2573289", "target": "2853435"}}, {"type": "Feature", "geometry": {"type": "LineString", "coordinates": [[-144.86199528976752, 62.846652032152434], [-144.83190204850482, 62.85243709199398]]}, "properties": {"source": "2573289", "target": "6377025"}}, {"type": "Feature", "geometry": {"type": "LineString", "coordinates": [[-144.82154880198598, 62.848544752298494], [-144.85035169988288, 62.84170131841334]]}, "properties": {"source": "6074414", "target": "6074452"}}, {"type": "Feature", "geometry": {"type": "LineString", "coordinates": [[-144.82154880198598, 62.848544752298494], [-144.80841419300884, 62.85629265902604]]}, "properties": {"source": "6074414", "target": "6241563"}}, {"type": "Feature", "geometry": {"type": "LineString", "coordinates": [[-144.82154880198598, 62.848544752298494], [-144.8549331573907, 62.86105642586395]]}, "properties": {"source": "6074414", "target": "6074357"}}, {"type": "Feature", "geometry": {"type": "LineString", "coordinates": [[-144.82154880198598, 62.848544752298494], [-144.81106824245788, 62.853865695945714]]}, "properties": {"source": "6074414", "target": "5983742"}}, {"type": "Feature", "geometry": {"type": "LineString", "coordinates": [[-144.82154880198598, 62.848544752298494], [-144.86187468696872, 62.847421916472356]]}, "properties": {"source": "6074414", "target": "544899"}}, {"type": "Feature", "geometry": {"type": "LineString", "coordinates": [[-144.82154880198598, 62.848544752298494], [-144.8451342187239, 62.84817837835439]]}, "properties": {"source": "6074414", "target": "551083"}}, {"type": "Feature", "geometry": {"type": "LineString", "coordinates": [[-144.85908996636044, 62.852928442950926], [-144.86393312580012, 62.85600643617923]]}, "properties": {"source": "1992783", "target": "2116118"}}, {"type": "Feature", "geometry": {"type": "LineString", "coordinates": [[-144.85908996636044, 62.852928442950926], [-144.8578197824633, 62.842855869934084]]}, "properties": {"source": "1992783", "target": "2121483"}}, {"type": "Feature", "geometry": {"type": "LineString", "coordinates": [[-144.85908996636044, 62.852928442950926], [-144.81963308871315, 62.84232499080086]]}, "properties": {"source": "1992783", "target": "2205402"}}, {"type": "Feature", "geometry": {"type": "LineString", "coordinates": [[-144.85908996636044, 62.852928442950926], [-144.84700345380404, 62.84896982731489]]}, "properties": {"source": "1992783", "target": "2322340"}}, {"type": "Feature", "geometry": {"type": "LineString", "coordinates": [[-144.85908996636044, 62.852928442950926], [-144.86496548866424, 62.85720122684555]]}, "properties": {"source": "1992783", "target": "2121330"}}, {"type": "Feature", "geometry": {"type": "LineString", "coordinates": [[-144.85908996636044, 62.852928442950926], [-144.85405349523296, 62.8593434754939]]}, "properties": {"source": "1992783", "target": "2075412"}}, {"type": "Feature", "geometry": {"type": "LineString", "coordinates": [[-144.85908996636044, 62.852928442950926], [-144.84793294554274, 62.8589747353203]]}, "properties": {"source": "1992783", "target": "1115807"}}, {"type": "Feature", "geometry": {"type": "LineString", "coordinates": [[-144.85908996636044, 62.852928442950926], [-144.81119014720477, 62.85979928299817]]}, "properties": {"source": "1992783", "target": "1605745"}}, {"type": "Feature", "geometry": {"type": "LineString", "coordinates": [[-144.84905458891365, 62.85862077959651], [-144.85166908620295, 62.84288506828496]]}, "properties": {"source": "2028869", "target": "2107261"}}, {"type": "Feature", "geometry": {"type": "LineString", "coordinates": [[-144.85908996636044, 62.852928442950926], [-144.82229667544794, 62.85138385012476]]}, "properties": {"source": "1992783", "target": "1734545"}}, {"type": "Feature", "geometry": {"type": "LineString", "coordinates": [[-144.85015339037847, 62.84415947767893], [-144.8219322416658, 62.84106717141006]]}, "properties": {"source": "1605557", "target": "1410387"}}, {"type": "Feature", "geometry": {"type": "LineString", "coordinates": [[-144.83331321128182, 62.84922677591608], [-144.8605381339911, 62.85686167539836]]}, "properties": {"source": "4566982", "target": "7360245"}}, {"type": "Feature", "geometry": {"type": "LineString", "coordinates": [[-144.83331321128182, 62.84922677591608], [-144.81493730325423, 62.84090266275497]]}, "properties": {"source": "4566982", "target": "4567024"}}, {"type": "Feature", "geometry": {"type": "LineString", "coordinates": [[-144.83331321128182, 62.84922677591608], [-144.86496548866424, 62.85720122684555]]}, "properties": {"source": "4566982", "target": "2121330"}}, {"type": "Feature", "geometry": {"type": "LineString", "coordinates": [[-144.83331321128182, 62.84922677591608], [-144.83297387883636, 62.858636561821115]]}, "properties": {"source": "4566982", "target": "382998"}}, {"type": "Feature", "geometry": {"type": "LineString", "coordinates": [[-144.83331321128182, 62.84922677591608], [-144.85703194973757, 62.84688552768512]]}, "properties": {"source": "4566982", "target": "3470630"}}, {"type": "Feature", "geometry": {"type": "LineString", "coordinates": [[-144.82902399331326, 62.84798574065694], [-144.81763674884695, 62.85336370859365]]}, "properties": {"source": "2107208", "target": "2107232"}}, {"type": "Feature", "geometry": {"type": "LineString", "coordinates": [[-144.82902399331326, 62.84798574065694], [-144.8075697452983, 62.85439373375799]]}, "properties": {"source": "2107208", "target": "2107162"}}, {"type": "Feature", "geometry": {"type": "LineString", "coordinates": [[-144.84700345380404, 62.84896982731489], [-144.85905696030835, 62.84240061186355]]}, "properties": {"source": "2322340", "target": "2500418"}}, {"type": "Feature", "geometry": {"type": "LineString", "coordinates": [[-144.84700345380404, 62.84896982731489], [-144.86170325145457, 62.851618777654224]]}, "properties": {"source": "2322340", "target": "2853403"}}, {"type": "Feature", "geometry": {"type": "LineString", "coordinates": [[-144.84700345380404, 62.84896982731489], [-144.85101881405149, 62.85380941054106]]}, "properties": {"source": "2322340", "target": "2121361"}}, {"type": "Feature", "geometry": {"type": "LineString", "coordinates": [[-144.84700345380404, 62.84896982731489], [-144.82339129350967, 62.86062481183778]]}, "properties": {"source": "2322340", "target": "18316"}}, {"type": "Feature", "geometry": {"type": "LineString", "coordinates": [[-144.8342921844593, 62.84895156908581], [-144.81763674884695, 62.85336370859365]]}, "properties": {"source": "2107283", "target": "2107232"}}, {"type": "Feature", "geometry": {"type": "LineString", "coordinates": [[-144.8342921844593, 62.84895156908581], [-144.8522772284451, 62.85585554831299]]}, "properties": {"source": "2107283", "target": "2107259"}}, {"type": "Feature", "geometry": {"type": "LineString", "coordinates": [[-144.83787267434934, 62.84666868158476], [-144.8664883831778, 62.853743324417735]]}, "properties": {"source": "4624889", "target": "1969159"}}, {"type": "Feature", "geometry": {"type": "LineString", "coordinates": [[-144.82902399331326, 62.84798574065694], [-144.82045570398247, 62.85325088952938]]}, "properties": {"source": "2107208", "target": "2107260"}}, {"type": "Feature", "geometry": {"type": "LineString", "coordinates": [[-144.86588545421998, 62.857065984571676], [-144.86199528976752, 62.846652032152434]]}, "properties": {"source": "2142725", "target": "2573289"}}, {"type": "Feature", "geometry": {"type": "LineString", "coordinates": [[-144.86588545421998, 62.857065984571676], [-144.83912779881666, 62.84118243062997]]}, "properties": {"source": "2142725", "target": "2116395"}}, {"type": "Feature", "geometry": {"type": "LineString", "coordinates": [[-144.86588545421998, 62.857065984571676], [-144.8452832807898, 62.852088528768036]]}, "properties": {"source": "2142725", "target": "2142715"}}, {"type": "Feature", "geometry": {"type": "LineString", "coordinates": [[-144.86588545421998, 62.857065984571676], [-144.86555428106104, 62.845092917270506]]}, "properties": {"source": "2142725", "target": "2121337"}}, {"type": "Feature", "geometry": {"type": "LineString", "coordinates": [[-144.86588545421998, 62.857065984571676], [-144.80778093080198, 62.86034879325605]]}, "properties": {"source": "2142725", "target": "2142586"}}, {"type": "Feature", "geometry": {"type": "LineString", "coordinates": [[-144.83912779881666, 62.84118243062997], [-144.82880554950123, 62.84207858820352]]}, "properties": {"source": "2116395", "target": "3176248"}}, {"type": "Feature", "geometry": {"type": "LineString", "coordinates": [[-144.83912779881666, 62.84118243062997], [-144.82859335884802, 62.84280126488372]]}, "properties": {"source": "2116395", "target": "2121357"}}, {"type": "Feature", "geometry": {"type": "LineString", "coordinates": [[-144.83912779881666, 62.84118243062997], [-144.80590097259744, 62.859548169571696]]}, "properties": {"source": "2116395", "target": "3160511"}}, {"type": "Feature", "geometry": {"type": "LineString", "coordinates": [[-144.83912779881666, 62.84118243062997], [-144.86623928459503, 62.848294858538395]]}, "properties": {"source": "2116395", "target": "1921348"}}, {"type": "Feature", "geometry": {"type": "LineString", "coordinates": [[-144.83912779881666, 62.84118243062997], [-144.81597572119315, 62.85461205388633]]}, "properties": {"source": "2116395", "target": "2142729"}}, {"type": "Feature", "geometry": {"type": "LineString", "coordinates": [[-144.83912779881666, 62.84118243062997], [-144.81707891973986, 62.85168188727643]]}, "properties": {"source": "2116395", "target": "2116396"}}, {"type": "Feature", "geometry": {"type": "LineString", "coordinates": [[-144.83912779881666, 62.84118243062997], [-144.82672384060444, 62.85721453449926]]}, "properties": {"source": "2116395", "target": "2142237"}}, {"type": "Feature", "geometry": {"type": "LineString", "coordinates": [[-144.83912779881666, 62.84118243062997], [-144.80671426487743, 62.84395641236188]]}, "properties": {"source": "2116395", "target": "2573713"}}, {"type": "Feature", "geometry": {"type": "LineString", "coordinates": [[-144.83912779881666, 62.84118243062997], [-144.83807026641034, 62.84808319786838]]}, "properties": {"source": "2116395", "target": "9484547"}}, {"type": "Feature", "geometry": {"type": "LineString", "coordinates": [[-144.83912779881666, 62.84118243062997], [-144.80778093080198, 62.86034879325605]]}, "properties": {"source": "2116395", "target": "2142586"}}, {"type": "Feature", "geometry": {"type": "LineString", "coordinates": [[-144.8521626792092, 62.861281553691754], [-144.85569981599204, 62.842334614143326]]}, "properties": {"source": "13550", "target": "1373743"}}, {"type": "Feature", "geometry": {"type": "LineString", "coordinates": [[-144.81156094860745, 62.84558153338601], [-144.84630313661984, 62.842758445567526]]}, "properties": {"source": "2121359", "target": "2116781"}}, {"type": "Feature", "geometry": {"type": "LineString", "coordinates": [[-144.81156094860745, 62.84558153338601], [-144.81963308871315, 62.84232499080086]]}, "properties": {"source": "2121359", "target": "2205402"}}, {"type": "Feature", "geometry": {"type": "LineString", "coordinates": [[-144.81156094860745, 62.84558153338601], [-144.82410198642083, 62.86048257531321]]}, "properties": {"source": "2121359", "target": "4624869"}}, {"type": "Feature", "geometry": {"type": "LineString", "coordinates": [[-144.81156094860745, 62.84558153338601], [-144.8664883831778, 62.853743324417735]]}, "properties": {"source": "2121359", "target": "1969159"}}, {"type": "Feature", "geometry": {"type": "LineString", "coordinates": [[-144.81156094860745, 62.84558153338601], [-144.80739829501874, 62.859791763708614]]}, "properties": {"source": "2121359", "target": "3160519"}}, {"type": "Feature", "geometry": {"type": "LineString", "coordinates": [[-144.81156094860745, 62.84558153338601], [-144.82018796685554, 62.84375271218872]]}, "properties": {"source": "2121359", "target": "1788611"}}, {"type": "Feature", "geometry": {"type": "LineString", "coordinates": [[-144.8246799139161, 62.85542308076279], [-144.83498200702786, 62.84095003491015]]}, "properties": {"source": "2655389", "target": "2655630"}}, {"type": "Feature", "geometry": {"type": "LineString", "coordinates": [[-144.8246799139161, 62.85542308076279], [-144.8187983611763, 62.84445385278161]]}, "properties": {"source": "2655389", "target": "6068550"}}, {"type": "Feature", "geometry": {"type": "LineString", "coordinates": [[-144.82102243582796, 62.85172874576763], [-144.81763674884695, 62.85336370859365]]}, "properties": {"source": "2028817", "target": "2107232"}}, {"type": "Feature", "geometry": {"type": "LineString", "coordinates": [[-144.82102243582796, 62.85172874576763], [-144.82902399331326, 62.84798574065694]]}, "properties": {"source": "2028817", "target": "2107208"}}, {"type": "Feature", "geometry": {"type": "LineString", "coordinates": [[-144.85849594990452, 62.8411686577964], [-144.8446828002605, 62.84738377320642]]}, "properties": {"source": "1632191", "target": "1819699"}}, {"type": "Feature", "geometry": {"type": "LineString", "coordinates": [[-144.85849594990452, 62.8411686577964], [-144.81367824340435, 62.8585441912911]]}, "properties": {"source": "1632191", "target": "1819910"}}, {"type": "Feature", "geometry": {"type": "LineString", "coordinates": [[-144.85849594990452, 62.8411686577964], [-144.84713363289617, 62.85758157099406]]}, "properties": {"source": "1632191", "target": "1819698"}}, {"type": "Feature", "geometry": {"type": "LineString", "coordinates": [[-144.85849594990452, 62.8411686577964], [-144.85832501934482, 62.858231847638265]]}, "properties": {"source": "1632191", "target": "1722808"}}, {"type": "Feature", "geometry": {"type": "LineString", "coordinates": [[-144.85849594990452, 62.8411686577964], [-144.8644901460109, 62.853316278806275]]}, "properties": {"source": "1632191", "target": "1632187"}}, {"type": "Feature", "geometry": {"type": "LineString", "coordinates": [[-144.82102243582796, 62.85172874576763], [-144.82045570398247, 62.85325088952938]]}, "properties": {"source": "2028817", "target": "2107260"}}, {"type": "Feature", "geometry": {"type": "LineString", "coordinates": [[-144.8470604042388, 62.854225287834495], [-144.84713363289617, 62.85758157099406]]}, "properties": {"source": "321719", "target": "1819698"}}, {"type": "Feature", "geometry": {"type": "LineString", "coordinates": [[-144.8470604042388, 62.854225287834495], [-144.84010779807105, 62.84751838696759]]}, "properties": {"source": "321719", "target": "1819700"}}, {"type": "Feature", "geometry": {"type": "LineString", "coordinates": [[-144.86496548866424, 62.85720122684555], [-144.8069011501101, 62.85311342516252]]}, "properties": {"source": "2121330", "target": "2322356"}}, {"type": "Feature", "geometry": {"type": "LineString", "coordinates": [[-144.86496548866424, 62.85720122684555], [-144.84700345380404, 62.84896982731489]]}, "properties": {"source": "2121330", "target": "2322340"}}, {"type": "Feature", "geometry": {"type": "LineString", "coordinates": [[-144.86496548866424, 62.85720122684555], [-144.83948117722042, 62.85772373815486]]}, "properties": {"source": "2121330", "target": "2318317"}}, {"type": "Feature", "geometry": {"type": "LineString", "coordinates": [[-144.86496548866424, 62.85720122684555], [-144.81493730325423, 62.84090266275497]]}, "properties": {"source": "2121330", "target": "4567024"}}, {"type": "Feature", "geometry": {"type": "LineString", "coordinates": [[-144.8567243909148, 62.845632714700216], [-144.84391845800326, 62.84198021770895]]}, "properties": {"source": "2116786", "target": "1126600"}}, {"type": "Feature", "geometry": {"type": "LineString", "coordinates": [[-144.86523723286237, 62.84788341348401], [-144.86682622848173, 62.85076897041621]]}, "properties": {"source": "6239211", "target": "6809179"}}, {"type": "Feature", "geometry": {"type": "LineString", "coordinates": [[-144.86523723286237, 62.84788341348401], [-144.8373130067128, 62.84609025933274]]}, "properties": {"source": "6239211", "target": "6809105"}}, {"type": "Feature", "geometry": {"type": "LineString", "coordinates": [[-144.86523723286237, 62.84788341348401], [-144.86030974995901, 62.845983137165106]]}, "properties": {"source": "6239211", "target": "6808838"}}, {"type": "Feature", "geometry": {"type": "LineString", "coordinates": [[-144.86523723286237, 62.84788341348401], [-144.86506968971878, 62.859083856635024]]}, "properties": {"source": "6239211", "target": "6288464"}}, {"type": "Feature", "geometry": {"type": "LineString", "coordinates": [[-144.86523723286237, 62.84788341348401], [-144.86424209676971, 62.84376894889343]]}, "properties": {"source": "6239211", "target": "6250871"}}, {"type": "Feature", "geometry": {"type": "LineString", "coordinates": [[-144.86523723286237, 62.84788341348401], [-144.81160584647938, 62.84668142605382]]}, "properties": {"source": "6239211", "target": "6808954"}}, {"type": "Feature", "geometry": {"type": "LineString", "coordinates": [[-144.86523723286237, 62.84788341348401], [-144.83339710252346, 62.858910374716444]]}, "properties": {"source": "6239211", "target": "6068564"}}, {"type": "Feature", "geometry": {"type": "LineString", "coordinates": [[-144.86523723286237, 62.84788341348401], [-144.81047471298479, 62.85463787718044]]}, "properties": {"source": "6239211", "target": "6068572"}}, {"type": "Feature", "geometry": {"type": "LineString", "coordinates": [[-144.86523723286237, 62.84788341348401], [-144.85392381378034, 62.856161596602576]]}, "properties": {"source": "6239211", "target": "6810283"}}, {"type": "Feature", "geometry": {"type": "LineString", "coordinates": [[-144.84739630148414, 62.8537739220249], [-144.8668861749665, 62.84105673234413]]}, "properties": {"source": "6809893", "target": "6810229"}}, {"type": "Feature", "geometry": {"type": "LineString", "coordinates": [[-144.84739630148414, 62.8537739220249], [-144.8530848293209, 62.85981346165637]]}, "properties": {"source": "6809893", "target": "6810164"}}, {"type": "Feature", "geometry": {"type": "LineString", "coordinates": [[-144.84739630148414, 62.8537739220249], [-144.81343631084755, 62.85660029792773]]}, "properties": {"source": "6809893", "target": "6810276"}}, {"type": "Feature", "geometry": {"type": "LineString", "coordinates": [[-144.84739630148414, 62.8537739220249], [-144.83974160118572, 62.85142716907113]]}, "properties": {"source": "6809893", "target": "6809913"}}, {"type": "Feature", "geometry": {"type": "LineString", "coordinates": [[-144.84739630148414, 62.8537739220249], [-144.81318189820004, 62.84912220944615]]}, "properties": {"source": "6809893", "target": "6810291"}}, {"type": "Feature", "geometry": {"type": "LineString", "coordinates": [[-144.84739630148414, 62.8537739220249], [-144.80931453738577, 62.85030632586529]]}, "properties": {"source": "6809893", "target": "6809886"}}, {"type": "Feature", "geometry": {"type": "LineString", "coordinates": [[-144.81905455431308, 62.8601098975211], [-144.8373130067128, 62.84609025933274]]}, "properties": {"source": "6068557", "target": "6809105"}}, {"type": "Feature", "geometry": {"type": "LineString", "coordinates": [[-144.81905455431308, 62.8601098975211], [-144.86030974995901, 62.845983137165106]]}, "properties": {"source": "6068557", "target": "6808838"}}, {"type": "Feature", "geometry": {"type": "LineString", "coordinates": [[-144.81905455431308, 62.8601098975211], [-144.83750759713922, 62.84986735896341]]}, "properties": {"source": "6068557", "target": "6250878"}}, {"type": "Feature", "geometry": {"type": "LineString", "coordinates": [[-144.81905455431308, 62.8601098975211], [-144.86506968971878, 62.859083856635024]]}, "properties": {"source": "6068557", "target": "6288464"}}, {"type": "Feature", "geometry": {"type": "LineString", "coordinates": [[-144.81905455431308, 62.8601098975211], [-144.8176343426807, 62.85229710319071]]}, "properties": {"source": "6068557", "target": "6068567"}}, {"type": "Feature", "geometry": {"type": "LineString", "coordinates": [[-144.81905455431308, 62.8601098975211], [-144.86424209676971, 62.84376894889343]]}, "properties": {"source": "6068557", "target": "6250871"}}, {"type": "Feature", "geometry": {"type": "LineString", "coordinates": [[-144.81905455431308, 62.8601098975211], [-144.86523723286237, 62.84788341348401]]}, "properties": {"source": "6068557", "target": "6239211"}}, {"type": "Feature", "geometry": {"type": "LineString", "coordinates": [[-144.85687243426707, 62.84757131028992], [-144.85569981599204, 62.842334614143326]]}, "properties": {"source": "1373736", "target": "1373743"}}, {"type": "Feature", "geometry": {"type": "LineString", "coordinates": [[-144.85687243426707, 62.84757131028992], [-144.83371701195313, 62.858527268668354]]}, "properties": {"source": "1373736", "target": "1819674"}}, {"type": "Feature", "geometry": {"type": "LineString", "coordinates": [[-144.85687243426707, 62.84757131028992], [-144.82827288938722, 62.84862311954676]]}, "properties": {"source": "1373736", "target": "936920"}}, {"type": "Feature", "geometry": {"type": "LineString", "coordinates": [[-144.81560012543792, 62.84822100195018], [-144.85706571690096, 62.8406666665838]]}, "properties": {"source": "6810111", "target": "6810201"}}, {"type": "Feature", "geometry": {"type": "LineString", "coordinates": [[-144.81560012543792, 62.84822100195018], [-144.84877199841563, 62.85529630195023]]}, "properties": {"source": "6810111", "target": "6808725"}}, {"type": "Feature", "geometry": {"type": "LineString", "coordinates": [[-144.81560012543792, 62.84822100195018], [-144.80931453738577, 62.85030632586529]]}, "properties": {"source": "6810111", "target": "6809886"}}, {"type": "Feature", "geometry": {"type": "LineString", "coordinates": [[-144.81560012543792, 62.84822100195018], [-144.80489257983314, 62.853513770293944]]}, "properties": {"source": "6810111", "target": "6810249"}}, {"type": "Feature", "geometry": {"type": "LineString", "coordinates": [[-144.81560012543792, 62.84822100195018], [-144.84964937168732, 62.85595495489436]]}, "properties": {"source": "6810111", "target": "6013872"}}, {"type": "Feature", "geometry": {"type": "LineString", "coordinates": [[-144.8373130067128, 62.84609025933274], [-144.83672403597802, 62.850000292441905]]}, "properties": {"source": "6809105", "target": "6810184"}}, {"type": "Feature", "geometry": {"type": "LineString", "coordinates": [[-144.8373130067128, 62.84609025933274], [-144.86682622848173, 62.85076897041621]]}, "properties": {"source": "6809105", "target": "6809179"}}, {"type": "Feature", "geometry": {"type": "LineString", "coordinates": [[-144.8373130067128, 62.84609025933274], [-144.86030974995901, 62.845983137165106]]}, "properties": {"source": "6809105", "target": "6808838"}}, {"type": "Feature", "geometry": {"type": "LineString", "coordinates": [[-144.8373130067128, 62.84609025933274], [-144.86506968971878, 62.859083856635024]]}, "properties": {"source": "6809105", "target": "6288464"}}, {"type": "Feature", "geometry": {"type": "LineString", "coordinates": [[-144.8373130067128, 62.84609025933274], [-144.8176343426807, 62.85229710319071]]}, "properties": {"source": "6809105", "target": "6068567"}}, {"type": "Feature", "geometry": {"type": "LineString", "coordinates": [[-144.8373130067128, 62.84609025933274], [-144.81160584647938, 62.84668142605382]]}, "properties": {"source": "6809105", "target": "6808954"}}, {"type": "Feature", "geometry": {"type": "LineString", "coordinates": [[-144.8373130067128, 62.84609025933274], [-144.83339710252346, 62.858910374716444]]}, "properties": {"source": "6809105", "target": "6068564"}}, {"type": "Feature", "geometry": {"type": "LineString", "coordinates": [[-144.8373130067128, 62.84609025933274], [-144.81047471298479, 62.85463787718044]]}, "properties": {"source": "6809105", "target": "6068572"}}, {"type": "Feature", "geometry": {"type": "LineString", "coordinates": [[-144.8373130067128, 62.84609025933274], [-144.80931453738577, 62.85030632586529]]}, "properties": {"source": "6809105", "target": "6809886"}}, {"type": "Feature", "geometry": {"type": "LineString", "coordinates": [[-144.8373130067128, 62.84609025933274], [-144.83498200702786, 62.84095003491015]]}, "properties": {"source": "6809105", "target": "2655630"}}, {"type": "Feature", "geometry": {"type": "LineString", "coordinates": [[-144.8373130067128, 62.84609025933274], [-144.85392381378034, 62.856161596602576]]}, "properties": {"source": "6809105", "target": "6810283"}}, {"type": "Feature", "geometry": {"type": "LineString", "coordinates": [[-144.83625076443172, 62.85362971014733], [-144.81763674884695, 62.85336370859365]]}, "properties": {"source": "2107237", "target": "2107232"}}, {"type": "Feature", "geometry": {"type": "LineString", "coordinates": [[-144.83625076443172, 62.85362971014733], [-144.8225585566361, 62.853286712006465]]}, "properties": {"source": "2107237", "target": "2107229"}}, {"type": "Feature", "geometry": {"type": "LineString", "coordinates": [[-144.83625076443172, 62.85362971014733], [-144.8522772284451, 62.85585554831299]]}, "properties": {"source": "2107237", "target": "2107259"}}, {"type": "Feature", "geometry": {"type": "LineString", "coordinates": [[-144.83625076443172, 62.85362971014733], [-144.82902399331326, 62.84798574065694]]}, "properties": {"source": "2107237", "target": "2107208"}}, {"type": "Feature", "geometry": {"type": "LineString", "coordinates": [[-144.83625076443172, 62.85362971014733], [-144.8342921844593, 62.84895156908581]]}, "properties": {"source": "2107237", "target": "2107283"}}, {"type": "Feature", "geometry": {"type": "LineString", "coordinates": [[-144.83625076443172, 62.85362971014733], [-144.80697082790027, 62.85218769404196]]}, "properties": {"source": "2107237", "target": "2107204"}}, {"type": "Feature", "geometry": {"type": "LineString", "coordinates": [[-144.83625076443172, 62.85362971014733], [-144.85848860431918, 62.853954670928985]]}, "properties": {"source": "2107237", "target": "2107194"}}, {"type": "Feature", "geometry": {"type": "LineString", "coordinates": [[-144.83625076443172, 62.85362971014733], [-144.8075697452983, 62.85439373375799]]}, "properties": {"source": "2107237", "target": "2107162"}}, {"type": "Feature", "geometry": {"type": "LineString", "coordinates": [[-144.83625076443172, 62.85362971014733], [-144.8433179642066, 62.846594857860964]]}, "properties": {"source": "2107237", "target": "2029577"}}, {"type": "Feature", "geometry": {"type": "LineString", "coordinates": [[-144.8567243909148, 62.845632714700216], [-144.86393312580012, 62.85600643617923]]}, "properties": {"source": "2116786", "target": "2116118"}}, {"type": "Feature", "geometry": {"type": "LineString", "coordinates": [[-144.8567243909148, 62.845632714700216], [-144.86623928459503, 62.848294858538395]]}, "properties": {"source": "2116786", "target": "1921348"}}, {"type": "Feature", "geometry": {"type": "LineString", "coordinates": [[-144.8567243909148, 62.845632714700216], [-144.85941684061441, 62.86009398365093]]}, "properties": {"source": "2116786", "target": "1948371"}}, {"type": "Feature", "geometry": {"type": "LineString", "coordinates": [[-144.8567243909148, 62.845632714700216], [-144.83441657950004, 62.84836220245437]]}, "properties": {"source": "2116786", "target": "2121308"}}, {"type": "Feature", "geometry": {"type": "LineString", "coordinates": [[-144.8567243909148, 62.845632714700216], [-144.81707891973986, 62.85168188727643]]}, "properties": {"source": "2116786", "target": "2116396"}}, {"type": "Feature", "geometry": {"type": "LineString", "coordinates": [[-144.8567243909148, 62.845632714700216], [-144.83536080042728, 62.846067956472154]]}, "properties": {"source": "2116786", "target": "1609292"}}, {"type": "Feature", "geometry": {"type": "LineString", "coordinates": [[-144.8567243909148, 62.845632714700216], [-144.82545143022705, 62.86040564734161]]}, "properties": {"source": "2116786", "target": "1652153"}}, {"type": "Feature", "geometry": {"type": "LineString", "coordinates": [[-144.83103671100838, 62.84317056761465], [-144.81047471298479, 62.85463787718044]]}, "properties": {"source": "601944", "target": "6068572"}}, {"type": "Feature", "geometry": {"type": "LineString", "coordinates": [[-144.83103671100838, 62.84317056761465], [-144.84964937168732, 62.85595495489436]]}, "properties": {"source": "601944", "target": "6013872"}}, {"type": "Feature", "geometry": {"type": "LineString", "coordinates": [[-144.86600862236853, 62.841742058825275], [-144.82880554950123, 62.84207858820352]]}, "properties": {"source": "2918506", "target": "3176248"}}, {"type": "Feature", "geometry": {"type": "LineString", "coordinates": [[-144.86600862236853, 62.841742058825275], [-144.85136191866962, 62.84395797211731]]}, "properties": {"source": "2918506", "target": "2918534"}}, {"type": "Feature", "geometry": {"type": "LineString", "coordinates": [[-144.86600862236853, 62.841742058825275], [-144.83882370559235, 62.85234363306465]]}, "properties": {"source": "2918506", "target": "2853435"}}, {"type": "Feature", "geometry": {"type": "LineString", "coordinates": [[-144.86600862236853, 62.841742058825275], [-144.80990338953742, 62.85073950638636]]}, "properties": {"source": "2918506", "target": "3176195"}}, {"type": "Feature", "geometry": {"type": "LineString", "coordinates": [[-144.86600862236853, 62.841742058825275], [-144.85905696030835, 62.84240061186355]]}, "properties": {"source": "2918506", "target": "2500418"}}, {"type": "Feature", "geometry": {"type": "LineString", "coordinates": [[-144.85222758320253, 62.840861295827736], [-144.8567243909148, 62.845632714700216]]}, "properties": {"source": "10087606", "target": "2116786"}}, {"type": "Feature", "geometry": {"type": "LineString", "coordinates": [[-144.85222758320253, 62.840861295827736], [-144.8578197824633, 62.842855869934084]]}, "properties": {"source": "10087606", "target": "2121483"}}, {"type": "Feature", "geometry": {"type": "LineString", "coordinates": [[-144.85222758320253, 62.840861295827736], [-144.84749315897812, 62.84871717511231]]}, "properties": {"source": "10087606", "target": "2322359"}}, {"type": "Feature", "geometry": {"type": "LineString", "coordinates": [[-144.85222758320253, 62.840861295827736], [-144.83536080042728, 62.846067956472154]]}, "properties": {"source": "10087606", "target": "1609292"}}, {"type": "Feature", "geometry": {"type": "LineString", "coordinates": [[-144.85222758320253, 62.840861295827736], [-144.84466698160747, 62.84102629041263]]}, "properties": {"source": "10087606", "target": "6371160"}}, {"type": "Feature", "geometry": {"type": "LineString", "coordinates": [[-144.8065368189071, 62.85906478568535], [-144.8277349348561, 62.859107889569046]]}, "properties": {"source": "3421003", "target": "2740974"}}, {"type": "Feature", "geometry": {"type": "LineString", "coordinates": [[-144.8065368189071, 62.85906478568535], [-144.83948117722042, 62.85772373815486]]}, "properties": {"source": "3421003", "target": "2318317"}}, {"type": "Feature", "geometry": {"type": "LineString", "coordinates": [[-144.8065368189071, 62.85906478568535], [-144.86199528976752, 62.846652032152434]]}, "properties": {"source": "3421003", "target": "2573289"}}, {"type": "Feature", "geometry": {"type": "LineString", "coordinates": [[-144.8065368189071, 62.85906478568535], [-144.83297387883636, 62.858636561821115]]}, "properties": {"source": "3421003", "target": "382998"}}, {"type": "Feature", "geometry": {"type": "LineString", "coordinates": [[-144.82039301185392, 62.84982843912128], [-144.8184109474948, 62.84390850970861]]}, "properties": {"source": "1373732", "target": "13549"}}, {"type": "Feature", "geometry": {"type": "LineString", "coordinates": [[-144.8266261661337, 62.84324484534967], [-144.83672403597802, 62.850000292441905]]}, "properties": {"source": "6808637", "target": "6810184"}}, {"type": "Feature", "geometry": {"type": "LineString", "coordinates": [[-144.8266261661337, 62.84324484534967], [-144.86682622848173, 62.85076897041621]]}, "properties": {"source": "6808637", "target": "6809179"}}, {"type": "Feature", "geometry": {"type": "LineString", "coordinates": [[-144.8266261661337, 62.84324484534967], [-144.81560012543792, 62.84822100195018]]}, "properties": {"source": "6808637", "target": "6810111"}}, {"type": "Feature", "geometry": {"type": "LineString", "coordinates": [[-144.8266261661337, 62.84324484534967], [-144.8373130067128, 62.84609025933274]]}, "properties": {"source": "6808637", "target": "6809105"}}, {"type": "Feature", "geometry": {"type": "LineString", "coordinates": [[-144.8266261661337, 62.84324484534967], [-144.86030974995901, 62.845983137165106]]}, "properties": {"source": "6808637", "target": "6808838"}}, {"type": "Feature", "geometry": {"type": "LineString", "coordinates": [[-144.8266261661337, 62.84324484534967], [-144.86506968971878, 62.859083856635024]]}, "properties": {"source": "6808637", "target": "6288464"}}, {"type": "Feature", "geometry": {"type": "LineString", "coordinates": [[-144.8266261661337, 62.84324484534967], [-144.81160584647938, 62.84668142605382]]}, "properties": {"source": "6808637", "target": "6808954"}}, {"type": "Feature", "geometry": {"type": "LineString", "coordinates": [[-144.8266261661337, 62.84324484534967], [-144.85706571690096, 62.8406666665838]]}, "properties": {"source": "6808637", "target": "6810201"}}, {"type": "Feature", "geometry": {"type": "LineString", "coordinates": [[-144.8266261661337, 62.84324484534967], [-144.84877199841563, 62.85529630195023]]}, "properties": {"source": "6808637", "target": "6808725"}}, {"type": "Feature", "geometry": {"type": "LineString", "coordinates": [[-144.8266261661337, 62.84324484534967], [-144.83498200702786, 62.84095003491015]]}, "properties": {"source": "6808637", "target": "2655630"}}, {"type": "Feature", "geometry": {"type": "LineString", "coordinates": [[-144.8266261661337, 62.84324484534967], [-144.8246799139161, 62.85542308076279]]}, "properties": {"source": "6808637", "target": "2655389"}}, {"type": "Feature", "geometry": {"type": "LineString", "coordinates": [[-144.85848860431918, 62.853954670928985], [-144.81763674884695, 62.85336370859365]]}, "properties": {"source": "2107194", "target": "2107232"}}, {"type": "Feature", "geometry": {"type": "LineString", "coordinates": [[-144.85848860431918, 62.853954670928985], [-144.82902399331326, 62.84798574065694]]}, "properties": {"source": "2107194", "target": "2107208"}}, {"type": "Feature", "geometry": {"type": "LineString", "coordinates": [[-144.8266261661337, 62.84324484534967], [-144.85392381378034, 62.856161596602576]]}, "properties": {"source": "6808637", "target": "6810283"}}, {"type": "Feature", "geometry": {"type": "LineString", "coordinates": [[-144.85848860431918, 62.853954670928985], [-144.82045570398247, 62.85325088952938]]}, "properties": {"source": "2107194", "target": "2107260"}}, {"type": "Feature", "geometry": {"type": "LineString", "coordinates": [[-144.85331153810503, 62.85998415153493], [-144.8069011501101, 62.85311342516252]]}, "properties": {"source": "3159880", "target": "2322356"}}, {"type": "Feature", "geometry": {"type": "LineString", "coordinates": [[-144.85331153810503, 62.85998415153493], [-144.80590097259744, 62.859548169571696]]}, "properties": {"source": "3159880", "target": "3160511"}}, {"type": "Feature", "geometry": {"type": "LineString", "coordinates": [[-144.85331153810503, 62.85998415153493], [-144.81730632113675, 62.860185198234944]]}, "properties": {"source": "3159880", "target": "3176228"}}, {"type": "Feature", "geometry": {"type": "LineString", "coordinates": [[-144.85331153810503, 62.85998415153493], [-144.84807666987294, 62.86173465632832]]}, "properties": {"source": "3159880", "target": "3160008"}}, {"type": "Feature", "geometry": {"type": "LineString", "coordinates": [[-144.85331153810503, 62.85998415153493], [-144.85521254036877, 62.85446760600895]]}, "properties": {"source": "3159880", "target": "3180314"}}, {"type": "Feature", "geometry": {"type": "LineString", "coordinates": [[-144.85331153810503, 62.85998415153493], [-144.8267593166485, 62.855484539966525]]}, "properties": {"source": "3159880", "target": "3559591"}}, {"type": "Feature", "geometry": {"type": "LineString", "coordinates": [[-144.85331153810503, 62.85998415153493], [-144.83882370559235, 62.85234363306465]]}, "properties": {"source": "3159880", "target": "2853435"}}, {"type": "Feature", "geometry": {"type": "LineString", "coordinates": [[-144.85331153810503, 62.85998415153493], [-144.84700345380404, 62.84896982731489]]}, "properties": {"source": "3159880", "target": "2322340"}}, {"type": "Feature", "geometry": {"type": "LineString", "coordinates": [[-144.85331153810503, 62.85998415153493], [-144.85283400407195, 62.84407826946608]]}, "properties": {"source": "3159880", "target": "2918541"}}, {"type": "Feature", "geometry": {"type": "LineString", "coordinates": [[-144.85331153810503, 62.85998415153493], [-144.84749315897812, 62.84871717511231]]}, "properties": {"source": "3159880", "target": "2322359"}}, {"type": "Feature", "geometry": {"type": "LineString", "coordinates": [[-144.85331153810503, 62.85998415153493], [-144.8277349348561, 62.859107889569046]]}, "properties": {"source": "3159880", "target": "2740974"}}, {"type": "Feature", "geometry": {"type": "LineString", "coordinates": [[-144.85331153810503, 62.85998415153493], [-144.81707891973986, 62.85168188727643]]}, "properties": {"source": "3159880", "target": "2116396"}}, {"type": "Feature", "geometry": {"type": "LineString", "coordinates": [[-144.85331153810503, 62.85998415153493], [-144.82672384060444, 62.85721453449926]]}, "properties": {"source": "3159880", "target": "2142237"}}, {"type": "Feature", "geometry": {"type": "LineString", "coordinates": [[-144.85331153810503, 62.85998415153493], [-144.8662476421105, 62.84530372667949]]}, "properties": {"source": "3159880", "target": "2142719"}}, {"type": "Feature", "geometry": {"type": "LineString", "coordinates": [[-144.85331153810503, 62.85998415153493], [-144.80671426487743, 62.84395641236188]]}, "properties": {"source": "3159880", "target": "2573713"}}, {"type": "Feature", "geometry": {"type": "LineString", "coordinates": [[-144.85331153810503, 62.85998415153493], [-144.86170325145457, 62.851618777654224]]}, "properties": {"source": "3159880", "target": "2853403"}}, {"type": "Feature", "geometry": {"type": "LineString", "coordinates": [[-144.85134234038128, 62.85167721124684], [-144.82339129350967, 62.86062481183778]]}, "properties": {"source": "1767738", "target": "18316"}}, {"type": "Feature", "geometry": {"type": "LineString", "coordinates": [[-144.80555711968384, 62.841141588748954], [-144.8522772284451, 62.85585554831299]]}, "properties": {"source": "962896", "target": "2107259"}}, {"type": "Feature", "geometry": {"type": "LineString", "coordinates": [[-144.80555711968384, 62.841141588748954], [-144.8342921844593, 62.84895156908581]]}, "properties": {"source": "962896", "target": "2107283"}}, {"type": "Feature", "geometry": {"type": "LineString", "coordinates": [[-144.84185495955415, 62.85571230708351], [-144.81493730325423, 62.84090266275497]]}, "properties": {"source": "1605750", "target": "4567024"}}, {"type": "Feature", "geometry": {"type": "LineString", "coordinates": [[-144.84185495955415, 62.85571230708351], [-144.83331321128182, 62.84922677591608]]}, "properties": {"source": "1605750", "target": "4566982"}}, {"type": "Feature", "geometry": {"type": "LineString", "coordinates": [[-144.82859335884802, 62.84280126488372], [-144.85569981599204, 62.842334614143326]]}, "properties": {"source": "2121357", "target": "1373743"}}, {"type": "Feature", "geometry": {"type": "LineString", "coordinates": [[-144.82859335884802, 62.84280126488372], [-144.83787267434934, 62.84666868158476]]}, "properties": {"source": "2121357", "target": "4624889"}}, {"type": "Feature", "geometry": {"type": "LineString", "coordinates": [[-144.82859335884802, 62.84280126488372], [-144.8664883831778, 62.853743324417735]]}, "properties": {"source": "2121357", "target": "1969159"}}, {"type": "Feature", "geometry": {"type": "LineString", "coordinates": [[-144.83672403597802, 62.850000292441905], [-144.86682622848173, 62.85076897041621]]}, "properties": {"source": "6810184", "target": "6809179"}}, {"type": "Feature", "geometry": {"type": "LineString", "coordinates": [[-144.83672403597802, 62.850000292441905], [-144.86506968971878, 62.859083856635024]]}, "properties": {"source": "6810184", "target": "6288464"}}, {"type": "Feature", "geometry": {"type": "LineString", "coordinates": [[-144.83672403597802, 62.850000292441905], [-144.81160584647938, 62.84668142605382]]}, "properties": {"source": "6810184", "target": "6808954"}}, {"type": "Feature", "geometry": {"type": "LineString", "coordinates": [[-144.83672403597802, 62.850000292441905], [-144.81343631084755, 62.85660029792773]]}, "properties": {"source": "6810184", "target": "6810276"}}, {"type": "Feature", "geometry": {"type": "LineString", "coordinates": [[-144.83672403597802, 62.850000292441905], [-144.80489257983314, 62.853513770293944]]}, "properties": {"source": "6810184", "target": "6810249"}}, {"type": "Feature", "geometry": {"type": "LineString", "coordinates": [[-144.85392381378034, 62.856161596602576], [-144.86682622848173, 62.85076897041621]]}, "properties": {"source": "6810283", "target": "6809179"}}, {"type": "Feature", "geometry": {"type": "LineString", "coordinates": [[-144.80555711968384, 62.841141588748954], [-144.82045570398247, 62.85325088952938]]}, "properties": {"source": "962896", "target": "2107260"}}, {"type": "Feature", "geometry": {"type": "LineString", "coordinates": [[-144.83672403597802, 62.850000292441905], [-144.85392381378034, 62.856161596602576]]}, "properties": {"source": "6810184", "target": "6810283"}}, {"type": "Feature", "geometry": {"type": "LineString", "coordinates": [[-144.80849397237228, 62.85393031835966], [-144.8421016859548, 62.86152918399722]]}, "properties": {"source": "1548517", "target": "13550417"}}, {"type": "Feature", "geometry": {"type": "LineString", "coordinates": [[-144.83264518778265, 62.84995992544975], [-144.83787267434934, 62.84666868158476]]}, "properties": {"source": "3159790", "target": "4624889"}}, {"type": "Feature", "geometry": {"type": "LineString", "coordinates": [[-144.83572484866664, 62.84580223391518], [-144.8176343426807, 62.85229710319071]]}, "properties": {"source": "5899920", "target": "6068567"}}, {"type": "Feature", "geometry": {"type": "LineString", "coordinates": [[-144.83214503042154, 62.841829387383484], [-144.86199528976752, 62.846652032152434]]}, "properties": {"source": "6482740", "target": "2573289"}}, {"type": "Feature", "geometry": {"type": "LineString", "coordinates": [[-144.83214503042154, 62.841829387383484], [-144.83190204850482, 62.85243709199398]]}, "properties": {"source": "6482740", "target": "6377025"}}, {"type": "Feature", "geometry": {"type": "LineString", "coordinates": [[-144.83214503042154, 62.841829387383484], [-144.81468199985844, 62.84746286609871]]}, "properties": {"source": "6482740", "target": "20801665"}}, {"type": "Feature", "geometry": {"type": "LineString", "coordinates": [[-144.81270622983303, 62.86043896140892], [-144.84739630148414, 62.8537739220249]]}, "properties": {"source": "6810103", "target": "6809893"}}, {"type": "Feature", "geometry": {"type": "LineString", "coordinates": [[-144.81270622983303, 62.86043896140892], [-144.84964937168732, 62.85595495489436]]}, "properties": {"source": "6810103", "target": "6013872"}}, {"type": "Feature", "geometry": {"type": "LineString", "coordinates": [[-144.86099312210817, 62.85386012649022], [-144.85166908620295, 62.84288506828496]]}, "properties": {"source": "1885141", "target": "2107261"}}, {"type": "Feature", "geometry": {"type": "LineString", "coordinates": [[-144.86099312210817, 62.85386012649022], [-144.84094308835438, 62.85261718808886]]}, "properties": {"source": "1885141", "target": "2116760"}}, {"type": "Feature", "geometry": {"type": "LineString", "coordinates": [[-144.86099312210817, 62.85386012649022], [-144.8567243909148, 62.845632714700216]]}, "properties": {"source": "1885141", "target": "2116786"}}, {"type": "Feature", "geometry": {"type": "LineString", "coordinates": [[-144.86099312210817, 62.85386012649022], [-144.86393312580012, 62.85600643617923]]}, "properties": {"source": "1885141", "target": "2116118"}}, {"type": "Feature", "geometry": {"type": "LineString", "coordinates": [[-144.86099312210817, 62.85386012649022], [-144.86623928459503, 62.848294858538395]]}, "properties": {"source": "1885141", "target": "1921348"}}, {"type": "Feature", "geometry": {"type": "LineString", "coordinates": [[-144.86099312210817, 62.85386012649022], [-144.83441657950004, 62.84836220245437]]}, "properties": {"source": "1885141", "target": "2121308"}}, {"type": "Feature", "geometry": {"type": "LineString", "coordinates": [[-144.86099312210817, 62.85386012649022], [-144.82667706650363, 62.84704776478375]]}, "properties": {"source": "1885141", "target": "18301"}}, {"type": "Feature", "geometry": {"type": "LineString", "coordinates": [[-144.86099312210817, 62.85386012649022], [-144.8602694064939, 62.85866505268615]]}, "properties": {"source": "1885141", "target": "2035758"}}, {"type": "Feature", "geometry": {"type": "LineString", "coordinates": [[-144.85136191866962, 62.84395797211731], [-144.8277349348561, 62.859107889569046]]}, "properties": {"source": "2918534", "target": "2740974"}}, {"type": "Feature", "geometry": {"type": "LineString", "coordinates": [[-144.85136191866962, 62.84395797211731], [-144.83948117722042, 62.85772373815486]]}, "properties": {"source": "2918534", "target": "2318317"}}, {"type": "Feature", "geometry": {"type": "LineString", "coordinates": [[-144.85136191866962, 62.84395797211731], [-144.82672384060444, 62.85721453449926]]}, "properties": {"source": "2918534", "target": "2142237"}}, {"type": "Feature", "geometry": {"type": "LineString", "coordinates": [[-144.85136191866962, 62.84395797211731], [-144.8662476421105, 62.84530372667949]]}, "properties": {"source": "2918534", "target": "2142719"}}, {"type": "Feature", "geometry": {"type": "LineString", "coordinates": [[-144.85136191866962, 62.84395797211731], [-144.86199528976752, 62.846652032152434]]}, "properties": {"source": "2918534", "target": "2573289"}}, {"type": "Feature", "geometry": {"type": "LineString", "coordinates": [[-144.85136191866962, 62.84395797211731], [-144.8452832807898, 62.852088528768036]]}, "properties": {"source": "2918534", "target": "2142715"}}, {"type": "Feature", "geometry": {"type": "LineString", "coordinates": [[-144.85136191866962, 62.84395797211731], [-144.83536080042728, 62.846067956472154]]}, "properties": {"source": "2918534", "target": "1609292"}}, {"type": "Feature", "geometry": {"type": "LineString", "coordinates": [[-144.85136191866962, 62.84395797211731], [-144.80739829501874, 62.859791763708614]]}, "properties": {"source": "2918534", "target": "3160519"}}, {"type": "Feature", "geometry": {"type": "LineString", "coordinates": [[-144.85136191866962, 62.84395797211731], [-144.82512266216872, 62.849450578326625]]}, "properties": {"source": "2918534", "target": "5638572"}}, {"type": "Feature", "geometry": {"type": "LineString", "coordinates": [[-144.85136191866962, 62.84395797211731], [-144.85721181226089, 62.84844960460812]]}, "properties": {"source": "2918534", "target": "2343143"}}, {"type": "Feature", "geometry": {"type": "LineString", "coordinates": [[-144.85136191866962, 62.84395797211731], [-144.82545143022705, 62.86040564734161]]}, "properties": {"source": "2918534", "target": "1652153"}}, {"type": "Feature", "geometry": {"type": "LineString", "coordinates": [[-144.85136191866962, 62.84395797211731], [-144.84809749584494, 62.854953993190634]]}, "properties": {"source": "2918534", "target": "2740752"}}, {"type": "Feature", "geometry": {"type": "LineString", "coordinates": [[-144.85136191866962, 62.84395797211731], [-144.84391845800326, 62.84198021770895]]}, "properties": {"source": "2918534", "target": "1126600"}}, {"type": "Feature", "geometry": {"type": "LineString", "coordinates": [[-144.85136191866962, 62.84395797211731], [-144.8380184886098, 62.86084177100703]]}, "properties": {"source": "2918534", "target": "1061188"}}, {"type": "Feature", "geometry": {"type": "LineString", "coordinates": [[-144.85331153810503, 62.85998415153493], [-144.82880554950123, 62.84207858820352]]}, "properties": {"source": "3159880", "target": "3176248"}}, {"type": "Feature", "geometry": {"type": "LineString", "coordinates": [[-144.85331153810503, 62.85998415153493], [-144.85136191866962, 62.84395797211731]]}, "properties": {"source": "3159880", "target": "2918534"}}, {"type": "Feature", "geometry": {"type": "LineString", "coordinates": [[-144.83974160118572, 62.85142716907113], [-144.8373130067128, 62.84609025933274]]}, "properties": {"source": "6809913", "target": "6809105"}}, {"type": "Feature", "geometry": {"type": "LineString", "coordinates": [[-144.83974160118572, 62.85142716907113], [-144.8668861749665, 62.84105673234413]]}, "properties": {"source": "6809913", "target": "6810229"}}, {"type": "Feature", "geometry": {"type": "LineString", "coordinates": [[-144.83974160118572, 62.85142716907113], [-144.8530848293209, 62.85981346165637]]}, "properties": {"source": "6809913", "target": "6810164"}}, {"type": "Feature", "geometry": {"type": "LineString", "coordinates": [[-144.83974160118572, 62.85142716907113], [-144.80886979685607, 62.85130475179912]]}, "properties": {"source": "6809913", "target": "6809166"}}, {"type": "Feature", "geometry": {"type": "LineString", "coordinates": [[-144.83974160118572, 62.85142716907113], [-144.8377932886048, 62.849425351997155]]}, "properties": {"source": "6809913", "target": "6810145"}}, {"type": "Feature", "geometry": {"type": "LineString", "coordinates": [[-144.83974160118572, 62.85142716907113], [-144.81343631084755, 62.85660029792773]]}, "properties": {"source": "6809913", "target": "6810276"}}, {"type": "Feature", "geometry": {"type": "LineString", "coordinates": [[-144.84084280026886, 62.86056701706356], [-144.8096851252921, 62.85894475486192]]}, "properties": {"source": "1397727", "target": "2107272"}}, {"type": "Feature", "geometry": {"type": "LineString", "coordinates": [[-144.84084280026886, 62.86056701706356], [-144.86088421823382, 62.85165721321751]]}, "properties": {"source": "1397727", "target": "2107276"}}, {"type": "Feature", "geometry": {"type": "LineString", "coordinates": [[-144.84084280026886, 62.86056701706356], [-144.83625076443172, 62.85362971014733]]}, "properties": {"source": "1397727", "target": "2107237"}}, {"type": "Feature", "geometry": {"type": "LineString", "coordinates": [[-144.84084280026886, 62.86056701706356], [-144.81763674884695, 62.85336370859365]]}, "properties": {"source": "1397727", "target": "2107232"}}, {"type": "Feature", "geometry": {"type": "LineString", "coordinates": [[-144.84084280026886, 62.86056701706356], [-144.8522772284451, 62.85585554831299]]}, "properties": {"source": "1397727", "target": "2107259"}}, {"type": "Feature", "geometry": {"type": "LineString", "coordinates": [[-144.84084280026886, 62.86056701706356], [-144.82902399331326, 62.84798574065694]]}, "properties": {"source": "1397727", "target": "2107208"}}, {"type": "Feature", "geometry": {"type": "LineString", "coordinates": [[-144.84084280026886, 62.86056701706356], [-144.82102243582796, 62.85172874576763]]}, "properties": {"source": "1397727", "target": "2028817"}}, {"type": "Feature", "geometry": {"type": "LineString", "coordinates": [[-144.83859633117913, 62.84550768600192], [-144.85166908620295, 62.84288506828496]]}, "properties": {"source": "6071369", "target": "2107261"}}, {"type": "Feature", "geometry": {"type": "LineString", "coordinates": [[-144.83859633117913, 62.84550768600192], [-144.8096851252921, 62.85894475486192]]}, "properties": {"source": "6071369", "target": "2107272"}}, {"type": "Feature", "geometry": {"type": "LineString", "coordinates": [[-144.83859633117913, 62.84550768600192], [-144.82045570398247, 62.85325088952938]]}, "properties": {"source": "6071369", "target": "2107260"}}, {"type": "Feature", "geometry": {"type": "LineString", "coordinates": [[-144.84774282349596, 62.84161762600313], [-144.8267593166485, 62.855484539966525]]}, "properties": {"source": "4567041", "target": "3559591"}}, {"type": "Feature", "geometry": {"type": "LineString", "coordinates": [[-144.84774282349596, 62.84161762600313], [-144.81493730325423, 62.84090266275497]]}, "properties": {"source": "4567041", "target": "4567024"}}, {"type": "Feature", "geometry": {"type": "LineString", "coordinates": [[-144.84774282349596, 62.84161762600313], [-144.83331321128182, 62.84922677591608]]}, "properties": {"source": "4567041", "target": "4566982"}}, {"type": "Feature", "geometry": {"type": "LineString", "coordinates": [[-144.84774282349596, 62.84161762600313], [-144.84793294554274, 62.8589747353203]]}, "properties": {"source": "4567041", "target": "1115807"}}, {"type": "Feature", "geometry": {"type": "LineString", "coordinates": [[-144.84774282349596, 62.84161762600313], [-144.83297387883636, 62.858636561821115]]}, "properties": {"source": "4567041", "target": "382998"}}, {"type": "Feature", "geometry": {"type": "LineString", "coordinates": [[-144.84774282349596, 62.84161762600313], [-144.85703194973757, 62.84688552768512]]}, "properties": {"source": "4567041", "target": "3470630"}}, {"type": "Feature", "geometry": {"type": "LineString", "coordinates": [[-144.8096851252921, 62.85894475486192], [-144.82102243582796, 62.85172874576763]]}, "properties": {"source": "2107272", "target": "2028817"}}, {"type": "Feature", "geometry": {"type": "LineString", "coordinates": [[-144.8096851252921, 62.85894475486192], [-144.84989883349522, 62.854303284226305]]}, "properties": {"source": "2107272", "target": "2092640"}}, {"type": "Feature", "geometry": {"type": "LineString", "coordinates": [[-144.8096851252921, 62.85894475486192], [-144.80555711968384, 62.841141588748954]]}, "properties": {"source": "2107272", "target": "962896"}}, {"type": "Feature", "geometry": {"type": "LineString", "coordinates": [[-144.86088421823382, 62.85165721321751], [-144.81763674884695, 62.85336370859365]]}, "properties": {"source": "2107276", "target": "2107232"}}, {"type": "Feature", "geometry": {"type": "LineString", "coordinates": [[-144.86088421823382, 62.85165721321751], [-144.8225585566361, 62.853286712006465]]}, "properties": {"source": "2107276", "target": "2107229"}}, {"type": "Feature", "geometry": {"type": "LineString", "coordinates": [[-144.86088421823382, 62.85165721321751], [-144.8522772284451, 62.85585554831299]]}, "properties": {"source": "2107276", "target": "2107259"}}, {"type": "Feature", "geometry": {"type": "LineString", "coordinates": [[-144.86088421823382, 62.85165721321751], [-144.8159047205372, 62.85056676542308]]}, "properties": {"source": "2107276", "target": "2122191"}}, {"type": "Feature", "geometry": {"type": "LineString", "coordinates": [[-144.86088421823382, 62.85165721321751], [-144.82902399331326, 62.84798574065694]]}, "properties": {"source": "2107276", "target": "2107208"}}, {"type": "Feature", "geometry": {"type": "LineString", "coordinates": [[-144.86088421823382, 62.85165721321751], [-144.8342921844593, 62.84895156908581]]}, "properties": {"source": "2107276", "target": "2107283"}}, {"type": "Feature", "geometry": {"type": "LineString", "coordinates": [[-144.86088421823382, 62.85165721321751], [-144.82045570398247, 62.85325088952938]]}, "properties": {"source": "2107276", "target": "2107260"}}, {"type": "Feature", "geometry": {"type": "LineString", "coordinates": [[-144.86424209676971, 62.84376894889343], [-144.81047471298479, 62.85463787718044]]}, "properties": {"source": "6250871", "target": "6068572"}}, {"type": "Feature", "geometry": {"type": "LineString", "coordinates": [[-144.86424209676971, 62.84376894889343], [-144.8187983611763, 62.84445385278161]]}, "properties": {"source": "6250871", "target": "6068550"}}, {"type": "Feature", "geometry": {"type": "LineString", "coordinates": [[-144.86424209676971, 62.84376894889343], [-144.83572484866664, 62.84580223391518]]}, "properties": {"source": "6250871", "target": "5899920"}}, {"type": "Feature", "geometry": {"type": "LineString", "coordinates": [[-144.8377932886048, 62.849425351997155], [-144.83672403597802, 62.850000292441905]]}, "properties": {"source": "6810145", "target": "6810184"}}, {"type": "Feature", "geometry": {"type": "LineString", "coordinates": [[-144.8377932886048, 62.849425351997155], [-144.86682622848173, 62.85076897041621]]}, "properties": {"source": "6810145", "target": "6809179"}}, {"type": "Feature", "geometry": {"type": "LineString", "coordinates": [[-144.8377932886048, 62.849425351997155], [-144.86030974995901, 62.845983137165106]]}, "properties": {"source": "6810145", "target": "6808838"}}, {"type": "Feature", "geometry": {"type": "LineString", "coordinates": [[-144.8377932886048, 62.849425351997155], [-144.8530848293209, 62.85981346165637]]}, "properties": {"source": "6810145", "target": "6810164"}}, {"type": "Feature", "geometry": {"type": "LineString", "coordinates": [[-144.8377932886048, 62.849425351997155], [-144.81160584647938, 62.84668142605382]]}, "properties": {"source": "6810145", "target": "6808954"}}, {"type": "Feature", "geometry": {"type": "LineString", "coordinates": [[-144.8377932886048, 62.849425351997155], [-144.81343631084755, 62.85660029792773]]}, "properties": {"source": "6810145", "target": "6810276"}}, {"type": "Feature", "geometry": {"type": "LineString", "coordinates": [[-144.81160584647938, 62.84668142605382], [-144.86682622848173, 62.85076897041621]]}, "properties": {"source": "6808954", "target": "6809179"}}, {"type": "Feature", "geometry": {"type": "LineString", "coordinates": [[-144.81160584647938, 62.84668142605382], [-144.86506968971878, 62.859083856635024]]}, "properties": {"source": "6808954", "target": "6288464"}}, {"type": "Feature", "geometry": {"type": "LineString", "coordinates": [[-144.81160584647938, 62.84668142605382], [-144.8176343426807, 62.85229710319071]]}, "properties": {"source": "6808954", "target": "6068567"}}, {"type": "Feature", "geometry": {"type": "LineString", "coordinates": [[-144.85029136899732, 62.85798891297482], [-144.85166908620295, 62.84288506828496]]}, "properties": {"source": "2107251", "target": "2107261"}}, {"type": "Feature", "geometry": {"type": "LineString", "coordinates": [[-144.8377932886048, 62.849425351997155], [-144.85392381378034, 62.856161596602576]]}, "properties": {"source": "6810145", "target": "6810283"}}, {"type": "Feature", "geometry": {"type": "LineString", "coordinates": [[-144.81160584647938, 62.84668142605382], [-144.85392381378034, 62.856161596602576]]}, "properties": {"source": "6808954", "target": "6810283"}}, {"type": "Feature", "geometry": {"type": "LineString", "coordinates": [[-144.85029136899732, 62.85798891297482], [-144.82045570398247, 62.85325088952938]]}, "properties": {"source": "2107251", "target": "2107260"}}, {"type": "Feature", "geometry": {"type": "LineString", "coordinates": [[-144.8286337744396, 62.842426956065054], [-144.86523723286237, 62.84788341348401]]}, "properties": {"source": "6810298", "target": "6239211"}}, {"type": "Feature", "geometry": {"type": "LineString", "coordinates": [[-144.8286337744396, 62.842426956065054], [-144.85706571690096, 62.8406666665838]]}, "properties": {"source": "6810298", "target": "6810201"}}, {"type": "Feature", "geometry": {"type": "LineString", "coordinates": [[-144.8286337744396, 62.842426956065054], [-144.81343631084755, 62.85660029792773]]}, "properties": {"source": "6810298", "target": "6810276"}}, {"type": "Feature", "geometry": {"type": "LineString", "coordinates": [[-144.8286337744396, 62.842426956065054], [-144.83974160118572, 62.85142716907113]]}, "properties": {"source": "6810298", "target": "6809913"}}, {"type": "Feature", "geometry": {"type": "LineString", "coordinates": [[-144.8286337744396, 62.842426956065054], [-144.80931453738577, 62.85030632586529]]}, "properties": {"source": "6810298", "target": "6809886"}}, {"type": "Feature", "geometry": {"type": "LineString", "coordinates": [[-144.8286337744396, 62.842426956065054], [-144.81816736759433, 62.84093914042049]]}, "properties": {"source": "6810298", "target": "6810269"}}, {"type": "Feature", "geometry": {"type": "LineString", "coordinates": [[-144.8286337744396, 62.842426956065054], [-144.80489257983314, 62.853513770293944]]}, "properties": {"source": "6810298", "target": "6810249"}}, {"type": "Feature", "geometry": {"type": "LineString", "coordinates": [[-144.8286337744396, 62.842426956065054], [-144.82426656210657, 62.84818803562126]]}, "properties": {"source": "6810298", "target": "7075431"}}, {"type": "Feature", "geometry": {"type": "LineString", "coordinates": [[-144.8286337744396, 62.842426956065054], [-144.80743089982775, 62.853691822591685]]}, "properties": {"source": "6810298", "target": "8931943"}}, {"type": "Feature", "geometry": {"type": "LineString", "coordinates": [[-144.81730632113675, 62.860185198234944], [-144.84094308835438, 62.85261718808886]]}, "properties": {"source": "3176228", "target": "2116760"}}, {"type": "Feature", "geometry": {"type": "LineString", "coordinates": [[-144.81730632113675, 62.860185198234944], [-144.85024303505134, 62.85826040168746]]}, "properties": {"source": "3176228", "target": "3183389"}}, {"type": "Feature", "geometry": {"type": "LineString", "coordinates": [[-144.81730632113675, 62.860185198234944], [-144.84807666987294, 62.86173465632832]]}, "properties": {"source": "3176228", "target": "3160008"}}, {"type": "Feature", "geometry": {"type": "LineString", "coordinates": [[-144.81730632113675, 62.860185198234944], [-144.85521254036877, 62.85446760600895]]}, "properties": {"source": "3176228", "target": "3180314"}}, {"type": "Feature", "geometry": {"type": "LineString", "coordinates": [[-144.81730632113675, 62.860185198234944], [-144.86393312580012, 62.85600643617923]]}, "properties": {"source": "3176228", "target": "2116118"}}, {"type": "Feature", "geometry": {"type": "LineString", "coordinates": [[-144.81730632113675, 62.860185198234944], [-144.83882370559235, 62.85234363306465]]}, "properties": {"source": "3176228", "target": "2853435"}}, {"type": "Feature", "geometry": {"type": "LineString", "coordinates": [[-144.81730632113675, 62.860185198234944], [-144.80990338953742, 62.85073950638636]]}, "properties": {"source": "3176228", "target": "3176195"}}, {"type": "Feature", "geometry": {"type": "LineString", "coordinates": [[-144.84094308835438, 62.85261718808886], [-144.82701968666322, 62.84290019140789]]}, "properties": {"source": "2116760", "target": "2116134"}}, {"type": "Feature", "geometry": {"type": "LineString", "coordinates": [[-144.84094308835438, 62.85261718808886], [-144.84630313661984, 62.842758445567526]]}, "properties": {"source": "2116760", "target": "2116781"}}, {"type": "Feature", "geometry": {"type": "LineString", "coordinates": [[-144.84094308835438, 62.85261718808886], [-144.81466346969847, 62.84534315173131]]}, "properties": {"source": "2116760", "target": "6607394"}}, {"type": "Feature", "geometry": {"type": "LineString", "coordinates": [[-144.84094308835438, 62.85261718808886], [-144.8664883831778, 62.853743324417735]]}, "properties": {"source": "2116760", "target": "1969159"}}, {"type": "Feature", "geometry": {"type": "LineString", "coordinates": [[-144.83750759713922, 62.84986735896341], [-144.86682622848173, 62.85076897041621]]}, "properties": {"source": "6250878", "target": "6809179"}}, {"type": "Feature", "geometry": {"type": "LineString", "coordinates": [[-144.83750759713922, 62.84986735896341], [-144.8373130067128, 62.84609025933274]]}, "properties": {"source": "6250878", "target": "6809105"}}, {"type": "Feature", "geometry": {"type": "LineString", "coordinates": [[-144.83750759713922, 62.84986735896341], [-144.86030974995901, 62.845983137165106]]}, "properties": {"source": "6250878", "target": "6808838"}}, {"type": "Feature", "geometry": {"type": "LineString", "coordinates": [[-144.83750759713922, 62.84986735896341], [-144.86506968971878, 62.859083856635024]]}, "properties": {"source": "6250878", "target": "6288464"}}, {"type": "Feature", "geometry": {"type": "LineString", "coordinates": [[-144.83750759713922, 62.84986735896341], [-144.8176343426807, 62.85229710319071]]}, "properties": {"source": "6250878", "target": "6068567"}}, {"type": "Feature", "geometry": {"type": "LineString", "coordinates": [[-144.83750759713922, 62.84986735896341], [-144.80886979685607, 62.85130475179912]]}, "properties": {"source": "6250878", "target": "6809166"}}, {"type": "Feature", "geometry": {"type": "LineString", "coordinates": [[-144.83750759713922, 62.84986735896341], [-144.86424209676971, 62.84376894889343]]}, "properties": {"source": "6250878", "target": "6250871"}}, {"type": "Feature", "geometry": {"type": "LineString", "coordinates": [[-144.83750759713922, 62.84986735896341], [-144.81160584647938, 62.84668142605382]]}, "properties": {"source": "6250878", "target": "6808954"}}, {"type": "Feature", "geometry": {"type": "LineString", "coordinates": [[-144.83750759713922, 62.84986735896341], [-144.86523723286237, 62.84788341348401]]}, "properties": {"source": "6250878", "target": "6239211"}}, {"type": "Feature", "geometry": {"type": "LineString", "coordinates": [[-144.83750759713922, 62.84986735896341], [-144.84877199841563, 62.85529630195023]]}, "properties": {"source": "6250878", "target": "6808725"}}, {"type": "Feature", "geometry": {"type": "LineString", "coordinates": [[-144.83750759713922, 62.84986735896341], [-144.83339710252346, 62.858910374716444]]}, "properties": {"source": "6250878", "target": "6068564"}}, {"type": "Feature", "geometry": {"type": "LineString", "coordinates": [[-144.83750759713922, 62.84986735896341], [-144.85392381378034, 62.856161596602576]]}, "properties": {"source": "6250878", "target": "6810283"}}, {"type": "Feature", "geometry": {"type": "LineString", "coordinates": [[-144.85024303505134, 62.85826040168746], [-144.82091437030795, 62.85735844281176]]}, "properties": {"source": "3183389", "target": "3159933"}}, {"type": "Feature", "geometry": {"type": "LineString", "coordinates": [[-144.85024303505134, 62.85826040168746], [-144.82233680027176, 62.855772280383846]]}, "properties": {"source": "3183389", "target": "3176162"}}, {"type": "Feature", "geometry": {"type": "LineString", "coordinates": [[-144.85024303505134, 62.85826040168746], [-144.84169976062068, 62.85303512625251]]}, "properties": {"source": "3183389", "target": "2980575"}}, {"type": "Feature", "geometry": {"type": "LineString", "coordinates": [[-144.8530848293209, 62.85981346165637], [-144.83672403597802, 62.850000292441905]]}, "properties": {"source": "6810164", "target": "6810184"}}, {"type": "Feature", "geometry": {"type": "LineString", "coordinates": [[-144.8530848293209, 62.85981346165637], [-144.86682622848173, 62.85076897041621]]}, "properties": {"source": "6810164", "target": "6809179"}}, {"type": "Feature", "geometry": {"type": "LineString", "coordinates": [[-144.81597572119315, 62.85461205388633], [-144.83441657950004, 62.84836220245437]]}, "properties": {"source": "2142729", "target": "2121308"}}, {"type": "Feature", "geometry": {"type": "LineString", "coordinates": [[-144.81597572119315, 62.85461205388633], [-144.86555428106104, 62.845092917270506]]}, "properties": {"source": "2142729", "target": "2121337"}}, {"type": "Feature", "geometry": {"type": "LineString", "coordinates": [[-144.81466346969847, 62.84534315173131], [-144.85561817334624, 62.84688174510481]]}, "properties": {"source": "6607394", "target": "2418905"}}, {"type": "Feature", "geometry": {"type": "LineString", "coordinates": [[-144.83948117722042, 62.85772373815486], [-144.83882370559235, 62.85234363306465]]}, "properties": {"source": "2318317", "target": "2853435"}}, {"type": "Feature", "geometry": {"type": "LineString", "coordinates": [[-144.83948117722042, 62.85772373815486], [-144.86199528976752, 62.846652032152434]]}, "properties": {"source": "2318317", "target": "2573289"}}, {"type": "Feature", "geometry": {"type": "LineString", "coordinates": [[-144.80489257983314, 62.853513770293944], [-144.80743089982775, 62.853691822591685]]}, "properties": {"source": "6810249", "target": "8931943"}}, {"type": "Feature", "geometry": {"type": "LineString", "coordinates": [[-144.84739630148414, 62.8537739220249], [-144.83672403597802, 62.850000292441905]]}, "properties": {"source": "6809893", "target": "6810184"}}, {"type": "Feature", "geometry": {"type": "LineString", "coordinates": [[-144.84739630148414, 62.8537739220249], [-144.81560012543792, 62.84822100195018]]}, "properties": {"source": "6809893", "target": "6810111"}}, {"type": "Feature", "geometry": {"type": "LineString", "coordinates": [[-144.84739630148414, 62.8537739220249], [-144.8286337744396, 62.842426956065054]]}, "properties": {"source": "6809893", "target": "6810298"}}, {"type": "Feature", "geometry": {"type": "LineString", "coordinates": [[-144.8530848293209, 62.85981346165637], [-144.85392381378034, 62.856161596602576]]}, "properties": {"source": "6810164", "target": "6810283"}}, {"type": "Feature", "geometry": {"type": "LineString", "coordinates": [[-144.84739630148414, 62.8537739220249], [-144.85392381378034, 62.856161596602576]]}, "properties": {"source": "6809893", "target": "6810283"}}, {"type": "Feature", "geometry": {"type": "LineString", "coordinates": [[-144.85029136899732, 62.85798891297482], [-144.8096851252921, 62.85894475486192]]}, "properties": {"source": "2107251", "target": "2107272"}}, {"type": "Feature", "geometry": {"type": "LineString", "coordinates": [[-144.85029136899732, 62.85798891297482], [-144.86088421823382, 62.85165721321751]]}, "properties": {"source": "2107251", "target": "2107276"}}, {"type": "Feature", "geometry": {"type": "LineString", "coordinates": [[-144.85029136899732, 62.85798891297482], [-144.83625076443172, 62.85362971014733]]}, "properties": {"source": "2107251", "target": "2107237"}}, {"type": "Feature", "geometry": {"type": "LineString", "coordinates": [[-144.85029136899732, 62.85798891297482], [-144.81763674884695, 62.85336370859365]]}, "properties": {"source": "2107251", "target": "2107232"}}, {"type": "Feature", "geometry": {"type": "LineString", "coordinates": [[-144.85029136899732, 62.85798891297482], [-144.8225585566361, 62.853286712006465]]}, "properties": {"source": "2107251", "target": "2107229"}}, {"type": "Feature", "geometry": {"type": "LineString", "coordinates": [[-144.85029136899732, 62.85798891297482], [-144.8522772284451, 62.85585554831299]]}, "properties": {"source": "2107251", "target": "2107259"}}, {"type": "Feature", "geometry": {"type": "LineString", "coordinates": [[-144.85029136899732, 62.85798891297482], [-144.82902399331326, 62.84798574065694]]}, "properties": {"source": "2107251", "target": "2107208"}}, {"type": "Feature", "geometry": {"type": "LineString", "coordinates": [[-144.85029136899732, 62.85798891297482], [-144.8342921844593, 62.84895156908581]]}, "properties": {"source": "2107251", "target": "2107283"}}, {"type": "Feature", "geometry": {"type": "LineString", "coordinates": [[-144.85029136899732, 62.85798891297482], [-144.85848860431918, 62.853954670928985]]}, "properties": {"source": "2107251", "target": "2107194"}}, {"type": "Feature", "geometry": {"type": "LineString", "coordinates": [[-144.85029136899732, 62.85798891297482], [-144.84468839345453, 62.844677758175564]]}, "properties": {"source": "2107251", "target": "6071361"}}, {"type": "Feature", "geometry": {"type": "LineString", "coordinates": [[-144.85029136899732, 62.85798891297482], [-144.8075697452983, 62.85439373375799]]}, "properties": {"source": "2107251", "target": "2107162"}}, {"type": "Feature", "geometry": {"type": "LineString", "coordinates": [[-144.85029136899732, 62.85798891297482], [-144.83859633117913, 62.84550768600192]]}, "properties": {"source": "2107251", "target": "6071369"}}, {"type": "Feature", "geometry": {"type": "LineString", "coordinates": [[-144.85029136899732, 62.85798891297482], [-144.8433179642066, 62.846594857860964]]}, "properties": {"source": "2107251", "target": "2029577"}}, {"type": "Feature", "geometry": {"type": "LineString", "coordinates": [[-144.80470952166047, 62.84796953951226], [-144.82859335884802, 62.84280126488372]]}, "properties": {"source": "1819676", "target": "2121357"}}, {"type": "Feature", "geometry": {"type": "LineString", "coordinates": [[-144.80470952166047, 62.84796953951226], [-144.82701968666322, 62.84290019140789]]}, "properties": {"source": "1819676", "target": "2116134"}}, {"type": "Feature", "geometry": {"type": "LineString", "coordinates": [[-144.85029136899732, 62.85798891297482], [-144.84178141206277, 62.84214799581876]]}, "properties": {"source": "2107251", "target": "1700270"}}, {"type": "Feature", "geometry": {"type": "LineString", "coordinates": [[-144.83371701195313, 62.858527268668354], [-144.82827288938722, 62.84862311954676]]}, "properties": {"source": "1819674", "target": "936920"}}, {"type": "Feature", "geometry": {"type": "LineString", "coordinates": [[-144.83371701195313, 62.858527268668354], [-144.83769177319576, 62.851717906192775]]}, "properties": {"source": "1819674", "target": "969468"}}, {"type": "Feature", "geometry": {"type": "LineString", "coordinates": [[-144.83371701195313, 62.858527268668354], [-144.8282385748851, 62.84282667717203]]}, "properties": {"source": "1819674", "target": "1373742"}}, {"type": "Feature", "geometry": {"type": "LineString", "coordinates": [[-144.83371701195313, 62.858527268668354], [-144.82039301185392, 62.84982843912128]]}, "properties": {"source": "1819674", "target": "1373732"}}, {"type": "Feature", "geometry": {"type": "LineString", "coordinates": [[-144.83371701195313, 62.858527268668354], [-144.86424320209034, 62.85360258720095]]}, "properties": {"source": "1819674", "target": "13551"}}, {"type": "Feature", "geometry": {"type": "LineString", "coordinates": [[-144.83371701195313, 62.858527268668354], [-144.8521626792092, 62.861281553691754]]}, "properties": {"source": "1819674", "target": "13550"}}, {"type": "Feature", "geometry": {"type": "LineString", "coordinates": [[-144.83711627542453, 62.85273772157724], [-144.8664883831778, 62.853743324417735]]}, "properties": {"source": "2045074", "target": "1969159"}}, {"type": "Feature", "geometry": {"type": "LineString", "coordinates": [[-144.83711627542453, 62.85273772157724], [-144.82018796685554, 62.84375271218872]]}, "properties": {"source": "2045074", "target": "1788611"}}, {"type": "Feature", "geometry": {"type": "LineString", "coordinates": [[-144.80697082790027, 62.85218769404196], [-144.81763674884695, 62.85336370859365]]}, "properties": {"source": "2107204", "target": "2107232"}}, {"type": "Feature", "geometry": {"type": "LineString", "coordinates": [[-144.80697082790027, 62.85218769404196], [-144.82902399331326, 62.84798574065694]]}, "properties": {"source": "2107204", "target": "2107208"}}, {"type": "Feature", "geometry": {"type": "LineString", "coordinates": [[-144.80697082790027, 62.85218769404196], [-144.8342921844593, 62.84895156908581]]}, "properties": {"source": "2107204", "target": "2107283"}}, {"type": "Feature", "geometry": {"type": "LineString", "coordinates": [[-144.80697082790027, 62.85218769404196], [-144.8075697452983, 62.85439373375799]]}, "properties": {"source": "2107204", "target": "2107162"}}, {"type": "Feature", "geometry": {"type": "LineString", "coordinates": [[-144.80697082790027, 62.85218769404196], [-144.84989883349522, 62.854303284226305]]}, "properties": {"source": "2107204", "target": "2092640"}}, {"type": "Feature", "geometry": {"type": "LineString", "coordinates": [[-144.84713363289617, 62.85758157099406], [-144.81367824340435, 62.8585441912911]]}, "properties": {"source": "1819698", "target": "1819910"}}, {"type": "Feature", "geometry": {"type": "LineString", "coordinates": [[-144.84713363289617, 62.85758157099406], [-144.85832501934482, 62.858231847638265]]}, "properties": {"source": "1819698", "target": "1722808"}}, {"type": "Feature", "geometry": {"type": "LineString", "coordinates": [[-144.80697082790027, 62.85218769404196], [-144.82045570398247, 62.85325088952938]]}, "properties": {"source": "2107204", "target": "2107260"}}, {"type": "Feature", "geometry": {"type": "LineString", "coordinates": [[-144.83787267434934, 62.84666868158476], [-144.80841419300884, 62.85629265902604]]}, "properties": {"source": "4624889", "target": "6241563"}}, {"type": "Feature", "geometry": {"type": "LineString", "coordinates": [[-144.85687243426707, 62.84757131028992], [-144.82859335884802, 62.84280126488372]]}, "properties": {"source": "1373736", "target": "2121357"}}, {"type": "Feature", "geometry": {"type": "LineString", "coordinates": [[-144.85687243426707, 62.84757131028992], [-144.82701968666322, 62.84290019140789]]}, "properties": {"source": "1373736", "target": "2116134"}}, {"type": "Feature", "geometry": {"type": "LineString", "coordinates": [[-144.85687243426707, 62.84757131028992], [-144.81624320428926, 62.85955918988262]]}, "properties": {"source": "1373736", "target": "777471"}}, {"type": "Feature", "geometry": {"type": "LineString", "coordinates": [[-144.85687243426707, 62.84757131028992], [-144.8293867911369, 62.85826437553523]]}, "properties": {"source": "1373736", "target": "2116133"}}, {"type": "Feature", "geometry": {"type": "LineString", "coordinates": [[-144.85687243426707, 62.84757131028992], [-144.80470952166047, 62.84796953951226]]}, "properties": {"source": "1373736", "target": "1819676"}}, {"type": "Feature", "geometry": {"type": "LineString", "coordinates": [[-144.84739630148414, 62.8537739220249], [-144.84964937168732, 62.85595495489436]]}, "properties": {"source": "6809893", "target": "6013872"}}, {"type": "Feature", "geometry": {"type": "LineString", "coordinates": [[-144.81729723810946, 62.860908791292346], [-144.8605381339911, 62.85686167539836]]}, "properties": {"source": "1969181", "target": "7360245"}}, {"type": "Feature", "geometry": {"type": "LineString", "coordinates": [[-144.81729723810946, 62.860908791292346], [-144.82701968666322, 62.84290019140789]]}, "properties": {"source": "1969181", "target": "2116134"}}, {"type": "Feature", "geometry": {"type": "LineString", "coordinates": [[-144.81729723810946, 62.860908791292346], [-144.85521254036877, 62.85446760600895]]}, "properties": {"source": "1969181", "target": "3180314"}}, {"type": "Feature", "geometry": {"type": "LineString", "coordinates": [[-144.81729723810946, 62.860908791292346], [-144.80533586632689, 62.85210224577429]]}, "properties": {"source": "1969181", "target": "2116771"}}, {"type": "Feature", "geometry": {"type": "LineString", "coordinates": [[-144.81729723810946, 62.860908791292346], [-144.86393312580012, 62.85600643617923]]}, "properties": {"source": "1969181", "target": "2116118"}}, {"type": "Feature", "geometry": {"type": "LineString", "coordinates": [[-144.81729723810946, 62.860908791292346], [-144.80990338953742, 62.85073950638636]]}, "properties": {"source": "1969181", "target": "3176195"}}, {"type": "Feature", "geometry": {"type": "LineString", "coordinates": [[-144.81729723810946, 62.860908791292346], [-144.85941684061441, 62.86009398365093]]}, "properties": {"source": "1969181", "target": "1948371"}}, {"type": "Feature", "geometry": {"type": "LineString", "coordinates": [[-144.81729723810946, 62.860908791292346], [-144.83711627542453, 62.85273772157724]]}, "properties": {"source": "1969181", "target": "2045074"}}, {"type": "Feature", "geometry": {"type": "LineString", "coordinates": [[-144.81729723810946, 62.860908791292346], [-144.81156094860745, 62.84558153338601]]}, "properties": {"source": "1969181", "target": "2121359"}}, {"type": "Feature", "geometry": {"type": "LineString", "coordinates": [[-144.81729723810946, 62.860908791292346], [-144.83498200702786, 62.84095003491015]]}, "properties": {"source": "1969181", "target": "2655630"}}, {"type": "Feature", "geometry": {"type": "LineString", "coordinates": [[-144.81729723810946, 62.860908791292346], [-144.8246799139161, 62.85542308076279]]}, "properties": {"source": "1969181", "target": "2655389"}}, {"type": "Feature", "geometry": {"type": "LineString", "coordinates": [[-144.81729723810946, 62.860908791292346], [-144.8664883831778, 62.853743324417735]]}, "properties": {"source": "1969181", "target": "1969159"}}, {"type": "Feature", "geometry": {"type": "LineString", "coordinates": [[-144.84468839345453, 62.844677758175564], [-144.85166908620295, 62.84288506828496]]}, "properties": {"source": "6071361", "target": "2107261"}}, {"type": "Feature", "geometry": {"type": "LineString", "coordinates": [[-144.84468839345453, 62.844677758175564], [-144.8096851252921, 62.85894475486192]]}, "properties": {"source": "6071361", "target": "2107272"}}, {"type": "Feature", "geometry": {"type": "LineString", "coordinates": [[-144.81463045048204, 62.8449539431809], [-144.83807026641034, 62.84808319786838]]}, "properties": {"source": "880397", "target": "9484547"}}, {"type": "Feature", "geometry": {"type": "LineString", "coordinates": [[-144.81463045048204, 62.8449539431809], [-144.84932879603565, 62.85643503640867]]}, "properties": {"source": "880397", "target": "880400"}}, {"type": "Feature", "geometry": {"type": "LineString", "coordinates": [[-144.86508528495816, 62.84896741631951], [-144.85559711590514, 62.84131843288682]]}, "properties": {"source": "7043815", "target": "2122299"}}, {"type": "Feature", "geometry": {"type": "LineString", "coordinates": [[-144.84932879603565, 62.85643503640867], [-144.83807026641034, 62.84808319786838]]}, "properties": {"source": "880400", "target": "9484547"}}, {"type": "Feature", "geometry": {"type": "LineString", "coordinates": [[-144.81468199985844, 62.84746286609871], [-144.86199528976752, 62.846652032152434]]}, "properties": {"source": "20801665", "target": "2573289"}}, {"type": "Feature", "geometry": {"type": "LineString", "coordinates": [[-144.81468199985844, 62.84746286609871], [-144.83190204850482, 62.85243709199398]]}, "properties": {"source": "20801665", "target": "6377025"}}, {"type": "Feature", "geometry": {"type": "LineString", "coordinates": [[-144.8467460765297, 62.85572134295818], [-144.82079953207528, 62.84561080956669]]}, "properties": {"source": "3211081", "target": "3321289"}}, {"type": "Feature", "geometry": {"type": "LineString", "coordinates": [[-144.8467460765297, 62.85572134295818], [-144.8635779225477, 62.85118289284978]]}, "properties": {"source": "3211081", "target": "3321279"}}, {"type": "Feature", "geometry": {"type": "LineString", "coordinates": [[-144.81108194379627, 62.85553588298768], [-144.83190204850482, 62.85243709199398]]}, "properties": {"source": "1581346", "target": "6377025"}}, {"type": "Feature", "geometry": {"type": "LineString", "coordinates": [[-144.84468839345453, 62.844677758175564], [-144.82045570398247, 62.85325088952938]]}, "properties": {"source": "6071361", "target": "2107260"}}, {"type": "Feature", "geometry": {"type": "LineString", "coordinates": [[-144.81108194379627, 62.85553588298768], [-144.83214503042154, 62.841829387383484]]}, "properties": {"source": "1581346", "target": "6482740"}}, {"type": "Feature", "geometry": {"type": "LineString", "coordinates": [[-144.80510512402074, 62.84679391968851], [-144.86030974995901, 62.845983137165106]]}, "properties": {"source": "6288445", "target": "6808838"}}, {"type": "Feature", "geometry": {"type": "LineString", "coordinates": [[-144.80510512402074, 62.84679391968851], [-144.83750759713922, 62.84986735896341]]}, "properties": {"source": "6288445", "target": "6250878"}}, {"type": "Feature", "geometry": {"type": "LineString", "coordinates": [[-144.80510512402074, 62.84679391968851], [-144.86506968971878, 62.859083856635024]]}, "properties": {"source": "6288445", "target": "6288464"}}, {"type": "Feature", "geometry": {"type": "LineString", "coordinates": [[-144.80510512402074, 62.84679391968851], [-144.8176343426807, 62.85229710319071]]}, "properties": {"source": "6288445", "target": "6068567"}}, {"type": "Feature", "geometry": {"type": "LineString", "coordinates": [[-144.80510512402074, 62.84679391968851], [-144.80886979685607, 62.85130475179912]]}, "properties": {"source": "6288445", "target": "6809166"}}, {"type": "Feature", "geometry": {"type": "LineString", "coordinates": [[-144.80510512402074, 62.84679391968851], [-144.86424209676971, 62.84376894889343]]}, "properties": {"source": "6288445", "target": "6250871"}}, {"type": "Feature", "geometry": {"type": "LineString", "coordinates": [[-144.80510512402074, 62.84679391968851], [-144.81160584647938, 62.84668142605382]]}, "properties": {"source": "6288445", "target": "6808954"}}, {"type": "Feature", "geometry": {"type": "LineString", "coordinates": [[-144.80510512402074, 62.84679391968851], [-144.86523723286237, 62.84788341348401]]}, "properties": {"source": "6288445", "target": "6239211"}}, {"type": "Feature", "geometry": {"type": "LineString", "coordinates": [[-144.80510512402074, 62.84679391968851], [-144.83974160118572, 62.85142716907113]]}, "properties": {"source": "6288445", "target": "6809913"}}, {"type": "Feature", "geometry": {"type": "LineString", "coordinates": [[-144.80510512402074, 62.84679391968851], [-144.84877199841563, 62.85529630195023]]}, "properties": {"source": "6288445", "target": "6808725"}}, {"type": "Feature", "geometry": {"type": "LineString", "coordinates": [[-144.80510512402074, 62.84679391968851], [-144.83339710252346, 62.858910374716444]]}, "properties": {"source": "6288445", "target": "6068564"}}, {"type": "Feature", "geometry": {"type": "LineString", "coordinates": [[-144.80510512402074, 62.84679391968851], [-144.81047471298479, 62.85463787718044]]}, "properties": {"source": "6288445", "target": "6068572"}}, {"type": "Feature", "geometry": {"type": "LineString", "coordinates": [[-144.80510512402074, 62.84679391968851], [-144.80931453738577, 62.85030632586529]]}, "properties": {"source": "6288445", "target": "6809886"}}, {"type": "Feature", "geometry": {"type": "LineString", "coordinates": [[-144.80510512402074, 62.84679391968851], [-144.81905455431308, 62.8601098975211]]}, "properties": {"source": "6288445", "target": "6068557"}}, {"type": "Feature", "geometry": {"type": "LineString", "coordinates": [[-144.80510512402074, 62.84679391968851], [-144.8187983611763, 62.84445385278161]]}, "properties": {"source": "6288445", "target": "6068550"}}, {"type": "Feature", "geometry": {"type": "LineString", "coordinates": [[-144.80510512402074, 62.84679391968851], [-144.83103671100838, 62.84317056761465]]}, "properties": {"source": "6288445", "target": "601944"}}, {"type": "Feature", "geometry": {"type": "LineString", "coordinates": [[-144.82880554950123, 62.84207858820352], [-144.8662476421105, 62.84530372667949]]}, "properties": {"source": "3176248", "target": "2142719"}}, {"type": "Feature", "geometry": {"type": "LineString", "coordinates": [[-144.82880554950123, 62.84207858820352], [-144.80671426487743, 62.84395641236188]]}, "properties": {"source": "3176248", "target": "2573713"}}, {"type": "Feature", "geometry": {"type": "LineString", "coordinates": [[-144.82880554950123, 62.84207858820352], [-144.8423573806527, 62.84213542815]]}, "properties": {"source": "3176248", "target": "3159982"}}, {"type": "Feature", "geometry": {"type": "LineString", "coordinates": [[-144.82880554950123, 62.84207858820352], [-144.86170325145457, 62.851618777654224]]}, "properties": {"source": "3176248", "target": "2853403"}}, {"type": "Feature", "geometry": {"type": "LineString", "coordinates": [[-144.82880554950123, 62.84207858820352], [-144.83536080042728, 62.846067956472154]]}, "properties": {"source": "3176248", "target": "1609292"}}, {"type": "Feature", "geometry": {"type": "LineString", "coordinates": [[-144.82880554950123, 62.84207858820352], [-144.82512266216872, 62.849450578326625]]}, "properties": {"source": "3176248", "target": "5638572"}}, {"type": "Feature", "geometry": {"type": "LineString", "coordinates": [[-144.82880554950123, 62.84207858820352], [-144.82545143022705, 62.86040564734161]]}, "properties": {"source": "3176248", "target": "1652153"}}, {"type": "Feature", "geometry": {"type": "LineString", "coordinates": [[-144.85136191866962, 62.84395797211731], [-144.8069011501101, 62.85311342516252]]}, "properties": {"source": "2918534", "target": "2322356"}}, {"type": "Feature", "geometry": {"type": "LineString", "coordinates": [[-144.85136191866962, 62.84395797211731], [-144.80590097259744, 62.859548169571696]]}, "properties": {"source": "2918534", "target": "3160511"}}, {"type": "Feature", "geometry": {"type": "LineString", "coordinates": [[-144.85136191866962, 62.84395797211731], [-144.8567243909148, 62.845632714700216]]}, "properties": {"source": "2918534", "target": "2116786"}}, {"type": "Feature", "geometry": {"type": "LineString", "coordinates": [[-144.85136191866962, 62.84395797211731], [-144.83882370559235, 62.85234363306465]]}, "properties": {"source": "2918534", "target": "2853435"}}, {"type": "Feature", "geometry": {"type": "LineString", "coordinates": [[-144.85136191866962, 62.84395797211731], [-144.85905696030835, 62.84240061186355]]}, "properties": {"source": "2918534", "target": "2500418"}}, {"type": "Feature", "geometry": {"type": "LineString", "coordinates": [[-144.85136191866962, 62.84395797211731], [-144.84700345380404, 62.84896982731489]]}, "properties": {"source": "2918534", "target": "2322340"}}, {"type": "Feature", "geometry": {"type": "LineString", "coordinates": [[-144.85136191866962, 62.84395797211731], [-144.85283400407195, 62.84407826946608]]}, "properties": {"source": "2918534", "target": "2918541"}}, {"type": "Feature", "geometry": {"type": "LineString", "coordinates": [[-144.85136191866962, 62.84395797211731], [-144.84749315897812, 62.84871717511231]]}, "properties": {"source": "2918534", "target": "2322359"}}, {"type": "Feature", "geometry": {"type": "LineString", "coordinates": [[-144.82880554950123, 62.84207858820352], [-144.8115942008685, 62.860050119029765]]}, "properties": {"source": "3176248", "target": "2594115"}}, {"type": "Feature", "geometry": {"type": "LineString", "coordinates": [[-144.85687243426707, 62.84757131028992], [-144.83769177319576, 62.851717906192775]]}, "properties": {"source": "1373736", "target": "969468"}}, {"type": "Feature", "geometry": {"type": "LineString", "coordinates": [[-144.85687243426707, 62.84757131028992], [-144.8282385748851, 62.84282667717203]]}, "properties": {"source": "1373736", "target": "1373742"}}, {"type": "Feature", "geometry": {"type": "LineString", "coordinates": [[-144.85687243426707, 62.84757131028992], [-144.82039301185392, 62.84982843912128]]}, "properties": {"source": "1373736", "target": "1373732"}}, {"type": "Feature", "geometry": {"type": "LineString", "coordinates": [[-144.85687243426707, 62.84757131028992], [-144.86424320209034, 62.85360258720095]]}, "properties": {"source": "1373736", "target": "13551"}}, {"type": "Feature", "geometry": {"type": "LineString", "coordinates": [[-144.85687243426707, 62.84757131028992], [-144.8521626792092, 62.861281553691754]]}, "properties": {"source": "1373736", "target": "13550"}}, {"type": "Feature", "geometry": {"type": "LineString", "coordinates": [[-144.85687243426707, 62.84757131028992], [-144.8184109474948, 62.84390850970861]]}, "properties": {"source": "1373736", "target": "13549"}}, {"type": "Feature", "geometry": {"type": "LineString", "coordinates": [[-144.82214611688664, 62.855118193044746], [-144.84713363289617, 62.85758157099406]]}, "properties": {"source": "2959575", "target": "1819698"}}, {"type": "Feature", "geometry": {"type": "LineString", "coordinates": [[-144.82214611688664, 62.855118193044746], [-144.84010779807105, 62.84751838696759]]}, "properties": {"source": "2959575", "target": "1819700"}}, {"type": "Feature", "geometry": {"type": "LineString", "coordinates": [[-144.82214611688664, 62.855118193044746], [-144.8470604042388, 62.854225287834495]]}, "properties": {"source": "2959575", "target": "321719"}}, {"type": "Feature", "geometry": {"type": "LineString", "coordinates": [[-144.82214611688664, 62.855118193044746], [-144.81415807136926, 62.85343989635295]]}, "properties": {"source": "2959575", "target": "21431131"}}, {"type": "Feature", "geometry": {"type": "LineString", "coordinates": [[-144.83971408047665, 62.84763854224687], [-144.81661932280488, 62.847727872659945]]}, "properties": {"source": "5627868", "target": "1718785"}}, {"type": "Feature", "geometry": {"type": "LineString", "coordinates": [[-144.83971408047665, 62.84763854224687], [-144.81862108368432, 62.84537286575059]]}, "properties": {"source": "5627868", "target": "478353"}}, {"type": "Feature", "geometry": {"type": "LineString", "coordinates": [[-144.83971408047665, 62.84763854224687], [-144.80830727141944, 62.84286157964597]]}, "properties": {"source": "5627868", "target": "10132053"}}, {"type": "Feature", "geometry": {"type": "LineString", "coordinates": [[-144.82625315450707, 62.8603310228612], [-144.81493730325423, 62.84090266275497]]}, "properties": {"source": "3275158", "target": "4567024"}}, {"type": "Feature", "geometry": {"type": "LineString", "coordinates": [[-144.8307878098148, 62.85339884828517], [-144.85941684061441, 62.86009398365093]]}, "properties": {"source": "1948372", "target": "1948371"}}, {"type": "Feature", "geometry": {"type": "LineString", "coordinates": [[-144.8307878098148, 62.85339884828517], [-144.80614519524383, 62.85496819645766]]}, "properties": {"source": "1948372", "target": "1695311"}}, {"type": "Feature", "geometry": {"type": "LineString", "coordinates": [[-144.80703829015596, 62.85408760994582], [-144.81466346969847, 62.84534315173131]]}, "properties": {"source": "25053195", "target": "6607394"}}, {"type": "Feature", "geometry": {"type": "LineString", "coordinates": [[-144.80703829015596, 62.85408760994582], [-144.84628291137847, 62.84983549951798]]}, "properties": {"source": "25053195", "target": "8590955"}}, {"type": "Feature", "geometry": {"type": "LineString", "coordinates": [[-144.80703829015596, 62.85408760994582], [-144.81765676239127, 62.85668420020927]]}, "properties": {"source": "25053195", "target": "13556"}}, {"type": "Feature", "geometry": {"type": "LineString", "coordinates": [[-144.80703829015596, 62.85408760994582], [-144.847641746667, 62.860887505019804]]}, "properties": {"source": "25053195", "target": "25417844"}}, {"type": "Feature", "geometry": {"type": "LineString", "coordinates": [[-144.82214611688664, 62.855118193044746], [-144.8446828002605, 62.84738377320642]]}, "properties": {"source": "2959575", "target": "1819699"}}, {"type": "Feature", "geometry": {"type": "LineString", "coordinates": [[-144.84546348377376, 62.85708526489633], [-144.82102243582796, 62.85172874576763]]}, "properties": {"source": "2107292", "target": "2028817"}}, {"type": "Feature", "geometry": {"type": "LineString", "coordinates": [[-144.84546348377376, 62.85708526489633], [-144.84468839345453, 62.844677758175564]]}, "properties": {"source": "2107292", "target": "6071361"}}, {"type": "Feature", "geometry": {"type": "LineString", "coordinates": [[-144.84546348377376, 62.85708526489633], [-144.8075697452983, 62.85439373375799]]}, "properties": {"source": "2107292", "target": "2107162"}}, {"type": "Feature", "geometry": {"type": "LineString", "coordinates": [[-144.84546348377376, 62.85708526489633], [-144.84084280026886, 62.86056701706356]]}, "properties": {"source": "2107292", "target": "1397727"}}, {"type": "Feature", "geometry": {"type": "LineString", "coordinates": [[-144.84546348377376, 62.85708526489633], [-144.83859633117913, 62.84550768600192]]}, "properties": {"source": "2107292", "target": "6071369"}}, {"type": "Feature", "geometry": {"type": "LineString", "coordinates": [[-144.84546348377376, 62.85708526489633], [-144.80555711968384, 62.841141588748954]]}, "properties": {"source": "2107292", "target": "962896"}}, {"type": "Feature", "geometry": {"type": "LineString", "coordinates": [[-144.85166908620295, 62.84288506828496], [-144.8096851252921, 62.85894475486192]]}, "properties": {"source": "2107261", "target": "2107272"}}, {"type": "Feature", "geometry": {"type": "LineString", "coordinates": [[-144.85166908620295, 62.84288506828496], [-144.86088421823382, 62.85165721321751]]}, "properties": {"source": "2107261", "target": "2107276"}}, {"type": "Feature", "geometry": {"type": "LineString", "coordinates": [[-144.85166908620295, 62.84288506828496], [-144.81763674884695, 62.85336370859365]]}, "properties": {"source": "2107261", "target": "2107232"}}, {"type": "Feature", "geometry": {"type": "LineString", "coordinates": [[-144.80703829015596, 62.85408760994582], [-144.8310381256446, 62.856293157320266]]}, "properties": {"source": "25053195", "target": "24947362"}}, {"type": "Feature", "geometry": {"type": "LineString", "coordinates": [[-144.85166908620295, 62.84288506828496], [-144.82045570398247, 62.85325088952938]]}, "properties": {"source": "2107261", "target": "2107260"}}, {"type": "Feature", "geometry": {"type": "LineString", "coordinates": [[-144.81963308871315, 62.84232499080086], [-144.80990338953742, 62.85073950638636]]}, "properties": {"source": "2205402", "target": "3176195"}}, {"type": "Feature", "geometry": {"type": "LineString", "coordinates": [[-144.81963308871315, 62.84232499080086], [-144.83711627542453, 62.85273772157724]]}, "properties": {"source": "2205402", "target": "2045074"}}, {"type": "Feature", "geometry": {"type": "LineString", "coordinates": [[-144.81963308871315, 62.84232499080086], [-144.8549331573907, 62.86105642586395]]}, "properties": {"source": "2205402", "target": "6074357"}}, {"type": "Feature", "geometry": {"type": "LineString", "coordinates": [[-144.86623928459503, 62.848294858538395], [-144.83441657950004, 62.84836220245437]]}, "properties": {"source": "1921348", "target": "2121308"}}, {"type": "Feature", "geometry": {"type": "LineString", "coordinates": [[-144.86623928459503, 62.848294858538395], [-144.82102243582796, 62.85172874576763]]}, "properties": {"source": "1921348", "target": "2028817"}}, {"type": "Feature", "geometry": {"type": "LineString", "coordinates": [[-144.86623928459503, 62.848294858538395], [-144.82667706650363, 62.84704776478375]]}, "properties": {"source": "1921348", "target": "18301"}}, {"type": "Feature", "geometry": {"type": "LineString", "coordinates": [[-144.84628291137847, 62.84983549951798], [-144.81466346969847, 62.84534315173131]]}, "properties": {"source": "8590955", "target": "6607394"}}, {"type": "Feature", "geometry": {"type": "LineString", "coordinates": [[-144.84628291137847, 62.84983549951798], [-144.81803225724497, 62.84835237510572]]}, "properties": {"source": "8590955", "target": "3103015"}}, {"type": "Feature", "geometry": {"type": "LineString", "coordinates": [[-144.84628291137847, 62.84983549951798], [-144.83384829088084, 62.85988255642562]]}, "properties": {"source": "8590955", "target": "6992452"}}, {"type": "Feature", "geometry": {"type": "LineString", "coordinates": [[-144.8423573806527, 62.84213542815], [-144.83787267434934, 62.84666868158476]]}, "properties": {"source": "3159982", "target": "4624889"}}, {"type": "Feature", "geometry": {"type": "LineString", "coordinates": [[-144.8423573806527, 62.84213542815], [-144.80841419300884, 62.85629265902604]]}, "properties": {"source": "3159982", "target": "6241563"}}, {"type": "Feature", "geometry": {"type": "LineString", "coordinates": [[-144.8423573806527, 62.84213542815], [-144.82233680027176, 62.855772280383846]]}, "properties": {"source": "3159982", "target": "3176162"}}, {"type": "Feature", "geometry": {"type": "LineString", "coordinates": [[-144.84331727964798, 62.85823411163268], [-144.81367824340435, 62.8585441912911]]}, "properties": {"source": "1722807", "target": "1819910"}}, {"type": "Feature", "geometry": {"type": "LineString", "coordinates": [[-144.84331727964798, 62.85823411163268], [-144.85832501934482, 62.858231847638265]]}, "properties": {"source": "1722807", "target": "1722808"}}, {"type": "Feature", "geometry": {"type": "LineString", "coordinates": [[-144.84331727964798, 62.85823411163268], [-144.84010779807105, 62.84751838696759]]}, "properties": {"source": "1722807", "target": "1819700"}}, {"type": "Feature", "geometry": {"type": "LineString", "coordinates": [[-144.84628291137847, 62.84983549951798], [-144.8310381256446, 62.856293157320266]]}, "properties": {"source": "8590955", "target": "24947362"}}, {"type": "Feature", "geometry": {"type": "LineString", "coordinates": [[-144.80931453738577, 62.85030632586529], [-144.81343631084755, 62.85660029792773]]}, "properties": {"source": "6809886", "target": "6810276"}}, {"type": "Feature", "geometry": {"type": "LineString", "coordinates": [[-144.80931453738577, 62.85030632586529], [-144.84964937168732, 62.85595495489436]]}, "properties": {"source": "6809886", "target": "6013872"}}, {"type": "Feature", "geometry": {"type": "LineString", "coordinates": [[-144.85941684061441, 62.86009398365093], [-144.84094308835438, 62.85261718808886]]}, "properties": {"source": "1948371", "target": "2116760"}}, {"type": "Feature", "geometry": {"type": "LineString", "coordinates": [[-144.85941684061441, 62.86009398365093], [-144.86393312580012, 62.85600643617923]]}, "properties": {"source": "1948371", "target": "2116118"}}, {"type": "Feature", "geometry": {"type": "LineString", "coordinates": [[-144.85941684061441, 62.86009398365093], [-144.83498200702786, 62.84095003491015]]}, "properties": {"source": "1948371", "target": "2655630"}}, {"type": "Feature", "geometry": {"type": "LineString", "coordinates": [[-144.85941684061441, 62.86009398365093], [-144.80614519524383, 62.85496819645766]]}, "properties": {"source": "1948371", "target": "1695311"}}, {"type": "Feature", "geometry": {"type": "LineString", "coordinates": [[-144.84905458891365, 62.85862077959651], [-144.8096851252921, 62.85894475486192]]}, "properties": {"source": "2028869", "target": "2107272"}}, {"type": "Feature", "geometry": {"type": "LineString", "coordinates": [[-144.84905458891365, 62.85862077959651], [-144.86088421823382, 62.85165721321751]]}, "properties": {"source": "2028869", "target": "2107276"}}, {"type": "Feature", "geometry": {"type": "LineString", "coordinates": [[-144.84905458891365, 62.85862077959651], [-144.8225585566361, 62.853286712006465]]}, "properties": {"source": "2028869", "target": "2107229"}}, {"type": "Feature", "geometry": {"type": "LineString", "coordinates": [[-144.84905458891365, 62.85862077959651], [-144.8522772284451, 62.85585554831299]]}, "properties": {"source": "2028869", "target": "2107259"}}, {"type": "Feature", "geometry": {"type": "LineString", "coordinates": [[-144.84905458891365, 62.85862077959651], [-144.8342921844593, 62.84895156908581]]}, "properties": {"source": "2028869", "target": "2107283"}}, {"type": "Feature", "geometry": {"type": "LineString", "coordinates": [[-144.84905458891365, 62.85862077959651], [-144.8075697452983, 62.85439373375799]]}, "properties": {"source": "2028869", "target": "2107162"}}, {"type": "Feature", "geometry": {"type": "LineString", "coordinates": [[-144.84905458891365, 62.85862077959651], [-144.8433179642066, 62.846594857860964]]}, "properties": {"source": "2028869", "target": "2029577"}}, {"type": "Feature", "geometry": {"type": "LineString", "coordinates": [[-144.85035169988288, 62.84170131841334], [-144.85521254036877, 62.85446760600895]]}, "properties": {"source": "6074452", "target": "3180314"}}, {"type": "Feature", "geometry": {"type": "LineString", "coordinates": [[-144.85035169988288, 62.84170131841334], [-144.81963308871315, 62.84232499080086]]}, "properties": {"source": "6074452", "target": "2205402"}}, {"type": "Feature", "geometry": {"type": "LineString", "coordinates": [[-144.84905458891365, 62.85862077959651], [-144.82045570398247, 62.85325088952938]]}, "properties": {"source": "2028869", "target": "2107260"}}, {"type": "Feature", "geometry": {"type": "LineString", "coordinates": [[-144.85035169988288, 62.84170131841334], [-144.80841419300884, 62.85629265902604]]}, "properties": {"source": "6074452", "target": "6241563"}}, {"type": "Feature", "geometry": {"type": "LineString", "coordinates": [[-144.85035169988288, 62.84170131841334], [-144.8549331573907, 62.86105642586395]]}, "properties": {"source": "6074452", "target": "6074357"}}, {"type": "Feature", "geometry": {"type": "LineString", "coordinates": [[-144.85035169988288, 62.84170131841334], [-144.81106824245788, 62.853865695945714]]}, "properties": {"source": "6074452", "target": "5983742"}}, {"type": "Feature", "geometry": {"type": "LineString", "coordinates": [[-144.85035169988288, 62.84170131841334], [-144.86187468696872, 62.847421916472356]]}, "properties": {"source": "6074452", "target": "544899"}}, {"type": "Feature", "geometry": {"type": "LineString", "coordinates": [[-144.85035169988288, 62.84170131841334], [-144.8451342187239, 62.84817837835439]]}, "properties": {"source": "6074452", "target": "551083"}}, {"type": "Feature", "geometry": {"type": "LineString", "coordinates": [[-144.83976591822938, 62.84634950202502], [-144.8602694064939, 62.85866505268615]]}, "properties": {"source": "2393172", "target": "2035758"}}, {"type": "Feature", "geometry": {"type": "LineString", "coordinates": [[-144.83976591822938, 62.84634950202502], [-144.86496548866424, 62.85720122684555]]}, "properties": {"source": "2393172", "target": "2121330"}}, {"type": "Feature", "geometry": {"type": "LineString", "coordinates": [[-144.83976591822938, 62.84634950202502], [-144.85101881405149, 62.85380941054106]]}, "properties": {"source": "2393172", "target": "2121361"}}, {"type": "Feature", "geometry": {"type": "LineString", "coordinates": [[-144.83976591822938, 62.84634950202502], [-144.80778093080198, 62.86034879325605]]}, "properties": {"source": "2393172", "target": "2142586"}}, {"type": "Feature", "geometry": {"type": "LineString", "coordinates": [[-144.83976591822938, 62.84634950202502], [-144.83297387883636, 62.858636561821115]]}, "properties": {"source": "2393172", "target": "382998"}}, {"type": "Feature", "geometry": {"type": "LineString", "coordinates": [[-144.83976591822938, 62.84634950202502], [-144.85721181226089, 62.84844960460812]]}, "properties": {"source": "2393172", "target": "2343143"}}, {"type": "Feature", "geometry": {"type": "LineString", "coordinates": [[-144.83976591822938, 62.84634950202502], [-144.8065368189071, 62.85906478568535]]}, "properties": {"source": "2393172", "target": "3421003"}}, {"type": "Feature", "geometry": {"type": "LineString", "coordinates": [[-144.81318189820004, 62.84912220944615], [-144.83672403597802, 62.850000292441905]]}, "properties": {"source": "6810291", "target": "6810184"}}, {"type": "Feature", "geometry": {"type": "LineString", "coordinates": [[-144.81318189820004, 62.84912220944615], [-144.81560012543792, 62.84822100195018]]}, "properties": {"source": "6810291", "target": "6810111"}}, {"type": "Feature", "geometry": {"type": "LineString", "coordinates": [[-144.84084280026886, 62.86056701706356], [-144.82045570398247, 62.85325088952938]]}, "properties": {"source": "1397727", "target": "2107260"}}, {"type": "Feature", "geometry": {"type": "LineString", "coordinates": [[-144.81318189820004, 62.84912220944615], [-144.85392381378034, 62.856161596602576]]}, "properties": {"source": "6810291", "target": "6810283"}}, {"type": "Feature", "geometry": {"type": "LineString", "coordinates": [[-144.86099312210817, 62.85386012649022], [-144.83408470534957, 62.845131227865664]]}, "properties": {"source": "1885141", "target": "1737929"}}, {"type": "Feature", "geometry": {"type": "LineString", "coordinates": [[-144.86099312210817, 62.85386012649022], [-144.8617037065527, 62.857818035674995]]}, "properties": {"source": "1885141", "target": "1737922"}}, {"type": "Feature", "geometry": {"type": "LineString", "coordinates": [[-144.86099312210817, 62.85386012649022], [-144.84248094088846, 62.8534267398563]]}, "properties": {"source": "1885141", "target": "1007926"}}, {"type": "Feature", "geometry": {"type": "LineString", "coordinates": [[-144.86119187999856, 62.85282376662305], [-144.85024303505134, 62.85826040168746]]}, "properties": {"source": "6239064", "target": "3183389"}}, {"type": "Feature", "geometry": {"type": "LineString", "coordinates": [[-144.86119187999856, 62.85282376662305], [-144.84807666987294, 62.86173465632832]]}, "properties": {"source": "6239064", "target": "3160008"}}, {"type": "Feature", "geometry": {"type": "LineString", "coordinates": [[-144.86119187999856, 62.85282376662305], [-144.86523723286237, 62.84788341348401]]}, "properties": {"source": "6239064", "target": "6239211"}}, {"type": "Feature", "geometry": {"type": "LineString", "coordinates": [[-144.8446828002605, 62.84738377320642], [-144.84331727964798, 62.85823411163268]]}, "properties": {"source": "1819699", "target": "1722807"}}, {"type": "Feature", "geometry": {"type": "LineString", "coordinates": [[-144.8446828002605, 62.84738377320642], [-144.81415807136926, 62.85343989635295]]}, "properties": {"source": "1819699", "target": "21431131"}}, {"type": "Feature", "geometry": {"type": "LineString", "coordinates": [[-144.85905696030835, 62.84240061186355], [-144.83882370559235, 62.85234363306465]]}, "properties": {"source": "2500418", "target": "2853435"}}, {"type": "Feature", "geometry": {"type": "LineString", "coordinates": [[-144.81270622983303, 62.86043896140892], [-144.83672403597802, 62.850000292441905]]}, "properties": {"source": "6810103", "target": "6810184"}}, {"type": "Feature", "geometry": {"type": "LineString", "coordinates": [[-144.81270622983303, 62.86043896140892], [-144.81560012543792, 62.84822100195018]]}, "properties": {"source": "6810103", "target": "6810111"}}, {"type": "Feature", "geometry": {"type": "LineString", "coordinates": [[-144.81270622983303, 62.86043896140892], [-144.8286337744396, 62.842426956065054]]}, "properties": {"source": "6810103", "target": "6810298"}}, {"type": "Feature", "geometry": {"type": "LineString", "coordinates": [[-144.81270622983303, 62.86043896140892], [-144.8668861749665, 62.84105673234413]]}, "properties": {"source": "6810103", "target": "6810229"}}, {"type": "Feature", "geometry": {"type": "LineString", "coordinates": [[-144.81270622983303, 62.86043896140892], [-144.8530848293209, 62.85981346165637]]}, "properties": {"source": "6810103", "target": "6810164"}}, {"type": "Feature", "geometry": {"type": "LineString", "coordinates": [[-144.81270622983303, 62.86043896140892], [-144.85682481531444, 62.84200182852874]]}, "properties": {"source": "6810103", "target": "6810309"}}, {"type": "Feature", "geometry": {"type": "LineString", "coordinates": [[-144.81270622983303, 62.86043896140892], [-144.85392381378034, 62.856161596602576]]}, "properties": {"source": "6810103", "target": "6810283"}}, {"type": "Feature", "geometry": {"type": "LineString", "coordinates": [[-144.85848860431918, 62.853954670928985], [-144.80697082790027, 62.85218769404196]]}, "properties": {"source": "2107194", "target": "2107204"}}, {"type": "Feature", "geometry": {"type": "LineString", "coordinates": [[-144.85848860431918, 62.853954670928985], [-144.82102243582796, 62.85172874576763]]}, "properties": {"source": "2107194", "target": "2028817"}}, {"type": "Feature", "geometry": {"type": "LineString", "coordinates": [[-144.85848860431918, 62.853954670928985], [-144.8075697452983, 62.85439373375799]]}, "properties": {"source": "2107194", "target": "2107162"}}, {"type": "Feature", "geometry": {"type": "LineString", "coordinates": [[-144.85848860431918, 62.853954670928985], [-144.84989883349522, 62.854303284226305]]}, "properties": {"source": "2107194", "target": "2092640"}}, {"type": "Feature", "geometry": {"type": "LineString", "coordinates": [[-144.81816736759433, 62.84093914042049], [-144.83672403597802, 62.850000292441905]]}, "properties": {"source": "6810269", "target": "6810184"}}, {"type": "Feature", "geometry": {"type": "LineString", "coordinates": [[-144.81816736759433, 62.84093914042049], [-144.8530848293209, 62.85981346165637]]}, "properties": {"source": "6810269", "target": "6810164"}}, {"type": "Feature", "geometry": {"type": "LineString", "coordinates": [[-144.81816736759433, 62.84093914042049], [-144.8377932886048, 62.849425351997155]]}, "properties": {"source": "6810269", "target": "6810145"}}, {"type": "Feature", "geometry": {"type": "LineString", "coordinates": [[-144.81816736759433, 62.84093914042049], [-144.81343631084755, 62.85660029792773]]}, "properties": {"source": "6810269", "target": "6810276"}}, {"type": "Feature", "geometry": {"type": "LineString", "coordinates": [[-144.81816736759433, 62.84093914042049], [-144.80489257983314, 62.853513770293944]]}, "properties": {"source": "6810269", "target": "6810249"}}, {"type": "Feature", "geometry": {"type": "LineString", "coordinates": [[-144.81816736759433, 62.84093914042049], [-144.80743089982775, 62.853691822591685]]}, "properties": {"source": "6810269", "target": "8931943"}}, {"type": "Feature", "geometry": {"type": "LineString", "coordinates": [[-144.8246799139161, 62.85542308076279], [-144.82859335884802, 62.84280126488372]]}, "properties": {"source": "2655389", "target": "2121357"}}, {"type": "Feature", "geometry": {"type": "LineString", "coordinates": [[-144.8246799139161, 62.85542308076279], [-144.86682622848173, 62.85076897041621]]}, "properties": {"source": "2655389", "target": "6809179"}}, {"type": "Feature", "geometry": {"type": "LineString", "coordinates": [[-144.8246799139161, 62.85542308076279], [-144.86030974995901, 62.845983137165106]]}, "properties": {"source": "2655389", "target": "6808838"}}, {"type": "Feature", "geometry": {"type": "LineString", "coordinates": [[-144.8246799139161, 62.85542308076279], [-144.86506968971878, 62.859083856635024]]}, "properties": {"source": "2655389", "target": "6288464"}}, {"type": "Feature", "geometry": {"type": "LineString", "coordinates": [[-144.8246799139161, 62.85542308076279], [-144.8176343426807, 62.85229710319071]]}, "properties": {"source": "2655389", "target": "6068567"}}, {"type": "Feature", "geometry": {"type": "LineString", "coordinates": [[-144.81816736759433, 62.84093914042049], [-144.85392381378034, 62.856161596602576]]}, "properties": {"source": "6810269", "target": "6810283"}}, {"type": "Feature", "geometry": {"type": "LineString", "coordinates": [[-144.81318189820004, 62.84912220944615], [-144.8286337744396, 62.842426956065054]]}, "properties": {"source": "6810291", "target": "6810298"}}, {"type": "Feature", "geometry": {"type": "LineString", "coordinates": [[-144.81318189820004, 62.84912220944615], [-144.8668861749665, 62.84105673234413]]}, "properties": {"source": "6810291", "target": "6810229"}}, {"type": "Feature", "geometry": {"type": "LineString", "coordinates": [[-144.81318189820004, 62.84912220944615], [-144.8530848293209, 62.85981346165637]]}, "properties": {"source": "6810291", "target": "6810164"}}, {"type": "Feature", "geometry": {"type": "LineString", "coordinates": [[-144.81318189820004, 62.84912220944615], [-144.80886979685607, 62.85130475179912]]}, "properties": {"source": "6810291", "target": "6809166"}}, {"type": "Feature", "geometry": {"type": "LineString", "coordinates": [[-144.81318189820004, 62.84912220944615], [-144.8377932886048, 62.849425351997155]]}, "properties": {"source": "6810291", "target": "6810145"}}, {"type": "Feature", "geometry": {"type": "LineString", "coordinates": [[-144.81318189820004, 62.84912220944615], [-144.85706571690096, 62.8406666665838]]}, "properties": {"source": "6810291", "target": "6810201"}}, {"type": "Feature", "geometry": {"type": "LineString", "coordinates": [[-144.85331153810503, 62.85998415153493], [-144.80667462665565, 62.85073070083598]]}, "properties": {"source": "3159880", "target": "2242258"}}, {"type": "Feature", "geometry": {"type": "LineString", "coordinates": [[-144.85331153810503, 62.85998415153493], [-144.83536080042728, 62.846067956472154]]}, "properties": {"source": "3159880", "target": "1609292"}}, {"type": "Feature", "geometry": {"type": "LineString", "coordinates": [[-144.85331153810503, 62.85998415153493], [-144.80739829501874, 62.859791763708614]]}, "properties": {"source": "3159880", "target": "3160519"}}, {"type": "Feature", "geometry": {"type": "LineString", "coordinates": [[-144.85331153810503, 62.85998415153493], [-144.82512266216872, 62.849450578326625]]}, "properties": {"source": "3159880", "target": "5638572"}}, {"type": "Feature", "geometry": {"type": "LineString", "coordinates": [[-144.85331153810503, 62.85998415153493], [-144.86600862236853, 62.841742058825275]]}, "properties": {"source": "3159880", "target": "2918506"}}, {"type": "Feature", "geometry": {"type": "LineString", "coordinates": [[-144.85331153810503, 62.85998415153493], [-144.82545143022705, 62.86040564734161]]}, "properties": {"source": "3159880", "target": "1652153"}}, {"type": "Feature", "geometry": {"type": "LineString", "coordinates": [[-144.85331153810503, 62.85998415153493], [-144.84809749584494, 62.854953993190634]]}, "properties": {"source": "3159880", "target": "2740752"}}, {"type": "Feature", "geometry": {"type": "LineString", "coordinates": [[-144.81285051960595, 62.858523794568114], [-144.82859335884802, 62.84280126488372]]}, "properties": {"source": "2147558", "target": "2121357"}}, {"type": "Feature", "geometry": {"type": "LineString", "coordinates": [[-144.81285051960595, 62.858523794568114], [-144.8605381339911, 62.85686167539836]]}, "properties": {"source": "2147558", "target": "7360245"}}, {"type": "Feature", "geometry": {"type": "LineString", "coordinates": [[-144.85331153810503, 62.85998415153493], [-144.8115942008685, 62.860050119029765]]}, "properties": {"source": "3159880", "target": "2594115"}}, {"type": "Feature", "geometry": {"type": "LineString", "coordinates": [[-144.85392381378034, 62.856161596602576], [-144.81343631084755, 62.85660029792773]]}, "properties": {"source": "6810283", "target": "6810276"}}, {"type": "Feature", "geometry": {"type": "LineString", "coordinates": [[-144.85392381378034, 62.856161596602576], [-144.80489257983314, 62.853513770293944]]}, "properties": {"source": "6810283", "target": "6810249"}}, {"type": "Feature", "geometry": {"type": "LineString", "coordinates": [[-144.85392381378034, 62.856161596602576], [-144.80743089982775, 62.853691822591685]]}, "properties": {"source": "6810283", "target": "8931943"}}, {"type": "Feature", "geometry": {"type": "LineString", "coordinates": [[-144.84546348377376, 62.85708526489633], [-144.85166908620295, 62.84288506828496]]}, "properties": {"source": "2107292", "target": "2107261"}}, {"type": "Feature", "geometry": {"type": "LineString", "coordinates": [[-144.84546348377376, 62.85708526489633], [-144.83476374685122, 62.84167945172656]]}, "properties": {"source": "2107292", "target": "2107258"}}, {"type": "Feature", "geometry": {"type": "LineString", "coordinates": [[-144.8602694064939, 62.85866505268615], [-144.83408470534957, 62.845131227865664]]}, "properties": {"source": "2035758", "target": "1737929"}}, {"type": "Feature", "geometry": {"type": "LineString", "coordinates": [[-144.80900449780475, 62.85686405643902], [-144.85941684061441, 62.86009398365093]]}, "properties": {"source": "2141843", "target": "1948371"}}, {"type": "Feature", "geometry": {"type": "LineString", "coordinates": [[-144.80900449780475, 62.85686405643902], [-144.83787267434934, 62.84666868158476]]}, "properties": {"source": "2141843", "target": "4624889"}}, {"type": "Feature", "geometry": {"type": "LineString", "coordinates": [[-144.80900449780475, 62.85686405643902], [-144.8423573806527, 62.84213542815]]}, "properties": {"source": "2141843", "target": "3159982"}}, {"type": "Feature", "geometry": {"type": "LineString", "coordinates": [[-144.80900449780475, 62.85686405643902], [-144.8238532312636, 62.84351952236017]]}, "properties": {"source": "2141843", "target": "1992777"}}, {"type": "Feature", "geometry": {"type": "LineString", "coordinates": [[-144.80900449780475, 62.85686405643902], [-144.80841419300884, 62.85629265902604]]}, "properties": {"source": "2141843", "target": "6241563"}}, {"type": "Feature", "geometry": {"type": "LineString", "coordinates": [[-144.80900449780475, 62.85686405643902], [-144.86555428106104, 62.845092917270506]]}, "properties": {"source": "2141843", "target": "2121337"}}, {"type": "Feature", "geometry": {"type": "LineString", "coordinates": [[-144.83536080042728, 62.846067956472154], [-144.80590097259744, 62.859548169571696]]}, "properties": {"source": "1609292", "target": "3160511"}}, {"type": "Feature", "geometry": {"type": "LineString", "coordinates": [[-144.83536080042728, 62.846067956472154], [-144.84094308835438, 62.85261718808886]]}, "properties": {"source": "1609292", "target": "2116760"}}, {"type": "Feature", "geometry": {"type": "LineString", "coordinates": [[-144.8470604042388, 62.854225287834495], [-144.8446828002605, 62.84738377320642]]}, "properties": {"source": "321719", "target": "1819699"}}, {"type": "Feature", "geometry": {"type": "LineString", "coordinates": [[-144.84546348377376, 62.85708526489633], [-144.82045570398247, 62.85325088952938]]}, "properties": {"source": "2107292", "target": "2107260"}}, {"type": "Feature", "geometry": {"type": "LineString", "coordinates": [[-144.82869143156228, 62.8507388359469], [-144.85905696030835, 62.84240061186355]]}, "properties": {"source": "21640", "target": "2500418"}}, {"type": "Feature", "geometry": {"type": "LineString", "coordinates": [[-144.82869143156228, 62.8507388359469], [-144.8452832807898, 62.852088528768036]]}, "properties": {"source": "21640", "target": "2142715"}}, {"type": "Feature", "geometry": {"type": "LineString", "coordinates": [[-144.8310381256446, 62.856293157320266], [-144.81466346969847, 62.84534315173131]]}, "properties": {"source": "24947362", "target": "6607394"}}, {"type": "Feature", "geometry": {"type": "LineString", "coordinates": [[-144.84178141206277, 62.84214799581876], [-144.85166908620295, 62.84288506828496]]}, "properties": {"source": "1700270", "target": "2107261"}}, {"type": "Feature", "geometry": {"type": "LineString", "coordinates": [[-144.84178141206277, 62.84214799581876], [-144.80697082790027, 62.85218769404196]]}, "properties": {"source": "1700270", "target": "2107204"}}, {"type": "Feature", "geometry": {"type": "LineString", "coordinates": [[-144.84178141206277, 62.84214799581876], [-144.82102243582796, 62.85172874576763]]}, "properties": {"source": "1700270", "target": "2028817"}}, {"type": "Feature", "geometry": {"type": "LineString", "coordinates": [[-144.84950906052984, 62.855641851383965], [-144.82859335884802, 62.84280126488372]]}, "properties": {"source": "2980540", "target": "2121357"}}, {"type": "Feature", "geometry": {"type": "LineString", "coordinates": [[-144.84950906052984, 62.855641851383965], [-144.8605381339911, 62.85686167539836]]}, "properties": {"source": "2980540", "target": "7360245"}}, {"type": "Feature", "geometry": {"type": "LineString", "coordinates": [[-144.84950906052984, 62.855641851383965], [-144.81730632113675, 62.860185198234944]]}, "properties": {"source": "2980540", "target": "3176228"}}, {"type": "Feature", "geometry": {"type": "LineString", "coordinates": [[-144.84950906052984, 62.855641851383965], [-144.85024303505134, 62.85826040168746]]}, "properties": {"source": "2980540", "target": "3183389"}}, {"type": "Feature", "geometry": {"type": "LineString", "coordinates": [[-144.84950906052984, 62.855641851383965], [-144.84807666987294, 62.86173465632832]]}, "properties": {"source": "2980540", "target": "3160008"}}, {"type": "Feature", "geometry": {"type": "LineString", "coordinates": [[-144.84950906052984, 62.855641851383965], [-144.85521254036877, 62.85446760600895]]}, "properties": {"source": "2980540", "target": "3180314"}}, {"type": "Feature", "geometry": {"type": "LineString", "coordinates": [[-144.84950906052984, 62.855641851383965], [-144.81293242959845, 62.86020852020772]]}, "properties": {"source": "2980540", "target": "2116833"}}, {"type": "Feature", "geometry": {"type": "LineString", "coordinates": [[-144.84950906052984, 62.855641851383965], [-144.80990338953742, 62.85073950638636]]}, "properties": {"source": "2980540", "target": "3176195"}}, {"type": "Feature", "geometry": {"type": "LineString", "coordinates": [[-144.84950906052984, 62.855641851383965], [-144.81963308871315, 62.84232499080086]]}, "properties": {"source": "2980540", "target": "2205402"}}, {"type": "Feature", "geometry": {"type": "LineString", "coordinates": [[-144.84950906052984, 62.855641851383965], [-144.81156094860745, 62.84558153338601]]}, "properties": {"source": "2980540", "target": "2121359"}}, {"type": "Feature", "geometry": {"type": "LineString", "coordinates": [[-144.8267593166485, 62.855484539966525], [-144.8578197824633, 62.842855869934084]]}, "properties": {"source": "3559591", "target": "2121483"}}, {"type": "Feature", "geometry": {"type": "LineString", "coordinates": [[-144.8267593166485, 62.855484539966525], [-144.8277349348561, 62.859107889569046]]}, "properties": {"source": "3559591", "target": "2740974"}}, {"type": "Feature", "geometry": {"type": "LineString", "coordinates": [[-144.8267593166485, 62.855484539966525], [-144.81493730325423, 62.84090266275497]]}, "properties": {"source": "3559591", "target": "4567024"}}, {"type": "Feature", "geometry": {"type": "LineString", "coordinates": [[-144.8267593166485, 62.855484539966525], [-144.83331321128182, 62.84922677591608]]}, "properties": {"source": "3559591", "target": "4566982"}}, {"type": "Feature", "geometry": {"type": "LineString", "coordinates": [[-144.8267593166485, 62.855484539966525], [-144.86170325145457, 62.851618777654224]]}, "properties": {"source": "3559591", "target": "2853403"}}, {"type": "Feature", "geometry": {"type": "LineString", "coordinates": [[-144.8267593166485, 62.855484539966525], [-144.83807026641034, 62.84808319786838]]}, "properties": {"source": "3559591", "target": "9484547"}}, {"type": "Feature", "geometry": {"type": "LineString", "coordinates": [[-144.8267593166485, 62.855484539966525], [-144.83536080042728, 62.846067956472154]]}, "properties": {"source": "3559591", "target": "1609292"}}, {"type": "Feature", "geometry": {"type": "LineString", "coordinates": [[-144.8267593166485, 62.855484539966525], [-144.82512266216872, 62.849450578326625]]}, "properties": {"source": "3559591", "target": "5638572"}}, {"type": "Feature", "geometry": {"type": "LineString", "coordinates": [[-144.8267593166485, 62.855484539966525], [-144.84793294554274, 62.8589747353203]]}, "properties": {"source": "3559591", "target": "1115807"}}, {"type": "Feature", "geometry": {"type": "LineString", "coordinates": [[-144.8267593166485, 62.855484539966525], [-144.85703194973757, 62.84688552768512]]}, "properties": {"source": "3559591", "target": "3470630"}}, {"type": "Feature", "geometry": {"type": "LineString", "coordinates": [[-144.8267593166485, 62.855484539966525], [-144.82625315450707, 62.8603310228612]]}, "properties": {"source": "3559591", "target": "3275158"}}, {"type": "Feature", "geometry": {"type": "LineString", "coordinates": [[-144.83625076443172, 62.85362971014733], [-144.85166908620295, 62.84288506828496]]}, "properties": {"source": "2107237", "target": "2107261"}}, {"type": "Feature", "geometry": {"type": "LineString", "coordinates": [[-144.83625076443172, 62.85362971014733], [-144.8096851252921, 62.85894475486192]]}, "properties": {"source": "2107237", "target": "2107272"}}, {"type": "Feature", "geometry": {"type": "LineString", "coordinates": [[-144.83625076443172, 62.85362971014733], [-144.86088421823382, 62.85165721321751]]}, "properties": {"source": "2107237", "target": "2107276"}}, {"type": "Feature", "geometry": {"type": "LineString", "coordinates": [[-144.8267593166485, 62.855484539966525], [-144.8115942008685, 62.860050119029765]]}, "properties": {"source": "3559591", "target": "2594115"}}, {"type": "Feature", "geometry": {"type": "LineString", "coordinates": [[-144.83625076443172, 62.85362971014733], [-144.82045570398247, 62.85325088952938]]}, "properties": {"source": "2107237", "target": "2107260"}}, {"type": "Feature", "geometry": {"type": "LineString", "coordinates": [[-144.82079953207528, 62.84561080956669], [-144.81106824245788, 62.853865695945714]]}, "properties": {"source": "3321289", "target": "5983742"}}, {"type": "Feature", "geometry": {"type": "LineString", "coordinates": [[-144.8586860642789, 62.84688594700705], [-144.82880554950123, 62.84207858820352]]}, "properties": {"source": "3160051", "target": "3176248"}}, {"type": "Feature", "geometry": {"type": "LineString", "coordinates": [[-144.8586860642789, 62.84688594700705], [-144.81730632113675, 62.860185198234944]]}, "properties": {"source": "3160051", "target": "3176228"}}, {"type": "Feature", "geometry": {"type": "LineString", "coordinates": [[-144.8586860642789, 62.84688594700705], [-144.83882370559235, 62.85234363306465]]}, "properties": {"source": "3160051", "target": "2853435"}}, {"type": "Feature", "geometry": {"type": "LineString", "coordinates": [[-144.8586860642789, 62.84688594700705], [-144.84749315897812, 62.84871717511231]]}, "properties": {"source": "3160051", "target": "2322359"}}, {"type": "Feature", "geometry": {"type": "LineString", "coordinates": [[-144.8586860642789, 62.84688594700705], [-144.80739829501874, 62.859791763708614]]}, "properties": {"source": "3160051", "target": "3160519"}}, {"type": "Feature", "geometry": {"type": "LineString", "coordinates": [[-144.8586860642789, 62.84688594700705], [-144.85101881405149, 62.85380941054106]]}, "properties": {"source": "3160051", "target": "2121361"}}, {"type": "Feature", "geometry": {"type": "LineString", "coordinates": [[-144.8586860642789, 62.84688594700705], [-144.82512266216872, 62.849450578326625]]}, "properties": {"source": "3160051", "target": "5638572"}}, {"type": "Feature", "geometry": {"type": "LineString", "coordinates": [[-144.8586860642789, 62.84688594700705], [-144.83264518778265, 62.84995992544975]]}, "properties": {"source": "3160051", "target": "3159790"}}, {"type": "Feature", "geometry": {"type": "LineString", "coordinates": [[-144.85685195965397, 62.84788851858541], [-144.8159047205372, 62.85056676542308]]}, "properties": {"source": "2142710", "target": "2122191"}}, {"type": "Feature", "geometry": {"type": "LineString", "coordinates": [[-144.85685195965397, 62.84788851858541], [-144.8277349348561, 62.859107889569046]]}, "properties": {"source": "2142710", "target": "2740974"}}, {"type": "Feature", "geometry": {"type": "LineString", "coordinates": [[-144.85685195965397, 62.84788851858541], [-144.83441657950004, 62.84836220245437]]}, "properties": {"source": "2142710", "target": "2121308"}}, {"type": "Feature", "geometry": {"type": "LineString", "coordinates": [[-144.85685195965397, 62.84788851858541], [-144.8662476421105, 62.84530372667949]]}, "properties": {"source": "2142710", "target": "2142719"}}, {"type": "Feature", "geometry": {"type": "LineString", "coordinates": [[-144.85685195965397, 62.84788851858541], [-144.80667462665565, 62.85073070083598]]}, "properties": {"source": "2142710", "target": "2242258"}}, {"type": "Feature", "geometry": {"type": "LineString", "coordinates": [[-144.85685195965397, 62.84788851858541], [-144.8602694064939, 62.85866505268615]]}, "properties": {"source": "2142710", "target": "2035758"}}, {"type": "Feature", "geometry": {"type": "LineString", "coordinates": [[-144.85685195965397, 62.84788851858541], [-144.8115942008685, 62.860050119029765]]}, "properties": {"source": "2142710", "target": "2594115"}}, {"type": "Feature", "geometry": {"type": "LineString", "coordinates": [[-144.80667462665565, 62.85073070083598], [-144.8277349348561, 62.859107889569046]]}, "properties": {"source": "2242258", "target": "2740974"}}, {"type": "Feature", "geometry": {"type": "LineString", "coordinates": [[-144.80667462665565, 62.85073070083598], [-144.8662476421105, 62.84530372667949]]}, "properties": {"source": "2242258", "target": "2142719"}}, {"type": "Feature", "geometry": {"type": "LineString", "coordinates": [[-144.82154880198598, 62.848544752298494], [-144.85521254036877, 62.85446760600895]]}, "properties": {"source": "6074414", "target": "3180314"}}, {"type": "Feature", "geometry": {"type": "LineString", "coordinates": [[-144.82154880198598, 62.848544752298494], [-144.81963308871315, 62.84232499080086]]}, "properties": {"source": "6074414", "target": "2205402"}}, {"type": "Feature", "geometry": {"type": "LineString", "coordinates": [[-144.82154880198598, 62.848544752298494], [-144.86414464668673, 62.85182325211079]]}, "properties": {"source": "6074414", "target": "2637386"}}, {"type": "Feature", "geometry": {"type": "LineString", "coordinates": [[-144.85166908620295, 62.84288506828496], [-144.80697082790027, 62.85218769404196]]}, "properties": {"source": "2107261", "target": "2107204"}}, {"type": "Feature", "geometry": {"type": "LineString", "coordinates": [[-144.85166908620295, 62.84288506828496], [-144.83441657950004, 62.84836220245437]]}, "properties": {"source": "2107261", "target": "2121308"}}, {"type": "Feature", "geometry": {"type": "LineString", "coordinates": [[-144.85166908620295, 62.84288506828496], [-144.82102243582796, 62.85172874576763]]}, "properties": {"source": "2107261", "target": "2028817"}}, {"type": "Feature", "geometry": {"type": "LineString", "coordinates": [[-144.85166908620295, 62.84288506828496], [-144.82667706650363, 62.84704776478375]]}, "properties": {"source": "2107261", "target": "18301"}}, {"type": "Feature", "geometry": {"type": "LineString", "coordinates": [[-144.85166908620295, 62.84288506828496], [-144.8075697452983, 62.85439373375799]]}, "properties": {"source": "2107261", "target": "2107162"}}, {"type": "Feature", "geometry": {"type": "LineString", "coordinates": [[-144.8605381339911, 62.85686167539836], [-144.82859335884802, 62.84280126488372]]}, "properties": {"source": "7360245", "target": "2121357"}}, {"type": "Feature", "geometry": {"type": "LineString", "coordinates": [[-144.8605381339911, 62.85686167539836], [-144.82701968666322, 62.84290019140789]]}, "properties": {"source": "7360245", "target": "2116134"}}, {"type": "Feature", "geometry": {"type": "LineString", "coordinates": [[-144.8605381339911, 62.85686167539836], [-144.81730632113675, 62.860185198234944]]}, "properties": {"source": "7360245", "target": "3176228"}}, {"type": "Feature", "geometry": {"type": "LineString", "coordinates": [[-144.8605381339911, 62.85686167539836], [-144.84094308835438, 62.85261718808886]]}, "properties": {"source": "7360245", "target": "2116760"}}, {"type": "Feature", "geometry": {"type": "LineString", "coordinates": [[-144.8605381339911, 62.85686167539836], [-144.85024303505134, 62.85826040168746]]}, "properties": {"source": "7360245", "target": "3183389"}}, {"type": "Feature", "geometry": {"type": "LineString", "coordinates": [[-144.80667462665565, 62.85073070083598], [-144.8115942008685, 62.860050119029765]]}, "properties": {"source": "2242258", "target": "2594115"}}, {"type": "Feature", "geometry": {"type": "LineString", "coordinates": [[-144.85706571690096, 62.8406666665838], [-144.83672403597802, 62.850000292441905]]}, "properties": {"source": "6810201", "target": "6810184"}}, {"type": "Feature", "geometry": {"type": "LineString", "coordinates": [[-144.85706571690096, 62.8406666665838], [-144.86682622848173, 62.85076897041621]]}, "properties": {"source": "6810201", "target": "6809179"}}, {"type": "Feature", "geometry": {"type": "LineString", "coordinates": [[-144.85706571690096, 62.8406666665838], [-144.86030974995901, 62.845983137165106]]}, "properties": {"source": "6810201", "target": "6808838"}}, {"type": "Feature", "geometry": {"type": "LineString", "coordinates": [[-144.85706571690096, 62.8406666665838], [-144.8530848293209, 62.85981346165637]]}, "properties": {"source": "6810201", "target": "6810164"}}, {"type": "Feature", "geometry": {"type": "LineString", "coordinates": [[-144.85706571690096, 62.8406666665838], [-144.86506968971878, 62.859083856635024]]}, "properties": {"source": "6810201", "target": "6288464"}}, {"type": "Feature", "geometry": {"type": "LineString", "coordinates": [[-144.85703194973757, 62.84688552768512], [-144.84809749584494, 62.854953993190634]]}, "properties": {"source": "3470630", "target": "2740752"}}, {"type": "Feature", "geometry": {"type": "LineString", "coordinates": [[-144.85703194973757, 62.84688552768512], [-144.82625315450707, 62.8603310228612]]}, "properties": {"source": "3470630", "target": "3275158"}}, {"type": "Feature", "geometry": {"type": "LineString", "coordinates": [[-144.8549331573907, 62.86105642586395], [-144.85521254036877, 62.85446760600895]]}, "properties": {"source": "6074357", "target": "3180314"}}, {"type": "Feature", "geometry": {"type": "LineString", "coordinates": [[-144.8549331573907, 62.86105642586395], [-144.81106824245788, 62.853865695945714]]}, "properties": {"source": "6074357", "target": "5983742"}}, {"type": "Feature", "geometry": {"type": "LineString", "coordinates": [[-144.82091437030795, 62.85735844281176], [-144.83787267434934, 62.84666868158476]]}, "properties": {"source": "3159933", "target": "4624889"}}, {"type": "Feature", "geometry": {"type": "LineString", "coordinates": [[-144.82091437030795, 62.85735844281176], [-144.84169976062068, 62.85303512625251]]}, "properties": {"source": "3159933", "target": "2980575"}}, {"type": "Feature", "geometry": {"type": "LineString", "coordinates": [[-144.8433179642066, 62.846594857860964], [-144.8522772284451, 62.85585554831299]]}, "properties": {"source": "2029577", "target": "2107259"}}, {"type": "Feature", "geometry": {"type": "LineString", "coordinates": [[-144.8433179642066, 62.846594857860964], [-144.8075697452983, 62.85439373375799]]}, "properties": {"source": "2029577", "target": "2107162"}}, {"type": "Feature", "geometry": {"type": "LineString", "coordinates": [[-144.84989883349522, 62.854303284226305], [-144.81763674884695, 62.85336370859365]]}, "properties": {"source": "2092640", "target": "2107232"}}, {"type": "Feature", "geometry": {"type": "LineString", "coordinates": [[-144.85750410867365, 62.847283406465806], [-144.85521254036877, 62.85446760600895]]}, "properties": {"source": "6261474", "target": "3180314"}}, {"type": "Feature", "geometry": {"type": "LineString", "coordinates": [[-144.85706571690096, 62.8406666665838], [-144.85392381378034, 62.856161596602576]]}, "properties": {"source": "6810201", "target": "6810283"}}, {"type": "Feature", "geometry": {"type": "LineString", "coordinates": [[-144.83339710252346, 62.858910374716444], [-144.8176343426807, 62.85229710319071]]}, "properties": {"source": "6068564", "target": "6068567"}}, {"type": "Feature", "geometry": {"type": "LineString", "coordinates": [[-144.83339710252346, 62.858910374716444], [-144.81047471298479, 62.85463787718044]]}, "properties": {"source": "6068564", "target": "6068572"}}, {"type": "Feature", "geometry": {"type": "LineString", "coordinates": [[-144.83339710252346, 62.858910374716444], [-144.8187983611763, 62.84445385278161]]}, "properties": {"source": "6068564", "target": "6068550"}}, {"type": "Feature", "geometry": {"type": "LineString", "coordinates": [[-144.83339710252346, 62.858910374716444], [-144.84964937168732, 62.85595495489436]]}, "properties": {"source": "6068564", "target": "6013872"}}, {"type": "Feature", "geometry": {"type": "LineString", "coordinates": [[-144.83339710252346, 62.858910374716444], [-144.83572484866664, 62.84580223391518]]}, "properties": {"source": "6068564", "target": "5899920"}}, {"type": "Feature", "geometry": {"type": "LineString", "coordinates": [[-144.8225585566361, 62.853286712006465], [-144.81763674884695, 62.85336370859365]]}, "properties": {"source": "2107229", "target": "2107232"}}, {"type": "Feature", "geometry": {"type": "LineString", "coordinates": [[-144.8225585566361, 62.853286712006465], [-144.8522772284451, 62.85585554831299]]}, "properties": {"source": "2107229", "target": "2107259"}}, {"type": "Feature", "geometry": {"type": "LineString", "coordinates": [[-144.8225585566361, 62.853286712006465], [-144.82902399331326, 62.84798574065694]]}, "properties": {"source": "2107229", "target": "2107208"}}, {"type": "Feature", "geometry": {"type": "LineString", "coordinates": [[-144.8225585566361, 62.853286712006465], [-144.80697082790027, 62.85218769404196]]}, "properties": {"source": "2107229", "target": "2107204"}}, {"type": "Feature", "geometry": {"type": "LineString", "coordinates": [[-144.8225585566361, 62.853286712006465], [-144.85848860431918, 62.853954670928985]]}, "properties": {"source": "2107229", "target": "2107194"}}, {"type": "Feature", "geometry": {"type": "LineString", "coordinates": [[-144.8225585566361, 62.853286712006465], [-144.82102243582796, 62.85172874576763]]}, "properties": {"source": "2107229", "target": "2028817"}}, {"type": "Feature", "geometry": {"type": "LineString", "coordinates": [[-144.8225585566361, 62.853286712006465], [-144.8075697452983, 62.85439373375799]]}, "properties": {"source": "2107229", "target": "2107162"}}, {"type": "Feature", "geometry": {"type": "LineString", "coordinates": [[-144.8225585566361, 62.853286712006465], [-144.8433179642066, 62.846594857860964]]}, "properties": {"source": "2107229", "target": "2029577"}}, {"type": "Feature", "geometry": {"type": "LineString", "coordinates": [[-144.80990338953742, 62.85073950638636], [-144.80590097259744, 62.859548169571696]]}, "properties": {"source": "3176195", "target": "3160511"}}, {"type": "Feature", "geometry": {"type": "LineString", "coordinates": [[-144.80990338953742, 62.85073950638636], [-144.85521254036877, 62.85446760600895]]}, "properties": {"source": "3176195", "target": "3180314"}}, {"type": "Feature", "geometry": {"type": "LineString", "coordinates": [[-144.8225585566361, 62.853286712006465], [-144.82045570398247, 62.85325088952938]]}, "properties": {"source": "2107229", "target": "2107260"}}, {"type": "Feature", "geometry": {"type": "LineString", "coordinates": [[-144.86414464668673, 62.85182325211079], [-144.85521254036877, 62.85446760600895]]}, "properties": {"source": "2637386", "target": "3180314"}}, {"type": "Feature", "geometry": {"type": "LineString", "coordinates": [[-144.86414464668673, 62.85182325211079], [-144.86393312580012, 62.85600643617923]]}, "properties": {"source": "2637386", "target": "2116118"}}, {"type": "Feature", "geometry": {"type": "LineString", "coordinates": [[-144.86414464668673, 62.85182325211079], [-144.84950906052984, 62.855641851383965]]}, "properties": {"source": "2637386", "target": "2980540"}}, {"type": "Feature", "geometry": {"type": "LineString", "coordinates": [[-144.86414464668673, 62.85182325211079], [-144.81963308871315, 62.84232499080086]]}, "properties": {"source": "2637386", "target": "2205402"}}, {"type": "Feature", "geometry": {"type": "LineString", "coordinates": [[-144.86414464668673, 62.85182325211079], [-144.83498200702786, 62.84095003491015]]}, "properties": {"source": "2637386", "target": "2655630"}}, {"type": "Feature", "geometry": {"type": "LineString", "coordinates": [[-144.86414464668673, 62.85182325211079], [-144.8246799139161, 62.85542308076279]]}, "properties": {"source": "2637386", "target": "2655389"}}, {"type": "Feature", "geometry": {"type": "LineString", "coordinates": [[-144.86414464668673, 62.85182325211079], [-144.85035169988288, 62.84170131841334]]}, "properties": {"source": "2637386", "target": "6074452"}}, {"type": "Feature", "geometry": {"type": "LineString", "coordinates": [[-144.86414464668673, 62.85182325211079], [-144.83536080042728, 62.846067956472154]]}, "properties": {"source": "2637386", "target": "1609292"}}, {"type": "Feature", "geometry": {"type": "LineString", "coordinates": [[-144.86414464668673, 62.85182325211079], [-144.8549331573907, 62.86105642586395]]}, "properties": {"source": "2637386", "target": "6074357"}}, {"type": "Feature", "geometry": {"type": "LineString", "coordinates": [[-144.82039301185392, 62.84982843912128], [-144.82701968666322, 62.84290019140789]]}, "properties": {"source": "1373732", "target": "2116134"}}, {"type": "Feature", "geometry": {"type": "LineString", "coordinates": [[-144.82039301185392, 62.84982843912128], [-144.8293867911369, 62.85826437553523]]}, "properties": {"source": "1373732", "target": "2116133"}}, {"type": "Feature", "geometry": {"type": "LineString", "coordinates": [[-144.82039301185392, 62.84982843912128], [-144.85569981599204, 62.842334614143326]]}, "properties": {"source": "1373732", "target": "1373743"}}, {"type": "Feature", "geometry": {"type": "LineString", "coordinates": [[-144.82039301185392, 62.84982843912128], [-144.82827288938722, 62.84862311954676]]}, "properties": {"source": "1373732", "target": "936920"}}, {"type": "Feature", "geometry": {"type": "LineString", "coordinates": [[-144.82039301185392, 62.84982843912128], [-144.83769177319576, 62.851717906192775]]}, "properties": {"source": "1373732", "target": "969468"}}, {"type": "Feature", "geometry": {"type": "LineString", "coordinates": [[-144.82039301185392, 62.84982843912128], [-144.8282385748851, 62.84282667717203]]}, "properties": {"source": "1373732", "target": "1373742"}}, {"type": "Feature", "geometry": {"type": "LineString", "coordinates": [[-144.82039301185392, 62.84982843912128], [-144.86424320209034, 62.85360258720095]]}, "properties": {"source": "1373732", "target": "13551"}}, {"type": "Feature", "geometry": {"type": "LineString", "coordinates": [[-144.8590416703921, 62.85521923649513], [-144.86119187999856, 62.85282376662305]]}, "properties": {"source": "3176229", "target": "6239064"}}, {"type": "Feature", "geometry": {"type": "LineString", "coordinates": [[-144.8590416703921, 62.85521923649513], [-144.83787267434934, 62.84666868158476]]}, "properties": {"source": "3176229", "target": "4624889"}}, {"type": "Feature", "geometry": {"type": "LineString", "coordinates": [[-144.8590416703921, 62.85521923649513], [-144.8662476421105, 62.84530372667949]]}, "properties": {"source": "3176229", "target": "2142719"}}, {"type": "Feature", "geometry": {"type": "LineString", "coordinates": [[-144.8590416703921, 62.85521923649513], [-144.80667462665565, 62.85073070083598]]}, "properties": {"source": "3176229", "target": "2242258"}}, {"type": "Feature", "geometry": {"type": "LineString", "coordinates": [[-144.8590416703921, 62.85521923649513], [-144.8096250023165, 62.850845466692675]]}, "properties": {"source": "3176229", "target": "3180344"}}, {"type": "Feature", "geometry": {"type": "LineString", "coordinates": [[-144.8590416703921, 62.85521923649513], [-144.85606156210355, 62.8599281214711]]}, "properties": {"source": "3176229", "target": "3211020"}}, {"type": "Feature", "geometry": {"type": "LineString", "coordinates": [[-144.8590416703921, 62.85521923649513], [-144.85561817334624, 62.84688174510481]]}, "properties": {"source": "3176229", "target": "2418905"}}, {"type": "Feature", "geometry": {"type": "LineString", "coordinates": [[-144.83735366074478, 62.85218533185434], [-144.82859335884802, 62.84280126488372]]}, "properties": {"source": "2116130", "target": "2121357"}}, {"type": "Feature", "geometry": {"type": "LineString", "coordinates": [[-144.83735366074478, 62.85218533185434], [-144.8605381339911, 62.85686167539836]]}, "properties": {"source": "2116130", "target": "7360245"}}, {"type": "Feature", "geometry": {"type": "LineString", "coordinates": [[-144.83735366074478, 62.85218533185434], [-144.82701968666322, 62.84290019140789]]}, "properties": {"source": "2116130", "target": "2116134"}}, {"type": "Feature", "geometry": {"type": "LineString", "coordinates": [[-144.83735366074478, 62.85218533185434], [-144.84094308835438, 62.85261718808886]]}, "properties": {"source": "2116130", "target": "2116760"}}, {"type": "Feature", "geometry": {"type": "LineString", "coordinates": [[-144.83735366074478, 62.85218533185434], [-144.8293867911369, 62.85826437553523]]}, "properties": {"source": "2116130", "target": "2116133"}}, {"type": "Feature", "geometry": {"type": "LineString", "coordinates": [[-144.83735366074478, 62.85218533185434], [-144.81293242959845, 62.86020852020772]]}, "properties": {"source": "2116130", "target": "2116833"}}, {"type": "Feature", "geometry": {"type": "LineString", "coordinates": [[-144.8590416703921, 62.85521923649513], [-144.8115942008685, 62.860050119029765]]}, "properties": {"source": "3176229", "target": "2594115"}}, {"type": "Feature", "geometry": {"type": "LineString", "coordinates": [[-144.83735366074478, 62.85218533185434], [-144.81285051960595, 62.858523794568114]]}, "properties": {"source": "2116130", "target": "2147558"}}, {"type": "Feature", "geometry": {"type": "LineString", "coordinates": [[-144.83735366074478, 62.85218533185434], [-144.81156094860745, 62.84558153338601]]}, "properties": {"source": "2116130", "target": "2121359"}}, {"type": "Feature", "geometry": {"type": "LineString", "coordinates": [[-144.85405349523296, 62.8593434754939], [-144.8069011501101, 62.85311342516252]]}, "properties": {"source": "2075412", "target": "2322356"}}, {"type": "Feature", "geometry": {"type": "LineString", "coordinates": [[-144.85405349523296, 62.8593434754939], [-144.81963308871315, 62.84232499080086]]}, "properties": {"source": "2075412", "target": "2205402"}}, {"type": "Feature", "geometry": {"type": "LineString", "coordinates": [[-144.85405349523296, 62.8593434754939], [-144.8452832807898, 62.852088528768036]]}, "properties": {"source": "2075412", "target": "2142715"}}, {"type": "Feature", "geometry": {"type": "LineString", "coordinates": [[-144.85405349523296, 62.8593434754939], [-144.86496548866424, 62.85720122684555]]}, "properties": {"source": "2075412", "target": "2121330"}}, {"type": "Feature", "geometry": {"type": "LineString", "coordinates": [[-144.85405349523296, 62.8593434754939], [-144.85222758320253, 62.840861295827736]]}, "properties": {"source": "2075412", "target": "10087606"}}, {"type": "Feature", "geometry": {"type": "LineString", "coordinates": [[-144.85405349523296, 62.8593434754939], [-144.84391845800326, 62.84198021770895]]}, "properties": {"source": "2075412", "target": "1126600"}}, {"type": "Feature", "geometry": {"type": "LineString", "coordinates": [[-144.83053644211682, 62.84710920055542], [-144.86099312210817, 62.85386012649022]]}, "properties": {"source": "1737920", "target": "1885141"}}, {"type": "Feature", "geometry": {"type": "LineString", "coordinates": [[-144.83053644211682, 62.84710920055542], [-144.86623928459503, 62.848294858538395]]}, "properties": {"source": "1737920", "target": "1921348"}}, {"type": "Feature", "geometry": {"type": "LineString", "coordinates": [[-144.83053644211682, 62.84710920055542], [-144.82667706650363, 62.84704776478375]]}, "properties": {"source": "1737920", "target": "18301"}}, {"type": "Feature", "geometry": {"type": "LineString", "coordinates": [[-144.83053644211682, 62.84710920055542], [-144.81661932280488, 62.847727872659945]]}, "properties": {"source": "1737920", "target": "1718785"}}, {"type": "Feature", "geometry": {"type": "LineString", "coordinates": [[-144.83053644211682, 62.84710920055542], [-144.83408470534957, 62.845131227865664]]}, "properties": {"source": "1737920", "target": "1737929"}}, {"type": "Feature", "geometry": {"type": "LineString", "coordinates": [[-144.83053644211682, 62.84710920055542], [-144.81576587467916, 62.86007102343105]]}, "properties": {"source": "1737920", "target": "1721081"}}, {"type": "Feature", "geometry": {"type": "LineString", "coordinates": [[-144.83053644211682, 62.84710920055542], [-144.8617037065527, 62.857818035674995]]}, "properties": {"source": "1737920", "target": "1737922"}}, {"type": "Feature", "geometry": {"type": "LineString", "coordinates": [[-144.80778093080198, 62.86034879325605], [-144.83441657950004, 62.84836220245437]]}, "properties": {"source": "2142586", "target": "2121308"}}, {"type": "Feature", "geometry": {"type": "LineString", "coordinates": [[-144.80778093080198, 62.86034879325605], [-144.81597572119315, 62.85461205388633]]}, "properties": {"source": "2142586", "target": "2142729"}}, {"type": "Feature", "geometry": {"type": "LineString", "coordinates": [[-144.85405349523296, 62.8593434754939], [-144.83042886616676, 62.85940926830844]]}, "properties": {"source": "2075412", "target": "1328163"}}, {"type": "Feature", "geometry": {"type": "LineString", "coordinates": [[-144.81293242959845, 62.86020852020772], [-144.84807666987294, 62.86173465632832]]}, "properties": {"source": "2116833", "target": "3160008"}}, {"type": "Feature", "geometry": {"type": "LineString", "coordinates": [[-144.81293242959845, 62.86020852020772], [-144.8567243909148, 62.845632714700216]]}, "properties": {"source": "2116833", "target": "2116786"}}, {"type": "Feature", "geometry": {"type": "LineString", "coordinates": [[-144.81293242959845, 62.86020852020772], [-144.80533586632689, 62.85210224577429]]}, "properties": {"source": "2116833", "target": "2116771"}}, {"type": "Feature", "geometry": {"type": "LineString", "coordinates": [[-144.81293242959845, 62.86020852020772], [-144.86393312580012, 62.85600643617923]]}, "properties": {"source": "2116833", "target": "2116118"}}, {"type": "Feature", "geometry": {"type": "LineString", "coordinates": [[-144.81293242959845, 62.86020852020772], [-144.84630313661984, 62.842758445567526]]}, "properties": {"source": "2116833", "target": "2116781"}}, {"type": "Feature", "geometry": {"type": "LineString", "coordinates": [[-144.81293242959845, 62.86020852020772], [-144.86119187999856, 62.85282376662305]]}, "properties": {"source": "2116833", "target": "6239064"}}, {"type": "Feature", "geometry": {"type": "LineString", "coordinates": [[-144.81293242959845, 62.86020852020772], [-144.85941684061441, 62.86009398365093]]}, "properties": {"source": "2116833", "target": "1948371"}}, {"type": "Feature", "geometry": {"type": "LineString", "coordinates": [[-144.81293242959845, 62.86020852020772], [-144.85112291807042, 62.84180232872349]]}, "properties": {"source": "2116833", "target": "2115744"}}, {"type": "Feature", "geometry": {"type": "LineString", "coordinates": [[-144.81293242959845, 62.86020852020772], [-144.85222758320253, 62.840861295827736]]}, "properties": {"source": "2116833", "target": "10087606"}}, {"type": "Feature", "geometry": {"type": "LineString", "coordinates": [[-144.80886979685607, 62.85130475179912], [-144.83672403597802, 62.850000292441905]]}, "properties": {"source": "6809166", "target": "6810184"}}, {"type": "Feature", "geometry": {"type": "LineString", "coordinates": [[-144.80886979685607, 62.85130475179912], [-144.86682622848173, 62.85076897041621]]}, "properties": {"source": "6809166", "target": "6809179"}}, {"type": "Feature", "geometry": {"type": "LineString", "coordinates": [[-144.80886979685607, 62.85130475179912], [-144.81560012543792, 62.84822100195018]]}, "properties": {"source": "6809166", "target": "6810111"}}, {"type": "Feature", "geometry": {"type": "LineString", "coordinates": [[-144.80886979685607, 62.85130475179912], [-144.8373130067128, 62.84609025933274]]}, "properties": {"source": "6809166", "target": "6809105"}}, {"type": "Feature", "geometry": {"type": "LineString", "coordinates": [[-144.80886979685607, 62.85130475179912], [-144.86030974995901, 62.845983137165106]]}, "properties": {"source": "6809166", "target": "6808838"}}, {"type": "Feature", "geometry": {"type": "LineString", "coordinates": [[-144.80886979685607, 62.85130475179912], [-144.8530848293209, 62.85981346165637]]}, "properties": {"source": "6809166", "target": "6810164"}}, {"type": "Feature", "geometry": {"type": "LineString", "coordinates": [[-144.80886979685607, 62.85130475179912], [-144.85392381378034, 62.856161596602576]]}, "properties": {"source": "6809166", "target": "6810283"}}, {"type": "Feature", "geometry": {"type": "LineString", "coordinates": [[-144.84887474191203, 62.85780966440528], [-144.85941684061441, 62.86009398365093]]}, "properties": {"source": "1728138", "target": "1948371"}}, {"type": "Feature", "geometry": {"type": "LineString", "coordinates": [[-144.84887474191203, 62.85780966440528], [-144.80614519524383, 62.85496819645766]]}, "properties": {"source": "1728138", "target": "1695311"}}, {"type": "Feature", "geometry": {"type": "LineString", "coordinates": [[-144.84887474191203, 62.85780966440528], [-144.84379974692317, 62.861335764328416]]}, "properties": {"source": "1728138", "target": "1819884"}}, {"type": "Feature", "geometry": {"type": "LineString", "coordinates": [[-144.84887474191203, 62.85780966440528], [-144.8142675623939, 62.85443315884926]]}, "properties": {"source": "1728138", "target": "1695318"}}, {"type": "Feature", "geometry": {"type": "LineString", "coordinates": [[-144.84887474191203, 62.85780966440528], [-144.8444471998668, 62.85863355678018]]}, "properties": {"source": "1728138", "target": "325675"}}, {"type": "Feature", "geometry": {"type": "LineString", "coordinates": [[-144.84887474191203, 62.85780966440528], [-144.81527339810938, 62.85572416128501]]}, "properties": {"source": "1728138", "target": "14814349"}}, {"type": "Feature", "geometry": {"type": "LineString", "coordinates": [[-144.85606156210355, 62.8599281214711], [-144.85024303505134, 62.85826040168746]]}, "properties": {"source": "3211020", "target": "3183389"}}, {"type": "Feature", "geometry": {"type": "LineString", "coordinates": [[-144.85606156210355, 62.8599281214711], [-144.83787267434934, 62.84666868158476]]}, "properties": {"source": "3211020", "target": "4624889"}}, {"type": "Feature", "geometry": {"type": "LineString", "coordinates": [[-144.85606156210355, 62.8599281214711], [-144.85283400407195, 62.84407826946608]]}, "properties": {"source": "3211020", "target": "2918541"}}, {"type": "Feature", "geometry": {"type": "LineString", "coordinates": [[-144.85606156210355, 62.8599281214711], [-144.8096250023165, 62.850845466692675]]}, "properties": {"source": "3211020", "target": "3180344"}}, {"type": "Feature", "geometry": {"type": "LineString", "coordinates": [[-144.85606156210355, 62.8599281214711], [-144.82091437030795, 62.85735844281176]]}, "properties": {"source": "3211020", "target": "3159933"}}, {"type": "Feature", "geometry": {"type": "LineString", "coordinates": [[-144.83103671100838, 62.84317056761465], [-144.83750759713922, 62.84986735896341]]}, "properties": {"source": "601944", "target": "6250878"}}, {"type": "Feature", "geometry": {"type": "LineString", "coordinates": [[-144.83103671100838, 62.84317056761465], [-144.8176343426807, 62.85229710319071]]}, "properties": {"source": "601944", "target": "6068567"}}, {"type": "Feature", "geometry": {"type": "LineString", "coordinates": [[-144.83103671100838, 62.84317056761465], [-144.86424209676971, 62.84376894889343]]}, "properties": {"source": "601944", "target": "6250871"}}, {"type": "Feature", "geometry": {"type": "LineString", "coordinates": [[-144.83103671100838, 62.84317056761465], [-144.83339710252346, 62.858910374716444]]}, "properties": {"source": "601944", "target": "6068564"}}, {"type": "Feature", "geometry": {"type": "LineString", "coordinates": [[-144.84887474191203, 62.85780966440528], [-144.8433521185669, 62.845315431061806]]}, "properties": {"source": "1728138", "target": "15801508"}}, {"type": "Feature", "geometry": {"type": "LineString", "coordinates": [[-144.83476374685122, 62.84167945172656], [-144.84905458891365, 62.85862077959651]]}, "properties": {"source": "2107258", "target": "2028869"}}, {"type": "Feature", "geometry": {"type": "LineString", "coordinates": [[-144.83476374685122, 62.84167945172656], [-144.84084280026886, 62.86056701706356]]}, "properties": {"source": "2107258", "target": "1397727"}}, {"type": "Feature", "geometry": {"type": "LineString", "coordinates": [[-144.83476374685122, 62.84167945172656], [-144.83859633117913, 62.84550768600192]]}, "properties": {"source": "2107258", "target": "6071369"}}, {"type": "Feature", "geometry": {"type": "LineString", "coordinates": [[-144.83476374685122, 62.84167945172656], [-144.8433179642066, 62.846594857860964]]}, "properties": {"source": "2107258", "target": "2029577"}}, {"type": "Feature", "geometry": {"type": "LineString", "coordinates": [[-144.83476374685122, 62.84167945172656], [-144.84989883349522, 62.854303284226305]]}, "properties": {"source": "2107258", "target": "2092640"}}, {"type": "Feature", "geometry": {"type": "LineString", "coordinates": [[-144.83476374685122, 62.84167945172656], [-144.80555711968384, 62.841141588748954]]}, "properties": {"source": "2107258", "target": "962896"}}, {"type": "Feature", "geometry": {"type": "LineString", "coordinates": [[-144.81560012543792, 62.84822100195018], [-144.83672403597802, 62.850000292441905]]}, "properties": {"source": "6810111", "target": "6810184"}}, {"type": "Feature", "geometry": {"type": "LineString", "coordinates": [[-144.81560012543792, 62.84822100195018], [-144.86682622848173, 62.85076897041621]]}, "properties": {"source": "6810111", "target": "6809179"}}, {"type": "Feature", "geometry": {"type": "LineString", "coordinates": [[-144.81560012543792, 62.84822100195018], [-144.8373130067128, 62.84609025933274]]}, "properties": {"source": "6810111", "target": "6809105"}}, {"type": "Feature", "geometry": {"type": "LineString", "coordinates": [[-144.81560012543792, 62.84822100195018], [-144.86030974995901, 62.845983137165106]]}, "properties": {"source": "6810111", "target": "6808838"}}, {"type": "Feature", "geometry": {"type": "LineString", "coordinates": [[-144.81560012543792, 62.84822100195018], [-144.8530848293209, 62.85981346165637]]}, "properties": {"source": "6810111", "target": "6810164"}}, {"type": "Feature", "geometry": {"type": "LineString", "coordinates": [[-144.81560012543792, 62.84822100195018], [-144.86506968971878, 62.859083856635024]]}, "properties": {"source": "6810111", "target": "6288464"}}, {"type": "Feature", "geometry": {"type": "LineString", "coordinates": [[-144.81560012543792, 62.84822100195018], [-144.8377932886048, 62.849425351997155]]}, "properties": {"source": "6810111", "target": "6810145"}}, {"type": "Feature", "geometry": {"type": "LineString", "coordinates": [[-144.81560012543792, 62.84822100195018], [-144.81160584647938, 62.84668142605382]]}, "properties": {"source": "6810111", "target": "6808954"}}, {"type": "Feature", "geometry": {"type": "LineString", "coordinates": [[-144.81560012543792, 62.84822100195018], [-144.85392381378034, 62.856161596602576]]}, "properties": {"source": "6810111", "target": "6810283"}}, {"type": "Feature", "geometry": {"type": "LineString", "coordinates": [[-144.83476374685122, 62.84167945172656], [-144.84178141206277, 62.84214799581876]]}, "properties": {"source": "2107258", "target": "1700270"}}, {"type": "Feature", "geometry": {"type": "LineString", "coordinates": [[-144.82827288938722, 62.84862311954676], [-144.82859335884802, 62.84280126488372]]}, "properties": {"source": "936920", "target": "2121357"}}, {"type": "Feature", "geometry": {"type": "LineString", "coordinates": [[-144.82827288938722, 62.84862311954676], [-144.85569981599204, 62.842334614143326]]}, "properties": {"source": "936920", "target": "1373743"}}, {"type": "Feature", "geometry": {"type": "LineString", "coordinates": [[-144.82827288938722, 62.84862311954676], [-144.83769177319576, 62.851717906192775]]}, "properties": {"source": "936920", "target": "969468"}}, {"type": "Feature", "geometry": {"type": "LineString", "coordinates": [[-144.82827288938722, 62.84862311954676], [-144.8282385748851, 62.84282667717203]]}, "properties": {"source": "936920", "target": "1373742"}}, {"type": "Feature", "geometry": {"type": "LineString", "coordinates": [[-144.82827288938722, 62.84862311954676], [-144.82458618851248, 62.85485888329872]]}, "properties": {"source": "936920", "target": "7357047"}}, {"type": "Feature", "geometry": {"type": "LineString", "coordinates": [[-144.82827288938722, 62.84862311954676], [-144.86424320209034, 62.85360258720095]]}, "properties": {"source": "936920", "target": "13551"}}, {"type": "Feature", "geometry": {"type": "LineString", "coordinates": [[-144.82827288938722, 62.84862311954676], [-144.84628291137847, 62.84983549951798]]}, "properties": {"source": "936920", "target": "8590955"}}, {"type": "Feature", "geometry": {"type": "LineString", "coordinates": [[-144.82827288938722, 62.84862311954676], [-144.8184109474948, 62.84390850970861]]}, "properties": {"source": "936920", "target": "13549"}}, {"type": "Feature", "geometry": {"type": "LineString", "coordinates": [[-144.8159047205372, 62.85056676542308], [-144.83441657950004, 62.84836220245437]]}, "properties": {"source": "2122191", "target": "2121308"}}, {"type": "Feature", "geometry": {"type": "LineString", "coordinates": [[-144.8159047205372, 62.85056676542308], [-144.8662476421105, 62.84530372667949]]}, "properties": {"source": "2122191", "target": "2142719"}}, {"type": "Feature", "geometry": {"type": "LineString", "coordinates": [[-144.8159047205372, 62.85056676542308], [-144.86555428106104, 62.845092917270506]]}, "properties": {"source": "2122191", "target": "2121337"}}, {"type": "Feature", "geometry": {"type": "LineString", "coordinates": [[-144.8159047205372, 62.85056676542308], [-144.84466698160747, 62.84102629041263]]}, "properties": {"source": "2122191", "target": "6371160"}}, {"type": "Feature", "geometry": {"type": "LineString", "coordinates": [[-144.8159047205372, 62.85056676542308], [-144.82779373901639, 62.85098890219436]]}, "properties": {"source": "2122191", "target": "2113797"}}, {"type": "Feature", "geometry": {"type": "LineString", "coordinates": [[-144.8159047205372, 62.85056676542308], [-144.84248094088846, 62.8534267398563]]}, "properties": {"source": "2122191", "target": "1007926"}}, {"type": "Feature", "geometry": {"type": "LineString", "coordinates": [[-144.82784469823446, 62.85151191798077], [-144.86022831578373, 62.85680094410655]]}, "properties": {"source": "1819908", "target": "178315"}}, {"type": "Feature", "geometry": {"type": "LineString", "coordinates": [[-144.8159047205372, 62.85056676542308], [-144.82045570398247, 62.85325088952938]]}, "properties": {"source": "2122191", "target": "2107260"}}, {"type": "Feature", "geometry": {"type": "LineString", "coordinates": [[-144.83476374685122, 62.84167945172656], [-144.85166908620295, 62.84288506828496]]}, "properties": {"source": "2107258", "target": "2107261"}}, {"type": "Feature", "geometry": {"type": "LineString", "coordinates": [[-144.83476374685122, 62.84167945172656], [-144.8096851252921, 62.85894475486192]]}, "properties": {"source": "2107258", "target": "2107272"}}, {"type": "Feature", "geometry": {"type": "LineString", "coordinates": [[-144.83476374685122, 62.84167945172656], [-144.86088421823382, 62.85165721321751]]}, "properties": {"source": "2107258", "target": "2107276"}}, {"type": "Feature", "geometry": {"type": "LineString", "coordinates": [[-144.83476374685122, 62.84167945172656], [-144.85029136899732, 62.85798891297482]]}, "properties": {"source": "2107258", "target": "2107251"}}, {"type": "Feature", "geometry": {"type": "LineString", "coordinates": [[-144.83476374685122, 62.84167945172656], [-144.83625076443172, 62.85362971014733]]}, "properties": {"source": "2107258", "target": "2107237"}}, {"type": "Feature", "geometry": {"type": "LineString", "coordinates": [[-144.83476374685122, 62.84167945172656], [-144.81763674884695, 62.85336370859365]]}, "properties": {"source": "2107258", "target": "2107232"}}, {"type": "Feature", "geometry": {"type": "LineString", "coordinates": [[-144.83476374685122, 62.84167945172656], [-144.8225585566361, 62.853286712006465]]}, "properties": {"source": "2107258", "target": "2107229"}}, {"type": "Feature", "geometry": {"type": "LineString", "coordinates": [[-144.83476374685122, 62.84167945172656], [-144.8522772284451, 62.85585554831299]]}, "properties": {"source": "2107258", "target": "2107259"}}, {"type": "Feature", "geometry": {"type": "LineString", "coordinates": [[-144.83476374685122, 62.84167945172656], [-144.82902399331326, 62.84798574065694]]}, "properties": {"source": "2107258", "target": "2107208"}}, {"type": "Feature", "geometry": {"type": "LineString", "coordinates": [[-144.83476374685122, 62.84167945172656], [-144.8342921844593, 62.84895156908581]]}, "properties": {"source": "2107258", "target": "2107283"}}, {"type": "Feature", "geometry": {"type": "LineString", "coordinates": [[-144.83476374685122, 62.84167945172656], [-144.80697082790027, 62.85218769404196]]}, "properties": {"source": "2107258", "target": "2107204"}}, {"type": "Feature", "geometry": {"type": "LineString", "coordinates": [[-144.83476374685122, 62.84167945172656], [-144.85848860431918, 62.853954670928985]]}, "properties": {"source": "2107258", "target": "2107194"}}, {"type": "Feature", "geometry": {"type": "LineString", "coordinates": [[-144.83476374685122, 62.84167945172656], [-144.82102243582796, 62.85172874576763]]}, "properties": {"source": "2107258", "target": "2028817"}}, {"type": "Feature", "geometry": {"type": "LineString", "coordinates": [[-144.83476374685122, 62.84167945172656], [-144.84468839345453, 62.844677758175564]]}, "properties": {"source": "2107258", "target": "6071361"}}, {"type": "Feature", "geometry": {"type": "LineString", "coordinates": [[-144.83476374685122, 62.84167945172656], [-144.8075697452983, 62.85439373375799]]}, "properties": {"source": "2107258", "target": "2107162"}}, {"type": "Feature", "geometry": {"type": "LineString", "coordinates": [[-144.83476374685122, 62.84167945172656], [-144.82045570398247, 62.85325088952938]]}, "properties": {"source": "2107258", "target": "2107260"}}, {"type": "Feature", "geometry": {"type": "LineString", "coordinates": [[-144.8368551109081, 62.85061385673551], [-144.82339129350967, 62.86062481183778]]}, "properties": {"source": "2318292", "target": "18316"}}, {"type": "Feature", "geometry": {"type": "LineString", "coordinates": [[-144.8368551109081, 62.85061385673551], [-144.85685195965397, 62.84788851858541]]}, "properties": {"source": "2318292", "target": "2142710"}}, {"type": "Feature", "geometry": {"type": "LineString", "coordinates": [[-144.8368551109081, 62.85061385673551], [-144.8198683440589, 62.857663850645295]]}, "properties": {"source": "2318292", "target": "2053045"}}, {"type": "Feature", "geometry": {"type": "LineString", "coordinates": [[-144.8368551109081, 62.85061385673551], [-144.85134234038128, 62.85167721124684]]}, "properties": {"source": "2318292", "target": "1767738"}}, {"type": "Feature", "geometry": {"type": "LineString", "coordinates": [[-144.8368551109081, 62.85061385673551], [-144.82869143156228, 62.8507388359469]]}, "properties": {"source": "2318292", "target": "21640"}}, {"type": "Feature", "geometry": {"type": "LineString", "coordinates": [[-144.8368551109081, 62.85061385673551], [-144.8240628111367, 62.8520948927209]]}, "properties": {"source": "2318292", "target": "2239950"}}, {"type": "Feature", "geometry": {"type": "LineString", "coordinates": [[-144.86030974995901, 62.845983137165106], [-144.83672403597802, 62.850000292441905]]}, "properties": {"source": "6808838", "target": "6810184"}}, {"type": "Feature", "geometry": {"type": "LineString", "coordinates": [[-144.86030974995901, 62.845983137165106], [-144.86682622848173, 62.85076897041621]]}, "properties": {"source": "6808838", "target": "6809179"}}, {"type": "Feature", "geometry": {"type": "LineString", "coordinates": [[-144.86030974995901, 62.845983137165106], [-144.8530848293209, 62.85981346165637]]}, "properties": {"source": "6808838", "target": "6810164"}}, {"type": "Feature", "geometry": {"type": "LineString", "coordinates": [[-144.86030974995901, 62.845983137165106], [-144.86506968971878, 62.859083856635024]]}, "properties": {"source": "6808838", "target": "6288464"}}, {"type": "Feature", "geometry": {"type": "LineString", "coordinates": [[-144.86030974995901, 62.845983137165106], [-144.8176343426807, 62.85229710319071]]}, "properties": {"source": "6808838", "target": "6068567"}}, {"type": "Feature", "geometry": {"type": "LineString", "coordinates": [[-144.86030974995901, 62.845983137165106], [-144.81160584647938, 62.84668142605382]]}, "properties": {"source": "6808838", "target": "6808954"}}, {"type": "Feature", "geometry": {"type": "LineString", "coordinates": [[-144.86030974995901, 62.845983137165106], [-144.81047471298479, 62.85463787718044]]}, "properties": {"source": "6808838", "target": "6068572"}}, {"type": "Feature", "geometry": {"type": "LineString", "coordinates": [[-144.86030974995901, 62.845983137165106], [-144.83498200702786, 62.84095003491015]]}, "properties": {"source": "6808838", "target": "2655630"}}, {"type": "Feature", "geometry": {"type": "LineString", "coordinates": [[-144.86030974995901, 62.845983137165106], [-144.8187983611763, 62.84445385278161]]}, "properties": {"source": "6808838", "target": "6068550"}}, {"type": "Feature", "geometry": {"type": "LineString", "coordinates": [[-144.86030974995901, 62.845983137165106], [-144.85392381378034, 62.856161596602576]]}, "properties": {"source": "6808838", "target": "6810283"}}, {"type": "Feature", "geometry": {"type": "LineString", "coordinates": [[-144.85112291807042, 62.84180232872349], [-144.81367824340435, 62.8585441912911]]}, "properties": {"source": "2115744", "target": "1819910"}}, {"type": "Feature", "geometry": {"type": "LineString", "coordinates": [[-144.85112291807042, 62.84180232872349], [-144.80739829501874, 62.859791763708614]]}, "properties": {"source": "2115744", "target": "3160519"}}, {"type": "Feature", "geometry": {"type": "LineString", "coordinates": [[-144.85112291807042, 62.84180232872349], [-144.82018796685554, 62.84375271218872]]}, "properties": {"source": "2115744", "target": "1788611"}}, {"type": "Feature", "geometry": {"type": "LineString", "coordinates": [[-144.85112291807042, 62.84180232872349], [-144.82339129350967, 62.86062481183778]]}, "properties": {"source": "2115744", "target": "18316"}}, {"type": "Feature", "geometry": {"type": "LineString", "coordinates": [[-144.85112291807042, 62.84180232872349], [-144.8198683440589, 62.857663850645295]]}, "properties": {"source": "2115744", "target": "2053045"}}, {"type": "Feature", "geometry": {"type": "LineString", "coordinates": [[-144.85112291807042, 62.84180232872349], [-144.85134234038128, 62.85167721124684]]}, "properties": {"source": "2115744", "target": "1767738"}}, {"type": "Feature", "geometry": {"type": "LineString", "coordinates": [[-144.8668861749665, 62.84105673234413], [-144.80489257983314, 62.853513770293944]]}, "properties": {"source": "6810229", "target": "6810249"}}, {"type": "Feature", "geometry": {"type": "LineString", "coordinates": [[-144.8668861749665, 62.84105673234413], [-144.82426656210657, 62.84818803562126]]}, "properties": {"source": "6810229", "target": "7075431"}}, {"type": "Feature", "geometry": {"type": "LineString", "coordinates": [[-144.8668861749665, 62.84105673234413], [-144.80743089982775, 62.853691822591685]]}, "properties": {"source": "6810229", "target": "8931943"}}, {"type": "Feature", "geometry": {"type": "LineString", "coordinates": [[-144.85024303505134, 62.85826040168746], [-144.80590097259744, 62.859548169571696]]}, "properties": {"source": "3183389", "target": "3160511"}}, {"type": "Feature", "geometry": {"type": "LineString", "coordinates": [[-144.85024303505134, 62.85826040168746], [-144.84807666987294, 62.86173465632832]]}, "properties": {"source": "3183389", "target": "3160008"}}, {"type": "Feature", "geometry": {"type": "LineString", "coordinates": [[-144.85024303505134, 62.85826040168746], [-144.85521254036877, 62.85446760600895]]}, "properties": {"source": "3183389", "target": "3180314"}}, {"type": "Feature", "geometry": {"type": "LineString", "coordinates": [[-144.85024303505134, 62.85826040168746], [-144.80990338953742, 62.85073950638636]]}, "properties": {"source": "3183389", "target": "3176195"}}, {"type": "Feature", "geometry": {"type": "LineString", "coordinates": [[-144.85024303505134, 62.85826040168746], [-144.83787267434934, 62.84666868158476]]}, "properties": {"source": "3183389", "target": "4624889"}}, {"type": "Feature", "geometry": {"type": "LineString", "coordinates": [[-144.85024303505134, 62.85826040168746], [-144.8664883831778, 62.853743324417735]]}, "properties": {"source": "3183389", "target": "1969159"}}, {"type": "Feature", "geometry": {"type": "LineString", "coordinates": [[-144.85024303505134, 62.85826040168746], [-144.8423573806527, 62.84213542815]]}, "properties": {"source": "3183389", "target": "3159982"}}]}