{"type": "FeatureCollection", "features": [{"type": "Feature", "geometry": {"type": "LineString", "coordinates": [[73.11001714926553, 51.81701601377415], [73.0875339015241, 51.811642794574055]]}, "properties": {"source": "18275915", "target": "10802784"}}, {"type": "Feature", "geometry": {"type": "LineString", "coordinates": [[73.11001714926553, 51.81701601377415], [73.07598000061012, 51.824007529882394]]}, "properties": {"source": "18275915", "target": "16689126"}}, {"type": "Feature", "geometry": {"type": "LineString", "coordinates": [[73.11001714926553, 51.81701601377415], [73.01150932051394, 51.8298671714294]]}, "properties": {"source": "18275915", "target": "16054304"}}, {"type": "Feature", "geometry": {"type": "LineString", "coordinates": [[73.11001714926553, 51.81701601377415], [73.05453716917859, 51.80946563002435]]}, "properties": {"source": "18275915", "target": "11703667"}}, {"type": "Feature", "geometry": {"type": "LineString", "coordinates": [[73.07571374832852, 51.80353320191824], [73.07682656758973, 51.828907809093934]]}, "properties": {"source": "16035763", "target": "18484638"}}, {"type": "Feature", "geometry": {"type": "LineString", "coordinates": [[73.01595319677236, 51.801189273519796], [73.06281323869752, 51.837934428555414]]}, "properties": {"source": "10734125", "target": "18250374"}}, {"type": "Feature", "geometry": {"type": "LineString", "coordinates": [[73.01595319677236, 51.801189273519796], [73.08019195920997, 51.82838011652339]]}, "properties": {"source": "10734125", "target": "15724912"}}, {"type": "Feature", "geometry": {"type": "LineString", "coordinates": [[73.01595319677236, 51.801189273519796], [73.09402627512645, 51.83011787085991]]}, "properties": {"source": "10734125", "target": "15813247"}}, {"type": "Feature", "geometry": {"type": "LineString", "coordinates": [[73.01595319677236, 51.801189273519796], [73.05808925154687, 51.828030219811794]]}, "properties": {"source": "10734125", "target": "23146400"}}, {"type": "Feature", "geometry": {"type": "LineString", "coordinates": [[72.99848410313561, 51.82797036261829], [73.09298844515072, 51.82370086453177]]}, "properties": {"source": "9684996", "target": "9773348"}}, {"type": "Feature", "geometry": {"type": "LineString", "coordinates": [[72.99848410313561, 51.82797036261829], [73.01395305869332, 51.8146358532007]]}, "properties": {"source": "9684996", "target": "99500"}}, {"type": "Feature", "geometry": {"type": "LineString", "coordinates": [[72.99848410313561, 51.82797036261829], [73.02161986975509, 51.813890018874616]]}, "properties": {"source": "9684996", "target": "99523"}}, {"type": "Feature", "geometry": {"type": "LineString", "coordinates": [[72.99848410313561, 51.82797036261829], [73.07340791208449, 51.806360948640986]]}, "properties": {"source": "9684996", "target": "12054357"}}, {"type": "Feature", "geometry": {"type": "LineString", "coordinates": [[72.99848410313561, 51.82797036261829], [73.01684344072046, 51.82251614871947]]}, "properties": {"source": "9684996", "target": "8135296"}}, {"type": "Feature", "geometry": {"type": "LineString", "coordinates": [[72.99848410313561, 51.82797036261829], [73.03526554616744, 51.80500397128549]]}, "properties": {"source": "9684996", "target": "8613443"}}, {"type": "Feature", "geometry": {"type": "LineString", "coordinates": [[72.99848410313561, 51.82797036261829], [73.06282884960186, 51.81500416356948]]}, "properties": {"source": "9684996", "target": "13575314"}}, {"type": "Feature", "geometry": {"type": "LineString", "coordinates": [[73.02303789207258, 51.838034331523374], [73.0863102389167, 51.8234394222802]]}, "properties": {"source": "34418539", "target": "34847787"}}, {"type": "Feature", "geometry": {"type": "LineString", "coordinates": [[73.02303789207258, 51.838034331523374], [73.0902366161404, 51.82331781756291]]}, "properties": {"source": "34418539", "target": "35882763"}}, {"type": "Feature", "geometry": {"type": "LineString", "coordinates": [[73.02303789207258, 51.838034331523374], [73.07496580404677, 51.831317354819674]]}, "properties": {"source": "34418539", "target": "36125570"}}, {"type": "Feature", "geometry": {"type": "LineString", "coordinates": [[73.02303789207258, 51.838034331523374], [73.08671048789154, 51.820956552896575]]}, "properties": {"source": "34418539", "target": "35181991"}}, {"type": "Feature", "geometry": {"type": "LineString", "coordinates": [[73.02303789207258, 51.838034331523374], [73.06622152075133, 51.83363856034478]]}, "properties": {"source": "34418539", "target": "36286400"}}, {"type": "Feature", "geometry": {"type": "LineString", "coordinates": [[73.06376176880116, 51.82001739737608], [73.09350720479708, 51.819546759276236]]}, "properties": {"source": "776302", "target": "7872926"}}, {"type": "Feature", "geometry": {"type": "LineString", "coordinates": [[73.06376176880116, 51.82001739737608], [73.02990926888583, 51.81168699003668]]}, "properties": {"source": "776302", "target": "7302943"}}, {"type": "Feature", "geometry": {"type": "LineString", "coordinates": [[73.03241167982563, 51.82224899208133], [73.09907762327316, 51.808006988970035]]}, "properties": {"source": "19243415", "target": "17312688"}}, {"type": "Feature", "geometry": {"type": "LineString", "coordinates": [[73.03241167982563, 51.82224899208133], [73.07598000061012, 51.824007529882394]]}, "properties": {"source": "19243415", "target": "16689126"}}, {"type": "Feature", "geometry": {"type": "LineString", "coordinates": [[73.03241167982563, 51.82224899208133], [73.01150932051394, 51.8298671714294]]}, "properties": {"source": "19243415", "target": "16054304"}}, {"type": "Feature", "geometry": {"type": "LineString", "coordinates": [[73.04364290127015, 51.81211449651481], [73.0463212721273, 51.8230340415452]]}, "properties": {"source": "19666732", "target": "20909943"}}, {"type": "Feature", "geometry": {"type": "LineString", "coordinates": [[73.04364290127015, 51.81211449651481], [73.03274617135975, 51.831208344322874]]}, "properties": {"source": "19666732", "target": "17906580"}}, {"type": "Feature", "geometry": {"type": "LineString", "coordinates": [[73.04364290127015, 51.81211449651481], [73.05042350364198, 51.82958262915288]]}, "properties": {"source": "19666732", "target": "23156545"}}, {"type": "Feature", "geometry": {"type": "LineString", "coordinates": [[73.04364290127015, 51.81211449651481], [73.07373391973175, 51.836875299405676]]}, "properties": {"source": "19666732", "target": "21459207"}}, {"type": "Feature", "geometry": {"type": "LineString", "coordinates": [[73.04364290127015, 51.81211449651481], [73.08049502462066, 51.80251650229749]]}, "properties": {"source": "19666732", "target": "13561193"}}, {"type": "Feature", "geometry": {"type": "LineString", "coordinates": [[73.04364290127015, 51.81211449651481], [73.10935848496237, 51.80904344133664]]}, "properties": {"source": "19666732", "target": "20739325"}}, {"type": "Feature", "geometry": {"type": "LineString", "coordinates": [[73.04364290127015, 51.81211449651481], [73.08501548253142, 51.81286978876237]]}, "properties": {"source": "19666732", "target": "25542323"}}, {"type": "Feature", "geometry": {"type": "LineString", "coordinates": [[73.04364290127015, 51.81211449651481], [73.05270875604865, 51.83847514767767]]}, "properties": {"source": "19666732", "target": "17382628"}}, {"type": "Feature", "geometry": {"type": "LineString", "coordinates": [[73.04364290127015, 51.81211449651481], [73.05638942822961, 51.82919404336168]]}, "properties": {"source": "19666732", "target": "18758608"}}, {"type": "Feature", "geometry": {"type": "LineString", "coordinates": [[73.04364290127015, 51.81211449651481], [73.11188143458199, 51.808246376930185]]}, "properties": {"source": "19666732", "target": "13416925"}}, {"type": "Feature", "geometry": {"type": "LineString", "coordinates": [[73.0587936694125, 51.81884470995911], [73.0863102389167, 51.8234394222802]]}, "properties": {"source": "28869958", "target": "34847787"}}, {"type": "Feature", "geometry": {"type": "LineString", "coordinates": [[73.0842239398861, 51.79980599573037], [73.05042350364198, 51.82958262915288]]}, "properties": {"source": "13664882", "target": "23156545"}}, {"type": "Feature", "geometry": {"type": "LineString", "coordinates": [[73.0842239398861, 51.79980599573037], [73.04455455128561, 51.80386364211901]]}, "properties": {"source": "13664882", "target": "11194800"}}, {"type": "Feature", "geometry": {"type": "LineString", "coordinates": [[73.0842239398861, 51.79980599573037], [73.11188143458199, 51.808246376930185]]}, "properties": {"source": "13664882", "target": "13416925"}}, {"type": "Feature", "geometry": {"type": "LineString", "coordinates": [[73.10935848496237, 51.80904344133664], [73.0463212721273, 51.8230340415452]]}, "properties": {"source": "20739325", "target": "20909943"}}, {"type": "Feature", "geometry": {"type": "LineString", "coordinates": [[73.10935848496237, 51.80904344133664], [73.03380560390286, 51.818350598236435]]}, "properties": {"source": "20739325", "target": "21825673"}}, {"type": "Feature", "geometry": {"type": "LineString", "coordinates": [[73.10935848496237, 51.80904344133664], [73.05042350364198, 51.82958262915288]]}, "properties": {"source": "20739325", "target": "23156545"}}, {"type": "Feature", "geometry": {"type": "LineString", "coordinates": [[73.09178909162392, 51.8016704344721], [73.04177548243217, 51.83415535007788]]}, "properties": {"source": "232768", "target": "30323481"}}, {"type": "Feature", "geometry": {"type": "LineString", "coordinates": [[73.09178909162392, 51.8016704344721], [73.10011795667762, 51.81900463509788]]}, "properties": {"source": "232768", "target": "27811355"}}, {"type": "Feature", "geometry": {"type": "LineString", "coordinates": [[73.04627109664273, 51.833072587588006], [73.03241167982563, 51.82224899208133]]}, "properties": {"source": "18599540", "target": "19243415"}}, {"type": "Feature", "geometry": {"type": "LineString", "coordinates": [[73.04627109664273, 51.833072587588006], [73.00124729487186, 51.82672550359757]]}, "properties": {"source": "18599540", "target": "27237969"}}, {"type": "Feature", "geometry": {"type": "LineString", "coordinates": [[73.04627109664273, 51.833072587588006], [73.07373391973175, 51.836875299405676]]}, "properties": {"source": "18599540", "target": "21459207"}}, {"type": "Feature", "geometry": {"type": "LineString", "coordinates": [[73.04627109664273, 51.833072587588006], [73.05703856211639, 51.81512902519279]]}, "properties": {"source": "18599540", "target": "19149893"}}, {"type": "Feature", "geometry": {"type": "LineString", "coordinates": [[73.11420214060189, 51.807444304760125], [73.10625879938013, 51.82015538873307]]}, "properties": {"source": "13644795", "target": "9036325"}}, {"type": "Feature", "geometry": {"type": "LineString", "coordinates": [[73.11420214060189, 51.807444304760125], [73.11076196908093, 51.81151807540641]]}, "properties": {"source": "13644795", "target": "34418540"}}, {"type": "Feature", "geometry": {"type": "LineString", "coordinates": [[73.11420214060189, 51.807444304760125], [73.10011795667762, 51.81900463509788]]}, "properties": {"source": "13644795", "target": "27811355"}}, {"type": "Feature", "geometry": {"type": "LineString", "coordinates": [[73.11420214060189, 51.807444304760125], [73.00353776860175, 51.82243460430139]]}, "properties": {"source": "13644795", "target": "16167881"}}, {"type": "Feature", "geometry": {"type": "LineString", "coordinates": [[73.07396761012325, 51.8343003895765], [73.00294198997256, 51.82654478351698]]}, "properties": {"source": "2111583", "target": "30356671"}}, {"type": "Feature", "geometry": {"type": "LineString", "coordinates": [[73.07396761012325, 51.8343003895765], [73.0510793675191, 51.83398606934095]]}, "properties": {"source": "2111583", "target": "24552896"}}, {"type": "Feature", "geometry": {"type": "LineString", "coordinates": [[73.10908647222055, 51.828625007889116], [73.09458576522661, 51.82871789673665]]}, "properties": {"source": "601415", "target": "6607187"}}, {"type": "Feature", "geometry": {"type": "LineString", "coordinates": [[73.10908647222055, 51.828625007889116], [73.07970920428943, 51.826991713706676]]}, "properties": {"source": "601415", "target": "3985498"}}, {"type": "Feature", "geometry": {"type": "LineString", "coordinates": [[73.10908647222055, 51.828625007889116], [73.02990926888583, 51.81168699003668]]}, "properties": {"source": "601415", "target": "7302943"}}, {"type": "Feature", "geometry": {"type": "LineString", "coordinates": [[72.99721913484197, 51.827451577162165], [73.0739208238771, 51.80345288743081]]}, "properties": {"source": "23353730", "target": "19432037"}}, {"type": "Feature", "geometry": {"type": "LineString", "coordinates": [[73.11197703990723, 51.827482045979565], [73.01468730347923, 51.81800763510634]]}, "properties": {"source": "1273387", "target": "13084791"}}, {"type": "Feature", "geometry": {"type": "LineString", "coordinates": [[73.11197703990723, 51.827482045979565], [73.11133223589513, 51.826983571530846]]}, "properties": {"source": "1273387", "target": "13084774"}}, {"type": "Feature", "geometry": {"type": "LineString", "coordinates": [[73.11197703990723, 51.827482045979565], [73.100299285962, 51.80991653359263]]}, "properties": {"source": "1273387", "target": "1124882"}}, {"type": "Feature", "geometry": {"type": "LineString", "coordinates": [[73.04613793804967, 51.810033588278486], [73.02142551279368, 51.81910924182566]]}, "properties": {"source": "28246030", "target": "24330354"}}, {"type": "Feature", "geometry": {"type": "LineString", "coordinates": [[73.04613793804967, 51.810033588278486], [73.02835020756646, 51.832296521047866]]}, "properties": {"source": "28246030", "target": "29069967"}}, {"type": "Feature", "geometry": {"type": "LineString", "coordinates": [[73.04613793804967, 51.810033588278486], [73.09667059619221, 51.80101166059613]]}, "properties": {"source": "28246030", "target": "32074210"}}, {"type": "Feature", "geometry": {"type": "LineString", "coordinates": [[73.10017257819322, 51.8356712498793], [73.09698806125618, 51.813036520978926]]}, "properties": {"source": "1217377", "target": "409799"}}, {"type": "Feature", "geometry": {"type": "LineString", "coordinates": [[73.10017257819322, 51.8356712498793], [73.09458576522661, 51.82871789673665]]}, "properties": {"source": "1217377", "target": "6607187"}}, {"type": "Feature", "geometry": {"type": "LineString", "coordinates": [[73.01611325871033, 51.80371488033883], [72.99763406920093, 51.82702866503065]]}, "properties": {"source": "16007856", "target": "4202513"}}, {"type": "Feature", "geometry": {"type": "LineString", "coordinates": [[73.01611325871033, 51.80371488033883], [73.0937948466347, 51.83818600415654]]}, "properties": {"source": "16007856", "target": "4184400"}}, {"type": "Feature", "geometry": {"type": "LineString", "coordinates": [[73.098674847599, 51.80379478657322], [73.07343447852969, 51.80952141912506]]}, "properties": {"source": "8632531", "target": "15457336"}}, {"type": "Feature", "geometry": {"type": "LineString", "coordinates": [[73.098674847599, 51.80379478657322], [73.08360250731337, 51.80956640520357]]}, "properties": {"source": "8632531", "target": "62359"}}, {"type": "Feature", "geometry": {"type": "LineString", "coordinates": [[73.098674847599, 51.80379478657322], [73.00294950829971, 51.82571797020819]]}, "properties": {"source": "8632531", "target": "58136"}}, {"type": "Feature", "geometry": {"type": "LineString", "coordinates": [[73.098674847599, 51.80379478657322], [73.0142738331763, 51.81674907966041]]}, "properties": {"source": "8632531", "target": "12190325"}}, {"type": "Feature", "geometry": {"type": "LineString", "coordinates": [[73.098674847599, 51.80379478657322], [73.09041661947407, 51.8154963797697]]}, "properties": {"source": "8632531", "target": "6897469"}}, {"type": "Feature", "geometry": {"type": "LineString", "coordinates": [[73.0729226523056, 51.81465959179127], [73.09298844515072, 51.82370086453177]]}, "properties": {"source": "930763", "target": "9773348"}}, {"type": "Feature", "geometry": {"type": "LineString", "coordinates": [[73.0729226523056, 51.81465959179127], [73.0329584130354, 51.827308374064955]]}, "properties": {"source": "930763", "target": "98107"}}, {"type": "Feature", "geometry": {"type": "LineString", "coordinates": [[73.0729226523056, 51.81465959179127], [73.02131575740339, 51.838264031413544]]}, "properties": {"source": "930763", "target": "9498888"}}, {"type": "Feature", "geometry": {"type": "LineString", "coordinates": [[73.0729226523056, 51.81465959179127], [73.03692778897081, 51.80229005749919]]}, "properties": {"source": "930763", "target": "902992"}}, {"type": "Feature", "geometry": {"type": "LineString", "coordinates": [[73.0729226523056, 51.81465959179127], [73.11164010866639, 51.82629272206778]]}, "properties": {"source": "930763", "target": "9198627"}}, {"type": "Feature", "geometry": {"type": "LineString", "coordinates": [[73.0167890436438, 51.8011057084677], [73.09606335917047, 51.83719680068519]]}, "properties": {"source": "34533836", "target": "7935023"}}, {"type": "Feature", "geometry": {"type": "LineString", "coordinates": [[73.0167890436438, 51.8011057084677], [73.05428121644451, 51.8149597151162]]}, "properties": {"source": "34533836", "target": "9528055"}}, {"type": "Feature", "geometry": {"type": "LineString", "coordinates": [[73.0167890436438, 51.8011057084677], [73.01121641401065, 51.835028619087325]]}, "properties": {"source": "34533836", "target": "8181251"}}, {"type": "Feature", "geometry": {"type": "LineString", "coordinates": [[73.0167890436438, 51.8011057084677], [73.05523660869798, 51.83750985686065]]}, "properties": {"source": "34533836", "target": "9734601"}}, {"type": "Feature", "geometry": {"type": "LineString", "coordinates": [[73.0167890436438, 51.8011057084677], [73.06304618235123, 51.800306167395235]]}, "properties": {"source": "34533836", "target": "29755553"}}, {"type": "Feature", "geometry": {"type": "LineString", "coordinates": [[73.02142551279368, 51.81910924182566], [73.00481032825837, 51.83281518890732]]}, "properties": {"source": "24330354", "target": "25364850"}}, {"type": "Feature", "geometry": {"type": "LineString", "coordinates": [[73.00934823131746, 51.811542730165215], [73.00763272504324, 51.805053322946705]]}, "properties": {"source": "32041226", "target": "2535073"}}, {"type": "Feature", "geometry": {"type": "LineString", "coordinates": [[73.00934823131746, 51.811542730165215], [73.05318003757853, 51.83292494042334]]}, "properties": {"source": "32041226", "target": "25017848"}}, {"type": "Feature", "geometry": {"type": "LineString", "coordinates": [[73.06839761177989, 51.80052778303396], [73.0948514260972, 51.814742154146785]]}, "properties": {"source": "8776687", "target": "8504174"}}, {"type": "Feature", "geometry": {"type": "LineString", "coordinates": [[73.06839761177989, 51.80052778303396], [73.05726132531692, 51.83718924305049]]}, "properties": {"source": "8776687", "target": "7430094"}}, {"type": "Feature", "geometry": {"type": "LineString", "coordinates": [[73.06839761177989, 51.80052778303396], [73.07307960047171, 51.79990927165362]]}, "properties": {"source": "8776687", "target": "5536441"}}, {"type": "Feature", "geometry": {"type": "LineString", "coordinates": [[73.098674847599, 51.80379478657322], [73.0220407078063, 51.83254289031247]]}, "properties": {"source": "8632531", "target": "8528796"}}, {"type": "Feature", "geometry": {"type": "LineString", "coordinates": [[73.098674847599, 51.80379478657322], [72.99788797641966, 51.81492096610903]]}, "properties": {"source": "8632531", "target": "11229558"}}, {"type": "Feature", "geometry": {"type": "LineString", "coordinates": [[73.098674847599, 51.80379478657322], [73.0729226523056, 51.81465959179127]]}, "properties": {"source": "8632531", "target": "930763"}}, {"type": "Feature", "geometry": {"type": "LineString", "coordinates": [[73.098674847599, 51.80379478657322], [73.08850764296804, 51.80238001979026]]}, "properties": {"source": "8632531", "target": "6660139"}}, {"type": "Feature", "geometry": {"type": "LineString", "coordinates": [[73.098674847599, 51.80379478657322], [73.0594837504014, 51.80045898395652]]}, "properties": {"source": "8632531", "target": "8535271"}}, {"type": "Feature", "geometry": {"type": "LineString", "coordinates": [[73.098674847599, 51.80379478657322], [73.07358862429783, 51.80871216158836]]}, "properties": {"source": "8632531", "target": "16133125"}}, {"type": "Feature", "geometry": {"type": "LineString", "coordinates": [[73.098674847599, 51.80379478657322], [73.0252356407444, 51.800520596863564]]}, "properties": {"source": "8632531", "target": "1133748"}}, {"type": "Feature", "geometry": {"type": "LineString", "coordinates": [[73.098674847599, 51.80379478657322], [73.03692778897081, 51.80229005749919]]}, "properties": {"source": "8632531", "target": "902992"}}, {"type": "Feature", "geometry": {"type": "LineString", "coordinates": [[73.098674847599, 51.80379478657322], [73.09381491444847, 51.82194862855489]]}, "properties": {"source": "8632531", "target": "12718767"}}, {"type": "Feature", "geometry": {"type": "LineString", "coordinates": [[73.098674847599, 51.80379478657322], [72.99697654739995, 51.80385592273166]]}, "properties": {"source": "8632531", "target": "10321026"}}, {"type": "Feature", "geometry": {"type": "LineString", "coordinates": [[73.098674847599, 51.80379478657322], [73.10039728200547, 51.830932391713276]]}, "properties": {"source": "8632531", "target": "843485"}}, {"type": "Feature", "geometry": {"type": "LineString", "coordinates": [[73.03665269749186, 51.832825878670846], [73.08961324188945, 51.804569030114095]]}, "properties": {"source": "16117911", "target": "99486"}}, {"type": "Feature", "geometry": {"type": "LineString", "coordinates": [[73.03665269749186, 51.832825878670846], [73.08055178085093, 51.80953361619241]]}, "properties": {"source": "16117911", "target": "99499"}}, {"type": "Feature", "geometry": {"type": "LineString", "coordinates": [[73.03665269749186, 51.832825878670846], [73.05921629993534, 51.82443166770574]]}, "properties": {"source": "16117911", "target": "99489"}}, {"type": "Feature", "geometry": {"type": "LineString", "coordinates": [[73.03665269749186, 51.832825878670846], [73.0861205903793, 51.808474170972175]]}, "properties": {"source": "16117911", "target": "1044175"}}, {"type": "Feature", "geometry": {"type": "LineString", "coordinates": [[73.0625775537319, 51.82145615980831], [73.05428121644451, 51.8149597151162]]}, "properties": {"source": "5393858", "target": "9528055"}}, {"type": "Feature", "geometry": {"type": "LineString", "coordinates": [[73.0625775537319, 51.82145615980831], [73.01121641401065, 51.835028619087325]]}, "properties": {"source": "5393858", "target": "8181251"}}, {"type": "Feature", "geometry": {"type": "LineString", "coordinates": [[73.0625775537319, 51.82145615980831], [73.0167890436438, 51.8011057084677]]}, "properties": {"source": "5393858", "target": "34533836"}}, {"type": "Feature", "geometry": {"type": "LineString", "coordinates": [[73.0625775537319, 51.82145615980831], [73.06304618235123, 51.800306167395235]]}, "properties": {"source": "5393858", "target": "29755553"}}, {"type": "Feature", "geometry": {"type": "LineString", "coordinates": [[73.11450156146287, 51.82002026367954], [73.10514576306724, 51.83298388949579]]}, "properties": {"source": "2338814", "target": "18712162"}}, {"type": "Feature", "geometry": {"type": "LineString", "coordinates": [[73.11450156146287, 51.82002026367954], [73.05327013941988, 51.83143978711348]]}, "properties": {"source": "2338814", "target": "21529671"}}, {"type": "Feature", "geometry": {"type": "LineString", "coordinates": [[73.11450156146287, 51.82002026367954], [73.02636869441946, 51.815610403836686]]}, "properties": {"source": "2338814", "target": "11943524"}}, {"type": "Feature", "geometry": {"type": "LineString", "coordinates": [[73.11450156146287, 51.82002026367954], [73.03526416520185, 51.836933044100505]]}, "properties": {"source": "2338814", "target": "2521851"}}, {"type": "Feature", "geometry": {"type": "LineString", "coordinates": [[73.11450156146287, 51.82002026367954], [73.03143626639755, 51.83557131609889]]}, "properties": {"source": "2338814", "target": "11782403"}}, {"type": "Feature", "geometry": {"type": "LineString", "coordinates": [[73.04520500369335, 51.823963527539874], [73.10199134034244, 51.835359113854636]]}, "properties": {"source": "20331677", "target": "20411119"}}, {"type": "Feature", "geometry": {"type": "LineString", "coordinates": [[73.04520500369335, 51.823963527539874], [73.0092274370069, 51.83862718525994]]}, "properties": {"source": "20331677", "target": "18284888"}}, {"type": "Feature", "geometry": {"type": "LineString", "coordinates": [[73.04520500369335, 51.823963527539874], [73.00155280721268, 51.801646582131156]]}, "properties": {"source": "20331677", "target": "20555687"}}, {"type": "Feature", "geometry": {"type": "LineString", "coordinates": [[73.04793420723243, 51.82154350665108], [73.08019195920997, 51.82838011652339]]}, "properties": {"source": "18811755", "target": "15724912"}}, {"type": "Feature", "geometry": {"type": "LineString", "coordinates": [[73.04793420723243, 51.82154350665108], [73.03262118687601, 51.80981992123675]]}, "properties": {"source": "18811755", "target": "17997709"}}, {"type": "Feature", "geometry": {"type": "LineString", "coordinates": [[73.04793420723243, 51.82154350665108], [73.0192945181023, 51.80067802062207]]}, "properties": {"source": "18811755", "target": "10611130"}}, {"type": "Feature", "geometry": {"type": "LineString", "coordinates": [[73.04793420723243, 51.82154350665108], [73.03995079739317, 51.83763074301879]]}, "properties": {"source": "18811755", "target": "11223744"}}, {"type": "Feature", "geometry": {"type": "LineString", "coordinates": [[73.04793420723243, 51.82154350665108], [73.05808925154687, 51.828030219811794]]}, "properties": {"source": "18811755", "target": "23146400"}}, {"type": "Feature", "geometry": {"type": "LineString", "coordinates": [[72.99777965034207, 51.83816137157264], [73.0948514260972, 51.814742154146785]]}, "properties": {"source": "28532228", "target": "8504174"}}, {"type": "Feature", "geometry": {"type": "LineString", "coordinates": [[72.99777965034207, 51.83816137157264], [73.05726132531692, 51.83718924305049]]}, "properties": {"source": "28532228", "target": "7430094"}}, {"type": "Feature", "geometry": {"type": "LineString", "coordinates": [[72.99777965034207, 51.83816137157264], [73.05792316815288, 51.81124898898355]]}, "properties": {"source": "28532228", "target": "6413631"}}, {"type": "Feature", "geometry": {"type": "LineString", "coordinates": [[72.99777965034207, 51.83816137157264], [73.01050774221301, 51.82946290756249]]}, "properties": {"source": "28532228", "target": "24073935"}}, {"type": "Feature", "geometry": {"type": "LineString", "coordinates": [[73.00481032825837, 51.83281518890732], [73.02588641550881, 51.80611005631184]]}, "properties": {"source": "25364850", "target": "297388"}}, {"type": "Feature", "geometry": {"type": "LineString", "coordinates": [[73.00481032825837, 51.83281518890732], [73.08872752115352, 51.81315207638448]]}, "properties": {"source": "25364850", "target": "20869611"}}, {"type": "Feature", "geometry": {"type": "LineString", "coordinates": [[73.01395305869332, 51.8146358532007], [73.0329584130354, 51.827308374064955]]}, "properties": {"source": "99500", "target": "98107"}}, {"type": "Feature", "geometry": {"type": "LineString", "coordinates": [[73.01395305869332, 51.8146358532007], [73.08055178085093, 51.80953361619241]]}, "properties": {"source": "99500", "target": "99499"}}, {"type": "Feature", "geometry": {"type": "LineString", "coordinates": [[73.01395305869332, 51.8146358532007], [73.05921629993534, 51.82443166770574]]}, "properties": {"source": "99500", "target": "99489"}}, {"type": "Feature", "geometry": {"type": "LineString", "coordinates": [[73.01395305869332, 51.8146358532007], [73.0861205903793, 51.808474170972175]]}, "properties": {"source": "99500", "target": "1044175"}}, {"type": "Feature", "geometry": {"type": "LineString", "coordinates": [[73.07682656758973, 51.828907809093934], [73.00015701886431, 51.80228195473636]]}, "properties": {"source": "18484638", "target": "17252697"}}, {"type": "Feature", "geometry": {"type": "LineString", "coordinates": [[73.01829587474197, 51.803461091562056], [73.01389782401219, 51.81030068032091]]}, "properties": {"source": "20617777", "target": "22038044"}}, {"type": "Feature", "geometry": {"type": "LineString", "coordinates": [[73.01829587474197, 51.803461091562056], [73.09638580627347, 51.80980818886319]]}, "properties": {"source": "20617777", "target": "18191372"}}, {"type": "Feature", "geometry": {"type": "LineString", "coordinates": [[73.01829587474197, 51.803461091562056], [73.00582127645166, 51.82319533359514]]}, "properties": {"source": "20617777", "target": "13625962"}}, {"type": "Feature", "geometry": {"type": "LineString", "coordinates": [[73.01829587474197, 51.803461091562056], [73.02237099231365, 51.81819440313362]]}, "properties": {"source": "20617777", "target": "18218121"}}, {"type": "Feature", "geometry": {"type": "LineString", "coordinates": [[73.01829587474197, 51.803461091562056], [73.00058588899515, 51.81621768404425]]}, "properties": {"source": "20617777", "target": "18521558"}}, {"type": "Feature", "geometry": {"type": "LineString", "coordinates": [[73.0092274370069, 51.83862718525994], [73.00155280721268, 51.801646582131156]]}, "properties": {"source": "18284888", "target": "20555687"}}, {"type": "Feature", "geometry": {"type": "LineString", "coordinates": [[73.0092274370069, 51.83862718525994], [73.02993944104395, 51.836132503154616]]}, "properties": {"source": "18284888", "target": "17619694"}}, {"type": "Feature", "geometry": {"type": "LineString", "coordinates": [[73.0092274370069, 51.83862718525994], [73.01621611338138, 51.80499561502039]]}, "properties": {"source": "18284888", "target": "16103356"}}, {"type": "Feature", "geometry": {"type": "LineString", "coordinates": [[73.0092274370069, 51.83862718525994], [73.04810636465334, 51.81558411751152]]}, "properties": {"source": "18284888", "target": "18373426"}}, {"type": "Feature", "geometry": {"type": "LineString", "coordinates": [[73.0092274370069, 51.83862718525994], [73.11398475886858, 51.81547264704342]]}, "properties": {"source": "18284888", "target": "15816572"}}, {"type": "Feature", "geometry": {"type": "LineString", "coordinates": [[73.04247086260898, 51.80851385598244], [73.07970189928704, 51.813152319043084]]}, "properties": {"source": "23248866", "target": "20697757"}}, {"type": "Feature", "geometry": {"type": "LineString", "coordinates": [[73.04247086260898, 51.80851385598244], [73.0055007542932, 51.824396601284434]]}, "properties": {"source": "23248866", "target": "10031668"}}, {"type": "Feature", "geometry": {"type": "LineString", "coordinates": [[73.04247086260898, 51.80851385598244], [73.01666359037912, 51.818674677318]]}, "properties": {"source": "23248866", "target": "28271809"}}, {"type": "Feature", "geometry": {"type": "LineString", "coordinates": [[73.00679065759451, 51.8307852950568], [72.9964994362229, 51.817686115654524]]}, "properties": {"source": "8475417", "target": "948304"}}, {"type": "Feature", "geometry": {"type": "LineString", "coordinates": [[73.00679065759451, 51.8307852950568], [73.0843315767687, 51.82933560408877]]}, "properties": {"source": "8475417", "target": "8526892"}}, {"type": "Feature", "geometry": {"type": "LineString", "coordinates": [[73.00679065759451, 51.8307852950568], [73.06376176880116, 51.82001739737608]]}, "properties": {"source": "8475417", "target": "776302"}}, {"type": "Feature", "geometry": {"type": "LineString", "coordinates": [[73.074336107963, 51.83458200381999], [73.02966332836951, 51.81309455822992]]}, "properties": {"source": "26079540", "target": "28480220"}}, {"type": "Feature", "geometry": {"type": "LineString", "coordinates": [[73.074336107963, 51.83458200381999], [73.10955250495857, 51.834201878434214]]}, "properties": {"source": "26079540", "target": "28078927"}}, {"type": "Feature", "geometry": {"type": "LineString", "coordinates": [[73.074336107963, 51.83458200381999], [73.0067986808562, 51.800137189305616]]}, "properties": {"source": "26079540", "target": "29394912"}}, {"type": "Feature", "geometry": {"type": "LineString", "coordinates": [[73.074336107963, 51.83458200381999], [73.09344360773568, 51.79953713384505]]}, "properties": {"source": "26079540", "target": "27397457"}}, {"type": "Feature", "geometry": {"type": "LineString", "coordinates": [[73.074336107963, 51.83458200381999], [73.03019025915472, 51.804546484822126]]}, "properties": {"source": "26079540", "target": "25701031"}}, {"type": "Feature", "geometry": {"type": "LineString", "coordinates": [[73.038820433268, 51.81041433682854], [73.09458576522661, 51.82871789673665]]}, "properties": {"source": "7619253", "target": "6607187"}}, {"type": "Feature", "geometry": {"type": "LineString", "coordinates": [[73.038820433268, 51.81041433682854], [73.00679065759451, 51.8307852950568]]}, "properties": {"source": "7619253", "target": "8475417"}}, {"type": "Feature", "geometry": {"type": "LineString", "coordinates": [[73.038820433268, 51.81041433682854], [73.06376176880116, 51.82001739737608]]}, "properties": {"source": "7619253", "target": "776302"}}, {"type": "Feature", "geometry": {"type": "LineString", "coordinates": [[73.038820433268, 51.81041433682854], [72.99756508502622, 51.814131249820576]]}, "properties": {"source": "7619253", "target": "8707061"}}, {"type": "Feature", "geometry": {"type": "LineString", "coordinates": [[73.038820433268, 51.81041433682854], [73.09350720479708, 51.819546759276236]]}, "properties": {"source": "7619253", "target": "7872926"}}, {"type": "Feature", "geometry": {"type": "LineString", "coordinates": [[73.038820433268, 51.81041433682854], [73.07658927427502, 51.822607267217904]]}, "properties": {"source": "7619253", "target": "11568713"}}, {"type": "Feature", "geometry": {"type": "LineString", "coordinates": [[73.038820433268, 51.81041433682854], [73.05173676183583, 51.829383806861514]]}, "properties": {"source": "7619253", "target": "7530864"}}, {"type": "Feature", "geometry": {"type": "LineString", "coordinates": [[73.038820433268, 51.81041433682854], [73.02990926888583, 51.81168699003668]]}, "properties": {"source": "7619253", "target": "7302943"}}, {"type": "Feature", "geometry": {"type": "LineString", "coordinates": [[73.038820433268, 51.81041433682854], [73.07259332332802, 51.824251128587264]]}, "properties": {"source": "7619253", "target": "7438024"}}, {"type": "Feature", "geometry": {"type": "LineString", "coordinates": [[73.03274617135975, 51.831208344322874], [73.0463212721273, 51.8230340415452]]}, "properties": {"source": "17906580", "target": "20909943"}}, {"type": "Feature", "geometry": {"type": "LineString", "coordinates": [[73.03274617135975, 51.831208344322874], [73.10199134034244, 51.835359113854636]]}, "properties": {"source": "17906580", "target": "20411119"}}, {"type": "Feature", "geometry": {"type": "LineString", "coordinates": [[73.0345064099177, 51.80665788037405], [73.08997724332383, 51.83106666120439]]}, "properties": {"source": "23204993", "target": "2480358"}}, {"type": "Feature", "geometry": {"type": "LineString", "coordinates": [[73.0345064099177, 51.80665788037405], [73.08107266499806, 51.83334854236968]]}, "properties": {"source": "23204993", "target": "11215180"}}, {"type": "Feature", "geometry": {"type": "LineString", "coordinates": [[73.0345064099177, 51.80665788037405], [73.0563477165922, 51.838005015761865]]}, "properties": {"source": "23204993", "target": "13477450"}}, {"type": "Feature", "geometry": {"type": "LineString", "coordinates": [[73.0345064099177, 51.80665788037405], [73.1028127432566, 51.83205103500502]]}, "properties": {"source": "23204993", "target": "15994494"}}, {"type": "Feature", "geometry": {"type": "LineString", "coordinates": [[73.0345064099177, 51.80665788037405], [73.10564665190148, 51.824374416616095]]}, "properties": {"source": "23204993", "target": "19184489"}}, {"type": "Feature", "geometry": {"type": "LineString", "coordinates": [[73.07343447852969, 51.80952141912506], [73.05487743922146, 51.80504490536299]]}, "properties": {"source": "15457336", "target": "26836912"}}, {"type": "Feature", "geometry": {"type": "LineString", "coordinates": [[73.00030556325578, 51.800153249699335], [73.0463212721273, 51.8230340415452]]}, "properties": {"source": "10432309", "target": "20909943"}}, {"type": "Feature", "geometry": {"type": "LineString", "coordinates": [[73.00030556325578, 51.800153249699335], [73.01468730347923, 51.81800763510634]]}, "properties": {"source": "10432309", "target": "13084791"}}, {"type": "Feature", "geometry": {"type": "LineString", "coordinates": [[73.00030556325578, 51.800153249699335], [73.02636869441946, 51.815610403836686]]}, "properties": {"source": "10432309", "target": "11943524"}}, {"type": "Feature", "geometry": {"type": "LineString", "coordinates": [[73.04810636465334, 51.81558411751152], [73.10199134034244, 51.835359113854636]]}, "properties": {"source": "18373426", "target": "20411119"}}, {"type": "Feature", "geometry": {"type": "LineString", "coordinates": [[73.04810636465334, 51.81558411751152], [73.00155280721268, 51.801646582131156]]}, "properties": {"source": "18373426", "target": "20555687"}}, {"type": "Feature", "geometry": {"type": "LineString", "coordinates": [[73.05312811068117, 51.82661204823856], [73.07313364674789, 51.821121805189534]]}, "properties": {"source": "597051", "target": "7161070"}}, {"type": "Feature", "geometry": {"type": "LineString", "coordinates": [[73.02089420605154, 51.805358265472336], [73.10745022862136, 51.81283685094617]]}, "properties": {"source": "35609576", "target": "25591128"}}, {"type": "Feature", "geometry": {"type": "LineString", "coordinates": [[73.02089420605154, 51.805358265472336], [73.02260023834668, 51.83526065351559]]}, "properties": {"source": "35609576", "target": "25326657"}}, {"type": "Feature", "geometry": {"type": "LineString", "coordinates": [[73.04692162818395, 51.83439627859306], [72.99777965034207, 51.83816137157264]]}, "properties": {"source": "13058984", "target": "28532228"}}, {"type": "Feature", "geometry": {"type": "LineString", "coordinates": [[73.04692162818395, 51.83439627859306], [73.01050774221301, 51.82946290756249]]}, "properties": {"source": "13058984", "target": "24073935"}}, {"type": "Feature", "geometry": {"type": "LineString", "coordinates": [[73.1135546457881, 51.8065835849349], [73.00582127645166, 51.82319533359514]]}, "properties": {"source": "19084959", "target": "13625962"}}, {"type": "Feature", "geometry": {"type": "LineString", "coordinates": [[73.1135546457881, 51.8065835849349], [73.02237099231365, 51.81819440313362]]}, "properties": {"source": "19084959", "target": "18218121"}}, {"type": "Feature", "geometry": {"type": "LineString", "coordinates": [[73.1135546457881, 51.8065835849349], [73.00058588899515, 51.81621768404425]]}, "properties": {"source": "19084959", "target": "18521558"}}, {"type": "Feature", "geometry": {"type": "LineString", "coordinates": [[73.0092274370069, 51.83862718525994], [73.05875833381182, 51.82723635386631]]}, "properties": {"source": "18284888", "target": "17798537"}}, {"type": "Feature", "geometry": {"type": "LineString", "coordinates": [[73.0092274370069, 51.83862718525994], [73.10199134034244, 51.835359113854636]]}, "properties": {"source": "18284888", "target": "20411119"}}, {"type": "Feature", "geometry": {"type": "LineString", "coordinates": [[73.06229133913885, 51.80528110808905], [73.05827810818337, 51.83273909470246]]}, "properties": {"source": "6105396", "target": "4955780"}}, {"type": "Feature", "geometry": {"type": "LineString", "coordinates": [[73.06229133913885, 51.80528110808905], [73.024710850659, 51.81089676243967]]}, "properties": {"source": "6105396", "target": "6607188"}}, {"type": "Feature", "geometry": {"type": "LineString", "coordinates": [[73.06229133913885, 51.80528110808905], [73.08997724332383, 51.83106666120439]]}, "properties": {"source": "6105396", "target": "2480358"}}, {"type": "Feature", "geometry": {"type": "LineString", "coordinates": [[73.06229133913885, 51.80528110808905], [73.0345064099177, 51.80665788037405]]}, "properties": {"source": "6105396", "target": "23204993"}}, {"type": "Feature", "geometry": {"type": "LineString", "coordinates": [[73.06229133913885, 51.80528110808905], [72.99919042495392, 51.83758069663365]]}, "properties": {"source": "6105396", "target": "6416304"}}, {"type": "Feature", "geometry": {"type": "LineString", "coordinates": [[73.06229133913885, 51.80528110808905], [73.11423198404506, 51.80702950408714]]}, "properties": {"source": "6105396", "target": "6296208"}}, {"type": "Feature", "geometry": {"type": "LineString", "coordinates": [[73.06229133913885, 51.80528110808905], [73.06252499852684, 51.837605267476334]]}, "properties": {"source": "6105396", "target": "6553116"}}, {"type": "Feature", "geometry": {"type": "LineString", "coordinates": [[73.06229133913885, 51.80528110808905], [73.04215443161655, 51.827087934292194]]}, "properties": {"source": "6105396", "target": "6330122"}}, {"type": "Feature", "geometry": {"type": "LineString", "coordinates": [[73.04867622266207, 51.819545354554606], [73.0863102389167, 51.8234394222802]]}, "properties": {"source": "30520932", "target": "34847787"}}, {"type": "Feature", "geometry": {"type": "LineString", "coordinates": [[73.04867622266207, 51.819545354554606], [73.07496580404677, 51.831317354819674]]}, "properties": {"source": "30520932", "target": "36125570"}}, {"type": "Feature", "geometry": {"type": "LineString", "coordinates": [[73.04867622266207, 51.819545354554606], [73.08671048789154, 51.820956552896575]]}, "properties": {"source": "30520932", "target": "35181991"}}, {"type": "Feature", "geometry": {"type": "LineString", "coordinates": [[73.04688565114293, 51.801147847584346], [72.9964994362229, 51.817686115654524]]}, "properties": {"source": "126302", "target": "948304"}}, {"type": "Feature", "geometry": {"type": "LineString", "coordinates": [[73.04688565114293, 51.801147847584346], [73.00125679826556, 51.83581612640744]]}, "properties": {"source": "126302", "target": "31570473"}}, {"type": "Feature", "geometry": {"type": "LineString", "coordinates": [[73.04688565114293, 51.801147847584346], [73.0182222510488, 51.79934161073135]]}, "properties": {"source": "126302", "target": "17338311"}}, {"type": "Feature", "geometry": {"type": "LineString", "coordinates": [[73.07769366945922, 51.8350706684014], [73.02690761309177, 51.83662616741729]]}, "properties": {"source": "13421156", "target": "23438061"}}, {"type": "Feature", "geometry": {"type": "LineString", "coordinates": [[73.07769366945922, 51.8350706684014], [73.01468730347923, 51.81800763510634]]}, "properties": {"source": "13421156", "target": "13084791"}}, {"type": "Feature", "geometry": {"type": "LineString", "coordinates": [[73.07769366945922, 51.8350706684014], [73.00015701886431, 51.80228195473636]]}, "properties": {"source": "13421156", "target": "17252697"}}, {"type": "Feature", "geometry": {"type": "LineString", "coordinates": [[73.07769366945922, 51.8350706684014], [73.11133223589513, 51.826983571530846]]}, "properties": {"source": "13421156", "target": "13084774"}}, {"type": "Feature", "geometry": {"type": "LineString", "coordinates": [[73.07769366945922, 51.8350706684014], [73.0875339015241, 51.811642794574055]]}, "properties": {"source": "13421156", "target": "10802784"}}, {"type": "Feature", "geometry": {"type": "LineString", "coordinates": [[73.07769366945922, 51.8350706684014], [73.07983640543819, 51.81974564521222]]}, "properties": {"source": "13421156", "target": "13329043"}}, {"type": "Feature", "geometry": {"type": "LineString", "coordinates": [[73.06252499852684, 51.837605267476334], [73.09458576522661, 51.82871789673665]]}, "properties": {"source": "6553116", "target": "6607187"}}, {"type": "Feature", "geometry": {"type": "LineString", "coordinates": [[73.06252499852684, 51.837605267476334], [73.02566024032757, 51.83742900326938]]}, "properties": {"source": "6553116", "target": "7161183"}}, {"type": "Feature", "geometry": {"type": "LineString", "coordinates": [[73.06252499852684, 51.837605267476334], [73.07000043049305, 51.8197590224201]]}, "properties": {"source": "6553116", "target": "34211699"}}, {"type": "Feature", "geometry": {"type": "LineString", "coordinates": [[73.06252499852684, 51.837605267476334], [73.05827810818337, 51.83273909470246]]}, "properties": {"source": "6553116", "target": "4955780"}}, {"type": "Feature", "geometry": {"type": "LineString", "coordinates": [[73.06252499852684, 51.837605267476334], [73.07313364674789, 51.821121805189534]]}, "properties": {"source": "6553116", "target": "7161070"}}, {"type": "Feature", "geometry": {"type": "LineString", "coordinates": [[73.06252499852684, 51.837605267476334], [73.024710850659, 51.81089676243967]]}, "properties": {"source": "6553116", "target": "6607188"}}, {"type": "Feature", "geometry": {"type": "LineString", "coordinates": [[73.09638580627347, 51.80980818886319], [73.04177548243217, 51.83415535007788]]}, "properties": {"source": "18191372", "target": "30323481"}}, {"type": "Feature", "geometry": {"type": "LineString", "coordinates": [[73.01170897324272, 51.830869103273784], [73.07067042223738, 51.82344236051536]]}, "properties": {"source": "26075727", "target": "2352358"}}, {"type": "Feature", "geometry": {"type": "LineString", "coordinates": [[73.00582644242215, 51.815396004365496], [73.06839761177989, 51.80052778303396]]}, "properties": {"source": "7625187", "target": "8776687"}}, {"type": "Feature", "geometry": {"type": "LineString", "coordinates": [[73.04916684479625, 51.83394951114143], [73.10745022862136, 51.81283685094617]]}, "properties": {"source": "25326656", "target": "25591128"}}, {"type": "Feature", "geometry": {"type": "LineString", "coordinates": [[73.04916684479625, 51.83394951114143], [73.02260023834668, 51.83526065351559]]}, "properties": {"source": "25326656", "target": "25326657"}}, {"type": "Feature", "geometry": {"type": "LineString", "coordinates": [[73.00867255784269, 51.83205891295455], [73.10498966303152, 51.814372087981965]]}, "properties": {"source": "11516349", "target": "6404563"}}, {"type": "Feature", "geometry": {"type": "LineString", "coordinates": [[73.06801593920136, 51.83519773952999], [73.10940836404652, 51.812687832379524]]}, "properties": {"source": "15704236", "target": "24369858"}}, {"type": "Feature", "geometry": {"type": "LineString", "coordinates": [[73.05042350364198, 51.82958262915288], [73.0463212721273, 51.8230340415452]]}, "properties": {"source": "23156545", "target": "20909943"}}, {"type": "Feature", "geometry": {"type": "LineString", "coordinates": [[73.05042350364198, 51.82958262915288], [73.0433127296804, 51.81613972122784]]}, "properties": {"source": "23156545", "target": "28257615"}}, {"type": "Feature", "geometry": {"type": "LineString", "coordinates": [[73.05042350364198, 51.82958262915288], [73.08501548253142, 51.81286978876237]]}, "properties": {"source": "23156545", "target": "25542323"}}, {"type": "Feature", "geometry": {"type": "LineString", "coordinates": [[73.05042350364198, 51.82958262915288], [73.11188143458199, 51.808246376930185]]}, "properties": {"source": "23156545", "target": "13416925"}}, {"type": "Feature", "geometry": {"type": "LineString", "coordinates": [[73.05590484775331, 51.816167718815734], [73.01032592544655, 51.83070993299239]]}, "properties": {"source": "12262425", "target": "13561213"}}, {"type": "Feature", "geometry": {"type": "LineString", "coordinates": [[73.05590484775331, 51.816167718815734], [73.07765286005198, 51.819333403093665]]}, "properties": {"source": "12262425", "target": "2637133"}}, {"type": "Feature", "geometry": {"type": "LineString", "coordinates": [[73.05590484775331, 51.816167718815734], [73.09358333489473, 51.827101629304494]]}, "properties": {"source": "12262425", "target": "10602422"}}, {"type": "Feature", "geometry": {"type": "LineString", "coordinates": [[73.05590484775331, 51.816167718815734], [73.0192945181023, 51.80067802062207]]}, "properties": {"source": "12262425", "target": "10611130"}}, {"type": "Feature", "geometry": {"type": "LineString", "coordinates": [[73.05590484775331, 51.816167718815734], [73.0875339015241, 51.811642794574055]]}, "properties": {"source": "12262425", "target": "10802784"}}, {"type": "Feature", "geometry": {"type": "LineString", "coordinates": [[73.04472356812201, 51.81603197183492], [73.07801806278053, 51.81220103207768]]}, "properties": {"source": "16164522", "target": "10451964"}}, {"type": "Feature", "geometry": {"type": "LineString", "coordinates": [[72.99941778132623, 51.82784219667907], [73.00481032825837, 51.83281518890732]]}, "properties": {"source": "24323475", "target": "25364850"}}, {"type": "Feature", "geometry": {"type": "LineString", "coordinates": [[72.99941778132623, 51.82784219667907], [73.02142551279368, 51.81910924182566]]}, "properties": {"source": "24323475", "target": "24330354"}}, {"type": "Feature", "geometry": {"type": "LineString", "coordinates": [[72.99941778132623, 51.82784219667907], [73.0739208238771, 51.80345288743081]]}, "properties": {"source": "24323475", "target": "19432037"}}, {"type": "Feature", "geometry": {"type": "LineString", "coordinates": [[72.99941778132623, 51.82784219667907], [73.00797902155412, 51.83540296304871]]}, "properties": {"source": "24323475", "target": "23335584"}}, {"type": "Feature", "geometry": {"type": "LineString", "coordinates": [[72.99941778132623, 51.82784219667907], [73.08872752115352, 51.81315207638448]]}, "properties": {"source": "24323475", "target": "20869611"}}, {"type": "Feature", "geometry": {"type": "LineString", "coordinates": [[73.04126096093535, 51.81168314972267], [73.02566024032757, 51.83742900326938]]}, "properties": {"source": "10045457", "target": "7161183"}}, {"type": "Feature", "geometry": {"type": "LineString", "coordinates": [[73.04126096093535, 51.81168314972267], [73.02690761309177, 51.83662616741729]]}, "properties": {"source": "10045457", "target": "23438061"}}, {"type": "Feature", "geometry": {"type": "LineString", "coordinates": [[73.04126096093535, 51.81168314972267], [73.05827810818337, 51.83273909470246]]}, "properties": {"source": "10045457", "target": "4955780"}}, {"type": "Feature", "geometry": {"type": "LineString", "coordinates": [[73.04126096093535, 51.81168314972267], [73.02441828483597, 51.8361901348696]]}, "properties": {"source": "10045457", "target": "13066821"}}, {"type": "Feature", "geometry": {"type": "LineString", "coordinates": [[73.04126096093535, 51.81168314972267], [73.08107266499806, 51.83334854236968]]}, "properties": {"source": "10045457", "target": "11215180"}}, {"type": "Feature", "geometry": {"type": "LineString", "coordinates": [[73.04126096093535, 51.81168314972267], [73.1028127432566, 51.83205103500502]]}, "properties": {"source": "10045457", "target": "15994494"}}, {"type": "Feature", "geometry": {"type": "LineString", "coordinates": [[73.08090898273932, 51.82180138354039], [73.01468730347923, 51.81800763510634]]}, "properties": {"source": "13451291", "target": "13084791"}}, {"type": "Feature", "geometry": {"type": "LineString", "coordinates": [[73.08090898273932, 51.82180138354039], [73.00015701886431, 51.80228195473636]]}, "properties": {"source": "13451291", "target": "17252697"}}, {"type": "Feature", "geometry": {"type": "LineString", "coordinates": [[73.08090898273932, 51.82180138354039], [73.02107393046577, 51.813516595861515]]}, "properties": {"source": "13451291", "target": "11432139"}}, {"type": "Feature", "geometry": {"type": "LineString", "coordinates": [[73.08090898273932, 51.82180138354039], [73.04209343311587, 51.81644676904337]]}, "properties": {"source": "13451291", "target": "17304968"}}, {"type": "Feature", "geometry": {"type": "LineString", "coordinates": [[73.0729256426934, 51.83019372341842], [73.10498966303152, 51.814372087981965]]}, "properties": {"source": "29914911", "target": "6404563"}}, {"type": "Feature", "geometry": {"type": "LineString", "coordinates": [[73.11398475886858, 51.81547264704342], [73.02993944104395, 51.836132503154616]]}, "properties": {"source": "15816572", "target": "17619694"}}, {"type": "Feature", "geometry": {"type": "LineString", "coordinates": [[73.11398475886858, 51.81547264704342], [73.01621611338138, 51.80499561502039]]}, "properties": {"source": "15816572", "target": "16103356"}}, {"type": "Feature", "geometry": {"type": "LineString", "coordinates": [[73.05139817414431, 51.829760023638556], [72.99777965034207, 51.83816137157264]]}, "properties": {"source": "18620303", "target": "28532228"}}, {"type": "Feature", "geometry": {"type": "LineString", "coordinates": [[73.05139817414431, 51.829760023638556], [73.01050774221301, 51.82946290756249]]}, "properties": {"source": "18620303", "target": "24073935"}}, {"type": "Feature", "geometry": {"type": "LineString", "coordinates": [[73.10586277619899, 51.808471151683335], [72.99729300016205, 51.82540152777038]]}, "properties": {"source": "18878490", "target": "18039797"}}, {"type": "Feature", "geometry": {"type": "LineString", "coordinates": [[73.11213420372883, 51.80828903188538], [73.10625879938013, 51.82015538873307]]}, "properties": {"source": "8714958", "target": "9036325"}}, {"type": "Feature", "geometry": {"type": "LineString", "coordinates": [[73.11213420372883, 51.80828903188538], [73.05792316815288, 51.81124898898355]]}, "properties": {"source": "8714958", "target": "6413631"}}, {"type": "Feature", "geometry": {"type": "LineString", "coordinates": [[73.11213420372883, 51.80828903188538], [73.10498966303152, 51.814372087981965]]}, "properties": {"source": "8714958", "target": "6404563"}}, {"type": "Feature", "geometry": {"type": "LineString", "coordinates": [[73.11213420372883, 51.80828903188538], [73.03490433995293, 51.83223355353499]]}, "properties": {"source": "8714958", "target": "34621234"}}, {"type": "Feature", "geometry": {"type": "LineString", "coordinates": [[73.11213420372883, 51.80828903188538], [73.00582644242215, 51.815396004365496]]}, "properties": {"source": "8714958", "target": "7625187"}}, {"type": "Feature", "geometry": {"type": "LineString", "coordinates": [[73.11213420372883, 51.80828903188538], [72.99699134279317, 51.80563577614522]]}, "properties": {"source": "8714958", "target": "8478537"}}, {"type": "Feature", "geometry": {"type": "LineString", "coordinates": [[73.00934823131746, 51.811542730165215], [73.09698806125618, 51.813036520978926]]}, "properties": {"source": "32041226", "target": "409799"}}, {"type": "Feature", "geometry": {"type": "LineString", "coordinates": [[73.00934823131746, 51.811542730165215], [72.99763406920093, 51.82702866503065]]}, "properties": {"source": "32041226", "target": "4202513"}}, {"type": "Feature", "geometry": {"type": "LineString", "coordinates": [[73.00934823131746, 51.811542730165215], [73.0937948466347, 51.83818600415654]]}, "properties": {"source": "32041226", "target": "4184400"}}, {"type": "Feature", "geometry": {"type": "LineString", "coordinates": [[73.00934823131746, 51.811542730165215], [73.07067042223738, 51.82344236051536]]}, "properties": {"source": "32041226", "target": "2352358"}}, {"type": "Feature", "geometry": {"type": "LineString", "coordinates": [[73.00934823131746, 51.811542730165215], [73.05487743922146, 51.80504490536299]]}, "properties": {"source": "32041226", "target": "26836912"}}, {"type": "Feature", "geometry": {"type": "LineString", "coordinates": [[73.01611325871033, 51.80371488033883], [73.00763272504324, 51.805053322946705]]}, "properties": {"source": "16007856", "target": "2535073"}}, {"type": "Feature", "geometry": {"type": "LineString", "coordinates": [[73.08237838524764, 51.807406685963315], [72.99826636356761, 51.812223625480044]]}, "properties": {"source": "6464188", "target": "6568801"}}, {"type": "Feature", "geometry": {"type": "LineString", "coordinates": [[73.08237838524764, 51.807406685963315], [73.03813488309643, 51.79942724511214]]}, "properties": {"source": "6464188", "target": "7183286"}}, {"type": "Feature", "geometry": {"type": "LineString", "coordinates": [[73.08237838524764, 51.807406685963315], [73.06322059267725, 51.818829830182395]]}, "properties": {"source": "6464188", "target": "9251501"}}, {"type": "Feature", "geometry": {"type": "LineString", "coordinates": [[73.08237838524764, 51.807406685963315], [73.07481391683899, 51.83486573703952]]}, "properties": {"source": "6464188", "target": "6398860"}}, {"type": "Feature", "geometry": {"type": "LineString", "coordinates": [[73.09565883997507, 51.80022463205202], [73.03241167982563, 51.82224899208133]]}, "properties": {"source": "20443608", "target": "19243415"}}, {"type": "Feature", "geometry": {"type": "LineString", "coordinates": [[73.09565883997507, 51.80022463205202], [73.09679393806613, 51.80447435476631]]}, "properties": {"source": "20443608", "target": "18105545"}}, {"type": "Feature", "geometry": {"type": "LineString", "coordinates": [[73.09565883997507, 51.80022463205202], [73.07725077187706, 51.83486241487398]]}, "properties": {"source": "20443608", "target": "20520605"}}, {"type": "Feature", "geometry": {"type": "LineString", "coordinates": [[73.05270875604865, 51.83847514767767], [73.0463212721273, 51.8230340415452]]}, "properties": {"source": "17382628", "target": "20909943"}}, {"type": "Feature", "geometry": {"type": "LineString", "coordinates": [[73.05270875604865, 51.83847514767767], [73.08049502462066, 51.80251650229749]]}, "properties": {"source": "17382628", "target": "13561193"}}, {"type": "Feature", "geometry": {"type": "LineString", "coordinates": [[73.08510520282815, 51.826613418537065], [73.0910396015635, 51.814327952694]]}, "properties": {"source": "30226963", "target": "2488539"}}, {"type": "Feature", "geometry": {"type": "LineString", "coordinates": [[73.08510520282815, 51.826613418537065], [73.00554402649567, 51.83744321385795]]}, "properties": {"source": "30226963", "target": "1113175"}}, {"type": "Feature", "geometry": {"type": "LineString", "coordinates": [[73.00353776860175, 51.82243460430139], [73.02826395852315, 51.82179696322558]]}, "properties": {"source": "16167881", "target": "17402723"}}, {"type": "Feature", "geometry": {"type": "LineString", "coordinates": [[73.00353776860175, 51.82243460430139], [73.01116629524077, 51.81645682628067]]}, "properties": {"source": "16167881", "target": "20703470"}}, {"type": "Feature", "geometry": {"type": "LineString", "coordinates": [[73.06375194726536, 51.80806581472254], [73.05882508382783, 51.79992613008655]]}, "properties": {"source": "8674402", "target": "902854"}}, {"type": "Feature", "geometry": {"type": "LineString", "coordinates": [[73.06375194726536, 51.80806581472254], [73.0282043962367, 51.815805732602016]]}, "properties": {"source": "8674402", "target": "985323"}}, {"type": "Feature", "geometry": {"type": "LineString", "coordinates": [[73.03128722795844, 51.80383210887851], [73.0863102389167, 51.8234394222802]]}, "properties": {"source": "26079531", "target": "34847787"}}, {"type": "Feature", "geometry": {"type": "LineString", "coordinates": [[73.03128722795844, 51.80383210887851], [73.05012969108523, 51.83000206991187]]}, "properties": {"source": "26079531", "target": "27238087"}}, {"type": "Feature", "geometry": {"type": "LineString", "coordinates": [[73.03128722795844, 51.80383210887851], [73.02966332836951, 51.81309455822992]]}, "properties": {"source": "26079531", "target": "28480220"}}, {"type": "Feature", "geometry": {"type": "LineString", "coordinates": [[73.03128722795844, 51.80383210887851], [73.074336107963, 51.83458200381999]]}, "properties": {"source": "26079531", "target": "26079540"}}, {"type": "Feature", "geometry": {"type": "LineString", "coordinates": [[73.03128722795844, 51.80383210887851], [73.03019025915472, 51.804546484822126]]}, "properties": {"source": "26079531", "target": "25701031"}}, {"type": "Feature", "geometry": {"type": "LineString", "coordinates": [[73.03900324642973, 51.82112298303181], [73.07807791282042, 51.820922147119106]]}, "properties": {"source": "20898763", "target": "9152130"}}, {"type": "Feature", "geometry": {"type": "LineString", "coordinates": [[73.03900324642973, 51.82112298303181], [73.07706625181285, 51.83877876228483]]}, "properties": {"source": "20898763", "target": "15217490"}}, {"type": "Feature", "geometry": {"type": "LineString", "coordinates": [[73.05012969108523, 51.83000206991187], [73.0863102389167, 51.8234394222802]]}, "properties": {"source": "27238087", "target": "34847787"}}, {"type": "Feature", "geometry": {"type": "LineString", "coordinates": [[73.05012969108523, 51.83000206991187], [73.02966332836951, 51.81309455822992]]}, "properties": {"source": "27238087", "target": "28480220"}}, {"type": "Feature", "geometry": {"type": "LineString", "coordinates": [[73.05012969108523, 51.83000206991187], [73.0067986808562, 51.800137189305616]]}, "properties": {"source": "27238087", "target": "29394912"}}, {"type": "Feature", "geometry": {"type": "LineString", "coordinates": [[73.05012969108523, 51.83000206991187], [73.03019025915472, 51.804546484822126]]}, "properties": {"source": "27238087", "target": "25701031"}}, {"type": "Feature", "geometry": {"type": "LineString", "coordinates": [[73.05875833381182, 51.82723635386631], [73.10199134034244, 51.835359113854636]]}, "properties": {"source": "17798537", "target": "20411119"}}, {"type": "Feature", "geometry": {"type": "LineString", "coordinates": [[73.05875833381182, 51.82723635386631], [73.00155280721268, 51.801646582131156]]}, "properties": {"source": "17798537", "target": "20555687"}}, {"type": "Feature", "geometry": {"type": "LineString", "coordinates": [[73.05875833381182, 51.82723635386631], [73.02993944104395, 51.836132503154616]]}, "properties": {"source": "17798537", "target": "17619694"}}, {"type": "Feature", "geometry": {"type": "LineString", "coordinates": [[73.05875833381182, 51.82723635386631], [73.01621611338138, 51.80499561502039]]}, "properties": {"source": "17798537", "target": "16103356"}}, {"type": "Feature", "geometry": {"type": "LineString", "coordinates": [[73.05875833381182, 51.82723635386631], [73.11398475886858, 51.81547264704342]]}, "properties": {"source": "17798537", "target": "15816572"}}, {"type": "Feature", "geometry": {"type": "LineString", "coordinates": [[73.0655958688865, 51.805534328073264], [73.0739208238771, 51.80345288743081]]}, "properties": {"source": "22319999", "target": "19432037"}}, {"type": "Feature", "geometry": {"type": "LineString", "coordinates": [[73.0655958688865, 51.805534328073264], [73.04810636465334, 51.81558411751152]]}, "properties": {"source": "22319999", "target": "18373426"}}, {"type": "Feature", "geometry": {"type": "LineString", "coordinates": [[73.06229133913885, 51.80528110808905], [73.09458576522661, 51.82871789673665]]}, "properties": {"source": "6105396", "target": "6607187"}}, {"type": "Feature", "geometry": {"type": "LineString", "coordinates": [[73.06229133913885, 51.80528110808905], [73.07000043049305, 51.8197590224201]]}, "properties": {"source": "6105396", "target": "34211699"}}, {"type": "Feature", "geometry": {"type": "LineString", "coordinates": [[73.06229133913885, 51.80528110808905], [73.02690761309177, 51.83662616741729]]}, "properties": {"source": "6105396", "target": "23438061"}}, {"type": "Feature", "geometry": {"type": "LineString", "coordinates": [[73.10197077134416, 51.826054951399755], [73.00902558587404, 51.812894651766314]]}, "properties": {"source": "34611353", "target": "3231448"}}, {"type": "Feature", "geometry": {"type": "LineString", "coordinates": [[73.10197077134416, 51.826054951399755], [73.03849826744829, 51.821503928620345]]}, "properties": {"source": "34611353", "target": "20405485"}}, {"type": "Feature", "geometry": {"type": "LineString", "coordinates": [[73.10197077134416, 51.826054951399755], [73.04166046421003, 51.80053064293388]]}, "properties": {"source": "34611353", "target": "16225586"}}, {"type": "Feature", "geometry": {"type": "LineString", "coordinates": [[73.01698551204464, 51.80719272651939], [73.00481032825837, 51.83281518890732]]}, "properties": {"source": "29222561", "target": "25364850"}}, {"type": "Feature", "geometry": {"type": "LineString", "coordinates": [[73.01698551204464, 51.80719272651939], [73.09445001390984, 51.79975170464081]]}, "properties": {"source": "29222561", "target": "33777903"}}, {"type": "Feature", "geometry": {"type": "LineString", "coordinates": [[73.01698551204464, 51.80719272651939], [73.02441828483597, 51.8361901348696]]}, "properties": {"source": "29222561", "target": "13066821"}}, {"type": "Feature", "geometry": {"type": "LineString", "coordinates": [[73.09069492446352, 51.83803981048598], [73.06839761177989, 51.80052778303396]]}, "properties": {"source": "7934296", "target": "8776687"}}, {"type": "Feature", "geometry": {"type": "LineString", "coordinates": [[73.09069492446352, 51.83803981048598], [73.09606335917047, 51.83719680068519]]}, "properties": {"source": "7934296", "target": "7935023"}}, {"type": "Feature", "geometry": {"type": "LineString", "coordinates": [[73.09069492446352, 51.83803981048598], [73.0433127296804, 51.81613972122784]]}, "properties": {"source": "7934296", "target": "28257615"}}, {"type": "Feature", "geometry": {"type": "LineString", "coordinates": [[73.09069492446352, 51.83803981048598], [73.01951587228808, 51.82944100079237]]}, "properties": {"source": "7934296", "target": "7902503"}}, {"type": "Feature", "geometry": {"type": "LineString", "coordinates": [[73.09069492446352, 51.83803981048598], [73.08451078224451, 51.81116675766884]]}, "properties": {"source": "7934296", "target": "6607232"}}, {"type": "Feature", "geometry": {"type": "LineString", "coordinates": [[73.0618591633953, 51.8125763255193], [73.0509445156774, 51.823714124124436]]}, "properties": {"source": "30047291", "target": "32999459"}}, {"type": "Feature", "geometry": {"type": "LineString", "coordinates": [[73.0618591633953, 51.8125763255193], [73.08033823265444, 51.80831702094952]]}, "properties": {"source": "30047291", "target": "29538718"}}, {"type": "Feature", "geometry": {"type": "LineString", "coordinates": [[73.0618591633953, 51.8125763255193], [73.10251542824332, 51.81121671931642]]}, "properties": {"source": "30047291", "target": "28678694"}}, {"type": "Feature", "geometry": {"type": "LineString", "coordinates": [[73.0618591633953, 51.8125763255193], [73.098333913175, 51.83392465912297]]}, "properties": {"source": "30047291", "target": "429955"}}, {"type": "Feature", "geometry": {"type": "LineString", "coordinates": [[73.0618591633953, 51.8125763255193], [73.02769696344515, 51.831710328743014]]}, "properties": {"source": "30047291", "target": "11456368"}}, {"type": "Feature", "geometry": {"type": "LineString", "coordinates": [[73.07682656758973, 51.828907809093934], [73.10514576306724, 51.83298388949579]]}, "properties": {"source": "18484638", "target": "18712162"}}, {"type": "Feature", "geometry": {"type": "LineString", "coordinates": [[73.07682656758973, 51.828907809093934], [73.08176464940624, 51.83776445099191]]}, "properties": {"source": "18484638", "target": "19380816"}}, {"type": "Feature", "geometry": {"type": "LineString", "coordinates": [[73.07682656758973, 51.828907809093934], [73.09358333489473, 51.827101629304494]]}, "properties": {"source": "18484638", "target": "10602422"}}, {"type": "Feature", "geometry": {"type": "LineString", "coordinates": [[73.07682656758973, 51.828907809093934], [73.05414297012416, 51.81571459577094]]}, "properties": {"source": "18484638", "target": "10180167"}}, {"type": "Feature", "geometry": {"type": "LineString", "coordinates": [[73.08731159737488, 51.81105888546509], [73.11213420372883, 51.80828903188538]]}, "properties": {"source": "29957466", "target": "8714958"}}, {"type": "Feature", "geometry": {"type": "LineString", "coordinates": [[73.08731159737488, 51.81105888546509], [73.01869652287516, 51.80663379798955]]}, "properties": {"source": "29957466", "target": "8284655"}}, {"type": "Feature", "geometry": {"type": "LineString", "coordinates": [[73.08731159737488, 51.81105888546509], [73.0948514260972, 51.814742154146785]]}, "properties": {"source": "29957466", "target": "8504174"}}, {"type": "Feature", "geometry": {"type": "LineString", "coordinates": [[73.08731159737488, 51.81105888546509], [73.06328485004764, 51.81204999578355]]}, "properties": {"source": "29957466", "target": "4943401"}}, {"type": "Feature", "geometry": {"type": "LineString", "coordinates": [[73.08731159737488, 51.81105888546509], [73.05726132531692, 51.83718924305049]]}, "properties": {"source": "29957466", "target": "7430094"}}, {"type": "Feature", "geometry": {"type": "LineString", "coordinates": [[73.08731159737488, 51.81105888546509], [73.09670332320607, 51.809065908838534]]}, "properties": {"source": "29957466", "target": "28508698"}}, {"type": "Feature", "geometry": {"type": "LineString", "coordinates": [[73.08731159737488, 51.81105888546509], [72.99777965034207, 51.83816137157264]]}, "properties": {"source": "29957466", "target": "28532228"}}, {"type": "Feature", "geometry": {"type": "LineString", "coordinates": [[73.10664904273881, 51.82272168925404], [73.03228261118531, 51.837804457905335]]}, "properties": {"source": "5575437", "target": "6122080"}}, {"type": "Feature", "geometry": {"type": "LineString", "coordinates": [[73.00643076818838, 51.82805547003923], [73.0182222510488, 51.79934161073135]]}, "properties": {"source": "1875996", "target": "17338311"}}, {"type": "Feature", "geometry": {"type": "LineString", "coordinates": [[73.00643076818838, 51.82805547003923], [73.05875833381182, 51.82723635386631]]}, "properties": {"source": "1875996", "target": "17798537"}}, {"type": "Feature", "geometry": {"type": "LineString", "coordinates": [[73.00643076818838, 51.82805547003923], [73.10199134034244, 51.835359113854636]]}, "properties": {"source": "1875996", "target": "20411119"}}, {"type": "Feature", "geometry": {"type": "LineString", "coordinates": [[73.00643076818838, 51.82805547003923], [73.0092274370069, 51.83862718525994]]}, "properties": {"source": "1875996", "target": "18284888"}}, {"type": "Feature", "geometry": {"type": "LineString", "coordinates": [[73.00643076818838, 51.82805547003923], [73.03274617135975, 51.831208344322874]]}, "properties": {"source": "1875996", "target": "17906580"}}, {"type": "Feature", "geometry": {"type": "LineString", "coordinates": [[73.00643076818838, 51.82805547003923], [73.00155280721268, 51.801646582131156]]}, "properties": {"source": "1875996", "target": "20555687"}}, {"type": "Feature", "geometry": {"type": "LineString", "coordinates": [[73.00643076818838, 51.82805547003923], [73.02993944104395, 51.836132503154616]]}, "properties": {"source": "1875996", "target": "17619694"}}, {"type": "Feature", "geometry": {"type": "LineString", "coordinates": [[73.00643076818838, 51.82805547003923], [73.01621611338138, 51.80499561502039]]}, "properties": {"source": "1875996", "target": "16103356"}}, {"type": "Feature", "geometry": {"type": "LineString", "coordinates": [[73.00643076818838, 51.82805547003923], [73.04810636465334, 51.81558411751152]]}, "properties": {"source": "1875996", "target": "18373426"}}, {"type": "Feature", "geometry": {"type": "LineString", "coordinates": [[73.008853155612, 51.819402882410486], [73.09069492446352, 51.83803981048598]]}, "properties": {"source": "29219366", "target": "7934296"}}, {"type": "Feature", "geometry": {"type": "LineString", "coordinates": [[73.008853155612, 51.819402882410486], [73.03297566798247, 51.837908637468814]]}, "properties": {"source": "29219366", "target": "28487078"}}, {"type": "Feature", "geometry": {"type": "LineString", "coordinates": [[73.008853155612, 51.819402882410486], [73.03936611937291, 51.822222501931776]]}, "properties": {"source": "29219366", "target": "25757300"}}, {"type": "Feature", "geometry": {"type": "LineString", "coordinates": [[73.008853155612, 51.819402882410486], [72.99765013351822, 51.81925722418356]]}, "properties": {"source": "29219366", "target": "27993611"}}, {"type": "Feature", "geometry": {"type": "LineString", "coordinates": [[73.008853155612, 51.819402882410486], [73.0433127296804, 51.81613972122784]]}, "properties": {"source": "29219366", "target": "28257615"}}, {"type": "Feature", "geometry": {"type": "LineString", "coordinates": [[73.008853155612, 51.819402882410486], [73.04503676774377, 51.80897271303293]]}, "properties": {"source": "29219366", "target": "25393346"}}, {"type": "Feature", "geometry": {"type": "LineString", "coordinates": [[73.07358862429783, 51.80871216158836], [73.07067042223738, 51.82344236051536]]}, "properties": {"source": "16133125", "target": "2352358"}}, {"type": "Feature", "geometry": {"type": "LineString", "coordinates": [[73.07358862429783, 51.80871216158836], [73.05487743922146, 51.80504490536299]]}, "properties": {"source": "16133125", "target": "26836912"}}, {"type": "Feature", "geometry": {"type": "LineString", "coordinates": [[73.10564665190148, 51.824374416616095], [73.07000043049305, 51.8197590224201]]}, "properties": {"source": "19184489", "target": "34211699"}}, {"type": "Feature", "geometry": {"type": "LineString", "coordinates": [[73.10564665190148, 51.824374416616095], [73.02690761309177, 51.83662616741729]]}, "properties": {"source": "19184489", "target": "23438061"}}, {"type": "Feature", "geometry": {"type": "LineString", "coordinates": [[73.10564665190148, 51.824374416616095], [73.05827810818337, 51.83273909470246]]}, "properties": {"source": "19184489", "target": "4955780"}}, {"type": "Feature", "geometry": {"type": "LineString", "coordinates": [[73.10564665190148, 51.824374416616095], [73.08997724332383, 51.83106666120439]]}, "properties": {"source": "19184489", "target": "2480358"}}, {"type": "Feature", "geometry": {"type": "LineString", "coordinates": [[73.10564665190148, 51.824374416616095], [72.99729300016205, 51.82540152777038]]}, "properties": {"source": "19184489", "target": "18039797"}}, {"type": "Feature", "geometry": {"type": "LineString", "coordinates": [[73.10564665190148, 51.824374416616095], [73.00857774861899, 51.835213841274935]]}, "properties": {"source": "19184489", "target": "18039782"}}, {"type": "Feature", "geometry": {"type": "LineString", "coordinates": [[73.0252356407444, 51.800520596863564], [72.99763406920093, 51.82702866503065]]}, "properties": {"source": "1133748", "target": "4202513"}}, {"type": "Feature", "geometry": {"type": "LineString", "coordinates": [[73.0252356407444, 51.800520596863564], [73.0937948466347, 51.83818600415654]]}, "properties": {"source": "1133748", "target": "4184400"}}, {"type": "Feature", "geometry": {"type": "LineString", "coordinates": [[73.0252356407444, 51.800520596863564], [73.07067042223738, 51.82344236051536]]}, "properties": {"source": "1133748", "target": "2352358"}}, {"type": "Feature", "geometry": {"type": "LineString", "coordinates": [[73.0252356407444, 51.800520596863564], [73.07198361871656, 51.82426182605872]]}, "properties": {"source": "1133748", "target": "2325855"}}, {"type": "Feature", "geometry": {"type": "LineString", "coordinates": [[73.0252356407444, 51.800520596863564], [72.99788797641966, 51.81492096610903]]}, "properties": {"source": "1133748", "target": "11229558"}}, {"type": "Feature", "geometry": {"type": "LineString", "coordinates": [[73.0252356407444, 51.800520596863564], [73.07214555933749, 51.80778385758805]]}, "properties": {"source": "1133748", "target": "10609"}}, {"type": "Feature", "geometry": {"type": "LineString", "coordinates": [[73.06087726633345, 51.822171042158985], [73.07067042223738, 51.82344236051536]]}, "properties": {"source": "190976", "target": "2352358"}}, {"type": "Feature", "geometry": {"type": "LineString", "coordinates": [[73.06087726633345, 51.822171042158985], [73.05487743922146, 51.80504490536299]]}, "properties": {"source": "190976", "target": "26836912"}}, {"type": "Feature", "geometry": {"type": "LineString", "coordinates": [[73.04867622266207, 51.819545354554606], [73.06622152075133, 51.83363856034478]]}, "properties": {"source": "30520932", "target": "36286400"}}, {"type": "Feature", "geometry": {"type": "LineString", "coordinates": [[73.04867622266207, 51.819545354554606], [73.01698551204464, 51.80719272651939]]}, "properties": {"source": "30520932", "target": "29222561"}}, {"type": "Feature", "geometry": {"type": "LineString", "coordinates": [[73.04867622266207, 51.819545354554606], [73.00125679826556, 51.83581612640744]]}, "properties": {"source": "30520932", "target": "31570473"}}, {"type": "Feature", "geometry": {"type": "LineString", "coordinates": [[73.04867622266207, 51.819545354554606], [73.00481032825837, 51.83281518890732]]}, "properties": {"source": "30520932", "target": "25364850"}}, {"type": "Feature", "geometry": {"type": "LineString", "coordinates": [[73.04867622266207, 51.819545354554606], [73.0960620793548, 51.81837710750237]]}, "properties": {"source": "30520932", "target": "24894002"}}, {"type": "Feature", "geometry": {"type": "LineString", "coordinates": [[73.04455455128561, 51.80386364211901], [73.01468730347923, 51.81800763510634]]}, "properties": {"source": "11194800", "target": "13084791"}}, {"type": "Feature", "geometry": {"type": "LineString", "coordinates": [[73.04455455128561, 51.80386364211901], [73.02107393046577, 51.813516595861515]]}, "properties": {"source": "11194800", "target": "11432139"}}, {"type": "Feature", "geometry": {"type": "LineString", "coordinates": [[73.04455455128561, 51.80386364211901], [73.08090898273932, 51.82180138354039]]}, "properties": {"source": "11194800", "target": "13451291"}}, {"type": "Feature", "geometry": {"type": "LineString", "coordinates": [[73.04455455128561, 51.80386364211901], [73.01578117812548, 51.80910328426263]]}, "properties": {"source": "11194800", "target": "10781779"}}, {"type": "Feature", "geometry": {"type": "LineString", "coordinates": [[73.04455455128561, 51.80386364211901], [73.04209343311587, 51.81644676904337]]}, "properties": {"source": "11194800", "target": "17304968"}}, {"type": "Feature", "geometry": {"type": "LineString", "coordinates": [[72.99957466706047, 51.82412199116648], [73.07000043049305, 51.8197590224201]]}, "properties": {"source": "30235647", "target": "34211699"}}, {"type": "Feature", "geometry": {"type": "LineString", "coordinates": [[72.99957466706047, 51.82412199116648], [72.99811286115647, 51.82720505182178]]}, "properties": {"source": "30235647", "target": "27259694"}}, {"type": "Feature", "geometry": {"type": "LineString", "coordinates": [[72.99957466706047, 51.82412199116648], [73.04677784651301, 51.800474159702574]]}, "properties": {"source": "30235647", "target": "12953998"}}, {"type": "Feature", "geometry": {"type": "LineString", "coordinates": [[72.99957466706047, 51.82412199116648], [73.00690167130693, 51.82307662619047]]}, "properties": {"source": "30235647", "target": "13413628"}}, {"type": "Feature", "geometry": {"type": "LineString", "coordinates": [[72.99957466706047, 51.82412199116648], [73.07781040700402, 51.82290924032242]]}, "properties": {"source": "30235647", "target": "262844"}}, {"type": "Feature", "geometry": {"type": "LineString", "coordinates": [[72.99957466706047, 51.82412199116648], [73.05041436370408, 51.818245410533365]]}, "properties": {"source": "30235647", "target": "30094762"}}, {"type": "Feature", "geometry": {"type": "LineString", "coordinates": [[73.05523660869798, 51.83750985686065], [72.9964994362229, 51.817686115654524]]}, "properties": {"source": "9734601", "target": "948304"}}, {"type": "Feature", "geometry": {"type": "LineString", "coordinates": [[73.05523660869798, 51.83750985686065], [73.10625879938013, 51.82015538873307]]}, "properties": {"source": "9734601", "target": "9036325"}}, {"type": "Feature", "geometry": {"type": "LineString", "coordinates": [[73.05523660869798, 51.83750985686065], [73.05031190473716, 51.810483867361995]]}, "properties": {"source": "9734601", "target": "9686555"}}, {"type": "Feature", "geometry": {"type": "LineString", "coordinates": [[73.05523660869798, 51.83750985686065], [73.08461638379183, 51.81566033776106]]}, "properties": {"source": "9734601", "target": "9565664"}}, {"type": "Feature", "geometry": {"type": "LineString", "coordinates": [[73.00444981056461, 51.8141214735402], [72.99826636356761, 51.812223625480044]]}, "properties": {"source": "13244678", "target": "6568801"}}, {"type": "Feature", "geometry": {"type": "LineString", "coordinates": [[73.06783912434304, 51.8212926616235], [72.99729300016205, 51.82540152777038]]}, "properties": {"source": "13618229", "target": "18039797"}}, {"type": "Feature", "geometry": {"type": "LineString", "coordinates": [[73.06783912434304, 51.8212926616235], [73.07765286005198, 51.819333403093665]]}, "properties": {"source": "13618229", "target": "2637133"}}, {"type": "Feature", "geometry": {"type": "LineString", "coordinates": [[73.06783912434304, 51.8212926616235], [73.01319985447518, 51.819357733621175]]}, "properties": {"source": "13618229", "target": "18039803"}}, {"type": "Feature", "geometry": {"type": "LineString", "coordinates": [[73.07498125905263, 51.82918695524026], [72.9964994362229, 51.817686115654524]]}, "properties": {"source": "8671755", "target": "948304"}}, {"type": "Feature", "geometry": {"type": "LineString", "coordinates": [[73.07498125905263, 51.82918695524026], [73.00679065759451, 51.8307852950568]]}, "properties": {"source": "8671755", "target": "8475417"}}, {"type": "Feature", "geometry": {"type": "LineString", "coordinates": [[73.07498125905263, 51.82918695524026], [73.05031190473716, 51.810483867361995]]}, "properties": {"source": "8671755", "target": "9686555"}}, {"type": "Feature", "geometry": {"type": "LineString", "coordinates": [[73.07498125905263, 51.82918695524026], [73.06376176880116, 51.82001739737608]]}, "properties": {"source": "8671755", "target": "776302"}}, {"type": "Feature", "geometry": {"type": "LineString", "coordinates": [[73.03262118687601, 51.80981992123675], [73.0463212721273, 51.8230340415452]]}, "properties": {"source": "17997709", "target": "20909943"}}, {"type": "Feature", "geometry": {"type": "LineString", "coordinates": [[73.03262118687601, 51.80981992123675], [73.07682656758973, 51.828907809093934]]}, "properties": {"source": "17997709", "target": "18484638"}}, {"type": "Feature", "geometry": {"type": "LineString", "coordinates": [[73.03262118687601, 51.80981992123675], [73.00015701886431, 51.80228195473636]]}, "properties": {"source": "17997709", "target": "17252697"}}, {"type": "Feature", "geometry": {"type": "LineString", "coordinates": [[73.03262118687601, 51.80981992123675], [73.10514576306724, 51.83298388949579]]}, "properties": {"source": "17997709", "target": "18712162"}}, {"type": "Feature", "geometry": {"type": "LineString", "coordinates": [[73.01688835369723, 51.80414458148178], [73.01121641401065, 51.835028619087325]]}, "properties": {"source": "8036962", "target": "8181251"}}, {"type": "Feature", "geometry": {"type": "LineString", "coordinates": [[73.01688835369723, 51.80414458148178], [73.09934559144514, 51.80864387718022]]}, "properties": {"source": "8036962", "target": "12340431"}}, {"type": "Feature", "geometry": {"type": "LineString", "coordinates": [[73.01688835369723, 51.80414458148178], [73.06322059267725, 51.818829830182395]]}, "properties": {"source": "8036962", "target": "9251501"}}, {"type": "Feature", "geometry": {"type": "LineString", "coordinates": [[73.03318613327815, 51.82988867537385], [73.07067042223738, 51.82344236051536]]}, "properties": {"source": "17202629", "target": "2352358"}}, {"type": "Feature", "geometry": {"type": "LineString", "coordinates": [[73.03318613327815, 51.82988867537385], [73.01170897324272, 51.830869103273784]]}, "properties": {"source": "17202629", "target": "26075727"}}, {"type": "Feature", "geometry": {"type": "LineString", "coordinates": [[73.00934823131746, 51.811542730165215], [73.09392211821915, 51.82343368999423]]}, "properties": {"source": "32041226", "target": "22852848"}}, {"type": "Feature", "geometry": {"type": "LineString", "coordinates": [[73.00934823131746, 51.811542730165215], [73.07174525596386, 51.81836688632333]]}, "properties": {"source": "32041226", "target": "3387770"}}, {"type": "Feature", "geometry": {"type": "LineString", "coordinates": [[73.00934823131746, 51.811542730165215], [72.99788797641966, 51.81492096610903]]}, "properties": {"source": "32041226", "target": "11229558"}}, {"type": "Feature", "geometry": {"type": "LineString", "coordinates": [[73.00934823131746, 51.811542730165215], [73.0252356407444, 51.800520596863564]]}, "properties": {"source": "32041226", "target": "1133748"}}, {"type": "Feature", "geometry": {"type": "LineString", "coordinates": [[73.00934823131746, 51.811542730165215], [73.09381491444847, 51.82194862855489]]}, "properties": {"source": "32041226", "target": "12718767"}}, {"type": "Feature", "geometry": {"type": "LineString", "coordinates": [[73.00934823131746, 51.811542730165215], [72.99697654739995, 51.80385592273166]]}, "properties": {"source": "32041226", "target": "10321026"}}, {"type": "Feature", "geometry": {"type": "LineString", "coordinates": [[73.00934823131746, 51.811542730165215], [73.07396761012325, 51.8343003895765]]}, "properties": {"source": "32041226", "target": "2111583"}}, {"type": "Feature", "geometry": {"type": "LineString", "coordinates": [[73.00934823131746, 51.811542730165215], [73.0142738331763, 51.81674907966041]]}, "properties": {"source": "32041226", "target": "12190325"}}, {"type": "Feature", "geometry": {"type": "LineString", "coordinates": [[73.00934823131746, 51.811542730165215], [73.07308771141442, 51.81846913298702]]}, "properties": {"source": "32041226", "target": "2654772"}}, {"type": "Feature", "geometry": {"type": "LineString", "coordinates": [[73.00934823131746, 51.811542730165215], [73.0368631324269, 51.82307176527219]]}, "properties": {"source": "32041226", "target": "12940541"}}, {"type": "Feature", "geometry": {"type": "LineString", "coordinates": [[73.00934823131746, 51.811542730165215], [73.03839156190406, 51.816540722592734]]}, "properties": {"source": "32041226", "target": "13191202"}}, {"type": "Feature", "geometry": {"type": "LineString", "coordinates": [[73.04508974921771, 51.800743484912246], [72.9964994362229, 51.817686115654524]]}, "properties": {"source": "13519623", "target": "948304"}}, {"type": "Feature", "geometry": {"type": "LineString", "coordinates": [[73.06919773645657, 51.80704665677722], [73.10681024049916, 51.812991916124076]]}, "properties": {"source": "13108580", "target": "2061335"}}, {"type": "Feature", "geometry": {"type": "LineString", "coordinates": [[73.06919773645657, 51.80704665677722], [73.08075179149282, 51.81721980013779]]}, "properties": {"source": "13108580", "target": "16006346"}}, {"type": "Feature", "geometry": {"type": "LineString", "coordinates": [[73.06919773645657, 51.80704665677722], [73.00030427134337, 51.82406240399534]]}, "properties": {"source": "13108580", "target": "17375095"}}, {"type": "Feature", "geometry": {"type": "LineString", "coordinates": [[73.06919773645657, 51.80704665677722], [73.0653148411738, 51.83284058962161]]}, "properties": {"source": "13108580", "target": "30168293"}}, {"type": "Feature", "geometry": {"type": "LineString", "coordinates": [[73.06919773645657, 51.80704665677722], [73.045830451829, 51.82965075857581]]}, "properties": {"source": "13108580", "target": "12207539"}}, {"type": "Feature", "geometry": {"type": "LineString", "coordinates": [[73.10064868645318, 51.83035061464108], [73.11213420372883, 51.80828903188538]]}, "properties": {"source": "4943357", "target": "8714958"}}, {"type": "Feature", "geometry": {"type": "LineString", "coordinates": [[73.10064868645318, 51.83035061464108], [73.0948514260972, 51.814742154146785]]}, "properties": {"source": "4943357", "target": "8504174"}}, {"type": "Feature", "geometry": {"type": "LineString", "coordinates": [[73.10064868645318, 51.83035061464108], [73.05726132531692, 51.83718924305049]]}, "properties": {"source": "4943357", "target": "7430094"}}, {"type": "Feature", "geometry": {"type": "LineString", "coordinates": [[73.10064868645318, 51.83035061464108], [73.01057096939886, 51.818852977319466]]}, "properties": {"source": "4943357", "target": "4416807"}}, {"type": "Feature", "geometry": {"type": "LineString", "coordinates": [[73.08360250731337, 51.80956640520357], [73.07214555933749, 51.80778385758805]]}, "properties": {"source": "62359", "target": "10609"}}, {"type": "Feature", "geometry": {"type": "LineString", "coordinates": [[73.08360250731337, 51.80956640520357], [73.02856812290457, 51.83218040848634]]}, "properties": {"source": "62359", "target": "6785351"}}, {"type": "Feature", "geometry": {"type": "LineString", "coordinates": [[73.10701157934886, 51.81882482264889], [73.06924657979374, 51.82768262999646]]}, "properties": {"source": "17131082", "target": "8339092"}}, {"type": "Feature", "geometry": {"type": "LineString", "coordinates": [[73.10701157934886, 51.81882482264889], [73.04675310077533, 51.813892326080065]]}, "properties": {"source": "17131082", "target": "16141555"}}, {"type": "Feature", "geometry": {"type": "LineString", "coordinates": [[73.03665269749186, 51.832825878670846], [73.01395305869332, 51.8146358532007]]}, "properties": {"source": "16117911", "target": "99500"}}, {"type": "Feature", "geometry": {"type": "LineString", "coordinates": [[73.03665269749186, 51.832825878670846], [73.09986440265578, 51.824167701959695]]}, "properties": {"source": "16117911", "target": "99495"}}, {"type": "Feature", "geometry": {"type": "LineString", "coordinates": [[73.02142551279368, 51.81910924182566], [73.0739208238771, 51.80345288743081]]}, "properties": {"source": "24330354", "target": "19432037"}}, {"type": "Feature", "geometry": {"type": "LineString", "coordinates": [[73.02142551279368, 51.81910924182566], [73.00797902155412, 51.83540296304871]]}, "properties": {"source": "24330354", "target": "23335584"}}, {"type": "Feature", "geometry": {"type": "LineString", "coordinates": [[73.02142551279368, 51.81910924182566], [73.08872752115352, 51.81315207638448]]}, "properties": {"source": "24330354", "target": "20869611"}}, {"type": "Feature", "geometry": {"type": "LineString", "coordinates": [[73.02142551279368, 51.81910924182566], [73.02835020756646, 51.832296521047866]]}, "properties": {"source": "24330354", "target": "29069967"}}, {"type": "Feature", "geometry": {"type": "LineString", "coordinates": [[73.0960620793548, 51.81837710750237], [73.01698551204464, 51.80719272651939]]}, "properties": {"source": "24894002", "target": "29222561"}}, {"type": "Feature", "geometry": {"type": "LineString", "coordinates": [[73.04468897095438, 51.802729647644085], [73.08735818527595, 51.834566994257116]]}, "properties": {"source": "1763021", "target": "13558183"}}, {"type": "Feature", "geometry": {"type": "LineString", "coordinates": [[73.04468897095438, 51.802729647644085], [73.04126096093535, 51.81168314972267]]}, "properties": {"source": "1763021", "target": "10045457"}}, {"type": "Feature", "geometry": {"type": "LineString", "coordinates": [[73.04468897095438, 51.802729647644085], [72.99924363629862, 51.819945807154895]]}, "properties": {"source": "1763021", "target": "16055839"}}, {"type": "Feature", "geometry": {"type": "LineString", "coordinates": [[73.04468897095438, 51.802729647644085], [73.07910340751837, 51.81178303082167]]}, "properties": {"source": "1763021", "target": "1680933"}}, {"type": "Feature", "geometry": {"type": "LineString", "coordinates": [[73.04468897095438, 51.802729647644085], [73.03143626639755, 51.83557131609889]]}, "properties": {"source": "1763021", "target": "11782403"}}, {"type": "Feature", "geometry": {"type": "LineString", "coordinates": [[73.04468897095438, 51.802729647644085], [73.0276336988008, 51.80403053918823]]}, "properties": {"source": "1763021", "target": "101678"}}, {"type": "Feature", "geometry": {"type": "LineString", "coordinates": [[73.00247559729982, 51.80244757336936], [72.99763406920093, 51.82702866503065]]}, "properties": {"source": "6947879", "target": "4202513"}}, {"type": "Feature", "geometry": {"type": "LineString", "coordinates": [[73.00247559729982, 51.80244757336936], [73.0937948466347, 51.83818600415654]]}, "properties": {"source": "6947879", "target": "4184400"}}, {"type": "Feature", "geometry": {"type": "LineString", "coordinates": [[73.00247559729982, 51.80244757336936], [73.05882508382783, 51.79992613008655]]}, "properties": {"source": "6947879", "target": "902854"}}, {"type": "Feature", "geometry": {"type": "LineString", "coordinates": [[73.00247559729982, 51.80244757336936], [73.0329584130354, 51.827308374064955]]}, "properties": {"source": "6947879", "target": "98107"}}, {"type": "Feature", "geometry": {"type": "LineString", "coordinates": [[73.00247559729982, 51.80244757336936], [73.02131575740339, 51.838264031413544]]}, "properties": {"source": "6947879", "target": "9498888"}}, {"type": "Feature", "geometry": {"type": "LineString", "coordinates": [[73.00934823131746, 51.811542730165215], [73.00294198997256, 51.82654478351698]]}, "properties": {"source": "32041226", "target": "30356671"}}, {"type": "Feature", "geometry": {"type": "LineString", "coordinates": [[73.00934823131746, 51.811542730165215], [73.07761090404338, 51.82950243412586]]}, "properties": {"source": "32041226", "target": "3765016"}}, {"type": "Feature", "geometry": {"type": "LineString", "coordinates": [[73.00934823131746, 51.811542730165215], [73.07853047620088, 51.81421893567074]]}, "properties": {"source": "32041226", "target": "22816088"}}, {"type": "Feature", "geometry": {"type": "LineString", "coordinates": [[73.00934823131746, 51.811542730165215], [73.07198361871656, 51.82426182605872]]}, "properties": {"source": "32041226", "target": "2325855"}}, {"type": "Feature", "geometry": {"type": "LineString", "coordinates": [[73.00934823131746, 51.811542730165215], [73.0510793675191, 51.83398606934095]]}, "properties": {"source": "32041226", "target": "24552896"}}, {"type": "Feature", "geometry": {"type": "LineString", "coordinates": [[73.05428121644451, 51.8149597151162], [73.08735818527595, 51.834566994257116]]}, "properties": {"source": "9528055", "target": "13558183"}}, {"type": "Feature", "geometry": {"type": "LineString", "coordinates": [[73.05428121644451, 51.8149597151162], [73.01942790363688, 51.83087806059848]]}, "properties": {"source": "9528055", "target": "833985"}}, {"type": "Feature", "geometry": {"type": "LineString", "coordinates": [[73.05428121644451, 51.8149597151162], [73.05523660869798, 51.83750985686065]]}, "properties": {"source": "9528055", "target": "9734601"}}, {"type": "Feature", "geometry": {"type": "LineString", "coordinates": [[73.05428121644451, 51.8149597151162], [72.99924363629862, 51.819945807154895]]}, "properties": {"source": "9528055", "target": "16055839"}}, {"type": "Feature", "geometry": {"type": "LineString", "coordinates": [[73.09276702784487, 51.82596314771709], [73.05882508382783, 51.79992613008655]]}, "properties": {"source": "9686566", "target": "902854"}}, {"type": "Feature", "geometry": {"type": "LineString", "coordinates": [[73.09276702784487, 51.82596314771709], [72.9964994362229, 51.817686115654524]]}, "properties": {"source": "9686566", "target": "948304"}}, {"type": "Feature", "geometry": {"type": "LineString", "coordinates": [[73.09276702784487, 51.82596314771709], [73.09298844515072, 51.82370086453177]]}, "properties": {"source": "9686566", "target": "9773348"}}, {"type": "Feature", "geometry": {"type": "LineString", "coordinates": [[73.09276702784487, 51.82596314771709], [73.0329584130354, 51.827308374064955]]}, "properties": {"source": "9686566", "target": "98107"}}, {"type": "Feature", "geometry": {"type": "LineString", "coordinates": [[73.09276702784487, 51.82596314771709], [73.0843315767687, 51.82933560408877]]}, "properties": {"source": "9686566", "target": "8526892"}}, {"type": "Feature", "geometry": {"type": "LineString", "coordinates": [[73.09276702784487, 51.82596314771709], [73.02131575740339, 51.838264031413544]]}, "properties": {"source": "9686566", "target": "9498888"}}, {"type": "Feature", "geometry": {"type": "LineString", "coordinates": [[73.09276702784487, 51.82596314771709], [73.00679065759451, 51.8307852950568]]}, "properties": {"source": "9686566", "target": "8475417"}}, {"type": "Feature", "geometry": {"type": "LineString", "coordinates": [[73.04688565114293, 51.801147847584346], [73.0863102389167, 51.8234394222802]]}, "properties": {"source": "126302", "target": "34847787"}}, {"type": "Feature", "geometry": {"type": "LineString", "coordinates": [[73.04688565114293, 51.801147847584346], [73.07496580404677, 51.831317354819674]]}, "properties": {"source": "126302", "target": "36125570"}}, {"type": "Feature", "geometry": {"type": "LineString", "coordinates": [[73.04688565114293, 51.801147847584346], [73.08671048789154, 51.820956552896575]]}, "properties": {"source": "126302", "target": "35181991"}}, {"type": "Feature", "geometry": {"type": "LineString", "coordinates": [[73.04688565114293, 51.801147847584346], [73.06622152075133, 51.83363856034478]]}, "properties": {"source": "126302", "target": "36286400"}}, {"type": "Feature", "geometry": {"type": "LineString", "coordinates": [[73.04688565114293, 51.801147847584346], [73.01698551204464, 51.80719272651939]]}, "properties": {"source": "126302", "target": "29222561"}}, {"type": "Feature", "geometry": {"type": "LineString", "coordinates": [[73.11017094740515, 51.82047613254791], [73.09350720479708, 51.819546759276236]]}, "properties": {"source": "8274551", "target": "7872926"}}, {"type": "Feature", "geometry": {"type": "LineString", "coordinates": [[73.11017094740515, 51.82047613254791], [73.07498125905263, 51.82918695524026]]}, "properties": {"source": "8274551", "target": "8671755"}}, {"type": "Feature", "geometry": {"type": "LineString", "coordinates": [[73.11017094740515, 51.82047613254791], [73.02990926888583, 51.81168699003668]]}, "properties": {"source": "8274551", "target": "7302943"}}, {"type": "Feature", "geometry": {"type": "LineString", "coordinates": [[73.11017094740515, 51.82047613254791], [73.07259332332802, 51.824251128587264]]}, "properties": {"source": "8274551", "target": "7438024"}}, {"type": "Feature", "geometry": {"type": "LineString", "coordinates": [[73.0655958688865, 51.805534328073264], [73.00481032825837, 51.83281518890732]]}, "properties": {"source": "22319999", "target": "25364850"}}, {"type": "Feature", "geometry": {"type": "LineString", "coordinates": [[73.0655958688865, 51.805534328073264], [73.04177548243217, 51.83415535007788]]}, "properties": {"source": "22319999", "target": "30323481"}}, {"type": "Feature", "geometry": {"type": "LineString", "coordinates": [[73.0655958688865, 51.805534328073264], [73.0008255470591, 51.800059700019105]]}, "properties": {"source": "22319999", "target": "30323463"}}, {"type": "Feature", "geometry": {"type": "LineString", "coordinates": [[73.0655958688865, 51.805534328073264], [73.09292180447827, 51.835927827873064]]}, "properties": {"source": "22319999", "target": "22064295"}}, {"type": "Feature", "geometry": {"type": "LineString", "coordinates": [[73.0655958688865, 51.805534328073264], [73.02142551279368, 51.81910924182566]]}, "properties": {"source": "22319999", "target": "24330354"}}, {"type": "Feature", "geometry": {"type": "LineString", "coordinates": [[73.0655958688865, 51.805534328073264], [72.99915555906193, 51.81240163385719]]}, "properties": {"source": "22319999", "target": "22064268"}}, {"type": "Feature", "geometry": {"type": "LineString", "coordinates": [[73.0655958688865, 51.805534328073264], [72.99941778132623, 51.82784219667907]]}, "properties": {"source": "22319999", "target": "24323475"}}, {"type": "Feature", "geometry": {"type": "LineString", "coordinates": [[73.04351045703152, 51.82660477380186], [73.09445001390984, 51.79975170464081]]}, "properties": {"source": "3390064", "target": "33777903"}}, {"type": "Feature", "geometry": {"type": "LineString", "coordinates": [[73.04351045703152, 51.82660477380186], [73.07660971532528, 51.82548231421305]]}, "properties": {"source": "3390064", "target": "3390057"}}, {"type": "Feature", "geometry": {"type": "LineString", "coordinates": [[73.04351045703152, 51.82660477380186], [73.02588641550881, 51.80611005631184]]}, "properties": {"source": "3390064", "target": "297388"}}, {"type": "Feature", "geometry": {"type": "LineString", "coordinates": [[73.04351045703152, 51.82660477380186], [73.01280479105645, 51.813877782339205]]}, "properties": {"source": "3390064", "target": "3371578"}}, {"type": "Feature", "geometry": {"type": "LineString", "coordinates": [[73.04351045703152, 51.82660477380186], [73.0292452009337, 51.83562442938586]]}, "properties": {"source": "3390064", "target": "10456032"}}, {"type": "Feature", "geometry": {"type": "LineString", "coordinates": [[73.00518483658988, 51.81718506780054], [73.02966332836951, 51.81309455822992]]}, "properties": {"source": "8561940", "target": "28480220"}}, {"type": "Feature", "geometry": {"type": "LineString", "coordinates": [[73.1015029477893, 51.820992062199096], [73.07682656758973, 51.828907809093934]]}, "properties": {"source": "16141563", "target": "18484638"}}, {"type": "Feature", "geometry": {"type": "LineString", "coordinates": [[73.1015029477893, 51.820992062199096], [72.99729300016205, 51.82540152777038]]}, "properties": {"source": "16141563", "target": "18039797"}}, {"type": "Feature", "geometry": {"type": "LineString", "coordinates": [[73.00797902155412, 51.83540296304871], [73.00481032825837, 51.83281518890732]]}, "properties": {"source": "23335584", "target": "25364850"}}, {"type": "Feature", "geometry": {"type": "LineString", "coordinates": [[73.00797902155412, 51.83540296304871], [73.05708964098486, 51.83117695469194]]}, "properties": {"source": "23335584", "target": "18143119"}}, {"type": "Feature", "geometry": {"type": "LineString", "coordinates": [[73.00349898309744, 51.816560318447074], [73.0059044264994, 51.835182214354504]]}, "properties": {"source": "21841705", "target": "28097635"}}, {"type": "Feature", "geometry": {"type": "LineString", "coordinates": [[73.10467691184246, 51.82324413602926], [73.07313364674789, 51.821121805189534]]}, "properties": {"source": "6615715", "target": "7161070"}}, {"type": "Feature", "geometry": {"type": "LineString", "coordinates": [[73.10467691184246, 51.82324413602926], [73.08955972594137, 51.81407721093653]]}, "properties": {"source": "6615715", "target": "8719673"}}, {"type": "Feature", "geometry": {"type": "LineString", "coordinates": [[73.10251542824332, 51.81121671931642], [73.098333913175, 51.83392465912297]]}, "properties": {"source": "28678694", "target": "429955"}}, {"type": "Feature", "geometry": {"type": "LineString", "coordinates": [[73.07449835395494, 51.812539870310644], [73.10498966303152, 51.814372087981965]]}, "properties": {"source": "6391136", "target": "6404563"}}, {"type": "Feature", "geometry": {"type": "LineString", "coordinates": [[73.01951587228808, 51.82944100079237], [73.06839761177989, 51.80052778303396]]}, "properties": {"source": "7902503", "target": "8776687"}}, {"type": "Feature", "geometry": {"type": "LineString", "coordinates": [[73.08671048789154, 51.820956552896575], [73.02441828483597, 51.8361901348696]]}, "properties": {"source": "35181991", "target": "13066821"}}, {"type": "Feature", "geometry": {"type": "LineString", "coordinates": [[73.08671048789154, 51.820956552896575], [73.07660971532528, 51.82548231421305]]}, "properties": {"source": "35181991", "target": "3390057"}}, {"type": "Feature", "geometry": {"type": "LineString", "coordinates": [[73.08671048789154, 51.820956552896575], [73.02588641550881, 51.80611005631184]]}, "properties": {"source": "35181991", "target": "297388"}}, {"type": "Feature", "geometry": {"type": "LineString", "coordinates": [[73.08671048789154, 51.820956552896575], [73.00902558587404, 51.812894651766314]]}, "properties": {"source": "35181991", "target": "3231448"}}, {"type": "Feature", "geometry": {"type": "LineString", "coordinates": [[73.08671048789154, 51.820956552896575], [72.99764448947673, 51.83062828153318]]}, "properties": {"source": "35181991", "target": "12228628"}}, {"type": "Feature", "geometry": {"type": "LineString", "coordinates": [[73.08671048789154, 51.820956552896575], [73.020031222677, 51.815851566079175]]}, "properties": {"source": "35181991", "target": "10504539"}}, {"type": "Feature", "geometry": {"type": "LineString", "coordinates": [[73.098674847599, 51.80379478657322], [73.05882508382783, 51.79992613008655]]}, "properties": {"source": "8632531", "target": "902854"}}, {"type": "Feature", "geometry": {"type": "LineString", "coordinates": [[73.098674847599, 51.80379478657322], [73.00247559729982, 51.80244757336936]]}, "properties": {"source": "8632531", "target": "6947879"}}, {"type": "Feature", "geometry": {"type": "LineString", "coordinates": [[73.098674847599, 51.80379478657322], [73.09276702784487, 51.82596314771709]]}, "properties": {"source": "8632531", "target": "9686566"}}, {"type": "Feature", "geometry": {"type": "LineString", "coordinates": [[73.098674847599, 51.80379478657322], [73.0244252921274, 51.808825293600236]]}, "properties": {"source": "8632531", "target": "6391108"}}, {"type": "Feature", "geometry": {"type": "LineString", "coordinates": [[73.098674847599, 51.80379478657322], [73.0329584130354, 51.827308374064955]]}, "properties": {"source": "8632531", "target": "98107"}}, {"type": "Feature", "geometry": {"type": "LineString", "coordinates": [[73.098674847599, 51.80379478657322], [73.03926886476142, 51.823590285154154]]}, "properties": {"source": "8632531", "target": "9151092"}}, {"type": "Feature", "geometry": {"type": "LineString", "coordinates": [[73.098674847599, 51.80379478657322], [73.05629481797544, 51.80742507444198]]}, "properties": {"source": "8632531", "target": "5463493"}}, {"type": "Feature", "geometry": {"type": "LineString", "coordinates": [[73.098674847599, 51.80379478657322], [73.0843315767687, 51.82933560408877]]}, "properties": {"source": "8632531", "target": "8526892"}}, {"type": "Feature", "geometry": {"type": "LineString", "coordinates": [[73.098674847599, 51.80379478657322], [73.02131575740339, 51.838264031413544]]}, "properties": {"source": "8632531", "target": "9498888"}}, {"type": "Feature", "geometry": {"type": "LineString", "coordinates": [[73.098674847599, 51.80379478657322], [73.02558742854015, 51.799711423892816]]}, "properties": {"source": "8632531", "target": "62354"}}, {"type": "Feature", "geometry": {"type": "LineString", "coordinates": [[73.11238608836462, 51.80362882613474], [73.09182064826987, 51.814035022280564]]}, "properties": {"source": "73496", "target": "6754443"}}, {"type": "Feature", "geometry": {"type": "LineString", "coordinates": [[73.00763272504324, 51.805053322946705], [73.05487743922146, 51.80504490536299]]}, "properties": {"source": "2535073", "target": "26836912"}}, {"type": "Feature", "geometry": {"type": "LineString", "coordinates": [[73.10745022862136, 51.81283685094617], [73.02260023834668, 51.83526065351559]]}, "properties": {"source": "25591128", "target": "25326657"}}, {"type": "Feature", "geometry": {"type": "LineString", "coordinates": [[73.04402660554572, 51.816579534206966], [73.10498966303152, 51.814372087981965]]}, "properties": {"source": "18713700", "target": "6404563"}}, {"type": "Feature", "geometry": {"type": "LineString", "coordinates": [[73.04402660554572, 51.816579534206966], [73.03241167982563, 51.82224899208133]]}, "properties": {"source": "18713700", "target": "19243415"}}, {"type": "Feature", "geometry": {"type": "LineString", "coordinates": [[73.04614616858794, 51.83417420787771], [73.05543878605678, 51.79987946439927]]}, "properties": {"source": "17985684", "target": "1794071"}}, {"type": "Feature", "geometry": {"type": "LineString", "coordinates": [[73.06282884960186, 51.81500416356948], [73.10014248924628, 51.810462543223124]]}, "properties": {"source": "13575314", "target": "6965404"}}, {"type": "Feature", "geometry": {"type": "LineString", "coordinates": [[73.00668897914764, 51.802775713934594], [73.0747549259656, 51.80519348741785]]}, "properties": {"source": "31540540", "target": "29586537"}}, {"type": "Feature", "geometry": {"type": "LineString", "coordinates": [[73.01828816640005, 51.8202125315873], [73.05590484775331, 51.816167718815734]]}, "properties": {"source": "8665502", "target": "12262425"}}, {"type": "Feature", "geometry": {"type": "LineString", "coordinates": [[73.01828816640005, 51.8202125315873], [73.0192945181023, 51.80067802062207]]}, "properties": {"source": "8665502", "target": "10611130"}}, {"type": "Feature", "geometry": {"type": "LineString", "coordinates": [[73.03283275343358, 51.831432105151805], [73.0433127296804, 51.81613972122784]]}, "properties": {"source": "28209631", "target": "28257615"}}, {"type": "Feature", "geometry": {"type": "LineString", "coordinates": [[73.03283275343358, 51.831432105151805], [73.01324086751589, 51.801410060298934]]}, "properties": {"source": "28209631", "target": "29662504"}}, {"type": "Feature", "geometry": {"type": "LineString", "coordinates": [[73.0276336988008, 51.80403053918823], [73.02690761309177, 51.83662616741729]]}, "properties": {"source": "101678", "target": "23438061"}}, {"type": "Feature", "geometry": {"type": "LineString", "coordinates": [[73.0276336988008, 51.80403053918823], [73.05511999190665, 51.826789858571885]]}, "properties": {"source": "101678", "target": "1582251"}}, {"type": "Feature", "geometry": {"type": "LineString", "coordinates": [[73.10461039861232, 51.80465009947993], [73.04677784651301, 51.800474159702574]]}, "properties": {"source": "2256827", "target": "12953998"}}, {"type": "Feature", "geometry": {"type": "LineString", "coordinates": [[73.06399888898497, 51.80664599785567], [73.0747549259656, 51.80519348741785]]}, "properties": {"source": "12232242", "target": "29586537"}}, {"type": "Feature", "geometry": {"type": "LineString", "coordinates": [[73.04472356812201, 51.81603197183492], [73.0345612415775, 51.807876247176495]]}, "properties": {"source": "16164522", "target": "12911644"}}, {"type": "Feature", "geometry": {"type": "LineString", "coordinates": [[73.04472356812201, 51.81603197183492], [73.0270432411871, 51.83625634296784]]}, "properties": {"source": "16164522", "target": "10959898"}}, {"type": "Feature", "geometry": {"type": "LineString", "coordinates": [[73.08461638379183, 51.81566033776106], [73.09069492446352, 51.83803981048598]]}, "properties": {"source": "9565664", "target": "7934296"}}, {"type": "Feature", "geometry": {"type": "LineString", "coordinates": [[73.08461638379183, 51.81566033776106], [73.10625879938013, 51.82015538873307]]}, "properties": {"source": "9565664", "target": "9036325"}}, {"type": "Feature", "geometry": {"type": "LineString", "coordinates": [[73.08461638379183, 51.81566033776106], [73.10586277619899, 51.808471151683335]]}, "properties": {"source": "9565664", "target": "18878490"}}, {"type": "Feature", "geometry": {"type": "LineString", "coordinates": [[73.03149977823117, 51.83238577793952], [73.0948514260972, 51.814742154146785]]}, "properties": {"source": "26165470", "target": "8504174"}}, {"type": "Feature", "geometry": {"type": "LineString", "coordinates": [[73.03149977823117, 51.83238577793952], [73.05726132531692, 51.83718924305049]]}, "properties": {"source": "26165470", "target": "7430094"}}, {"type": "Feature", "geometry": {"type": "LineString", "coordinates": [[73.03149977823117, 51.83238577793952], [73.09670332320607, 51.809065908838534]]}, "properties": {"source": "26165470", "target": "28508698"}}, {"type": "Feature", "geometry": {"type": "LineString", "coordinates": [[73.03149977823117, 51.83238577793952], [72.99777965034207, 51.83816137157264]]}, "properties": {"source": "26165470", "target": "28532228"}}, {"type": "Feature", "geometry": {"type": "LineString", "coordinates": [[73.03149977823117, 51.83238577793952], [73.01057096939886, 51.818852977319466]]}, "properties": {"source": "26165470", "target": "4416807"}}, {"type": "Feature", "geometry": {"type": "LineString", "coordinates": [[73.03149977823117, 51.83238577793952], [73.05792316815288, 51.81124898898355]]}, "properties": {"source": "26165470", "target": "6413631"}}, {"type": "Feature", "geometry": {"type": "LineString", "coordinates": [[73.03149977823117, 51.83238577793952], [73.01050774221301, 51.82946290756249]]}, "properties": {"source": "26165470", "target": "24073935"}}, {"type": "Feature", "geometry": {"type": "LineString", "coordinates": [[73.03149977823117, 51.83238577793952], [73.09405280366275, 51.83247071796585]]}, "properties": {"source": "26165470", "target": "22736429"}}, {"type": "Feature", "geometry": {"type": "LineString", "coordinates": [[73.03149977823117, 51.83238577793952], [73.04692162818395, 51.83439627859306]]}, "properties": {"source": "26165470", "target": "13058984"}}, {"type": "Feature", "geometry": {"type": "LineString", "coordinates": [[73.0886520040685, 51.83644429148799], [73.0863102389167, 51.8234394222802]]}, "properties": {"source": "19185440", "target": "34847787"}}, {"type": "Feature", "geometry": {"type": "LineString", "coordinates": [[73.0886520040685, 51.83644429148799], [73.03900324642973, 51.82112298303181]]}, "properties": {"source": "19185440", "target": "20898763"}}, {"type": "Feature", "geometry": {"type": "LineString", "coordinates": [[72.99763406920093, 51.82702866503065], [73.09041661947407, 51.8154963797697]]}, "properties": {"source": "4202513", "target": "6897469"}}, {"type": "Feature", "geometry": {"type": "LineString", "coordinates": [[72.99763406920093, 51.82702866503065], [73.07308771141442, 51.81846913298702]]}, "properties": {"source": "4202513", "target": "2654772"}}, {"type": "Feature", "geometry": {"type": "LineString", "coordinates": [[72.99763406920093, 51.82702866503065], [73.03839156190406, 51.816540722592734]]}, "properties": {"source": "4202513", "target": "13191202"}}, {"type": "Feature", "geometry": {"type": "LineString", "coordinates": [[73.0937948466347, 51.83818600415654], [73.05487743922146, 51.80504490536299]]}, "properties": {"source": "4184400", "target": "26836912"}}, {"type": "Feature", "geometry": {"type": "LineString", "coordinates": [[73.0937948466347, 51.83818600415654], [73.0510793675191, 51.83398606934095]]}, "properties": {"source": "4184400", "target": "24552896"}}, {"type": "Feature", "geometry": {"type": "LineString", "coordinates": [[73.0937948466347, 51.83818600415654], [72.99788797641966, 51.81492096610903]]}, "properties": {"source": "4184400", "target": "11229558"}}, {"type": "Feature", "geometry": {"type": "LineString", "coordinates": [[73.0937948466347, 51.83818600415654], [73.07308771141442, 51.81846913298702]]}, "properties": {"source": "4184400", "target": "2654772"}}, {"type": "Feature", "geometry": {"type": "LineString", "coordinates": [[73.0937948466347, 51.83818600415654], [73.03839156190406, 51.816540722592734]]}, "properties": {"source": "4184400", "target": "13191202"}}, {"type": "Feature", "geometry": {"type": "LineString", "coordinates": [[73.11213420372883, 51.80828903188538], [73.06839761177989, 51.80052778303396]]}, "properties": {"source": "8714958", "target": "8776687"}}, {"type": "Feature", "geometry": {"type": "LineString", "coordinates": [[73.11213420372883, 51.80828903188538], [73.09069492446352, 51.83803981048598]]}, "properties": {"source": "8714958", "target": "7934296"}}, {"type": "Feature", "geometry": {"type": "LineString", "coordinates": [[73.11213420372883, 51.80828903188538], [73.09606335917047, 51.83719680068519]]}, "properties": {"source": "8714958", "target": "7935023"}}, {"type": "Feature", "geometry": {"type": "LineString", "coordinates": [[73.11213420372883, 51.80828903188538], [73.0948514260972, 51.814742154146785]]}, "properties": {"source": "8714958", "target": "8504174"}}, {"type": "Feature", "geometry": {"type": "LineString", "coordinates": [[73.11213420372883, 51.80828903188538], [73.04380069906821, 51.81043293570323]]}, "properties": {"source": "8714958", "target": "8577965"}}, {"type": "Feature", "geometry": {"type": "LineString", "coordinates": [[73.11213420372883, 51.80828903188538], [73.05726132531692, 51.83718924305049]]}, "properties": {"source": "8714958", "target": "7430094"}}, {"type": "Feature", "geometry": {"type": "LineString", "coordinates": [[73.11213420372883, 51.80828903188538], [72.99777965034207, 51.83816137157264]]}, "properties": {"source": "8714958", "target": "28532228"}}, {"type": "Feature", "geometry": {"type": "LineString", "coordinates": [[73.11213420372883, 51.80828903188538], [73.07307960047171, 51.79990927165362]]}, "properties": {"source": "8714958", "target": "5536441"}}, {"type": "Feature", "geometry": {"type": "LineString", "coordinates": [[73.03936611937291, 51.822222501931776], [73.07606082569745, 51.804470375728656]]}, "properties": {"source": "25757300", "target": "25041228"}}, {"type": "Feature", "geometry": {"type": "LineString", "coordinates": [[73.03936611937291, 51.822222501931776], [72.99765013351822, 51.81925722418356]]}, "properties": {"source": "25757300", "target": "27993611"}}, {"type": "Feature", "geometry": {"type": "LineString", "coordinates": [[73.03936611937291, 51.822222501931776], [73.06569094040739, 51.821121772857154]]}, "properties": {"source": "25757300", "target": "28487182"}}, {"type": "Feature", "geometry": {"type": "LineString", "coordinates": [[73.03936611937291, 51.822222501931776], [73.09396160859629, 51.82219274077879]]}, "properties": {"source": "25757300", "target": "23403267"}}, {"type": "Feature", "geometry": {"type": "LineString", "coordinates": [[73.03936611937291, 51.822222501931776], [73.03705101577873, 51.801797404370404]]}, "properties": {"source": "25757300", "target": "10162395"}}, {"type": "Feature", "geometry": {"type": "LineString", "coordinates": [[73.09344360773568, 51.79953713384505], [73.10955250495857, 51.834201878434214]]}, "properties": {"source": "27397457", "target": "28078927"}}, {"type": "Feature", "geometry": {"type": "LineString", "coordinates": [[73.09344360773568, 51.79953713384505], [73.0067986808562, 51.800137189305616]]}, "properties": {"source": "27397457", "target": "29394912"}}, {"type": "Feature", "geometry": {"type": "LineString", "coordinates": [[73.0563477165922, 51.838005015761865], [73.02566024032757, 51.83742900326938]]}, "properties": {"source": "13477450", "target": "7161183"}}, {"type": "Feature", "geometry": {"type": "LineString", "coordinates": [[73.0563477165922, 51.838005015761865], [73.02690761309177, 51.83662616741729]]}, "properties": {"source": "13477450", "target": "23438061"}}, {"type": "Feature", "geometry": {"type": "LineString", "coordinates": [[73.0563477165922, 51.838005015761865], [73.05827810818337, 51.83273909470246]]}, "properties": {"source": "13477450", "target": "4955780"}}, {"type": "Feature", "geometry": {"type": "LineString", "coordinates": [[73.0563477165922, 51.838005015761865], [73.08955972594137, 51.81407721093653]]}, "properties": {"source": "13477450", "target": "8719673"}}, {"type": "Feature", "geometry": {"type": "LineString", "coordinates": [[73.0563477165922, 51.838005015761865], [73.08997724332383, 51.83106666120439]]}, "properties": {"source": "13477450", "target": "2480358"}}, {"type": "Feature", "geometry": {"type": "LineString", "coordinates": [[73.0563477165922, 51.838005015761865], [73.1028127432566, 51.83205103500502]]}, "properties": {"source": "13477450", "target": "15994494"}}, {"type": "Feature", "geometry": {"type": "LineString", "coordinates": [[73.0563477165922, 51.838005015761865], [73.01578117812548, 51.80910328426263]]}, "properties": {"source": "13477450", "target": "10781779"}}, {"type": "Feature", "geometry": {"type": "LineString", "coordinates": [[73.0563477165922, 51.838005015761865], [73.00690167130693, 51.82307662619047]]}, "properties": {"source": "13477450", "target": "13413628"}}, {"type": "Feature", "geometry": {"type": "LineString", "coordinates": [[73.05517201659873, 51.80212171118832], [73.11213420372883, 51.80828903188538]]}, "properties": {"source": "23292117", "target": "8714958"}}, {"type": "Feature", "geometry": {"type": "LineString", "coordinates": [[73.00294950829971, 51.82571797020819], [73.02558742854015, 51.799711423892816]]}, "properties": {"source": "58136", "target": "62354"}}, {"type": "Feature", "geometry": {"type": "LineString", "coordinates": [[73.00294950829971, 51.82571797020819], [73.08850764296804, 51.80238001979026]]}, "properties": {"source": "58136", "target": "6660139"}}, {"type": "Feature", "geometry": {"type": "LineString", "coordinates": [[73.09679393806613, 51.80447435476631], [73.03241167982563, 51.82224899208133]]}, "properties": {"source": "18105545", "target": "19243415"}}, {"type": "Feature", "geometry": {"type": "LineString", "coordinates": [[73.09679393806613, 51.80447435476631], [73.11001714926553, 51.81701601377415]]}, "properties": {"source": "18105545", "target": "18275915"}}, {"type": "Feature", "geometry": {"type": "LineString", "coordinates": [[73.09679393806613, 51.80447435476631], [73.04402660554572, 51.816579534206966]]}, "properties": {"source": "18105545", "target": "18713700"}}, {"type": "Feature", "geometry": {"type": "LineString", "coordinates": [[73.03318613327815, 51.82988867537385], [73.10873690538892, 51.82464213119795]]}, "properties": {"source": "17202629", "target": "26114589"}}, {"type": "Feature", "geometry": {"type": "LineString", "coordinates": [[73.05146372447737, 51.828449694849056], [73.0167890436438, 51.8011057084677]]}, "properties": {"source": "28595876", "target": "34533836"}}, {"type": "Feature", "geometry": {"type": "LineString", "coordinates": [[73.05146372447737, 51.828449694849056], [73.0729256426934, 51.83019372341842]]}, "properties": {"source": "28595876", "target": "29914911"}}, {"type": "Feature", "geometry": {"type": "LineString", "coordinates": [[73.05146372447737, 51.828449694849056], [73.06304618235123, 51.800306167395235]]}, "properties": {"source": "28595876", "target": "29755553"}}, {"type": "Feature", "geometry": {"type": "LineString", "coordinates": [[72.99772575565382, 51.811712175507324], [73.11001714926553, 51.81701601377415]]}, "properties": {"source": "20654551", "target": "18275915"}}, {"type": "Feature", "geometry": {"type": "LineString", "coordinates": [[72.99772575565382, 51.811712175507324], [73.07765286005198, 51.819333403093665]]}, "properties": {"source": "20654551", "target": "2637133"}}, {"type": "Feature", "geometry": {"type": "LineString", "coordinates": [[73.02769696344515, 51.831710328743014], [73.07984210715742, 51.82297792498093]]}, "properties": {"source": "11456368", "target": "34505606"}}, {"type": "Feature", "geometry": {"type": "LineString", "coordinates": [[73.02769696344515, 51.831710328743014], [73.0509445156774, 51.823714124124436]]}, "properties": {"source": "11456368", "target": "32999459"}}, {"type": "Feature", "geometry": {"type": "LineString", "coordinates": [[73.09076922976894, 51.805456775954326], [73.03241167982563, 51.82224899208133]]}, "properties": {"source": "23509371", "target": "19243415"}}, {"type": "Feature", "geometry": {"type": "LineString", "coordinates": [[73.09076922976894, 51.805456775954326], [73.00124729487186, 51.82672550359757]]}, "properties": {"source": "23509371", "target": "27237969"}}, {"type": "Feature", "geometry": {"type": "LineString", "coordinates": [[73.09076922976894, 51.805456775954326], [73.09679393806613, 51.80447435476631]]}, "properties": {"source": "23509371", "target": "18105545"}}, {"type": "Feature", "geometry": {"type": "LineString", "coordinates": [[73.11497635106159, 51.828468727904394], [73.01395305869332, 51.8146358532007]]}, "properties": {"source": "8707311", "target": "99500"}}, {"type": "Feature", "geometry": {"type": "LineString", "coordinates": [[73.11497635106159, 51.828468727904394], [73.09986440265578, 51.824167701959695]]}, "properties": {"source": "8707311", "target": "99495"}}, {"type": "Feature", "geometry": {"type": "LineString", "coordinates": [[73.11497635106159, 51.828468727904394], [73.08961324188945, 51.804569030114095]]}, "properties": {"source": "8707311", "target": "99486"}}, {"type": "Feature", "geometry": {"type": "LineString", "coordinates": [[73.11497635106159, 51.828468727904394], [73.02161986975509, 51.813890018874616]]}, "properties": {"source": "8707311", "target": "99523"}}, {"type": "Feature", "geometry": {"type": "LineString", "coordinates": [[73.11497635106159, 51.828468727904394], [73.08055178085093, 51.80953361619241]]}, "properties": {"source": "8707311", "target": "99499"}}, {"type": "Feature", "geometry": {"type": "LineString", "coordinates": [[73.11497635106159, 51.828468727904394], [73.05921629993534, 51.82443166770574]]}, "properties": {"source": "8707311", "target": "99489"}}, {"type": "Feature", "geometry": {"type": "LineString", "coordinates": [[73.00010884401061, 51.827964277598795], [73.0902366161404, 51.82331781756291]]}, "properties": {"source": "13610224", "target": "35882763"}}, {"type": "Feature", "geometry": {"type": "LineString", "coordinates": [[73.00010884401061, 51.827964277598795], [73.07496580404677, 51.831317354819674]]}, "properties": {"source": "13610224", "target": "36125570"}}, {"type": "Feature", "geometry": {"type": "LineString", "coordinates": [[73.00010884401061, 51.827964277598795], [73.08671048789154, 51.820956552896575]]}, "properties": {"source": "13610224", "target": "35181991"}}, {"type": "Feature", "geometry": {"type": "LineString", "coordinates": [[73.00010884401061, 51.827964277598795], [73.06622152075133, 51.83363856034478]]}, "properties": {"source": "13610224", "target": "36286400"}}, {"type": "Feature", "geometry": {"type": "LineString", "coordinates": [[73.00010884401061, 51.827964277598795], [73.01698551204464, 51.80719272651939]]}, "properties": {"source": "13610224", "target": "29222561"}}, {"type": "Feature", "geometry": {"type": "LineString", "coordinates": [[73.00010884401061, 51.827964277598795], [72.9964994362229, 51.817686115654524]]}, "properties": {"source": "13610224", "target": "948304"}}, {"type": "Feature", "geometry": {"type": "LineString", "coordinates": [[73.04508974921771, 51.800743484912246], [73.07496580404677, 51.831317354819674]]}, "properties": {"source": "13519623", "target": "36125570"}}, {"type": "Feature", "geometry": {"type": "LineString", "coordinates": [[73.04508974921771, 51.800743484912246], [73.08671048789154, 51.820956552896575]]}, "properties": {"source": "13519623", "target": "35181991"}}, {"type": "Feature", "geometry": {"type": "LineString", "coordinates": [[73.04508974921771, 51.800743484912246], [73.06622152075133, 51.83363856034478]]}, "properties": {"source": "13519623", "target": "36286400"}}, {"type": "Feature", "geometry": {"type": "LineString", "coordinates": [[73.04508974921771, 51.800743484912246], [73.01698551204464, 51.80719272651939]]}, "properties": {"source": "13519623", "target": "29222561"}}, {"type": "Feature", "geometry": {"type": "LineString", "coordinates": [[73.1028127432566, 51.83205103500502], [73.02690761309177, 51.83662616741729]]}, "properties": {"source": "15994494", "target": "23438061"}}, {"type": "Feature", "geometry": {"type": "LineString", "coordinates": [[73.07571374832852, 51.80353320191824], [73.01032592544655, 51.83070993299239]]}, "properties": {"source": "16035763", "target": "13561213"}}, {"type": "Feature", "geometry": {"type": "LineString", "coordinates": [[73.07571374832852, 51.80353320191824], [73.08176464940624, 51.83776445099191]]}, "properties": {"source": "16035763", "target": "19380816"}}, {"type": "Feature", "geometry": {"type": "LineString", "coordinates": [[73.07571374832852, 51.80353320191824], [73.08019195920997, 51.82838011652339]]}, "properties": {"source": "16035763", "target": "15724912"}}, {"type": "Feature", "geometry": {"type": "LineString", "coordinates": [[73.07571374832852, 51.80353320191824], [73.0897056294911, 51.83207138603687]]}, "properties": {"source": "16035763", "target": "3987998"}}, {"type": "Feature", "geometry": {"type": "LineString", "coordinates": [[73.01554151646522, 51.83666287075452], [73.08461638379183, 51.81566033776106]]}, "properties": {"source": "9748367", "target": "9565664"}}, {"type": "Feature", "geometry": {"type": "LineString", "coordinates": [[73.01554151646522, 51.83666287075452], [73.06924657979374, 51.82768262999646]]}, "properties": {"source": "9748367", "target": "8339092"}}, {"type": "Feature", "geometry": {"type": "LineString", "coordinates": [[72.99714327720511, 51.83471859138719], [73.09069492446352, 51.83803981048598]]}, "properties": {"source": "32786483", "target": "7934296"}}, {"type": "Feature", "geometry": {"type": "LineString", "coordinates": [[72.99714327720511, 51.83471859138719], [73.04177548243217, 51.83415535007788]]}, "properties": {"source": "32786483", "target": "30323481"}}, {"type": "Feature", "geometry": {"type": "LineString", "coordinates": [[72.99714327720511, 51.83471859138719], [73.06783912434304, 51.8212926616235]]}, "properties": {"source": "32786483", "target": "13618229"}}, {"type": "Feature", "geometry": {"type": "LineString", "coordinates": [[72.99714327720511, 51.83471859138719], [73.09582943139574, 51.80247482697406]]}, "properties": {"source": "32786483", "target": "32023743"}}, {"type": "Feature", "geometry": {"type": "LineString", "coordinates": [[73.07807791282042, 51.820922147119106], [73.02966332836951, 51.81309455822992]]}, "properties": {"source": "9152130", "target": "28480220"}}, {"type": "Feature", "geometry": {"type": "LineString", "coordinates": [[73.07807791282042, 51.820922147119106], [73.07970189928704, 51.813152319043084]]}, "properties": {"source": "9152130", "target": "20697757"}}, {"type": "Feature", "geometry": {"type": "LineString", "coordinates": [[73.07807791282042, 51.820922147119106], [73.00518483658988, 51.81718506780054]]}, "properties": {"source": "9152130", "target": "8561940"}}, {"type": "Feature", "geometry": {"type": "LineString", "coordinates": [[73.11001714926553, 51.81701601377415], [73.03241167982563, 51.82224899208133]]}, "properties": {"source": "18275915", "target": "19243415"}}, {"type": "Feature", "geometry": {"type": "LineString", "coordinates": [[73.11001714926553, 51.81701601377415], [73.00124729487186, 51.82672550359757]]}, "properties": {"source": "18275915", "target": "27237969"}}, {"type": "Feature", "geometry": {"type": "LineString", "coordinates": [[73.098674847599, 51.80379478657322], [73.0368631324269, 51.82307176527219]]}, "properties": {"source": "8632531", "target": "12940541"}}, {"type": "Feature", "geometry": {"type": "LineString", "coordinates": [[73.098674847599, 51.80379478657322], [73.03839156190406, 51.816540722592734]]}, "properties": {"source": "8632531", "target": "13191202"}}, {"type": "Feature", "geometry": {"type": "LineString", "coordinates": [[73.098674847599, 51.80379478657322], [73.01611325871033, 51.80371488033883]]}, "properties": {"source": "8632531", "target": "16007856"}}, {"type": "Feature", "geometry": {"type": "LineString", "coordinates": [[73.098674847599, 51.80379478657322], [73.11238608836462, 51.80362882613474]]}, "properties": {"source": "8632531", "target": "73496"}}, {"type": "Feature", "geometry": {"type": "LineString", "coordinates": [[73.098674847599, 51.80379478657322], [73.10812646534887, 51.834686896974446]]}, "properties": {"source": "8632531", "target": "6875002"}}, {"type": "Feature", "geometry": {"type": "LineString", "coordinates": [[73.06622152075133, 51.83363856034478], [73.0863102389167, 51.8234394222802]]}, "properties": {"source": "36286400", "target": "34847787"}}, {"type": "Feature", "geometry": {"type": "LineString", "coordinates": [[73.06622152075133, 51.83363856034478], [73.07496580404677, 51.831317354819674]]}, "properties": {"source": "36286400", "target": "36125570"}}, {"type": "Feature", "geometry": {"type": "LineString", "coordinates": [[73.06622152075133, 51.83363856034478], [73.09698806125618, 51.813036520978926]]}, "properties": {"source": "36286400", "target": "409799"}}, {"type": "Feature", "geometry": {"type": "LineString", "coordinates": [[73.06622152075133, 51.83363856034478], [73.08671048789154, 51.820956552896575]]}, "properties": {"source": "36286400", "target": "35181991"}}, {"type": "Feature", "geometry": {"type": "LineString", "coordinates": [[73.06622152075133, 51.83363856034478], [73.07970920428943, 51.826991713706676]]}, "properties": {"source": "36286400", "target": "3985498"}}, {"type": "Feature", "geometry": {"type": "LineString", "coordinates": [[73.06622152075133, 51.83363856034478], [73.07984210715742, 51.82297792498093]]}, "properties": {"source": "36286400", "target": "34505606"}}, {"type": "Feature", "geometry": {"type": "LineString", "coordinates": [[73.06622152075133, 51.83363856034478], [73.00125679826556, 51.83581612640744]]}, "properties": {"source": "36286400", "target": "31570473"}}, {"type": "Feature", "geometry": {"type": "LineString", "coordinates": [[73.06622152075133, 51.83363856034478], [73.09445001390984, 51.79975170464081]]}, "properties": {"source": "36286400", "target": "33777903"}}, {"type": "Feature", "geometry": {"type": "LineString", "coordinates": [[73.06622152075133, 51.83363856034478], [73.02441828483597, 51.8361901348696]]}, "properties": {"source": "36286400", "target": "13066821"}}, {"type": "Feature", "geometry": {"type": "LineString", "coordinates": [[73.06622152075133, 51.83363856034478], [73.07660971532528, 51.82548231421305]]}, "properties": {"source": "36286400", "target": "3390057"}}, {"type": "Feature", "geometry": {"type": "LineString", "coordinates": [[73.06622152075133, 51.83363856034478], [73.10197077134416, 51.826054951399755]]}, "properties": {"source": "36286400", "target": "34611353"}}, {"type": "Feature", "geometry": {"type": "LineString", "coordinates": [[73.02831524393312, 51.81523218797982], [73.0279006693307, 51.81302106754271]]}, "properties": {"source": "2839628", "target": "2066688"}}, {"type": "Feature", "geometry": {"type": "LineString", "coordinates": [[73.02246217369637, 51.83551061393001], [73.06839761177989, 51.80052778303396]]}, "properties": {"source": "770959", "target": "8776687"}}, {"type": "Feature", "geometry": {"type": "LineString", "coordinates": [[73.05453716917859, 51.80946563002435], [73.07598000061012, 51.824007529882394]]}, "properties": {"source": "11703667", "target": "16689126"}}, {"type": "Feature", "geometry": {"type": "LineString", "coordinates": [[73.10360682080147, 51.81181885807213], [73.10681024049916, 51.812991916124076]]}, "properties": {"source": "1431348", "target": "2061335"}}, {"type": "Feature", "geometry": {"type": "LineString", "coordinates": [[73.02178373195437, 51.83564292455115], [73.06807859498687, 51.823837927379984]]}, "properties": {"source": "31827773", "target": "3882776"}}, {"type": "Feature", "geometry": {"type": "LineString", "coordinates": [[73.08983418377898, 51.81505333016746], [73.03297566798247, 51.837908637468814]]}, "properties": {"source": "25421139", "target": "28487078"}}, {"type": "Feature", "geometry": {"type": "LineString", "coordinates": [[73.08983418377898, 51.81505333016746], [73.03936611937291, 51.822222501931776]]}, "properties": {"source": "25421139", "target": "25757300"}}, {"type": "Feature", "geometry": {"type": "LineString", "coordinates": [[73.08983418377898, 51.81505333016746], [73.07606082569745, 51.804470375728656]]}, "properties": {"source": "25421139", "target": "25041228"}}, {"type": "Feature", "geometry": {"type": "LineString", "coordinates": [[73.08983418377898, 51.81505333016746], [73.11076196908093, 51.81151807540641]]}, "properties": {"source": "25421139", "target": "34418540"}}, {"type": "Feature", "geometry": {"type": "LineString", "coordinates": [[73.08983418377898, 51.81505333016746], [73.008853155612, 51.819402882410486]]}, "properties": {"source": "25421139", "target": "29219366"}}, {"type": "Feature", "geometry": {"type": "LineString", "coordinates": [[73.08983418377898, 51.81505333016746], [73.09396160859629, 51.82219274077879]]}, "properties": {"source": "25421139", "target": "23403267"}}, {"type": "Feature", "geometry": {"type": "LineString", "coordinates": [[73.08983418377898, 51.81505333016746], [73.08066176141355, 51.81742825673007]]}, "properties": {"source": "25421139", "target": "17999567"}}, {"type": "Feature", "geometry": {"type": "LineString", "coordinates": [[73.06975451488586, 51.81602239022244], [73.0863102389167, 51.8234394222802]]}, "properties": {"source": "25738918", "target": "34847787"}}, {"type": "Feature", "geometry": {"type": "LineString", "coordinates": [[73.06975451488586, 51.81602239022244], [73.05012969108523, 51.83000206991187]]}, "properties": {"source": "25738918", "target": "27238087"}}, {"type": "Feature", "geometry": {"type": "LineString", "coordinates": [[73.06975451488586, 51.81602239022244], [73.02966332836951, 51.81309455822992]]}, "properties": {"source": "25738918", "target": "28480220"}}, {"type": "Feature", "geometry": {"type": "LineString", "coordinates": [[73.06975451488586, 51.81602239022244], [73.074336107963, 51.83458200381999]]}, "properties": {"source": "25738918", "target": "26079540"}}, {"type": "Feature", "geometry": {"type": "LineString", "coordinates": [[73.06087726633345, 51.822171042158985], [73.00294198997256, 51.82654478351698]]}, "properties": {"source": "190976", "target": "30356671"}}, {"type": "Feature", "geometry": {"type": "LineString", "coordinates": [[73.06087726633345, 51.822171042158985], [73.0510793675191, 51.83398606934095]]}, "properties": {"source": "190976", "target": "24552896"}}, {"type": "Feature", "geometry": {"type": "LineString", "coordinates": [[73.06087726633345, 51.822171042158985], [73.09392211821915, 51.82343368999423]]}, "properties": {"source": "190976", "target": "22852848"}}, {"type": "Feature", "geometry": {"type": "LineString", "coordinates": [[73.06087726633345, 51.822171042158985], [73.01182964354717, 51.81180222283126]]}, "properties": {"source": "190976", "target": "17829666"}}, {"type": "Feature", "geometry": {"type": "LineString", "coordinates": [[73.06087726633345, 51.822171042158985], [72.99683715175985, 51.809207134571466]]}, "properties": {"source": "190976", "target": "18618945"}}, {"type": "Feature", "geometry": {"type": "LineString", "coordinates": [[73.03692778897081, 51.80229005749919], [73.05882508382783, 51.79992613008655]]}, "properties": {"source": "902992", "target": "902854"}}, {"type": "Feature", "geometry": {"type": "LineString", "coordinates": [[73.03692778897081, 51.80229005749919], [73.09276702784487, 51.82596314771709]]}, "properties": {"source": "902992", "target": "9686566"}}, {"type": "Feature", "geometry": {"type": "LineString", "coordinates": [[73.03692778897081, 51.80229005749919], [73.0329584130354, 51.827308374064955]]}, "properties": {"source": "902992", "target": "98107"}}, {"type": "Feature", "geometry": {"type": "LineString", "coordinates": [[73.03692778897081, 51.80229005749919], [73.02131575740339, 51.838264031413544]]}, "properties": {"source": "902992", "target": "9498888"}}, {"type": "Feature", "geometry": {"type": "LineString", "coordinates": [[73.0321872909673, 51.82949347845309], [73.0863102389167, 51.8234394222802]]}, "properties": {"source": "31342223", "target": "34847787"}}, {"type": "Feature", "geometry": {"type": "LineString", "coordinates": [[73.0321872909673, 51.82949347845309], [73.07496580404677, 51.831317354819674]]}, "properties": {"source": "31342223", "target": "36125570"}}, {"type": "Feature", "geometry": {"type": "LineString", "coordinates": [[73.0321872909673, 51.82949347845309], [73.08671048789154, 51.820956552896575]]}, "properties": {"source": "31342223", "target": "35181991"}}, {"type": "Feature", "geometry": {"type": "LineString", "coordinates": [[73.0321872909673, 51.82949347845309], [73.00125679826556, 51.83581612640744]]}, "properties": {"source": "31342223", "target": "31570473"}}, {"type": "Feature", "geometry": {"type": "LineString", "coordinates": [[73.0321872909673, 51.82949347845309], [73.00481032825837, 51.83281518890732]]}, "properties": {"source": "31342223", "target": "25364850"}}, {"type": "Feature", "geometry": {"type": "LineString", "coordinates": [[73.06322059267725, 51.818829830182395], [73.07682656758973, 51.828907809093934]]}, "properties": {"source": "9251501", "target": "18484638"}}, {"type": "Feature", "geometry": {"type": "LineString", "coordinates": [[73.06322059267725, 51.818829830182395], [73.11133223589513, 51.826983571530846]]}, "properties": {"source": "9251501", "target": "13084774"}}, {"type": "Feature", "geometry": {"type": "LineString", "coordinates": [[73.03262118687601, 51.80981992123675], [73.01319985447518, 51.819357733621175]]}, "properties": {"source": "17997709", "target": "18039803"}}, {"type": "Feature", "geometry": {"type": "LineString", "coordinates": [[73.03262118687601, 51.80981992123675], [73.04003826621053, 51.83849293112631]]}, "properties": {"source": "17997709", "target": "17278703"}}, {"type": "Feature", "geometry": {"type": "LineString", "coordinates": [[72.99764448947673, 51.83062828153318], [73.01698551204464, 51.80719272651939]]}, "properties": {"source": "12228628", "target": "29222561"}}, {"type": "Feature", "geometry": {"type": "LineString", "coordinates": [[72.99764448947673, 51.83062828153318], [72.9964994362229, 51.817686115654524]]}, "properties": {"source": "12228628", "target": "948304"}}, {"type": "Feature", "geometry": {"type": "LineString", "coordinates": [[73.03136419427275, 51.811610840701874], [73.0008255470591, 51.800059700019105]]}, "properties": {"source": "29242989", "target": "30323463"}}, {"type": "Feature", "geometry": {"type": "LineString", "coordinates": [[73.04003826621053, 51.83849293112631], [73.07682656758973, 51.828907809093934]]}, "properties": {"source": "17278703", "target": "18484638"}}, {"type": "Feature", "geometry": {"type": "LineString", "coordinates": [[73.04003826621053, 51.83849293112631], [73.00015701886431, 51.80228195473636]]}, "properties": {"source": "17278703", "target": "17252697"}}, {"type": "Feature", "geometry": {"type": "LineString", "coordinates": [[73.04003826621053, 51.83849293112631], [73.09934559144514, 51.80864387718022]]}, "properties": {"source": "17278703", "target": "12340431"}}, {"type": "Feature", "geometry": {"type": "LineString", "coordinates": [[73.04003826621053, 51.83849293112631], [73.10514576306724, 51.83298388949579]]}, "properties": {"source": "17278703", "target": "18712162"}}, {"type": "Feature", "geometry": {"type": "LineString", "coordinates": [[73.02636869441946, 51.815610403836686], [73.09358333489473, 51.827101629304494]]}, "properties": {"source": "11943524", "target": "10602422"}}, {"type": "Feature", "geometry": {"type": "LineString", "coordinates": [[73.02636869441946, 51.815610403836686], [73.0192945181023, 51.80067802062207]]}, "properties": {"source": "11943524", "target": "10611130"}}, {"type": "Feature", "geometry": {"type": "LineString", "coordinates": [[73.02636869441946, 51.815610403836686], [73.0875339015241, 51.811642794574055]]}, "properties": {"source": "11943524", "target": "10802784"}}, {"type": "Feature", "geometry": {"type": "LineString", "coordinates": [[73.00030427134337, 51.82406240399534], [73.045830451829, 51.82965075857581]]}, "properties": {"source": "17375095", "target": "12207539"}}, {"type": "Feature", "geometry": {"type": "LineString", "coordinates": [[73.00030427134337, 51.82406240399534], [73.0282153061462, 51.81186700652556]]}, "properties": {"source": "17375095", "target": "17727347"}}, {"type": "Feature", "geometry": {"type": "LineString", "coordinates": [[73.020031222677, 51.815851566079175], [73.01698551204464, 51.80719272651939]]}, "properties": {"source": "10504539", "target": "29222561"}}, {"type": "Feature", "geometry": {"type": "LineString", "coordinates": [[73.020031222677, 51.815851566079175], [72.9964994362229, 51.817686115654524]]}, "properties": {"source": "10504539", "target": "948304"}}, {"type": "Feature", "geometry": {"type": "LineString", "coordinates": [[73.09922112779506, 51.82624126316499], [73.03143626639755, 51.83557131609889]]}, "properties": {"source": "13084814", "target": "11782403"}}, {"type": "Feature", "geometry": {"type": "LineString", "coordinates": [[73.09922112779506, 51.82624126316499], [73.11197703990723, 51.827482045979565]]}, "properties": {"source": "13084814", "target": "1273387"}}, {"type": "Feature", "geometry": {"type": "LineString", "coordinates": [[73.01057096939886, 51.818852977319466], [73.11213420372883, 51.80828903188538]]}, "properties": {"source": "4416807", "target": "8714958"}}, {"type": "Feature", "geometry": {"type": "LineString", "coordinates": [[73.01057096939886, 51.818852977319466], [73.06839761177989, 51.80052778303396]]}, "properties": {"source": "4416807", "target": "8776687"}}, {"type": "Feature", "geometry": {"type": "LineString", "coordinates": [[73.01057096939886, 51.818852977319466], [73.0948514260972, 51.814742154146785]]}, "properties": {"source": "4416807", "target": "8504174"}}, {"type": "Feature", "geometry": {"type": "LineString", "coordinates": [[73.00679065759451, 51.8307852950568], [73.02990926888583, 51.81168699003668]]}, "properties": {"source": "8475417", "target": "7302943"}}, {"type": "Feature", "geometry": {"type": "LineString", "coordinates": [[73.09934559144514, 51.80864387718022], [73.0463212721273, 51.8230340415452]]}, "properties": {"source": "12340431", "target": "20909943"}}, {"type": "Feature", "geometry": {"type": "LineString", "coordinates": [[73.09934559144514, 51.80864387718022], [73.00015701886431, 51.80228195473636]]}, "properties": {"source": "12340431", "target": "17252697"}}, {"type": "Feature", "geometry": {"type": "LineString", "coordinates": [[73.09934559144514, 51.80864387718022], [73.10514576306724, 51.83298388949579]]}, "properties": {"source": "12340431", "target": "18712162"}}, {"type": "Feature", "geometry": {"type": "LineString", "coordinates": [[73.09934559144514, 51.80864387718022], [73.05327013941988, 51.83143978711348]]}, "properties": {"source": "12340431", "target": "21529671"}}, {"type": "Feature", "geometry": {"type": "LineString", "coordinates": [[73.09934559144514, 51.80864387718022], [73.03995079739317, 51.83763074301879]]}, "properties": {"source": "12340431", "target": "11223744"}}, {"type": "Feature", "geometry": {"type": "LineString", "coordinates": [[73.02441828483597, 51.8361901348696], [73.08107266499806, 51.83334854236968]]}, "properties": {"source": "13066821", "target": "11215180"}}, {"type": "Feature", "geometry": {"type": "LineString", "coordinates": [[73.02441828483597, 51.8361901348696], [73.07801806278053, 51.81220103207768]]}, "properties": {"source": "13066821", "target": "10451964"}}, {"type": "Feature", "geometry": {"type": "LineString", "coordinates": [[73.08055178085093, 51.80953361619241], [73.05921629993534, 51.82443166770574]]}, "properties": {"source": "99499", "target": "99489"}}, {"type": "Feature", "geometry": {"type": "LineString", "coordinates": [[73.08055178085093, 51.80953361619241], [73.0861205903793, 51.808474170972175]]}, "properties": {"source": "99499", "target": "1044175"}}, {"type": "Feature", "geometry": {"type": "LineString", "coordinates": [[73.10514576306724, 51.83298388949579], [73.0463212721273, 51.8230340415452]]}, "properties": {"source": "18712162", "target": "20909943"}}, {"type": "Feature", "geometry": {"type": "LineString", "coordinates": [[73.02107393046577, 51.813516595861515], [73.00015701886431, 51.80228195473636]]}, "properties": {"source": "11432139", "target": "17252697"}}, {"type": "Feature", "geometry": {"type": "LineString", "coordinates": [[73.02107393046577, 51.813516595861515], [73.09934559144514, 51.80864387718022]]}, "properties": {"source": "11432139", "target": "12340431"}}, {"type": "Feature", "geometry": {"type": "LineString", "coordinates": [[73.02107393046577, 51.813516595861515], [73.10514576306724, 51.83298388949579]]}, "properties": {"source": "11432139", "target": "18712162"}}, {"type": "Feature", "geometry": {"type": "LineString", "coordinates": [[73.02107393046577, 51.813516595861515], [73.11133223589513, 51.826983571530846]]}, "properties": {"source": "11432139", "target": "13084774"}}, {"type": "Feature", "geometry": {"type": "LineString", "coordinates": [[73.02107393046577, 51.813516595861515], [73.00030556325578, 51.800153249699335]]}, "properties": {"source": "11432139", "target": "10432309"}}, {"type": "Feature", "geometry": {"type": "LineString", "coordinates": [[73.02107393046577, 51.813516595861515], [73.0192945181023, 51.80067802062207]]}, "properties": {"source": "11432139", "target": "10611130"}}, {"type": "Feature", "geometry": {"type": "LineString", "coordinates": [[72.99729300016205, 51.82540152777038], [73.01319985447518, 51.819357733621175]]}, "properties": {"source": "18039797", "target": "18039803"}}, {"type": "Feature", "geometry": {"type": "LineString", "coordinates": [[73.01032592544655, 51.83070993299239], [73.00015701886431, 51.80228195473636]]}, "properties": {"source": "13561213", "target": "17252697"}}, {"type": "Feature", "geometry": {"type": "LineString", "coordinates": [[73.01032592544655, 51.83070993299239], [73.08176464940624, 51.83776445099191]]}, "properties": {"source": "13561213", "target": "19380816"}}, {"type": "Feature", "geometry": {"type": "LineString", "coordinates": [[73.01032592544655, 51.83070993299239], [73.05808925154687, 51.828030219811794]]}, "properties": {"source": "13561213", "target": "23146400"}}, {"type": "Feature", "geometry": {"type": "LineString", "coordinates": [[73.01032592544655, 51.83070993299239], [73.07983640543819, 51.81974564521222]]}, "properties": {"source": "13561213", "target": "13329043"}}, {"type": "Feature", "geometry": {"type": "LineString", "coordinates": [[73.08107266499806, 51.83334854236968], [73.02690761309177, 51.83662616741729]]}, "properties": {"source": "11215180", "target": "23438061"}}, {"type": "Feature", "geometry": {"type": "LineString", "coordinates": [[73.08107266499806, 51.83334854236968], [73.08955972594137, 51.81407721093653]]}, "properties": {"source": "11215180", "target": "8719673"}}, {"type": "Feature", "geometry": {"type": "LineString", "coordinates": [[73.08107266499806, 51.83334854236968], [73.08997724332383, 51.83106666120439]]}, "properties": {"source": "11215180", "target": "2480358"}}, {"type": "Feature", "geometry": {"type": "LineString", "coordinates": [[73.08107266499806, 51.83334854236968], [73.1028127432566, 51.83205103500502]]}, "properties": {"source": "11215180", "target": "15994494"}}, {"type": "Feature", "geometry": {"type": "LineString", "coordinates": [[73.08176464940624, 51.83776445099191], [73.05808925154687, 51.828030219811794]]}, "properties": {"source": "19380816", "target": "23146400"}}, {"type": "Feature", "geometry": {"type": "LineString", "coordinates": [[73.00247559729982, 51.80244757336936], [73.02558742854015, 51.799711423892816]]}, "properties": {"source": "6947879", "target": "62354"}}, {"type": "Feature", "geometry": {"type": "LineString", "coordinates": [[73.00247559729982, 51.80244757336936], [73.08850764296804, 51.80238001979026]]}, "properties": {"source": "6947879", "target": "6660139"}}, {"type": "Feature", "geometry": {"type": "LineString", "coordinates": [[73.00247559729982, 51.80244757336936], [73.10039728200547, 51.830932391713276]]}, "properties": {"source": "6947879", "target": "843485"}}, {"type": "Feature", "geometry": {"type": "LineString", "coordinates": [[73.00247559729982, 51.80244757336936], [73.00294950829971, 51.82571797020819]]}, "properties": {"source": "6947879", "target": "58136"}}, {"type": "Feature", "geometry": {"type": "LineString", "coordinates": [[73.00247559729982, 51.80244757336936], [73.09041661947407, 51.8154963797697]]}, "properties": {"source": "6947879", "target": "6897469"}}, {"type": "Feature", "geometry": {"type": "LineString", "coordinates": [[73.05517201659873, 51.80212171118832], [73.05792316815288, 51.81124898898355]]}, "properties": {"source": "23292117", "target": "6413631"}}, {"type": "Feature", "geometry": {"type": "LineString", "coordinates": [[73.05517201659873, 51.80212171118832], [73.09919198802672, 51.82341011014039]]}, "properties": {"source": "23292117", "target": "13262017"}}, {"type": "Feature", "geometry": {"type": "LineString", "coordinates": [[73.05517201659873, 51.80212171118832], [73.08677749905968, 51.81328165410004]]}, "properties": {"source": "23292117", "target": "8714914"}}, {"type": "Feature", "geometry": {"type": "LineString", "coordinates": [[73.00582127645166, 51.82319533359514], [73.07970189928704, 51.813152319043084]]}, "properties": {"source": "13625962", "target": "20697757"}}, {"type": "Feature", "geometry": {"type": "LineString", "coordinates": [[73.00582127645166, 51.82319533359514], [73.04247086260898, 51.80851385598244]]}, "properties": {"source": "13625962", "target": "23248866"}}, {"type": "Feature", "geometry": {"type": "LineString", "coordinates": [[73.00582127645166, 51.82319533359514], [73.01758852745718, 51.802796035216204]]}, "properties": {"source": "13625962", "target": "21896601"}}, {"type": "Feature", "geometry": {"type": "LineString", "coordinates": [[73.00582127645166, 51.82319533359514], [73.01389782401219, 51.81030068032091]]}, "properties": {"source": "13625962", "target": "22038044"}}, {"type": "Feature", "geometry": {"type": "LineString", "coordinates": [[73.00857774861899, 51.835213841274935], [73.09606335917047, 51.83719680068519]]}, "properties": {"source": "18039782", "target": "7935023"}}, {"type": "Feature", "geometry": {"type": "LineString", "coordinates": [[73.00857774861899, 51.835213841274935], [72.99826636356761, 51.812223625480044]]}, "properties": {"source": "18039782", "target": "6568801"}}, {"type": "Feature", "geometry": {"type": "LineString", "coordinates": [[73.00857774861899, 51.835213841274935], [72.99729300016205, 51.82540152777038]]}, "properties": {"source": "18039782", "target": "18039797"}}, {"type": "Feature", "geometry": {"type": "LineString", "coordinates": [[73.00857774861899, 51.835213841274935], [73.01319985447518, 51.819357733621175]]}, "properties": {"source": "18039782", "target": "18039803"}}, {"type": "Feature", "geometry": {"type": "LineString", "coordinates": [[73.10955250495857, 51.834201878434214], [73.03900324642973, 51.82112298303181]]}, "properties": {"source": "28078927", "target": "20898763"}}, {"type": "Feature", "geometry": {"type": "LineString", "coordinates": [[73.10955250495857, 51.834201878434214], [73.05012969108523, 51.83000206991187]]}, "properties": {"source": "28078927", "target": "27238087"}}, {"type": "Feature", "geometry": {"type": "LineString", "coordinates": [[73.10955250495857, 51.834201878434214], [73.02966332836951, 51.81309455822992]]}, "properties": {"source": "28078927", "target": "28480220"}}, {"type": "Feature", "geometry": {"type": "LineString", "coordinates": [[73.10955250495857, 51.834201878434214], [73.0067986808562, 51.800137189305616]]}, "properties": {"source": "28078927", "target": "29394912"}}, {"type": "Feature", "geometry": {"type": "LineString", "coordinates": [[73.10955250495857, 51.834201878434214], [73.00518483658988, 51.81718506780054]]}, "properties": {"source": "28078927", "target": "8561940"}}, {"type": "Feature", "geometry": {"type": "LineString", "coordinates": [[73.01758852745718, 51.802796035216204], [73.07970189928704, 51.813152319043084]]}, "properties": {"source": "21896601", "target": "20697757"}}, {"type": "Feature", "geometry": {"type": "LineString", "coordinates": [[73.01758852745718, 51.802796035216204], [73.04247086260898, 51.80851385598244]]}, "properties": {"source": "21896601", "target": "23248866"}}, {"type": "Feature", "geometry": {"type": "LineString", "coordinates": [[73.01758852745718, 51.802796035216204], [73.00058588899515, 51.81621768404425]]}, "properties": {"source": "21896601", "target": "18521558"}}, {"type": "Feature", "geometry": {"type": "LineString", "coordinates": [[73.0067986808562, 51.800137189305616], [73.02966332836951, 51.81309455822992]]}, "properties": {"source": "29394912", "target": "28480220"}}, {"type": "Feature", "geometry": {"type": "LineString", "coordinates": [[73.0067986808562, 51.800137189305616], [73.07807791282042, 51.820922147119106]]}, "properties": {"source": "29394912", "target": "9152130"}}, {"type": "Feature", "geometry": {"type": "LineString", "coordinates": [[73.0067986808562, 51.800137189305616], [73.00518483658988, 51.81718506780054]]}, "properties": {"source": "29394912", "target": "8561940"}}, {"type": "Feature", "geometry": {"type": "LineString", "coordinates": [[73.05031190473716, 51.810483867361995], [72.9964994362229, 51.817686115654524]]}, "properties": {"source": "9686555", "target": "948304"}}, {"type": "Feature", "geometry": {"type": "LineString", "coordinates": [[73.05031190473716, 51.810483867361995], [73.09298844515072, 51.82370086453177]]}, "properties": {"source": "9686555", "target": "9773348"}}, {"type": "Feature", "geometry": {"type": "LineString", "coordinates": [[73.05031190473716, 51.810483867361995], [73.01395305869332, 51.8146358532007]]}, "properties": {"source": "9686555", "target": "99500"}}, {"type": "Feature", "geometry": {"type": "LineString", "coordinates": [[73.05031190473716, 51.810483867361995], [73.00679065759451, 51.8307852950568]]}, "properties": {"source": "9686555", "target": "8475417"}}, {"type": "Feature", "geometry": {"type": "LineString", "coordinates": [[73.05031190473716, 51.810483867361995], [73.06376176880116, 51.82001739737608]]}, "properties": {"source": "9686555", "target": "776302"}}, {"type": "Feature", "geometry": {"type": "LineString", "coordinates": [[73.07984210715742, 51.82297792498093], [73.07970920428943, 51.826991713706676]]}, "properties": {"source": "34505606", "target": "3985498"}}, {"type": "Feature", "geometry": {"type": "LineString", "coordinates": [[73.07984210715742, 51.82297792498093], [73.09445001390984, 51.79975170464081]]}, "properties": {"source": "34505606", "target": "33777903"}}, {"type": "Feature", "geometry": {"type": "LineString", "coordinates": [[73.07984210715742, 51.82297792498093], [73.0509445156774, 51.823714124124436]]}, "properties": {"source": "34505606", "target": "32999459"}}, {"type": "Feature", "geometry": {"type": "LineString", "coordinates": [[73.07984210715742, 51.82297792498093], [73.08033823265444, 51.80831702094952]]}, "properties": {"source": "34505606", "target": "29538718"}}, {"type": "Feature", "geometry": {"type": "LineString", "coordinates": [[73.07984210715742, 51.82297792498093], [73.10251542824332, 51.81121671931642]]}, "properties": {"source": "34505606", "target": "28678694"}}, {"type": "Feature", "geometry": {"type": "LineString", "coordinates": [[73.10017023704862, 51.801935141873], [73.01032592544655, 51.83070993299239]]}, "properties": {"source": "10292318", "target": "13561213"}}, {"type": "Feature", "geometry": {"type": "LineString", "coordinates": [[73.10017023704862, 51.801935141873], [73.02636869441946, 51.815610403836686]]}, "properties": {"source": "10292318", "target": "11943524"}}, {"type": "Feature", "geometry": {"type": "LineString", "coordinates": [[73.10017023704862, 51.801935141873], [73.03995079739317, 51.83763074301879]]}, "properties": {"source": "10292318", "target": "11223744"}}, {"type": "Feature", "geometry": {"type": "LineString", "coordinates": [[73.10017023704862, 51.801935141873], [73.02862499914158, 51.803312833161954]]}, "properties": {"source": "10292318", "target": "1571936"}}, {"type": "Feature", "geometry": {"type": "LineString", "coordinates": [[73.0368631324269, 51.82307176527219], [72.99763406920093, 51.82702866503065]]}, "properties": {"source": "12940541", "target": "4202513"}}, {"type": "Feature", "geometry": {"type": "LineString", "coordinates": [[73.0368631324269, 51.82307176527219], [73.0937948466347, 51.83818600415654]]}, "properties": {"source": "12940541", "target": "4184400"}}, {"type": "Feature", "geometry": {"type": "LineString", "coordinates": [[73.0368631324269, 51.82307176527219], [73.07067042223738, 51.82344236051536]]}, "properties": {"source": "12940541", "target": "2352358"}}, {"type": "Feature", "geometry": {"type": "LineString", "coordinates": [[73.01007556408405, 51.80183258790909], [73.07198361871656, 51.82426182605872]]}, "properties": {"source": "24617436", "target": "2325855"}}, {"type": "Feature", "geometry": {"type": "LineString", "coordinates": [[73.01007556408405, 51.80183258790909], [73.0747549259656, 51.80519348741785]]}, "properties": {"source": "24617436", "target": "29586537"}}, {"type": "Feature", "geometry": {"type": "LineString", "coordinates": [[73.01007556408405, 51.80183258790909], [73.06399888898497, 51.80664599785567]]}, "properties": {"source": "24617436", "target": "12232242"}}, {"type": "Feature", "geometry": {"type": "LineString", "coordinates": [[73.07259332332802, 51.824251128587264], [73.00679065759451, 51.8307852950568]]}, "properties": {"source": "7438024", "target": "8475417"}}, {"type": "Feature", "geometry": {"type": "LineString", "coordinates": [[73.07658931975945, 51.826406786091695], [73.0587936694125, 51.81884470995911]]}, "properties": {"source": "23441040", "target": "28869958"}}, {"type": "Feature", "geometry": {"type": "LineString", "coordinates": [[73.07658931975945, 51.826406786091695], [73.01389782401219, 51.81030068032091]]}, "properties": {"source": "23441040", "target": "22038044"}}, {"type": "Feature", "geometry": {"type": "LineString", "coordinates": [[73.07658931975945, 51.826406786091695], [73.09344360773568, 51.79953713384505]]}, "properties": {"source": "23441040", "target": "27397457"}}, {"type": "Feature", "geometry": {"type": "LineString", "coordinates": [[73.07658931975945, 51.826406786091695], [73.07954401647453, 51.820324284220916]]}, "properties": {"source": "23441040", "target": "26231883"}}, {"type": "Feature", "geometry": {"type": "LineString", "coordinates": [[73.07658931975945, 51.826406786091695], [73.07706625181285, 51.83877876228483]]}, "properties": {"source": "23441040", "target": "15217490"}}, {"type": "Feature", "geometry": {"type": "LineString", "coordinates": [[73.02610169901291, 51.7993437742967], [73.02566024032757, 51.83742900326938]]}, "properties": {"source": "7150220", "target": "7161183"}}, {"type": "Feature", "geometry": {"type": "LineString", "coordinates": [[73.02610169901291, 51.7993437742967], [73.07313364674789, 51.821121805189534]]}, "properties": {"source": "7150220", "target": "7161070"}}, {"type": "Feature", "geometry": {"type": "LineString", "coordinates": [[73.02610169901291, 51.7993437742967], [73.05428121644451, 51.8149597151162]]}, "properties": {"source": "7150220", "target": "9528055"}}, {"type": "Feature", "geometry": {"type": "LineString", "coordinates": [[73.02610169901291, 51.7993437742967], [73.01121641401065, 51.835028619087325]]}, "properties": {"source": "7150220", "target": "8181251"}}, {"type": "Feature", "geometry": {"type": "LineString", "coordinates": [[73.02610169901291, 51.7993437742967], [73.08955972594137, 51.81407721093653]]}, "properties": {"source": "7150220", "target": "8719673"}}, {"type": "Feature", "geometry": {"type": "LineString", "coordinates": [[73.02610169901291, 51.7993437742967], [73.038820433268, 51.81041433682854]]}, "properties": {"source": "7150220", "target": "7619253"}}, {"type": "Feature", "geometry": {"type": "LineString", "coordinates": [[73.02610169901291, 51.7993437742967], [73.0167890436438, 51.8011057084677]]}, "properties": {"source": "7150220", "target": "34533836"}}, {"type": "Feature", "geometry": {"type": "LineString", "coordinates": [[73.02610169901291, 51.7993437742967], [73.08735818527595, 51.834566994257116]]}, "properties": {"source": "7150220", "target": "13558183"}}, {"type": "Feature", "geometry": {"type": "LineString", "coordinates": [[73.02610169901291, 51.7993437742967], [73.0251880472336, 51.79937940110396]]}, "properties": {"source": "7150220", "target": "11481847"}}, {"type": "Feature", "geometry": {"type": "LineString", "coordinates": [[73.02610169901291, 51.7993437742967], [72.99924363629862, 51.819945807154895]]}, "properties": {"source": "7150220", "target": "16055839"}}, {"type": "Feature", "geometry": {"type": "LineString", "coordinates": [[73.02610169901291, 51.7993437742967], [73.0625775537319, 51.82145615980831]]}, "properties": {"source": "7150220", "target": "5393858"}}, {"type": "Feature", "geometry": {"type": "LineString", "coordinates": [[73.01869652287516, 51.80663379798955], [73.01057096939886, 51.818852977319466]]}, "properties": {"source": "8284655", "target": "4416807"}}, {"type": "Feature", "geometry": {"type": "LineString", "coordinates": [[73.01869652287516, 51.80663379798955], [73.07307960047171, 51.79990927165362]]}, "properties": {"source": "8284655", "target": "5536441"}}, {"type": "Feature", "geometry": {"type": "LineString", "coordinates": [[73.01869652287516, 51.80663379798955], [73.10113361767455, 51.816704485836965]]}, "properties": {"source": "8284655", "target": "27858175"}}, {"type": "Feature", "geometry": {"type": "LineString", "coordinates": [[73.01869652287516, 51.80663379798955], [73.10625879938013, 51.82015538873307]]}, "properties": {"source": "8284655", "target": "9036325"}}, {"type": "Feature", "geometry": {"type": "LineString", "coordinates": [[73.01869652287516, 51.80663379798955], [73.09919198802672, 51.82341011014039]]}, "properties": {"source": "8284655", "target": "13262017"}}, {"type": "Feature", "geometry": {"type": "LineString", "coordinates": [[73.01869652287516, 51.80663379798955], [73.00376032516232, 51.805510145909]]}, "properties": {"source": "8284655", "target": "8100676"}}, {"type": "Feature", "geometry": {"type": "LineString", "coordinates": [[73.01869652287516, 51.80663379798955], [73.00821776442501, 51.800036043819375]]}, "properties": {"source": "8284655", "target": "11661389"}}, {"type": "Feature", "geometry": {"type": "LineString", "coordinates": [[73.01869652287516, 51.80663379798955], [73.10064868645318, 51.83035061464108]]}, "properties": {"source": "8284655", "target": "4943357"}}, {"type": "Feature", "geometry": {"type": "LineString", "coordinates": [[73.01869652287516, 51.80663379798955], [73.11257075899809, 51.805832554410415]]}, "properties": {"source": "8284655", "target": "7906880"}}, {"type": "Feature", "geometry": {"type": "LineString", "coordinates": [[73.01869652287516, 51.80663379798955], [73.02246217369637, 51.83551061393001]]}, "properties": {"source": "8284655", "target": "770959"}}, {"type": "Feature", "geometry": {"type": "LineString", "coordinates": [[73.02566024032757, 51.83742900326938], [73.09698806125618, 51.813036520978926]]}, "properties": {"source": "7161183", "target": "409799"}}, {"type": "Feature", "geometry": {"type": "LineString", "coordinates": [[73.02566024032757, 51.83742900326938], [73.05827810818337, 51.83273909470246]]}, "properties": {"source": "7161183", "target": "4955780"}}, {"type": "Feature", "geometry": {"type": "LineString", "coordinates": [[73.02566024032757, 51.83742900326938], [73.07313364674789, 51.821121805189534]]}, "properties": {"source": "7161183", "target": "7161070"}}, {"type": "Feature", "geometry": {"type": "LineString", "coordinates": [[73.02566024032757, 51.83742900326938], [73.05428121644451, 51.8149597151162]]}, "properties": {"source": "7161183", "target": "9528055"}}, {"type": "Feature", "geometry": {"type": "LineString", "coordinates": [[73.02566024032757, 51.83742900326938], [73.08955972594137, 51.81407721093653]]}, "properties": {"source": "7161183", "target": "8719673"}}, {"type": "Feature", "geometry": {"type": "LineString", "coordinates": [[73.02566024032757, 51.83742900326938], [72.99919042495392, 51.83758069663365]]}, "properties": {"source": "7161183", "target": "6416304"}}, {"type": "Feature", "geometry": {"type": "LineString", "coordinates": [[73.05517201659873, 51.80212171118832], [73.06839761177989, 51.80052778303396]]}, "properties": {"source": "23292117", "target": "8776687"}}, {"type": "Feature", "geometry": {"type": "LineString", "coordinates": [[73.05517201659873, 51.80212171118832], [73.0948514260972, 51.814742154146785]]}, "properties": {"source": "23292117", "target": "8504174"}}, {"type": "Feature", "geometry": {"type": "LineString", "coordinates": [[73.05517201659873, 51.80212171118832], [73.05726132531692, 51.83718924305049]]}, "properties": {"source": "23292117", "target": "7430094"}}, {"type": "Feature", "geometry": {"type": "LineString", "coordinates": [[73.05517201659873, 51.80212171118832], [73.01057096939886, 51.818852977319466]]}, "properties": {"source": "23292117", "target": "4416807"}}, {"type": "Feature", "geometry": {"type": "LineString", "coordinates": [[73.05517201659873, 51.80212171118832], [73.07307960047171, 51.79990927165362]]}, "properties": {"source": "23292117", "target": "5536441"}}, {"type": "Feature", "geometry": {"type": "LineString", "coordinates": [[73.0509445156774, 51.823714124124436], [73.10251542824332, 51.81121671931642]]}, "properties": {"source": "32999459", "target": "28678694"}}, {"type": "Feature", "geometry": {"type": "LineString", "coordinates": [[73.0509445156774, 51.823714124124436], [73.098333913175, 51.83392465912297]]}, "properties": {"source": "32999459", "target": "429955"}}, {"type": "Feature", "geometry": {"type": "LineString", "coordinates": [[73.01684344072046, 51.82251614871947], [73.09298844515072, 51.82370086453177]]}, "properties": {"source": "8135296", "target": "9773348"}}, {"type": "Feature", "geometry": {"type": "LineString", "coordinates": [[73.01684344072046, 51.82251614871947], [73.0843315767687, 51.82933560408877]]}, "properties": {"source": "8135296", "target": "8526892"}}, {"type": "Feature", "geometry": {"type": "LineString", "coordinates": [[73.01684344072046, 51.82251614871947], [73.10014248924628, 51.810462543223124]]}, "properties": {"source": "8135296", "target": "6965404"}}, {"type": "Feature", "geometry": {"type": "LineString", "coordinates": [[73.02237099231365, 51.81819440313362], [73.00058588899515, 51.81621768404425]]}, "properties": {"source": "18218121", "target": "18521558"}}, {"type": "Feature", "geometry": {"type": "LineString", "coordinates": [[73.02237099231365, 51.81819440313362], [73.02329456786092, 51.806440057267025]]}, "properties": {"source": "18218121", "target": "17830619"}}, {"type": "Feature", "geometry": {"type": "LineString", "coordinates": [[73.0142738331763, 51.81674907966041], [73.0937948466347, 51.83818600415654]]}, "properties": {"source": "12190325", "target": "4184400"}}, {"type": "Feature", "geometry": {"type": "LineString", "coordinates": [[73.0142738331763, 51.81674907966041], [73.07067042223738, 51.82344236051536]]}, "properties": {"source": "12190325", "target": "2352358"}}, {"type": "Feature", "geometry": {"type": "LineString", "coordinates": [[73.0142738331763, 51.81674907966041], [73.05487743922146, 51.80504490536299]]}, "properties": {"source": "12190325", "target": "26836912"}}, {"type": "Feature", "geometry": {"type": "LineString", "coordinates": [[73.03143626639755, 51.83557131609889], [73.01468730347923, 51.81800763510634]]}, "properties": {"source": "11782403", "target": "13084791"}}, {"type": "Feature", "geometry": {"type": "LineString", "coordinates": [[73.03274617135975, 51.831208344322874], [73.00015701886431, 51.80228195473636]]}, "properties": {"source": "17906580", "target": "17252697"}}, {"type": "Feature", "geometry": {"type": "LineString", "coordinates": [[73.03274617135975, 51.831208344322874], [73.0092274370069, 51.83862718525994]]}, "properties": {"source": "17906580", "target": "18284888"}}, {"type": "Feature", "geometry": {"type": "LineString", "coordinates": [[73.03274617135975, 51.831208344322874], [72.99729300016205, 51.82540152777038]]}, "properties": {"source": "17906580", "target": "18039797"}}, {"type": "Feature", "geometry": {"type": "LineString", "coordinates": [[73.03274617135975, 51.831208344322874], [73.00030556325578, 51.800153249699335]]}, "properties": {"source": "17906580", "target": "10432309"}}, {"type": "Feature", "geometry": {"type": "LineString", "coordinates": [[73.03274617135975, 51.831208344322874], [73.06783912434304, 51.8212926616235]]}, "properties": {"source": "17906580", "target": "13618229"}}, {"type": "Feature", "geometry": {"type": "LineString", "coordinates": [[73.03274617135975, 51.831208344322874], [73.04003826621053, 51.83849293112631]]}, "properties": {"source": "17906580", "target": "17278703"}}, {"type": "Feature", "geometry": {"type": "LineString", "coordinates": [[73.03580507881645, 51.81769488304451], [73.07067042223738, 51.82344236051536]]}, "properties": {"source": "18742422", "target": "2352358"}}, {"type": "Feature", "geometry": {"type": "LineString", "coordinates": [[73.03580507881645, 51.81769488304451], [73.05487743922146, 51.80504490536299]]}, "properties": {"source": "18742422", "target": "26836912"}}, {"type": "Feature", "geometry": {"type": "LineString", "coordinates": [[73.03580507881645, 51.81769488304451], [73.07853047620088, 51.81421893567074]]}, "properties": {"source": "18742422", "target": "22816088"}}, {"type": "Feature", "geometry": {"type": "LineString", "coordinates": [[73.03580507881645, 51.81769488304451], [72.99729300016205, 51.82540152777038]]}, "properties": {"source": "18742422", "target": "18039797"}}, {"type": "Feature", "geometry": {"type": "LineString", "coordinates": [[73.03580507881645, 51.81769488304451], [73.07801806278053, 51.81220103207768]]}, "properties": {"source": "18742422", "target": "10451964"}}, {"type": "Feature", "geometry": {"type": "LineString", "coordinates": [[73.03580507881645, 51.81769488304451], [73.04472356812201, 51.81603197183492]]}, "properties": {"source": "18742422", "target": "16164522"}}, {"type": "Feature", "geometry": {"type": "LineString", "coordinates": [[73.03580507881645, 51.81769488304451], [73.0345612415775, 51.807876247176495]]}, "properties": {"source": "18742422", "target": "12911644"}}, {"type": "Feature", "geometry": {"type": "LineString", "coordinates": [[73.03580507881645, 51.81769488304451], [73.01578117812548, 51.80910328426263]]}, "properties": {"source": "18742422", "target": "10781779"}}, {"type": "Feature", "geometry": {"type": "LineString", "coordinates": [[73.03580507881645, 51.81769488304451], [73.0270432411871, 51.83625634296784]]}, "properties": {"source": "18742422", "target": "10959898"}}, {"type": "Feature", "geometry": {"type": "LineString", "coordinates": [[73.10955250495857, 51.834201878434214], [73.0863102389167, 51.8234394222802]]}, "properties": {"source": "28078927", "target": "34847787"}}, {"type": "Feature", "geometry": {"type": "LineString", "coordinates": [[73.11076196908093, 51.81151807540641], [73.01150932051394, 51.8298671714294]]}, "properties": {"source": "34418540", "target": "16054304"}}, {"type": "Feature", "geometry": {"type": "LineString", "coordinates": [[73.0768281251512, 51.82891505516862], [73.03241167982563, 51.82224899208133]]}, "properties": {"source": "18946571", "target": "19243415"}}, {"type": "Feature", "geometry": {"type": "LineString", "coordinates": [[73.0768281251512, 51.82891505516862], [73.08176464940624, 51.83776445099191]]}, "properties": {"source": "18946571", "target": "19380816"}}, {"type": "Feature", "geometry": {"type": "LineString", "coordinates": [[73.0768281251512, 51.82891505516862], [73.11001714926553, 51.81701601377415]]}, "properties": {"source": "18946571", "target": "18275915"}}, {"type": "Feature", "geometry": {"type": "LineString", "coordinates": [[73.0768281251512, 51.82891505516862], [73.09679393806613, 51.80447435476631]]}, "properties": {"source": "18946571", "target": "18105545"}}, {"type": "Feature", "geometry": {"type": "LineString", "coordinates": [[73.0768281251512, 51.82891505516862], [73.09907762327316, 51.808006988970035]]}, "properties": {"source": "18946571", "target": "17312688"}}, {"type": "Feature", "geometry": {"type": "LineString", "coordinates": [[73.0768281251512, 51.82891505516862], [73.01482713873148, 51.81601481219887]]}, "properties": {"source": "18946571", "target": "13609497"}}, {"type": "Feature", "geometry": {"type": "LineString", "coordinates": [[73.0768281251512, 51.82891505516862], [73.04402660554572, 51.816579534206966]]}, "properties": {"source": "18946571", "target": "18713700"}}, {"type": "Feature", "geometry": {"type": "LineString", "coordinates": [[73.0768281251512, 51.82891505516862], [73.02746548343688, 51.835579158532084]]}, "properties": {"source": "18946571", "target": "13577581"}}, {"type": "Feature", "geometry": {"type": "LineString", "coordinates": [[73.06569094040739, 51.821121772857154], [72.99826636356761, 51.812223625480044]]}, "properties": {"source": "28487182", "target": "6568801"}}, {"type": "Feature", "geometry": {"type": "LineString", "coordinates": [[73.06569094040739, 51.821121772857154], [73.03813488309643, 51.79942724511214]]}, "properties": {"source": "28487182", "target": "7183286"}}, {"type": "Feature", "geometry": {"type": "LineString", "coordinates": [[73.06569094040739, 51.821121772857154], [73.03297566798247, 51.837908637468814]]}, "properties": {"source": "28487182", "target": "28487078"}}, {"type": "Feature", "geometry": {"type": "LineString", "coordinates": [[73.06569094040739, 51.821121772857154], [73.0433127296804, 51.81613972122784]]}, "properties": {"source": "28487182", "target": "28257615"}}, {"type": "Feature", "geometry": {"type": "LineString", "coordinates": [[73.06569094040739, 51.821121772857154], [73.10011795667762, 51.81900463509788]]}, "properties": {"source": "28487182", "target": "27811355"}}, {"type": "Feature", "geometry": {"type": "LineString", "coordinates": [[73.06569094040739, 51.821121772857154], [73.04503676774377, 51.80897271303293]]}, "properties": {"source": "28487182", "target": "25393346"}}, {"type": "Feature", "geometry": {"type": "LineString", "coordinates": [[73.06569094040739, 51.821121772857154], [73.09582943139574, 51.80247482697406]]}, "properties": {"source": "28487182", "target": "32023743"}}, {"type": "Feature", "geometry": {"type": "LineString", "coordinates": [[73.01587020212907, 51.82973546330399], [73.09638580627347, 51.80980818886319]]}, "properties": {"source": "18624184", "target": "18191372"}}, {"type": "Feature", "geometry": {"type": "LineString", "coordinates": [[73.01587020212907, 51.82973546330399], [73.00582127645166, 51.82319533359514]]}, "properties": {"source": "18624184", "target": "13625962"}}, {"type": "Feature", "geometry": {"type": "LineString", "coordinates": [[73.01587020212907, 51.82973546330399], [73.02237099231365, 51.81819440313362]]}, "properties": {"source": "18624184", "target": "18218121"}}, {"type": "Feature", "geometry": {"type": "LineString", "coordinates": [[73.01587020212907, 51.82973546330399], [73.00058588899515, 51.81621768404425]]}, "properties": {"source": "18624184", "target": "18521558"}}, {"type": "Feature", "geometry": {"type": "LineString", "coordinates": [[73.07606082569745, 51.804470375728656], [73.04312539549798, 51.822660420363775]]}, "properties": {"source": "25041228", "target": "6432863"}}, {"type": "Feature", "geometry": {"type": "LineString", "coordinates": [[73.07606082569745, 51.804470375728656], [73.01154658245224, 51.80263641291006]]}, "properties": {"source": "25041228", "target": "7934297"}}, {"type": "Feature", "geometry": {"type": "LineString", "coordinates": [[73.07606082569745, 51.804470375728656], [73.09069492446352, 51.83803981048598]]}, "properties": {"source": "25041228", "target": "7934296"}}, {"type": "Feature", "geometry": {"type": "LineString", "coordinates": [[73.07606082569745, 51.804470375728656], [73.0680734794735, 51.821304469154214]]}, "properties": {"source": "25041228", "target": "25686515"}}, {"type": "Feature", "geometry": {"type": "LineString", "coordinates": [[73.07606082569745, 51.804470375728656], [73.03380560390286, 51.818350598236435]]}, "properties": {"source": "25041228", "target": "21825673"}}, {"type": "Feature", "geometry": {"type": "LineString", "coordinates": [[73.07606082569745, 51.804470375728656], [72.99765013351822, 51.81925722418356]]}, "properties": {"source": "25041228", "target": "27993611"}}, {"type": "Feature", "geometry": {"type": "LineString", "coordinates": [[73.07606082569745, 51.804470375728656], [73.09396160859629, 51.82219274077879]]}, "properties": {"source": "25041228", "target": "23403267"}}, {"type": "Feature", "geometry": {"type": "LineString", "coordinates": [[73.07606082569745, 51.804470375728656], [72.99915555906193, 51.81240163385719]]}, "properties": {"source": "25041228", "target": "22064268"}}, {"type": "Feature", "geometry": {"type": "LineString", "coordinates": [[73.07606082569745, 51.804470375728656], [73.00444981056461, 51.8141214735402]]}, "properties": {"source": "25041228", "target": "13244678"}}, {"type": "Feature", "geometry": {"type": "LineString", "coordinates": [[73.07606082569745, 51.804470375728656], [73.08066176141355, 51.81742825673007]]}, "properties": {"source": "25041228", "target": "17999567"}}, {"type": "Feature", "geometry": {"type": "LineString", "coordinates": [[73.074336107963, 51.83458200381999], [73.0863102389167, 51.8234394222802]]}, "properties": {"source": "26079540", "target": "34847787"}}, {"type": "Feature", "geometry": {"type": "LineString", "coordinates": [[73.074336107963, 51.83458200381999], [73.05012969108523, 51.83000206991187]]}, "properties": {"source": "26079540", "target": "27238087"}}, {"type": "Feature", "geometry": {"type": "LineString", "coordinates": [[73.01829587474197, 51.803461091562056], [73.0863102389167, 51.8234394222802]]}, "properties": {"source": "20617777", "target": "34847787"}}, {"type": "Feature", "geometry": {"type": "LineString", "coordinates": [[73.01829587474197, 51.803461091562056], [73.03900324642973, 51.82112298303181]]}, "properties": {"source": "20617777", "target": "20898763"}}, {"type": "Feature", "geometry": {"type": "LineString", "coordinates": [[73.01829587474197, 51.803461091562056], [73.07970189928704, 51.813152319043084]]}, "properties": {"source": "20617777", "target": "20697757"}}, {"type": "Feature", "geometry": {"type": "LineString", "coordinates": [[73.01829587474197, 51.803461091562056], [73.05883186758504, 51.82703305086815]]}, "properties": {"source": "20617777", "target": "19006037"}}, {"type": "Feature", "geometry": {"type": "LineString", "coordinates": [[73.01829587474197, 51.803461091562056], [73.1135546457881, 51.8065835849349]]}, "properties": {"source": "20617777", "target": "19084959"}}, {"type": "Feature", "geometry": {"type": "LineString", "coordinates": [[73.04067913987393, 51.79938009935343], [73.05958198676791, 51.82596775409871]]}, "properties": {"source": "30055560", "target": "29918516"}}, {"type": "Feature", "geometry": {"type": "LineString", "coordinates": [[73.01587020212907, 51.82973546330399], [73.07970189928704, 51.813152319043084]]}, "properties": {"source": "18624184", "target": "20697757"}}, {"type": "Feature", "geometry": {"type": "LineString", "coordinates": [[73.01587020212907, 51.82973546330399], [73.1135546457881, 51.8065835849349]]}, "properties": {"source": "18624184", "target": "19084959"}}, {"type": "Feature", "geometry": {"type": "LineString", "coordinates": [[73.01587020212907, 51.82973546330399], [73.04247086260898, 51.80851385598244]]}, "properties": {"source": "18624184", "target": "23248866"}}, {"type": "Feature", "geometry": {"type": "LineString", "coordinates": [[73.01587020212907, 51.82973546330399], [73.01758852745718, 51.802796035216204]]}, "properties": {"source": "18624184", "target": "21896601"}}, {"type": "Feature", "geometry": {"type": "LineString", "coordinates": [[73.01587020212907, 51.82973546330399], [73.01389782401219, 51.81030068032091]]}, "properties": {"source": "18624184", "target": "22038044"}}, {"type": "Feature", "geometry": {"type": "LineString", "coordinates": [[73.03936611937291, 51.822222501931776], [73.04312539549798, 51.822660420363775]]}, "properties": {"source": "25757300", "target": "6432863"}}, {"type": "Feature", "geometry": {"type": "LineString", "coordinates": [[73.03936611937291, 51.822222501931776], [73.01154658245224, 51.80263641291006]]}, "properties": {"source": "25757300", "target": "7934297"}}, {"type": "Feature", "geometry": {"type": "LineString", "coordinates": [[73.03936611937291, 51.822222501931776], [73.09069492446352, 51.83803981048598]]}, "properties": {"source": "25757300", "target": "7934296"}}, {"type": "Feature", "geometry": {"type": "LineString", "coordinates": [[73.03936611937291, 51.822222501931776], [73.0680734794735, 51.821304469154214]]}, "properties": {"source": "25757300", "target": "25686515"}}, {"type": "Feature", "geometry": {"type": "LineString", "coordinates": [[73.03936611937291, 51.822222501931776], [73.03297566798247, 51.837908637468814]]}, "properties": {"source": "25757300", "target": "28487078"}}, {"type": "Feature", "geometry": {"type": "LineString", "coordinates": [[73.08501548253142, 51.81286978876237], [73.0463212721273, 51.8230340415452]]}, "properties": {"source": "25542323", "target": "20909943"}}, {"type": "Feature", "geometry": {"type": "LineString", "coordinates": [[73.07591858856165, 51.82714293953731], [73.05882508382783, 51.79992613008655]]}, "properties": {"source": "985962", "target": "902854"}}, {"type": "Feature", "geometry": {"type": "LineString", "coordinates": [[73.07591858856165, 51.82714293953731], [73.06375194726536, 51.80806581472254]]}, "properties": {"source": "985962", "target": "8674402"}}, {"type": "Feature", "geometry": {"type": "LineString", "coordinates": [[73.07591858856165, 51.82714293953731], [73.0282043962367, 51.815805732602016]]}, "properties": {"source": "985962", "target": "985323"}}, {"type": "Feature", "geometry": {"type": "LineString", "coordinates": [[73.01341982447732, 51.83446486879595], [73.07000043049305, 51.8197590224201]]}, "properties": {"source": "32952268", "target": "34211699"}}, {"type": "Feature", "geometry": {"type": "LineString", "coordinates": [[73.01341982447732, 51.83446486879595], [72.99957466706047, 51.82412199116648]]}, "properties": {"source": "32952268", "target": "30235647"}}, {"type": "Feature", "geometry": {"type": "LineString", "coordinates": [[73.01341982447732, 51.83446486879595], [73.04677784651301, 51.800474159702574]]}, "properties": {"source": "32952268", "target": "12953998"}}, {"type": "Feature", "geometry": {"type": "LineString", "coordinates": [[73.00061889098677, 51.809538231441294], [73.07174525596386, 51.81836688632333]]}, "properties": {"source": "23012531", "target": "3387770"}}, {"type": "Feature", "geometry": {"type": "LineString", "coordinates": [[73.00061889098677, 51.809538231441294], [73.03324798527916, 51.819343344079414]]}, "properties": {"source": "23012531", "target": "18164967"}}, {"type": "Feature", "geometry": {"type": "LineString", "coordinates": [[73.10317050567366, 51.80097481398873], [73.07801443871165, 51.834206837461636]]}, "properties": {"source": "1477329", "target": "30356647"}}, {"type": "Feature", "geometry": {"type": "LineString", "coordinates": [[73.10317050567366, 51.80097481398873], [73.00294198997256, 51.82654478351698]]}, "properties": {"source": "1477329", "target": "30356671"}}, {"type": "Feature", "geometry": {"type": "LineString", "coordinates": [[73.10317050567366, 51.80097481398873], [73.00779924282716, 51.83224120729743]]}, "properties": {"source": "1477329", "target": "16125391"}}, {"type": "Feature", "geometry": {"type": "LineString", "coordinates": [[73.04929529059785, 51.8074544982604], [73.08360250731337, 51.80956640520357]]}, "properties": {"source": "8769378", "target": "62359"}}, {"type": "Feature", "geometry": {"type": "LineString", "coordinates": [[73.04929529059785, 51.8074544982604], [73.01828816640005, 51.8202125315873]]}, "properties": {"source": "8769378", "target": "8665502"}}, {"type": "Feature", "geometry": {"type": "LineString", "coordinates": [[73.04929529059785, 51.8074544982604], [73.02856812290457, 51.83218040848634]]}, "properties": {"source": "8769378", "target": "6785351"}}, {"type": "Feature", "geometry": {"type": "LineString", "coordinates": [[73.00061889098677, 51.809538231441294], [73.0858715421544, 51.81396544725489]]}, "properties": {"source": "23012531", "target": "28523392"}}, {"type": "Feature", "geometry": {"type": "LineString", "coordinates": [[73.0960620793548, 51.81837710750237], [73.00481032825837, 51.83281518890732]]}, "properties": {"source": "24894002", "target": "25364850"}}, {"type": "Feature", "geometry": {"type": "LineString", "coordinates": [[73.0960620793548, 51.81837710750237], [73.10199134034244, 51.835359113854636]]}, "properties": {"source": "24894002", "target": "20411119"}}, {"type": "Feature", "geometry": {"type": "LineString", "coordinates": [[73.0960620793548, 51.81837710750237], [73.00155280721268, 51.801646582131156]]}, "properties": {"source": "24894002", "target": "20555687"}}, {"type": "Feature", "geometry": {"type": "LineString", "coordinates": [[72.99811286115647, 51.82720505182178], [73.04677784651301, 51.800474159702574]]}, "properties": {"source": "27259694", "target": "12953998"}}, {"type": "Feature", "geometry": {"type": "LineString", "coordinates": [[72.99811286115647, 51.82720505182178], [73.00690167130693, 51.82307662619047]]}, "properties": {"source": "27259694", "target": "13413628"}}, {"type": "Feature", "geometry": {"type": "LineString", "coordinates": [[72.99811286115647, 51.82720505182178], [73.07549244303252, 51.803312151694854]]}, "properties": {"source": "27259694", "target": "24988544"}}, {"type": "Feature", "geometry": {"type": "LineString", "coordinates": [[72.99811286115647, 51.82720505182178], [73.07781040700402, 51.82290924032242]]}, "properties": {"source": "27259694", "target": "262844"}}, {"type": "Feature", "geometry": {"type": "LineString", "coordinates": [[72.99811286115647, 51.82720505182178], [73.10461039861232, 51.80465009947993]]}, "properties": {"source": "27259694", "target": "2256827"}}, {"type": "Feature", "geometry": {"type": "LineString", "coordinates": [[72.99811286115647, 51.82720505182178], [73.09453675017284, 51.799523198711796]]}, "properties": {"source": "27259694", "target": "28269278"}}, {"type": "Feature", "geometry": {"type": "LineString", "coordinates": [[73.07282253544392, 51.799655859356264], [73.07970920428943, 51.826991713706676]]}, "properties": {"source": "5967419", "target": "3985498"}}, {"type": "Feature", "geometry": {"type": "LineString", "coordinates": [[73.0050938404257, 51.827560274796795], [73.09606335917047, 51.83719680068519]]}, "properties": {"source": "6365288", "target": "7935023"}}, {"type": "Feature", "geometry": {"type": "LineString", "coordinates": [[73.0050938404257, 51.827560274796795], [72.99826636356761, 51.812223625480044]]}, "properties": {"source": "6365288", "target": "6568801"}}, {"type": "Feature", "geometry": {"type": "LineString", "coordinates": [[73.0050938404257, 51.827560274796795], [73.04380069906821, 51.81043293570323]]}, "properties": {"source": "6365288", "target": "8577965"}}, {"type": "Feature", "geometry": {"type": "LineString", "coordinates": [[73.0050938404257, 51.827560274796795], [73.10498966303152, 51.814372087981965]]}, "properties": {"source": "6365288", "target": "6404563"}}, {"type": "Feature", "geometry": {"type": "LineString", "coordinates": [[73.0050938404257, 51.827560274796795], [72.99711018502589, 51.81483763339703]]}, "properties": {"source": "6365288", "target": "15749863"}}, {"type": "Feature", "geometry": {"type": "LineString", "coordinates": [[73.0050938404257, 51.827560274796795], [73.07449835395494, 51.812539870310644]]}, "properties": {"source": "6365288", "target": "6391136"}}, {"type": "Feature", "geometry": {"type": "LineString", "coordinates": [[73.03526416520185, 51.836933044100505], [73.05327013941988, 51.83143978711348]]}, "properties": {"source": "2521851", "target": "21529671"}}, {"type": "Feature", "geometry": {"type": "LineString", "coordinates": [[73.03526416520185, 51.836933044100505], [73.04215443161655, 51.827087934292194]]}, "properties": {"source": "2521851", "target": "6330122"}}, {"type": "Feature", "geometry": {"type": "LineString", "coordinates": [[73.03526416520185, 51.836933044100505], [73.01319985447518, 51.819357733621175]]}, "properties": {"source": "2521851", "target": "18039803"}}, {"type": "Feature", "geometry": {"type": "LineString", "coordinates": [[73.03526416520185, 51.836933044100505], [73.02636869441946, 51.815610403836686]]}, "properties": {"source": "2521851", "target": "11943524"}}, {"type": "Feature", "geometry": {"type": "LineString", "coordinates": [[73.05561589575632, 51.82258280721955], [73.09298844515072, 51.82370086453177]]}, "properties": {"source": "1896120", "target": "9773348"}}, {"type": "Feature", "geometry": {"type": "LineString", "coordinates": [[73.05561589575632, 51.82258280721955], [73.10199134034244, 51.835359113854636]]}, "properties": {"source": "1896120", "target": "20411119"}}, {"type": "Feature", "geometry": {"type": "LineString", "coordinates": [[73.05561589575632, 51.82258280721955], [73.0843315767687, 51.82933560408877]]}, "properties": {"source": "1896120", "target": "8526892"}}, {"type": "Feature", "geometry": {"type": "LineString", "coordinates": [[73.08189905421841, 51.83510265759894], [72.99811286115647, 51.82720505182178]]}, "properties": {"source": "25151279", "target": "27259694"}}, {"type": "Feature", "geometry": {"type": "LineString", "coordinates": [[73.08189905421841, 51.83510265759894], [73.04677784651301, 51.800474159702574]]}, "properties": {"source": "25151279", "target": "12953998"}}, {"type": "Feature", "geometry": {"type": "LineString", "coordinates": [[73.08189905421841, 51.83510265759894], [73.07549244303252, 51.803312151694854]]}, "properties": {"source": "25151279", "target": "24988544"}}, {"type": "Feature", "geometry": {"type": "LineString", "coordinates": [[73.08189905421841, 51.83510265759894], [73.07781040700402, 51.82290924032242]]}, "properties": {"source": "25151279", "target": "262844"}}, {"type": "Feature", "geometry": {"type": "LineString", "coordinates": [[73.08189905421841, 51.83510265759894], [73.10461039861232, 51.80465009947993]]}, "properties": {"source": "25151279", "target": "2256827"}}, {"type": "Feature", "geometry": {"type": "LineString", "coordinates": [[73.08189905421841, 51.83510265759894], [73.09453675017284, 51.799523198711796]]}, "properties": {"source": "25151279", "target": "28269278"}}, {"type": "Feature", "geometry": {"type": "LineString", "coordinates": [[73.08049502462066, 51.80251650229749], [73.05042350364198, 51.82958262915288]]}, "properties": {"source": "13561193", "target": "23156545"}}, {"type": "Feature", "geometry": {"type": "LineString", "coordinates": [[73.08049502462066, 51.80251650229749], [73.08501548253142, 51.81286978876237]]}, "properties": {"source": "13561193", "target": "25542323"}}, {"type": "Feature", "geometry": {"type": "LineString", "coordinates": [[73.08049502462066, 51.80251650229749], [73.08451078224451, 51.81116675766884]]}, "properties": {"source": "13561193", "target": "6607232"}}, {"type": "Feature", "geometry": {"type": "LineString", "coordinates": [[72.99756508502622, 51.814131249820576], [73.05031190473716, 51.810483867361995]]}, "properties": {"source": "8707061", "target": "9686555"}}, {"type": "Feature", "geometry": {"type": "LineString", "coordinates": [[72.99756508502622, 51.814131249820576], [73.06376176880116, 51.82001739737608]]}, "properties": {"source": "8707061", "target": "776302"}}, {"type": "Feature", "geometry": {"type": "LineString", "coordinates": [[72.99756508502622, 51.814131249820576], [73.09350720479708, 51.819546759276236]]}, "properties": {"source": "8707061", "target": "7872926"}}, {"type": "Feature", "geometry": {"type": "LineString", "coordinates": [[72.99756508502622, 51.814131249820576], [73.07498125905263, 51.82918695524026]]}, "properties": {"source": "8707061", "target": "8671755"}}, {"type": "Feature", "geometry": {"type": "LineString", "coordinates": [[73.07174525596386, 51.81836688632333], [73.09698806125618, 51.813036520978926]]}, "properties": {"source": "3387770", "target": "409799"}}, {"type": "Feature", "geometry": {"type": "LineString", "coordinates": [[73.07174525596386, 51.81836688632333], [72.99763406920093, 51.82702866503065]]}, "properties": {"source": "3387770", "target": "4202513"}}, {"type": "Feature", "geometry": {"type": "LineString", "coordinates": [[73.07174525596386, 51.81836688632333], [73.0937948466347, 51.83818600415654]]}, "properties": {"source": "3387770", "target": "4184400"}}, {"type": "Feature", "geometry": {"type": "LineString", "coordinates": [[73.0220407078063, 51.83254289031247], [73.06839761177989, 51.80052778303396]]}, "properties": {"source": "8528796", "target": "8776687"}}, {"type": "Feature", "geometry": {"type": "LineString", "coordinates": [[73.0220407078063, 51.83254289031247], [73.05882508382783, 51.79992613008655]]}, "properties": {"source": "8528796", "target": "902854"}}, {"type": "Feature", "geometry": {"type": "LineString", "coordinates": [[73.0220407078063, 51.83254289031247], [73.09606335917047, 51.83719680068519]]}, "properties": {"source": "8528796", "target": "7935023"}}, {"type": "Feature", "geometry": {"type": "LineString", "coordinates": [[73.0220407078063, 51.83254289031247], [73.08955972594137, 51.81407721093653]]}, "properties": {"source": "8528796", "target": "8719673"}}, {"type": "Feature", "geometry": {"type": "LineString", "coordinates": [[73.0220407078063, 51.83254289031247], [73.07801806278053, 51.81220103207768]]}, "properties": {"source": "8528796", "target": "10451964"}}, {"type": "Feature", "geometry": {"type": "LineString", "coordinates": [[73.0220407078063, 51.83254289031247], [73.04472356812201, 51.81603197183492]]}, "properties": {"source": "8528796", "target": "16164522"}}, {"type": "Feature", "geometry": {"type": "LineString", "coordinates": [[73.0220407078063, 51.83254289031247], [72.99711018502589, 51.81483763339703]]}, "properties": {"source": "8528796", "target": "15749863"}}, {"type": "Feature", "geometry": {"type": "LineString", "coordinates": [[73.0220407078063, 51.83254289031247], [73.0345612415775, 51.807876247176495]]}, "properties": {"source": "8528796", "target": "12911644"}}, {"type": "Feature", "geometry": {"type": "LineString", "coordinates": [[73.02107393046577, 51.813516595861515], [73.01468730347923, 51.81800763510634]]}, "properties": {"source": "11432139", "target": "13084791"}}, {"type": "Feature", "geometry": {"type": "LineString", "coordinates": [[73.02807534127047, 51.81068817846722], [73.10625879938013, 51.82015538873307]]}, "properties": {"source": "8286272", "target": "9036325"}}, {"type": "Feature", "geometry": {"type": "LineString", "coordinates": [[73.02807534127047, 51.81068817846722], [73.09919198802672, 51.82341011014039]]}, "properties": {"source": "8286272", "target": "13262017"}}, {"type": "Feature", "geometry": {"type": "LineString", "coordinates": [[73.02807534127047, 51.81068817846722], [73.06924657979374, 51.82768262999646]]}, "properties": {"source": "8286272", "target": "8339092"}}, {"type": "Feature", "geometry": {"type": "LineString", "coordinates": [[73.02807534127047, 51.81068817846722], [73.08677749905968, 51.81328165410004]]}, "properties": {"source": "8286272", "target": "8714914"}}, {"type": "Feature", "geometry": {"type": "LineString", "coordinates": [[73.02807534127047, 51.81068817846722], [73.05173676183583, 51.829383806861514]]}, "properties": {"source": "8286272", "target": "7530864"}}, {"type": "Feature", "geometry": {"type": "LineString", "coordinates": [[73.08049502462066, 51.80251650229749], [72.99699134279317, 51.80563577614522]]}, "properties": {"source": "13561193", "target": "8478537"}}, {"type": "Feature", "geometry": {"type": "LineString", "coordinates": [[73.02224731023983, 51.83192528516754], [73.05428121644451, 51.8149597151162]]}, "properties": {"source": "28004265", "target": "9528055"}}, {"type": "Feature", "geometry": {"type": "LineString", "coordinates": [[73.02224731023983, 51.83192528516754], [73.01847129637915, 51.83814839336475]]}, "properties": {"source": "28004265", "target": "8963480"}}, {"type": "Feature", "geometry": {"type": "LineString", "coordinates": [[73.02224731023983, 51.83192528516754], [73.01483619682568, 51.804076611433246]]}, "properties": {"source": "28004265", "target": "15852412"}}, {"type": "Feature", "geometry": {"type": "LineString", "coordinates": [[73.08677749905968, 51.81328165410004], [73.06839761177989, 51.80052778303396]]}, "properties": {"source": "8714914", "target": "8776687"}}, {"type": "Feature", "geometry": {"type": "LineString", "coordinates": [[73.08677749905968, 51.81328165410004], [73.09358333489473, 51.827101629304494]]}, "properties": {"source": "8714914", "target": "10602422"}}, {"type": "Feature", "geometry": {"type": "LineString", "coordinates": [[73.08677749905968, 51.81328165410004], [73.05414297012416, 51.81571459577094]]}, "properties": {"source": "8714914", "target": "10180167"}}, {"type": "Feature", "geometry": {"type": "LineString", "coordinates": [[73.0653148411738, 51.83284058962161], [73.00030427134337, 51.82406240399534]]}, "properties": {"source": "30168293", "target": "17375095"}}, {"type": "Feature", "geometry": {"type": "LineString", "coordinates": [[73.0653148411738, 51.83284058962161], [73.045830451829, 51.82965075857581]]}, "properties": {"source": "30168293", "target": "12207539"}}, {"type": "Feature", "geometry": {"type": "LineString", "coordinates": [[73.0653148411738, 51.83284058962161], [73.0282153061462, 51.81186700652556]]}, "properties": {"source": "30168293", "target": "17727347"}}, {"type": "Feature", "geometry": {"type": "LineString", "coordinates": [[73.0653148411738, 51.83284058962161], [73.03657783269759, 51.835509604143695]]}, "properties": {"source": "30168293", "target": "11545908"}}, {"type": "Feature", "geometry": {"type": "LineString", "coordinates": [[73.07214555933749, 51.80778385758805], [73.07198361871656, 51.82426182605872]]}, "properties": {"source": "10609", "target": "2325855"}}, {"type": "Feature", "geometry": {"type": "LineString", "coordinates": [[73.07214555933749, 51.80778385758805], [72.99788797641966, 51.81492096610903]]}, "properties": {"source": "10609", "target": "11229558"}}, {"type": "Feature", "geometry": {"type": "LineString", "coordinates": [[73.03471803272839, 51.817924660251634], [72.99763406920093, 51.82702866503065]]}, "properties": {"source": "53695", "target": "4202513"}}, {"type": "Feature", "geometry": {"type": "LineString", "coordinates": [[73.03471803272839, 51.817924660251634], [73.0937948466347, 51.83818600415654]]}, "properties": {"source": "53695", "target": "4184400"}}, {"type": "Feature", "geometry": {"type": "LineString", "coordinates": [[73.03471803272839, 51.817924660251634], [73.02558742854015, 51.799711423892816]]}, "properties": {"source": "53695", "target": "62354"}}, {"type": "Feature", "geometry": {"type": "LineString", "coordinates": [[73.10039728200547, 51.830932391713276], [73.05882508382783, 51.79992613008655]]}, "properties": {"source": "843485", "target": "902854"}}, {"type": "Feature", "geometry": {"type": "LineString", "coordinates": [[73.10039728200547, 51.830932391713276], [73.0329584130354, 51.827308374064955]]}, "properties": {"source": "843485", "target": "98107"}}, {"type": "Feature", "geometry": {"type": "LineString", "coordinates": [[73.10039728200547, 51.830932391713276], [73.02131575740339, 51.838264031413544]]}, "properties": {"source": "843485", "target": "9498888"}}, {"type": "Feature", "geometry": {"type": "LineString", "coordinates": [[73.05582636002805, 51.81383738239829], [73.02955092462133, 51.82461576656205]]}, "properties": {"source": "18886985", "target": "17571581"}}, {"type": "Feature", "geometry": {"type": "LineString", "coordinates": [[73.05582636002805, 51.81383738239829], [73.09145886449141, 51.820543860455814]]}, "properties": {"source": "18886985", "target": "1082852"}}, {"type": "Feature", "geometry": {"type": "LineString", "coordinates": [[73.05582636002805, 51.81383738239829], [73.02892852214526, 51.80013936649365]]}, "properties": {"source": "18886985", "target": "2210769"}}, {"type": "Feature", "geometry": {"type": "LineString", "coordinates": [[73.07706625181285, 51.83877876228483], [73.05875833381182, 51.82723635386631]]}, "properties": {"source": "15217490", "target": "17798537"}}, {"type": "Feature", "geometry": {"type": "LineString", "coordinates": [[73.07706625181285, 51.83877876228483], [73.07807791282042, 51.820922147119106]]}, "properties": {"source": "15217490", "target": "9152130"}}, {"type": "Feature", "geometry": {"type": "LineString", "coordinates": [[73.07343447852969, 51.80952141912506], [72.99763406920093, 51.82702866503065]]}, "properties": {"source": "15457336", "target": "4202513"}}, {"type": "Feature", "geometry": {"type": "LineString", "coordinates": [[73.07343447852969, 51.80952141912506], [73.0937948466347, 51.83818600415654]]}, "properties": {"source": "15457336", "target": "4184400"}}, {"type": "Feature", "geometry": {"type": "LineString", "coordinates": [[73.07343447852969, 51.80952141912506], [73.07067042223738, 51.82344236051536]]}, "properties": {"source": "15457336", "target": "2352358"}}, {"type": "Feature", "geometry": {"type": "LineString", "coordinates": [[73.08961324188945, 51.804569030114095], [73.0861205903793, 51.808474170972175]]}, "properties": {"source": "99486", "target": "1044175"}}, {"type": "Feature", "geometry": {"type": "LineString", "coordinates": [[73.02161986975509, 51.813890018874616], [73.09298844515072, 51.82370086453177]]}, "properties": {"source": "99523", "target": "9773348"}}, {"type": "Feature", "geometry": {"type": "LineString", "coordinates": [[73.02161986975509, 51.813890018874616], [73.01395305869332, 51.8146358532007]]}, "properties": {"source": "99523", "target": "99500"}}, {"type": "Feature", "geometry": {"type": "LineString", "coordinates": [[73.02161986975509, 51.813890018874616], [73.0843315767687, 51.82933560408877]]}, "properties": {"source": "99523", "target": "8526892"}}, {"type": "Feature", "geometry": {"type": "LineString", "coordinates": [[73.02161986975509, 51.813890018874616], [73.08055178085093, 51.80953361619241]]}, "properties": {"source": "99523", "target": "99499"}}, {"type": "Feature", "geometry": {"type": "LineString", "coordinates": [[73.02161986975509, 51.813890018874616], [73.05921629993534, 51.82443166770574]]}, "properties": {"source": "99523", "target": "99489"}}, {"type": "Feature", "geometry": {"type": "LineString", "coordinates": [[73.02161986975509, 51.813890018874616], [73.0861205903793, 51.808474170972175]]}, "properties": {"source": "99523", "target": "1044175"}}, {"type": "Feature", "geometry": {"type": "LineString", "coordinates": [[73.07198361871656, 51.82426182605872], [73.07067042223738, 51.82344236051536]]}, "properties": {"source": "2325855", "target": "2352358"}}, {"type": "Feature", "geometry": {"type": "LineString", "coordinates": [[73.07198361871656, 51.82426182605872], [73.05487743922146, 51.80504490536299]]}, "properties": {"source": "2325855", "target": "26836912"}}, {"type": "Feature", "geometry": {"type": "LineString", "coordinates": [[73.07198361871656, 51.82426182605872], [72.99788797641966, 51.81492096610903]]}, "properties": {"source": "2325855", "target": "11229558"}}, {"type": "Feature", "geometry": {"type": "LineString", "coordinates": [[73.07198361871656, 51.82426182605872], [73.0747549259656, 51.80519348741785]]}, "properties": {"source": "2325855", "target": "29586537"}}, {"type": "Feature", "geometry": {"type": "LineString", "coordinates": [[73.07198361871656, 51.82426182605872], [73.00030427134337, 51.82406240399534]]}, "properties": {"source": "2325855", "target": "17375095"}}, {"type": "Feature", "geometry": {"type": "LineString", "coordinates": [[73.07198361871656, 51.82426182605872], [73.03657783269759, 51.835509604143695]]}, "properties": {"source": "2325855", "target": "11545908"}}, {"type": "Feature", "geometry": {"type": "LineString", "coordinates": [[73.02131575740339, 51.838264031413544], [73.05882508382783, 51.79992613008655]]}, "properties": {"source": "9498888", "target": "902854"}}, {"type": "Feature", "geometry": {"type": "LineString", "coordinates": [[73.02131575740339, 51.838264031413544], [73.0329584130354, 51.827308374064955]]}, "properties": {"source": "9498888", "target": "98107"}}, {"type": "Feature", "geometry": {"type": "LineString", "coordinates": [[73.01660742396271, 51.837704718177434], [73.0863102389167, 51.8234394222802]]}, "properties": {"source": "32990976", "target": "34847787"}}, {"type": "Feature", "geometry": {"type": "LineString", "coordinates": [[73.10113361767455, 51.816704485836965], [73.0948514260972, 51.814742154146785]]}, "properties": {"source": "27858175", "target": "8504174"}}, {"type": "Feature", "geometry": {"type": "LineString", "coordinates": [[73.10113361767455, 51.816704485836965], [73.05726132531692, 51.83718924305049]]}, "properties": {"source": "27858175", "target": "7430094"}}, {"type": "Feature", "geometry": {"type": "LineString", "coordinates": [[73.10113361767455, 51.816704485836965], [73.09670332320607, 51.809065908838534]]}, "properties": {"source": "27858175", "target": "28508698"}}, {"type": "Feature", "geometry": {"type": "LineString", "coordinates": [[73.10113361767455, 51.816704485836965], [72.99777965034207, 51.83816137157264]]}, "properties": {"source": "27858175", "target": "28532228"}}, {"type": "Feature", "geometry": {"type": "LineString", "coordinates": [[73.10113361767455, 51.816704485836965], [73.01057096939886, 51.818852977319466]]}, "properties": {"source": "27858175", "target": "4416807"}}, {"type": "Feature", "geometry": {"type": "LineString", "coordinates": [[73.10113361767455, 51.816704485836965], [73.03149977823117, 51.83238577793952]]}, "properties": {"source": "27858175", "target": "26165470"}}, {"type": "Feature", "geometry": {"type": "LineString", "coordinates": [[73.10113361767455, 51.816704485836965], [73.05792316815288, 51.81124898898355]]}, "properties": {"source": "27858175", "target": "6413631"}}, {"type": "Feature", "geometry": {"type": "LineString", "coordinates": [[73.10113361767455, 51.816704485836965], [73.01050774221301, 51.82946290756249]]}, "properties": {"source": "27858175", "target": "24073935"}}, {"type": "Feature", "geometry": {"type": "LineString", "coordinates": [[73.10113361767455, 51.816704485836965], [73.09405280366275, 51.83247071796585]]}, "properties": {"source": "27858175", "target": "22736429"}}, {"type": "Feature", "geometry": {"type": "LineString", "coordinates": [[73.10113361767455, 51.816704485836965], [73.04692162818395, 51.83439627859306]]}, "properties": {"source": "27858175", "target": "13058984"}}, {"type": "Feature", "geometry": {"type": "LineString", "coordinates": [[73.03900324642973, 51.82112298303181], [73.0863102389167, 51.8234394222802]]}, "properties": {"source": "20898763", "target": "34847787"}}, {"type": "Feature", "geometry": {"type": "LineString", "coordinates": [[73.03900324642973, 51.82112298303181], [73.05012969108523, 51.83000206991187]]}, "properties": {"source": "20898763", "target": "27238087"}}, {"type": "Feature", "geometry": {"type": "LineString", "coordinates": [[73.03900324642973, 51.82112298303181], [73.05875833381182, 51.82723635386631]]}, "properties": {"source": "20898763", "target": "17798537"}}, {"type": "Feature", "geometry": {"type": "LineString", "coordinates": [[73.03900324642973, 51.82112298303181], [73.02966332836951, 51.81309455822992]]}, "properties": {"source": "20898763", "target": "28480220"}}, {"type": "Feature", "geometry": {"type": "LineString", "coordinates": [[73.03900324642973, 51.82112298303181], [73.07970189928704, 51.813152319043084]]}, "properties": {"source": "20898763", "target": "20697757"}}, {"type": "Feature", "geometry": {"type": "LineString", "coordinates": [[73.03900324642973, 51.82112298303181], [73.0067986808562, 51.800137189305616]]}, "properties": {"source": "20898763", "target": "29394912"}}, {"type": "Feature", "geometry": {"type": "LineString", "coordinates": [[73.11017094740515, 51.82047613254791], [73.00679065759451, 51.8307852950568]]}, "properties": {"source": "8274551", "target": "8475417"}}, {"type": "Feature", "geometry": {"type": "LineString", "coordinates": [[73.11017094740515, 51.82047613254791], [73.038820433268, 51.81041433682854]]}, "properties": {"source": "8274551", "target": "7619253"}}, {"type": "Feature", "geometry": {"type": "LineString", "coordinates": [[73.11017094740515, 51.82047613254791], [73.05031190473716, 51.810483867361995]]}, "properties": {"source": "8274551", "target": "9686555"}}, {"type": "Feature", "geometry": {"type": "LineString", "coordinates": [[73.11017094740515, 51.82047613254791], [73.06376176880116, 51.82001739737608]]}, "properties": {"source": "8274551", "target": "776302"}}, {"type": "Feature", "geometry": {"type": "LineString", "coordinates": [[73.11017094740515, 51.82047613254791], [72.99756508502622, 51.814131249820576]]}, "properties": {"source": "8274551", "target": "8707061"}}, {"type": "Feature", "geometry": {"type": "LineString", "coordinates": [[73.02519306631231, 51.80375357350506], [73.03471803272839, 51.817924660251634]]}, "properties": {"source": "6389450", "target": "53695"}}, {"type": "Feature", "geometry": {"type": "LineString", "coordinates": [[73.02519306631231, 51.80375357350506], [73.08360250731337, 51.80956640520357]]}, "properties": {"source": "6389450", "target": "62359"}}, {"type": "Feature", "geometry": {"type": "LineString", "coordinates": [[73.02519306631231, 51.80375357350506], [73.00294950829971, 51.82571797020819]]}, "properties": {"source": "6389450", "target": "58136"}}, {"type": "Feature", "geometry": {"type": "LineString", "coordinates": [[73.02519306631231, 51.80375357350506], [73.09041661947407, 51.8154963797697]]}, "properties": {"source": "6389450", "target": "6897469"}}, {"type": "Feature", "geometry": {"type": "LineString", "coordinates": [[73.04468897095438, 51.802729647644085], [73.09698806125618, 51.813036520978926]]}, "properties": {"source": "1763021", "target": "409799"}}, {"type": "Feature", "geometry": {"type": "LineString", "coordinates": [[73.04468897095438, 51.802729647644085], [73.07000043049305, 51.8197590224201]]}, "properties": {"source": "1763021", "target": "34211699"}}, {"type": "Feature", "geometry": {"type": "LineString", "coordinates": [[73.04468897095438, 51.802729647644085], [73.02690761309177, 51.83662616741729]]}, "properties": {"source": "1763021", "target": "23438061"}}, {"type": "Feature", "geometry": {"type": "LineString", "coordinates": [[73.04468897095438, 51.802729647644085], [73.08997724332383, 51.83106666120439]]}, "properties": {"source": "1763021", "target": "2480358"}}, {"type": "Feature", "geometry": {"type": "LineString", "coordinates": [[73.04468897095438, 51.802729647644085], [73.0345064099177, 51.80665788037405]]}, "properties": {"source": "1763021", "target": "23204993"}}, {"type": "Feature", "geometry": {"type": "LineString", "coordinates": [[73.04468897095438, 51.802729647644085], [73.01468730347923, 51.81800763510634]]}, "properties": {"source": "1763021", "target": "13084791"}}, {"type": "Feature", "geometry": {"type": "LineString", "coordinates": [[73.04468897095438, 51.802729647644085], [73.05669654677328, 51.81490631374871]]}, "properties": {"source": "1763021", "target": "24548177"}}, {"type": "Feature", "geometry": {"type": "LineString", "coordinates": [[73.00679065759451, 51.8307852950568], [73.09350720479708, 51.819546759276236]]}, "properties": {"source": "8475417", "target": "7872926"}}, {"type": "Feature", "geometry": {"type": "LineString", "coordinates": [[73.10745333605189, 51.814853817414644], [73.08671048789154, 51.820956552896575]]}, "properties": {"source": "29436482", "target": "35181991"}}, {"type": "Feature", "geometry": {"type": "LineString", "coordinates": [[73.10745333605189, 51.814853817414644], [73.00125679826556, 51.83581612640744]]}, "properties": {"source": "29436482", "target": "31570473"}}, {"type": "Feature", "geometry": {"type": "LineString", "coordinates": [[73.10745333605189, 51.814853817414644], [73.00481032825837, 51.83281518890732]]}, "properties": {"source": "29436482", "target": "25364850"}}, {"type": "Feature", "geometry": {"type": "LineString", "coordinates": [[73.10745333605189, 51.814853817414644], [73.0747549259656, 51.80519348741785]]}, "properties": {"source": "29436482", "target": "29586537"}}, {"type": "Feature", "geometry": {"type": "LineString", "coordinates": [[73.04380069906821, 51.81043293570323], [73.05543878605678, 51.79987946439927]]}, "properties": {"source": "8577965", "target": "1794071"}}, {"type": "Feature", "geometry": {"type": "LineString", "coordinates": [[73.04380069906821, 51.81043293570323], [73.11257075899809, 51.805832554410415]]}, "properties": {"source": "8577965", "target": "7906880"}}, {"type": "Feature", "geometry": {"type": "LineString", "coordinates": [[73.09298844515072, 51.82370086453177], [72.9964994362229, 51.817686115654524]]}, "properties": {"source": "9773348", "target": "948304"}}, {"type": "Feature", "geometry": {"type": "LineString", "coordinates": [[73.09298844515072, 51.82370086453177], [73.01395305869332, 51.8146358532007]]}, "properties": {"source": "9773348", "target": "99500"}}, {"type": "Feature", "geometry": {"type": "LineString", "coordinates": [[73.09298844515072, 51.82370086453177], [73.0329584130354, 51.827308374064955]]}, "properties": {"source": "9773348", "target": "98107"}}, {"type": "Feature", "geometry": {"type": "LineString", "coordinates": [[73.09298844515072, 51.82370086453177], [73.0843315767687, 51.82933560408877]]}, "properties": {"source": "9773348", "target": "8526892"}}, {"type": "Feature", "geometry": {"type": "LineString", "coordinates": [[73.09298844515072, 51.82370086453177], [73.08055178085093, 51.80953361619241]]}, "properties": {"source": "9773348", "target": "99499"}}, {"type": "Feature", "geometry": {"type": "LineString", "coordinates": [[73.09298844515072, 51.82370086453177], [73.05921629993534, 51.82443166770574]]}, "properties": {"source": "9773348", "target": "99489"}}, {"type": "Feature", "geometry": {"type": "LineString", "coordinates": [[73.00125679826556, 51.83581612640744], [73.01698551204464, 51.80719272651939]]}, "properties": {"source": "31570473", "target": "29222561"}}, {"type": "Feature", "geometry": {"type": "LineString", "coordinates": [[73.00125679826556, 51.83581612640744], [73.09445001390984, 51.79975170464081]]}, "properties": {"source": "31570473", "target": "33777903"}}, {"type": "Feature", "geometry": {"type": "LineString", "coordinates": [[73.00125679826556, 51.83581612640744], [73.02588641550881, 51.80611005631184]]}, "properties": {"source": "31570473", "target": "297388"}}, {"type": "Feature", "geometry": {"type": "LineString", "coordinates": [[73.1028127432566, 51.83205103500502], [73.08997724332383, 51.83106666120439]]}, "properties": {"source": "15994494", "target": "2480358"}}, {"type": "Feature", "geometry": {"type": "LineString", "coordinates": [[73.05327013941988, 51.83143978711348], [73.0463212721273, 51.8230340415452]]}, "properties": {"source": "21529671", "target": "20909943"}}, {"type": "Feature", "geometry": {"type": "LineString", "coordinates": [[73.05072667986136, 51.81890497153647], [73.02690761309177, 51.83662616741729]]}, "properties": {"source": "21950232", "target": "23438061"}}, {"type": "Feature", "geometry": {"type": "LineString", "coordinates": [[73.05072667986136, 51.81890497153647], [73.09922112779506, 51.82624126316499]]}, "properties": {"source": "21950232", "target": "13084814"}}, {"type": "Feature", "geometry": {"type": "LineString", "coordinates": [[73.05072667986136, 51.81890497153647], [73.08997724332383, 51.83106666120439]]}, "properties": {"source": "21950232", "target": "2480358"}}, {"type": "Feature", "geometry": {"type": "LineString", "coordinates": [[73.05072667986136, 51.81890497153647], [73.0345064099177, 51.80665788037405]]}, "properties": {"source": "21950232", "target": "23204993"}}, {"type": "Feature", "geometry": {"type": "LineString", "coordinates": [[73.05072667986136, 51.81890497153647], [73.01468730347923, 51.81800763510634]]}, "properties": {"source": "21950232", "target": "13084791"}}, {"type": "Feature", "geometry": {"type": "LineString", "coordinates": [[73.05072667986136, 51.81890497153647], [73.11133223589513, 51.826983571530846]]}, "properties": {"source": "21950232", "target": "13084774"}}, {"type": "Feature", "geometry": {"type": "LineString", "coordinates": [[73.05072667986136, 51.81890497153647], [73.1028127432566, 51.83205103500502]]}, "properties": {"source": "21950232", "target": "15994494"}}, {"type": "Feature", "geometry": {"type": "LineString", "coordinates": [[73.07954401647453, 51.820324284220916], [73.0863102389167, 51.8234394222802]]}, "properties": {"source": "26231883", "target": "34847787"}}, {"type": "Feature", "geometry": {"type": "LineString", "coordinates": [[73.07954401647453, 51.820324284220916], [73.05012969108523, 51.83000206991187]]}, "properties": {"source": "26231883", "target": "27238087"}}, {"type": "Feature", "geometry": {"type": "LineString", "coordinates": [[73.07954401647453, 51.820324284220916], [73.02966332836951, 51.81309455822992]]}, "properties": {"source": "26231883", "target": "28480220"}}, {"type": "Feature", "geometry": {"type": "LineString", "coordinates": [[73.07954401647453, 51.820324284220916], [73.074336107963, 51.83458200381999]]}, "properties": {"source": "26231883", "target": "26079540"}}, {"type": "Feature", "geometry": {"type": "LineString", "coordinates": [[73.07954401647453, 51.820324284220916], [73.10955250495857, 51.834201878434214]]}, "properties": {"source": "26231883", "target": "28078927"}}, {"type": "Feature", "geometry": {"type": "LineString", "coordinates": [[73.07954401647453, 51.820324284220916], [73.03128722795844, 51.80383210887851]]}, "properties": {"source": "26231883", "target": "26079531"}}, {"type": "Feature", "geometry": {"type": "LineString", "coordinates": [[73.05072667986136, 51.81890497153647], [73.07769366945922, 51.8350706684014]]}, "properties": {"source": "21950232", "target": "13421156"}}, {"type": "Feature", "geometry": {"type": "LineString", "coordinates": [[73.0863102389167, 51.8234394222802], [73.00902558587404, 51.812894651766314]]}, "properties": {"source": "34847787", "target": "3231448"}}, {"type": "Feature", "geometry": {"type": "LineString", "coordinates": [[73.0863102389167, 51.8234394222802], [73.07706625181285, 51.83877876228483]]}, "properties": {"source": "34847787", "target": "15217490"}}, {"type": "Feature", "geometry": {"type": "LineString", "coordinates": [[73.0863102389167, 51.8234394222802], [73.03019025915472, 51.804546484822126]]}, "properties": {"source": "34847787", "target": "25701031"}}, {"type": "Feature", "geometry": {"type": "LineString", "coordinates": [[73.0902366161404, 51.82331781756291], [73.0863102389167, 51.8234394222802]]}, "properties": {"source": "35882763", "target": "34847787"}}, {"type": "Feature", "geometry": {"type": "LineString", "coordinates": [[73.0902366161404, 51.82331781756291], [73.07496580404677, 51.831317354819674]]}, "properties": {"source": "35882763", "target": "36125570"}}, {"type": "Feature", "geometry": {"type": "LineString", "coordinates": [[73.0902366161404, 51.82331781756291], [73.09698806125618, 51.813036520978926]]}, "properties": {"source": "35882763", "target": "409799"}}, {"type": "Feature", "geometry": {"type": "LineString", "coordinates": [[73.0902366161404, 51.82331781756291], [73.08671048789154, 51.820956552896575]]}, "properties": {"source": "35882763", "target": "35181991"}}, {"type": "Feature", "geometry": {"type": "LineString", "coordinates": [[73.0902366161404, 51.82331781756291], [73.06622152075133, 51.83363856034478]]}, "properties": {"source": "35882763", "target": "36286400"}}, {"type": "Feature", "geometry": {"type": "LineString", "coordinates": [[73.0902366161404, 51.82331781756291], [73.10339306138891, 51.83868699525007]]}, "properties": {"source": "35882763", "target": "36213992"}}, {"type": "Feature", "geometry": {"type": "LineString", "coordinates": [[73.0902366161404, 51.82331781756291], [73.01698551204464, 51.80719272651939]]}, "properties": {"source": "35882763", "target": "29222561"}}, {"type": "Feature", "geometry": {"type": "LineString", "coordinates": [[73.0902366161404, 51.82331781756291], [73.07970920428943, 51.826991713706676]]}, "properties": {"source": "35882763", "target": "3985498"}}, {"type": "Feature", "geometry": {"type": "LineString", "coordinates": [[73.0902366161404, 51.82331781756291], [73.07984210715742, 51.82297792498093]]}, "properties": {"source": "35882763", "target": "34505606"}}, {"type": "Feature", "geometry": {"type": "LineString", "coordinates": [[73.0902366161404, 51.82331781756291], [73.00125679826556, 51.83581612640744]]}, "properties": {"source": "35882763", "target": "31570473"}}, {"type": "Feature", "geometry": {"type": "LineString", "coordinates": [[73.0902366161404, 51.82331781756291], [73.07545604214349, 51.80101818865964]]}, "properties": {"source": "35882763", "target": "409804"}}, {"type": "Feature", "geometry": {"type": "LineString", "coordinates": [[73.0902366161404, 51.82331781756291], [73.04351045703152, 51.82660477380186]]}, "properties": {"source": "35882763", "target": "3390064"}}, {"type": "Feature", "geometry": {"type": "LineString", "coordinates": [[73.0902366161404, 51.82331781756291], [73.10197077134416, 51.826054951399755]]}, "properties": {"source": "35882763", "target": "34611353"}}, {"type": "Feature", "geometry": {"type": "LineString", "coordinates": [[73.01057096939886, 51.818852977319466], [73.05726132531692, 51.83718924305049]]}, "properties": {"source": "4416807", "target": "7430094"}}, {"type": "Feature", "geometry": {"type": "LineString", "coordinates": [[73.01057096939886, 51.818852977319466], [72.99777965034207, 51.83816137157264]]}, "properties": {"source": "4416807", "target": "28532228"}}, {"type": "Feature", "geometry": {"type": "LineString", "coordinates": [[73.01057096939886, 51.818852977319466], [73.07307960047171, 51.79990927165362]]}, "properties": {"source": "4416807", "target": "5536441"}}, {"type": "Feature", "geometry": {"type": "LineString", "coordinates": [[73.01057096939886, 51.818852977319466], [73.00821776442501, 51.800036043819375]]}, "properties": {"source": "4416807", "target": "11661389"}}, {"type": "Feature", "geometry": {"type": "LineString", "coordinates": [[73.07853047620088, 51.81421893567074], [73.07067042223738, 51.82344236051536]]}, "properties": {"source": "22816088", "target": "2352358"}}, {"type": "Feature", "geometry": {"type": "LineString", "coordinates": [[73.07853047620088, 51.81421893567074], [73.02690761309177, 51.83662616741729]]}, "properties": {"source": "22816088", "target": "23438061"}}, {"type": "Feature", "geometry": {"type": "LineString", "coordinates": [[73.07853047620088, 51.81421893567074], [73.05487743922146, 51.80504490536299]]}, "properties": {"source": "22816088", "target": "26836912"}}, {"type": "Feature", "geometry": {"type": "LineString", "coordinates": [[73.07853047620088, 51.81421893567074], [73.07801806278053, 51.81220103207768]]}, "properties": {"source": "22816088", "target": "10451964"}}, {"type": "Feature", "geometry": {"type": "LineString", "coordinates": [[73.07853047620088, 51.81421893567074], [73.04472356812201, 51.81603197183492]]}, "properties": {"source": "22816088", "target": "16164522"}}, {"type": "Feature", "geometry": {"type": "LineString", "coordinates": [[73.07853047620088, 51.81421893567074], [73.0345612415775, 51.807876247176495]]}, "properties": {"source": "22816088", "target": "12911644"}}, {"type": "Feature", "geometry": {"type": "LineString", "coordinates": [[73.07853047620088, 51.81421893567074], [73.01578117812548, 51.80910328426263]]}, "properties": {"source": "22816088", "target": "10781779"}}, {"type": "Feature", "geometry": {"type": "LineString", "coordinates": [[73.07853047620088, 51.81421893567074], [73.0270432411871, 51.83625634296784]]}, "properties": {"source": "22816088", "target": "10959898"}}, {"type": "Feature", "geometry": {"type": "LineString", "coordinates": [[73.08997724332383, 51.83106666120439], [73.02690761309177, 51.83662616741729]]}, "properties": {"source": "2480358", "target": "23438061"}}, {"type": "Feature", "geometry": {"type": "LineString", "coordinates": [[73.07307960047171, 51.79990927165362], [73.05726132531692, 51.83718924305049]]}, "properties": {"source": "5536441", "target": "7430094"}}, {"type": "Feature", "geometry": {"type": "LineString", "coordinates": [[73.03013136306302, 51.79969916050456], [73.0863102389167, 51.8234394222802]]}, "properties": {"source": "21899414", "target": "34847787"}}, {"type": "Feature", "geometry": {"type": "LineString", "coordinates": [[73.03013136306302, 51.79969916050456], [73.07658931975945, 51.826406786091695]]}, "properties": {"source": "21899414", "target": "23441040"}}, {"type": "Feature", "geometry": {"type": "LineString", "coordinates": [[73.07954401647453, 51.820324284220916], [73.03019025915472, 51.804546484822126]]}, "properties": {"source": "26231883", "target": "25701031"}}, {"type": "Feature", "geometry": {"type": "LineString", "coordinates": [[73.06925754630817, 51.82739743485206], [72.99763406920093, 51.82702866503065]]}, "properties": {"source": "2946093", "target": "4202513"}}, {"type": "Feature", "geometry": {"type": "LineString", "coordinates": [[73.06925754630817, 51.82739743485206], [73.0937948466347, 51.83818600415654]]}, "properties": {"source": "2946093", "target": "4184400"}}, {"type": "Feature", "geometry": {"type": "LineString", "coordinates": [[73.06925754630817, 51.82739743485206], [73.07801443871165, 51.834206837461636]]}, "properties": {"source": "2946093", "target": "30356647"}}, {"type": "Feature", "geometry": {"type": "LineString", "coordinates": [[73.06925754630817, 51.82739743485206], [73.07173513107321, 51.82275961630097]]}, "properties": {"source": "2946093", "target": "479577"}}, {"type": "Feature", "geometry": {"type": "LineString", "coordinates": [[73.06925754630817, 51.82739743485206], [73.00294198997256, 51.82654478351698]]}, "properties": {"source": "2946093", "target": "30356671"}}, {"type": "Feature", "geometry": {"type": "LineString", "coordinates": [[73.06925754630817, 51.82739743485206], [73.07198361871656, 51.82426182605872]]}, "properties": {"source": "2946093", "target": "2325855"}}, {"type": "Feature", "geometry": {"type": "LineString", "coordinates": [[73.06925754630817, 51.82739743485206], [72.99788797641966, 51.81492096610903]]}, "properties": {"source": "2946093", "target": "11229558"}}, {"type": "Feature", "geometry": {"type": "LineString", "coordinates": [[73.06925754630817, 51.82739743485206], [73.07214555933749, 51.80778385758805]]}, "properties": {"source": "2946093", "target": "10609"}}, {"type": "Feature", "geometry": {"type": "LineString", "coordinates": [[73.09292180447827, 51.835927827873064], [73.04177548243217, 51.83415535007788]]}, "properties": {"source": "22064295", "target": "30323481"}}, {"type": "Feature", "geometry": {"type": "LineString", "coordinates": [[73.09292180447827, 51.835927827873064], [73.0680734794735, 51.821304469154214]]}, "properties": {"source": "22064295", "target": "25686515"}}, {"type": "Feature", "geometry": {"type": "LineString", "coordinates": [[73.09292180447827, 51.835927827873064], [73.0008255470591, 51.800059700019105]]}, "properties": {"source": "22064295", "target": "30323463"}}, {"type": "Feature", "geometry": {"type": "LineString", "coordinates": [[73.09292180447827, 51.835927827873064], [72.99915555906193, 51.81240163385719]]}, "properties": {"source": "22064295", "target": "22064268"}}, {"type": "Feature", "geometry": {"type": "LineString", "coordinates": [[73.09292180447827, 51.835927827873064], [73.02329456786092, 51.806440057267025]]}, "properties": {"source": "22064295", "target": "17830619"}}, {"type": "Feature", "geometry": {"type": "LineString", "coordinates": [[73.00376032516232, 51.805510145909], [73.11213420372883, 51.80828903188538]]}, "properties": {"source": "8100676", "target": "8714958"}}, {"type": "Feature", "geometry": {"type": "LineString", "coordinates": [[73.06925754630817, 51.82739743485206], [73.00934823131746, 51.811542730165215]]}, "properties": {"source": "2946093", "target": "32041226"}}, {"type": "Feature", "geometry": {"type": "LineString", "coordinates": [[73.00821776442501, 51.800036043819375], [73.11213420372883, 51.80828903188538]]}, "properties": {"source": "11661389", "target": "8714958"}}, {"type": "Feature", "geometry": {"type": "LineString", "coordinates": [[73.00821776442501, 51.800036043819375], [73.06839761177989, 51.80052778303396]]}, "properties": {"source": "11661389", "target": "8776687"}}, {"type": "Feature", "geometry": {"type": "LineString", "coordinates": [[73.00821776442501, 51.800036043819375], [73.0948514260972, 51.814742154146785]]}, "properties": {"source": "11661389", "target": "8504174"}}, {"type": "Feature", "geometry": {"type": "LineString", "coordinates": [[73.00821776442501, 51.800036043819375], [73.05726132531692, 51.83718924305049]]}, "properties": {"source": "11661389", "target": "7430094"}}, {"type": "Feature", "geometry": {"type": "LineString", "coordinates": [[73.00821776442501, 51.800036043819375], [73.07307960047171, 51.79990927165362]]}, "properties": {"source": "11661389", "target": "5536441"}}, {"type": "Feature", "geometry": {"type": "LineString", "coordinates": [[73.063191343684, 51.811600731604074], [73.08671048789154, 51.820956552896575]]}, "properties": {"source": "10399390", "target": "35181991"}}, {"type": "Feature", "geometry": {"type": "LineString", "coordinates": [[73.063191343684, 51.811600731604074], [73.01698551204464, 51.80719272651939]]}, "properties": {"source": "10399390", "target": "29222561"}}, {"type": "Feature", "geometry": {"type": "LineString", "coordinates": [[73.063191343684, 51.811600731604074], [72.9964994362229, 51.817686115654524]]}, "properties": {"source": "10399390", "target": "948304"}}, {"type": "Feature", "geometry": {"type": "LineString", "coordinates": [[73.063191343684, 51.811600731604074], [73.00125679826556, 51.83581612640744]]}, "properties": {"source": "10399390", "target": "31570473"}}, {"type": "Feature", "geometry": {"type": "LineString", "coordinates": [[73.063191343684, 51.811600731604074], [73.07660971532528, 51.82548231421305]]}, "properties": {"source": "10399390", "target": "3390057"}}, {"type": "Feature", "geometry": {"type": "LineString", "coordinates": [[73.06801593920136, 51.83519773952999], [73.09069492446352, 51.83803981048598]]}, "properties": {"source": "15704236", "target": "7934296"}}, {"type": "Feature", "geometry": {"type": "LineString", "coordinates": [[73.06801593920136, 51.83519773952999], [73.09606335917047, 51.83719680068519]]}, "properties": {"source": "15704236", "target": "7935023"}}, {"type": "Feature", "geometry": {"type": "LineString", "coordinates": [[73.06801593920136, 51.83519773952999], [72.99826636356761, 51.812223625480044]]}, "properties": {"source": "15704236", "target": "6568801"}}, {"type": "Feature", "geometry": {"type": "LineString", "coordinates": [[73.06801593920136, 51.83519773952999], [73.00444981056461, 51.8141214735402]]}, "properties": {"source": "15704236", "target": "13244678"}}, {"type": "Feature", "geometry": {"type": "LineString", "coordinates": [[73.06801593920136, 51.83519773952999], [73.06783912434304, 51.8212926616235]]}, "properties": {"source": "15704236", "target": "13618229"}}, {"type": "Feature", "geometry": {"type": "LineString", "coordinates": [[73.06801593920136, 51.83519773952999], [73.03705101577873, 51.801797404370404]]}, "properties": {"source": "15704236", "target": "10162395"}}, {"type": "Feature", "geometry": {"type": "LineString", "coordinates": [[73.04577572247749, 51.823837751694285], [73.00155280721268, 51.801646582131156]]}, "properties": {"source": "24548167", "target": "20555687"}}, {"type": "Feature", "geometry": {"type": "LineString", "coordinates": [[73.04577572247749, 51.823837751694285], [73.1028127432566, 51.83205103500502]]}, "properties": {"source": "24548167", "target": "15994494"}}, {"type": "Feature", "geometry": {"type": "LineString", "coordinates": [[73.04577572247749, 51.823837751694285], [73.08735818527595, 51.834566994257116]]}, "properties": {"source": "24548167", "target": "13558183"}}, {"type": "Feature", "geometry": {"type": "LineString", "coordinates": [[73.04577572247749, 51.823837751694285], [73.0251880472336, 51.79937940110396]]}, "properties": {"source": "24548167", "target": "11481847"}}, {"type": "Feature", "geometry": {"type": "LineString", "coordinates": [[73.04577572247749, 51.823837751694285], [73.10564665190148, 51.824374416616095]]}, "properties": {"source": "24548167", "target": "19184489"}}, {"type": "Feature", "geometry": {"type": "LineString", "coordinates": [[73.04577572247749, 51.823837751694285], [72.99924363629862, 51.819945807154895]]}, "properties": {"source": "24548167", "target": "16055839"}}, {"type": "Feature", "geometry": {"type": "LineString", "coordinates": [[73.04577572247749, 51.823837751694285], [73.04520500369335, 51.823963527539874]]}, "properties": {"source": "24548167", "target": "20331677"}}, {"type": "Feature", "geometry": {"type": "LineString", "coordinates": [[73.04577572247749, 51.823837751694285], [73.10017257819322, 51.8356712498793]]}, "properties": {"source": "24548167", "target": "1217377"}}, {"type": "Feature", "geometry": {"type": "LineString", "coordinates": [[73.10197077134416, 51.826054951399755], [73.09698806125618, 51.813036520978926]]}, "properties": {"source": "34611353", "target": "409799"}}, {"type": "Feature", "geometry": {"type": "LineString", "coordinates": [[73.10197077134416, 51.826054951399755], [73.08671048789154, 51.820956552896575]]}, "properties": {"source": "34611353", "target": "35181991"}}, {"type": "Feature", "geometry": {"type": "LineString", "coordinates": [[73.10197077134416, 51.826054951399755], [73.01698551204464, 51.80719272651939]]}, "properties": {"source": "34611353", "target": "29222561"}}, {"type": "Feature", "geometry": {"type": "LineString", "coordinates": [[73.10197077134416, 51.826054951399755], [73.07970920428943, 51.826991713706676]]}, "properties": {"source": "34611353", "target": "3985498"}}, {"type": "Feature", "geometry": {"type": "LineString", "coordinates": [[73.10197077134416, 51.826054951399755], [73.00125679826556, 51.83581612640744]]}, "properties": {"source": "34611353", "target": "31570473"}}, {"type": "Feature", "geometry": {"type": "LineString", "coordinates": [[73.10197077134416, 51.826054951399755], [73.09445001390984, 51.79975170464081]]}, "properties": {"source": "34611353", "target": "33777903"}}, {"type": "Feature", "geometry": {"type": "LineString", "coordinates": [[73.10197077134416, 51.826054951399755], [73.07660971532528, 51.82548231421305]]}, "properties": {"source": "34611353", "target": "3390057"}}, {"type": "Feature", "geometry": {"type": "LineString", "coordinates": [[73.10197077134416, 51.826054951399755], [73.10745333605189, 51.814853817414644]]}, "properties": {"source": "34611353", "target": "29436482"}}, {"type": "Feature", "geometry": {"type": "LineString", "coordinates": [[73.02807534127047, 51.81068817846722], [73.08072880591138, 51.80201697040445]]}, "properties": {"source": "8286272", "target": "2421878"}}, {"type": "Feature", "geometry": {"type": "LineString", "coordinates": [[73.02807534127047, 51.81068817846722], [73.00582644242215, 51.815396004365496]]}, "properties": {"source": "8286272", "target": "7625187"}}, {"type": "Feature", "geometry": {"type": "LineString", "coordinates": [[73.0182222510488, 51.79934161073135], [73.05875833381182, 51.82723635386631]]}, "properties": {"source": "17338311", "target": "17798537"}}, {"type": "Feature", "geometry": {"type": "LineString", "coordinates": [[73.0182222510488, 51.79934161073135], [73.10199134034244, 51.835359113854636]]}, "properties": {"source": "17338311", "target": "20411119"}}, {"type": "Feature", "geometry": {"type": "LineString", "coordinates": [[73.0182222510488, 51.79934161073135], [73.0092274370069, 51.83862718525994]]}, "properties": {"source": "17338311", "target": "18284888"}}, {"type": "Feature", "geometry": {"type": "LineString", "coordinates": [[73.0182222510488, 51.79934161073135], [73.02441828483597, 51.8361901348696]]}, "properties": {"source": "17338311", "target": "13066821"}}, {"type": "Feature", "geometry": {"type": "LineString", "coordinates": [[73.0182222510488, 51.79934161073135], [73.00155280721268, 51.801646582131156]]}, "properties": {"source": "17338311", "target": "20555687"}}, {"type": "Feature", "geometry": {"type": "LineString", "coordinates": [[73.0182222510488, 51.79934161073135], [73.063191343684, 51.811600731604074]]}, "properties": {"source": "17338311", "target": "10399390"}}, {"type": "Feature", "geometry": {"type": "LineString", "coordinates": [[73.0182222510488, 51.79934161073135], [73.02993944104395, 51.836132503154616]]}, "properties": {"source": "17338311", "target": "17619694"}}, {"type": "Feature", "geometry": {"type": "LineString", "coordinates": [[73.0182222510488, 51.79934161073135], [73.01621611338138, 51.80499561502039]]}, "properties": {"source": "17338311", "target": "16103356"}}, {"type": "Feature", "geometry": {"type": "LineString", "coordinates": [[73.0182222510488, 51.79934161073135], [73.04810636465334, 51.81558411751152]]}, "properties": {"source": "17338311", "target": "18373426"}}, {"type": "Feature", "geometry": {"type": "LineString", "coordinates": [[73.0182222510488, 51.79934161073135], [72.99764448947673, 51.83062828153318]]}, "properties": {"source": "17338311", "target": "12228628"}}, {"type": "Feature", "geometry": {"type": "LineString", "coordinates": [[73.0182222510488, 51.79934161073135], [73.020031222677, 51.815851566079175]]}, "properties": {"source": "17338311", "target": "10504539"}}, {"type": "Feature", "geometry": {"type": "LineString", "coordinates": [[73.0182222510488, 51.79934161073135], [73.11398475886858, 51.81547264704342]]}, "properties": {"source": "17338311", "target": "15816572"}}, {"type": "Feature", "geometry": {"type": "LineString", "coordinates": [[73.09670332320607, 51.809065908838534], [73.11213420372883, 51.80828903188538]]}, "properties": {"source": "28508698", "target": "8714958"}}, {"type": "Feature", "geometry": {"type": "LineString", "coordinates": [[73.09670332320607, 51.809065908838534], [73.0948514260972, 51.814742154146785]]}, "properties": {"source": "28508698", "target": "8504174"}}, {"type": "Feature", "geometry": {"type": "LineString", "coordinates": [[73.10143334936356, 51.822475299281436], [73.09069492446352, 51.83803981048598]]}, "properties": {"source": "8161216", "target": "7934296"}}, {"type": "Feature", "geometry": {"type": "LineString", "coordinates": [[73.10143334936356, 51.822475299281436], [73.04380069906821, 51.81043293570323]]}, "properties": {"source": "8161216", "target": "8577965"}}, {"type": "Feature", "geometry": {"type": "LineString", "coordinates": [[73.10143334936356, 51.822475299281436], [73.02807534127047, 51.81068817846722]]}, "properties": {"source": "8161216", "target": "8286272"}}, {"type": "Feature", "geometry": {"type": "LineString", "coordinates": [[73.10143334936356, 51.822475299281436], [73.06924657979374, 51.82768262999646]]}, "properties": {"source": "8161216", "target": "8339092"}}, {"type": "Feature", "geometry": {"type": "LineString", "coordinates": [[73.10143334936356, 51.822475299281436], [73.07631692614973, 51.82654785569062]]}, "properties": {"source": "8161216", "target": "15909832"}}, {"type": "Feature", "geometry": {"type": "LineString", "coordinates": [[73.08010081848059, 51.825109881555335], [73.098674847599, 51.80379478657322]]}, "properties": {"source": "6948159", "target": "8632531"}}, {"type": "Feature", "geometry": {"type": "LineString", "coordinates": [[73.08010081848059, 51.825109881555335], [73.07173513107321, 51.82275961630097]]}, "properties": {"source": "6948159", "target": "479577"}}, {"type": "Feature", "geometry": {"type": "LineString", "coordinates": [[73.08010081848059, 51.825109881555335], [73.05882508382783, 51.79992613008655]]}, "properties": {"source": "6948159", "target": "902854"}}, {"type": "Feature", "geometry": {"type": "LineString", "coordinates": [[73.08010081848059, 51.825109881555335], [73.02519306631231, 51.80375357350506]]}, "properties": {"source": "6948159", "target": "6389450"}}, {"type": "Feature", "geometry": {"type": "LineString", "coordinates": [[73.08010081848059, 51.825109881555335], [73.00247559729982, 51.80244757336936]]}, "properties": {"source": "6948159", "target": "6947879"}}, {"type": "Feature", "geometry": {"type": "LineString", "coordinates": [[73.08010081848059, 51.825109881555335], [73.0244252921274, 51.808825293600236]]}, "properties": {"source": "6948159", "target": "6391108"}}, {"type": "Feature", "geometry": {"type": "LineString", "coordinates": [[73.08010081848059, 51.825109881555335], [73.0329584130354, 51.827308374064955]]}, "properties": {"source": "6948159", "target": "98107"}}, {"type": "Feature", "geometry": {"type": "LineString", "coordinates": [[73.08010081848059, 51.825109881555335], [73.03926886476142, 51.823590285154154]]}, "properties": {"source": "6948159", "target": "9151092"}}, {"type": "Feature", "geometry": {"type": "LineString", "coordinates": [[73.08010081848059, 51.825109881555335], [73.02131575740339, 51.838264031413544]]}, "properties": {"source": "6948159", "target": "9498888"}}, {"type": "Feature", "geometry": {"type": "LineString", "coordinates": [[73.08010081848059, 51.825109881555335], [73.08360250731337, 51.80956640520357]]}, "properties": {"source": "6948159", "target": "62359"}}, {"type": "Feature", "geometry": {"type": "LineString", "coordinates": [[73.10143334936356, 51.822475299281436], [73.01554151646522, 51.83666287075452]]}, "properties": {"source": "8161216", "target": "9748367"}}, {"type": "Feature", "geometry": {"type": "LineString", "coordinates": [[73.0680734794735, 51.821304469154214], [73.00349898309744, 51.816560318447074]]}, "properties": {"source": "25686515", "target": "21841705"}}, {"type": "Feature", "geometry": {"type": "LineString", "coordinates": [[73.01468730347923, 51.81800763510634], [73.02690761309177, 51.83662616741729]]}, "properties": {"source": "13084791", "target": "23438061"}}, {"type": "Feature", "geometry": {"type": "LineString", "coordinates": [[73.01468730347923, 51.81800763510634], [73.11133223589513, 51.826983571530846]]}, "properties": {"source": "13084791", "target": "13084774"}}, {"type": "Feature", "geometry": {"type": "LineString", "coordinates": [[73.01468730347923, 51.81800763510634], [73.0192945181023, 51.80067802062207]]}, "properties": {"source": "13084791", "target": "10611130"}}, {"type": "Feature", "geometry": {"type": "LineString", "coordinates": [[73.0843315767687, 51.82933560408877], [73.05882508382783, 51.79992613008655]]}, "properties": {"source": "8526892", "target": "902854"}}, {"type": "Feature", "geometry": {"type": "LineString", "coordinates": [[73.0843315767687, 51.82933560408877], [73.10014248924628, 51.810462543223124]]}, "properties": {"source": "8526892", "target": "6965404"}}, {"type": "Feature", "geometry": {"type": "LineString", "coordinates": [[73.10625879938013, 51.82015538873307], [73.06839761177989, 51.80052778303396]]}, "properties": {"source": "9036325", "target": "8776687"}}, {"type": "Feature", "geometry": {"type": "LineString", "coordinates": [[73.10625879938013, 51.82015538873307], [73.0948514260972, 51.814742154146785]]}, "properties": {"source": "9036325", "target": "8504174"}}, {"type": "Feature", "geometry": {"type": "LineString", "coordinates": [[73.10625879938013, 51.82015538873307], [73.05726132531692, 51.83718924305049]]}, "properties": {"source": "9036325", "target": "7430094"}}, {"type": "Feature", "geometry": {"type": "LineString", "coordinates": [[73.10625879938013, 51.82015538873307], [73.07307960047171, 51.79990927165362]]}, "properties": {"source": "9036325", "target": "5536441"}}, {"type": "Feature", "geometry": {"type": "LineString", "coordinates": [[73.10625879938013, 51.82015538873307], [73.01951587228808, 51.82944100079237]]}, "properties": {"source": "9036325", "target": "7902503"}}, {"type": "Feature", "geometry": {"type": "LineString", "coordinates": [[73.01317386077525, 51.814711507771335], [73.05428121644451, 51.8149597151162]]}, "properties": {"source": "6315585", "target": "9528055"}}, {"type": "Feature", "geometry": {"type": "LineString", "coordinates": [[73.01317386077525, 51.814711507771335], [73.01121641401065, 51.835028619087325]]}, "properties": {"source": "6315585", "target": "8181251"}}, {"type": "Feature", "geometry": {"type": "LineString", "coordinates": [[73.01317386077525, 51.814711507771335], [73.02610169901291, 51.7993437742967]]}, "properties": {"source": "6315585", "target": "7150220"}}, {"type": "Feature", "geometry": {"type": "LineString", "coordinates": [[73.01317386077525, 51.814711507771335], [72.99729300016205, 51.82540152777038]]}, "properties": {"source": "6315585", "target": "18039797"}}, {"type": "Feature", "geometry": {"type": "LineString", "coordinates": [[73.01317386077525, 51.814711507771335], [73.00857774861899, 51.835213841274935]]}, "properties": {"source": "6315585", "target": "18039782"}}, {"type": "Feature", "geometry": {"type": "LineString", "coordinates": [[73.06479841623161, 51.83366853817127], [73.00030556325578, 51.800153249699335]]}, "properties": {"source": "10297927", "target": "10432309"}}, {"type": "Feature", "geometry": {"type": "LineString", "coordinates": [[73.06479841623161, 51.83366853817127], [73.02558540541784, 51.83439830242055]]}, "properties": {"source": "10297927", "target": "16301104"}}, {"type": "Feature", "geometry": {"type": "LineString", "coordinates": [[72.99721913484197, 51.827451577162165], [73.00481032825837, 51.83281518890732]]}, "properties": {"source": "23353730", "target": "25364850"}}, {"type": "Feature", "geometry": {"type": "LineString", "coordinates": [[72.99721913484197, 51.827451577162165], [73.02142551279368, 51.81910924182566]]}, "properties": {"source": "23353730", "target": "24330354"}}, {"type": "Feature", "geometry": {"type": "LineString", "coordinates": [[72.99721913484197, 51.827451577162165], [72.99941778132623, 51.82784219667907]]}, "properties": {"source": "23353730", "target": "24323475"}}, {"type": "Feature", "geometry": {"type": "LineString", "coordinates": [[73.07545604214349, 51.80101818865964], [73.09276702784487, 51.82596314771709]]}, "properties": {"source": "409804", "target": "9686566"}}, {"type": "Feature", "geometry": {"type": "LineString", "coordinates": [[73.07545604214349, 51.80101818865964], [73.07970920428943, 51.826991713706676]]}, "properties": {"source": "409804", "target": "3985498"}}, {"type": "Feature", "geometry": {"type": "LineString", "coordinates": [[73.07545604214349, 51.80101818865964], [73.0843315767687, 51.82933560408877]]}, "properties": {"source": "409804", "target": "8526892"}}, {"type": "Feature", "geometry": {"type": "LineString", "coordinates": [[73.07545604214349, 51.80101818865964], [73.07801806278053, 51.81220103207768]]}, "properties": {"source": "409804", "target": "10451964"}}, {"type": "Feature", "geometry": {"type": "LineString", "coordinates": [[73.02807534127047, 51.81068817846722], [73.11213420372883, 51.80828903188538]]}, "properties": {"source": "8286272", "target": "8714958"}}, {"type": "Feature", "geometry": {"type": "LineString", "coordinates": [[73.02807534127047, 51.81068817846722], [73.06839761177989, 51.80052778303396]]}, "properties": {"source": "8286272", "target": "8776687"}}, {"type": "Feature", "geometry": {"type": "LineString", "coordinates": [[73.02807534127047, 51.81068817846722], [73.01154658245224, 51.80263641291006]]}, "properties": {"source": "8286272", "target": "7934297"}}, {"type": "Feature", "geometry": {"type": "LineString", "coordinates": [[73.02807534127047, 51.81068817846722], [73.09606335917047, 51.83719680068519]]}, "properties": {"source": "8286272", "target": "7935023"}}, {"type": "Feature", "geometry": {"type": "LineString", "coordinates": [[73.02807534127047, 51.81068817846722], [73.0948514260972, 51.814742154146785]]}, "properties": {"source": "8286272", "target": "8504174"}}, {"type": "Feature", "geometry": {"type": "LineString", "coordinates": [[73.02807534127047, 51.81068817846722], [73.04380069906821, 51.81043293570323]]}, "properties": {"source": "8286272", "target": "8577965"}}, {"type": "Feature", "geometry": {"type": "LineString", "coordinates": [[73.02807534127047, 51.81068817846722], [73.07307960047171, 51.79990927165362]]}, "properties": {"source": "8286272", "target": "5536441"}}, {"type": "Feature", "geometry": {"type": "LineString", "coordinates": [[73.0902366161404, 51.82331781756291], [73.09445001390984, 51.79975170464081]]}, "properties": {"source": "35882763", "target": "33777903"}}, {"type": "Feature", "geometry": {"type": "LineString", "coordinates": [[73.0902366161404, 51.82331781756291], [73.01660742396271, 51.837704718177434]]}, "properties": {"source": "35882763", "target": "32990976"}}, {"type": "Feature", "geometry": {"type": "LineString", "coordinates": [[73.0902366161404, 51.82331781756291], [73.02441828483597, 51.8361901348696]]}, "properties": {"source": "35882763", "target": "13066821"}}, {"type": "Feature", "geometry": {"type": "LineString", "coordinates": [[73.0902366161404, 51.82331781756291], [73.07660971532528, 51.82548231421305]]}, "properties": {"source": "35882763", "target": "3390057"}}, {"type": "Feature", "geometry": {"type": "LineString", "coordinates": [[73.0902366161404, 51.82331781756291], [73.04867622266207, 51.819545354554606]]}, "properties": {"source": "35882763", "target": "30520932"}}, {"type": "Feature", "geometry": {"type": "LineString", "coordinates": [[73.0902366161404, 51.82331781756291], [73.02588641550881, 51.80611005631184]]}, "properties": {"source": "35882763", "target": "297388"}}, {"type": "Feature", "geometry": {"type": "LineString", "coordinates": [[73.0902366161404, 51.82331781756291], [73.04688565114293, 51.801147847584346]]}, "properties": {"source": "35882763", "target": "126302"}}, {"type": "Feature", "geometry": {"type": "LineString", "coordinates": [[73.0902366161404, 51.82331781756291], [73.01280479105645, 51.813877782339205]]}, "properties": {"source": "35882763", "target": "3371578"}}, {"type": "Feature", "geometry": {"type": "LineString", "coordinates": [[73.0902366161404, 51.82331781756291], [73.063191343684, 51.811600731604074]]}, "properties": {"source": "35882763", "target": "10399390"}}, {"type": "Feature", "geometry": {"type": "LineString", "coordinates": [[73.0902366161404, 51.82331781756291], [73.00902558587404, 51.812894651766314]]}, "properties": {"source": "35882763", "target": "3231448"}}, {"type": "Feature", "geometry": {"type": "LineString", "coordinates": [[73.0902366161404, 51.82331781756291], [73.10104068245633, 51.81538809358257]]}, "properties": {"source": "35882763", "target": "433717"}}, {"type": "Feature", "geometry": {"type": "LineString", "coordinates": [[73.0902366161404, 51.82331781756291], [73.0321872909673, 51.82949347845309]]}, "properties": {"source": "35882763", "target": "31342223"}}, {"type": "Feature", "geometry": {"type": "LineString", "coordinates": [[73.0902366161404, 51.82331781756291], [73.07658927427502, 51.822607267217904]]}, "properties": {"source": "35882763", "target": "11568713"}}, {"type": "Feature", "geometry": {"type": "LineString", "coordinates": [[73.0902366161404, 51.82331781756291], [72.99764448947673, 51.83062828153318]]}, "properties": {"source": "35882763", "target": "12228628"}}, {"type": "Feature", "geometry": {"type": "LineString", "coordinates": [[73.0902366161404, 51.82331781756291], [73.10745333605189, 51.814853817414644]]}, "properties": {"source": "35882763", "target": "29436482"}}, {"type": "Feature", "geometry": {"type": "LineString", "coordinates": [[73.0902366161404, 51.82331781756291], [73.07282253544392, 51.799655859356264]]}, "properties": {"source": "35882763", "target": "5967419"}}, {"type": "Feature", "geometry": {"type": "LineString", "coordinates": [[72.99765013351822, 51.81925722418356], [73.04312539549798, 51.822660420363775]]}, "properties": {"source": "27993611", "target": "6432863"}}, {"type": "Feature", "geometry": {"type": "LineString", "coordinates": [[72.99765013351822, 51.81925722418356], [73.01154658245224, 51.80263641291006]]}, "properties": {"source": "27993611", "target": "7934297"}}, {"type": "Feature", "geometry": {"type": "LineString", "coordinates": [[72.99765013351822, 51.81925722418356], [73.09069492446352, 51.83803981048598]]}, "properties": {"source": "27993611", "target": "7934296"}}, {"type": "Feature", "geometry": {"type": "LineString", "coordinates": [[72.99765013351822, 51.81925722418356], [73.03297566798247, 51.837908637468814]]}, "properties": {"source": "27993611", "target": "28487078"}}, {"type": "Feature", "geometry": {"type": "LineString", "coordinates": [[72.99765013351822, 51.81925722418356], [73.06569094040739, 51.821121772857154]]}, "properties": {"source": "27993611", "target": "28487182"}}, {"type": "Feature", "geometry": {"type": "LineString", "coordinates": [[72.99765013351822, 51.81925722418356], [73.10011795667762, 51.81900463509788]]}, "properties": {"source": "27993611", "target": "27811355"}}, {"type": "Feature", "geometry": {"type": "LineString", "coordinates": [[72.99765013351822, 51.81925722418356], [72.99915555906193, 51.81240163385719]]}, "properties": {"source": "27993611", "target": "22064268"}}, {"type": "Feature", "geometry": {"type": "LineString", "coordinates": [[72.99765013351822, 51.81925722418356], [73.01402131889196, 51.82502975079424]]}, "properties": {"source": "27993611", "target": "28218608"}}, {"type": "Feature", "geometry": {"type": "LineString", "coordinates": [[73.11076196908093, 51.81151807540641], [73.09069492446352, 51.83803981048598]]}, "properties": {"source": "34418540", "target": "7934296"}}, {"type": "Feature", "geometry": {"type": "LineString", "coordinates": [[73.11076196908093, 51.81151807540641], [72.99826636356761, 51.812223625480044]]}, "properties": {"source": "34418540", "target": "6568801"}}, {"type": "Feature", "geometry": {"type": "LineString", "coordinates": [[73.11076196908093, 51.81151807540641], [73.03297566798247, 51.837908637468814]]}, "properties": {"source": "34418540", "target": "28487078"}}, {"type": "Feature", "geometry": {"type": "LineString", "coordinates": [[73.11076196908093, 51.81151807540641], [73.0433127296804, 51.81613972122784]]}, "properties": {"source": "34418540", "target": "28257615"}}, {"type": "Feature", "geometry": {"type": "LineString", "coordinates": [[73.11076196908093, 51.81151807540641], [73.10011795667762, 51.81900463509788]]}, "properties": {"source": "34418540", "target": "27811355"}}, {"type": "Feature", "geometry": {"type": "LineString", "coordinates": [[73.11076196908093, 51.81151807540641], [73.09582943139574, 51.80247482697406]]}, "properties": {"source": "34418540", "target": "32023743"}}, {"type": "Feature", "geometry": {"type": "LineString", "coordinates": [[73.11076196908093, 51.81151807540641], [73.01324086751589, 51.801410060298934]]}, "properties": {"source": "34418540", "target": "29662504"}}, {"type": "Feature", "geometry": {"type": "LineString", "coordinates": [[73.11076196908093, 51.81151807540641], [72.99714327720511, 51.83471859138719]]}, "properties": {"source": "34418540", "target": "32786483"}}, {"type": "Feature", "geometry": {"type": "LineString", "coordinates": [[72.99919042495392, 51.83758069663365], [73.09698806125618, 51.813036520978926]]}, "properties": {"source": "6416304", "target": "409799"}}, {"type": "Feature", "geometry": {"type": "LineString", "coordinates": [[72.99919042495392, 51.83758069663365], [73.05827810818337, 51.83273909470246]]}, "properties": {"source": "6416304", "target": "4955780"}}, {"type": "Feature", "geometry": {"type": "LineString", "coordinates": [[72.99919042495392, 51.83758069663365], [73.07313364674789, 51.821121805189534]]}, "properties": {"source": "6416304", "target": "7161070"}}, {"type": "Feature", "geometry": {"type": "LineString", "coordinates": [[72.99919042495392, 51.83758069663365], [73.08955972594137, 51.81407721093653]]}, "properties": {"source": "6416304", "target": "8719673"}}, {"type": "Feature", "geometry": {"type": "LineString", "coordinates": [[72.99919042495392, 51.83758069663365], [73.08997724332383, 51.83106666120439]]}, "properties": {"source": "6416304", "target": "2480358"}}, {"type": "Feature", "geometry": {"type": "LineString", "coordinates": [[73.0729256426934, 51.83019372341842], [73.09582943139574, 51.80247482697406]]}, "properties": {"source": "29914911", "target": "32023743"}}, {"type": "Feature", "geometry": {"type": "LineString", "coordinates": [[73.0729256426934, 51.83019372341842], [73.06304618235123, 51.800306167395235]]}, "properties": {"source": "29914911", "target": "29755553"}}, {"type": "Feature", "geometry": {"type": "LineString", "coordinates": [[73.0729256426934, 51.83019372341842], [73.01324086751589, 51.801410060298934]]}, "properties": {"source": "29914911", "target": "29662504"}}, {"type": "Feature", "geometry": {"type": "LineString", "coordinates": [[73.08075179149282, 51.81721980013779], [73.07198361871656, 51.82426182605872]]}, "properties": {"source": "16006346", "target": "2325855"}}, {"type": "Feature", "geometry": {"type": "LineString", "coordinates": [[73.08075179149282, 51.81721980013779], [73.00030427134337, 51.82406240399534]]}, "properties": {"source": "16006346", "target": "17375095"}}, {"type": "Feature", "geometry": {"type": "LineString", "coordinates": [[73.08075179149282, 51.81721980013779], [73.045830451829, 51.82965075857581]]}, "properties": {"source": "16006346", "target": "12207539"}}, {"type": "Feature", "geometry": {"type": "LineString", "coordinates": [[73.08075179149282, 51.81721980013779], [73.0282153061462, 51.81186700652556]]}, "properties": {"source": "16006346", "target": "17727347"}}, {"type": "Feature", "geometry": {"type": "LineString", "coordinates": [[73.08075179149282, 51.81721980013779], [73.03657783269759, 51.835509604143695]]}, "properties": {"source": "16006346", "target": "11545908"}}, {"type": "Feature", "geometry": {"type": "LineString", "coordinates": [[73.07396761012325, 51.8343003895765], [73.07067042223738, 51.82344236051536]]}, "properties": {"source": "2111583", "target": "2352358"}}, {"type": "Feature", "geometry": {"type": "LineString", "coordinates": [[73.07396761012325, 51.8343003895765], [73.05487743922146, 51.80504490536299]]}, "properties": {"source": "2111583", "target": "26836912"}}, {"type": "Feature", "geometry": {"type": "LineString", "coordinates": [[73.0729256426934, 51.83019372341842], [72.99714327720511, 51.83471859138719]]}, "properties": {"source": "29914911", "target": "32786483"}}, {"type": "Feature", "geometry": {"type": "LineString", "coordinates": [[73.09606335917047, 51.83719680068519], [73.06839761177989, 51.80052778303396]]}, "properties": {"source": "7935023", "target": "8776687"}}, {"type": "Feature", "geometry": {"type": "LineString", "coordinates": [[73.09606335917047, 51.83719680068519], [73.01018617467662, 51.82293867183196]]}, "properties": {"source": "7935023", "target": "25686563"}}, {"type": "Feature", "geometry": {"type": "LineString", "coordinates": [[72.99826636356761, 51.812223625480044], [73.06839761177989, 51.80052778303396]]}, "properties": {"source": "6568801", "target": "8776687"}}, {"type": "Feature", "geometry": {"type": "LineString", "coordinates": [[72.99826636356761, 51.812223625480044], [73.09069492446352, 51.83803981048598]]}, "properties": {"source": "6568801", "target": "7934296"}}, {"type": "Feature", "geometry": {"type": "LineString", "coordinates": [[72.99826636356761, 51.812223625480044], [73.09606335917047, 51.83719680068519]]}, "properties": {"source": "6568801", "target": "7935023"}}, {"type": "Feature", "geometry": {"type": "LineString", "coordinates": [[73.07396761012325, 51.8343003895765], [73.09392211821915, 51.82343368999423]]}, "properties": {"source": "2111583", "target": "22852848"}}, {"type": "Feature", "geometry": {"type": "LineString", "coordinates": [[73.06807859498687, 51.823837927379984], [73.09698806125618, 51.813036520978926]]}, "properties": {"source": "3882776", "target": "409799"}}, {"type": "Feature", "geometry": {"type": "LineString", "coordinates": [[73.06807859498687, 51.823837927379984], [72.99763406920093, 51.82702866503065]]}, "properties": {"source": "3882776", "target": "4202513"}}, {"type": "Feature", "geometry": {"type": "LineString", "coordinates": [[73.06807859498687, 51.823837927379984], [73.0937948466347, 51.83818600415654]]}, "properties": {"source": "3882776", "target": "4184400"}}, {"type": "Feature", "geometry": {"type": "LineString", "coordinates": [[73.09405280366275, 51.83247071796585], [73.09670332320607, 51.809065908838534]]}, "properties": {"source": "22736429", "target": "28508698"}}, {"type": "Feature", "geometry": {"type": "LineString", "coordinates": [[73.09405280366275, 51.83247071796585], [72.99777965034207, 51.83816137157264]]}, "properties": {"source": "22736429", "target": "28532228"}}, {"type": "Feature", "geometry": {"type": "LineString", "coordinates": [[73.09405280366275, 51.83247071796585], [73.01050774221301, 51.82946290756249]]}, "properties": {"source": "22736429", "target": "24073935"}}, {"type": "Feature", "geometry": {"type": "LineString", "coordinates": [[73.07373391973175, 51.836875299405676], [73.03380560390286, 51.818350598236435]]}, "properties": {"source": "21459207", "target": "21825673"}}, {"type": "Feature", "geometry": {"type": "LineString", "coordinates": [[73.07373391973175, 51.836875299405676], [73.03241167982563, 51.82224899208133]]}, "properties": {"source": "21459207", "target": "19243415"}}, {"type": "Feature", "geometry": {"type": "LineString", "coordinates": [[73.07373391973175, 51.836875299405676], [73.0433127296804, 51.81613972122784]]}, "properties": {"source": "21459207", "target": "28257615"}}, {"type": "Feature", "geometry": {"type": "LineString", "coordinates": [[73.07373391973175, 51.836875299405676], [73.00124729487186, 51.82672550359757]]}, "properties": {"source": "21459207", "target": "27237969"}}, {"type": "Feature", "geometry": {"type": "LineString", "coordinates": [[73.10708943470269, 51.81015360747725], [73.07259332332802, 51.824251128587264]]}, "properties": {"source": "19171121", "target": "7438024"}}, {"type": "Feature", "geometry": {"type": "LineString", "coordinates": [[73.00466334591744, 51.808644897686065], [73.09145886449141, 51.820543860455814]]}, "properties": {"source": "3218264", "target": "1082852"}}, {"type": "Feature", "geometry": {"type": "LineString", "coordinates": [[73.08710962212163, 51.83499198865931], [73.01621611338138, 51.80499561502039]]}, "properties": {"source": "1080413", "target": "16103356"}}, {"type": "Feature", "geometry": {"type": "LineString", "coordinates": [[73.03142186507881, 51.80068204256807], [73.0433127296804, 51.81613972122784]]}, "properties": {"source": "22713060", "target": "28257615"}}, {"type": "Feature", "geometry": {"type": "LineString", "coordinates": [[73.00004349624928, 51.833497535882145], [73.05312811068117, 51.82661204823856]]}, "properties": {"source": "4847181", "target": "597051"}}, {"type": "Feature", "geometry": {"type": "LineString", "coordinates": [[73.04177548243217, 51.83415535007788], [73.0680734794735, 51.821304469154214]]}, "properties": {"source": "30323481", "target": "25686515"}}, {"type": "Feature", "geometry": {"type": "LineString", "coordinates": [[73.04177548243217, 51.83415535007788], [73.0008255470591, 51.800059700019105]]}, "properties": {"source": "30323481", "target": "30323463"}}, {"type": "Feature", "geometry": {"type": "LineString", "coordinates": [[73.04177548243217, 51.83415535007788], [73.10011795667762, 51.81900463509788]]}, "properties": {"source": "30323481", "target": "27811355"}}, {"type": "Feature", "geometry": {"type": "LineString", "coordinates": [[73.04177548243217, 51.83415535007788], [73.03136419427275, 51.811610840701874]]}, "properties": {"source": "30323481", "target": "29242989"}}, {"type": "Feature", "geometry": {"type": "LineString", "coordinates": [[73.04177548243217, 51.83415535007788], [73.0059044264994, 51.835182214354504]]}, "properties": {"source": "30323481", "target": "28097635"}}, {"type": "Feature", "geometry": {"type": "LineString", "coordinates": [[73.10199134034244, 51.835359113854636], [73.00155280721268, 51.801646582131156]]}, "properties": {"source": "20411119", "target": "20555687"}}, {"type": "Feature", "geometry": {"type": "LineString", "coordinates": [[73.10199134034244, 51.835359113854636], [73.02993944104395, 51.836132503154616]]}, "properties": {"source": "20411119", "target": "17619694"}}, {"type": "Feature", "geometry": {"type": "LineString", "coordinates": [[73.0680734794735, 51.821304469154214], [73.09606335917047, 51.83719680068519]]}, "properties": {"source": "25686515", "target": "7935023"}}, {"type": "Feature", "geometry": {"type": "LineString", "coordinates": [[73.0680734794735, 51.821304469154214], [72.99826636356761, 51.812223625480044]]}, "properties": {"source": "25686515", "target": "6568801"}}, {"type": "Feature", "geometry": {"type": "LineString", "coordinates": [[73.0680734794735, 51.821304469154214], [73.0008255470591, 51.800059700019105]]}, "properties": {"source": "25686515", "target": "30323463"}}, {"type": "Feature", "geometry": {"type": "LineString", "coordinates": [[73.0680734794735, 51.821304469154214], [73.03380560390286, 51.818350598236435]]}, "properties": {"source": "25686515", "target": "21825673"}}, {"type": "Feature", "geometry": {"type": "LineString", "coordinates": [[73.05669654677328, 51.81490631374871], [72.99919042495392, 51.83758069663365]]}, "properties": {"source": "24548177", "target": "6416304"}}, {"type": "Feature", "geometry": {"type": "LineString", "coordinates": [[73.05669654677328, 51.81490631374871], [73.10199134034244, 51.835359113854636]]}, "properties": {"source": "24548177", "target": "20411119"}}, {"type": "Feature", "geometry": {"type": "LineString", "coordinates": [[73.05669654677328, 51.81490631374871], [73.00155280721268, 51.801646582131156]]}, "properties": {"source": "24548177", "target": "20555687"}}, {"type": "Feature", "geometry": {"type": "LineString", "coordinates": [[73.05669654677328, 51.81490631374871], [73.1028127432566, 51.83205103500502]]}, "properties": {"source": "24548177", "target": "15994494"}}, {"type": "Feature", "geometry": {"type": "LineString", "coordinates": [[73.05669654677328, 51.81490631374871], [73.0960620793548, 51.81837710750237]]}, "properties": {"source": "24548177", "target": "24894002"}}, {"type": "Feature", "geometry": {"type": "LineString", "coordinates": [[73.05669654677328, 51.81490631374871], [73.04520500369335, 51.823963527539874]]}, "properties": {"source": "24548177", "target": "20331677"}}, {"type": "Feature", "geometry": {"type": "LineString", "coordinates": [[73.01121641401065, 51.835028619087325], [73.05428121644451, 51.8149597151162]]}, "properties": {"source": "8181251", "target": "9528055"}}, {"type": "Feature", "geometry": {"type": "LineString", "coordinates": [[73.01121641401065, 51.835028619087325], [73.08955972594137, 51.81407721093653]]}, "properties": {"source": "8181251", "target": "8719673"}}, {"type": "Feature", "geometry": {"type": "LineString", "coordinates": [[73.01121641401065, 51.835028619087325], [73.07765286005198, 51.819333403093665]]}, "properties": {"source": "8181251", "target": "2637133"}}, {"type": "Feature", "geometry": {"type": "LineString", "coordinates": [[73.01121641401065, 51.835028619087325], [73.09752519426658, 51.8313978964259]]}, "properties": {"source": "8181251", "target": "866119"}}, {"type": "Feature", "geometry": {"type": "LineString", "coordinates": [[73.01121641401065, 51.835028619087325], [73.08735818527595, 51.834566994257116]]}, "properties": {"source": "8181251", "target": "13558183"}}, {"type": "Feature", "geometry": {"type": "LineString", "coordinates": [[73.01121641401065, 51.835028619087325], [73.06322059267725, 51.818829830182395]]}, "properties": {"source": "8181251", "target": "9251501"}}, {"type": "Feature", "geometry": {"type": "LineString", "coordinates": [[73.01121641401065, 51.835028619087325], [72.99924363629862, 51.819945807154895]]}, "properties": {"source": "8181251", "target": "16055839"}}, {"type": "Feature", "geometry": {"type": "LineString", "coordinates": [[73.01121641401065, 51.835028619087325], [73.05703856211639, 51.81512902519279]]}, "properties": {"source": "8181251", "target": "19149893"}}, {"type": "Feature", "geometry": {"type": "LineString", "coordinates": [[73.01121641401065, 51.835028619087325], [72.99772575565382, 51.811712175507324]]}, "properties": {"source": "8181251", "target": "20654551"}}, {"type": "Feature", "geometry": {"type": "LineString", "coordinates": [[73.01121641401065, 51.835028619087325], [73.02224731023983, 51.83192528516754]]}, "properties": {"source": "8181251", "target": "28004265"}}, {"type": "Feature", "geometry": {"type": "LineString", "coordinates": [[73.01319985447518, 51.819357733621175], [73.00015701886431, 51.80228195473636]]}, "properties": {"source": "18039803", "target": "17252697"}}, {"type": "Feature", "geometry": {"type": "LineString", "coordinates": [[73.09309294545608, 51.81409324181577], [73.11213420372883, 51.80828903188538]]}, "properties": {"source": "8725223", "target": "8714958"}}, {"type": "Feature", "geometry": {"type": "LineString", "coordinates": [[73.09309294545608, 51.81409324181577], [73.06839761177989, 51.80052778303396]]}, "properties": {"source": "8725223", "target": "8776687"}}, {"type": "Feature", "geometry": {"type": "LineString", "coordinates": [[73.09309294545608, 51.81409324181577], [73.01869652287516, 51.80663379798955]]}, "properties": {"source": "8725223", "target": "8284655"}}, {"type": "Feature", "geometry": {"type": "LineString", "coordinates": [[73.10588672130152, 51.82425475452308], [73.0937948466347, 51.83818600415654]]}, "properties": {"source": "375586", "target": "4184400"}}, {"type": "Feature", "geometry": {"type": "LineString", "coordinates": [[73.0237108717777, 51.82920462041842], [73.10745022862136, 51.81283685094617]]}, "properties": {"source": "25565707", "target": "25591128"}}, {"type": "Feature", "geometry": {"type": "LineString", "coordinates": [[73.0237108717777, 51.82920462041842], [73.02260023834668, 51.83526065351559]]}, "properties": {"source": "25565707", "target": "25326657"}}, {"type": "Feature", "geometry": {"type": "LineString", "coordinates": [[73.0237108717777, 51.82920462041842], [73.04916684479625, 51.83394951114143]]}, "properties": {"source": "25565707", "target": "25326656"}}, {"type": "Feature", "geometry": {"type": "LineString", "coordinates": [[73.06061736488834, 51.80219818017845], [73.08850764296804, 51.80238001979026]]}, "properties": {"source": "6438764", "target": "6660139"}}, {"type": "Feature", "geometry": {"type": "LineString", "coordinates": [[73.06061736488834, 51.80219818017845], [73.00294950829971, 51.82571797020819]]}, "properties": {"source": "6438764", "target": "58136"}}, {"type": "Feature", "geometry": {"type": "LineString", "coordinates": [[73.06061736488834, 51.80219818017845], [73.09182064826987, 51.814035022280564]]}, "properties": {"source": "6438764", "target": "6754443"}}, {"type": "Feature", "geometry": {"type": "LineString", "coordinates": [[73.0910396015635, 51.814327952694], [73.09392211821915, 51.82343368999423]]}, "properties": {"source": "2488539", "target": "22852848"}}, {"type": "Feature", "geometry": {"type": "LineString", "coordinates": [[73.0910396015635, 51.814327952694], [73.00554402649567, 51.83744321385795]]}, "properties": {"source": "2488539", "target": "1113175"}}, {"type": "Feature", "geometry": {"type": "LineString", "coordinates": [[73.05703856211639, 51.81512902519279], [73.07765286005198, 51.819333403093665]]}, "properties": {"source": "19149893", "target": "2637133"}}, {"type": "Feature", "geometry": {"type": "LineString", "coordinates": [[73.05703856211639, 51.81512902519279], [73.04618631181262, 51.80533367661353]]}, "properties": {"source": "19149893", "target": "11272862"}}, {"type": "Feature", "geometry": {"type": "LineString", "coordinates": [[73.11238608836462, 51.80362882613474], [73.0329584130354, 51.827308374064955]]}, "properties": {"source": "73496", "target": "98107"}}, {"type": "Feature", "geometry": {"type": "LineString", "coordinates": [[73.04312539549798, 51.822660420363775], [73.06839761177989, 51.80052778303396]]}, "properties": {"source": "6432863", "target": "8776687"}}, {"type": "Feature", "geometry": {"type": "LineString", "coordinates": [[73.04312539549798, 51.822660420363775], [73.01154658245224, 51.80263641291006]]}, "properties": {"source": "6432863", "target": "7934297"}}, {"type": "Feature", "geometry": {"type": "LineString", "coordinates": [[73.04312539549798, 51.822660420363775], [73.09069492446352, 51.83803981048598]]}, "properties": {"source": "6432863", "target": "7934296"}}, {"type": "Feature", "geometry": {"type": "LineString", "coordinates": [[73.04312539549798, 51.822660420363775], [73.09606335917047, 51.83719680068519]]}, "properties": {"source": "6432863", "target": "7935023"}}, {"type": "Feature", "geometry": {"type": "LineString", "coordinates": [[73.04312539549798, 51.822660420363775], [72.99826636356761, 51.812223625480044]]}, "properties": {"source": "6432863", "target": "6568801"}}, {"type": "Feature", "geometry": {"type": "LineString", "coordinates": [[73.04312539549798, 51.822660420363775], [73.03813488309643, 51.79942724511214]]}, "properties": {"source": "6432863", "target": "7183286"}}, {"type": "Feature", "geometry": {"type": "LineString", "coordinates": [[73.04312539549798, 51.822660420363775], [73.04380069906821, 51.81043293570323]]}, "properties": {"source": "6432863", "target": "8577965"}}, {"type": "Feature", "geometry": {"type": "LineString", "coordinates": [[73.04312539549798, 51.822660420363775], [73.07307960047171, 51.79990927165362]]}, "properties": {"source": "6432863", "target": "5536441"}}, {"type": "Feature", "geometry": {"type": "LineString", "coordinates": [[73.04312539549798, 51.822660420363775], [73.10498966303152, 51.814372087981965]]}, "properties": {"source": "6432863", "target": "6404563"}}, {"type": "Feature", "geometry": {"type": "LineString", "coordinates": [[73.04312539549798, 51.822660420363775], [73.0050938404257, 51.827560274796795]]}, "properties": {"source": "6432863", "target": "6365288"}}, {"type": "Feature", "geometry": {"type": "LineString", "coordinates": [[73.04312539549798, 51.822660420363775], [73.06801593920136, 51.83519773952999]]}, "properties": {"source": "6432863", "target": "15704236"}}, {"type": "Feature", "geometry": {"type": "LineString", "coordinates": [[73.04312539549798, 51.822660420363775], [73.08461638379183, 51.81566033776106]]}, "properties": {"source": "6432863", "target": "9565664"}}, {"type": "Feature", "geometry": {"type": "LineString", "coordinates": [[73.04312539549798, 51.822660420363775], [73.00124729487186, 51.82672550359757]]}, "properties": {"source": "6432863", "target": "27237969"}}, {"type": "Feature", "geometry": {"type": "LineString", "coordinates": [[73.04312539549798, 51.822660420363775], [73.03490433995293, 51.83223355353499]]}, "properties": {"source": "6432863", "target": "34621234"}}, {"type": "Feature", "geometry": {"type": "LineString", "coordinates": [[73.04312539549798, 51.822660420363775], [73.05543878605678, 51.79987946439927]]}, "properties": {"source": "6432863", "target": "1794071"}}, {"type": "Feature", "geometry": {"type": "LineString", "coordinates": [[73.04312539549798, 51.822660420363775], [73.07481391683899, 51.83486573703952]]}, "properties": {"source": "6432863", "target": "6398860"}}, {"type": "Feature", "geometry": {"type": "LineString", "coordinates": [[73.08731159737488, 51.81105888546509], [73.03931071646119, 51.81832277940454]]}, "properties": {"source": "29957466", "target": "17924213"}}, {"type": "Feature", "geometry": {"type": "LineString", "coordinates": [[73.08731159737488, 51.81105888546509], [73.09405280366275, 51.83247071796585]]}, "properties": {"source": "29957466", "target": "22736429"}}, {"type": "Feature", "geometry": {"type": "LineString", "coordinates": [[73.08731159737488, 51.81105888546509], [73.04692162818395, 51.83439627859306]]}, "properties": {"source": "29957466", "target": "13058984"}}, {"type": "Feature", "geometry": {"type": "LineString", "coordinates": [[73.08731159737488, 51.81105888546509], [73.05139817414431, 51.829760023638556]]}, "properties": {"source": "29957466", "target": "18620303"}}, {"type": "Feature", "geometry": {"type": "LineString", "coordinates": [[73.02299373536988, 51.80130658902054], [73.05428121644451, 51.8149597151162]]}, "properties": {"source": "9508129", "target": "9528055"}}, {"type": "Feature", "geometry": {"type": "LineString", "coordinates": [[73.02299373536988, 51.80130658902054], [73.01121641401065, 51.835028619087325]]}, "properties": {"source": "9508129", "target": "8181251"}}, {"type": "Feature", "geometry": {"type": "LineString", "coordinates": [[73.02299373536988, 51.80130658902054], [73.08955972594137, 51.81407721093653]]}, "properties": {"source": "9508129", "target": "8719673"}}, {"type": "Feature", "geometry": {"type": "LineString", "coordinates": [[73.02299373536988, 51.80130658902054], [73.01395305869332, 51.8146358532007]]}, "properties": {"source": "9508129", "target": "99500"}}, {"type": "Feature", "geometry": {"type": "LineString", "coordinates": [[73.02299373536988, 51.80130658902054], [73.08961324188945, 51.804569030114095]]}, "properties": {"source": "9508129", "target": "99486"}}, {"type": "Feature", "geometry": {"type": "LineString", "coordinates": [[73.02299373536988, 51.80130658902054], [73.08055178085093, 51.80953361619241]]}, "properties": {"source": "9508129", "target": "99499"}}, {"type": "Feature", "geometry": {"type": "LineString", "coordinates": [[73.02299373536988, 51.80130658902054], [72.99729300016205, 51.82540152777038]]}, "properties": {"source": "9508129", "target": "18039797"}}, {"type": "Feature", "geometry": {"type": "LineString", "coordinates": [[73.02299373536988, 51.80130658902054], [73.09752519426658, 51.8313978964259]]}, "properties": {"source": "9508129", "target": "866119"}}, {"type": "Feature", "geometry": {"type": "LineString", "coordinates": [[73.02299373536988, 51.80130658902054], [73.08850764296804, 51.80238001979026]]}, "properties": {"source": "9508129", "target": "6660139"}}, {"type": "Feature", "geometry": {"type": "LineString", "coordinates": [[73.02299373536988, 51.80130658902054], [73.01942790363688, 51.83087806059848]]}, "properties": {"source": "9508129", "target": "833985"}}, {"type": "Feature", "geometry": {"type": "LineString", "coordinates": [[73.0345064099177, 51.80665788037405], [73.09698806125618, 51.813036520978926]]}, "properties": {"source": "23204993", "target": "409799"}}, {"type": "Feature", "geometry": {"type": "LineString", "coordinates": [[73.02610169901291, 51.7993437742967], [73.02224731023983, 51.83192528516754]]}, "properties": {"source": "7150220", "target": "28004265"}}, {"type": "Feature", "geometry": {"type": "LineString", "coordinates": [[73.03995079739317, 51.83763074301879], [73.10514576306724, 51.83298388949579]]}, "properties": {"source": "11223744", "target": "18712162"}}, {"type": "Feature", "geometry": {"type": "LineString", "coordinates": [[73.03995079739317, 51.83763074301879], [73.01032592544655, 51.83070993299239]]}, "properties": {"source": "11223744", "target": "13561213"}}, {"type": "Feature", "geometry": {"type": "LineString", "coordinates": [[73.05543878605678, 51.79987946439927], [73.07481391683899, 51.83486573703952]]}, "properties": {"source": "1794071", "target": "6398860"}}, {"type": "Feature", "geometry": {"type": "LineString", "coordinates": [[73.05173676183583, 51.829383806861514], [73.09069492446352, 51.83803981048598]]}, "properties": {"source": "7530864", "target": "7934296"}}, {"type": "Feature", "geometry": {"type": "LineString", "coordinates": [[73.05173676183583, 51.829383806861514], [73.10625879938013, 51.82015538873307]]}, "properties": {"source": "7530864", "target": "9036325"}}, {"type": "Feature", "geometry": {"type": "LineString", "coordinates": [[73.05173676183583, 51.829383806861514], [73.01951587228808, 51.82944100079237]]}, "properties": {"source": "7530864", "target": "7902503"}}, {"type": "Feature", "geometry": {"type": "LineString", "coordinates": [[73.05414297012416, 51.81571459577094], [73.06839761177989, 51.80052778303396]]}, "properties": {"source": "10180167", "target": "8776687"}}, {"type": "Feature", "geometry": {"type": "LineString", "coordinates": [[73.05414297012416, 51.81571459577094], [73.09358333489473, 51.827101629304494]]}, "properties": {"source": "10180167", "target": "10602422"}}, {"type": "Feature", "geometry": {"type": "LineString", "coordinates": [[73.09907762327316, 51.808006988970035], [73.08176464940624, 51.83776445099191]]}, "properties": {"source": "17312688", "target": "19380816"}}, {"type": "Feature", "geometry": {"type": "LineString", "coordinates": [[73.09907762327316, 51.808006988970035], [73.01482713873148, 51.81601481219887]]}, "properties": {"source": "17312688", "target": "13609497"}}, {"type": "Feature", "geometry": {"type": "LineString", "coordinates": [[73.02837404247111, 51.809262937006736], [73.0463212721273, 51.8230340415452]]}, "properties": {"source": "12152172", "target": "20909943"}}, {"type": "Feature", "geometry": {"type": "LineString", "coordinates": [[73.02837404247111, 51.809262937006736], [73.07545604214349, 51.80101818865964]]}, "properties": {"source": "12152172", "target": "409804"}}, {"type": "Feature", "geometry": {"type": "LineString", "coordinates": [[73.02837404247111, 51.809262937006736], [73.02826395852315, 51.82179696322558]]}, "properties": {"source": "12152172", "target": "17402723"}}, {"type": "Feature", "geometry": {"type": "LineString", "coordinates": [[73.02837404247111, 51.809262937006736], [73.04215443161655, 51.827087934292194]]}, "properties": {"source": "12152172", "target": "6330122"}}, {"type": "Feature", "geometry": {"type": "LineString", "coordinates": [[73.02837404247111, 51.809262937006736], [73.0875339015241, 51.811642794574055]]}, "properties": {"source": "12152172", "target": "10802784"}}, {"type": "Feature", "geometry": {"type": "LineString", "coordinates": [[73.0144525519647, 51.82998661577638], [73.07682656758973, 51.828907809093934]]}, "properties": {"source": "17999580", "target": "18484638"}}, {"type": "Feature", "geometry": {"type": "LineString", "coordinates": [[73.00247559729982, 51.80244757336936], [73.06061736488834, 51.80219818017845]]}, "properties": {"source": "6947879", "target": "6438764"}}, {"type": "Feature", "geometry": {"type": "LineString", "coordinates": [[73.00247559729982, 51.80244757336936], [73.09182064826987, 51.814035022280564]]}, "properties": {"source": "6947879", "target": "6754443"}}, {"type": "Feature", "geometry": {"type": "LineString", "coordinates": [[73.00247559729982, 51.80244757336936], [73.10812646534887, 51.834686896974446]]}, "properties": {"source": "6947879", "target": "6875002"}}, {"type": "Feature", "geometry": {"type": "LineString", "coordinates": [[73.05827810818337, 51.83273909470246], [73.02690761309177, 51.83662616741729]]}, "properties": {"source": "4955780", "target": "23438061"}}, {"type": "Feature", "geometry": {"type": "LineString", "coordinates": [[73.05827810818337, 51.83273909470246], [73.07313364674789, 51.821121805189534]]}, "properties": {"source": "4955780", "target": "7161070"}}, {"type": "Feature", "geometry": {"type": "LineString", "coordinates": [[73.05827810818337, 51.83273909470246], [73.08997724332383, 51.83106666120439]]}, "properties": {"source": "4955780", "target": "2480358"}}, {"type": "Feature", "geometry": {"type": "LineString", "coordinates": [[73.05827810818337, 51.83273909470246], [73.08107266499806, 51.83334854236968]]}, "properties": {"source": "4955780", "target": "11215180"}}, {"type": "Feature", "geometry": {"type": "LineString", "coordinates": [[73.07313364674789, 51.821121805189534], [73.08955972594137, 51.81407721093653]]}, "properties": {"source": "7161070", "target": "8719673"}}, {"type": "Feature", "geometry": {"type": "LineString", "coordinates": [[73.07313364674789, 51.821121805189534], [73.09752519426658, 51.8313978964259]]}, "properties": {"source": "7161070", "target": "866119"}}, {"type": "Feature", "geometry": {"type": "LineString", "coordinates": [[73.07313364674789, 51.821121805189534], [73.08850764296804, 51.80238001979026]]}, "properties": {"source": "7161070", "target": "6660139"}}, {"type": "Feature", "geometry": {"type": "LineString", "coordinates": [[73.07313364674789, 51.821121805189534], [73.03562997743077, 51.80506499681657]]}, "properties": {"source": "7161070", "target": "68439"}}, {"type": "Feature", "geometry": {"type": "LineString", "coordinates": [[73.05487743922146, 51.80504490536299], [73.07067042223738, 51.82344236051536]]}, "properties": {"source": "26836912", "target": "2352358"}}, {"type": "Feature", "geometry": {"type": "LineString", "coordinates": [[73.05487743922146, 51.80504490536299], [73.07308771141442, 51.81846913298702]]}, "properties": {"source": "26836912", "target": "2654772"}}, {"type": "Feature", "geometry": {"type": "LineString", "coordinates": [[73.024710850659, 51.81089676243967], [73.09698806125618, 51.813036520978926]]}, "properties": {"source": "6607188", "target": "409799"}}, {"type": "Feature", "geometry": {"type": "LineString", "coordinates": [[73.024710850659, 51.81089676243967], [73.09458576522661, 51.82871789673665]]}, "properties": {"source": "6607188", "target": "6607187"}}, {"type": "Feature", "geometry": {"type": "LineString", "coordinates": [[73.024710850659, 51.81089676243967], [73.02566024032757, 51.83742900326938]]}, "properties": {"source": "6607188", "target": "7161183"}}, {"type": "Feature", "geometry": {"type": "LineString", "coordinates": [[73.06328485004764, 51.81204999578355], [73.0948514260972, 51.814742154146785]]}, "properties": {"source": "4943401", "target": "8504174"}}, {"type": "Feature", "geometry": {"type": "LineString", "coordinates": [[73.06328485004764, 51.81204999578355], [73.05726132531692, 51.83718924305049]]}, "properties": {"source": "4943401", "target": "7430094"}}, {"type": "Feature", "geometry": {"type": "LineString", "coordinates": [[73.06328485004764, 51.81204999578355], [73.02807534127047, 51.81068817846722]]}, "properties": {"source": "4943401", "target": "8286272"}}, {"type": "Feature", "geometry": {"type": "LineString", "coordinates": [[73.06328485004764, 51.81204999578355], [73.09670332320607, 51.809065908838534]]}, "properties": {"source": "4943401", "target": "28508698"}}, {"type": "Feature", "geometry": {"type": "LineString", "coordinates": [[73.06328485004764, 51.81204999578355], [72.99777965034207, 51.83816137157264]]}, "properties": {"source": "4943401", "target": "28532228"}}, {"type": "Feature", "geometry": {"type": "LineString", "coordinates": [[73.06328485004764, 51.81204999578355], [73.01057096939886, 51.818852977319466]]}, "properties": {"source": "4943401", "target": "4416807"}}, {"type": "Feature", "geometry": {"type": "LineString", "coordinates": [[73.06328485004764, 51.81204999578355], [73.07307960047171, 51.79990927165362]]}, "properties": {"source": "4943401", "target": "5536441"}}, {"type": "Feature", "geometry": {"type": "LineString", "coordinates": [[73.06328485004764, 51.81204999578355], [73.10113361767455, 51.816704485836965]]}, "properties": {"source": "4943401", "target": "27858175"}}, {"type": "Feature", "geometry": {"type": "LineString", "coordinates": [[73.06328485004764, 51.81204999578355], [73.10625879938013, 51.82015538873307]]}, "properties": {"source": "4943401", "target": "9036325"}}, {"type": "Feature", "geometry": {"type": "LineString", "coordinates": [[73.06328485004764, 51.81204999578355], [73.03149977823117, 51.83238577793952]]}, "properties": {"source": "4943401", "target": "26165470"}}, {"type": "Feature", "geometry": {"type": "LineString", "coordinates": [[73.06328485004764, 51.81204999578355], [73.05792316815288, 51.81124898898355]]}, "properties": {"source": "4943401", "target": "6413631"}}, {"type": "Feature", "geometry": {"type": "LineString", "coordinates": [[73.06328485004764, 51.81204999578355], [73.09919198802672, 51.82341011014039]]}, "properties": {"source": "4943401", "target": "13262017"}}, {"type": "Feature", "geometry": {"type": "LineString", "coordinates": [[73.06328485004764, 51.81204999578355], [73.05517201659873, 51.80212171118832]]}, "properties": {"source": "4943401", "target": "23292117"}}, {"type": "Feature", "geometry": {"type": "LineString", "coordinates": [[73.06328485004764, 51.81204999578355], [73.00821776442501, 51.800036043819375]]}, "properties": {"source": "4943401", "target": "11661389"}}, {"type": "Feature", "geometry": {"type": "LineString", "coordinates": [[73.06328485004764, 51.81204999578355], [73.03490433995293, 51.83223355353499]]}, "properties": {"source": "4943401", "target": "34621234"}}, {"type": "Feature", "geometry": {"type": "LineString", "coordinates": [[73.06328485004764, 51.81204999578355], [73.10064868645318, 51.83035061464108]]}, "properties": {"source": "4943401", "target": "4943357"}}, {"type": "Feature", "geometry": {"type": "LineString", "coordinates": [[73.02566024032757, 51.83742900326938], [73.08107266499806, 51.83334854236968]]}, "properties": {"source": "7161183", "target": "11215180"}}, {"type": "Feature", "geometry": {"type": "LineString", "coordinates": [[73.02566024032757, 51.83742900326938], [73.09752519426658, 51.8313978964259]]}, "properties": {"source": "7161183", "target": "866119"}}, {"type": "Feature", "geometry": {"type": "LineString", "coordinates": [[73.02566024032757, 51.83742900326938], [73.04215443161655, 51.827087934292194]]}, "properties": {"source": "7161183", "target": "6330122"}}, {"type": "Feature", "geometry": {"type": "LineString", "coordinates": [[73.02566024032757, 51.83742900326938], [73.08850764296804, 51.80238001979026]]}, "properties": {"source": "7161183", "target": "6660139"}}, {"type": "Feature", "geometry": {"type": "LineString", "coordinates": [[73.02566024032757, 51.83742900326938], [73.01942790363688, 51.83087806059848]]}, "properties": {"source": "7161183", "target": "833985"}}, {"type": "Feature", "geometry": {"type": "LineString", "coordinates": [[73.02566024032757, 51.83742900326938], [73.05312811068117, 51.82661204823856]]}, "properties": {"source": "7161183", "target": "597051"}}, {"type": "Feature", "geometry": {"type": "LineString", "coordinates": [[73.02566024032757, 51.83742900326938], [73.10467691184246, 51.82324413602926]]}, "properties": {"source": "7161183", "target": "6615715"}}, {"type": "Feature", "geometry": {"type": "LineString", "coordinates": [[73.02566024032757, 51.83742900326938], [73.03562997743077, 51.80506499681657]]}, "properties": {"source": "7161183", "target": "68439"}}, {"type": "Feature", "geometry": {"type": "LineString", "coordinates": [[73.07000043049305, 51.8197590224201], [73.09698806125618, 51.813036520978926]]}, "properties": {"source": "34211699", "target": "409799"}}, {"type": "Feature", "geometry": {"type": "LineString", "coordinates": [[73.07000043049305, 51.8197590224201], [73.02690761309177, 51.83662616741729]]}, "properties": {"source": "34211699", "target": "23438061"}}, {"type": "Feature", "geometry": {"type": "LineString", "coordinates": [[73.07000043049305, 51.8197590224201], [73.05827810818337, 51.83273909470246]]}, "properties": {"source": "34211699", "target": "4955780"}}, {"type": "Feature", "geometry": {"type": "LineString", "coordinates": [[73.07000043049305, 51.8197590224201], [73.08997724332383, 51.83106666120439]]}, "properties": {"source": "34211699", "target": "2480358"}}, {"type": "Feature", "geometry": {"type": "LineString", "coordinates": [[73.07000043049305, 51.8197590224201], [72.99919042495392, 51.83758069663365]]}, "properties": {"source": "34211699", "target": "6416304"}}, {"type": "Feature", "geometry": {"type": "LineString", "coordinates": [[73.07000043049305, 51.8197590224201], [73.08107266499806, 51.83334854236968]]}, "properties": {"source": "34211699", "target": "11215180"}}, {"type": "Feature", "geometry": {"type": "LineString", "coordinates": [[73.07000043049305, 51.8197590224201], [73.02089420605154, 51.805358265472336]]}, "properties": {"source": "34211699", "target": "35609576"}}, {"type": "Feature", "geometry": {"type": "LineString", "coordinates": [[73.07000043049305, 51.8197590224201], [73.04677784651301, 51.800474159702574]]}, "properties": {"source": "34211699", "target": "12953998"}}, {"type": "Feature", "geometry": {"type": "LineString", "coordinates": [[73.01154658245224, 51.80263641291006], [73.06839761177989, 51.80052778303396]]}, "properties": {"source": "7934297", "target": "8776687"}}, {"type": "Feature", "geometry": {"type": "LineString", "coordinates": [[73.01154658245224, 51.80263641291006], [73.09069492446352, 51.83803981048598]]}, "properties": {"source": "7934297", "target": "7934296"}}, {"type": "Feature", "geometry": {"type": "LineString", "coordinates": [[73.01154658245224, 51.80263641291006], [73.09606335917047, 51.83719680068519]]}, "properties": {"source": "7934297", "target": "7935023"}}, {"type": "Feature", "geometry": {"type": "LineString", "coordinates": [[73.01154658245224, 51.80263641291006], [72.99826636356761, 51.812223625480044]]}, "properties": {"source": "7934297", "target": "6568801"}}, {"type": "Feature", "geometry": {"type": "LineString", "coordinates": [[73.01154658245224, 51.80263641291006], [73.0948514260972, 51.814742154146785]]}, "properties": {"source": "7934297", "target": "8504174"}}, {"type": "Feature", "geometry": {"type": "LineString", "coordinates": [[73.01154658245224, 51.80263641291006], [73.04380069906821, 51.81043293570323]]}, "properties": {"source": "7934297", "target": "8577965"}}, {"type": "Feature", "geometry": {"type": "LineString", "coordinates": [[73.01154658245224, 51.80263641291006], [73.05726132531692, 51.83718924305049]]}, "properties": {"source": "7934297", "target": "7430094"}}, {"type": "Feature", "geometry": {"type": "LineString", "coordinates": [[73.01154658245224, 51.80263641291006], [73.08461638379183, 51.81566033776106]]}, "properties": {"source": "7934297", "target": "9565664"}}, {"type": "Feature", "geometry": {"type": "LineString", "coordinates": [[73.01154658245224, 51.80263641291006], [73.00444981056461, 51.8141214735402]]}, "properties": {"source": "7934297", "target": "13244678"}}, {"type": "Feature", "geometry": {"type": "LineString", "coordinates": [[73.01154658245224, 51.80263641291006], [73.05543878605678, 51.79987946439927]]}, "properties": {"source": "7934297", "target": "1794071"}}, {"type": "Feature", "geometry": {"type": "LineString", "coordinates": [[73.01154658245224, 51.80263641291006], [73.05173676183583, 51.829383806861514]]}, "properties": {"source": "7934297", "target": "7530864"}}, {"type": "Feature", "geometry": {"type": "LineString", "coordinates": [[73.01154658245224, 51.80263641291006], [73.07481391683899, 51.83486573703952]]}, "properties": {"source": "7934297", "target": "6398860"}}, {"type": "Feature", "geometry": {"type": "LineString", "coordinates": [[73.01154658245224, 51.80263641291006], [73.10586277619899, 51.808471151683335]]}, "properties": {"source": "7934297", "target": "18878490"}}, {"type": "Feature", "geometry": {"type": "LineString", "coordinates": [[73.01154658245224, 51.80263641291006], [73.01951587228808, 51.82944100079237]]}, "properties": {"source": "7934297", "target": "7902503"}}, {"type": "Feature", "geometry": {"type": "LineString", "coordinates": [[73.05882508382783, 51.79992613008655], [73.0329584130354, 51.827308374064955]]}, "properties": {"source": "902854", "target": "98107"}}, {"type": "Feature", "geometry": {"type": "LineString", "coordinates": [[73.05882508382783, 51.79992613008655], [73.08850764296804, 51.80238001979026]]}, "properties": {"source": "902854", "target": "6660139"}}, {"type": "Feature", "geometry": {"type": "LineString", "coordinates": [[73.04468897095438, 51.802729647644085], [73.08107266499806, 51.83334854236968]]}, "properties": {"source": "1763021", "target": "11215180"}}, {"type": "Feature", "geometry": {"type": "LineString", "coordinates": [[73.04468897095438, 51.802729647644085], [73.0563477165922, 51.838005015761865]]}, "properties": {"source": "1763021", "target": "13477450"}}, {"type": "Feature", "geometry": {"type": "LineString", "coordinates": [[73.04468897095438, 51.802729647644085], [73.1028127432566, 51.83205103500502]]}, "properties": {"source": "1763021", "target": "15994494"}}, {"type": "Feature", "geometry": {"type": "LineString", "coordinates": [[73.04468897095438, 51.802729647644085], [73.04472356812201, 51.81603197183492]]}, "properties": {"source": "1763021", "target": "16164522"}}, {"type": "Feature", "geometry": {"type": "LineString", "coordinates": [[73.08072880591138, 51.80201697040445], [73.11213420372883, 51.80828903188538]]}, "properties": {"source": "2421878", "target": "8714958"}}, {"type": "Feature", "geometry": {"type": "LineString", "coordinates": [[73.08072880591138, 51.80201697040445], [73.07307960047171, 51.79990927165362]]}, "properties": {"source": "2421878", "target": "5536441"}}, {"type": "Feature", "geometry": {"type": "LineString", "coordinates": [[73.08072880591138, 51.80201697040445], [73.08461638379183, 51.81566033776106]]}, "properties": {"source": "2421878", "target": "9565664"}}, {"type": "Feature", "geometry": {"type": "LineString", "coordinates": [[73.0292452009337, 51.83562442938586], [73.07660971532528, 51.82548231421305]]}, "properties": {"source": "10456032", "target": "3390057"}}, {"type": "Feature", "geometry": {"type": "LineString", "coordinates": [[73.0292452009337, 51.83562442938586], [73.02588641550881, 51.80611005631184]]}, "properties": {"source": "10456032", "target": "297388"}}, {"type": "Feature", "geometry": {"type": "LineString", "coordinates": [[73.00690167130693, 51.82307662619047], [73.07000043049305, 51.8197590224201]]}, "properties": {"source": "13413628", "target": "34211699"}}, {"type": "Feature", "geometry": {"type": "LineString", "coordinates": [[73.01768869334018, 51.81475415556427], [73.07000043049305, 51.8197590224201]]}, "properties": {"source": "28467977", "target": "34211699"}}, {"type": "Feature", "geometry": {"type": "LineString", "coordinates": [[73.01768869334018, 51.81475415556427], [73.02089420605154, 51.805358265472336]]}, "properties": {"source": "28467977", "target": "35609576"}}, {"type": "Feature", "geometry": {"type": "LineString", "coordinates": [[73.07549244303252, 51.803312151694854], [73.09453675017284, 51.799523198711796]]}, "properties": {"source": "24988544", "target": "28269278"}}, {"type": "Feature", "geometry": {"type": "LineString", "coordinates": [[73.07549244303252, 51.803312151694854], [73.1136881437655, 51.835722613745816]]}, "properties": {"source": "24988544", "target": "26204028"}}, {"type": "Feature", "geometry": {"type": "LineString", "coordinates": [[73.04468897095438, 51.802729647644085], [73.07769366945922, 51.8350706684014]]}, "properties": {"source": "1763021", "target": "13421156"}}, {"type": "Feature", "geometry": {"type": "LineString", "coordinates": [[73.0292452009337, 51.83562442938586], [73.10745333605189, 51.814853817414644]]}, "properties": {"source": "10456032", "target": "29436482"}}, {"type": "Feature", "geometry": {"type": "LineString", "coordinates": [[73.03143626639755, 51.83557131609889], [73.00015701886431, 51.80228195473636]]}, "properties": {"source": "11782403", "target": "17252697"}}, {"type": "Feature", "geometry": {"type": "LineString", "coordinates": [[73.03143626639755, 51.83557131609889], [73.09934559144514, 51.80864387718022]]}, "properties": {"source": "11782403", "target": "12340431"}}, {"type": "Feature", "geometry": {"type": "LineString", "coordinates": [[73.03995079739317, 51.83763074301879], [73.00015701886431, 51.80228195473636]]}, "properties": {"source": "11223744", "target": "17252697"}}, {"type": "Feature", "geometry": {"type": "LineString", "coordinates": [[73.02955092462133, 51.82461576656205], [73.09145886449141, 51.820543860455814]]}, "properties": {"source": "17571581", "target": "1082852"}}, {"type": "Feature", "geometry": {"type": "LineString", "coordinates": [[73.02955092462133, 51.82461576656205], [73.02892852214526, 51.80013936649365]]}, "properties": {"source": "17571581", "target": "2210769"}}, {"type": "Feature", "geometry": {"type": "LineString", "coordinates": [[73.02610169901291, 51.7993437742967], [73.03562997743077, 51.80506499681657]]}, "properties": {"source": "7150220", "target": "68439"}}, {"type": "Feature", "geometry": {"type": "LineString", "coordinates": [[73.04351045703152, 51.82660477380186], [73.0863102389167, 51.8234394222802]]}, "properties": {"source": "3390064", "target": "34847787"}}, {"type": "Feature", "geometry": {"type": "LineString", "coordinates": [[73.04351045703152, 51.82660477380186], [73.07496580404677, 51.831317354819674]]}, "properties": {"source": "3390064", "target": "36125570"}}, {"type": "Feature", "geometry": {"type": "LineString", "coordinates": [[73.04351045703152, 51.82660477380186], [73.09698806125618, 51.813036520978926]]}, "properties": {"source": "3390064", "target": "409799"}}, {"type": "Feature", "geometry": {"type": "LineString", "coordinates": [[73.04351045703152, 51.82660477380186], [73.08671048789154, 51.820956552896575]]}, "properties": {"source": "3390064", "target": "35181991"}}, {"type": "Feature", "geometry": {"type": "LineString", "coordinates": [[73.04351045703152, 51.82660477380186], [73.06622152075133, 51.83363856034478]]}, "properties": {"source": "3390064", "target": "36286400"}}, {"type": "Feature", "geometry": {"type": "LineString", "coordinates": [[73.04351045703152, 51.82660477380186], [73.10339306138891, 51.83868699525007]]}, "properties": {"source": "3390064", "target": "36213992"}}, {"type": "Feature", "geometry": {"type": "LineString", "coordinates": [[73.04351045703152, 51.82660477380186], [73.01698551204464, 51.80719272651939]]}, "properties": {"source": "3390064", "target": "29222561"}}, {"type": "Feature", "geometry": {"type": "LineString", "coordinates": [[73.04351045703152, 51.82660477380186], [73.07970920428943, 51.826991713706676]]}, "properties": {"source": "3390064", "target": "3985498"}}, {"type": "Feature", "geometry": {"type": "LineString", "coordinates": [[73.04351045703152, 51.82660477380186], [73.07984210715742, 51.82297792498093]]}, "properties": {"source": "3390064", "target": "34505606"}}, {"type": "Feature", "geometry": {"type": "LineString", "coordinates": [[73.04351045703152, 51.82660477380186], [73.10197077134416, 51.826054951399755]]}, "properties": {"source": "3390064", "target": "34611353"}}, {"type": "Feature", "geometry": {"type": "LineString", "coordinates": [[73.07259332332802, 51.824251128587264], [73.06376176880116, 51.82001739737608]]}, "properties": {"source": "7438024", "target": "776302"}}, {"type": "Feature", "geometry": {"type": "LineString", "coordinates": [[73.0702729485846, 51.814040446479794], [73.07682656758973, 51.828907809093934]]}, "properties": {"source": "18271064", "target": "18484638"}}, {"type": "Feature", "geometry": {"type": "LineString", "coordinates": [[73.0702729485846, 51.814040446479794], [73.11001714926553, 51.81701601377415]]}, "properties": {"source": "18271064", "target": "18275915"}}, {"type": "Feature", "geometry": {"type": "LineString", "coordinates": [[73.0702729485846, 51.814040446479794], [73.01482713873148, 51.81601481219887]]}, "properties": {"source": "18271064", "target": "13609497"}}, {"type": "Feature", "geometry": {"type": "LineString", "coordinates": [[73.0702729485846, 51.814040446479794], [73.04618631181262, 51.80533367661353]]}, "properties": {"source": "18271064", "target": "11272862"}}, {"type": "Feature", "geometry": {"type": "LineString", "coordinates": [[73.09922112779506, 51.82624126316499], [73.02690761309177, 51.83662616741729]]}, "properties": {"source": "13084814", "target": "23438061"}}, {"type": "Feature", "geometry": {"type": "LineString", "coordinates": [[73.09922112779506, 51.82624126316499], [73.04468897095438, 51.802729647644085]]}, "properties": {"source": "13084814", "target": "1763021"}}, {"type": "Feature", "geometry": {"type": "LineString", "coordinates": [[73.09922112779506, 51.82624126316499], [73.01468730347923, 51.81800763510634]]}, "properties": {"source": "13084814", "target": "13084791"}}, {"type": "Feature", "geometry": {"type": "LineString", "coordinates": [[73.09922112779506, 51.82624126316499], [73.02107393046577, 51.813516595861515]]}, "properties": {"source": "13084814", "target": "11432139"}}, {"type": "Feature", "geometry": {"type": "LineString", "coordinates": [[73.09922112779506, 51.82624126316499], [73.11133223589513, 51.826983571530846]]}, "properties": {"source": "13084814", "target": "13084774"}}, {"type": "Feature", "geometry": {"type": "LineString", "coordinates": [[73.09922112779506, 51.82624126316499], [73.05590484775331, 51.816167718815734]]}, "properties": {"source": "13084814", "target": "12262425"}}, {"type": "Feature", "geometry": {"type": "LineString", "coordinates": [[73.09922112779506, 51.82624126316499], [73.04455455128561, 51.80386364211901]]}, "properties": {"source": "13084814", "target": "11194800"}}, {"type": "Feature", "geometry": {"type": "LineString", "coordinates": [[73.09922112779506, 51.82624126316499], [73.08090898273932, 51.82180138354039]]}, "properties": {"source": "13084814", "target": "13451291"}}, {"type": "Feature", "geometry": {"type": "LineString", "coordinates": [[73.09922112779506, 51.82624126316499], [73.00030556325578, 51.800153249699335]]}, "properties": {"source": "13084814", "target": "10432309"}}, {"type": "Feature", "geometry": {"type": "LineString", "coordinates": [[73.09922112779506, 51.82624126316499], [73.0192945181023, 51.80067802062207]]}, "properties": {"source": "13084814", "target": "10611130"}}, {"type": "Feature", "geometry": {"type": "LineString", "coordinates": [[73.09922112779506, 51.82624126316499], [73.07769366945922, 51.8350706684014]]}, "properties": {"source": "13084814", "target": "13421156"}}, {"type": "Feature", "geometry": {"type": "LineString", "coordinates": [[73.0144525519647, 51.82998661577638], [73.10498966303152, 51.814372087981965]]}, "properties": {"source": "17999580", "target": "6404563"}}, {"type": "Feature", "geometry": {"type": "LineString", "coordinates": [[73.0144525519647, 51.82998661577638], [73.0768281251512, 51.82891505516862]]}, "properties": {"source": "17999580", "target": "18946571"}}, {"type": "Feature", "geometry": {"type": "LineString", "coordinates": [[73.0144525519647, 51.82998661577638], [72.99729300016205, 51.82540152777038]]}, "properties": {"source": "17999580", "target": "18039797"}}, {"type": "Feature", "geometry": {"type": "LineString", "coordinates": [[73.0144525519647, 51.82998661577638], [73.09358333489473, 51.827101629304494]]}, "properties": {"source": "17999580", "target": "10602422"}}, {"type": "Feature", "geometry": {"type": "LineString", "coordinates": [[73.05485501060505, 51.81815102925073], [73.0768281251512, 51.82891505516862]]}, "properties": {"source": "13559094", "target": "18946571"}}, {"type": "Feature", "geometry": {"type": "LineString", "coordinates": [[73.05485501060505, 51.81815102925073], [73.01032592544655, 51.83070993299239]]}, "properties": {"source": "13559094", "target": "13561213"}}, {"type": "Feature", "geometry": {"type": "LineString", "coordinates": [[73.05485501060505, 51.81815102925073], [73.05590484775331, 51.816167718815734]]}, "properties": {"source": "13559094", "target": "12262425"}}, {"type": "Feature", "geometry": {"type": "LineString", "coordinates": [[73.05485501060505, 51.81815102925073], [73.09358333489473, 51.827101629304494]]}, "properties": {"source": "13559094", "target": "10602422"}}, {"type": "Feature", "geometry": {"type": "LineString", "coordinates": [[73.05485501060505, 51.81815102925073], [73.03408046391732, 51.81598586382722]]}, "properties": {"source": "13559094", "target": "10720255"}}, {"type": "Feature", "geometry": {"type": "LineString", "coordinates": [[73.03526554616744, 51.80500397128549], [73.09298844515072, 51.82370086453177]]}, "properties": {"source": "8613443", "target": "9773348"}}, {"type": "Feature", "geometry": {"type": "LineString", "coordinates": [[73.03526554616744, 51.80500397128549], [73.07340791208449, 51.806360948640986]]}, "properties": {"source": "8613443", "target": "12054357"}}, {"type": "Feature", "geometry": {"type": "LineString", "coordinates": [[73.03526554616744, 51.80500397128549], [73.01684344072046, 51.82251614871947]]}, "properties": {"source": "8613443", "target": "8135296"}}, {"type": "Feature", "geometry": {"type": "LineString", "coordinates": [[73.02030923896325, 51.81136166474691], [73.0863102389167, 51.8234394222802]]}, "properties": {"source": "32702", "target": "34847787"}}, {"type": "Feature", "geometry": {"type": "LineString", "coordinates": [[73.02030923896325, 51.81136166474691], [73.07496580404677, 51.831317354819674]]}, "properties": {"source": "32702", "target": "36125570"}}, {"type": "Feature", "geometry": {"type": "LineString", "coordinates": [[73.02030923896325, 51.81136166474691], [73.08671048789154, 51.820956552896575]]}, "properties": {"source": "32702", "target": "35181991"}}, {"type": "Feature", "geometry": {"type": "LineString", "coordinates": [[73.03526554616744, 51.80500397128549], [73.01554151646522, 51.83666287075452]]}, "properties": {"source": "8613443", "target": "9748367"}}, {"type": "Feature", "geometry": {"type": "LineString", "coordinates": [[73.0886520040685, 51.83644429148799], [73.05012969108523, 51.83000206991187]]}, "properties": {"source": "19185440", "target": "27238087"}}, {"type": "Feature", "geometry": {"type": "LineString", "coordinates": [[73.0886520040685, 51.83644429148799], [73.05875833381182, 51.82723635386631]]}, "properties": {"source": "19185440", "target": "17798537"}}, {"type": "Feature", "geometry": {"type": "LineString", "coordinates": [[73.0886520040685, 51.83644429148799], [73.02966332836951, 51.81309455822992]]}, "properties": {"source": "19185440", "target": "28480220"}}, {"type": "Feature", "geometry": {"type": "LineString", "coordinates": [[73.0886520040685, 51.83644429148799], [73.10955250495857, 51.834201878434214]]}, "properties": {"source": "19185440", "target": "28078927"}}, {"type": "Feature", "geometry": {"type": "LineString", "coordinates": [[73.0886520040685, 51.83644429148799], [73.0067986808562, 51.800137189305616]]}, "properties": {"source": "19185440", "target": "29394912"}}, {"type": "Feature", "geometry": {"type": "LineString", "coordinates": [[73.0952718317553, 51.80624219493454], [73.04577572247749, 51.823837751694285]]}, "properties": {"source": "20564674", "target": "24548167"}}, {"type": "Feature", "geometry": {"type": "LineString", "coordinates": [[73.0952718317553, 51.80624219493454], [73.0182222510488, 51.79934161073135]]}, "properties": {"source": "20564674", "target": "17338311"}}, {"type": "Feature", "geometry": {"type": "LineString", "coordinates": [[73.0952718317553, 51.80624219493454], [73.05875833381182, 51.82723635386631]]}, "properties": {"source": "20564674", "target": "17798537"}}, {"type": "Feature", "geometry": {"type": "LineString", "coordinates": [[73.0952718317553, 51.80624219493454], [73.10199134034244, 51.835359113854636]]}, "properties": {"source": "20564674", "target": "20411119"}}, {"type": "Feature", "geometry": {"type": "LineString", "coordinates": [[73.0952718317553, 51.80624219493454], [73.0092274370069, 51.83862718525994]]}, "properties": {"source": "20564674", "target": "18284888"}}, {"type": "Feature", "geometry": {"type": "LineString", "coordinates": [[73.0952718317553, 51.80624219493454], [73.03274617135975, 51.831208344322874]]}, "properties": {"source": "20564674", "target": "17906580"}}, {"type": "Feature", "geometry": {"type": "LineString", "coordinates": [[73.0952718317553, 51.80624219493454], [73.00155280721268, 51.801646582131156]]}, "properties": {"source": "20564674", "target": "20555687"}}, {"type": "Feature", "geometry": {"type": "LineString", "coordinates": [[73.01829587474197, 51.803461091562056], [73.04247086260898, 51.80851385598244]]}, "properties": {"source": "20617777", "target": "23248866"}}, {"type": "Feature", "geometry": {"type": "LineString", "coordinates": [[73.01829587474197, 51.803461091562056], [73.01587020212907, 51.82973546330399]]}, "properties": {"source": "20617777", "target": "18624184"}}, {"type": "Feature", "geometry": {"type": "LineString", "coordinates": [[73.01829587474197, 51.803461091562056], [73.01758852745718, 51.802796035216204]]}, "properties": {"source": "20617777", "target": "21896601"}}, {"type": "Feature", "geometry": {"type": "LineString", "coordinates": [[73.0952718317553, 51.80624219493454], [73.05669654677328, 51.81490631374871]]}, "properties": {"source": "20564674", "target": "24548177"}}, {"type": "Feature", "geometry": {"type": "LineString", "coordinates": [[73.11423198404506, 51.80702950408714], [73.08955972594137, 51.81407721093653]]}, "properties": {"source": "6296208", "target": "8719673"}}, {"type": "Feature", "geometry": {"type": "LineString", "coordinates": [[73.11423198404506, 51.80702950408714], [73.08997724332383, 51.83106666120439]]}, "properties": {"source": "6296208", "target": "2480358"}}, {"type": "Feature", "geometry": {"type": "LineString", "coordinates": [[73.11423198404506, 51.80702950408714], [72.99919042495392, 51.83758069663365]]}, "properties": {"source": "6296208", "target": "6416304"}}, {"type": "Feature", "geometry": {"type": "LineString", "coordinates": [[73.11423198404506, 51.80702950408714], [73.06252499852684, 51.837605267476334]]}, "properties": {"source": "6296208", "target": "6553116"}}, {"type": "Feature", "geometry": {"type": "LineString", "coordinates": [[73.11423198404506, 51.80702950408714], [73.05312811068117, 51.82661204823856]]}, "properties": {"source": "6296208", "target": "597051"}}, {"type": "Feature", "geometry": {"type": "LineString", "coordinates": [[73.09986440265578, 51.824167701959695], [72.9964994362229, 51.817686115654524]]}, "properties": {"source": "99495", "target": "948304"}}, {"type": "Feature", "geometry": {"type": "LineString", "coordinates": [[73.09986440265578, 51.824167701959695], [73.09298844515072, 51.82370086453177]]}, "properties": {"source": "99495", "target": "9773348"}}, {"type": "Feature", "geometry": {"type": "LineString", "coordinates": [[73.09986440265578, 51.824167701959695], [73.01395305869332, 51.8146358532007]]}, "properties": {"source": "99495", "target": "99500"}}, {"type": "Feature", "geometry": {"type": "LineString", "coordinates": [[73.09986440265578, 51.824167701959695], [73.0329584130354, 51.827308374064955]]}, "properties": {"source": "99495", "target": "98107"}}, {"type": "Feature", "geometry": {"type": "LineString", "coordinates": [[73.09986440265578, 51.824167701959695], [73.08961324188945, 51.804569030114095]]}, "properties": {"source": "99495", "target": "99486"}}, {"type": "Feature", "geometry": {"type": "LineString", "coordinates": [[73.09986440265578, 51.824167701959695], [73.02161986975509, 51.813890018874616]]}, "properties": {"source": "99495", "target": "99523"}}, {"type": "Feature", "geometry": {"type": "LineString", "coordinates": [[73.09986440265578, 51.824167701959695], [73.08055178085093, 51.80953361619241]]}, "properties": {"source": "99495", "target": "99499"}}, {"type": "Feature", "geometry": {"type": "LineString", "coordinates": [[73.09986440265578, 51.824167701959695], [73.05031190473716, 51.810483867361995]]}, "properties": {"source": "99495", "target": "9686555"}}, {"type": "Feature", "geometry": {"type": "LineString", "coordinates": [[73.09986440265578, 51.824167701959695], [73.05921629993534, 51.82443166770574]]}, "properties": {"source": "99495", "target": "99489"}}, {"type": "Feature", "geometry": {"type": "LineString", "coordinates": [[73.09986440265578, 51.824167701959695], [73.0861205903793, 51.808474170972175]]}, "properties": {"source": "99495", "target": "1044175"}}, {"type": "Feature", "geometry": {"type": "LineString", "coordinates": [[73.03149977823117, 51.83238577793952], [73.11213420372883, 51.80828903188538]]}, "properties": {"source": "26165470", "target": "8714958"}}, {"type": "Feature", "geometry": {"type": "LineString", "coordinates": [[73.03013136306302, 51.79969916050456], [73.00582127645166, 51.82319533359514]]}, "properties": {"source": "21899414", "target": "13625962"}}, {"type": "Feature", "geometry": {"type": "LineString", "coordinates": [[73.03013136306302, 51.79969916050456], [73.07807791282042, 51.820922147119106]]}, "properties": {"source": "21899414", "target": "9152130"}}, {"type": "Feature", "geometry": {"type": "LineString", "coordinates": [[73.06842431853329, 51.835991003723834], [73.0506294932838, 51.82404899834917]]}, "properties": {"source": "30323489", "target": "30323504"}}, {"type": "Feature", "geometry": {"type": "LineString", "coordinates": [[73.06842431853329, 51.835991003723834], [73.04177548243217, 51.83415535007788]]}, "properties": {"source": "30323489", "target": "30323481"}}, {"type": "Feature", "geometry": {"type": "LineString", "coordinates": [[73.06842431853329, 51.835991003723834], [73.0680734794735, 51.821304469154214]]}, "properties": {"source": "30323489", "target": "25686515"}}, {"type": "Feature", "geometry": {"type": "LineString", "coordinates": [[73.008853155612, 51.819402882410486], [73.03490433995293, 51.83223355353499]]}, "properties": {"source": "29219366", "target": "34621234"}}, {"type": "Feature", "geometry": {"type": "LineString", "coordinates": [[73.008853155612, 51.819402882410486], [73.01324086751589, 51.801410060298934]]}, "properties": {"source": "29219366", "target": "29662504"}}, {"type": "Feature", "geometry": {"type": "LineString", "coordinates": [[73.008853155612, 51.819402882410486], [73.08066176141355, 51.81742825673007]]}, "properties": {"source": "29219366", "target": "17999567"}}, {"type": "Feature", "geometry": {"type": "LineString", "coordinates": [[73.02826395852315, 51.82179696322558], [73.00015701886431, 51.80228195473636]]}, "properties": {"source": "17402723", "target": "17252697"}}, {"type": "Feature", "geometry": {"type": "LineString", "coordinates": [[73.02826395852315, 51.82179696322558], [73.09934559144514, 51.80864387718022]]}, "properties": {"source": "17402723", "target": "12340431"}}, {"type": "Feature", "geometry": {"type": "LineString", "coordinates": [[73.02826395852315, 51.82179696322558], [73.10514576306724, 51.83298388949579]]}, "properties": {"source": "17402723", "target": "18712162"}}, {"type": "Feature", "geometry": {"type": "LineString", "coordinates": [[73.02826395852315, 51.82179696322558], [73.04003826621053, 51.83849293112631]]}, "properties": {"source": "17402723", "target": "17278703"}}, {"type": "Feature", "geometry": {"type": "LineString", "coordinates": [[73.02826395852315, 51.82179696322558], [73.1015029477893, 51.820992062199096]]}, "properties": {"source": "17402723", "target": "16141563"}}, {"type": "Feature", "geometry": {"type": "LineString", "coordinates": [[73.02826395852315, 51.82179696322558], [73.100299285962, 51.80991653359263]]}, "properties": {"source": "17402723", "target": "1124882"}}, {"type": "Feature", "geometry": {"type": "LineString", "coordinates": [[73.02826395852315, 51.82179696322558], [73.01116629524077, 51.81645682628067]]}, "properties": {"source": "17402723", "target": "20703470"}}, {"type": "Feature", "geometry": {"type": "LineString", "coordinates": [[73.02826395852315, 51.82179696322558], [73.09213978777339, 51.83117357629014]]}, "properties": {"source": "17402723", "target": "12593671"}}, {"type": "Feature", "geometry": {"type": "LineString", "coordinates": [[73.00857774861899, 51.835213841274935], [73.00444981056461, 51.8141214735402]]}, "properties": {"source": "18039782", "target": "13244678"}}, {"type": "Feature", "geometry": {"type": "LineString", "coordinates": [[73.00857774861899, 51.835213841274935], [73.1015029477893, 51.820992062199096]]}, "properties": {"source": "18039782", "target": "16141563"}}, {"type": "Feature", "geometry": {"type": "LineString", "coordinates": [[73.01554151646522, 51.83666287075452], [73.01154658245224, 51.80263641291006]]}, "properties": {"source": "9748367", "target": "7934297"}}, {"type": "Feature", "geometry": {"type": "LineString", "coordinates": [[73.01554151646522, 51.83666287075452], [73.09276702784487, 51.82596314771709]]}, "properties": {"source": "9748367", "target": "9686566"}}, {"type": "Feature", "geometry": {"type": "LineString", "coordinates": [[73.01554151646522, 51.83666287075452], [73.04380069906821, 51.81043293570323]]}, "properties": {"source": "9748367", "target": "8577965"}}, {"type": "Feature", "geometry": {"type": "LineString", "coordinates": [[73.03459155732918, 51.81583053378043], [73.03019025915472, 51.804546484822126]]}, "properties": {"source": "25048218", "target": "25701031"}}, {"type": "Feature", "geometry": {"type": "LineString", "coordinates": [[73.05041436370408, 51.818245410533365], [72.99811286115647, 51.82720505182178]]}, "properties": {"source": "30094762", "target": "27259694"}}, {"type": "Feature", "geometry": {"type": "LineString", "coordinates": [[73.10873690538892, 51.82464213119795], [73.01170897324272, 51.830869103273784]]}, "properties": {"source": "26114589", "target": "26075727"}}, {"type": "Feature", "geometry": {"type": "LineString", "coordinates": [[73.01847129637915, 51.83814839336475], [73.01483619682568, 51.804076611433246]]}, "properties": {"source": "8963480", "target": "15852412"}}, {"type": "Feature", "geometry": {"type": "LineString", "coordinates": [[73.02651228134386, 51.80761811514648], [73.04247086260898, 51.80851385598244]]}, "properties": {"source": "13550239", "target": "23248866"}}, {"type": "Feature", "geometry": {"type": "LineString", "coordinates": [[73.02651228134386, 51.80761811514648], [73.0055007542932, 51.824396601284434]]}, "properties": {"source": "13550239", "target": "10031668"}}, {"type": "Feature", "geometry": {"type": "LineString", "coordinates": [[73.02746548343688, 51.835579158532084], [73.09907762327316, 51.808006988970035]]}, "properties": {"source": "13577581", "target": "17312688"}}, {"type": "Feature", "geometry": {"type": "LineString", "coordinates": [[73.09213978777339, 51.83117357629014], [73.00015701886431, 51.80228195473636]]}, "properties": {"source": "12593671", "target": "17252697"}}, {"type": "Feature", "geometry": {"type": "LineString", "coordinates": [[73.09667059619221, 51.80101166059613], [73.02835020756646, 51.832296521047866]]}, "properties": {"source": "32074210", "target": "29069967"}}, {"type": "Feature", "geometry": {"type": "LineString", "coordinates": [[73.02862499914158, 51.803312833161954], [73.03408046391732, 51.81598586382722]]}, "properties": {"source": "1571936", "target": "10720255"}}, {"type": "Feature", "geometry": {"type": "LineString", "coordinates": [[73.02831524393312, 51.81523218797982], [73.03728114848926, 51.80488267587664]]}, "properties": {"source": "2839628", "target": "29236748"}}, {"type": "Feature", "geometry": {"type": "LineString", "coordinates": [[73.0863102389167, 51.8234394222802], [73.09698806125618, 51.813036520978926]]}, "properties": {"source": "34847787", "target": "409799"}}, {"type": "Feature", "geometry": {"type": "LineString", "coordinates": [[73.0863102389167, 51.8234394222802], [73.08671048789154, 51.820956552896575]]}, "properties": {"source": "34847787", "target": "35181991"}}, {"type": "Feature", "geometry": {"type": "LineString", "coordinates": [[73.0863102389167, 51.8234394222802], [73.01698551204464, 51.80719272651939]]}, "properties": {"source": "34847787", "target": "29222561"}}, {"type": "Feature", "geometry": {"type": "LineString", "coordinates": [[73.0863102389167, 51.8234394222802], [73.07970920428943, 51.826991713706676]]}, "properties": {"source": "34847787", "target": "3985498"}}, {"type": "Feature", "geometry": {"type": "LineString", "coordinates": [[73.0863102389167, 51.8234394222802], [73.00125679826556, 51.83581612640744]]}, "properties": {"source": "34847787", "target": "31570473"}}, {"type": "Feature", "geometry": {"type": "LineString", "coordinates": [[73.0863102389167, 51.8234394222802], [73.09445001390984, 51.79975170464081]]}, "properties": {"source": "34847787", "target": "33777903"}}, {"type": "Feature", "geometry": {"type": "LineString", "coordinates": [[73.0863102389167, 51.8234394222802], [73.05875833381182, 51.82723635386631]]}, "properties": {"source": "34847787", "target": "17798537"}}, {"type": "Feature", "geometry": {"type": "LineString", "coordinates": [[73.0863102389167, 51.8234394222802], [73.02966332836951, 51.81309455822992]]}, "properties": {"source": "34847787", "target": "28480220"}}, {"type": "Feature", "geometry": {"type": "LineString", "coordinates": [[73.0863102389167, 51.8234394222802], [73.07970189928704, 51.813152319043084]]}, "properties": {"source": "34847787", "target": "20697757"}}, {"type": "Feature", "geometry": {"type": "LineString", "coordinates": [[73.0863102389167, 51.8234394222802], [73.01758852745718, 51.802796035216204]]}, "properties": {"source": "34847787", "target": "21896601"}}, {"type": "Feature", "geometry": {"type": "LineString", "coordinates": [[73.0863102389167, 51.8234394222802], [73.0067986808562, 51.800137189305616]]}, "properties": {"source": "34847787", "target": "29394912"}}, {"type": "Feature", "geometry": {"type": "LineString", "coordinates": [[73.0863102389167, 51.8234394222802], [73.07660971532528, 51.82548231421305]]}, "properties": {"source": "34847787", "target": "3390057"}}, {"type": "Feature", "geometry": {"type": "LineString", "coordinates": [[73.0863102389167, 51.8234394222802], [73.02588641550881, 51.80611005631184]]}, "properties": {"source": "34847787", "target": "297388"}}, {"type": "Feature", "geometry": {"type": "LineString", "coordinates": [[73.0863102389167, 51.8234394222802], [73.07807791282042, 51.820922147119106]]}, "properties": {"source": "34847787", "target": "9152130"}}, {"type": "Feature", "geometry": {"type": "LineString", "coordinates": [[73.0863102389167, 51.8234394222802], [73.10197077134416, 51.826054951399755]]}, "properties": {"source": "34847787", "target": "34611353"}}, {"type": "Feature", "geometry": {"type": "LineString", "coordinates": [[73.0863102389167, 51.8234394222802], [73.10745333605189, 51.814853817414644]]}, "properties": {"source": "34847787", "target": "29436482"}}, {"type": "Feature", "geometry": {"type": "LineString", "coordinates": [[73.05523660869798, 51.83750985686065], [73.06839761177989, 51.80052778303396]]}, "properties": {"source": "9734601", "target": "8776687"}}, {"type": "Feature", "geometry": {"type": "LineString", "coordinates": [[73.01402131889196, 51.82502975079424], [73.04177548243217, 51.83415535007788]]}, "properties": {"source": "28218608", "target": "30323481"}}, {"type": "Feature", "geometry": {"type": "LineString", "coordinates": [[73.01402131889196, 51.82502975079424], [73.0008255470591, 51.800059700019105]]}, "properties": {"source": "28218608", "target": "30323463"}}, {"type": "Feature", "geometry": {"type": "LineString", "coordinates": [[73.01402131889196, 51.82502975079424], [73.03136419427275, 51.811610840701874]]}, "properties": {"source": "28218608", "target": "29242989"}}, {"type": "Feature", "geometry": {"type": "LineString", "coordinates": [[73.01402131889196, 51.82502975079424], [73.0059044264994, 51.835182214354504]]}, "properties": {"source": "28218608", "target": "28097635"}}, {"type": "Feature", "geometry": {"type": "LineString", "coordinates": [[73.07910340751837, 51.81178303082167], [73.07853047620088, 51.81421893567074]]}, "properties": {"source": "1680933", "target": "22816088"}}, {"type": "Feature", "geometry": {"type": "LineString", "coordinates": [[73.07910340751837, 51.81178303082167], [73.03580507881645, 51.81769488304451]]}, "properties": {"source": "1680933", "target": "18742422"}}, {"type": "Feature", "geometry": {"type": "LineString", "coordinates": [[73.07910340751837, 51.81178303082167], [73.04472356812201, 51.81603197183492]]}, "properties": {"source": "1680933", "target": "16164522"}}, {"type": "Feature", "geometry": {"type": "LineString", "coordinates": [[73.07910340751837, 51.81178303082167], [73.0345612415775, 51.807876247176495]]}, "properties": {"source": "1680933", "target": "12911644"}}, {"type": "Feature", "geometry": {"type": "LineString", "coordinates": [[73.07910340751837, 51.81178303082167], [73.01578117812548, 51.80910328426263]]}, "properties": {"source": "1680933", "target": "10781779"}}, {"type": "Feature", "geometry": {"type": "LineString", "coordinates": [[73.0319104504145, 51.837013004782534], [73.04380069906821, 51.81043293570323]]}, "properties": {"source": "10442167", "target": "8577965"}}, {"type": "Feature", "geometry": {"type": "LineString", "coordinates": [[73.0319104504145, 51.837013004782534], [73.07853047620088, 51.81421893567074]]}, "properties": {"source": "10442167", "target": "22816088"}}, {"type": "Feature", "geometry": {"type": "LineString", "coordinates": [[73.0319104504145, 51.837013004782534], [73.08090898273932, 51.82180138354039]]}, "properties": {"source": "10442167", "target": "13451291"}}, {"type": "Feature", "geometry": {"type": "LineString", "coordinates": [[73.0319104504145, 51.837013004782534], [73.07706625181285, 51.83877876228483]]}, "properties": {"source": "10442167", "target": "15217490"}}, {"type": "Feature", "geometry": {"type": "LineString", "coordinates": [[73.0618591633953, 51.8125763255193], [73.07984210715742, 51.82297792498093]]}, "properties": {"source": "30047291", "target": "34505606"}}, {"type": "Feature", "geometry": {"type": "LineString", "coordinates": [[73.0319104504145, 51.837013004782534], [73.01554151646522, 51.83666287075452]]}, "properties": {"source": "10442167", "target": "9748367"}}, {"type": "Feature", "geometry": {"type": "LineString", "coordinates": [[73.06322059267725, 51.818829830182395], [73.08677749905968, 51.81328165410004]]}, "properties": {"source": "9251501", "target": "8714914"}}, {"type": "Feature", "geometry": {"type": "LineString", "coordinates": [[73.06322059267725, 51.818829830182395], [73.0702729485846, 51.814040446479794]]}, "properties": {"source": "9251501", "target": "18271064"}}, {"type": "Feature", "geometry": {"type": "LineString", "coordinates": [[73.06322059267725, 51.818829830182395], [73.1015029477893, 51.820992062199096]]}, "properties": {"source": "9251501", "target": "16141563"}}, {"type": "Feature", "geometry": {"type": "LineString", "coordinates": [[73.07658927427502, 51.822607267217904], [73.07496580404677, 51.831317354819674]]}, "properties": {"source": "11568713", "target": "36125570"}}, {"type": "Feature", "geometry": {"type": "LineString", "coordinates": [[73.07658927427502, 51.822607267217904], [73.08671048789154, 51.820956552896575]]}, "properties": {"source": "11568713", "target": "35181991"}}, {"type": "Feature", "geometry": {"type": "LineString", "coordinates": [[73.07658927427502, 51.822607267217904], [73.01698551204464, 51.80719272651939]]}, "properties": {"source": "11568713", "target": "29222561"}}, {"type": "Feature", "geometry": {"type": "LineString", "coordinates": [[73.07658927427502, 51.822607267217904], [72.9964994362229, 51.817686115654524]]}, "properties": {"source": "11568713", "target": "948304"}}, {"type": "Feature", "geometry": {"type": "LineString", "coordinates": [[73.07658927427502, 51.822607267217904], [73.0182222510488, 51.79934161073135]]}, "properties": {"source": "11568713", "target": "17338311"}}, {"type": "Feature", "geometry": {"type": "LineString", "coordinates": [[73.09381491444847, 51.82194862855489], [72.99763406920093, 51.82702866503065]]}, "properties": {"source": "12718767", "target": "4202513"}}, {"type": "Feature", "geometry": {"type": "LineString", "coordinates": [[73.09381491444847, 51.82194862855489], [73.0937948466347, 51.83818600415654]]}, "properties": {"source": "12718767", "target": "4184400"}}, {"type": "Feature", "geometry": {"type": "LineString", "coordinates": [[73.09381491444847, 51.82194862855489], [73.07067042223738, 51.82344236051536]]}, "properties": {"source": "12718767", "target": "2352358"}}, {"type": "Feature", "geometry": {"type": "LineString", "coordinates": [[73.09381491444847, 51.82194862855489], [73.05487743922146, 51.80504490536299]]}, "properties": {"source": "12718767", "target": "26836912"}}, {"type": "Feature", "geometry": {"type": "LineString", "coordinates": [[72.99697654739995, 51.80385592273166], [72.99763406920093, 51.82702866503065]]}, "properties": {"source": "10321026", "target": "4202513"}}, {"type": "Feature", "geometry": {"type": "LineString", "coordinates": [[72.99697654739995, 51.80385592273166], [73.0937948466347, 51.83818600415654]]}, "properties": {"source": "10321026", "target": "4184400"}}, {"type": "Feature", "geometry": {"type": "LineString", "coordinates": [[72.99697654739995, 51.80385592273166], [73.07067042223738, 51.82344236051536]]}, "properties": {"source": "10321026", "target": "2352358"}}, {"type": "Feature", "geometry": {"type": "LineString", "coordinates": [[72.99697654739995, 51.80385592273166], [73.05487743922146, 51.80504490536299]]}, "properties": {"source": "10321026", "target": "26836912"}}, {"type": "Feature", "geometry": {"type": "LineString", "coordinates": [[73.00376032516232, 51.805510145909], [73.01154658245224, 51.80263641291006]]}, "properties": {"source": "8100676", "target": "7934297"}}, {"type": "Feature", "geometry": {"type": "LineString", "coordinates": [[73.00376032516232, 51.805510145909], [73.09069492446352, 51.83803981048598]]}, "properties": {"source": "8100676", "target": "7934296"}}, {"type": "Feature", "geometry": {"type": "LineString", "coordinates": [[73.00376032516232, 51.805510145909], [73.09606335917047, 51.83719680068519]]}, "properties": {"source": "8100676", "target": "7935023"}}, {"type": "Feature", "geometry": {"type": "LineString", "coordinates": [[73.00376032516232, 51.805510145909], [73.0948514260972, 51.814742154146785]]}, "properties": {"source": "8100676", "target": "8504174"}}, {"type": "Feature", "geometry": {"type": "LineString", "coordinates": [[73.00376032516232, 51.805510145909], [73.0220407078063, 51.83254289031247]]}, "properties": {"source": "8100676", "target": "8528796"}}, {"type": "Feature", "geometry": {"type": "LineString", "coordinates": [[73.00376032516232, 51.805510145909], [73.00444981056461, 51.8141214735402]]}, "properties": {"source": "8100676", "target": "13244678"}}, {"type": "Feature", "geometry": {"type": "LineString", "coordinates": [[73.00376032516232, 51.805510145909], [73.113405271098, 51.804416096900596]]}, "properties": {"source": "8100676", "target": "5717970"}}, {"type": "Feature", "geometry": {"type": "LineString", "coordinates": [[73.10681024049916, 51.812991916124076], [73.07198361871656, 51.82426182605872]]}, "properties": {"source": "2061335", "target": "2325855"}}, {"type": "Feature", "geometry": {"type": "LineString", "coordinates": [[73.10681024049916, 51.812991916124076], [73.08075179149282, 51.81721980013779]]}, "properties": {"source": "2061335", "target": "16006346"}}, {"type": "Feature", "geometry": {"type": "LineString", "coordinates": [[73.10681024049916, 51.812991916124076], [73.00030427134337, 51.82406240399534]]}, "properties": {"source": "2061335", "target": "17375095"}}, {"type": "Feature", "geometry": {"type": "LineString", "coordinates": [[73.10681024049916, 51.812991916124076], [73.0653148411738, 51.83284058962161]]}, "properties": {"source": "2061335", "target": "30168293"}}, {"type": "Feature", "geometry": {"type": "LineString", "coordinates": [[73.10681024049916, 51.812991916124076], [73.045830451829, 51.82965075857581]]}, "properties": {"source": "2061335", "target": "12207539"}}, {"type": "Feature", "geometry": {"type": "LineString", "coordinates": [[73.10681024049916, 51.812991916124076], [73.0282153061462, 51.81186700652556]]}, "properties": {"source": "2061335", "target": "17727347"}}, {"type": "Feature", "geometry": {"type": "LineString", "coordinates": [[73.10681024049916, 51.812991916124076], [73.03657783269759, 51.835509604143695]]}, "properties": {"source": "2061335", "target": "11545908"}}, {"type": "Feature", "geometry": {"type": "LineString", "coordinates": [[73.0729226523056, 51.81465959179127], [73.05882508382783, 51.79992613008655]]}, "properties": {"source": "930763", "target": "902854"}}, {"type": "Feature", "geometry": {"type": "LineString", "coordinates": [[73.0729226523056, 51.81465959179127], [73.09276702784487, 51.82596314771709]]}, "properties": {"source": "930763", "target": "9686566"}}, {"type": "Feature", "geometry": {"type": "LineString", "coordinates": [[73.07984210715742, 51.82297792498093], [73.098333913175, 51.83392465912297]]}, "properties": {"source": "34505606", "target": "429955"}}, {"type": "Feature", "geometry": {"type": "LineString", "coordinates": [[73.07984210715742, 51.82297792498093], [73.03849826744829, 51.821503928620345]]}, "properties": {"source": "34505606", "target": "20405485"}}, {"type": "Feature", "geometry": {"type": "LineString", "coordinates": [[73.07984210715742, 51.82297792498093], [73.04166046421003, 51.80053064293388]]}, "properties": {"source": "34505606", "target": "16225586"}}, {"type": "Feature", "geometry": {"type": "LineString", "coordinates": [[73.00294198997256, 51.82654478351698], [73.09698806125618, 51.813036520978926]]}, "properties": {"source": "30356671", "target": "409799"}}, {"type": "Feature", "geometry": {"type": "LineString", "coordinates": [[73.00294198997256, 51.82654478351698], [72.99763406920093, 51.82702866503065]]}, "properties": {"source": "30356671", "target": "4202513"}}, {"type": "Feature", "geometry": {"type": "LineString", "coordinates": [[73.00294198997256, 51.82654478351698], [73.0937948466347, 51.83818600415654]]}, "properties": {"source": "30356671", "target": "4184400"}}, {"type": "Feature", "geometry": {"type": "LineString", "coordinates": [[73.00294198997256, 51.82654478351698], [73.07067042223738, 51.82344236051536]]}, "properties": {"source": "30356671", "target": "2352358"}}, {"type": "Feature", "geometry": {"type": "LineString", "coordinates": [[73.00294198997256, 51.82654478351698], [73.05487743922146, 51.80504490536299]]}, "properties": {"source": "30356671", "target": "26836912"}}, {"type": "Feature", "geometry": {"type": "LineString", "coordinates": [[73.00294198997256, 51.82654478351698], [73.07761090404338, 51.82950243412586]]}, "properties": {"source": "30356671", "target": "3765016"}}, {"type": "Feature", "geometry": {"type": "LineString", "coordinates": [[73.00294198997256, 51.82654478351698], [73.0510793675191, 51.83398606934095]]}, "properties": {"source": "30356671", "target": "24552896"}}, {"type": "Feature", "geometry": {"type": "LineString", "coordinates": [[73.00294198997256, 51.82654478351698], [73.07174525596386, 51.81836688632333]]}, "properties": {"source": "30356671", "target": "3387770"}}, {"type": "Feature", "geometry": {"type": "LineString", "coordinates": [[73.00294198997256, 51.82654478351698], [73.00779924282716, 51.83224120729743]]}, "properties": {"source": "30356671", "target": "16125391"}}, {"type": "Feature", "geometry": {"type": "LineString", "coordinates": [[73.0244252921274, 51.808825293600236], [72.99763406920093, 51.82702866503065]]}, "properties": {"source": "6391108", "target": "4202513"}}, {"type": "Feature", "geometry": {"type": "LineString", "coordinates": [[73.0244252921274, 51.808825293600236], [73.0937948466347, 51.83818600415654]]}, "properties": {"source": "6391108", "target": "4184400"}}, {"type": "Feature", "geometry": {"type": "LineString", "coordinates": [[73.0244252921274, 51.808825293600236], [73.07173513107321, 51.82275961630097]]}, "properties": {"source": "6391108", "target": "479577"}}, {"type": "Feature", "geometry": {"type": "LineString", "coordinates": [[73.0244252921274, 51.808825293600236], [73.05882508382783, 51.79992613008655]]}, "properties": {"source": "6391108", "target": "902854"}}, {"type": "Feature", "geometry": {"type": "LineString", "coordinates": [[73.10143334936356, 51.822475299281436], [73.10701157934886, 51.81882482264889]]}, "properties": {"source": "8161216", "target": "17131082"}}, {"type": "Feature", "geometry": {"type": "LineString", "coordinates": [[73.10143334936356, 51.822475299281436], [73.04675310077533, 51.813892326080065]]}, "properties": {"source": "8161216", "target": "16141555"}}, {"type": "Feature", "geometry": {"type": "LineString", "coordinates": [[73.10143334936356, 51.822475299281436], [73.04070843544415, 51.83333082343049]]}, "properties": {"source": "8161216", "target": "13449378"}}, {"type": "Feature", "geometry": {"type": "LineString", "coordinates": [[73.10143334936356, 51.822475299281436], [73.11257075899809, 51.805832554410415]]}, "properties": {"source": "8161216", "target": "7906880"}}, {"type": "Feature", "geometry": {"type": "LineString", "coordinates": [[73.1063010865688, 51.80909239892814], [73.0463212721273, 51.8230340415452]]}, "properties": {"source": "23007722", "target": "20909943"}}, {"type": "Feature", "geometry": {"type": "LineString", "coordinates": [[73.1063010865688, 51.80909239892814], [73.04793420723243, 51.82154350665108]]}, "properties": {"source": "23007722", "target": "18811755"}}, {"type": "Feature", "geometry": {"type": "LineString", "coordinates": [[73.1063010865688, 51.80909239892814], [73.09934559144514, 51.80864387718022]]}, "properties": {"source": "23007722", "target": "12340431"}}, {"type": "Feature", "geometry": {"type": "LineString", "coordinates": [[73.1063010865688, 51.80909239892814], [73.10514576306724, 51.83298388949579]]}, "properties": {"source": "23007722", "target": "18712162"}}, {"type": "Feature", "geometry": {"type": "LineString", "coordinates": [[73.1063010865688, 51.80909239892814], [73.00468118447617, 51.80868645218939]]}, "properties": {"source": "23007722", "target": "24323495"}}, {"type": "Feature", "geometry": {"type": "LineString", "coordinates": [[73.1063010865688, 51.80909239892814], [73.07765286005198, 51.819333403093665]]}, "properties": {"source": "23007722", "target": "2637133"}}, {"type": "Feature", "geometry": {"type": "LineString", "coordinates": [[73.1063010865688, 51.80909239892814], [73.05327013941988, 51.83143978711348]]}, "properties": {"source": "23007722", "target": "21529671"}}, {"type": "Feature", "geometry": {"type": "LineString", "coordinates": [[73.1063010865688, 51.80909239892814], [73.02776698499349, 51.81229487436333]]}, "properties": {"source": "23007722", "target": "24323350"}}, {"type": "Feature", "geometry": {"type": "LineString", "coordinates": [[73.1063010865688, 51.80909239892814], [73.11450156146287, 51.82002026367954]]}, "properties": {"source": "23007722", "target": "2338814"}}, {"type": "Feature", "geometry": {"type": "LineString", "coordinates": [[73.1063010865688, 51.80909239892814], [73.03526416520185, 51.836933044100505]]}, "properties": {"source": "23007722", "target": "2521851"}}, {"type": "Feature", "geometry": {"type": "LineString", "coordinates": [[73.00468118447617, 51.80868645218939], [73.04577572247749, 51.823837751694285]]}, "properties": {"source": "24323495", "target": "24548167"}}, {"type": "Feature", "geometry": {"type": "LineString", "coordinates": [[73.00468118447617, 51.80868645218939], [73.05669654677328, 51.81490631374871]]}, "properties": {"source": "24323495", "target": "24548177"}}, {"type": "Feature", "geometry": {"type": "LineString", "coordinates": [[73.10339306138891, 51.83868699525007], [73.0863102389167, 51.8234394222802]]}, "properties": {"source": "36213992", "target": "34847787"}}, {"type": "Feature", "geometry": {"type": "LineString", "coordinates": [[73.10339306138891, 51.83868699525007], [73.07496580404677, 51.831317354819674]]}, "properties": {"source": "36213992", "target": "36125570"}}, {"type": "Feature", "geometry": {"type": "LineString", "coordinates": [[73.10339306138891, 51.83868699525007], [73.09698806125618, 51.813036520978926]]}, "properties": {"source": "36213992", "target": "409799"}}, {"type": "Feature", "geometry": {"type": "LineString", "coordinates": [[73.10339306138891, 51.83868699525007], [73.08671048789154, 51.820956552896575]]}, "properties": {"source": "36213992", "target": "35181991"}}, {"type": "Feature", "geometry": {"type": "LineString", "coordinates": [[73.10339306138891, 51.83868699525007], [73.06622152075133, 51.83363856034478]]}, "properties": {"source": "36213992", "target": "36286400"}}, {"type": "Feature", "geometry": {"type": "LineString", "coordinates": [[73.10339306138891, 51.83868699525007], [73.07970920428943, 51.826991713706676]]}, "properties": {"source": "36213992", "target": "3985498"}}, {"type": "Feature", "geometry": {"type": "LineString", "coordinates": [[73.10339306138891, 51.83868699525007], [73.07984210715742, 51.82297792498093]]}, "properties": {"source": "36213992", "target": "34505606"}}, {"type": "Feature", "geometry": {"type": "LineString", "coordinates": [[73.10339306138891, 51.83868699525007], [73.00125679826556, 51.83581612640744]]}, "properties": {"source": "36213992", "target": "31570473"}}, {"type": "Feature", "geometry": {"type": "LineString", "coordinates": [[73.10339306138891, 51.83868699525007], [73.07545604214349, 51.80101818865964]]}, "properties": {"source": "36213992", "target": "409804"}}, {"type": "Feature", "geometry": {"type": "LineString", "coordinates": [[73.10339306138891, 51.83868699525007], [73.09445001390984, 51.79975170464081]]}, "properties": {"source": "36213992", "target": "33777903"}}, {"type": "Feature", "geometry": {"type": "LineString", "coordinates": [[73.10339306138891, 51.83868699525007], [73.07660971532528, 51.82548231421305]]}, "properties": {"source": "36213992", "target": "3390057"}}, {"type": "Feature", "geometry": {"type": "LineString", "coordinates": [[73.10339306138891, 51.83868699525007], [73.04867622266207, 51.819545354554606]]}, "properties": {"source": "36213992", "target": "30520932"}}, {"type": "Feature", "geometry": {"type": "LineString", "coordinates": [[73.10339306138891, 51.83868699525007], [73.02588641550881, 51.80611005631184]]}, "properties": {"source": "36213992", "target": "297388"}}, {"type": "Feature", "geometry": {"type": "LineString", "coordinates": [[73.10339306138891, 51.83868699525007], [73.04688565114293, 51.801147847584346]]}, "properties": {"source": "36213992", "target": "126302"}}, {"type": "Feature", "geometry": {"type": "LineString", "coordinates": [[73.10339306138891, 51.83868699525007], [73.10197077134416, 51.826054951399755]]}, "properties": {"source": "36213992", "target": "34611353"}}, {"type": "Feature", "geometry": {"type": "LineString", "coordinates": [[73.10339306138891, 51.83868699525007], [73.10745333605189, 51.814853817414644]]}, "properties": {"source": "36213992", "target": "29436482"}}, {"type": "Feature", "geometry": {"type": "LineString", "coordinates": [[73.07373391973175, 51.836875299405676], [73.08066176141355, 51.81742825673007]]}, "properties": {"source": "21459207", "target": "17999567"}}, {"type": "Feature", "geometry": {"type": "LineString", "coordinates": [[73.0739208238771, 51.80345288743081], [73.00481032825837, 51.83281518890732]]}, "properties": {"source": "19432037", "target": "25364850"}}, {"type": "Feature", "geometry": {"type": "LineString", "coordinates": [[73.0739208238771, 51.80345288743081], [73.00797902155412, 51.83540296304871]]}, "properties": {"source": "19432037", "target": "23335584"}}, {"type": "Feature", "geometry": {"type": "LineString", "coordinates": [[73.0739208238771, 51.80345288743081], [73.08872752115352, 51.81315207638448]]}, "properties": {"source": "19432037", "target": "20869611"}}, {"type": "Feature", "geometry": {"type": "LineString", "coordinates": [[73.07214555933749, 51.80778385758805], [73.05882508382783, 51.79992613008655]]}, "properties": {"source": "10609", "target": "902854"}}, {"type": "Feature", "geometry": {"type": "LineString", "coordinates": [[73.05883186758504, 51.82703305086815], [73.01758852745718, 51.802796035216204]]}, "properties": {"source": "19006037", "target": "21896601"}}, {"type": "Feature", "geometry": {"type": "LineString", "coordinates": [[73.05883186758504, 51.82703305086815], [73.01389782401219, 51.81030068032091]]}, "properties": {"source": "19006037", "target": "22038044"}}, {"type": "Feature", "geometry": {"type": "LineString", "coordinates": [[73.05883186758504, 51.82703305086815], [73.09638580627347, 51.80980818886319]]}, "properties": {"source": "19006037", "target": "18191372"}}, {"type": "Feature", "geometry": {"type": "LineString", "coordinates": [[73.05883186758504, 51.82703305086815], [73.00582127645166, 51.82319533359514]]}, "properties": {"source": "19006037", "target": "13625962"}}, {"type": "Feature", "geometry": {"type": "LineString", "coordinates": [[73.05883186758504, 51.82703305086815], [73.02237099231365, 51.81819440313362]]}, "properties": {"source": "19006037", "target": "18218121"}}, {"type": "Feature", "geometry": {"type": "LineString", "coordinates": [[73.05883186758504, 51.82703305086815], [73.00058588899515, 51.81621768404425]]}, "properties": {"source": "19006037", "target": "18521558"}}, {"type": "Feature", "geometry": {"type": "LineString", "coordinates": [[73.1135546457881, 51.8065835849349], [73.07970189928704, 51.813152319043084]]}, "properties": {"source": "19084959", "target": "20697757"}}, {"type": "Feature", "geometry": {"type": "LineString", "coordinates": [[73.1135546457881, 51.8065835849349], [73.04247086260898, 51.80851385598244]]}, "properties": {"source": "19084959", "target": "23248866"}}, {"type": "Feature", "geometry": {"type": "LineString", "coordinates": [[73.1135546457881, 51.8065835849349], [73.01758852745718, 51.802796035216204]]}, "properties": {"source": "19084959", "target": "21896601"}}, {"type": "Feature", "geometry": {"type": "LineString", "coordinates": [[73.1135546457881, 51.8065835849349], [73.01389782401219, 51.81030068032091]]}, "properties": {"source": "19084959", "target": "22038044"}}, {"type": "Feature", "geometry": {"type": "LineString", "coordinates": [[73.1135546457881, 51.8065835849349], [73.0886520040685, 51.83644429148799]]}, "properties": {"source": "19084959", "target": "19185440"}}, {"type": "Feature", "geometry": {"type": "LineString", "coordinates": [[72.99826636356761, 51.812223625480044], [73.03380560390286, 51.818350598236435]]}, "properties": {"source": "6568801", "target": "21825673"}}, {"type": "Feature", "geometry": {"type": "LineString", "coordinates": [[72.99826636356761, 51.812223625480044], [73.01018617467662, 51.82293867183196]]}, "properties": {"source": "6568801", "target": "25686563"}}, {"type": "Feature", "geometry": {"type": "LineString", "coordinates": [[72.99826636356761, 51.812223625480044], [73.09396160859629, 51.82219274077879]]}, "properties": {"source": "6568801", "target": "23403267"}}, {"type": "Feature", "geometry": {"type": "LineString", "coordinates": [[72.99826636356761, 51.812223625480044], [72.99711018502589, 51.81483763339703]]}, "properties": {"source": "6568801", "target": "15749863"}}, {"type": "Feature", "geometry": {"type": "LineString", "coordinates": [[72.99826636356761, 51.812223625480044], [72.99915555906193, 51.81240163385719]]}, "properties": {"source": "6568801", "target": "22064268"}}, {"type": "Feature", "geometry": {"type": "LineString", "coordinates": [[72.99826636356761, 51.812223625480044], [73.07449835395494, 51.812539870310644]]}, "properties": {"source": "6568801", "target": "6391136"}}, {"type": "Feature", "geometry": {"type": "LineString", "coordinates": [[72.9964994362229, 51.817686115654524], [73.01395305869332, 51.8146358532007]]}, "properties": {"source": "948304", "target": "99500"}}, {"type": "Feature", "geometry": {"type": "LineString", "coordinates": [[72.9964994362229, 51.817686115654524], [73.02441828483597, 51.8361901348696]]}, "properties": {"source": "948304", "target": "13066821"}}, {"type": "Feature", "geometry": {"type": "LineString", "coordinates": [[72.9964994362229, 51.817686115654524], [73.06376176880116, 51.82001739737608]]}, "properties": {"source": "948304", "target": "776302"}}, {"type": "Feature", "geometry": {"type": "LineString", "coordinates": [[72.9964994362229, 51.817686115654524], [73.09350720479708, 51.819546759276236]]}, "properties": {"source": "948304", "target": "7872926"}}, {"type": "Feature", "geometry": {"type": "LineString", "coordinates": [[72.9964994362229, 51.817686115654524], [73.02990926888583, 51.81168699003668]]}, "properties": {"source": "948304", "target": "7302943"}}, {"type": "Feature", "geometry": {"type": "LineString", "coordinates": [[73.0948514260972, 51.814742154146785], [73.05726132531692, 51.83718924305049]]}, "properties": {"source": "8504174", "target": "7430094"}}, {"type": "Feature", "geometry": {"type": "LineString", "coordinates": [[73.0948514260972, 51.814742154146785], [73.07307960047171, 51.79990927165362]]}, "properties": {"source": "8504174", "target": "5536441"}}, {"type": "Feature", "geometry": {"type": "LineString", "coordinates": [[73.06328485004764, 51.81204999578355], [73.11213420372883, 51.80828903188538]]}, "properties": {"source": "4943401", "target": "8714958"}}, {"type": "Feature", "geometry": {"type": "LineString", "coordinates": [[73.06328485004764, 51.81204999578355], [73.06839761177989, 51.80052778303396]]}, "properties": {"source": "4943401", "target": "8776687"}}, {"type": "Feature", "geometry": {"type": "LineString", "coordinates": [[73.06328485004764, 51.81204999578355], [73.04312539549798, 51.822660420363775]]}, "properties": {"source": "4943401", "target": "6432863"}}, {"type": "Feature", "geometry": {"type": "LineString", "coordinates": [[73.03228261118531, 51.837804457905335], [73.06622152075133, 51.83363856034478]]}, "properties": {"source": "6122080", "target": "36286400"}}, {"type": "Feature", "geometry": {"type": "LineString", "coordinates": [[73.03228261118531, 51.837804457905335], [73.09458576522661, 51.82871789673665]]}, "properties": {"source": "6122080", "target": "6607187"}}, {"type": "Feature", "geometry": {"type": "LineString", "coordinates": [[73.03228261118531, 51.837804457905335], [73.024710850659, 51.81089676243967]]}, "properties": {"source": "6122080", "target": "6607188"}}, {"type": "Feature", "geometry": {"type": "LineString", "coordinates": [[73.03228261118531, 51.837804457905335], [73.07970920428943, 51.826991713706676]]}, "properties": {"source": "6122080", "target": "3985498"}}, {"type": "Feature", "geometry": {"type": "LineString", "coordinates": [[73.03228261118531, 51.837804457905335], [73.113405271098, 51.804416096900596]]}, "properties": {"source": "6122080", "target": "5717970"}}, {"type": "Feature", "geometry": {"type": "LineString", "coordinates": [[73.0594837504014, 51.80045898395652], [73.05882508382783, 51.79992613008655]]}, "properties": {"source": "8535271", "target": "902854"}}, {"type": "Feature", "geometry": {"type": "LineString", "coordinates": [[73.0594837504014, 51.80045898395652], [72.9964994362229, 51.817686115654524]]}, "properties": {"source": "8535271", "target": "948304"}}, {"type": "Feature", "geometry": {"type": "LineString", "coordinates": [[73.0594837504014, 51.80045898395652], [73.09276702784487, 51.82596314771709]]}, "properties": {"source": "8535271", "target": "9686566"}}, {"type": "Feature", "geometry": {"type": "LineString", "coordinates": [[73.0594837504014, 51.80045898395652], [73.0843315767687, 51.82933560408877]]}, "properties": {"source": "8535271", "target": "8526892"}}, {"type": "Feature", "geometry": {"type": "LineString", "coordinates": [[73.0594837504014, 51.80045898395652], [73.00679065759451, 51.8307852950568]]}, "properties": {"source": "8535271", "target": "8475417"}}, {"type": "Feature", "geometry": {"type": "LineString", "coordinates": [[73.0594837504014, 51.80045898395652], [73.08850764296804, 51.80238001979026]]}, "properties": {"source": "8535271", "target": "6660139"}}, {"type": "Feature", "geometry": {"type": "LineString", "coordinates": [[73.0594837504014, 51.80045898395652], [73.03692778897081, 51.80229005749919]]}, "properties": {"source": "8535271", "target": "902992"}}, {"type": "Feature", "geometry": {"type": "LineString", "coordinates": [[73.07358862429783, 51.80871216158836], [72.99763406920093, 51.82702866503065]]}, "properties": {"source": "16133125", "target": "4202513"}}, {"type": "Feature", "geometry": {"type": "LineString", "coordinates": [[73.07358862429783, 51.80871216158836], [73.0937948466347, 51.83818600415654]]}, "properties": {"source": "16133125", "target": "4184400"}}, {"type": "Feature", "geometry": {"type": "LineString", "coordinates": [[73.03228261118531, 51.837804457905335], [73.07282253544392, 51.799655859356264]]}, "properties": {"source": "6122080", "target": "5967419"}}, {"type": "Feature", "geometry": {"type": "LineString", "coordinates": [[73.03228261118531, 51.837804457905335], [73.10908647222055, 51.828625007889116]]}, "properties": {"source": "6122080", "target": "601415"}}, {"type": "Feature", "geometry": {"type": "LineString", "coordinates": [[73.00468118447617, 51.80868645218939], [73.08386560230625, 51.83784263863177]]}, "properties": {"source": "24323495", "target": "25748174"}}, {"type": "Feature", "geometry": {"type": "LineString", "coordinates": [[73.00468118447617, 51.80868645218939], [73.00481032825837, 51.83281518890732]]}, "properties": {"source": "24323495", "target": "25364850"}}, {"type": "Feature", "geometry": {"type": "LineString", "coordinates": [[73.00468118447617, 51.80868645218939], [73.05327013941988, 51.83143978711348]]}, "properties": {"source": "24323495", "target": "21529671"}}, {"type": "Feature", "geometry": {"type": "LineString", "coordinates": [[73.00468118447617, 51.80868645218939], [73.09292180447827, 51.835927827873064]]}, "properties": {"source": "24323495", "target": "22064295"}}, {"type": "Feature", "geometry": {"type": "LineString", "coordinates": [[73.00468118447617, 51.80868645218939], [73.0960620793548, 51.81837710750237]]}, "properties": {"source": "24323495", "target": "24894002"}}, {"type": "Feature", "geometry": {"type": "LineString", "coordinates": [[73.00468118447617, 51.80868645218939], [72.99915555906193, 51.81240163385719]]}, "properties": {"source": "24323495", "target": "22064268"}}, {"type": "Feature", "geometry": {"type": "LineString", "coordinates": [[73.00468118447617, 51.80868645218939], [73.02329456786092, 51.806440057267025]]}, "properties": {"source": "24323495", "target": "17830619"}}, {"type": "Feature", "geometry": {"type": "LineString", "coordinates": [[73.10664904273881, 51.82272168925404], [73.0863102389167, 51.8234394222802]]}, "properties": {"source": "5575437", "target": "34847787"}}, {"type": "Feature", "geometry": {"type": "LineString", "coordinates": [[73.10664904273881, 51.82272168925404], [73.0902366161404, 51.82331781756291]]}, "properties": {"source": "5575437", "target": "35882763"}}, {"type": "Feature", "geometry": {"type": "LineString", "coordinates": [[73.10664904273881, 51.82272168925404], [73.07496580404677, 51.831317354819674]]}, "properties": {"source": "5575437", "target": "36125570"}}, {"type": "Feature", "geometry": {"type": "LineString", "coordinates": [[73.10664904273881, 51.82272168925404], [73.08671048789154, 51.820956552896575]]}, "properties": {"source": "5575437", "target": "35181991"}}, {"type": "Feature", "geometry": {"type": "LineString", "coordinates": [[73.10664904273881, 51.82272168925404], [73.06622152075133, 51.83363856034478]]}, "properties": {"source": "5575437", "target": "36286400"}}, {"type": "Feature", "geometry": {"type": "LineString", "coordinates": [[73.10664904273881, 51.82272168925404], [73.10339306138891, 51.83868699525007]]}, "properties": {"source": "5575437", "target": "36213992"}}, {"type": "Feature", "geometry": {"type": "LineString", "coordinates": [[73.10664904273881, 51.82272168925404], [73.07970920428943, 51.826991713706676]]}, "properties": {"source": "5575437", "target": "3985498"}}, {"type": "Feature", "geometry": {"type": "LineString", "coordinates": [[73.10664904273881, 51.82272168925404], [73.10104068245633, 51.81538809358257]]}, "properties": {"source": "5575437", "target": "433717"}}, {"type": "Feature", "geometry": {"type": "LineString", "coordinates": [[73.10664904273881, 51.82272168925404], [73.10197077134416, 51.826054951399755]]}, "properties": {"source": "5575437", "target": "34611353"}}, {"type": "Feature", "geometry": {"type": "LineString", "coordinates": [[73.08731159737488, 51.81105888546509], [73.01057096939886, 51.818852977319466]]}, "properties": {"source": "29957466", "target": "4416807"}}, {"type": "Feature", "geometry": {"type": "LineString", "coordinates": [[73.08731159737488, 51.81105888546509], [73.10113361767455, 51.816704485836965]]}, "properties": {"source": "29957466", "target": "27858175"}}, {"type": "Feature", "geometry": {"type": "LineString", "coordinates": [[73.08731159737488, 51.81105888546509], [73.03149977823117, 51.83238577793952]]}, "properties": {"source": "29957466", "target": "26165470"}}, {"type": "Feature", "geometry": {"type": "LineString", "coordinates": [[73.08731159737488, 51.81105888546509], [73.05792316815288, 51.81124898898355]]}, "properties": {"source": "29957466", "target": "6413631"}}, {"type": "Feature", "geometry": {"type": "LineString", "coordinates": [[73.08731159737488, 51.81105888546509], [73.01050774221301, 51.82946290756249]]}, "properties": {"source": "29957466", "target": "24073935"}}, {"type": "Feature", "geometry": {"type": "LineString", "coordinates": [[73.0897702443589, 51.81511202209532], [73.01121641401065, 51.835028619087325]]}, "properties": {"source": "73653", "target": "8181251"}}, {"type": "Feature", "geometry": {"type": "LineString", "coordinates": [[73.0897702443589, 51.81511202209532], [73.08955972594137, 51.81407721093653]]}, "properties": {"source": "73653", "target": "8719673"}}, {"type": "Feature", "geometry": {"type": "LineString", "coordinates": [[73.0897702443589, 51.81511202209532], [73.07853047620088, 51.81421893567074]]}, "properties": {"source": "73653", "target": "22816088"}}, {"type": "Feature", "geometry": {"type": "LineString", "coordinates": [[73.0897702443589, 51.81511202209532], [73.02299373536988, 51.80130658902054]]}, "properties": {"source": "73653", "target": "9508129"}}, {"type": "Feature", "geometry": {"type": "LineString", "coordinates": [[73.0897702443589, 51.81511202209532], [73.03580507881645, 51.81769488304451]]}, "properties": {"source": "73653", "target": "18742422"}}, {"type": "Feature", "geometry": {"type": "LineString", "coordinates": [[73.0897702443589, 51.81511202209532], [73.0220407078063, 51.83254289031247]]}, "properties": {"source": "73653", "target": "8528796"}}, {"type": "Feature", "geometry": {"type": "LineString", "coordinates": [[73.0897702443589, 51.81511202209532], [73.06252499852684, 51.837605267476334]]}, "properties": {"source": "73653", "target": "6553116"}}, {"type": "Feature", "geometry": {"type": "LineString", "coordinates": [[73.0897702443589, 51.81511202209532], [73.09752519426658, 51.8313978964259]]}, "properties": {"source": "73653", "target": "866119"}}, {"type": "Feature", "geometry": {"type": "LineString", "coordinates": [[73.0897702443589, 51.81511202209532], [73.04472356812201, 51.81603197183492]]}, "properties": {"source": "73653", "target": "16164522"}}, {"type": "Feature", "geometry": {"type": "LineString", "coordinates": [[73.0897702443589, 51.81511202209532], [73.01942790363688, 51.83087806059848]]}, "properties": {"source": "73653", "target": "833985"}}, {"type": "Feature", "geometry": {"type": "LineString", "coordinates": [[73.0897702443589, 51.81511202209532], [73.03562997743077, 51.80506499681657]]}, "properties": {"source": "73653", "target": "68439"}}, {"type": "Feature", "geometry": {"type": "LineString", "coordinates": [[73.01660742396271, 51.837704718177434], [73.07496580404677, 51.831317354819674]]}, "properties": {"source": "32990976", "target": "36125570"}}, {"type": "Feature", "geometry": {"type": "LineString", "coordinates": [[73.01660742396271, 51.837704718177434], [73.08671048789154, 51.820956552896575]]}, "properties": {"source": "32990976", "target": "35181991"}}, {"type": "Feature", "geometry": {"type": "LineString", "coordinates": [[73.01660742396271, 51.837704718177434], [73.06622152075133, 51.83363856034478]]}, "properties": {"source": "32990976", "target": "36286400"}}, {"type": "Feature", "geometry": {"type": "LineString", "coordinates": [[73.01660742396271, 51.837704718177434], [73.10339306138891, 51.83868699525007]]}, "properties": {"source": "32990976", "target": "36213992"}}, {"type": "Feature", "geometry": {"type": "LineString", "coordinates": [[73.01660742396271, 51.837704718177434], [73.01698551204464, 51.80719272651939]]}, "properties": {"source": "32990976", "target": "29222561"}}, {"type": "Feature", "geometry": {"type": "LineString", "coordinates": [[73.01660742396271, 51.837704718177434], [73.00125679826556, 51.83581612640744]]}, "properties": {"source": "32990976", "target": "31570473"}}, {"type": "Feature", "geometry": {"type": "LineString", "coordinates": [[73.01660742396271, 51.837704718177434], [73.08386560230625, 51.83784263863177]]}, "properties": {"source": "32990976", "target": "25748174"}}, {"type": "Feature", "geometry": {"type": "LineString", "coordinates": [[73.01660742396271, 51.837704718177434], [73.09445001390984, 51.79975170464081]]}, "properties": {"source": "32990976", "target": "33777903"}}, {"type": "Feature", "geometry": {"type": "LineString", "coordinates": [[73.01660742396271, 51.837704718177434], [73.09350720479708, 51.819546759276236]]}, "properties": {"source": "32990976", "target": "7872926"}}, {"type": "Feature", "geometry": {"type": "LineString", "coordinates": [[73.01660742396271, 51.837704718177434], [73.00902558587404, 51.812894651766314]]}, "properties": {"source": "32990976", "target": "3231448"}}, {"type": "Feature", "geometry": {"type": "LineString", "coordinates": [[73.05883186758504, 51.82703305086815], [73.07970189928704, 51.813152319043084]]}, "properties": {"source": "19006037", "target": "20697757"}}, {"type": "Feature", "geometry": {"type": "LineString", "coordinates": [[73.05883186758504, 51.82703305086815], [73.1135546457881, 51.8065835849349]]}, "properties": {"source": "19006037", "target": "19084959"}}, {"type": "Feature", "geometry": {"type": "LineString", "coordinates": [[73.05883186758504, 51.82703305086815], [73.04247086260898, 51.80851385598244]]}, "properties": {"source": "19006037", "target": "23248866"}}, {"type": "Feature", "geometry": {"type": "LineString", "coordinates": [[73.05883186758504, 51.82703305086815], [73.01587020212907, 51.82973546330399]]}, "properties": {"source": "19006037", "target": "18624184"}}, {"type": "Feature", "geometry": {"type": "LineString", "coordinates": [[73.01660742396271, 51.837704718177434], [73.10197077134416, 51.826054951399755]]}, "properties": {"source": "32990976", "target": "34611353"}}, {"type": "Feature", "geometry": {"type": "LineString", "coordinates": [[73.05883186758504, 51.82703305086815], [73.0886520040685, 51.83644429148799]]}, "properties": {"source": "19006037", "target": "19185440"}}, {"type": "Feature", "geometry": {"type": "LineString", "coordinates": [[73.06569094040739, 51.821121772857154], [73.01324086751589, 51.801410060298934]]}, "properties": {"source": "28487182", "target": "29662504"}}, {"type": "Feature", "geometry": {"type": "LineString", "coordinates": [[73.06569094040739, 51.821121772857154], [73.00668897914764, 51.802775713934594]]}, "properties": {"source": "28487182", "target": "31540540"}}, {"type": "Feature", "geometry": {"type": "LineString", "coordinates": [[73.09919198802672, 51.82341011014039], [73.11213420372883, 51.80828903188538]]}, "properties": {"source": "13262017", "target": "8714958"}}, {"type": "Feature", "geometry": {"type": "LineString", "coordinates": [[73.09919198802672, 51.82341011014039], [73.06839761177989, 51.80052778303396]]}, "properties": {"source": "13262017", "target": "8776687"}}, {"type": "Feature", "geometry": {"type": "LineString", "coordinates": [[73.09919198802672, 51.82341011014039], [73.01057096939886, 51.818852977319466]]}, "properties": {"source": "13262017", "target": "4416807"}}, {"type": "Feature", "geometry": {"type": "LineString", "coordinates": [[73.09919198802672, 51.82341011014039], [73.07307960047171, 51.79990927165362]]}, "properties": {"source": "13262017", "target": "5536441"}}, {"type": "Feature", "geometry": {"type": "LineString", "coordinates": [[73.09919198802672, 51.82341011014039], [73.10625879938013, 51.82015538873307]]}, "properties": {"source": "13262017", "target": "9036325"}}, {"type": "Feature", "geometry": {"type": "LineString", "coordinates": [[73.09919198802672, 51.82341011014039], [73.00821776442501, 51.800036043819375]]}, "properties": {"source": "13262017", "target": "11661389"}}, {"type": "Feature", "geometry": {"type": "LineString", "coordinates": [[73.09919198802672, 51.82341011014039], [73.05414297012416, 51.81571459577094]]}, "properties": {"source": "13262017", "target": "10180167"}}, {"type": "Feature", "geometry": {"type": "LineString", "coordinates": [[73.01389782401219, 51.81030068032091], [73.07970189928704, 51.813152319043084]]}, "properties": {"source": "22038044", "target": "20697757"}}, {"type": "Feature", "geometry": {"type": "LineString", "coordinates": [[73.01389782401219, 51.81030068032091], [73.04247086260898, 51.80851385598244]]}, "properties": {"source": "22038044", "target": "23248866"}}, {"type": "Feature", "geometry": {"type": "LineString", "coordinates": [[73.01389782401219, 51.81030068032091], [73.01758852745718, 51.802796035216204]]}, "properties": {"source": "22038044", "target": "21896601"}}, {"type": "Feature", "geometry": {"type": "LineString", "coordinates": [[72.99756508502622, 51.814131249820576], [72.9964994362229, 51.817686115654524]]}, "properties": {"source": "8707061", "target": "948304"}}, {"type": "Feature", "geometry": {"type": "LineString", "coordinates": [[72.99756508502622, 51.814131249820576], [73.09276702784487, 51.82596314771709]]}, "properties": {"source": "8707061", "target": "9686566"}}, {"type": "Feature", "geometry": {"type": "LineString", "coordinates": [[72.99756508502622, 51.814131249820576], [73.0843315767687, 51.82933560408877]]}, "properties": {"source": "8707061", "target": "8526892"}}, {"type": "Feature", "geometry": {"type": "LineString", "coordinates": [[72.99756508502622, 51.814131249820576], [73.00679065759451, 51.8307852950568]]}, "properties": {"source": "8707061", "target": "8475417"}}, {"type": "Feature", "geometry": {"type": "LineString", "coordinates": [[73.09309294545608, 51.81409324181577], [73.0948514260972, 51.814742154146785]]}, "properties": {"source": "8725223", "target": "8504174"}}, {"type": "Feature", "geometry": {"type": "LineString", "coordinates": [[73.09309294545608, 51.81409324181577], [73.02807534127047, 51.81068817846722]]}, "properties": {"source": "8725223", "target": "8286272"}}, {"type": "Feature", "geometry": {"type": "LineString", "coordinates": [[73.09309294545608, 51.81409324181577], [73.10625879938013, 51.82015538873307]]}, "properties": {"source": "8725223", "target": "9036325"}}, {"type": "Feature", "geometry": {"type": "LineString", "coordinates": [[73.09309294545608, 51.81409324181577], [73.06924657979374, 51.82768262999646]]}, "properties": {"source": "8725223", "target": "8339092"}}, {"type": "Feature", "geometry": {"type": "LineString", "coordinates": [[73.03931071646119, 51.81832277940454], [73.09670332320607, 51.809065908838534]]}, "properties": {"source": "17924213", "target": "28508698"}}, {"type": "Feature", "geometry": {"type": "LineString", "coordinates": [[73.03931071646119, 51.81832277940454], [72.99777965034207, 51.83816137157264]]}, "properties": {"source": "17924213", "target": "28532228"}}, {"type": "Feature", "geometry": {"type": "LineString", "coordinates": [[73.03931071646119, 51.81832277940454], [73.10113361767455, 51.816704485836965]]}, "properties": {"source": "17924213", "target": "27858175"}}, {"type": "Feature", "geometry": {"type": "LineString", "coordinates": [[73.03931071646119, 51.81832277940454], [73.03149977823117, 51.83238577793952]]}, "properties": {"source": "17924213", "target": "26165470"}}, {"type": "Feature", "geometry": {"type": "LineString", "coordinates": [[73.03931071646119, 51.81832277940454], [73.01050774221301, 51.82946290756249]]}, "properties": {"source": "17924213", "target": "24073935"}}, {"type": "Feature", "geometry": {"type": "LineString", "coordinates": [[73.03931071646119, 51.81832277940454], [73.09405280366275, 51.83247071796585]]}, "properties": {"source": "17924213", "target": "22736429"}}, {"type": "Feature", "geometry": {"type": "LineString", "coordinates": [[73.03931071646119, 51.81832277940454], [73.05139817414431, 51.829760023638556]]}, "properties": {"source": "17924213", "target": "18620303"}}, {"type": "Feature", "geometry": {"type": "LineString", "coordinates": [[73.06281323869752, 51.837934428555414], [73.04793420723243, 51.82154350665108]]}, "properties": {"source": "18250374", "target": "18811755"}}, {"type": "Feature", "geometry": {"type": "LineString", "coordinates": [[73.06281323869752, 51.837934428555414], [73.07682656758973, 51.828907809093934]]}, "properties": {"source": "18250374", "target": "18484638"}}, {"type": "Feature", "geometry": {"type": "LineString", "coordinates": [[73.06281323869752, 51.837934428555414], [73.0768281251512, 51.82891505516862]]}, "properties": {"source": "18250374", "target": "18946571"}}, {"type": "Feature", "geometry": {"type": "LineString", "coordinates": [[73.06281323869752, 51.837934428555414], [73.08176464940624, 51.83776445099191]]}, "properties": {"source": "18250374", "target": "19380816"}}, {"type": "Feature", "geometry": {"type": "LineString", "coordinates": [[73.09309294545608, 51.81409324181577], [73.01554151646522, 51.83666287075452]]}, "properties": {"source": "8725223", "target": "9748367"}}, {"type": "Feature", "geometry": {"type": "LineString", "coordinates": [[73.0251880472336, 51.79937940110396], [73.05428121644451, 51.8149597151162]]}, "properties": {"source": "11481847", "target": "9528055"}}, {"type": "Feature", "geometry": {"type": "LineString", "coordinates": [[73.0251880472336, 51.79937940110396], [73.01121641401065, 51.835028619087325]]}, "properties": {"source": "11481847", "target": "8181251"}}, {"type": "Feature", "geometry": {"type": "LineString", "coordinates": [[73.0251880472336, 51.79937940110396], [73.08735818527595, 51.834566994257116]]}, "properties": {"source": "11481847", "target": "13558183"}}, {"type": "Feature", "geometry": {"type": "LineString", "coordinates": [[73.0251880472336, 51.79937940110396], [72.99924363629862, 51.819945807154895]]}, "properties": {"source": "11481847", "target": "16055839"}}, {"type": "Feature", "geometry": {"type": "LineString", "coordinates": [[73.04772736768905, 51.81826957436053], [73.07198361871656, 51.82426182605872]]}, "properties": {"source": "30302325", "target": "2325855"}}, {"type": "Feature", "geometry": {"type": "LineString", "coordinates": [[73.04772736768905, 51.81826957436053], [72.99788797641966, 51.81492096610903]]}, "properties": {"source": "30302325", "target": "11229558"}}, {"type": "Feature", "geometry": {"type": "LineString", "coordinates": [[73.04772736768905, 51.81826957436053], [73.0747549259656, 51.80519348741785]]}, "properties": {"source": "30302325", "target": "29586537"}}, {"type": "Feature", "geometry": {"type": "LineString", "coordinates": [[73.04772736768905, 51.81826957436053], [73.01007556408405, 51.80183258790909]]}, "properties": {"source": "30302325", "target": "24617436"}}, {"type": "Feature", "geometry": {"type": "LineString", "coordinates": [[73.04772736768905, 51.81826957436053], [73.00668897914764, 51.802775713934594]]}, "properties": {"source": "30302325", "target": "31540540"}}, {"type": "Feature", "geometry": {"type": "LineString", "coordinates": [[73.04772736768905, 51.81826957436053], [73.06399888898497, 51.80664599785567]]}, "properties": {"source": "30302325", "target": "12232242"}}, {"type": "Feature", "geometry": {"type": "LineString", "coordinates": [[73.10104068245633, 51.81538809358257], [73.07496580404677, 51.831317354819674]]}, "properties": {"source": "433717", "target": "36125570"}}, {"type": "Feature", "geometry": {"type": "LineString", "coordinates": [[73.10104068245633, 51.81538809358257], [73.08671048789154, 51.820956552896575]]}, "properties": {"source": "433717", "target": "35181991"}}, {"type": "Feature", "geometry": {"type": "LineString", "coordinates": [[73.10104068245633, 51.81538809358257], [73.06622152075133, 51.83363856034478]]}, "properties": {"source": "433717", "target": "36286400"}}, {"type": "Feature", "geometry": {"type": "LineString", "coordinates": [[73.10104068245633, 51.81538809358257], [73.07970920428943, 51.826991713706676]]}, "properties": {"source": "433717", "target": "3985498"}}, {"type": "Feature", "geometry": {"type": "LineString", "coordinates": [[73.04772736768905, 51.81826957436053], [73.10745333605189, 51.814853817414644]]}, "properties": {"source": "30302325", "target": "29436482"}}, {"type": "Feature", "geometry": {"type": "LineString", "coordinates": [[73.10104068245633, 51.81538809358257], [73.07282253544392, 51.799655859356264]]}, "properties": {"source": "433717", "target": "5967419"}}, {"type": "Feature", "geometry": {"type": "LineString", "coordinates": [[73.0902366161404, 51.82331781756291], [73.020031222677, 51.815851566079175]]}, "properties": {"source": "35882763", "target": "10504539"}}, {"type": "Feature", "geometry": {"type": "LineString", "coordinates": [[73.0902366161404, 51.82331781756291], [73.04508974921771, 51.800743484912246]]}, "properties": {"source": "35882763", "target": "13519623"}}, {"type": "Feature", "geometry": {"type": "LineString", "coordinates": [[73.0902366161404, 51.82331781756291], [73.02030923896325, 51.81136166474691]]}, "properties": {"source": "35882763", "target": "32702"}}, {"type": "Feature", "geometry": {"type": "LineString", "coordinates": [[73.07496580404677, 51.831317354819674], [73.0863102389167, 51.8234394222802]]}, "properties": {"source": "36125570", "target": "34847787"}}, {"type": "Feature", "geometry": {"type": "LineString", "coordinates": [[73.07496580404677, 51.831317354819674], [73.09698806125618, 51.813036520978926]]}, "properties": {"source": "36125570", "target": "409799"}}, {"type": "Feature", "geometry": {"type": "LineString", "coordinates": [[73.07496580404677, 51.831317354819674], [73.08671048789154, 51.820956552896575]]}, "properties": {"source": "36125570", "target": "35181991"}}, {"type": "Feature", "geometry": {"type": "LineString", "coordinates": [[73.07496580404677, 51.831317354819674], [73.01698551204464, 51.80719272651939]]}, "properties": {"source": "36125570", "target": "29222561"}}, {"type": "Feature", "geometry": {"type": "LineString", "coordinates": [[73.07496580404677, 51.831317354819674], [73.07970920428943, 51.826991713706676]]}, "properties": {"source": "36125570", "target": "3985498"}}, {"type": "Feature", "geometry": {"type": "LineString", "coordinates": [[73.07496580404677, 51.831317354819674], [73.00125679826556, 51.83581612640744]]}, "properties": {"source": "36125570", "target": "31570473"}}, {"type": "Feature", "geometry": {"type": "LineString", "coordinates": [[73.07496580404677, 51.831317354819674], [73.09445001390984, 51.79975170464081]]}, "properties": {"source": "36125570", "target": "33777903"}}, {"type": "Feature", "geometry": {"type": "LineString", "coordinates": [[73.07496580404677, 51.831317354819674], [73.02441828483597, 51.8361901348696]]}, "properties": {"source": "36125570", "target": "13066821"}}, {"type": "Feature", "geometry": {"type": "LineString", "coordinates": [[73.07496580404677, 51.831317354819674], [73.07660971532528, 51.82548231421305]]}, "properties": {"source": "36125570", "target": "3390057"}}, {"type": "Feature", "geometry": {"type": "LineString", "coordinates": [[73.07496580404677, 51.831317354819674], [73.02588641550881, 51.80611005631184]]}, "properties": {"source": "36125570", "target": "297388"}}, {"type": "Feature", "geometry": {"type": "LineString", "coordinates": [[73.07496580404677, 51.831317354819674], [73.10197077134416, 51.826054951399755]]}, "properties": {"source": "36125570", "target": "34611353"}}, {"type": "Feature", "geometry": {"type": "LineString", "coordinates": [[73.07496580404677, 51.831317354819674], [73.10745333605189, 51.814853817414644]]}, "properties": {"source": "36125570", "target": "29436482"}}, {"type": "Feature", "geometry": {"type": "LineString", "coordinates": [[73.07496580404677, 51.831317354819674], [73.07282253544392, 51.799655859356264]]}, "properties": {"source": "36125570", "target": "5967419"}}, {"type": "Feature", "geometry": {"type": "LineString", "coordinates": [[73.10339306138891, 51.83868699525007], [73.01280479105645, 51.813877782339205]]}, "properties": {"source": "36213992", "target": "3371578"}}, {"type": "Feature", "geometry": {"type": "LineString", "coordinates": [[73.10339306138891, 51.83868699525007], [73.00902558587404, 51.812894651766314]]}, "properties": {"source": "36213992", "target": "3231448"}}, {"type": "Feature", "geometry": {"type": "LineString", "coordinates": [[73.10339306138891, 51.83868699525007], [73.10104068245633, 51.81538809358257]]}, "properties": {"source": "36213992", "target": "433717"}}, {"type": "Feature", "geometry": {"type": "LineString", "coordinates": [[73.10339306138891, 51.83868699525007], [73.0321872909673, 51.82949347845309]]}, "properties": {"source": "36213992", "target": "31342223"}}, {"type": "Feature", "geometry": {"type": "LineString", "coordinates": [[73.09458576522661, 51.82871789673665], [73.09698806125618, 51.813036520978926]]}, "properties": {"source": "6607187", "target": "409799"}}, {"type": "Feature", "geometry": {"type": "LineString", "coordinates": [[73.09458576522661, 51.82871789673665], [73.02566024032757, 51.83742900326938]]}, "properties": {"source": "6607187", "target": "7161183"}}, {"type": "Feature", "geometry": {"type": "LineString", "coordinates": [[73.09458576522661, 51.82871789673665], [73.07000043049305, 51.8197590224201]]}, "properties": {"source": "6607187", "target": "34211699"}}, {"type": "Feature", "geometry": {"type": "LineString", "coordinates": [[73.09458576522661, 51.82871789673665], [73.05827810818337, 51.83273909470246]]}, "properties": {"source": "6607187", "target": "4955780"}}, {"type": "Feature", "geometry": {"type": "LineString", "coordinates": [[73.09458576522661, 51.82871789673665], [73.07313364674789, 51.821121805189534]]}, "properties": {"source": "6607187", "target": "7161070"}}, {"type": "Feature", "geometry": {"type": "LineString", "coordinates": [[73.09458576522661, 51.82871789673665], [73.08955972594137, 51.81407721093653]]}, "properties": {"source": "6607187", "target": "8719673"}}, {"type": "Feature", "geometry": {"type": "LineString", "coordinates": [[73.09458576522661, 51.82871789673665], [72.99919042495392, 51.83758069663365]]}, "properties": {"source": "6607187", "target": "6416304"}}, {"type": "Feature", "geometry": {"type": "LineString", "coordinates": [[73.09458576522661, 51.82871789673665], [73.02441828483597, 51.8361901348696]]}, "properties": {"source": "6607187", "target": "13066821"}}, {"type": "Feature", "geometry": {"type": "LineString", "coordinates": [[73.09458576522661, 51.82871789673665], [73.06376176880116, 51.82001739737608]]}, "properties": {"source": "6607187", "target": "776302"}}, {"type": "Feature", "geometry": {"type": "LineString", "coordinates": [[73.09458576522661, 51.82871789673665], [73.07801806278053, 51.81220103207768]]}, "properties": {"source": "6607187", "target": "10451964"}}, {"type": "Feature", "geometry": {"type": "LineString", "coordinates": [[73.10339306138891, 51.83868699525007], [73.07282253544392, 51.799655859356264]]}, "properties": {"source": "36213992", "target": "5967419"}}, {"type": "Feature", "geometry": {"type": "LineString", "coordinates": [[73.10339306138891, 51.83868699525007], [73.10908647222055, 51.828625007889116]]}, "properties": {"source": "36213992", "target": "601415"}}, {"type": "Feature", "geometry": {"type": "LineString", "coordinates": [[73.07681772171429, 51.8132157951745], [73.07067042223738, 51.82344236051536]]}, "properties": {"source": "21898908", "target": "2352358"}}, {"type": "Feature", "geometry": {"type": "LineString", "coordinates": [[73.07681772171429, 51.8132157951745], [73.0510793675191, 51.83398606934095]]}, "properties": {"source": "21898908", "target": "24552896"}}, {"type": "Feature", "geometry": {"type": "LineString", "coordinates": [[73.07681772171429, 51.8132157951745], [73.09392211821915, 51.82343368999423]]}, "properties": {"source": "21898908", "target": "22852848"}}, {"type": "Feature", "geometry": {"type": "LineString", "coordinates": [[73.07681772171429, 51.8132157951745], [73.07308771141442, 51.81846913298702]]}, "properties": {"source": "21898908", "target": "2654772"}}, {"type": "Feature", "geometry": {"type": "LineString", "coordinates": [[73.0237108717777, 51.82920462041842], [73.02089420605154, 51.805358265472336]]}, "properties": {"source": "25565707", "target": "35609576"}}, {"type": "Feature", "geometry": {"type": "LineString", "coordinates": [[73.02030923896325, 51.81136166474691], [73.07214555933749, 51.80778385758805]]}, "properties": {"source": "32702", "target": "10609"}}, {"type": "Feature", "geometry": {"type": "LineString", "coordinates": [[73.05763303166268, 51.825507413579416], [73.08386560230625, 51.83784263863177]]}, "properties": {"source": "18666212", "target": "25748174"}}, {"type": "Feature", "geometry": {"type": "LineString", "coordinates": [[73.05763303166268, 51.825507413579416], [73.05582636002805, 51.81383738239829]]}, "properties": {"source": "18666212", "target": "18886985"}}, {"type": "Feature", "geometry": {"type": "LineString", "coordinates": [[73.05763303166268, 51.825507413579416], [73.02955092462133, 51.82461576656205]]}, "properties": {"source": "18666212", "target": "17571581"}}, {"type": "Feature", "geometry": {"type": "LineString", "coordinates": [[73.05763303166268, 51.825507413579416], [73.02892852214526, 51.80013936649365]]}, "properties": {"source": "18666212", "target": "2210769"}}, {"type": "Feature", "geometry": {"type": "LineString", "coordinates": [[73.04070843544415, 51.83333082343049], [73.07631692614973, 51.82654785569062]]}, "properties": {"source": "13449378", "target": "15909832"}}, {"type": "Feature", "geometry": {"type": "LineString", "coordinates": [[73.04070843544415, 51.83333082343049], [73.10701157934886, 51.81882482264889]]}, "properties": {"source": "13449378", "target": "17131082"}}, {"type": "Feature", "geometry": {"type": "LineString", "coordinates": [[73.04070843544415, 51.83333082343049], [73.04675310077533, 51.813892326080065]]}, "properties": {"source": "13449378", "target": "16141555"}}, {"type": "Feature", "geometry": {"type": "LineString", "coordinates": [[73.09238682773261, 51.82305637781792], [73.01395305869332, 51.8146358532007]]}, "properties": {"source": "866421", "target": "99500"}}, {"type": "Feature", "geometry": {"type": "LineString", "coordinates": [[73.09238682773261, 51.82305637781792], [73.09986440265578, 51.824167701959695]]}, "properties": {"source": "866421", "target": "99495"}}, {"type": "Feature", "geometry": {"type": "LineString", "coordinates": [[73.04070843544415, 51.83333082343049], [73.01554151646522, 51.83666287075452]]}, "properties": {"source": "13449378", "target": "9748367"}}, {"type": "Feature", "geometry": {"type": "LineString", "coordinates": [[73.09937601738793, 51.827708121001294], [73.09767913871943, 51.83103613304182]]}, "properties": {"source": "18758179", "target": "18581613"}}, {"type": "Feature", "geometry": {"type": "LineString", "coordinates": [[73.03459155732918, 51.81583053378043], [73.05012969108523, 51.83000206991187]]}, "properties": {"source": "25048218", "target": "27238087"}}, {"type": "Feature", "geometry": {"type": "LineString", "coordinates": [[73.0858715421544, 51.81396544725489], [73.07174525596386, 51.81836688632333]]}, "properties": {"source": "28523392", "target": "3387770"}}, {"type": "Feature", "geometry": {"type": "LineString", "coordinates": [[73.0966393148353, 51.82837816061854], [73.04613793804967, 51.810033588278486]]}, "properties": {"source": "25583081", "target": "28246030"}}, {"type": "Feature", "geometry": {"type": "LineString", "coordinates": [[73.0966393148353, 51.82837816061854], [73.02835020756646, 51.832296521047866]]}, "properties": {"source": "25583081", "target": "29069967"}}, {"type": "Feature", "geometry": {"type": "LineString", "coordinates": [[73.04324915525186, 51.818974902248755], [73.0251880472336, 51.79937940110396]]}, "properties": {"source": "1111759", "target": "11481847"}}, {"type": "Feature", "geometry": {"type": "LineString", "coordinates": [[73.04324915525186, 51.818974902248755], [73.03136419427275, 51.811610840701874]]}, "properties": {"source": "1111759", "target": "29242989"}}, {"type": "Feature", "geometry": {"type": "LineString", "coordinates": [[73.05781356009669, 51.82400815720584], [73.09298844515072, 51.82370086453177]]}, "properties": {"source": "1896119", "target": "9773348"}}, {"type": "Feature", "geometry": {"type": "LineString", "coordinates": [[73.05781356009669, 51.82400815720584], [73.0843315767687, 51.82933560408877]]}, "properties": {"source": "1896119", "target": "8526892"}}, {"type": "Feature", "geometry": {"type": "LineString", "coordinates": [[73.05781356009669, 51.82400815720584], [73.02161986975509, 51.813890018874616]]}, "properties": {"source": "1896119", "target": "99523"}}, {"type": "Feature", "geometry": {"type": "LineString", "coordinates": [[73.05781356009669, 51.82400815720584], [72.99756508502622, 51.814131249820576]]}, "properties": {"source": "1896119", "target": "8707061"}}, {"type": "Feature", "geometry": {"type": "LineString", "coordinates": [[73.01094826746015, 51.830402128771965], [73.01395305869332, 51.8146358532007]]}, "properties": {"source": "9946759", "target": "99500"}}, {"type": "Feature", "geometry": {"type": "LineString", "coordinates": [[73.01094826746015, 51.830402128771965], [73.09986440265578, 51.824167701959695]]}, "properties": {"source": "9946759", "target": "99495"}}, {"type": "Feature", "geometry": {"type": "LineString", "coordinates": [[73.01094826746015, 51.830402128771965], [73.08961324188945, 51.804569030114095]]}, "properties": {"source": "9946759", "target": "99486"}}, {"type": "Feature", "geometry": {"type": "LineString", "coordinates": [[73.01094826746015, 51.830402128771965], [73.02161986975509, 51.813890018874616]]}, "properties": {"source": "9946759", "target": "99523"}}, {"type": "Feature", "geometry": {"type": "LineString", "coordinates": [[73.05781356009669, 51.82400815720584], [73.05561589575632, 51.82258280721955]]}, "properties": {"source": "1896119", "target": "1896120"}}, {"type": "Feature", "geometry": {"type": "LineString", "coordinates": [[73.04312539549798, 51.822660420363775], [73.10586277619899, 51.808471151683335]]}, "properties": {"source": "6432863", "target": "18878490"}}, {"type": "Feature", "geometry": {"type": "LineString", "coordinates": [[73.04312539549798, 51.822660420363775], [73.07449835395494, 51.812539870310644]]}, "properties": {"source": "6432863", "target": "6391136"}}, {"type": "Feature", "geometry": {"type": "LineString", "coordinates": [[73.04312539549798, 51.822660420363775], [73.04614616858794, 51.83417420787771]]}, "properties": {"source": "6432863", "target": "17985684"}}, {"type": "Feature", "geometry": {"type": "LineString", "coordinates": [[73.01869652287516, 51.80663379798955], [73.11213420372883, 51.80828903188538]]}, "properties": {"source": "8284655", "target": "8714958"}}, {"type": "Feature", "geometry": {"type": "LineString", "coordinates": [[73.01869652287516, 51.80663379798955], [73.06839761177989, 51.80052778303396]]}, "properties": {"source": "8284655", "target": "8776687"}}, {"type": "Feature", "geometry": {"type": "LineString", "coordinates": [[73.01869652287516, 51.80663379798955], [73.01154658245224, 51.80263641291006]]}, "properties": {"source": "8284655", "target": "7934297"}}, {"type": "Feature", "geometry": {"type": "LineString", "coordinates": [[73.01869652287516, 51.80663379798955], [73.09069492446352, 51.83803981048598]]}, "properties": {"source": "8284655", "target": "7934296"}}, {"type": "Feature", "geometry": {"type": "LineString", "coordinates": [[73.01869652287516, 51.80663379798955], [73.09606335917047, 51.83719680068519]]}, "properties": {"source": "8284655", "target": "7935023"}}, {"type": "Feature", "geometry": {"type": "LineString", "coordinates": [[73.01869652287516, 51.80663379798955], [73.0948514260972, 51.814742154146785]]}, "properties": {"source": "8284655", "target": "8504174"}}, {"type": "Feature", "geometry": {"type": "LineString", "coordinates": [[73.01869652287516, 51.80663379798955], [73.06328485004764, 51.81204999578355]]}, "properties": {"source": "8284655", "target": "4943401"}}, {"type": "Feature", "geometry": {"type": "LineString", "coordinates": [[73.01869652287516, 51.80663379798955], [73.03813488309643, 51.79942724511214]]}, "properties": {"source": "8284655", "target": "7183286"}}, {"type": "Feature", "geometry": {"type": "LineString", "coordinates": [[73.01869652287516, 51.80663379798955], [73.04380069906821, 51.81043293570323]]}, "properties": {"source": "8284655", "target": "8577965"}}, {"type": "Feature", "geometry": {"type": "LineString", "coordinates": [[73.01869652287516, 51.80663379798955], [73.05726132531692, 51.83718924305049]]}, "properties": {"source": "8284655", "target": "7430094"}}, {"type": "Feature", "geometry": {"type": "LineString", "coordinates": [[73.01869652287516, 51.80663379798955], [73.09670332320607, 51.809065908838534]]}, "properties": {"source": "8284655", "target": "28508698"}}, {"type": "Feature", "geometry": {"type": "LineString", "coordinates": [[73.01869652287516, 51.80663379798955], [72.99777965034207, 51.83816137157264]]}, "properties": {"source": "8284655", "target": "28532228"}}, {"type": "Feature", "geometry": {"type": "LineString", "coordinates": [[73.04312539549798, 51.822660420363775], [73.00867255784269, 51.83205891295455]]}, "properties": {"source": "6432863", "target": "11516349"}}, {"type": "Feature", "geometry": {"type": "LineString", "coordinates": [[73.07801443871165, 51.834206837461636], [73.0510793675191, 51.83398606934095]]}, "properties": {"source": "30356647", "target": "24552896"}}, {"type": "Feature", "geometry": {"type": "LineString", "coordinates": [[73.07801443871165, 51.834206837461636], [73.09392211821915, 51.82343368999423]]}, "properties": {"source": "30356647", "target": "22852848"}}, {"type": "Feature", "geometry": {"type": "LineString", "coordinates": [[73.07801443871165, 51.834206837461636], [73.07358862429783, 51.80871216158836]]}, "properties": {"source": "30356647", "target": "16133125"}}, {"type": "Feature", "geometry": {"type": "LineString", "coordinates": [[73.07801443871165, 51.834206837461636], [73.06087726633345, 51.822171042158985]]}, "properties": {"source": "30356647", "target": "190976"}}, {"type": "Feature", "geometry": {"type": "LineString", "coordinates": [[73.07801443871165, 51.834206837461636], [73.09381491444847, 51.82194862855489]]}, "properties": {"source": "30356647", "target": "12718767"}}, {"type": "Feature", "geometry": {"type": "LineString", "coordinates": [[73.07801443871165, 51.834206837461636], [72.99697654739995, 51.80385592273166]]}, "properties": {"source": "30356647", "target": "10321026"}}, {"type": "Feature", "geometry": {"type": "LineString", "coordinates": [[73.07801443871165, 51.834206837461636], [73.07396761012325, 51.8343003895765]]}, "properties": {"source": "30356647", "target": "2111583"}}, {"type": "Feature", "geometry": {"type": "LineString", "coordinates": [[73.07801443871165, 51.834206837461636], [73.07343447852969, 51.80952141912506]]}, "properties": {"source": "30356647", "target": "15457336"}}, {"type": "Feature", "geometry": {"type": "LineString", "coordinates": [[73.07801443871165, 51.834206837461636], [73.07308771141442, 51.81846913298702]]}, "properties": {"source": "30356647", "target": "2654772"}}, {"type": "Feature", "geometry": {"type": "LineString", "coordinates": [[73.07801443871165, 51.834206837461636], [73.00763272504324, 51.805053322946705]]}, "properties": {"source": "30356647", "target": "2535073"}}, {"type": "Feature", "geometry": {"type": "LineString", "coordinates": [[73.07801443871165, 51.834206837461636], [73.00779924282716, 51.83224120729743]]}, "properties": {"source": "30356647", "target": "16125391"}}, {"type": "Feature", "geometry": {"type": "LineString", "coordinates": [[73.07173513107321, 51.82275961630097], [73.09698806125618, 51.813036520978926]]}, "properties": {"source": "479577", "target": "409799"}}, {"type": "Feature", "geometry": {"type": "LineString", "coordinates": [[73.07173513107321, 51.82275961630097], [72.99763406920093, 51.82702866503065]]}, "properties": {"source": "479577", "target": "4202513"}}, {"type": "Feature", "geometry": {"type": "LineString", "coordinates": [[73.07173513107321, 51.82275961630097], [73.0937948466347, 51.83818600415654]]}, "properties": {"source": "479577", "target": "4184400"}}, {"type": "Feature", "geometry": {"type": "LineString", "coordinates": [[73.07173513107321, 51.82275961630097], [73.00247559729982, 51.80244757336936]]}, "properties": {"source": "479577", "target": "6947879"}}, {"type": "Feature", "geometry": {"type": "LineString", "coordinates": [[73.07173513107321, 51.82275961630097], [73.00934823131746, 51.811542730165215]]}, "properties": {"source": "479577", "target": "32041226"}}, {"type": "Feature", "geometry": {"type": "LineString", "coordinates": [[73.0506294932838, 51.82404899834917], [73.03136419427275, 51.811610840701874]]}, "properties": {"source": "30323504", "target": "29242989"}}, {"type": "Feature", "geometry": {"type": "LineString", "coordinates": [[73.0506294932838, 51.82404899834917], [73.05958198676791, 51.82596775409871]]}, "properties": {"source": "30323504", "target": "29918516"}}, {"type": "Feature", "geometry": {"type": "LineString", "coordinates": [[73.0506294932838, 51.82404899834917], [73.03929174802639, 51.83255341342294]]}, "properties": {"source": "30323504", "target": "30288076"}}, {"type": "Feature", "geometry": {"type": "LineString", "coordinates": [[73.0506294932838, 51.82404899834917], [73.09178909162392, 51.8016704344721]]}, "properties": {"source": "30323504", "target": "232768"}}, {"type": "Feature", "geometry": {"type": "LineString", "coordinates": [[73.00340497154781, 51.82774335021344], [72.99763406920093, 51.82702866503065]]}, "properties": {"source": "4211595", "target": "4202513"}}, {"type": "Feature", "geometry": {"type": "LineString", "coordinates": [[73.00340497154781, 51.82774335021344], [73.0937948466347, 51.83818600415654]]}, "properties": {"source": "4211595", "target": "4184400"}}, {"type": "Feature", "geometry": {"type": "LineString", "coordinates": [[73.00340497154781, 51.82774335021344], [73.07801443871165, 51.834206837461636]]}, "properties": {"source": "4211595", "target": "30356647"}}, {"type": "Feature", "geometry": {"type": "LineString", "coordinates": [[73.00340497154781, 51.82774335021344], [73.07173513107321, 51.82275961630097]]}, "properties": {"source": "4211595", "target": "479577"}}, {"type": "Feature", "geometry": {"type": "LineString", "coordinates": [[73.00340497154781, 51.82774335021344], [73.00247559729982, 51.80244757336936]]}, "properties": {"source": "4211595", "target": "6947879"}}, {"type": "Feature", "geometry": {"type": "LineString", "coordinates": [[73.00340497154781, 51.82774335021344], [73.00294198997256, 51.82654478351698]]}, "properties": {"source": "4211595", "target": "30356671"}}, {"type": "Feature", "geometry": {"type": "LineString", "coordinates": [[73.00340497154781, 51.82774335021344], [73.0244252921274, 51.808825293600236]]}, "properties": {"source": "4211595", "target": "6391108"}}, {"type": "Feature", "geometry": {"type": "LineString", "coordinates": [[73.00340497154781, 51.82774335021344], [73.07761090404338, 51.82950243412586]]}, "properties": {"source": "4211595", "target": "3765016"}}, {"type": "Feature", "geometry": {"type": "LineString", "coordinates": [[73.00340497154781, 51.82774335021344], [73.07545604214349, 51.80101818865964]]}, "properties": {"source": "4211595", "target": "409804"}}, {"type": "Feature", "geometry": {"type": "LineString", "coordinates": [[73.00340497154781, 51.82774335021344], [73.05629481797544, 51.80742507444198]]}, "properties": {"source": "4211595", "target": "5463493"}}, {"type": "Feature", "geometry": {"type": "LineString", "coordinates": [[73.00340497154781, 51.82774335021344], [73.07174525596386, 51.81836688632333]]}, "properties": {"source": "4211595", "target": "3387770"}}, {"type": "Feature", "geometry": {"type": "LineString", "coordinates": [[73.00340497154781, 51.82774335021344], [73.00934823131746, 51.811542730165215]]}, "properties": {"source": "4211595", "target": "32041226"}}, {"type": "Feature", "geometry": {"type": "LineString", "coordinates": [[73.01317386077525, 51.814711507771335], [73.0167890436438, 51.8011057084677]]}, "properties": {"source": "6315585", "target": "34533836"}}, {"type": "Feature", "geometry": {"type": "LineString", "coordinates": [[73.01317386077525, 51.814711507771335], [73.01319985447518, 51.819357733621175]]}, "properties": {"source": "6315585", "target": "18039803"}}, {"type": "Feature", "geometry": {"type": "LineString", "coordinates": [[73.01317386077525, 51.814711507771335], [73.0251880472336, 51.79937940110396]]}, "properties": {"source": "6315585", "target": "11481847"}}, {"type": "Feature", "geometry": {"type": "LineString", "coordinates": [[73.01317386077525, 51.814711507771335], [73.06783912434304, 51.8212926616235]]}, "properties": {"source": "6315585", "target": "13618229"}}, {"type": "Feature", "geometry": {"type": "LineString", "coordinates": [[73.01317386077525, 51.814711507771335], [73.0625775537319, 51.82145615980831]]}, "properties": {"source": "6315585", "target": "5393858"}}, {"type": "Feature", "geometry": {"type": "LineString", "coordinates": [[73.01317386077525, 51.814711507771335], [73.00349898309744, 51.816560318447074]]}, "properties": {"source": "6315585", "target": "21841705"}}, {"type": "Feature", "geometry": {"type": "LineString", "coordinates": [[73.01317386077525, 51.814711507771335], [73.06304618235123, 51.800306167395235]]}, "properties": {"source": "6315585", "target": "29755553"}}, {"type": "Feature", "geometry": {"type": "LineString", "coordinates": [[73.01317386077525, 51.814711507771335], [73.10467691184246, 51.82324413602926]]}, "properties": {"source": "6315585", "target": "6615715"}}, {"type": "Feature", "geometry": {"type": "LineString", "coordinates": [[73.11423198404506, 51.80702950408714], [73.09458576522661, 51.82871789673665]]}, "properties": {"source": "6296208", "target": "6607187"}}, {"type": "Feature", "geometry": {"type": "LineString", "coordinates": [[73.11423198404506, 51.80702950408714], [73.02566024032757, 51.83742900326938]]}, "properties": {"source": "6296208", "target": "7161183"}}, {"type": "Feature", "geometry": {"type": "LineString", "coordinates": [[73.11423198404506, 51.80702950408714], [73.07000043049305, 51.8197590224201]]}, "properties": {"source": "6296208", "target": "34211699"}}, {"type": "Feature", "geometry": {"type": "LineString", "coordinates": [[73.11423198404506, 51.80702950408714], [73.02690761309177, 51.83662616741729]]}, "properties": {"source": "6296208", "target": "23438061"}}, {"type": "Feature", "geometry": {"type": "LineString", "coordinates": [[73.11423198404506, 51.80702950408714], [73.05827810818337, 51.83273909470246]]}, "properties": {"source": "6296208", "target": "4955780"}}, {"type": "Feature", "geometry": {"type": "LineString", "coordinates": [[73.11423198404506, 51.80702950408714], [73.07313364674789, 51.821121805189534]]}, "properties": {"source": "6296208", "target": "7161070"}}, {"type": "Feature", "geometry": {"type": "LineString", "coordinates": [[73.11423198404506, 51.80702950408714], [73.024710850659, 51.81089676243967]]}, "properties": {"source": "6296208", "target": "6607188"}}, {"type": "Feature", "geometry": {"type": "LineString", "coordinates": [[73.01317386077525, 51.814711507771335], [73.02224731023983, 51.83192528516754]]}, "properties": {"source": "6315585", "target": "28004265"}}, {"type": "Feature", "geometry": {"type": "LineString", "coordinates": [[73.05882508382783, 51.79992613008655], [73.11238608836462, 51.80362882613474]]}, "properties": {"source": "902854", "target": "73496"}}, {"type": "Feature", "geometry": {"type": "LineString", "coordinates": [[73.05882508382783, 51.79992613008655], [73.10812646534887, 51.834686896974446]]}, "properties": {"source": "902854", "target": "6875002"}}, {"type": "Feature", "geometry": {"type": "LineString", "coordinates": [[73.05882508382783, 51.79992613008655], [73.0282043962367, 51.815805732602016]]}, "properties": {"source": "902854", "target": "985323"}}, {"type": "Feature", "geometry": {"type": "LineString", "coordinates": [[73.04577572247749, 51.823837751694285], [73.07000043049305, 51.8197590224201]]}, "properties": {"source": "24548167", "target": "34211699"}}, {"type": "Feature", "geometry": {"type": "LineString", "coordinates": [[73.04577572247749, 51.823837751694285], [73.01698551204464, 51.80719272651939]]}, "properties": {"source": "24548167", "target": "29222561"}}, {"type": "Feature", "geometry": {"type": "LineString", "coordinates": [[73.04577572247749, 51.823837751694285], [73.02690761309177, 51.83662616741729]]}, "properties": {"source": "24548167", "target": "23438061"}}, {"type": "Feature", "geometry": {"type": "LineString", "coordinates": [[73.04577572247749, 51.823837751694285], [73.04468897095438, 51.802729647644085]]}, "properties": {"source": "24548167", "target": "1763021"}}, {"type": "Feature", "geometry": {"type": "LineString", "coordinates": [[73.04577572247749, 51.823837751694285], [73.05428121644451, 51.8149597151162]]}, "properties": {"source": "24548167", "target": "9528055"}}, {"type": "Feature", "geometry": {"type": "LineString", "coordinates": [[73.04577572247749, 51.823837751694285], [73.08386560230625, 51.83784263863177]]}, "properties": {"source": "24548167", "target": "25748174"}}, {"type": "Feature", "geometry": {"type": "LineString", "coordinates": [[73.04577572247749, 51.823837751694285], [73.00481032825837, 51.83281518890732]]}, "properties": {"source": "24548167", "target": "25364850"}}, {"type": "Feature", "geometry": {"type": "LineString", "coordinates": [[73.04577572247749, 51.823837751694285], [73.02610169901291, 51.7993437742967]]}, "properties": {"source": "24548167", "target": "7150220"}}, {"type": "Feature", "geometry": {"type": "LineString", "coordinates": [[73.04577572247749, 51.823837751694285], [73.08997724332383, 51.83106666120439]]}, "properties": {"source": "24548167", "target": "2480358"}}, {"type": "Feature", "geometry": {"type": "LineString", "coordinates": [[73.04577572247749, 51.823837751694285], [73.0345064099177, 51.80665788037405]]}, "properties": {"source": "24548167", "target": "23204993"}}, {"type": "Feature", "geometry": {"type": "LineString", "coordinates": [[73.04577572247749, 51.823837751694285], [73.10199134034244, 51.835359113854636]]}, "properties": {"source": "24548167", "target": "20411119"}}, {"type": "Feature", "geometry": {"type": "LineString", "coordinates": [[73.04577572247749, 51.823837751694285], [73.02441828483597, 51.8361901348696]]}, "properties": {"source": "24548167", "target": "13066821"}}, {"type": "Feature", "geometry": {"type": "LineString", "coordinates": [[73.04577572247749, 51.823837751694285], [73.05669654677328, 51.81490631374871]]}, "properties": {"source": "24548167", "target": "24548177"}}, {"type": "Feature", "geometry": {"type": "LineString", "coordinates": [[73.05031190473716, 51.810483867361995], [73.09350720479708, 51.819546759276236]]}, "properties": {"source": "9686555", "target": "7872926"}}, {"type": "Feature", "geometry": {"type": "LineString", "coordinates": [[73.02558742854015, 51.799711423892816], [73.0937948466347, 51.83818600415654]]}, "properties": {"source": "62354", "target": "4184400"}}, {"type": "Feature", "geometry": {"type": "LineString", "coordinates": [[73.02558742854015, 51.799711423892816], [73.05882508382783, 51.79992613008655]]}, "properties": {"source": "62354", "target": "902854"}}, {"type": "Feature", "geometry": {"type": "LineString", "coordinates": [[73.07660971532528, 51.82548231421305], [73.02588641550881, 51.80611005631184]]}, "properties": {"source": "3390057", "target": "297388"}}, {"type": "Feature", "geometry": {"type": "LineString", "coordinates": [[73.03380560390286, 51.818350598236435], [73.09606335917047, 51.83719680068519]]}, "properties": {"source": "21825673", "target": "7935023"}}, {"type": "Feature", "geometry": {"type": "LineString", "coordinates": [[73.03380560390286, 51.818350598236435], [73.01018617467662, 51.82293867183196]]}, "properties": {"source": "21825673", "target": "25686563"}}, {"type": "Feature", "geometry": {"type": "LineString", "coordinates": [[73.03380560390286, 51.818350598236435], [73.04503676774377, 51.80897271303293]]}, "properties": {"source": "21825673", "target": "25393346"}}, {"type": "Feature", "geometry": {"type": "LineString", "coordinates": [[73.03380560390286, 51.818350598236435], [73.05708964098486, 51.83117695469194]]}, "properties": {"source": "21825673", "target": "18143119"}}, {"type": "Feature", "geometry": {"type": "LineString", "coordinates": [[73.09392211821915, 51.82343368999423], [73.07067042223738, 51.82344236051536]]}, "properties": {"source": "22852848", "target": "2352358"}}, {"type": "Feature", "geometry": {"type": "LineString", "coordinates": [[73.09392211821915, 51.82343368999423], [73.05487743922146, 51.80504490536299]]}, "properties": {"source": "22852848", "target": "26836912"}}, {"type": "Feature", "geometry": {"type": "LineString", "coordinates": [[73.09392211821915, 51.82343368999423], [73.03728114848926, 51.80488267587664]]}, "properties": {"source": "22852848", "target": "29236748"}}, {"type": "Feature", "geometry": {"type": "LineString", "coordinates": [[73.09392211821915, 51.82343368999423], [73.0279006693307, 51.81302106754271]]}, "properties": {"source": "22852848", "target": "2066688"}}, {"type": "Feature", "geometry": {"type": "LineString", "coordinates": [[73.09392211821915, 51.82343368999423], [73.00554402649567, 51.83744321385795]]}, "properties": {"source": "22852848", "target": "1113175"}}, {"type": "Feature", "geometry": {"type": "LineString", "coordinates": [[73.10498966303152, 51.814372087981965], [73.04503676774377, 51.80897271303293]]}, "properties": {"source": "6404563", "target": "25393346"}}, {"type": "Feature", "geometry": {"type": "LineString", "coordinates": [[73.10498966303152, 51.814372087981965], [73.07481391683899, 51.83486573703952]]}, "properties": {"source": "6404563", "target": "6398860"}}, {"type": "Feature", "geometry": {"type": "LineString", "coordinates": [[73.10498966303152, 51.814372087981965], [73.07598000061012, 51.824007529882394]]}, "properties": {"source": "6404563", "target": "16689126"}}, {"type": "Feature", "geometry": {"type": "LineString", "coordinates": [[73.024710850659, 51.81089676243967], [73.07000043049305, 51.8197590224201]]}, "properties": {"source": "6607188", "target": "34211699"}}, {"type": "Feature", "geometry": {"type": "LineString", "coordinates": [[73.024710850659, 51.81089676243967], [73.05827810818337, 51.83273909470246]]}, "properties": {"source": "6607188", "target": "4955780"}}, {"type": "Feature", "geometry": {"type": "LineString", "coordinates": [[73.024710850659, 51.81089676243967], [73.07313364674789, 51.821121805189534]]}, "properties": {"source": "6607188", "target": "7161070"}}, {"type": "Feature", "geometry": {"type": "LineString", "coordinates": [[73.024710850659, 51.81089676243967], [73.08955972594137, 51.81407721093653]]}, "properties": {"source": "6607188", "target": "8719673"}}, {"type": "Feature", "geometry": {"type": "LineString", "coordinates": [[73.024710850659, 51.81089676243967], [72.99919042495392, 51.83758069663365]]}, "properties": {"source": "6607188", "target": "6416304"}}, {"type": "Feature", "geometry": {"type": "LineString", "coordinates": [[73.024710850659, 51.81089676243967], [73.02441828483597, 51.8361901348696]]}, "properties": {"source": "6607188", "target": "13066821"}}, {"type": "Feature", "geometry": {"type": "LineString", "coordinates": [[73.024710850659, 51.81089676243967], [73.038820433268, 51.81041433682854]]}, "properties": {"source": "6607188", "target": "7619253"}}, {"type": "Feature", "geometry": {"type": "LineString", "coordinates": [[73.024710850659, 51.81089676243967], [73.06376176880116, 51.82001739737608]]}, "properties": {"source": "6607188", "target": "776302"}}, {"type": "Feature", "geometry": {"type": "LineString", "coordinates": [[73.024710850659, 51.81089676243967], [73.04215443161655, 51.827087934292194]]}, "properties": {"source": "6607188", "target": "6330122"}}, {"type": "Feature", "geometry": {"type": "LineString", "coordinates": [[73.024710850659, 51.81089676243967], [73.10017257819322, 51.8356712498793]]}, "properties": {"source": "6607188", "target": "1217377"}}, {"type": "Feature", "geometry": {"type": "LineString", "coordinates": [[73.03813488309643, 51.79942724511214], [73.06839761177989, 51.80052778303396]]}, "properties": {"source": "7183286", "target": "8776687"}}, {"type": "Feature", "geometry": {"type": "LineString", "coordinates": [[73.03813488309643, 51.79942724511214], [73.01154658245224, 51.80263641291006]]}, "properties": {"source": "7183286", "target": "7934297"}}, {"type": "Feature", "geometry": {"type": "LineString", "coordinates": [[73.03813488309643, 51.79942724511214], [73.09069492446352, 51.83803981048598]]}, "properties": {"source": "7183286", "target": "7934296"}}, {"type": "Feature", "geometry": {"type": "LineString", "coordinates": [[73.03813488309643, 51.79942724511214], [73.09606335917047, 51.83719680068519]]}, "properties": {"source": "7183286", "target": "7935023"}}, {"type": "Feature", "geometry": {"type": "LineString", "coordinates": [[73.024710850659, 51.81089676243967], [73.07282253544392, 51.799655859356264]]}, "properties": {"source": "6607188", "target": "5967419"}}, {"type": "Feature", "geometry": {"type": "LineString", "coordinates": [[73.024710850659, 51.81089676243967], [73.10908647222055, 51.828625007889116]]}, "properties": {"source": "6607188", "target": "601415"}}, {"type": "Feature", "geometry": {"type": "LineString", "coordinates": [[73.06622152075133, 51.83363856034478], [73.01280479105645, 51.813877782339205]]}, "properties": {"source": "36286400", "target": "3371578"}}, {"type": "Feature", "geometry": {"type": "LineString", "coordinates": [[73.06622152075133, 51.83363856034478], [73.063191343684, 51.811600731604074]]}, "properties": {"source": "36286400", "target": "10399390"}}, {"type": "Feature", "geometry": {"type": "LineString", "coordinates": [[73.06622152075133, 51.83363856034478], [73.00902558587404, 51.812894651766314]]}, "properties": {"source": "36286400", "target": "3231448"}}, {"type": "Feature", "geometry": {"type": "LineString", "coordinates": [[73.06622152075133, 51.83363856034478], [73.0321872909673, 51.82949347845309]]}, "properties": {"source": "36286400", "target": "31342223"}}, {"type": "Feature", "geometry": {"type": "LineString", "coordinates": [[73.06622152075133, 51.83363856034478], [73.07658927427502, 51.822607267217904]]}, "properties": {"source": "36286400", "target": "11568713"}}, {"type": "Feature", "geometry": {"type": "LineString", "coordinates": [[73.06622152075133, 51.83363856034478], [72.99764448947673, 51.83062828153318]]}, "properties": {"source": "36286400", "target": "12228628"}}, {"type": "Feature", "geometry": {"type": "LineString", "coordinates": [[73.06622152075133, 51.83363856034478], [73.020031222677, 51.815851566079175]]}, "properties": {"source": "36286400", "target": "10504539"}}, {"type": "Feature", "geometry": {"type": "LineString", "coordinates": [[72.99763406920093, 51.82702866503065], [73.09698806125618, 51.813036520978926]]}, "properties": {"source": "4202513", "target": "409799"}}, {"type": "Feature", "geometry": {"type": "LineString", "coordinates": [[72.99763406920093, 51.82702866503065], [73.0937948466347, 51.83818600415654]]}, "properties": {"source": "4202513", "target": "4184400"}}, {"type": "Feature", "geometry": {"type": "LineString", "coordinates": [[72.99763406920093, 51.82702866503065], [73.05487743922146, 51.80504490536299]]}, "properties": {"source": "4202513", "target": "26836912"}}, {"type": "Feature", "geometry": {"type": "LineString", "coordinates": [[72.99763406920093, 51.82702866503065], [73.02558742854015, 51.799711423892816]]}, "properties": {"source": "4202513", "target": "62354"}}, {"type": "Feature", "geometry": {"type": "LineString", "coordinates": [[72.99763406920093, 51.82702866503065], [72.99788797641966, 51.81492096610903]]}, "properties": {"source": "4202513", "target": "11229558"}}, {"type": "Feature", "geometry": {"type": "LineString", "coordinates": [[72.99763406920093, 51.82702866503065], [73.0142738331763, 51.81674907966041]]}, "properties": {"source": "4202513", "target": "12190325"}}, {"type": "Feature", "geometry": {"type": "LineString", "coordinates": [[73.06622152075133, 51.83363856034478], [73.07282253544392, 51.799655859356264]]}, "properties": {"source": "36286400", "target": "5967419"}}, {"type": "Feature", "geometry": {"type": "LineString", "coordinates": [[73.06622152075133, 51.83363856034478], [73.10908647222055, 51.828625007889116]]}, "properties": {"source": "36286400", "target": "601415"}}, {"type": "Feature", "geometry": {"type": "LineString", "coordinates": [[72.99763406920093, 51.82702866503065], [73.10588672130152, 51.82425475452308]]}, "properties": {"source": "4202513", "target": "375586"}}, {"type": "Feature", "geometry": {"type": "LineString", "coordinates": [[73.05638942822961, 51.82919404336168], [73.0463212721273, 51.8230340415452]]}, "properties": {"source": "18758608", "target": "20909943"}}, {"type": "Feature", "geometry": {"type": "LineString", "coordinates": [[73.05638942822961, 51.82919404336168], [73.05042350364198, 51.82958262915288]]}, "properties": {"source": "18758608", "target": "23156545"}}, {"type": "Feature", "geometry": {"type": "LineString", "coordinates": [[73.1028357793304, 51.81523331432933], [73.05582636002805, 51.81383738239829]]}, "properties": {"source": "17202179", "target": "18886985"}}, {"type": "Feature", "geometry": {"type": "LineString", "coordinates": [[73.1028357793304, 51.81523331432933], [73.02955092462133, 51.82461576656205]]}, "properties": {"source": "17202179", "target": "17571581"}}, {"type": "Feature", "geometry": {"type": "LineString", "coordinates": [[73.04614616858794, 51.83417420787771], [73.01154658245224, 51.80263641291006]]}, "properties": {"source": "17985684", "target": "7934297"}}, {"type": "Feature", "geometry": {"type": "LineString", "coordinates": [[73.01182964354717, 51.81180222283126], [73.0510793675191, 51.83398606934095]]}, "properties": {"source": "17829666", "target": "24552896"}}, {"type": "Feature", "geometry": {"type": "LineString", "coordinates": [[73.01182964354717, 51.81180222283126], [72.99683715175985, 51.809207134571466]]}, "properties": {"source": "17829666", "target": "18618945"}}, {"type": "Feature", "geometry": {"type": "LineString", "coordinates": [[73.03849826744829, 51.821503928620345], [73.04166046421003, 51.80053064293388]]}, "properties": {"source": "20405485", "target": "16225586"}}, {"type": "Feature", "geometry": {"type": "LineString", "coordinates": [[73.08568090067138, 51.818752965933044], [73.00159926310991, 51.80257222581956]]}, "properties": {"source": "7454513", "target": "9416335"}}, {"type": "Feature", "geometry": {"type": "LineString", "coordinates": [[73.08568090067138, 51.818752965933044], [73.04578857618705, 51.83675191035725]]}, "properties": {"source": "7454513", "target": "9470092"}}, {"type": "Feature", "geometry": {"type": "LineString", "coordinates": [[73.00159926310991, 51.80257222581956], [73.04578857618705, 51.83675191035725]]}, "properties": {"source": "9416335", "target": "9470092"}}, {"type": "Feature", "geometry": {"type": "LineString", "coordinates": [[72.99683715175985, 51.809207134571466], [73.0510793675191, 51.83398606934095]]}, "properties": {"source": "18618945", "target": "24552896"}}, {"type": "Feature", "geometry": {"type": "LineString", "coordinates": [[73.100299285962, 51.80991653359263], [73.0463212721273, 51.8230340415452]]}, "properties": {"source": "1124882", "target": "20909943"}}, {"type": "Feature", "geometry": {"type": "LineString", "coordinates": [[73.04618631181262, 51.80533367661353], [73.01482713873148, 51.81601481219887]]}, "properties": {"source": "11272862", "target": "13609497"}}, {"type": "Feature", "geometry": {"type": "LineString", "coordinates": [[73.05708964098486, 51.83117695469194], [73.01018617467662, 51.82293867183196]]}, "properties": {"source": "18143119", "target": "25686563"}}, {"type": "Feature", "geometry": {"type": "LineString", "coordinates": [[73.03728114848926, 51.80488267587664], [73.0279006693307, 51.81302106754271]]}, "properties": {"source": "29236748", "target": "2066688"}}, {"type": "Feature", "geometry": {"type": "LineString", "coordinates": [[73.06842431853329, 51.835991003723834], [73.0008255470591, 51.800059700019105]]}, "properties": {"source": "30323489", "target": "30323463"}}, {"type": "Feature", "geometry": {"type": "LineString", "coordinates": [[73.06842431853329, 51.835991003723834], [73.0655958688865, 51.805534328073264]]}, "properties": {"source": "30323489", "target": "22319999"}}, {"type": "Feature", "geometry": {"type": "LineString", "coordinates": [[73.06842431853329, 51.835991003723834], [73.09292180447827, 51.835927827873064]]}, "properties": {"source": "30323489", "target": "22064295"}}, {"type": "Feature", "geometry": {"type": "LineString", "coordinates": [[73.06842431853329, 51.835991003723834], [73.01402131889196, 51.82502975079424]]}, "properties": {"source": "30323489", "target": "28218608"}}, {"type": "Feature", "geometry": {"type": "LineString", "coordinates": [[73.06842431853329, 51.835991003723834], [73.03136419427275, 51.811610840701874]]}, "properties": {"source": "30323489", "target": "29242989"}}, {"type": "Feature", "geometry": {"type": "LineString", "coordinates": [[73.06842431853329, 51.835991003723834], [73.0059044264994, 51.835182214354504]]}, "properties": {"source": "30323489", "target": "28097635"}}, {"type": "Feature", "geometry": {"type": "LineString", "coordinates": [[73.06842431853329, 51.835991003723834], [73.04324915525186, 51.818974902248755]]}, "properties": {"source": "30323489", "target": "1111759"}}, {"type": "Feature", "geometry": {"type": "LineString", "coordinates": [[73.06842431853329, 51.835991003723834], [73.03929174802639, 51.83255341342294]]}, "properties": {"source": "30323489", "target": "30288076"}}, {"type": "Feature", "geometry": {"type": "LineString", "coordinates": [[73.06842431853329, 51.835991003723834], [73.04223285857739, 51.83775362277693]]}, "properties": {"source": "30323489", "target": "32786481"}}, {"type": "Feature", "geometry": {"type": "LineString", "coordinates": [[73.06842431853329, 51.835991003723834], [73.09178909162392, 51.8016704344721]]}, "properties": {"source": "30323489", "target": "232768"}}, {"type": "Feature", "geometry": {"type": "LineString", "coordinates": [[73.0897702443589, 51.81511202209532], [73.02566024032757, 51.83742900326938]]}, "properties": {"source": "73653", "target": "7161183"}}, {"type": "Feature", "geometry": {"type": "LineString", "coordinates": [[73.0897702443589, 51.81511202209532], [73.05827810818337, 51.83273909470246]]}, "properties": {"source": "73653", "target": "4955780"}}, {"type": "Feature", "geometry": {"type": "LineString", "coordinates": [[73.0897702443589, 51.81511202209532], [73.07313364674789, 51.821121805189534]]}, "properties": {"source": "73653", "target": "7161070"}}, {"type": "Feature", "geometry": {"type": "LineString", "coordinates": [[73.0897702443589, 51.81511202209532], [73.07823252530127, 51.832149717391175]]}, "properties": {"source": "73653", "target": "7978086"}}, {"type": "Feature", "geometry": {"type": "LineString", "coordinates": [[73.06842431853329, 51.835991003723834], [72.99714327720511, 51.83471859138719]]}, "properties": {"source": "30323489", "target": "32786483"}}, {"type": "Feature", "geometry": {"type": "LineString", "coordinates": [[73.06842431853329, 51.835991003723834], [73.04181892312442, 51.80774404265658]]}, "properties": {"source": "30323489", "target": "30323513"}}, {"type": "Feature", "geometry": {"type": "LineString", "coordinates": [[73.09638580627347, 51.80980818886319], [73.07970189928704, 51.813152319043084]]}, "properties": {"source": "18191372", "target": "20697757"}}, {"type": "Feature", "geometry": {"type": "LineString", "coordinates": [[73.09638580627347, 51.80980818886319], [73.1135546457881, 51.8065835849349]]}, "properties": {"source": "18191372", "target": "19084959"}}, {"type": "Feature", "geometry": {"type": "LineString", "coordinates": [[73.09638580627347, 51.80980818886319], [73.04247086260898, 51.80851385598244]]}, "properties": {"source": "18191372", "target": "23248866"}}, {"type": "Feature", "geometry": {"type": "LineString", "coordinates": [[73.09638580627347, 51.80980818886319], [73.01389782401219, 51.81030068032091]]}, "properties": {"source": "18191372", "target": "22038044"}}, {"type": "Feature", "geometry": {"type": "LineString", "coordinates": [[73.09638580627347, 51.80980818886319], [73.00582127645166, 51.82319533359514]]}, "properties": {"source": "18191372", "target": "13625962"}}, {"type": "Feature", "geometry": {"type": "LineString", "coordinates": [[73.01280479105645, 51.813877782339205], [73.0863102389167, 51.8234394222802]]}, "properties": {"source": "3371578", "target": "34847787"}}, {"type": "Feature", "geometry": {"type": "LineString", "coordinates": [[73.01280479105645, 51.813877782339205], [73.07496580404677, 51.831317354819674]]}, "properties": {"source": "3371578", "target": "36125570"}}, {"type": "Feature", "geometry": {"type": "LineString", "coordinates": [[73.01280479105645, 51.813877782339205], [73.08671048789154, 51.820956552896575]]}, "properties": {"source": "3371578", "target": "35181991"}}, {"type": "Feature", "geometry": {"type": "LineString", "coordinates": [[73.01280479105645, 51.813877782339205], [73.07970920428943, 51.826991713706676]]}, "properties": {"source": "3371578", "target": "3985498"}}, {"type": "Feature", "geometry": {"type": "LineString", "coordinates": [[73.01280479105645, 51.813877782339205], [73.09445001390984, 51.79975170464081]]}, "properties": {"source": "3371578", "target": "33777903"}}, {"type": "Feature", "geometry": {"type": "LineString", "coordinates": [[73.09344360773568, 51.79953713384505], [73.0863102389167, 51.8234394222802]]}, "properties": {"source": "27397457", "target": "34847787"}}, {"type": "Feature", "geometry": {"type": "LineString", "coordinates": [[73.09344360773568, 51.79953713384505], [73.03900324642973, 51.82112298303181]]}, "properties": {"source": "27397457", "target": "20898763"}}, {"type": "Feature", "geometry": {"type": "LineString", "coordinates": [[73.09344360773568, 51.79953713384505], [73.05012969108523, 51.83000206991187]]}, "properties": {"source": "27397457", "target": "27238087"}}, {"type": "Feature", "geometry": {"type": "LineString", "coordinates": [[73.09344360773568, 51.79953713384505], [73.02966332836951, 51.81309455822992]]}, "properties": {"source": "27397457", "target": "28480220"}}, {"type": "Feature", "geometry": {"type": "LineString", "coordinates": [[73.01280479105645, 51.813877782339205], [73.10197077134416, 51.826054951399755]]}, "properties": {"source": "3371578", "target": "34611353"}}, {"type": "Feature", "geometry": {"type": "LineString", "coordinates": [[73.09344360773568, 51.79953713384505], [73.0886520040685, 51.83644429148799]]}, "properties": {"source": "27397457", "target": "19185440"}}, {"type": "Feature", "geometry": {"type": "LineString", "coordinates": [[73.07496580404677, 51.831317354819674], [73.063191343684, 51.811600731604074]]}, "properties": {"source": "36125570", "target": "10399390"}}, {"type": "Feature", "geometry": {"type": "LineString", "coordinates": [[73.07496580404677, 51.831317354819674], [73.00902558587404, 51.812894651766314]]}, "properties": {"source": "36125570", "target": "3231448"}}, {"type": "Feature", "geometry": {"type": "LineString", "coordinates": [[73.07496580404677, 51.831317354819674], [72.99764448947673, 51.83062828153318]]}, "properties": {"source": "36125570", "target": "12228628"}}, {"type": "Feature", "geometry": {"type": "LineString", "coordinates": [[73.07496580404677, 51.831317354819674], [73.020031222677, 51.815851566079175]]}, "properties": {"source": "36125570", "target": "10504539"}}, {"type": "Feature", "geometry": {"type": "LineString", "coordinates": [[73.09698806125618, 51.813036520978926], [73.0937948466347, 51.83818600415654]]}, "properties": {"source": "409799", "target": "4184400"}}, {"type": "Feature", "geometry": {"type": "LineString", "coordinates": [[73.09698806125618, 51.813036520978926], [73.02690761309177, 51.83662616741729]]}, "properties": {"source": "409799", "target": "23438061"}}, {"type": "Feature", "geometry": {"type": "LineString", "coordinates": [[73.09698806125618, 51.813036520978926], [73.05827810818337, 51.83273909470246]]}, "properties": {"source": "409799", "target": "4955780"}}, {"type": "Feature", "geometry": {"type": "LineString", "coordinates": [[73.09698806125618, 51.813036520978926], [73.07313364674789, 51.821121805189534]]}, "properties": {"source": "409799", "target": "7161070"}}, {"type": "Feature", "geometry": {"type": "LineString", "coordinates": [[73.09698806125618, 51.813036520978926], [73.08997724332383, 51.83106666120439]]}, "properties": {"source": "409799", "target": "2480358"}}, {"type": "Feature", "geometry": {"type": "LineString", "coordinates": [[73.09698806125618, 51.813036520978926], [73.0510793675191, 51.83398606934095]]}, "properties": {"source": "409799", "target": "24552896"}}, {"type": "Feature", "geometry": {"type": "LineString", "coordinates": [[73.09698806125618, 51.813036520978926], [73.07801806278053, 51.81220103207768]]}, "properties": {"source": "409799", "target": "10451964"}}, {"type": "Feature", "geometry": {"type": "LineString", "coordinates": [[73.08671048789154, 51.820956552896575], [73.09698806125618, 51.813036520978926]]}, "properties": {"source": "35181991", "target": "409799"}}, {"type": "Feature", "geometry": {"type": "LineString", "coordinates": [[73.08671048789154, 51.820956552896575], [73.01698551204464, 51.80719272651939]]}, "properties": {"source": "35181991", "target": "29222561"}}, {"type": "Feature", "geometry": {"type": "LineString", "coordinates": [[73.08671048789154, 51.820956552896575], [73.00125679826556, 51.83581612640744]]}, "properties": {"source": "35181991", "target": "31570473"}}, {"type": "Feature", "geometry": {"type": "LineString", "coordinates": [[73.08671048789154, 51.820956552896575], [73.09445001390984, 51.79975170464081]]}, "properties": {"source": "35181991", "target": "33777903"}}, {"type": "Feature", "geometry": {"type": "LineString", "coordinates": [[73.09698806125618, 51.813036520978926], [73.10588672130152, 51.82425475452308]]}, "properties": {"source": "409799", "target": "375586"}}, {"type": "Feature", "geometry": {"type": "LineString", "coordinates": [[73.07173513107321, 51.82275961630097], [73.00294198997256, 51.82654478351698]]}, "properties": {"source": "479577", "target": "30356671"}}, {"type": "Feature", "geometry": {"type": "LineString", "coordinates": [[73.07173513107321, 51.82275961630097], [73.07761090404338, 51.82950243412586]]}, "properties": {"source": "479577", "target": "3765016"}}, {"type": "Feature", "geometry": {"type": "LineString", "coordinates": [[73.07173513107321, 51.82275961630097], [73.07545604214349, 51.80101818865964]]}, "properties": {"source": "479577", "target": "409804"}}, {"type": "Feature", "geometry": {"type": "LineString", "coordinates": [[73.07173513107321, 51.82275961630097], [73.05629481797544, 51.80742507444198]]}, "properties": {"source": "479577", "target": "5463493"}}, {"type": "Feature", "geometry": {"type": "LineString", "coordinates": [[73.07173513107321, 51.82275961630097], [73.02558742854015, 51.799711423892816]]}, "properties": {"source": "479577", "target": "62354"}}, {"type": "Feature", "geometry": {"type": "LineString", "coordinates": [[73.07173513107321, 51.82275961630097], [73.07174525596386, 51.81836688632333]]}, "properties": {"source": "479577", "target": "3387770"}}, {"type": "Feature", "geometry": {"type": "LineString", "coordinates": [[73.07173513107321, 51.82275961630097], [73.07358862429783, 51.80871216158836]]}, "properties": {"source": "479577", "target": "16133125"}}, {"type": "Feature", "geometry": {"type": "LineString", "coordinates": [[73.07173513107321, 51.82275961630097], [73.09381491444847, 51.82194862855489]]}, "properties": {"source": "479577", "target": "12718767"}}, {"type": "Feature", "geometry": {"type": "LineString", "coordinates": [[73.07173513107321, 51.82275961630097], [72.99697654739995, 51.80385592273166]]}, "properties": {"source": "479577", "target": "10321026"}}, {"type": "Feature", "geometry": {"type": "LineString", "coordinates": [[73.07173513107321, 51.82275961630097], [73.06807859498687, 51.823837927379984]]}, "properties": {"source": "479577", "target": "3882776"}}, {"type": "Feature", "geometry": {"type": "LineString", "coordinates": [[73.07173513107321, 51.82275961630097], [73.03471803272839, 51.817924660251634]]}, "properties": {"source": "479577", "target": "53695"}}, {"type": "Feature", "geometry": {"type": "LineString", "coordinates": [[73.07173513107321, 51.82275961630097], [73.10039728200547, 51.830932391713276]]}, "properties": {"source": "479577", "target": "843485"}}, {"type": "Feature", "geometry": {"type": "LineString", "coordinates": [[73.07173513107321, 51.82275961630097], [73.07343447852969, 51.80952141912506]]}, "properties": {"source": "479577", "target": "15457336"}}, {"type": "Feature", "geometry": {"type": "LineString", "coordinates": [[73.07173513107321, 51.82275961630097], [73.09041661947407, 51.8154963797697]]}, "properties": {"source": "479577", "target": "6897469"}}, {"type": "Feature", "geometry": {"type": "LineString", "coordinates": [[73.04312539549798, 51.822660420363775], [73.11213420372883, 51.80828903188538]]}, "properties": {"source": "6432863", "target": "8714958"}}, {"type": "Feature", "geometry": {"type": "LineString", "coordinates": [[73.07173513107321, 51.82275961630097], [73.10588672130152, 51.82425475452308]]}, "properties": {"source": "479577", "target": "375586"}}, {"type": "Feature", "geometry": {"type": "LineString", "coordinates": [[73.07761090404338, 51.82950243412586], [73.09698806125618, 51.813036520978926]]}, "properties": {"source": "3765016", "target": "409799"}}, {"type": "Feature", "geometry": {"type": "LineString", "coordinates": [[73.07761090404338, 51.82950243412586], [72.99763406920093, 51.82702866503065]]}, "properties": {"source": "3765016", "target": "4202513"}}, {"type": "Feature", "geometry": {"type": "LineString", "coordinates": [[73.07761090404338, 51.82950243412586], [73.0937948466347, 51.83818600415654]]}, "properties": {"source": "3765016", "target": "4184400"}}, {"type": "Feature", "geometry": {"type": "LineString", "coordinates": [[73.07761090404338, 51.82950243412586], [73.07067042223738, 51.82344236051536]]}, "properties": {"source": "3765016", "target": "2352358"}}, {"type": "Feature", "geometry": {"type": "LineString", "coordinates": [[73.07761090404338, 51.82950243412586], [73.0510793675191, 51.83398606934095]]}, "properties": {"source": "3765016", "target": "24552896"}}, {"type": "Feature", "geometry": {"type": "LineString", "coordinates": [[73.07761090404338, 51.82950243412586], [73.02558742854015, 51.799711423892816]]}, "properties": {"source": "3765016", "target": "62354"}}, {"type": "Feature", "geometry": {"type": "LineString", "coordinates": [[73.07761090404338, 51.82950243412586], [73.07174525596386, 51.81836688632333]]}, "properties": {"source": "3765016", "target": "3387770"}}, {"type": "Feature", "geometry": {"type": "LineString", "coordinates": [[73.07761090404338, 51.82950243412586], [73.113405271098, 51.804416096900596]]}, "properties": {"source": "3765016", "target": "5717970"}}, {"type": "Feature", "geometry": {"type": "LineString", "coordinates": [[73.07761090404338, 51.82950243412586], [73.112028501373, 51.81465307126132]]}, "properties": {"source": "3765016", "target": "3718548"}}, {"type": "Feature", "geometry": {"type": "LineString", "coordinates": [[73.04380069906821, 51.81043293570323], [73.06839761177989, 51.80052778303396]]}, "properties": {"source": "8577965", "target": "8776687"}}, {"type": "Feature", "geometry": {"type": "LineString", "coordinates": [[73.04380069906821, 51.81043293570323], [73.09069492446352, 51.83803981048598]]}, "properties": {"source": "8577965", "target": "7934296"}}, {"type": "Feature", "geometry": {"type": "LineString", "coordinates": [[73.04380069906821, 51.81043293570323], [73.09606335917047, 51.83719680068519]]}, "properties": {"source": "8577965", "target": "7935023"}}, {"type": "Feature", "geometry": {"type": "LineString", "coordinates": [[73.04380069906821, 51.81043293570323], [72.99826636356761, 51.812223625480044]]}, "properties": {"source": "8577965", "target": "6568801"}}, {"type": "Feature", "geometry": {"type": "LineString", "coordinates": [[73.04380069906821, 51.81043293570323], [73.0948514260972, 51.814742154146785]]}, "properties": {"source": "8577965", "target": "8504174"}}, {"type": "Feature", "geometry": {"type": "LineString", "coordinates": [[73.04380069906821, 51.81043293570323], [73.06924657979374, 51.82768262999646]]}, "properties": {"source": "8577965", "target": "8339092"}}, {"type": "Feature", "geometry": {"type": "LineString", "coordinates": [[73.07761090404338, 51.82950243412586], [73.10588672130152, 51.82425475452308]]}, "properties": {"source": "3765016", "target": "375586"}}, {"type": "Feature", "geometry": {"type": "LineString", "coordinates": [[73.03929174802639, 51.83255341342294], [73.03705101577873, 51.801797404370404]]}, "properties": {"source": "30288076", "target": "10162395"}}, {"type": "Feature", "geometry": {"type": "LineString", "coordinates": [[73.10017023704862, 51.801935141873], [73.04793420723243, 51.82154350665108]]}, "properties": {"source": "10292318", "target": "18811755"}}, {"type": "Feature", "geometry": {"type": "LineString", "coordinates": [[73.11135716166396, 51.81013211925895], [73.0092274370069, 51.83862718525994]]}, "properties": {"source": "15822364", "target": "18284888"}}, {"type": "Feature", "geometry": {"type": "LineString", "coordinates": [[73.11135716166396, 51.81013211925895], [73.02993944104395, 51.836132503154616]]}, "properties": {"source": "15822364", "target": "17619694"}}, {"type": "Feature", "geometry": {"type": "LineString", "coordinates": [[73.11135716166396, 51.81013211925895], [73.01621611338138, 51.80499561502039]]}, "properties": {"source": "15822364", "target": "16103356"}}, {"type": "Feature", "geometry": {"type": "LineString", "coordinates": [[73.08333976766568, 51.82909492164849], [73.09298844515072, 51.82370086453177]]}, "properties": {"source": "3944500", "target": "9773348"}}, {"type": "Feature", "geometry": {"type": "LineString", "coordinates": [[73.08333976766568, 51.82909492164849], [73.0843315767687, 51.82933560408877]]}, "properties": {"source": "3944500", "target": "8526892"}}, {"type": "Feature", "geometry": {"type": "LineString", "coordinates": [[73.08333976766568, 51.82909492164849], [73.02161986975509, 51.813890018874616]]}, "properties": {"source": "3944500", "target": "99523"}}, {"type": "Feature", "geometry": {"type": "LineString", "coordinates": [[73.08333976766568, 51.82909492164849], [73.02131575740339, 51.838264031413544]]}, "properties": {"source": "3944500", "target": "9498888"}}, {"type": "Feature", "geometry": {"type": "LineString", "coordinates": [[73.0655164673266, 51.82490220201761], [73.09445001390984, 51.79975170464081]]}, "properties": {"source": "18462558", "target": "33777903"}}, {"type": "Feature", "geometry": {"type": "LineString", "coordinates": [[73.0655164673266, 51.82490220201761], [73.10199134034244, 51.835359113854636]]}, "properties": {"source": "18462558", "target": "20411119"}}, {"type": "Feature", "geometry": {"type": "LineString", "coordinates": [[73.00189746122695, 51.803856666139524], [73.07000043049305, 51.8197590224201]]}, "properties": {"source": "337611", "target": "34211699"}}, {"type": "Feature", "geometry": {"type": "LineString", "coordinates": [[73.00189746122695, 51.803856666139524], [73.02089420605154, 51.805358265472336]]}, "properties": {"source": "337611", "target": "35609576"}}, {"type": "Feature", "geometry": {"type": "LineString", "coordinates": [[73.06479841623161, 51.83366853817127], [73.00857774861899, 51.835213841274935]]}, "properties": {"source": "10297927", "target": "18039782"}}, {"type": "Feature", "geometry": {"type": "LineString", "coordinates": [[73.06479841623161, 51.83366853817127], [73.01319985447518, 51.819357733621175]]}, "properties": {"source": "10297927", "target": "18039803"}}, {"type": "Feature", "geometry": {"type": "LineString", "coordinates": [[73.00189746122695, 51.803856666139524], [73.01768869334018, 51.81475415556427]]}, "properties": {"source": "337611", "target": "28467977"}}, {"type": "Feature", "geometry": {"type": "LineString", "coordinates": [[73.07970920428943, 51.826991713706676], [73.08671048789154, 51.820956552896575]]}, "properties": {"source": "3985498", "target": "35181991"}}, {"type": "Feature", "geometry": {"type": "LineString", "coordinates": [[73.07970920428943, 51.826991713706676], [73.00125679826556, 51.83581612640744]]}, "properties": {"source": "3985498", "target": "31570473"}}, {"type": "Feature", "geometry": {"type": "LineString", "coordinates": [[73.07970920428943, 51.826991713706676], [73.09445001390984, 51.79975170464081]]}, "properties": {"source": "3985498", "target": "33777903"}}, {"type": "Feature", "geometry": {"type": "LineString", "coordinates": [[73.07970920428943, 51.826991713706676], [73.07660971532528, 51.82548231421305]]}, "properties": {"source": "3985498", "target": "3390057"}}, {"type": "Feature", "geometry": {"type": "LineString", "coordinates": [[73.07823252530127, 51.832149717391175], [73.09458576522661, 51.82871789673665]]}, "properties": {"source": "7978086", "target": "6607187"}}, {"type": "Feature", "geometry": {"type": "LineString", "coordinates": [[73.07823252530127, 51.832149717391175], [73.02566024032757, 51.83742900326938]]}, "properties": {"source": "7978086", "target": "7161183"}}, {"type": "Feature", "geometry": {"type": "LineString", "coordinates": [[73.07823252530127, 51.832149717391175], [73.05827810818337, 51.83273909470246]]}, "properties": {"source": "7978086", "target": "4955780"}}, {"type": "Feature", "geometry": {"type": "LineString", "coordinates": [[73.07823252530127, 51.832149717391175], [73.07313364674789, 51.821121805189534]]}, "properties": {"source": "7978086", "target": "7161070"}}, {"type": "Feature", "geometry": {"type": "LineString", "coordinates": [[73.07823252530127, 51.832149717391175], [73.024710850659, 51.81089676243967]]}, "properties": {"source": "7978086", "target": "6607188"}}, {"type": "Feature", "geometry": {"type": "LineString", "coordinates": [[73.07823252530127, 51.832149717391175], [73.08955972594137, 51.81407721093653]]}, "properties": {"source": "7978086", "target": "8719673"}}, {"type": "Feature", "geometry": {"type": "LineString", "coordinates": [[73.07823252530127, 51.832149717391175], [73.02610169901291, 51.7993437742967]]}, "properties": {"source": "7978086", "target": "7150220"}}, {"type": "Feature", "geometry": {"type": "LineString", "coordinates": [[73.07823252530127, 51.832149717391175], [73.02299373536988, 51.80130658902054]]}, "properties": {"source": "7978086", "target": "9508129"}}, {"type": "Feature", "geometry": {"type": "LineString", "coordinates": [[73.07823252530127, 51.832149717391175], [72.99919042495392, 51.83758069663365]]}, "properties": {"source": "7978086", "target": "6416304"}}, {"type": "Feature", "geometry": {"type": "LineString", "coordinates": [[73.07823252530127, 51.832149717391175], [73.11423198404506, 51.80702950408714]]}, "properties": {"source": "7978086", "target": "6296208"}}, {"type": "Feature", "geometry": {"type": "LineString", "coordinates": [[73.07823252530127, 51.832149717391175], [73.02131575740339, 51.838264031413544]]}, "properties": {"source": "7978086", "target": "9498888"}}, {"type": "Feature", "geometry": {"type": "LineString", "coordinates": [[73.07823252530127, 51.832149717391175], [73.06252499852684, 51.837605267476334]]}, "properties": {"source": "7978086", "target": "6553116"}}, {"type": "Feature", "geometry": {"type": "LineString", "coordinates": [[73.08386560230625, 51.83784263863177], [73.03274617135975, 51.831208344322874]]}, "properties": {"source": "25748174", "target": "17906580"}}, {"type": "Feature", "geometry": {"type": "LineString", "coordinates": [[73.08386560230625, 51.83784263863177], [73.04867622266207, 51.819545354554606]]}, "properties": {"source": "25748174", "target": "30520932"}}, {"type": "Feature", "geometry": {"type": "LineString", "coordinates": [[73.08386560230625, 51.83784263863177], [73.02588641550881, 51.80611005631184]]}, "properties": {"source": "25748174", "target": "297388"}}, {"type": "Feature", "geometry": {"type": "LineString", "coordinates": [[73.08386560230625, 51.83784263863177], [73.0960620793548, 51.81837710750237]]}, "properties": {"source": "25748174", "target": "24894002"}}, {"type": "Feature", "geometry": {"type": "LineString", "coordinates": [[73.08386560230625, 51.83784263863177], [73.05582636002805, 51.81383738239829]]}, "properties": {"source": "25748174", "target": "18886985"}}, {"type": "Feature", "geometry": {"type": "LineString", "coordinates": [[73.08386560230625, 51.83784263863177], [73.09145886449141, 51.820543860455814]]}, "properties": {"source": "25748174", "target": "1082852"}}, {"type": "Feature", "geometry": {"type": "LineString", "coordinates": [[73.08386560230625, 51.83784263863177], [73.02892852214526, 51.80013936649365]]}, "properties": {"source": "25748174", "target": "2210769"}}, {"type": "Feature", "geometry": {"type": "LineString", "coordinates": [[73.07545604214349, 51.80101818865964], [73.07496580404677, 51.831317354819674]]}, "properties": {"source": "409804", "target": "36125570"}}, {"type": "Feature", "geometry": {"type": "LineString", "coordinates": [[73.07545604214349, 51.80101818865964], [73.09698806125618, 51.813036520978926]]}, "properties": {"source": "409804", "target": "409799"}}, {"type": "Feature", "geometry": {"type": "LineString", "coordinates": [[73.07545604214349, 51.80101818865964], [73.08671048789154, 51.820956552896575]]}, "properties": {"source": "409804", "target": "35181991"}}, {"type": "Feature", "geometry": {"type": "LineString", "coordinates": [[73.07545604214349, 51.80101818865964], [73.06622152075133, 51.83363856034478]]}, "properties": {"source": "409804", "target": "36286400"}}, {"type": "Feature", "geometry": {"type": "LineString", "coordinates": [[73.07545604214349, 51.80101818865964], [72.99763406920093, 51.82702866503065]]}, "properties": {"source": "409804", "target": "4202513"}}, {"type": "Feature", "geometry": {"type": "LineString", "coordinates": [[73.07545604214349, 51.80101818865964], [73.0937948466347, 51.83818600415654]]}, "properties": {"source": "409804", "target": "4184400"}}, {"type": "Feature", "geometry": {"type": "LineString", "coordinates": [[73.07545604214349, 51.80101818865964], [73.05827810818337, 51.83273909470246]]}, "properties": {"source": "409804", "target": "4955780"}}, {"type": "Feature", "geometry": {"type": "LineString", "coordinates": [[73.08386560230625, 51.83784263863177], [73.10745333605189, 51.814853817414644]]}, "properties": {"source": "25748174", "target": "29436482"}}, {"type": "Feature", "geometry": {"type": "LineString", "coordinates": [[73.07545604214349, 51.80101818865964], [73.10197077134416, 51.826054951399755]]}, "properties": {"source": "409804", "target": "34611353"}}, {"type": "Feature", "geometry": {"type": "LineString", "coordinates": [[73.10806216121313, 51.829727054909924], [73.01468730347923, 51.81800763510634]]}, "properties": {"source": "10179181", "target": "13084791"}}, {"type": "Feature", "geometry": {"type": "LineString", "coordinates": [[73.10806216121313, 51.829727054909924], [73.02107393046577, 51.813516595861515]]}, "properties": {"source": "10179181", "target": "11432139"}}, {"type": "Feature", "geometry": {"type": "LineString", "coordinates": [[73.10806216121313, 51.829727054909924], [73.11133223589513, 51.826983571530846]]}, "properties": {"source": "10179181", "target": "13084774"}}, {"type": "Feature", "geometry": {"type": "LineString", "coordinates": [[73.0487543639253, 51.81506654212153], [73.04312539549798, 51.822660420363775]]}, "properties": {"source": "17787592", "target": "6432863"}}, {"type": "Feature", "geometry": {"type": "LineString", "coordinates": [[73.0487543639253, 51.81506654212153], [73.06801593920136, 51.83519773952999]]}, "properties": {"source": "17787592", "target": "15704236"}}, {"type": "Feature", "geometry": {"type": "LineString", "coordinates": [[73.0487543639253, 51.81506654212153], [73.05543878605678, 51.79987946439927]]}, "properties": {"source": "17787592", "target": "1794071"}}, {"type": "Feature", "geometry": {"type": "LineString", "coordinates": [[73.0487543639253, 51.81506654212153], [73.10940836404652, 51.812687832379524]]}, "properties": {"source": "17787592", "target": "24369858"}}, {"type": "Feature", "geometry": {"type": "LineString", "coordinates": [[73.08768431889308, 51.80349964609388], [73.07631692614973, 51.82654785569062]]}, "properties": {"source": "16168562", "target": "15909832"}}, {"type": "Feature", "geometry": {"type": "LineString", "coordinates": [[73.08768431889308, 51.80349964609388], [73.10701157934886, 51.81882482264889]]}, "properties": {"source": "16168562", "target": "17131082"}}, {"type": "Feature", "geometry": {"type": "LineString", "coordinates": [[73.08768431889308, 51.80349964609388], [73.0319104504145, 51.837013004782534]]}, "properties": {"source": "16168562", "target": "10442167"}}, {"type": "Feature", "geometry": {"type": "LineString", "coordinates": [[73.08768431889308, 51.80349964609388], [73.04675310077533, 51.813892326080065]]}, "properties": {"source": "16168562", "target": "16141555"}}, {"type": "Feature", "geometry": {"type": "LineString", "coordinates": [[73.0003619977009, 51.83355292763372], [73.07000043049305, 51.8197590224201]]}, "properties": {"source": "33773000", "target": "34211699"}}, {"type": "Feature", "geometry": {"type": "LineString", "coordinates": [[73.0003619977009, 51.83355292763372], [73.02089420605154, 51.805358265472336]]}, "properties": {"source": "33773000", "target": "35609576"}}, {"type": "Feature", "geometry": {"type": "LineString", "coordinates": [[73.0003619977009, 51.83355292763372], [73.00189746122695, 51.803856666139524]]}, "properties": {"source": "33773000", "target": "337611"}}, {"type": "Feature", "geometry": {"type": "LineString", "coordinates": [[73.0842239398861, 51.79980599573037], [73.04364290127015, 51.81211449651481]]}, "properties": {"source": "13664882", "target": "19666732"}}, {"type": "Feature", "geometry": {"type": "LineString", "coordinates": [[73.0003619977009, 51.83355292763372], [73.01768869334018, 51.81475415556427]]}, "properties": {"source": "33773000", "target": "28467977"}}, {"type": "Feature", "geometry": {"type": "LineString", "coordinates": [[73.09458576522661, 51.82871789673665], [73.09350720479708, 51.819546759276236]]}, "properties": {"source": "6607187", "target": "7872926"}}, {"type": "Feature", "geometry": {"type": "LineString", "coordinates": [[73.09458576522661, 51.82871789673665], [73.04215443161655, 51.827087934292194]]}, "properties": {"source": "6607187", "target": "6330122"}}, {"type": "Feature", "geometry": {"type": "LineString", "coordinates": [[73.09458576522661, 51.82871789673665], [73.05312811068117, 51.82661204823856]]}, "properties": {"source": "6607187", "target": "597051"}}, {"type": "Feature", "geometry": {"type": "LineString", "coordinates": [[73.09458576522661, 51.82871789673665], [73.04692162818395, 51.83439627859306]]}, "properties": {"source": "6607187", "target": "13058984"}}, {"type": "Feature", "geometry": {"type": "LineString", "coordinates": [[73.09458576522661, 51.82871789673665], [73.03818449510305, 51.80564969675984]]}, "properties": {"source": "6607187", "target": "6227167"}}, {"type": "Feature", "geometry": {"type": "LineString", "coordinates": [[73.07801443871165, 51.834206837461636], [73.09698806125618, 51.813036520978926]]}, "properties": {"source": "30356647", "target": "409799"}}, {"type": "Feature", "geometry": {"type": "LineString", "coordinates": [[73.07801443871165, 51.834206837461636], [72.99763406920093, 51.82702866503065]]}, "properties": {"source": "30356647", "target": "4202513"}}, {"type": "Feature", "geometry": {"type": "LineString", "coordinates": [[73.07801443871165, 51.834206837461636], [73.0937948466347, 51.83818600415654]]}, "properties": {"source": "30356647", "target": "4184400"}}, {"type": "Feature", "geometry": {"type": "LineString", "coordinates": [[73.07801443871165, 51.834206837461636], [73.07173513107321, 51.82275961630097]]}, "properties": {"source": "30356647", "target": "479577"}}, {"type": "Feature", "geometry": {"type": "LineString", "coordinates": [[73.07801443871165, 51.834206837461636], [73.07067042223738, 51.82344236051536]]}, "properties": {"source": "30356647", "target": "2352358"}}, {"type": "Feature", "geometry": {"type": "LineString", "coordinates": [[73.07801443871165, 51.834206837461636], [73.05487743922146, 51.80504490536299]]}, "properties": {"source": "30356647", "target": "26836912"}}, {"type": "Feature", "geometry": {"type": "LineString", "coordinates": [[73.07801443871165, 51.834206837461636], [73.00294198997256, 51.82654478351698]]}, "properties": {"source": "30356647", "target": "30356671"}}, {"type": "Feature", "geometry": {"type": "LineString", "coordinates": [[73.07801443871165, 51.834206837461636], [73.07761090404338, 51.82950243412586]]}, "properties": {"source": "30356647", "target": "3765016"}}, {"type": "Feature", "geometry": {"type": "LineString", "coordinates": [[73.07801443871165, 51.834206837461636], [73.07853047620088, 51.81421893567074]]}, "properties": {"source": "30356647", "target": "22816088"}}, {"type": "Feature", "geometry": {"type": "LineString", "coordinates": [[73.09458576522661, 51.82871789673665], [73.07282253544392, 51.799655859356264]]}, "properties": {"source": "6607187", "target": "5967419"}}, {"type": "Feature", "geometry": {"type": "LineString", "coordinates": [[73.07801443871165, 51.834206837461636], [73.00934823131746, 51.811542730165215]]}, "properties": {"source": "30356647", "target": "32041226"}}, {"type": "Feature", "geometry": {"type": "LineString", "coordinates": [[73.07631692614973, 51.82654785569062], [73.06924657979374, 51.82768262999646]]}, "properties": {"source": "15909832", "target": "8339092"}}, {"type": "Feature", "geometry": {"type": "LineString", "coordinates": [[73.07631692614973, 51.82654785569062], [73.10701157934886, 51.81882482264889]]}, "properties": {"source": "15909832", "target": "17131082"}}, {"type": "Feature", "geometry": {"type": "LineString", "coordinates": [[73.07631692614973, 51.82654785569062], [73.04675310077533, 51.813892326080065]]}, "properties": {"source": "15909832", "target": "16141555"}}, {"type": "Feature", "geometry": {"type": "LineString", "coordinates": [[73.07631692614973, 51.82654785569062], [73.11257075899809, 51.805832554410415]]}, "properties": {"source": "15909832", "target": "7906880"}}, {"type": "Feature", "geometry": {"type": "LineString", "coordinates": [[73.07340791208449, 51.806360948640986], [73.0843315767687, 51.82933560408877]]}, "properties": {"source": "12054357", "target": "8526892"}}, {"type": "Feature", "geometry": {"type": "LineString", "coordinates": [[73.07340791208449, 51.806360948640986], [73.01684344072046, 51.82251614871947]]}, "properties": {"source": "12054357", "target": "8135296"}}, {"type": "Feature", "geometry": {"type": "LineString", "coordinates": [[73.07340791208449, 51.806360948640986], [73.10014248924628, 51.810462543223124]]}, "properties": {"source": "12054357", "target": "6965404"}}, {"type": "Feature", "geometry": {"type": "LineString", "coordinates": [[73.07340791208449, 51.806360948640986], [73.06282884960186, 51.81500416356948]]}, "properties": {"source": "12054357", "target": "13575314"}}, {"type": "Feature", "geometry": {"type": "LineString", "coordinates": [[73.00711745660664, 51.80654417220467], [73.07801443871165, 51.834206837461636]]}, "properties": {"source": "200006", "target": "30356647"}}, {"type": "Feature", "geometry": {"type": "LineString", "coordinates": [[73.00711745660664, 51.80654417220467], [73.07067042223738, 51.82344236051536]]}, "properties": {"source": "200006", "target": "2352358"}}, {"type": "Feature", "geometry": {"type": "LineString", "coordinates": [[73.00711745660664, 51.80654417220467], [73.05487743922146, 51.80504490536299]]}, "properties": {"source": "200006", "target": "26836912"}}, {"type": "Feature", "geometry": {"type": "LineString", "coordinates": [[73.00711745660664, 51.80654417220467], [73.00294198997256, 51.82654478351698]]}, "properties": {"source": "200006", "target": "30356671"}}, {"type": "Feature", "geometry": {"type": "LineString", "coordinates": [[73.00711745660664, 51.80654417220467], [73.07853047620088, 51.81421893567074]]}, "properties": {"source": "200006", "target": "22816088"}}, {"type": "Feature", "geometry": {"type": "LineString", "coordinates": [[73.00711745660664, 51.80654417220467], [73.03580507881645, 51.81769488304451]]}, "properties": {"source": "200006", "target": "18742422"}}, {"type": "Feature", "geometry": {"type": "LineString", "coordinates": [[73.00711745660664, 51.80654417220467], [73.09392211821915, 51.82343368999423]]}, "properties": {"source": "200006", "target": "22852848"}}, {"type": "Feature", "geometry": {"type": "LineString", "coordinates": [[73.07340791208449, 51.806360948640986], [73.05561589575632, 51.82258280721955]]}, "properties": {"source": "12054357", "target": "1896120"}}, {"type": "Feature", "geometry": {"type": "LineString", "coordinates": [[73.02519306631231, 51.80375357350506], [73.098674847599, 51.80379478657322]]}, "properties": {"source": "6389450", "target": "8632531"}}, {"type": "Feature", "geometry": {"type": "LineString", "coordinates": [[73.02519306631231, 51.80375357350506], [72.99763406920093, 51.82702866503065]]}, "properties": {"source": "6389450", "target": "4202513"}}, {"type": "Feature", "geometry": {"type": "LineString", "coordinates": [[73.02519306631231, 51.80375357350506], [73.0937948466347, 51.83818600415654]]}, "properties": {"source": "6389450", "target": "4184400"}}, {"type": "Feature", "geometry": {"type": "LineString", "coordinates": [[73.02519306631231, 51.80375357350506], [73.07173513107321, 51.82275961630097]]}, "properties": {"source": "6389450", "target": "479577"}}, {"type": "Feature", "geometry": {"type": "LineString", "coordinates": [[73.02519306631231, 51.80375357350506], [73.05882508382783, 51.79992613008655]]}, "properties": {"source": "6389450", "target": "902854"}}, {"type": "Feature", "geometry": {"type": "LineString", "coordinates": [[73.02519306631231, 51.80375357350506], [73.00247559729982, 51.80244757336936]]}, "properties": {"source": "6389450", "target": "6947879"}}, {"type": "Feature", "geometry": {"type": "LineString", "coordinates": [[73.02519306631231, 51.80375357350506], [73.0244252921274, 51.808825293600236]]}, "properties": {"source": "6389450", "target": "6391108"}}, {"type": "Feature", "geometry": {"type": "LineString", "coordinates": [[73.02519306631231, 51.80375357350506], [73.07761090404338, 51.82950243412586]]}, "properties": {"source": "6389450", "target": "3765016"}}, {"type": "Feature", "geometry": {"type": "LineString", "coordinates": [[73.02519306631231, 51.80375357350506], [73.00340497154781, 51.82774335021344]]}, "properties": {"source": "6389450", "target": "4211595"}}, {"type": "Feature", "geometry": {"type": "LineString", "coordinates": [[73.02519306631231, 51.80375357350506], [73.03926886476142, 51.823590285154154]]}, "properties": {"source": "6389450", "target": "9151092"}}, {"type": "Feature", "geometry": {"type": "LineString", "coordinates": [[73.02519306631231, 51.80375357350506], [73.05629481797544, 51.80742507444198]]}, "properties": {"source": "6389450", "target": "5463493"}}, {"type": "Feature", "geometry": {"type": "LineString", "coordinates": [[73.02519306631231, 51.80375357350506], [73.02131575740339, 51.838264031413544]]}, "properties": {"source": "6389450", "target": "9498888"}}, {"type": "Feature", "geometry": {"type": "LineString", "coordinates": [[73.02519306631231, 51.80375357350506], [73.02558742854015, 51.799711423892816]]}, "properties": {"source": "6389450", "target": "62354"}}, {"type": "Feature", "geometry": {"type": "LineString", "coordinates": [[73.02519306631231, 51.80375357350506], [73.07174525596386, 51.81836688632333]]}, "properties": {"source": "6389450", "target": "3387770"}}, {"type": "Feature", "geometry": {"type": "LineString", "coordinates": [[73.02519306631231, 51.80375357350506], [73.07358862429783, 51.80871216158836]]}, "properties": {"source": "6389450", "target": "16133125"}}, {"type": "Feature", "geometry": {"type": "LineString", "coordinates": [[73.02519306631231, 51.80375357350506], [73.10588672130152, 51.82425475452308]]}, "properties": {"source": "6389450", "target": "375586"}}, {"type": "Feature", "geometry": {"type": "LineString", "coordinates": [[73.03813488309643, 51.79942724511214], [72.99826636356761, 51.812223625480044]]}, "properties": {"source": "7183286", "target": "6568801"}}, {"type": "Feature", "geometry": {"type": "LineString", "coordinates": [[73.03813488309643, 51.79942724511214], [73.04380069906821, 51.81043293570323]]}, "properties": {"source": "7183286", "target": "8577965"}}, {"type": "Feature", "geometry": {"type": "LineString", "coordinates": [[73.03813488309643, 51.79942724511214], [73.0680734794735, 51.821304469154214]]}, "properties": {"source": "7183286", "target": "25686515"}}, {"type": "Feature", "geometry": {"type": "LineString", "coordinates": [[73.03813488309643, 51.79942724511214], [73.03297566798247, 51.837908637468814]]}, "properties": {"source": "7183286", "target": "28487078"}}, {"type": "Feature", "geometry": {"type": "LineString", "coordinates": [[73.03813488309643, 51.79942724511214], [73.03380560390286, 51.818350598236435]]}, "properties": {"source": "7183286", "target": "21825673"}}, {"type": "Feature", "geometry": {"type": "LineString", "coordinates": [[73.03813488309643, 51.79942724511214], [73.0050938404257, 51.827560274796795]]}, "properties": {"source": "7183286", "target": "6365288"}}, {"type": "Feature", "geometry": {"type": "LineString", "coordinates": [[73.03813488309643, 51.79942724511214], [72.99711018502589, 51.81483763339703]]}, "properties": {"source": "7183286", "target": "15749863"}}, {"type": "Feature", "geometry": {"type": "LineString", "coordinates": [[73.03813488309643, 51.79942724511214], [72.99915555906193, 51.81240163385719]]}, "properties": {"source": "7183286", "target": "22064268"}}, {"type": "Feature", "geometry": {"type": "LineString", "coordinates": [[73.03813488309643, 51.79942724511214], [73.00444981056461, 51.8141214735402]]}, "properties": {"source": "7183286", "target": "13244678"}}, {"type": "Feature", "geometry": {"type": "LineString", "coordinates": [[73.03813488309643, 51.79942724511214], [73.03490433995293, 51.83223355353499]]}, "properties": {"source": "7183286", "target": "34621234"}}, {"type": "Feature", "geometry": {"type": "LineString", "coordinates": [[73.03813488309643, 51.79942724511214], [73.07449835395494, 51.812539870310644]]}, "properties": {"source": "7183286", "target": "6391136"}}, {"type": "Feature", "geometry": {"type": "LineString", "coordinates": [[73.05428121644451, 51.8149597151162], [73.07313364674789, 51.821121805189534]]}, "properties": {"source": "9528055", "target": "7161070"}}, {"type": "Feature", "geometry": {"type": "LineString", "coordinates": [[73.05428121644451, 51.8149597151162], [73.08955972594137, 51.81407721093653]]}, "properties": {"source": "9528055", "target": "8719673"}}, {"type": "Feature", "geometry": {"type": "LineString", "coordinates": [[73.05428121644451, 51.8149597151162], [73.01395305869332, 51.8146358532007]]}, "properties": {"source": "9528055", "target": "99500"}}, {"type": "Feature", "geometry": {"type": "LineString", "coordinates": [[73.05428121644451, 51.8149597151162], [73.08055178085093, 51.80953361619241]]}, "properties": {"source": "9528055", "target": "99499"}}, {"type": "Feature", "geometry": {"type": "LineString", "coordinates": [[73.05428121644451, 51.8149597151162], [73.09752519426658, 51.8313978964259]]}, "properties": {"source": "9528055", "target": "866119"}}, {"type": "Feature", "geometry": {"type": "LineString", "coordinates": [[73.02558540541784, 51.83439830242055], [72.99915555906193, 51.81240163385719]]}, "properties": {"source": "16301104", "target": "22064268"}}, {"type": "Feature", "geometry": {"type": "LineString", "coordinates": [[73.02558540541784, 51.83439830242055], [73.01319985447518, 51.819357733621175]]}, "properties": {"source": "16301104", "target": "18039803"}}, {"type": "Feature", "geometry": {"type": "LineString", "coordinates": [[73.03487021716651, 51.81250488333532], [73.06919773645657, 51.80704665677722]]}, "properties": {"source": "10610657", "target": "13108580"}}, {"type": "Feature", "geometry": {"type": "LineString", "coordinates": [[73.03487021716651, 51.81250488333532], [73.045830451829, 51.82965075857581]]}, "properties": {"source": "10610657", "target": "12207539"}}, {"type": "Feature", "geometry": {"type": "LineString", "coordinates": [[73.04235241724695, 51.812845159899425], [73.0282153061462, 51.81186700652556]]}, "properties": {"source": "11080270", "target": "17727347"}}, {"type": "Feature", "geometry": {"type": "LineString", "coordinates": [[73.07823252530127, 51.832149717391175], [73.09752519426658, 51.8313978964259]]}, "properties": {"source": "7978086", "target": "866119"}}, {"type": "Feature", "geometry": {"type": "LineString", "coordinates": [[73.07823252530127, 51.832149717391175], [73.01942790363688, 51.83087806059848]]}, "properties": {"source": "7978086", "target": "833985"}}, {"type": "Feature", "geometry": {"type": "LineString", "coordinates": [[73.07823252530127, 51.832149717391175], [73.05312811068117, 51.82661204823856]]}, "properties": {"source": "7978086", "target": "597051"}}, {"type": "Feature", "geometry": {"type": "LineString", "coordinates": [[73.07823252530127, 51.832149717391175], [73.0345612415775, 51.807876247176495]]}, "properties": {"source": "7978086", "target": "12911644"}}, {"type": "Feature", "geometry": {"type": "LineString", "coordinates": [[73.07823252530127, 51.832149717391175], [73.10467691184246, 51.82324413602926]]}, "properties": {"source": "7978086", "target": "6615715"}}, {"type": "Feature", "geometry": {"type": "LineString", "coordinates": [[73.07823252530127, 51.832149717391175], [73.09182064826987, 51.814035022280564]]}, "properties": {"source": "7978086", "target": "6754443"}}, {"type": "Feature", "geometry": {"type": "LineString", "coordinates": [[73.07984210715742, 51.82297792498093], [73.0863102389167, 51.8234394222802]]}, "properties": {"source": "34505606", "target": "34847787"}}, {"type": "Feature", "geometry": {"type": "LineString", "coordinates": [[73.07984210715742, 51.82297792498093], [73.07496580404677, 51.831317354819674]]}, "properties": {"source": "34505606", "target": "36125570"}}, {"type": "Feature", "geometry": {"type": "LineString", "coordinates": [[73.07984210715742, 51.82297792498093], [73.09698806125618, 51.813036520978926]]}, "properties": {"source": "34505606", "target": "409799"}}, {"type": "Feature", "geometry": {"type": "LineString", "coordinates": [[73.07984210715742, 51.82297792498093], [73.08671048789154, 51.820956552896575]]}, "properties": {"source": "34505606", "target": "35181991"}}, {"type": "Feature", "geometry": {"type": "LineString", "coordinates": [[73.07984210715742, 51.82297792498093], [73.10197077134416, 51.826054951399755]]}, "properties": {"source": "34505606", "target": "34611353"}}, {"type": "Feature", "geometry": {"type": "LineString", "coordinates": [[73.10514576306724, 51.83298388949579], [73.05327013941988, 51.83143978711348]]}, "properties": {"source": "18712162", "target": "21529671"}}, {"type": "Feature", "geometry": {"type": "LineString", "coordinates": [[73.0510793675191, 51.83398606934095], [73.07067042223738, 51.82344236051536]]}, "properties": {"source": "24552896", "target": "2352358"}}, {"type": "Feature", "geometry": {"type": "LineString", "coordinates": [[73.0510793675191, 51.83398606934095], [73.05487743922146, 51.80504490536299]]}, "properties": {"source": "24552896", "target": "26836912"}}, {"type": "Feature", "geometry": {"type": "LineString", "coordinates": [[73.05792316815288, 51.81124898898355], [73.0948514260972, 51.814742154146785]]}, "properties": {"source": "6413631", "target": "8504174"}}, {"type": "Feature", "geometry": {"type": "LineString", "coordinates": [[73.05792316815288, 51.81124898898355], [73.05726132531692, 51.83718924305049]]}, "properties": {"source": "6413631", "target": "7430094"}}, {"type": "Feature", "geometry": {"type": "LineString", "coordinates": [[73.09402627512645, 51.83011787085991], [73.01032592544655, 51.83070993299239]]}, "properties": {"source": "15813247", "target": "13561213"}}, {"type": "Feature", "geometry": {"type": "LineString", "coordinates": [[73.09402627512645, 51.83011787085991], [73.08176464940624, 51.83776445099191]]}, "properties": {"source": "15813247", "target": "19380816"}}, {"type": "Feature", "geometry": {"type": "LineString", "coordinates": [[73.09402627512645, 51.83011787085991], [73.07571374832852, 51.80353320191824]]}, "properties": {"source": "15813247", "target": "16035763"}}, {"type": "Feature", "geometry": {"type": "LineString", "coordinates": [[73.09402627512645, 51.83011787085991], [73.08019195920997, 51.82838011652339]]}, "properties": {"source": "15813247", "target": "15724912"}}, {"type": "Feature", "geometry": {"type": "LineString", "coordinates": [[73.04223285857739, 51.83775362277693], [73.04177548243217, 51.83415535007788]]}, "properties": {"source": "32786481", "target": "30323481"}}, {"type": "Feature", "geometry": {"type": "LineString", "coordinates": [[73.04223285857739, 51.83775362277693], [73.0008255470591, 51.800059700019105]]}, "properties": {"source": "32786481", "target": "30323463"}}, {"type": "Feature", "geometry": {"type": "LineString", "coordinates": [[73.04223285857739, 51.83775362277693], [73.09582943139574, 51.80247482697406]]}, "properties": {"source": "32786481", "target": "32023743"}}, {"type": "Feature", "geometry": {"type": "LineString", "coordinates": [[73.08033823265444, 51.80831702094952], [73.0509445156774, 51.823714124124436]]}, "properties": {"source": "29538718", "target": "32999459"}}, {"type": "Feature", "geometry": {"type": "LineString", "coordinates": [[73.08033823265444, 51.80831702094952], [73.10251542824332, 51.81121671931642]]}, "properties": {"source": "29538718", "target": "28678694"}}, {"type": "Feature", "geometry": {"type": "LineString", "coordinates": [[73.08033823265444, 51.80831702094952], [73.098333913175, 51.83392465912297]]}, "properties": {"source": "29538718", "target": "429955"}}, {"type": "Feature", "geometry": {"type": "LineString", "coordinates": [[73.04223285857739, 51.83775362277693], [72.99714327720511, 51.83471859138719]]}, "properties": {"source": "32786481", "target": "32786483"}}, {"type": "Feature", "geometry": {"type": "LineString", "coordinates": [[73.07598000061012, 51.824007529882394], [73.01150932051394, 51.8298671714294]]}, "properties": {"source": "16689126", "target": "16054304"}}, {"type": "Feature", "geometry": {"type": "LineString", "coordinates": [[73.03657783269759, 51.835509604143695], [72.99788797641966, 51.81492096610903]]}, "properties": {"source": "11545908", "target": "11229558"}}, {"type": "Feature", "geometry": {"type": "LineString", "coordinates": [[73.03839156190406, 51.816540722592734], [73.07067042223738, 51.82344236051536]]}, "properties": {"source": "13191202", "target": "2352358"}}, {"type": "Feature", "geometry": {"type": "LineString", "coordinates": [[73.10806216121313, 51.829727054909924], [73.09922112779506, 51.82624126316499]]}, "properties": {"source": "10179181", "target": "13084814"}}, {"type": "Feature", "geometry": {"type": "LineString", "coordinates": [[73.10586277619899, 51.808471151683335], [73.03705101577873, 51.801797404370404]]}, "properties": {"source": "18878490", "target": "10162395"}}, {"type": "Feature", "geometry": {"type": "LineString", "coordinates": [[72.99711018502589, 51.81483763339703], [73.09606335917047, 51.83719680068519]]}, "properties": {"source": "15749863", "target": "7935023"}}, {"type": "Feature", "geometry": {"type": "LineString", "coordinates": [[72.99711018502589, 51.81483763339703], [73.03380560390286, 51.818350598236435]]}, "properties": {"source": "15749863", "target": "21825673"}}, {"type": "Feature", "geometry": {"type": "LineString", "coordinates": [[72.99711018502589, 51.81483763339703], [73.01018617467662, 51.82293867183196]]}, "properties": {"source": "15749863", "target": "25686563"}}, {"type": "Feature", "geometry": {"type": "LineString", "coordinates": [[72.99711018502589, 51.81483763339703], [73.03705101577873, 51.801797404370404]]}, "properties": {"source": "15749863", "target": "10162395"}}, {"type": "Feature", "geometry": {"type": "LineString", "coordinates": [[73.10011795667762, 51.81900463509788], [73.01018617467662, 51.82293867183196]]}, "properties": {"source": "27811355", "target": "25686563"}}, {"type": "Feature", "geometry": {"type": "LineString", "coordinates": [[73.00902558587404, 51.812894651766314], [73.09445001390984, 51.79975170464081]]}, "properties": {"source": "3231448", "target": "33777903"}}, {"type": "Feature", "geometry": {"type": "LineString", "coordinates": [[73.04215443161655, 51.827087934292194], [73.07313364674789, 51.821121805189534]]}, "properties": {"source": "6330122", "target": "7161070"}}, {"type": "Feature", "geometry": {"type": "LineString", "coordinates": [[73.04215443161655, 51.827087934292194], [73.09752519426658, 51.8313978964259]]}, "properties": {"source": "6330122", "target": "866119"}}, {"type": "Feature", "geometry": {"type": "LineString", "coordinates": [[73.06924657979374, 51.82768262999646], [73.04675310077533, 51.813892326080065]]}, "properties": {"source": "8339092", "target": "16141555"}}, {"type": "Feature", "geometry": {"type": "LineString", "coordinates": [[73.06924657979374, 51.82768262999646], [73.11257075899809, 51.805832554410415]]}, "properties": {"source": "8339092", "target": "7906880"}}, {"type": "Feature", "geometry": {"type": "LineString", "coordinates": [[73.08735818527595, 51.834566994257116], [73.02690761309177, 51.83662616741729]]}, "properties": {"source": "13558183", "target": "23438061"}}, {"type": "Feature", "geometry": {"type": "LineString", "coordinates": [[73.00124729487186, 51.82672550359757], [73.10498966303152, 51.814372087981965]]}, "properties": {"source": "27237969", "target": "6404563"}}, {"type": "Feature", "geometry": {"type": "LineString", "coordinates": [[73.00124729487186, 51.82672550359757], [73.03241167982563, 51.82224899208133]]}, "properties": {"source": "27237969", "target": "19243415"}}, {"type": "Feature", "geometry": {"type": "LineString", "coordinates": [[73.00124729487186, 51.82672550359757], [73.04503676774377, 51.80897271303293]]}, "properties": {"source": "27237969", "target": "25393346"}}, {"type": "Feature", "geometry": {"type": "LineString", "coordinates": [[73.01942790363688, 51.83087806059848], [73.07313364674789, 51.821121805189534]]}, "properties": {"source": "833985", "target": "7161070"}}, {"type": "Feature", "geometry": {"type": "LineString", "coordinates": [[73.01942790363688, 51.83087806059848], [73.08955972594137, 51.81407721093653]]}, "properties": {"source": "833985", "target": "8719673"}}, {"type": "Feature", "geometry": {"type": "LineString", "coordinates": [[73.01942790363688, 51.83087806059848], [73.09752519426658, 51.8313978964259]]}, "properties": {"source": "833985", "target": "866119"}}, {"type": "Feature", "geometry": {"type": "LineString", "coordinates": [[73.08019195920997, 51.82838011652339], [73.07682656758973, 51.828907809093934]]}, "properties": {"source": "15724912", "target": "18484638"}}, {"type": "Feature", "geometry": {"type": "LineString", "coordinates": [[73.08019195920997, 51.82838011652339], [73.08176464940624, 51.83776445099191]]}, "properties": {"source": "15724912", "target": "19380816"}}, {"type": "Feature", "geometry": {"type": "LineString", "coordinates": [[73.08019195920997, 51.82838011652339], [73.09907762327316, 51.808006988970035]]}, "properties": {"source": "15724912", "target": "17312688"}}, {"type": "Feature", "geometry": {"type": "LineString", "coordinates": [[73.04503676774377, 51.80897271303293], [73.0433127296804, 51.81613972122784]]}, "properties": {"source": "25393346", "target": "28257615"}}, {"type": "Feature", "geometry": {"type": "LineString", "coordinates": [[73.04503676774377, 51.80897271303293], [73.07481391683899, 51.83486573703952]]}, "properties": {"source": "25393346", "target": "6398860"}}, {"type": "Feature", "geometry": {"type": "LineString", "coordinates": [[73.01621611338138, 51.80499561502039], [73.02993944104395, 51.836132503154616]]}, "properties": {"source": "16103356", "target": "17619694"}}, {"type": "Feature", "geometry": {"type": "LineString", "coordinates": [[73.01595319677236, 51.801189273519796], [73.07682656758973, 51.828907809093934]]}, "properties": {"source": "10734125", "target": "18484638"}}, {"type": "Feature", "geometry": {"type": "LineString", "coordinates": [[73.01595319677236, 51.801189273519796], [73.08176464940624, 51.83776445099191]]}, "properties": {"source": "10734125", "target": "19380816"}}, {"type": "Feature", "geometry": {"type": "LineString", "coordinates": [[73.01595319677236, 51.801189273519796], [73.07571374832852, 51.80353320191824]]}, "properties": {"source": "10734125", "target": "16035763"}}, {"type": "Feature", "geometry": {"type": "LineString", "coordinates": [[73.0747549259656, 51.80519348741785], [72.99788797641966, 51.81492096610903]]}, "properties": {"source": "29586537", "target": "11229558"}}, {"type": "Feature", "geometry": {"type": "LineString", "coordinates": [[73.01094826746015, 51.830402128771965], [73.08055178085093, 51.80953361619241]]}, "properties": {"source": "9946759", "target": "99499"}}, {"type": "Feature", "geometry": {"type": "LineString", "coordinates": [[73.05958198676791, 51.82596775409871], [73.09606335917047, 51.83719680068519]]}, "properties": {"source": "29918516", "target": "7935023"}}, {"type": "Feature", "geometry": {"type": "LineString", "coordinates": [[73.05958198676791, 51.82596775409871], [73.0008255470591, 51.800059700019105]]}, "properties": {"source": "29918516", "target": "30323463"}}, {"type": "Feature", "geometry": {"type": "LineString", "coordinates": [[73.11135716166396, 51.81013211925895], [73.0182222510488, 51.79934161073135]]}, "properties": {"source": "15822364", "target": "17338311"}}, {"type": "Feature", "geometry": {"type": "LineString", "coordinates": [[73.11135716166396, 51.81013211925895], [73.05875833381182, 51.82723635386631]]}, "properties": {"source": "15822364", "target": "17798537"}}, {"type": "Feature", "geometry": {"type": "LineString", "coordinates": [[73.00340497154781, 51.82774335021344], [73.06807859498687, 51.823837927379984]]}, "properties": {"source": "4211595", "target": "3882776"}}, {"type": "Feature", "geometry": {"type": "LineString", "coordinates": [[73.03926886476142, 51.823590285154154], [73.05882508382783, 51.79992613008655]]}, "properties": {"source": "9151092", "target": "902854"}}, {"type": "Feature", "geometry": {"type": "LineString", "coordinates": [[73.03926886476142, 51.823590285154154], [73.00247559729982, 51.80244757336936]]}, "properties": {"source": "9151092", "target": "6947879"}}, {"type": "Feature", "geometry": {"type": "LineString", "coordinates": [[73.03926886476142, 51.823590285154154], [73.09276702784487, 51.82596314771709]]}, "properties": {"source": "9151092", "target": "9686566"}}, {"type": "Feature", "geometry": {"type": "LineString", "coordinates": [[73.03926886476142, 51.823590285154154], [73.0329584130354, 51.827308374064955]]}, "properties": {"source": "9151092", "target": "98107"}}, {"type": "Feature", "geometry": {"type": "LineString", "coordinates": [[73.03926886476142, 51.823590285154154], [73.02131575740339, 51.838264031413544]]}, "properties": {"source": "9151092", "target": "9498888"}}, {"type": "Feature", "geometry": {"type": "LineString", "coordinates": [[73.03926886476142, 51.823590285154154], [73.0729226523056, 51.81465959179127]]}, "properties": {"source": "9151092", "target": "930763"}}, {"type": "Feature", "geometry": {"type": "LineString", "coordinates": [[73.03926886476142, 51.823590285154154], [73.03692778897081, 51.80229005749919]]}, "properties": {"source": "9151092", "target": "902992"}}, {"type": "Feature", "geometry": {"type": "LineString", "coordinates": [[73.03926886476142, 51.823590285154154], [73.10039728200547, 51.830932391713276]]}, "properties": {"source": "9151092", "target": "843485"}}, {"type": "Feature", "geometry": {"type": "LineString", "coordinates": [[73.03926886476142, 51.823590285154154], [73.08568090067138, 51.818752965933044]]}, "properties": {"source": "9151092", "target": "7454513"}}, {"type": "Feature", "geometry": {"type": "LineString", "coordinates": [[73.00340497154781, 51.82774335021344], [73.10588672130152, 51.82425475452308]]}, "properties": {"source": "4211595", "target": "375586"}}, {"type": "Feature", "geometry": {"type": "LineString", "coordinates": [[73.0345064099177, 51.80665788037405], [73.07000043049305, 51.8197590224201]]}, "properties": {"source": "23204993", "target": "34211699"}}, {"type": "Feature", "geometry": {"type": "LineString", "coordinates": [[73.0345064099177, 51.80665788037405], [73.02690761309177, 51.83662616741729]]}, "properties": {"source": "23204993", "target": "23438061"}}, {"type": "Feature", "geometry": {"type": "LineString", "coordinates": [[73.0345064099177, 51.80665788037405], [73.05827810818337, 51.83273909470246]]}, "properties": {"source": "23204993", "target": "4955780"}}, {"type": "Feature", "geometry": {"type": "LineString", "coordinates": [[73.0345064099177, 51.80665788037405], [73.07853047620088, 51.81421893567074]]}, "properties": {"source": "23204993", "target": "22816088"}}, {"type": "Feature", "geometry": {"type": "LineString", "coordinates": [[73.09396160859629, 51.82219274077879], [73.03380560390286, 51.818350598236435]]}, "properties": {"source": "23403267", "target": "21825673"}}, {"type": "Feature", "geometry": {"type": "LineString", "coordinates": [[73.09396160859629, 51.82219274077879], [73.01018617467662, 51.82293867183196]]}, "properties": {"source": "23403267", "target": "25686563"}}, {"type": "Feature", "geometry": {"type": "LineString", "coordinates": [[73.09396160859629, 51.82219274077879], [73.03705101577873, 51.801797404370404]]}, "properties": {"source": "23403267", "target": "10162395"}}, {"type": "Feature", "geometry": {"type": "LineString", "coordinates": [[73.09396160859629, 51.82219274077879], [73.0059044264994, 51.835182214354504]]}, "properties": {"source": "23403267", "target": "28097635"}}, {"type": "Feature", "geometry": {"type": "LineString", "coordinates": [[73.09396160859629, 51.82219274077879], [73.00349898309744, 51.816560318447074]]}, "properties": {"source": "23403267", "target": "21841705"}}, {"type": "Feature", "geometry": {"type": "LineString", "coordinates": [[73.11133223589513, 51.826983571530846], [73.07682656758973, 51.828907809093934]]}, "properties": {"source": "13084774", "target": "18484638"}}, {"type": "Feature", "geometry": {"type": "LineString", "coordinates": [[73.07801806278053, 51.81220103207768], [73.0345612415775, 51.807876247176495]]}, "properties": {"source": "10451964", "target": "12911644"}}, {"type": "Feature", "geometry": {"type": "LineString", "coordinates": [[73.05921629993534, 51.82443166770574], [73.0329584130354, 51.827308374064955]]}, "properties": {"source": "99489", "target": "98107"}}, {"type": "Feature", "geometry": {"type": "LineString", "coordinates": [[73.07765286005198, 51.819333403093665], [73.0463212721273, 51.8230340415452]]}, "properties": {"source": "2637133", "target": "20909943"}}, {"type": "Feature", "geometry": {"type": "LineString", "coordinates": [[73.07765286005198, 51.819333403093665], [73.05327013941988, 51.83143978711348]]}, "properties": {"source": "2637133", "target": "21529671"}}, {"type": "Feature", "geometry": {"type": "LineString", "coordinates": [[73.07765286005198, 51.819333403093665], [73.01482713873148, 51.81601481219887]]}, "properties": {"source": "2637133", "target": "13609497"}}, {"type": "Feature", "geometry": {"type": "LineString", "coordinates": [[73.0345064099177, 51.80665788037405], [73.05669654677328, 51.81490631374871]]}, "properties": {"source": "23204993", "target": "24548177"}}, {"type": "Feature", "geometry": {"type": "LineString", "coordinates": [[73.06975451488586, 51.81602239022244], [73.07954401647453, 51.820324284220916]]}, "properties": {"source": "25738918", "target": "26231883"}}, {"type": "Feature", "geometry": {"type": "LineString", "coordinates": [[73.06975451488586, 51.81602239022244], [73.03128722795844, 51.80383210887851]]}, "properties": {"source": "25738918", "target": "26079531"}}, {"type": "Feature", "geometry": {"type": "LineString", "coordinates": [[73.06975451488586, 51.81602239022244], [73.03019025915472, 51.804546484822126]]}, "properties": {"source": "25738918", "target": "25701031"}}, {"type": "Feature", "geometry": {"type": "LineString", "coordinates": [[73.02303789207258, 51.838034331523374], [73.10339306138891, 51.83868699525007]]}, "properties": {"source": "34418539", "target": "36213992"}}, {"type": "Feature", "geometry": {"type": "LineString", "coordinates": [[73.05629481797544, 51.80742507444198], [72.99763406920093, 51.82702866503065]]}, "properties": {"source": "5463493", "target": "4202513"}}, {"type": "Feature", "geometry": {"type": "LineString", "coordinates": [[73.05629481797544, 51.80742507444198], [73.0937948466347, 51.83818600415654]]}, "properties": {"source": "5463493", "target": "4184400"}}, {"type": "Feature", "geometry": {"type": "LineString", "coordinates": [[73.05629481797544, 51.80742507444198], [73.05882508382783, 51.79992613008655]]}, "properties": {"source": "5463493", "target": "902854"}}, {"type": "Feature", "geometry": {"type": "LineString", "coordinates": [[73.05629481797544, 51.80742507444198], [73.00247559729982, 51.80244757336936]]}, "properties": {"source": "5463493", "target": "6947879"}}, {"type": "Feature", "geometry": {"type": "LineString", "coordinates": [[73.05629481797544, 51.80742507444198], [73.07761090404338, 51.82950243412586]]}, "properties": {"source": "5463493", "target": "3765016"}}, {"type": "Feature", "geometry": {"type": "LineString", "coordinates": [[73.05629481797544, 51.80742507444198], [73.02558742854015, 51.799711423892816]]}, "properties": {"source": "5463493", "target": "62354"}}, {"type": "Feature", "geometry": {"type": "LineString", "coordinates": [[73.05629481797544, 51.80742507444198], [73.06807859498687, 51.823837927379984]]}, "properties": {"source": "5463493", "target": "3882776"}}, {"type": "Feature", "geometry": {"type": "LineString", "coordinates": [[73.05629481797544, 51.80742507444198], [73.03471803272839, 51.817924660251634]]}, "properties": {"source": "5463493", "target": "53695"}}, {"type": "Feature", "geometry": {"type": "LineString", "coordinates": [[73.10113361767455, 51.816704485836965], [73.11213420372883, 51.80828903188538]]}, "properties": {"source": "27858175", "target": "8714958"}}, {"type": "Feature", "geometry": {"type": "LineString", "coordinates": [[73.02303789207258, 51.838034331523374], [73.10197077134416, 51.826054951399755]]}, "properties": {"source": "34418539", "target": "34611353"}}, {"type": "Feature", "geometry": {"type": "LineString", "coordinates": [[73.05629481797544, 51.80742507444198], [73.00934823131746, 51.811542730165215]]}, "properties": {"source": "5463493", "target": "32041226"}}, {"type": "Feature", "geometry": {"type": "LineString", "coordinates": [[73.05629481797544, 51.80742507444198], [73.10588672130152, 51.82425475452308]]}, "properties": {"source": "5463493", "target": "375586"}}, {"type": "Feature", "geometry": {"type": "LineString", "coordinates": [[73.0680734794735, 51.821304469154214], [73.01018617467662, 51.82293867183196]]}, "properties": {"source": "25686515", "target": "25686563"}}, {"type": "Feature", "geometry": {"type": "LineString", "coordinates": [[73.0680734794735, 51.821304469154214], [73.09396160859629, 51.82219274077879]]}, "properties": {"source": "25686515", "target": "23403267"}}, {"type": "Feature", "geometry": {"type": "LineString", "coordinates": [[73.0680734794735, 51.821304469154214], [73.09582943139574, 51.80247482697406]]}, "properties": {"source": "25686515", "target": "32023743"}}, {"type": "Feature", "geometry": {"type": "LineString", "coordinates": [[72.99919042495392, 51.83758069663365], [73.04215443161655, 51.827087934292194]]}, "properties": {"source": "6416304", "target": "6330122"}}, {"type": "Feature", "geometry": {"type": "LineString", "coordinates": [[72.99919042495392, 51.83758069663365], [73.05312811068117, 51.82661204823856]]}, "properties": {"source": "6416304", "target": "597051"}}, {"type": "Feature", "geometry": {"type": "LineString", "coordinates": [[73.01773145608269, 51.80509964447141], [73.00015701886431, 51.80228195473636]]}, "properties": {"source": "10602337", "target": "17252697"}}, {"type": "Feature", "geometry": {"type": "LineString", "coordinates": [[73.01773145608269, 51.80509964447141], [73.09934559144514, 51.80864387718022]]}, "properties": {"source": "10602337", "target": "12340431"}}, {"type": "Feature", "geometry": {"type": "LineString", "coordinates": [[73.01773145608269, 51.80509964447141], [73.10514576306724, 51.83298388949579]]}, "properties": {"source": "10602337", "target": "18712162"}}, {"type": "Feature", "geometry": {"type": "LineString", "coordinates": [[73.01773145608269, 51.80509964447141], [73.05414297012416, 51.81571459577094]]}, "properties": {"source": "10602337", "target": "10180167"}}, {"type": "Feature", "geometry": {"type": "LineString", "coordinates": [[73.01773145608269, 51.80509964447141], [73.00260250700157, 51.799804787370675]]}, "properties": {"source": "10602337", "target": "10602493"}}, {"type": "Feature", "geometry": {"type": "LineString", "coordinates": [[73.00260250700157, 51.799804787370675], [73.09670332320607, 51.809065908838534]]}, "properties": {"source": "10602493", "target": "28508698"}}, {"type": "Feature", "geometry": {"type": "LineString", "coordinates": [[73.00260250700157, 51.799804787370675], [72.99777965034207, 51.83816137157264]]}, "properties": {"source": "10602493", "target": "28532228"}}, {"type": "Feature", "geometry": {"type": "LineString", "coordinates": [[73.00260250700157, 51.799804787370675], [73.01050774221301, 51.82946290756249]]}, "properties": {"source": "10602493", "target": "24073935"}}, {"type": "Feature", "geometry": {"type": "LineString", "coordinates": [[73.00260250700157, 51.799804787370675], [73.09358333489473, 51.827101629304494]]}, "properties": {"source": "10602493", "target": "10602422"}}, {"type": "Feature", "geometry": {"type": "LineString", "coordinates": [[73.03929174802639, 51.83255341342294], [73.09606335917047, 51.83719680068519]]}, "properties": {"source": "30288076", "target": "7935023"}}, {"type": "Feature", "geometry": {"type": "LineString", "coordinates": [[73.03929174802639, 51.83255341342294], [72.99711018502589, 51.81483763339703]]}, "properties": {"source": "30288076", "target": "15749863"}}, {"type": "Feature", "geometry": {"type": "LineString", "coordinates": [[73.09276702784487, 51.82596314771709], [73.05031190473716, 51.810483867361995]]}, "properties": {"source": "9686566", "target": "9686555"}}, {"type": "Feature", "geometry": {"type": "LineString", "coordinates": [[73.09276702784487, 51.82596314771709], [73.07801806278053, 51.81220103207768]]}, "properties": {"source": "9686566", "target": "10451964"}}, {"type": "Feature", "geometry": {"type": "LineString", "coordinates": [[73.09276702784487, 51.82596314771709], [73.07498125905263, 51.82918695524026]]}, "properties": {"source": "9686566", "target": "8671755"}}, {"type": "Feature", "geometry": {"type": "LineString", "coordinates": [[73.09276702784487, 51.82596314771709], [73.0270432411871, 51.83625634296784]]}, "properties": {"source": "9686566", "target": "10959898"}}, {"type": "Feature", "geometry": {"type": "LineString", "coordinates": [[73.07970920428943, 51.826991713706676], [73.09698806125618, 51.813036520978926]]}, "properties": {"source": "3985498", "target": "409799"}}, {"type": "Feature", "geometry": {"type": "LineString", "coordinates": [[73.03297566798247, 51.837908637468814], [73.01018617467662, 51.82293867183196]]}, "properties": {"source": "28487078", "target": "25686563"}}, {"type": "Feature", "geometry": {"type": "LineString", "coordinates": [[73.03297566798247, 51.837908637468814], [73.0433127296804, 51.81613972122784]]}, "properties": {"source": "28487078", "target": "28257615"}}, {"type": "Feature", "geometry": {"type": "LineString", "coordinates": [[73.03297566798247, 51.837908637468814], [73.08461638379183, 51.81566033776106]]}, "properties": {"source": "28487078", "target": "9565664"}}, {"type": "Feature", "geometry": {"type": "LineString", "coordinates": [[73.03297566798247, 51.837908637468814], [73.10011795667762, 51.81900463509788]]}, "properties": {"source": "28487078", "target": "27811355"}}, {"type": "Feature", "geometry": {"type": "LineString", "coordinates": [[73.03297566798247, 51.837908637468814], [73.04503676774377, 51.80897271303293]]}, "properties": {"source": "28487078", "target": "25393346"}}, {"type": "Feature", "geometry": {"type": "LineString", "coordinates": [[73.03297566798247, 51.837908637468814], [73.03283275343358, 51.831432105151805]]}, "properties": {"source": "28487078", "target": "28209631"}}, {"type": "Feature", "geometry": {"type": "LineString", "coordinates": [[73.08961324188945, 51.804569030114095], [73.05428121644451, 51.8149597151162]]}, "properties": {"source": "99486", "target": "9528055"}}, {"type": "Feature", "geometry": {"type": "LineString", "coordinates": [[73.08961324188945, 51.804569030114095], [73.09298844515072, 51.82370086453177]]}, "properties": {"source": "99486", "target": "9773348"}}, {"type": "Feature", "geometry": {"type": "LineString", "coordinates": [[73.08961324188945, 51.804569030114095], [73.01395305869332, 51.8146358532007]]}, "properties": {"source": "99486", "target": "99500"}}, {"type": "Feature", "geometry": {"type": "LineString", "coordinates": [[73.08961324188945, 51.804569030114095], [73.0329584130354, 51.827308374064955]]}, "properties": {"source": "99486", "target": "98107"}}, {"type": "Feature", "geometry": {"type": "LineString", "coordinates": [[73.03297566798247, 51.837908637468814], [73.00867255784269, 51.83205891295455]]}, "properties": {"source": "28487078", "target": "11516349"}}, {"type": "Feature", "geometry": {"type": "LineString", "coordinates": [[73.03490433995293, 51.83223355353499], [73.06839761177989, 51.80052778303396]]}, "properties": {"source": "34621234", "target": "8776687"}}, {"type": "Feature", "geometry": {"type": "LineString", "coordinates": [[73.03490433995293, 51.83223355353499], [73.07307960047171, 51.79990927165362]]}, "properties": {"source": "34621234", "target": "5536441"}}, {"type": "Feature", "geometry": {"type": "LineString", "coordinates": [[73.0861205903793, 51.808474170972175], [73.05921629993534, 51.82443166770574]]}, "properties": {"source": "1044175", "target": "99489"}}, {"type": "Feature", "geometry": {"type": "LineString", "coordinates": [[72.99924363629862, 51.819945807154895], [73.08735818527595, 51.834566994257116]]}, "properties": {"source": "16055839", "target": "13558183"}}, {"type": "Feature", "geometry": {"type": "LineString", "coordinates": [[73.06771703066619, 51.825298021141776], [73.08386560230625, 51.83784263863177]]}, "properties": {"source": "12153740", "target": "25748174"}}, {"type": "Feature", "geometry": {"type": "LineString", "coordinates": [[73.06771703066619, 51.825298021141776], [73.05582636002805, 51.81383738239829]]}, "properties": {"source": "12153740", "target": "18886985"}}, {"type": "Feature", "geometry": {"type": "LineString", "coordinates": [[73.06771703066619, 51.825298021141776], [73.02955092462133, 51.82461576656205]]}, "properties": {"source": "12153740", "target": "17571581"}}, {"type": "Feature", "geometry": {"type": "LineString", "coordinates": [[73.06771703066619, 51.825298021141776], [73.05763303166268, 51.825507413579416]]}, "properties": {"source": "12153740", "target": "18666212"}}, {"type": "Feature", "geometry": {"type": "LineString", "coordinates": [[73.06771703066619, 51.825298021141776], [73.09145886449141, 51.820543860455814]]}, "properties": {"source": "12153740", "target": "1082852"}}, {"type": "Feature", "geometry": {"type": "LineString", "coordinates": [[73.06771703066619, 51.825298021141776], [73.1028357793304, 51.81523331432933]]}, "properties": {"source": "12153740", "target": "17202179"}}, {"type": "Feature", "geometry": {"type": "LineString", "coordinates": [[73.08101775861275, 51.827418329888985], [73.04468897095438, 51.802729647644085]]}, "properties": {"source": "16010170", "target": "1763021"}}, {"type": "Feature", "geometry": {"type": "LineString", "coordinates": [[73.08101775861275, 51.827418329888985], [73.09922112779506, 51.82624126316499]]}, "properties": {"source": "16010170", "target": "13084814"}}, {"type": "Feature", "geometry": {"type": "LineString", "coordinates": [[73.08101775861275, 51.827418329888985], [73.01468730347923, 51.81800763510634]]}, "properties": {"source": "16010170", "target": "13084791"}}, {"type": "Feature", "geometry": {"type": "LineString", "coordinates": [[73.08101775861275, 51.827418329888985], [73.11133223589513, 51.826983571530846]]}, "properties": {"source": "16010170", "target": "13084774"}}, {"type": "Feature", "geometry": {"type": "LineString", "coordinates": [[73.08101775861275, 51.827418329888985], [73.05072667986136, 51.81890497153647]]}, "properties": {"source": "16010170", "target": "21950232"}}, {"type": "Feature", "geometry": {"type": "LineString", "coordinates": [[73.08101775861275, 51.827418329888985], [73.07769366945922, 51.8350706684014]]}, "properties": {"source": "16010170", "target": "13421156"}}, {"type": "Feature", "geometry": {"type": "LineString", "coordinates": [[73.09670332320607, 51.809065908838534], [73.05726132531692, 51.83718924305049]]}, "properties": {"source": "28508698", "target": "7430094"}}, {"type": "Feature", "geometry": {"type": "LineString", "coordinates": [[73.09670332320607, 51.809065908838534], [72.99777965034207, 51.83816137157264]]}, "properties": {"source": "28508698", "target": "28532228"}}, {"type": "Feature", "geometry": {"type": "LineString", "coordinates": [[73.09670332320607, 51.809065908838534], [73.01057096939886, 51.818852977319466]]}, "properties": {"source": "28508698", "target": "4416807"}}, {"type": "Feature", "geometry": {"type": "LineString", "coordinates": [[73.09670332320607, 51.809065908838534], [73.05792316815288, 51.81124898898355]]}, "properties": {"source": "28508698", "target": "6413631"}}, {"type": "Feature", "geometry": {"type": "LineString", "coordinates": [[73.09670332320607, 51.809065908838534], [73.01050774221301, 51.82946290756249]]}, "properties": {"source": "28508698", "target": "24073935"}}, {"type": "Feature", "geometry": {"type": "LineString", "coordinates": [[73.09670332320607, 51.809065908838534], [73.04692162818395, 51.83439627859306]]}, "properties": {"source": "28508698", "target": "13058984"}}, {"type": "Feature", "geometry": {"type": "LineString", "coordinates": [[73.09670332320607, 51.809065908838534], [73.05139817414431, 51.829760023638556]]}, "properties": {"source": "28508698", "target": "18620303"}}, {"type": "Feature", "geometry": {"type": "LineString", "coordinates": [[73.04793420723243, 51.82154350665108], [73.0463212721273, 51.8230340415452]]}, "properties": {"source": "18811755", "target": "20909943"}}, {"type": "Feature", "geometry": {"type": "LineString", "coordinates": [[73.04793420723243, 51.82154350665108], [73.07682656758973, 51.828907809093934]]}, "properties": {"source": "18811755", "target": "18484638"}}, {"type": "Feature", "geometry": {"type": "LineString", "coordinates": [[73.04793420723243, 51.82154350665108], [73.09934559144514, 51.80864387718022]]}, "properties": {"source": "18811755", "target": "12340431"}}, {"type": "Feature", "geometry": {"type": "LineString", "coordinates": [[73.04793420723243, 51.82154350665108], [73.10514576306724, 51.83298388949579]]}, "properties": {"source": "18811755", "target": "18712162"}}, {"type": "Feature", "geometry": {"type": "LineString", "coordinates": [[73.04793420723243, 51.82154350665108], [73.01032592544655, 51.83070993299239]]}, "properties": {"source": "18811755", "target": "13561213"}}, {"type": "Feature", "geometry": {"type": "LineString", "coordinates": [[73.04793420723243, 51.82154350665108], [73.08176464940624, 51.83776445099191]]}, "properties": {"source": "18811755", "target": "19380816"}}, {"type": "Feature", "geometry": {"type": "LineString", "coordinates": [[73.04793420723243, 51.82154350665108], [73.07571374832852, 51.80353320191824]]}, "properties": {"source": "18811755", "target": "16035763"}}, {"type": "Feature", "geometry": {"type": "LineString", "coordinates": [[73.04793420723243, 51.82154350665108], [73.05327013941988, 51.83143978711348]]}, "properties": {"source": "18811755", "target": "21529671"}}, {"type": "Feature", "geometry": {"type": "LineString", "coordinates": [[73.04793420723243, 51.82154350665108], [73.05590484775331, 51.816167718815734]]}, "properties": {"source": "18811755", "target": "12262425"}}, {"type": "Feature", "geometry": {"type": "LineString", "coordinates": [[73.05792316815288, 51.81124898898355], [73.07307960047171, 51.79990927165362]]}, "properties": {"source": "6413631", "target": "5536441"}}, {"type": "Feature", "geometry": {"type": "LineString", "coordinates": [[73.05792316815288, 51.81124898898355], [73.01050774221301, 51.82946290756249]]}, "properties": {"source": "6413631", "target": "24073935"}}, {"type": "Feature", "geometry": {"type": "LineString", "coordinates": [[73.05792316815288, 51.81124898898355], [73.09350720479708, 51.819546759276236]]}, "properties": {"source": "6413631", "target": "7872926"}}, {"type": "Feature", "geometry": {"type": "LineString", "coordinates": [[73.0008255470591, 51.800059700019105], [72.99915555906193, 51.81240163385719]]}, "properties": {"source": "30323463", "target": "22064268"}}, {"type": "Feature", "geometry": {"type": "LineString", "coordinates": [[73.01050774221301, 51.82946290756249], [73.09767913871943, 51.83103613304182]]}, "properties": {"source": "24073935", "target": "18581613"}}, {"type": "Feature", "geometry": {"type": "LineString", "coordinates": [[73.04067913987393, 51.79938009935343], [73.09606335917047, 51.83719680068519]]}, "properties": {"source": "30055560", "target": "7935023"}}, {"type": "Feature", "geometry": {"type": "LineString", "coordinates": [[73.04067913987393, 51.79938009935343], [72.99826636356761, 51.812223625480044]]}, "properties": {"source": "30055560", "target": "6568801"}}, {"type": "Feature", "geometry": {"type": "LineString", "coordinates": [[73.04067913987393, 51.79938009935343], [73.03813488309643, 51.79942724511214]]}, "properties": {"source": "30055560", "target": "7183286"}}, {"type": "Feature", "geometry": {"type": "LineString", "coordinates": [[73.04067913987393, 51.79938009935343], [73.0506294932838, 51.82404899834917]]}, "properties": {"source": "30055560", "target": "30323504"}}, {"type": "Feature", "geometry": {"type": "LineString", "coordinates": [[73.04067913987393, 51.79938009935343], [73.0680734794735, 51.821304469154214]]}, "properties": {"source": "30055560", "target": "25686515"}}, {"type": "Feature", "geometry": {"type": "LineString", "coordinates": [[73.04067913987393, 51.79938009935343], [73.0008255470591, 51.800059700019105]]}, "properties": {"source": "30055560", "target": "30323463"}}, {"type": "Feature", "geometry": {"type": "LineString", "coordinates": [[73.04067913987393, 51.79938009935343], [73.01018617467662, 51.82293867183196]]}, "properties": {"source": "30055560", "target": "25686563"}}, {"type": "Feature", "geometry": {"type": "LineString", "coordinates": [[73.04067913987393, 51.79938009935343], [73.0050938404257, 51.827560274796795]]}, "properties": {"source": "30055560", "target": "6365288"}}, {"type": "Feature", "geometry": {"type": "LineString", "coordinates": [[73.04067913987393, 51.79938009935343], [73.0729256426934, 51.83019372341842]]}, "properties": {"source": "30055560", "target": "29914911"}}, {"type": "Feature", "geometry": {"type": "LineString", "coordinates": [[73.04067913987393, 51.79938009935343], [73.03136419427275, 51.811610840701874]]}, "properties": {"source": "30055560", "target": "29242989"}}, {"type": "Feature", "geometry": {"type": "LineString", "coordinates": [[73.04067913987393, 51.79938009935343], [72.99714327720511, 51.83471859138719]]}, "properties": {"source": "30055560", "target": "32786483"}}, {"type": "Feature", "geometry": {"type": "LineString", "coordinates": [[73.03926886476142, 51.823590285154154], [73.00159926310991, 51.80257222581956]]}, "properties": {"source": "9151092", "target": "9416335"}}, {"type": "Feature", "geometry": {"type": "LineString", "coordinates": [[73.03926886476142, 51.823590285154154], [73.04578857618705, 51.83675191035725]]}, "properties": {"source": "9151092", "target": "9470092"}}, {"type": "Feature", "geometry": {"type": "LineString", "coordinates": [[73.02299373536988, 51.80130658902054], [73.09458576522661, 51.82871789673665]]}, "properties": {"source": "9508129", "target": "6607187"}}, {"type": "Feature", "geometry": {"type": "LineString", "coordinates": [[73.02299373536988, 51.80130658902054], [73.02566024032757, 51.83742900326938]]}, "properties": {"source": "9508129", "target": "7161183"}}, {"type": "Feature", "geometry": {"type": "LineString", "coordinates": [[73.02299373536988, 51.80130658902054], [73.07313364674789, 51.821121805189534]]}, "properties": {"source": "9508129", "target": "7161070"}}, {"type": "Feature", "geometry": {"type": "LineString", "coordinates": [[73.08386560230625, 51.83784263863177], [73.01698551204464, 51.80719272651939]]}, "properties": {"source": "25748174", "target": "29222561"}}, {"type": "Feature", "geometry": {"type": "LineString", "coordinates": [[73.08386560230625, 51.83784263863177], [73.00125679826556, 51.83581612640744]]}, "properties": {"source": "25748174", "target": "31570473"}}, {"type": "Feature", "geometry": {"type": "LineString", "coordinates": [[73.08386560230625, 51.83784263863177], [73.00481032825837, 51.83281518890732]]}, "properties": {"source": "25748174", "target": "25364850"}}, {"type": "Feature", "geometry": {"type": "LineString", "coordinates": [[73.07658931975945, 51.826406786091695], [73.02966332836951, 51.81309455822992]]}, "properties": {"source": "23441040", "target": "28480220"}}, {"type": "Feature", "geometry": {"type": "LineString", "coordinates": [[73.07658931975945, 51.826406786091695], [73.07970189928704, 51.813152319043084]]}, "properties": {"source": "23441040", "target": "20697757"}}, {"type": "Feature", "geometry": {"type": "LineString", "coordinates": [[73.07658931975945, 51.826406786091695], [73.074336107963, 51.83458200381999]]}, "properties": {"source": "23441040", "target": "26079540"}}, {"type": "Feature", "geometry": {"type": "LineString", "coordinates": [[73.07658931975945, 51.826406786091695], [73.10955250495857, 51.834201878434214]]}, "properties": {"source": "23441040", "target": "28078927"}}, {"type": "Feature", "geometry": {"type": "LineString", "coordinates": [[73.07658931975945, 51.826406786091695], [73.01758852745718, 51.802796035216204]]}, "properties": {"source": "23441040", "target": "21896601"}}, {"type": "Feature", "geometry": {"type": "LineString", "coordinates": [[73.07658931975945, 51.826406786091695], [73.0067986808562, 51.800137189305616]]}, "properties": {"source": "23441040", "target": "29394912"}}, {"type": "Feature", "geometry": {"type": "LineString", "coordinates": [[73.08386560230625, 51.83784263863177], [73.05669654677328, 51.81490631374871]]}, "properties": {"source": "25748174", "target": "24548177"}}, {"type": "Feature", "geometry": {"type": "LineString", "coordinates": [[73.07658931975945, 51.826406786091695], [73.0886520040685, 51.83644429148799]]}, "properties": {"source": "23441040", "target": "19185440"}}, {"type": "Feature", "geometry": {"type": "LineString", "coordinates": [[73.0244252921274, 51.808825293600236], [73.00247559729982, 51.80244757336936]]}, "properties": {"source": "6391108", "target": "6947879"}}, {"type": "Feature", "geometry": {"type": "LineString", "coordinates": [[73.0244252921274, 51.808825293600236], [73.07761090404338, 51.82950243412586]]}, "properties": {"source": "6391108", "target": "3765016"}}, {"type": "Feature", "geometry": {"type": "LineString", "coordinates": [[73.0244252921274, 51.808825293600236], [73.0329584130354, 51.827308374064955]]}, "properties": {"source": "6391108", "target": "98107"}}, {"type": "Feature", "geometry": {"type": "LineString", "coordinates": [[73.0244252921274, 51.808825293600236], [73.03926886476142, 51.823590285154154]]}, "properties": {"source": "6391108", "target": "9151092"}}, {"type": "Feature", "geometry": {"type": "LineString", "coordinates": [[73.0244252921274, 51.808825293600236], [73.05629481797544, 51.80742507444198]]}, "properties": {"source": "6391108", "target": "5463493"}}, {"type": "Feature", "geometry": {"type": "LineString", "coordinates": [[73.0244252921274, 51.808825293600236], [73.02131575740339, 51.838264031413544]]}, "properties": {"source": "6391108", "target": "9498888"}}, {"type": "Feature", "geometry": {"type": "LineString", "coordinates": [[73.0244252921274, 51.808825293600236], [73.02558742854015, 51.799711423892816]]}, "properties": {"source": "6391108", "target": "62354"}}, {"type": "Feature", "geometry": {"type": "LineString", "coordinates": [[73.0244252921274, 51.808825293600236], [73.03471803272839, 51.817924660251634]]}, "properties": {"source": "6391108", "target": "53695"}}, {"type": "Feature", "geometry": {"type": "LineString", "coordinates": [[73.0244252921274, 51.808825293600236], [73.09041661947407, 51.8154963797697]]}, "properties": {"source": "6391108", "target": "6897469"}}, {"type": "Feature", "geometry": {"type": "LineString", "coordinates": [[73.05669654677328, 51.81490631374871], [73.07000043049305, 51.8197590224201]]}, "properties": {"source": "24548177", "target": "34211699"}}, {"type": "Feature", "geometry": {"type": "LineString", "coordinates": [[73.05669654677328, 51.81490631374871], [73.01698551204464, 51.80719272651939]]}, "properties": {"source": "24548177", "target": "29222561"}}, {"type": "Feature", "geometry": {"type": "LineString", "coordinates": [[73.05669654677328, 51.81490631374871], [73.02690761309177, 51.83662616741729]]}, "properties": {"source": "24548177", "target": "23438061"}}, {"type": "Feature", "geometry": {"type": "LineString", "coordinates": [[73.05669654677328, 51.81490631374871], [73.05827810818337, 51.83273909470246]]}, "properties": {"source": "24548177", "target": "4955780"}}, {"type": "Feature", "geometry": {"type": "LineString", "coordinates": [[73.05669654677328, 51.81490631374871], [73.00481032825837, 51.83281518890732]]}, "properties": {"source": "24548177", "target": "25364850"}}, {"type": "Feature", "geometry": {"type": "LineString", "coordinates": [[73.05669654677328, 51.81490631374871], [73.08997724332383, 51.83106666120439]]}, "properties": {"source": "24548177", "target": "2480358"}}, {"type": "Feature", "geometry": {"type": "LineString", "coordinates": [[73.0244252921274, 51.808825293600236], [73.10588672130152, 51.82425475452308]]}, "properties": {"source": "6391108", "target": "375586"}}, {"type": "Feature", "geometry": {"type": "LineString", "coordinates": [[73.08955972594137, 51.81407721093653], [73.09752519426658, 51.8313978964259]]}, "properties": {"source": "8719673", "target": "866119"}}, {"type": "Feature", "geometry": {"type": "LineString", "coordinates": [[73.07658931975945, 51.826406786091695], [73.03900324642973, 51.82112298303181]]}, "properties": {"source": "23441040", "target": "20898763"}}, {"type": "Feature", "geometry": {"type": "LineString", "coordinates": [[73.07658931975945, 51.826406786091695], [73.05012969108523, 51.83000206991187]]}, "properties": {"source": "23441040", "target": "27238087"}}, {"type": "Feature", "geometry": {"type": "LineString", "coordinates": [[73.07658931975945, 51.826406786091695], [73.05875833381182, 51.82723635386631]]}, "properties": {"source": "23441040", "target": "17798537"}}, {"type": "Feature", "geometry": {"type": "LineString", "coordinates": [[73.0587936694125, 51.81884470995911], [73.03900324642973, 51.82112298303181]]}, "properties": {"source": "28869958", "target": "20898763"}}, {"type": "Feature", "geometry": {"type": "LineString", "coordinates": [[73.0587936694125, 51.81884470995911], [73.05012969108523, 51.83000206991187]]}, "properties": {"source": "28869958", "target": "27238087"}}, {"type": "Feature", "geometry": {"type": "LineString", "coordinates": [[73.0587936694125, 51.81884470995911], [73.02966332836951, 51.81309455822992]]}, "properties": {"source": "28869958", "target": "28480220"}}, {"type": "Feature", "geometry": {"type": "LineString", "coordinates": [[73.0587936694125, 51.81884470995911], [73.074336107963, 51.83458200381999]]}, "properties": {"source": "28869958", "target": "26079540"}}, {"type": "Feature", "geometry": {"type": "LineString", "coordinates": [[73.0587936694125, 51.81884470995911], [73.10955250495857, 51.834201878434214]]}, "properties": {"source": "28869958", "target": "28078927"}}, {"type": "Feature", "geometry": {"type": "LineString", "coordinates": [[73.0587936694125, 51.81884470995911], [73.0067986808562, 51.800137189305616]]}, "properties": {"source": "28869958", "target": "29394912"}}, {"type": "Feature", "geometry": {"type": "LineString", "coordinates": [[73.0587936694125, 51.81884470995911], [73.09344360773568, 51.79953713384505]]}, "properties": {"source": "28869958", "target": "27397457"}}, {"type": "Feature", "geometry": {"type": "LineString", "coordinates": [[73.0587936694125, 51.81884470995911], [73.07807791282042, 51.820922147119106]]}, "properties": {"source": "28869958", "target": "9152130"}}, {"type": "Feature", "geometry": {"type": "LineString", "coordinates": [[73.0587936694125, 51.81884470995911], [73.00518483658988, 51.81718506780054]]}, "properties": {"source": "28869958", "target": "8561940"}}, {"type": "Feature", "geometry": {"type": "LineString", "coordinates": [[73.11017094740515, 51.82047613254791], [72.9964994362229, 51.817686115654524]]}, "properties": {"source": "8274551", "target": "948304"}}, {"type": "Feature", "geometry": {"type": "LineString", "coordinates": [[73.11017094740515, 51.82047613254791], [73.09276702784487, 51.82596314771709]]}, "properties": {"source": "8274551", "target": "9686566"}}, {"type": "Feature", "geometry": {"type": "LineString", "coordinates": [[73.07658931975945, 51.826406786091695], [73.01829587474197, 51.803461091562056]]}, "properties": {"source": "23441040", "target": "20617777"}}, {"type": "Feature", "geometry": {"type": "LineString", "coordinates": [[73.06281323869752, 51.837934428555414], [73.07571374832852, 51.80353320191824]]}, "properties": {"source": "18250374", "target": "16035763"}}, {"type": "Feature", "geometry": {"type": "LineString", "coordinates": [[73.06281323869752, 51.837934428555414], [73.08019195920997, 51.82838011652339]]}, "properties": {"source": "18250374", "target": "15724912"}}, {"type": "Feature", "geometry": {"type": "LineString", "coordinates": [[73.06281323869752, 51.837934428555414], [73.05808925154687, 51.828030219811794]]}, "properties": {"source": "18250374", "target": "23146400"}}, {"type": "Feature", "geometry": {"type": "LineString", "coordinates": [[73.02776698499349, 51.81229487436333], [73.0463212721273, 51.8230340415452]]}, "properties": {"source": "24323350", "target": "20909943"}}, {"type": "Feature", "geometry": {"type": "LineString", "coordinates": [[73.02776698499349, 51.81229487436333], [73.07765286005198, 51.819333403093665]]}, "properties": {"source": "24323350", "target": "2637133"}}, {"type": "Feature", "geometry": {"type": "LineString", "coordinates": [[73.02776698499349, 51.81229487436333], [73.05327013941988, 51.83143978711348]]}, "properties": {"source": "24323350", "target": "21529671"}}, {"type": "Feature", "geometry": {"type": "LineString", "coordinates": [[73.02776698499349, 51.81229487436333], [73.04772736768905, 51.81826957436053]]}, "properties": {"source": "24323350", "target": "30302325"}}, {"type": "Feature", "geometry": {"type": "LineString", "coordinates": [[73.02776698499349, 51.81229487436333], [73.0747549259656, 51.80519348741785]]}, "properties": {"source": "24323350", "target": "29586537"}}, {"type": "Feature", "geometry": {"type": "LineString", "coordinates": [[73.02776698499349, 51.81229487436333], [73.01007556408405, 51.80183258790909]]}, "properties": {"source": "24323350", "target": "24617436"}}, {"type": "Feature", "geometry": {"type": "LineString", "coordinates": [[73.04181892312442, 51.80774404265658], [73.04177548243217, 51.83415535007788]]}, "properties": {"source": "30323513", "target": "30323481"}}, {"type": "Feature", "geometry": {"type": "LineString", "coordinates": [[73.04181892312442, 51.80774404265658], [73.0008255470591, 51.800059700019105]]}, "properties": {"source": "30323513", "target": "30323463"}}, {"type": "Feature", "geometry": {"type": "LineString", "coordinates": [[73.04181892312442, 51.80774404265658], [73.0059044264994, 51.835182214354504]]}, "properties": {"source": "30323513", "target": "28097635"}}, {"type": "Feature", "geometry": {"type": "LineString", "coordinates": [[73.04181892312442, 51.80774404265658], [73.05958198676791, 51.82596775409871]]}, "properties": {"source": "30323513", "target": "29918516"}}, {"type": "Feature", "geometry": {"type": "LineString", "coordinates": [[73.04181892312442, 51.80774404265658], [73.00349898309744, 51.816560318447074]]}, "properties": {"source": "30323513", "target": "21841705"}}, {"type": "Feature", "geometry": {"type": "LineString", "coordinates": [[73.04181892312442, 51.80774404265658], [73.0655164673266, 51.82490220201761]]}, "properties": {"source": "30323513", "target": "18462558"}}, {"type": "Feature", "geometry": {"type": "LineString", "coordinates": [[73.02776698499349, 51.81229487436333], [73.10745333605189, 51.814853817414644]]}, "properties": {"source": "24323350", "target": "29436482"}}, {"type": "Feature", "geometry": {"type": "LineString", "coordinates": [[73.09238682773261, 51.82305637781792], [73.08961324188945, 51.804569030114095]]}, "properties": {"source": "866421", "target": "99486"}}, {"type": "Feature", "geometry": {"type": "LineString", "coordinates": [[73.09238682773261, 51.82305637781792], [73.02161986975509, 51.813890018874616]]}, "properties": {"source": "866421", "target": "99523"}}, {"type": "Feature", "geometry": {"type": "LineString", "coordinates": [[73.09238682773261, 51.82305637781792], [73.08055178085093, 51.80953361619241]]}, "properties": {"source": "866421", "target": "99499"}}, {"type": "Feature", "geometry": {"type": "LineString", "coordinates": [[73.04324915525186, 51.818974902248755], [73.00857774861899, 51.835213841274935]]}, "properties": {"source": "1111759", "target": "18039782"}}, {"type": "Feature", "geometry": {"type": "LineString", "coordinates": [[73.04324915525186, 51.818974902248755], [73.08735818527595, 51.834566994257116]]}, "properties": {"source": "1111759", "target": "13558183"}}, {"type": "Feature", "geometry": {"type": "LineString", "coordinates": [[73.08685371408913, 51.80510232405115], [73.0910396015635, 51.814327952694]]}, "properties": {"source": "2881122", "target": "2488539"}}, {"type": "Feature", "geometry": {"type": "LineString", "coordinates": [[73.08685371408913, 51.80510232405115], [73.08510520282815, 51.826613418537065]]}, "properties": {"source": "2881122", "target": "30226963"}}, {"type": "Feature", "geometry": {"type": "LineString", "coordinates": [[73.01256811972141, 51.82260902094943], [73.0282153061462, 51.81186700652556]]}, "properties": {"source": "17395242", "target": "17727347"}}, {"type": "Feature", "geometry": {"type": "LineString", "coordinates": [[73.01126786972824, 51.821428990583755], [73.09458576522661, 51.82871789673665]]}, "properties": {"source": "13181383", "target": "6607187"}}, {"type": "Feature", "geometry": {"type": "LineString", "coordinates": [[73.01126786972824, 51.821428990583755], [73.03818449510305, 51.80564969675984]]}, "properties": {"source": "13181383", "target": "6227167"}}, {"type": "Feature", "geometry": {"type": "LineString", "coordinates": [[73.07208669434277, 51.81344148676982], [73.07801443871165, 51.834206837461636]]}, "properties": {"source": "15842076", "target": "30356647"}}, {"type": "Feature", "geometry": {"type": "LineString", "coordinates": [[73.07208669434277, 51.81344148676982], [73.00294198997256, 51.82654478351698]]}, "properties": {"source": "15842076", "target": "30356671"}}, {"type": "Feature", "geometry": {"type": "LineString", "coordinates": [[73.1077299108558, 51.819501217644685], [73.07571374832852, 51.80353320191824]]}, "properties": {"source": "6389111", "target": "16035763"}}, {"type": "Feature", "geometry": {"type": "LineString", "coordinates": [[73.1077299108558, 51.819501217644685], [73.0897056294911, 51.83207138603687]]}, "properties": {"source": "6389111", "target": "3987998"}}, {"type": "Feature", "geometry": {"type": "LineString", "coordinates": [[73.09937601738793, 51.827708121001294], [73.01050774221301, 51.82946290756249]]}, "properties": {"source": "18758179", "target": "24073935"}}, {"type": "Feature", "geometry": {"type": "LineString", "coordinates": [[73.04235241724695, 51.812845159899425], [73.01256811972141, 51.82260902094943]]}, "properties": {"source": "11080270", "target": "17395242"}}, {"type": "Feature", "geometry": {"type": "LineString", "coordinates": [[73.0952718317553, 51.80624219493454], [73.00643076818838, 51.82805547003923]]}, "properties": {"source": "20564674", "target": "1875996"}}, {"type": "Feature", "geometry": {"type": "LineString", "coordinates": [[73.0952718317553, 51.80624219493454], [73.0960620793548, 51.81837710750237]]}, "properties": {"source": "20564674", "target": "24894002"}}, {"type": "Feature", "geometry": {"type": "LineString", "coordinates": [[73.0952718317553, 51.80624219493454], [73.02993944104395, 51.836132503154616]]}, "properties": {"source": "20564674", "target": "17619694"}}, {"type": "Feature", "geometry": {"type": "LineString", "coordinates": [[73.0952718317553, 51.80624219493454], [73.04810636465334, 51.81558411751152]]}, "properties": {"source": "20564674", "target": "18373426"}}, {"type": "Feature", "geometry": {"type": "LineString", "coordinates": [[73.0952718317553, 51.80624219493454], [73.04520500369335, 51.823963527539874]]}, "properties": {"source": "20564674", "target": "20331677"}}, {"type": "Feature", "geometry": {"type": "LineString", "coordinates": [[73.0952718317553, 51.80624219493454], [73.0655164673266, 51.82490220201761]]}, "properties": {"source": "20564674", "target": "18462558"}}, {"type": "Feature", "geometry": {"type": "LineString", "coordinates": [[73.0506294932838, 51.82404899834917], [73.04177548243217, 51.83415535007788]]}, "properties": {"source": "30323504", "target": "30323481"}}, {"type": "Feature", "geometry": {"type": "LineString", "coordinates": [[73.0506294932838, 51.82404899834917], [73.0008255470591, 51.800059700019105]]}, "properties": {"source": "30323504", "target": "30323463"}}, {"type": "Feature", "geometry": {"type": "LineString", "coordinates": [[73.0506294932838, 51.82404899834917], [73.0655958688865, 51.805534328073264]]}, "properties": {"source": "30323504", "target": "22319999"}}, {"type": "Feature", "geometry": {"type": "LineString", "coordinates": [[73.0506294932838, 51.82404899834917], [73.01018617467662, 51.82293867183196]]}, "properties": {"source": "30323504", "target": "25686563"}}, {"type": "Feature", "geometry": {"type": "LineString", "coordinates": [[73.0506294932838, 51.82404899834917], [73.09292180447827, 51.835927827873064]]}, "properties": {"source": "30323504", "target": "22064295"}}, {"type": "Feature", "geometry": {"type": "LineString", "coordinates": [[73.0506294932838, 51.82404899834917], [73.10011795667762, 51.81900463509788]]}, "properties": {"source": "30323504", "target": "27811355"}}, {"type": "Feature", "geometry": {"type": "LineString", "coordinates": [[73.0506294932838, 51.82404899834917], [73.01402131889196, 51.82502975079424]]}, "properties": {"source": "30323504", "target": "28218608"}}, {"type": "Feature", "geometry": {"type": "LineString", "coordinates": [[73.0952718317553, 51.80624219493454], [73.05561589575632, 51.82258280721955]]}, "properties": {"source": "20564674", "target": "1896120"}}, {"type": "Feature", "geometry": {"type": "LineString", "coordinates": [[73.0506294932838, 51.82404899834917], [72.99714327720511, 51.83471859138719]]}, "properties": {"source": "30323504", "target": "32786483"}}, {"type": "Feature", "geometry": {"type": "LineString", "coordinates": [[73.0506294932838, 51.82404899834917], [73.04181892312442, 51.80774404265658]]}, "properties": {"source": "30323504", "target": "30323513"}}, {"type": "Feature", "geometry": {"type": "LineString", "coordinates": [[73.08961324188945, 51.804569030114095], [73.02161986975509, 51.813890018874616]]}, "properties": {"source": "99486", "target": "99523"}}, {"type": "Feature", "geometry": {"type": "LineString", "coordinates": [[73.08961324188945, 51.804569030114095], [73.08055178085093, 51.80953361619241]]}, "properties": {"source": "99486", "target": "99499"}}, {"type": "Feature", "geometry": {"type": "LineString", "coordinates": [[73.08961324188945, 51.804569030114095], [73.05921629993534, 51.82443166770574]]}, "properties": {"source": "99486", "target": "99489"}}, {"type": "Feature", "geometry": {"type": "LineString", "coordinates": [[73.0886520040685, 51.83644429148799], [73.07807791282042, 51.820922147119106]]}, "properties": {"source": "19185440", "target": "9152130"}}, {"type": "Feature", "geometry": {"type": "LineString", "coordinates": [[73.0886520040685, 51.83644429148799], [73.07706625181285, 51.83877876228483]]}, "properties": {"source": "19185440", "target": "15217490"}}, {"type": "Feature", "geometry": {"type": "LineString", "coordinates": [[73.03013136306302, 51.79969916050456], [73.03900324642973, 51.82112298303181]]}, "properties": {"source": "21899414", "target": "20898763"}}, {"type": "Feature", "geometry": {"type": "LineString", "coordinates": [[73.03013136306302, 51.79969916050456], [73.07970189928704, 51.813152319043084]]}, "properties": {"source": "21899414", "target": "20697757"}}, {"type": "Feature", "geometry": {"type": "LineString", "coordinates": [[73.03013136306302, 51.79969916050456], [73.05883186758504, 51.82703305086815]]}, "properties": {"source": "21899414", "target": "19006037"}}, {"type": "Feature", "geometry": {"type": "LineString", "coordinates": [[73.03013136306302, 51.79969916050456], [73.1135546457881, 51.8065835849349]]}, "properties": {"source": "21899414", "target": "19084959"}}, {"type": "Feature", "geometry": {"type": "LineString", "coordinates": [[73.03013136306302, 51.79969916050456], [73.04247086260898, 51.80851385598244]]}, "properties": {"source": "21899414", "target": "23248866"}}, {"type": "Feature", "geometry": {"type": "LineString", "coordinates": [[73.03013136306302, 51.79969916050456], [73.01587020212907, 51.82973546330399]]}, "properties": {"source": "21899414", "target": "18624184"}}, {"type": "Feature", "geometry": {"type": "LineString", "coordinates": [[73.03013136306302, 51.79969916050456], [73.01758852745718, 51.802796035216204]]}, "properties": {"source": "21899414", "target": "21896601"}}, {"type": "Feature", "geometry": {"type": "LineString", "coordinates": [[73.03013136306302, 51.79969916050456], [73.01389782401219, 51.81030068032091]]}, "properties": {"source": "21899414", "target": "22038044"}}, {"type": "Feature", "geometry": {"type": "LineString", "coordinates": [[73.03013136306302, 51.79969916050456], [73.09638580627347, 51.80980818886319]]}, "properties": {"source": "21899414", "target": "18191372"}}, {"type": "Feature", "geometry": {"type": "LineString", "coordinates": [[73.03013136306302, 51.79969916050456], [73.0886520040685, 51.83644429148799]]}, "properties": {"source": "21899414", "target": "19185440"}}, {"type": "Feature", "geometry": {"type": "LineString", "coordinates": [[73.03013136306302, 51.79969916050456], [73.01829587474197, 51.803461091562056]]}, "properties": {"source": "21899414", "target": "20617777"}}]}